period,network,station,name,x,y
after_2007,0003,F009980,Estanys de Banyoles - 045040100,480010,4663228
after_2007,0003,F016182,Pantà de l'Arrós - H230002000,290392,4613323
after_2007,0003,F016183,Utxesa - H230003001,293081,4598472
after_2007,0003,F016184,Utxesa - H230003000,293266,4595237
after_2007,0003,F016185,Ullals de la Carrova - H240002000,293606,4513276
after_2007,0003,F016189,Delta de l'Ebre-Erms de Casablanca o Vilacoto - H240014000,298715,4501535
after_2007,0003,F016190,Delta de l'Ebre-Ullals de l'Arispe i Baltasar - H240015001,296797,4505049
after_2007,0003,F016191,Delta de l'Ebre-L'Encanyissada - H240013000,300447,4501819
after_2007,0003,F016193,Delta de l'Ebre-Punta de la Banya - H240011000,303369,4495914
after_2007,0003,F016194,Delta de l'Ebre-El Clot - H240012000,304379,4503557
after_2007,0003,F016195,Delta de l'Ebre-les Olles - H240003000,306597,4517564
after_2007,0003,F016196,Delta de l'Ebre-La Tancada - H240010000,307262,4502581
after_2007,0003,F016198,Delta de l'Ebre-Riet Vell - H240009000,311999,4503634
after_2007,0003,F016199,Herbassars de Castelldans - H230006000,311954,4596217
after_2007,0003,F016200,Desembocadura del torrent de Santes Creus - H194403000,312970,4525877
after_2007,0003,F016201,Delta de l'Ebre-El Canal Vell - H240004000,313236,4512726
after_2007,0003,F016202,Delta de l'Ebre-La Platjola - H240008000,313275,4503560
after_2007,0003,F016204,Desembocadura del torrent de l'Estany - H194402000,313826,4526816
after_2007,0003,F016205,Desembocadura del torrent del Pi - H194401000,316541,4529943
after_2007,0003,F016206,Delta de l'Ebre-L'Alfacada - H240007000,316900,4505233
after_2007,0003,F016207,Delta de l'Ebre-El Garxal - H240005000,318953,4510222
after_2007,0003,F016208,Delta de l'Ebre-Illa de Buda - H240006001,319432,4509121
after_2007,0003,F016209,Delta de l'Ebre-Illa de Buda - H240006000,319574,4507523
after_2007,0003,F016210,Desembocadura del riu Llastres - H191301000,325987,4539942
after_2007,0003,F016212,Estany d'Ivars i Vila-sana - H230005000,329168,4616525
after_2007,0003,F016213,Sèquia Major - H190001000,346879,4549250
after_2007,0003,F016214,Basses de Sió - H230004000,350306,4621862
after_2007,0003,F016215,Desembocadura del riu Gaià - H101501000,362829,4554900
after_2007,0003,F016216,Platja de Torredembarra - H183301000,368784,4557163
after_2007,0003,F016217,Delta del Llobregat-Estany de la Murtra - H180002000,419713,4569594
after_2007,0003,F016218,Delta del Llobregat-El Remolar-Filipines-Pas Vaques - H178906001,421246,4570763
after_2007,0003,F016219,Delta del Llobregat-Riera de Sant Climent - H180001000,421436,4570049
after_2007,0003,F016220,Delta del Llobregat-El Remolar-Filipines-Pas Vaques - H178906000,422266,4570283
after_2007,0003,F016221,Delta del Llobregat-La Roberta - H178905000,423345,4570476
after_2007,0003,F016222,Delta del Llobregat-Estany de la Ricarda - H178904000,425762,4571603
after_2007,0003,F016223,Delta del Llobregat - La Magarola - H178903000,426154,4571705
after_2007,0003,F016224,Delta de Llobregat-Cal Tet - H178902000,426562,4572694
after_2007,0003,F016225,Delta de Llobregat-Ca l'Arana - H178901000,427070,4572706
after_2007,0003,F016226,Basses d'en Broc i Aiguamoixos de la Déu Vella - H104005000,457684,4668278
after_2007,0003,F016227,Basses de Can Jordà - H104006000,459280,4665966
after_2007,0003,F016228,Estanyols de la Vall de Sant Miquel de Campmajor-Estanyols temporanis petits - H104003000,473478,4664131
after_2007,0003,F016229,Estanyols de la Vall de Sant Miquel de Campmajor - H104004000,473716,4663066
after_2007,0003,F016230,Estany de Bancells - H105002000,474867,4621612
after_2007,0003,F016231,Estanys de Tordera-Estany de Can Torrent - H105006000,475258,4616435
after_2007,0003,F016232,Estanys de Tordera-Estany de la Júlia - H105003000,475311,4618678
after_2007,0003,F016233,Estanys de Tordera-Braç esquerre de l'illa del Tordera - H105004000,475842,4617296
after_2007,0003,F016234,Estanys de Tordera-Estany de Can Raba - H105005000,476940,4617485
after_2007,0003,F016235,Estany de Sils - H105001000,478631,4627820
after_2007,0003,F016236,Clot d'Espolla-Platja d'Espolla - H104002000,480693,4666475
after_2007,0003,F016237,Desembocadura del riu Tordera - H105007000,481386,4611198
after_2007,0003,F016238,Estanyols de Mas Margall - H103005000,492353,4677498
after_2007,0003,F016239,Estanys de les Alberes-Estanys de Canadal - H103001001,492052,4694301
after_2007,0003,F016240,Estanys de les Alberes-Estanys de Canadal - H103001000,492581,4693746
after_2007,0003,F016241,Estanys de les Alberes-Estanys de Cantallops - H103002000,494139,4693988
after_2007,0003,F016242,Estanys dels Tórlits - H103004000,495931,4690868
after_2007,0003,F016243,Estanys dels Tórlits - H103004001,496618,4691863
after_2007,0003,F016244,Estanys de Gutina - H103003000,498332,4693849
after_2007,0003,F016245,Aiguamolls de l'Alt Empordà-Meandres del riu Fluvià - H104001000,506864,4669601
after_2007,0003,F016246,Aiguamolls de l'Alt Empordà-Estany del Cortalet - H103010000,507909,4674620
after_2007,0003,F016247,Aiguamolls de l'Alt Empordà-Riu Vell - H160001000,508751,4666210
after_2007,0003,F016248,Aiguamolls de l'Alt Empordà-La Massona i la Llarga - H103009000,508755,4673041
after_2007,0003,F016249,Aiguamolls de l'Alt Empordà - La Llarga - H103008000,508821,4673354
after_2007,0003,F016250,Aiguamolls de l'Alt Empordà-La Rogera - H103007001,508957,4674575
after_2007,0003,F016251,Aiguamolls de l'Alt Empordà-Est.de Vilaüt-Bassa Rodona - H100201000,509065,4681823
after_2007,0003,F016252,Aiguamolls de l'Alt Empordà-La Rogera - H103007000,509367,4674385
after_2007,0003,F016253,Aiguamolls de l'Alt Empordà-Estany d'en Túries - H103006000,509405,4675999
after_2007,0003,F016254,Aiguamolls de l'Alt Empordà-Estany del Tec - H100204000,510377,4679157
after_2007,0003,F016255,Aiguamolls de l'Alt Empordà-Estany d'Aigua Clara - H100203000,510382,4679743
after_2007,0003,F016256,Aiguamolls de l'Alt Empordà-Estany de Palau de Baix - H100202000,510610,4680423
after_2007,0003,F016257,Aiguamolls de l'Alt Empordà - Aiguamolls de la Rubina nord - H100205000,511907,4678745
after_2007,0003,F016258,Platja Castell - H161801000,512894,4634747
after_2007,0003,F016259,Estanyets de Pals - H100601000,513424,4649229
after_2007,0003,F016260,Aiguamolls del Baix Empordà-Bassa del Frare Ramon - H110003000,515751,4653027
after_2007,0003,F016261,Aiguamolls del Baix Empordà-Basses d'en Coll - H100602000,515980,4650235
after_2007,0003,F016262,Sorrals de Can Pomac - H150002000,516004,4681816
after_2007,0003,F016263,Aiguamolls del Baix Empordà-El Ter Vell - H110002000,516125,4654864
after_2007,0003,F016264,Aiguamolls del Baix Empordà-El Ter Vell - H110002001,516163,4655069
after_2007,0003,F016265,Estanyols del Pla dels Estanyets - H150001000,524939,4685184
after_2007,0003,F016268,Delta de l'Ebre-Ullals de l'Arispe i Baltasar - H240015000,296630,4505713
after_2007,0003,F021074,Estany de Basturs - 136160000,336495,4667760
after_2007,0003,F021075,Estany de Montcortès - 139160000,334919,4688704
after_2007,0003,F024866,Delta de l'Ebre-L'Alfacada - H240007001,318641,4506009
after_2007,0003,F024867,Delta de l'Ebre-L'Alfacada - H240007002,318026,4506349
after_2007,0003,F046151,N/D - H240016000,320219,4510017
after_2007,0004,F006171,Portbou - Llançà - 02 (17 092 B01),513200,4691025
after_2007,0004,F006172,Badia de Cadaqués - 03 (17 032 A01),522948,4681850
after_2007,0004,F006173,Roses - Castelló d'Empúries - 04 (17 152 D01),514083,4679152
after_2007,0004,F006174,Roses - Castelló d'Empúries - 05 (17 047 C01),510445,4676153
after_2007,0004,F006179,Sant Pere Pescador - Fluvià - 07 (17 178 A01),509169,4670749
after_2007,0004,F006187,Torroella de Montgrí - el Ter - 11 (17 199 C01),516134,4651809
after_2007,0004,F006189,Begur - Blanes - 13 (17 118 C01),511870,4633923
after_2007,0004,F006191,Begur - Blanes - 15 (17 048 A02),505529,4628514
after_2007,0004,F006195,Begur - Blanes - 18 (17 023 B01),482793,4613542
after_2007,0004,F006196,Blanes - Pineda de Mar - 19 (17 023 C03),482550,4613245
after_2007,0004,F006199,Blanes - Pineda de Mar - 21 (08 110 A01),481358,4610894
after_2007,0004,F006200,Els Alfacs - 61 (43 136 C01),296358,4498651
after_2007,0004,F006201,Blanes - Pineda de Mar - 22 (08 163 C01),474323,4607756
after_2007,0004,F006203,Pineda de Mar - Mataró - 23 (08 035 A01),472003,4606805
after_2007,0004,F006204,Pineda de Mar - Mataró - 24 (08 006 A01),463923,4603284
after_2007,0004,F006205,Pineda de Mar - Mataró - 25 (08 121 C01),454627,4598705
after_2007,0004,F006206,Mataró - Montgat - R26 (08 121 R04),451942,4596560
after_2007,0004,F006209,Mataró - Montgat - 29 (08 118 A02),443117,4591922
after_2007,0004,F006210,Montgat - Badalona - 30 (08 015 C01),437456,4588602
after_2007,0004,F006211,Sant Adrià de Besòs - Barceloneta - 31 (08 194 A01),436017,4585872
after_2007,0004,F006214,Sant Adrià de Besòs - Barceloneta - 33 (08 194 B01),435826,4585300
after_2007,0004,F006215,Sant Adrià de Besòs - Barceloneta - 34 (08 019 B01),434205,4583326
after_2007,0004,F006216,Barceloneta - Zona II Port Barcelona - 35 (08 019 E01),432806,4581675
after_2007,0004,F006220,El Prat de Llobregat - Castelldefels - 38 (08 301 A01),421792,4569708
after_2007,0004,F006221,El Prat de Llobregat - Castelldefels - 39 (08 089 A01),419828,4569146
after_2007,0004,F006222,El Prat de Llobregat - Castelldefels - 40 (08 056 A03),413261,4568569
after_2007,0004,F006223,Sitges - 41 (08 270 E01),400092,4565439
after_2007,0004,F006224,Vilanova i la Geltrú - 42 (08 307 B01),393105,4563068
after_2007,0004,F006227,Cubelles - Altafulla  - 66 (08 074 C01),387389,4561382
after_2007,0004,F006228,Cubelles - Altafulla  - 45 (43 163 B02),375766,4559630
after_2007,0004,F006229,Cubelles - Altafulla  - 46 (43 153 C01),366850,4555876
after_2007,0004,F006231,Tarragona Nord - 48 (43 148 C02),357628,4554422
after_2007,0004,F006232,Tarragona - Vila-seca - 49 (43 148 F01),354099,4552889
after_2007,0004,F006235,Tarragona - Vila-seca - 51 (43 171 B01),347558,4549176
after_2007,0004,F006236,Salou - Cambrils - 52 (43 905 E01),343832,4548495
after_2007,0004,F006237,Cambrils - Mont-roig del Camp - 53 (43 038 C01),337760,4547861
after_2007,0004,F006238,Vandellós i l'Hospitalet de l'Infant - 54 (43 162 B01),324684,4539466
after_2007,0004,F006239,L'Ametlla de Mar - 55 (43 013 E01),315130,4528265
after_2007,0004,F006240,El Fangar - 56 (43 906 C01),306042,4518875
after_2007,0004,F006241,Delta Nord - 57 (43 901 C01),317003,4511269
after_2007,0004,F006244,Delta Sud - 59 (43 136 G01),307370,4497351
after_2007,0004,F006245,Els Alfacs - 60 (43 136 H01),307227,4497466
after_2007,0004,F006246,Begur - Blanes - R03 (17 117 R01),516838,4637856
after_2007,0004,F006247,Begur - Blanes - R04 (17 202 R01),494928,4618887
after_2007,0004,F006249,Cap de Salou - R06 (43 905 R01),345767,4546574
after_2007,0004,F006250,L'Ametlla de Mar - R07 (43 013 R01),311371,4524125
after_2007,0004,F006270,Begur - Blanes - R28 (17 095 R01),486978,4615950
after_2007,0004,F006272,Cap de Creus - R09 (17 032 R02),525747,4685093
after_2007,0004,F006273,Cap Norfeu - R10 (17 152 R02),518715,4677496
after_2007,0004,F006274,Canyelles - R11 (17 152 R01),516294,4676977
after_2007,0004,F006275,Montgrí  - R12 (17 062 R01),513800,4662368
after_2007,0004,F006276,Pals - Sa Riera - 69 (17 124 B01),516558,4649405
after_2007,0004,F006283,Tarragona Nord - R18 (43 148 R01),360983,4553968
after_2007,0004,F006285,Vandellós i l'Hospitalet de l'Infant - 71 (43 092 G01),327421,4542120
after_2007,0004,F006286,L'Ametlla de Mar - R20 (43 013 R02),316616,4529922
after_2007,0004,F006288,L'Ametlla de Mar - R22 (43 104 R01),309725,4522739
after_2007,0004,F006289,Alcanar - 72 (43 004 C01),290377,4491207
after_2007,0004,F006290,Torroella de Montgrí - el Ter - 68 (17 199 B03),516241,4654366
after_2007,0004,F006291,Vilanova i la Geltrú - R23 (08 307 R01),391752,4562695
after_2007,0004,F006305,Begur - Blanes - 73 (17 181 C01),498393,4623076
after_2007,0004,F006306,Badia de El Port de la Selva - 75 (17 140 A01),516659,4687110
after_2007,0004,F006307,Portbou - Llançà - R24 (17 054 R01),513142,4692978
after_2007,0004,F006309,Pineda de Mar - Mataró - R25 (08 197 R01),457579,4600173
after_2007,0004,F006310,Sitges - 77 (08 270 B01),408221,4567550
after_2007,0004,F006311,El Fangar - 78 (43 901 F01),312917,4515859
after_2007,0004,F006312,Delta Nord - 79 (43 901 A02),314174,4514650
after_2007,0004,F006313,Els Alfacs - 80 (43 136 F01),302028,4499958
after_2007,0004,F006314,Begur - Blanes - 81 (17 013 C01),519043,4645409
after_2007,0004,F006315,Llobregat - 82 (08 169 F01),426701,4571948
after_2007,0004,F006850,Sant Pere Pescador - Fluvià - 83 (17 047 E02),509144,4672266
after_2007,0004,F006851,L'Escala - 84 (17 062 G01),510683,4663879
after_2007,0004,F006852,Pals - Sa Riera - R27 (17 013 R02),517423,4646940
after_2007,0004,F006853,Pineda de Mar - Mataró - R29 (08 121 R02),456336,4599762
after_2007,0004,F010176,Delta Sud - 89 (43 014 C01),313349,4502875
after_2007,0004,F010177,Montgat - Badalona - MITC101000180 - BAD05 CM,439416,4589231
after_2007,0004,F010178,Pals - Sa Riera - R30 (17 013 R03),517469,4647268
after_2007,0004,F010179,Badia de Cadaqués - MITC101000040 - CAD01,523457,4680933
after_2007,0004,F010180,Barceloneta - Zona II Port Barcelona - MITC101000200,433461,4580866
after_2007,0004,F010181,Cap Norfeu - MITC101000050,522807,4677075
after_2007,0004,F010182,Roses - Castelló d'Empúries - MITC101000070,512077,4676870
after_2007,0004,F010183,Roses - Castelló d'Empúries - 90 (17 047 A01),511514,4677739
after_2007,0004,F010184,Delta Nord - MITC091000330,316275,4513501
after_2007,0004,F010186,Badia de El Port de la Selva - MITC101000020 - PDS02,516067,4688024
after_2007,0004,F010187,Cubelles - Altafulla  - MITC101000250,376496,4558766
after_2007,0004,F010188,El Prat de Llobregat - Castelldefels - MITC101000220 - GAV01,418656,4567876
after_2007,0004,F010189,L'Ametlla de Mar - MITC101000320,314436,4525475
after_2007,0004,F010190,L'Escala - MITC101000090,511952,4664375
after_2007,0004,F010191,Blanes - Pineda de Mar - MITC101000150,479521,4609310
after_2007,0004,F010192,Pineda de Mar - Mataró - R31 (08 121 R03),455651,4599502
after_2007,0004,F010193,Cambrils - Mont-roig del Camp - MITC101000300,334500,4545686
after_2007,0004,F010194,Cambrils - Mont-roig del Camp - 87 (43 092 A03),332236,4545507
after_2007,0004,F010200,Begur - Blanes - MITC101000140,514506,4633625
after_2007,0004,F010201,Pals - Sa Riera - MITC101000120,517832,4648795
after_2007,0004,F010202,Mataró - Montgat - MITC101000170 - PRE01 CM,446021,4591896
after_2007,0004,F010203,Canyelles - MITC101000060,516017,4675795
after_2007,0004,F010204,Cap de Salou - MITC101000280 - SAL01,347005,4545716
after_2007,0004,F010205,Salou - Cambrils - MITC101000290,342540,4547751
after_2007,0004,F010206,Salou - Cambrils - 86 (43 905 F03),342060,4548683
after_2007,0004,F010207,Delta Sud - MITC091000340,309150,4498256
after_2007,0004,F010208,Els Alfacs - MITB091000030 - BAL04 CM - BAL04,301730,4498381
after_2007,0004,F010209,Sant Pere Pescador - Fluvià - MITC101000080,510302,4668405
after_2007,0004,F010210,Tarragona Nord - MITC101000260,358606,4553481
after_2007,0004,F010211,Montgrí  - MITC101000100,518587,4657500
after_2007,0004,F010212,Torroella de Montgrí - el Ter - MITC101000110,517107,4653235
after_2007,0004,F010213,Vandellós i l'Hospitalet de l'Infant - MITC101000310,324095,4537576
after_2007,0004,F010214,Vandellós i l'Hospitalet de l'Infant - 88 (43 162 D01),319680,4534215
after_2007,0004,F010215,Mataró - Montgat - 85 (08 219 C01),448656,4594213
after_2007,0004,F010216,Vilanova i la Geltrú - MITC101000240,394606,4562366
after_2007,0004,F010217,Tarragona - Vila-seca - MITC101000270,348941,4549431
after_2007,0004,F010220,Pineda de Mar - Mataró - MITC101000160,462356,4601675
after_2007,0004,F010224,Cap de Creus - MITC101000030,526031,4686022
after_2007,0004,F010225,Portbou - Llançà - MITC101000010 - GAR01,514377,4693680
after_2007,0004,F010228,Llobregat - MITC101000210,428276,4571181
after_2007,0004,F010235,Sant Adrià de Besòs - Barceloneta - MITC101000190,436796,4585271
after_2007,0004,F010240,Sitges - MITC101000230,404631,4564576
after_2007,0004,F011292,Alcanar - MITC091000350,291720,4491347
after_2007,0004,F011300,El Fangar - 91 (43 901 G01),309450,4515220
after_2007,0004,F012025,Pineda de Mar - Mataró - POS019,460065,4600042
after_2007,0004,F012026,Badia de Cadaqués - POS006,523162,4681224
after_2007,0004,F012027,Vandellós i l'Hospitalet de l'Infant - POS028,319835,4533256
after_2007,0004,F012028,Begur - Blanes - POS017,490776,4616598
after_2007,0004,F012029,L'Ametlla de Mar - POS030,310328,4523328
after_2007,0004,F012030,Cubelles - Altafulla  - POS023,373040,4557909
after_2007,0004,F012031,Cap de Creus - POS004,525556,4685608
after_2007,0004,F012032,Begur - Blanes - POS018,486299,4615201
after_2007,0004,F012033,Cap de Creus - POS005,525832,4684870
after_2007,0004,F012034,L'Ametlla de Mar - POS029,315922,4528430
after_2007,0004,F012035,Vandellós i l'Hospitalet de l'Infant - POS027,326711,4539574
after_2007,0004,F012036,Begur - Blanes - POS013,516486,4637706
after_2007,0004,F012037,Pineda de Mar - Mataró - POS020,455788,4597360
after_2007,0004,F012038,Montgrí  - POS011,518460,4654642
after_2007,0004,F012039,Montgrí  - POS010,514283,4661646
after_2007,0004,F012040,Cap Norfeu - POS007,519179,4677365
after_2007,0004,F012041,Cambrils - Mont-roig del Camp - POS026,332584,4544538
after_2007,0004,F012042,Begur - Blanes - POS014,509734,4632543
after_2007,0004,F012043,Badia de El Port de la Selva - POS002,516232,4687529
after_2007,0004,F012045,Canyelles - POS008,517025,4676250
after_2007,0004,F012046,Portbou - Llançà - POS001,513531,4695312
after_2007,0004,F012047,Begur - Blanes - POS012,519220,4645497
after_2007,0004,F012048,Salou - Cambrils - POS025,341775,4547429
after_2007,0004,F012049,Begur - Blanes - POS015,502164,4624386
after_2007,0004,F012050,Sitges - POS021,401490,4563187
after_2007,0004,F012051,Cap de Creus - POS003,517223,4688299
after_2007,0004,F012052,Cubelles - Altafulla  - POS024,369562,4556575
after_2007,0004,F012053,Begur - Blanes - POS016,495448,4619265
after_2007,0004,F012054,Vilanova i la Geltrú - POS022,394738,4560103
after_2007,0004,F012055,Els Alfacs - CYM013,297454,4495044
after_2007,0004,F012056,Els Alfacs - CYM012,298768,4495586
after_2007,0004,F012057,Els Alfacs - CYM011,305842,4496695
after_2007,0004,F012058,Els Alfacs - CYM010,308791,4500027
after_2007,0004,F012059,Els Alfacs - CYM009,308377,4500804
after_2007,0004,F012060,Els Alfacs - CYM008,306239,4500605
after_2007,0004,F012061,Els Alfacs - CYM007,301902,4499772
after_2007,0004,F012062,Els Alfacs - CYM006,298782,4499520
after_2007,0004,F012063,El Fangar - CYM005,311425,4516234
after_2007,0004,F012064,El Fangar - CYM004,310221,4516900
after_2007,0004,F012065,El Fangar - CYM003,310289,4515431
after_2007,0004,F012066,El Fangar - CYM002,307605,4517114
after_2007,0004,F012067,El Fangar - CYM001,308317,4517360
after_2007,0004,F012072,Canyelles - CRO01,516007,4676776
after_2007,0004,F012076,Canyelles - MUG17,515289,4675397
after_2007,0004,F012089,Roses - Castelló d'Empúries - MUG07,515115,4673284
after_2007,0004,F012090,Roses - Castelló d'Empúries - MUG06,516785,4672604
after_2007,0004,F012091,Roses - Castelló d'Empúries - MUG05,516924,4671448
after_2007,0004,F012092,Roses - Castelló d'Empúries - MUG04,514816,4672476
after_2007,0004,F012093,Roses - Castelló d'Empúries - MUG03,512974,4673127
after_2007,0004,F012098,Roses - Castelló d'Empúries - FLU18,512654,4672027
after_2007,0004,F012099,Roses - Castelló d'Empúries - FLU17,514216,4671509
after_2007,0004,F012100,Roses - Castelló d'Empúries - FLU16,516860,4670404
after_2007,0004,F012101,Sant Pere Pescador - Fluvià - FLU15,516812,4669871
after_2007,0004,F012102,Sant Pere Pescador - Fluvià - FLU14,514217,4670676
after_2007,0004,F012111,Sant Pere Pescador - Fluvià - FLU05,516725,4668558
after_2007,0004,F012112,Sant Pere Pescador - Fluvià - FLU04,515328,4668890
after_2007,0004,F012119,Torroella de Montgrí - el Ter - TER17,518792,4651866
after_2007,0004,F012121,Torroella de Montgrí - el Ter - TER15,519269,4653100
after_2007,0004,F012129,Torroella de Montgrí - el Ter - TER07,518564,4650855
after_2007,0004,F012130,Torroella de Montgrí - el Ter - TER06,519093,4650879
after_2007,0004,F012131,Pals - Sa Riera - TER05,519137,4650146
after_2007,0004,F012132,Pals - Sa Riera - TER04,518566,4650078
after_2007,0004,F012133,Pals - Sa Riera - TER03,517895,4650109
after_2007,0004,F012150,Blanes - Pineda de Mar - TOR07,480843,4610075
after_2007,0004,F012151,Blanes - Pineda de Mar - TOR06,481075,4609741
after_2007,0004,F012152,Blanes - Pineda de Mar - TOR05,480357,4609066
after_2007,0004,F012153,Blanes - Pineda de Mar - TOR04,480241,4609344
after_2007,0004,F012154,Blanes - Pineda de Mar - TOR03,480125,4609711
after_2007,0004,F012161,Mataró - Montgat - MAS01,445527,4589595
after_2007,0004,F012162,Mataró - Montgat - MAS02,444996,4590606
after_2007,0004,F012163,Mataró - Montgat - MAS03,444556,4591026
after_2007,0004,F012164,Sant Adrià de Besòs - Barceloneta - BES21,436057,4585279
after_2007,0004,F012165,Sant Adrià de Besòs - Barceloneta - BES20,436446.74,4585936.75
after_2007,0004,F012166,Sant Adrià de Besòs - Barceloneta - BES19,436745.14,4585656.57
after_2007,0004,F012168,Sant Adrià de Besòs - Barceloneta - BES17,437783,4584815
after_2007,0004,F012169,Sant Adrià de Besòs - Barceloneta - BES16,438820.02,4583939.98
after_2007,0004,F012171,Sant Adrià de Besòs - Barceloneta - BES14,437241.07,4584053.41
after_2007,0004,F012172,Sant Adrià de Besòs - Barceloneta - BES13,436777,4584546
after_2007,0004,F012173,Sant Adrià de Besòs - Barceloneta - BES12,436529.22,4584859.03
after_2007,0004,F012174,Sant Adrià de Besòs - Barceloneta - BES11,436180,4585140
after_2007,0004,F012175,Sant Adrià de Besòs - Barceloneta - BES10,435494.59,4584124.27
after_2007,0004,F012177,Sant Adrià de Besòs - Barceloneta - BES08,436141.97,4583596.69
after_2007,0004,F012178,Sant Adrià de Besòs - Barceloneta - BES07,436632,4583193
after_2007,0004,F012179,Sant Adrià de Besòs - Barceloneta - BES06,437437,4582564
after_2007,0004,F012181,Sant Adrià de Besòs - Barceloneta - BES05,436803.96,4581858.81
after_2007,0004,F012182,Sant Adrià de Besòs - Barceloneta - BES04,436015,4582454
after_2007,0004,F012183,Sant Adrià de Besòs - Barceloneta - BES03,435534,4582891
after_2007,0004,F012184,Sant Adrià de Besòs - Barceloneta - BES02,435118.25,4583172.76
after_2007,0004,F012185,Barceloneta - Zona II Port Barcelona - BTA01,433044,4581000
after_2007,0004,F012186,Barceloneta - Zona II Port Barcelona - BTA02,433366,4580762
after_2007,0004,F012187,Barceloneta - Zona II Port Barcelona - BTA03,433906,4580336
after_2007,0004,F012191,Barceloneta - Zona II Port Barcelona - LLO17,431180,4574294
after_2007,0004,F012192,Barceloneta - Zona II Port Barcelona - LLO16,431922,4574009
after_2007,0004,F012201,Barceloneta - Zona II Port Barcelona - LLO07,430259,4572515
after_2007,0004,F012202,Barceloneta - Zona II Port Barcelona - LLO06,430902,4572331
after_2007,0004,F012203,Llobregat - LLO05,430107,4571528
after_2007,0004,F012204,Llobregat - LLO04,429624,4571755
after_2007,0004,F012208,Llobregat - NLL15,429253,4570716
after_2007,0004,F012209,Llobregat - NLL14,428777,4571202
after_2007,0004,F012210,Llobregat - NLL13,428584,4571389
after_2007,0004,F012211,Llobregat - NLL08,427881,4570896
after_2007,0004,F012212,Llobregat - NLL07,428126,4570536
after_2007,0004,F012213,Llobregat - NLL06,428476,4570026
after_2007,0004,F012214,Llobregat - NLL05,427606,4569381
after_2007,0004,F012215,Llobregat - NLL04,427216,4569941
after_2007,0004,F012216,Llobregat - NLL03,426996,4570303
after_2007,0004,F012222,Llobregat - NLL21 CMFI,429436,4570402
after_2007,0004,F012223,Llobregat - NLL22 CMFI ,428954,4570060
after_2007,0004,F012224,Llobregat - NLL23,428212,4571294
after_2007,0004,F012225,Llobregat - NLL24,427870,4571755
after_2007,0004,F012226,El Prat de Llobregat - Castelldefels - CDF01,418808,4567254
after_2007,0004,F012227,El Prat de Llobregat - Castelldefels - CDF02,418936,4566491
after_2007,0004,F012228,El Prat de Llobregat - Castelldefels - CDF03,419306,4565051
after_2007,0004,F012229,El Prat de Llobregat - Castelldefels - CDF04,414078,4563320
after_2007,0004,F012230,El Prat de Llobregat - Castelldefels - CDF05,413543,4565547
after_2007,0004,F012231,El Prat de Llobregat - Castelldefels - CDF06,413316,4566861
after_2007,0004,F012234,Sitges - FAL18,408378,4563752
after_2007,0004,F012235,Sitges - FAL17,408313,4560666
after_2007,0004,F012244,Sitges - FAL08,405979,4562339
after_2007,0004,F012270,Cubelles - Altafulla  - FOI07,387947,4557286
after_2007,0004,F012271,Cubelles - Altafulla  - FOI06,387978,4556575
after_2007,0004,F012272,Cubelles - Altafulla  - FOI05,386902,4556525
after_2007,0004,F012273,Cubelles - Altafulla  - FOI04,386913,4557202
after_2007,0004,F012274,Cubelles - Altafulla  - FOI03,386950,4557945
after_2007,0004,F012277,Cubelles - Altafulla  - VEN02,377141,4557286
after_2007,0004,F012278,Cubelles - Altafulla  - VEN03,377326,4556506
after_2007,0004,F012279,Cubelles - Altafulla  - VEN04,377536,4555551
after_2007,0004,F012281,Tarragona - Vila-seca - FRA35,354504,4548746
after_2007,0004,F012286,Port de Tarragona - FRA30,351145,4551198
after_2007,0004,F012297,Tarragona - Vila-seca - FRA19,349756,4549575
after_2007,0004,F012312,Tarragona - Vila-seca - FRA04,348197,4546497
after_2007,0004,F012316,Tarragona - Vila-seca - FRA36 CMFI (SMF),349828,4549658
after_2007,0004,F012317,Tarragona - Vila-seca - FRA37 CMFI - FRA37,348820,4548936
after_2007,0004,F012318,Salou - Cambrils - CAM01,341833,4547035
after_2007,0004,F012319,Salou - Cambrils - CAM02,341900,4546351
after_2007,0004,F012320,Salou - Cambrils - CAM03,341905,4545716
after_2007,0004,F012321,Delta Nord - EBR20,319450,4513233
after_2007,0004,F012322,Delta Nord - EBR19,321019,4514217
after_2007,0004,F012325,Delta Nord - EBR16,322472,4518070
after_2007,0004,F012326,Delta Nord - EBR15,324208,4515096
after_2007,0004,F012327,Delta Nord - EBR14,323352,4514616
after_2007,0004,F012328,Delta Nord - EBR13,322567,4513957
after_2007,0004,F012329,Delta Nord - EBR12,321894,4513363
after_2007,0004,F012330,Delta Nord - EBR11,320746,4512335
after_2007,0004,F012334,Delta Nord - EBR07,326733,4509660
after_2007,0004,F012335,Delta Nord - EBR06,327865,4509634
after_2007,0004,F012336,Delta Nord - EBR05,325880,4501420
after_2007,0004,F012341,Delta Nord - EBR21,317925,4512291
after_2007,0004,F012342,Delta Nord - EBR22,314670,4514943
after_2007,0004,F012343,El Fangar - BFA01,307680,4517464
after_2007,0004,F012345,El Fangar - BFA03,310114,4515304
after_2007,0004,F012346,Els Alfacs - BAL01 CM - BAL01,306715,4499488
after_2007,0004,F012347,Els Alfacs - BAL02,301615,4497891
after_2007,0004,F012348,Els Alfacs - BAL03,295175,4495227
after_2007,0004,F012349,Portbou - Llançà - MCFSS001V0,513013,4693205
after_2007,0004,F012350,Badia de El Port de la Selva - MCFSS002V0,516371,4687173
after_2007,0004,F012351,Badia de El Port de la Selva - MCFSS002I1,516284,4687205
after_2007,0004,F012352,Badia de El Port de la Selva - MCFSS002I2,516229,4687399
after_2007,0004,F012354,Cap Norfeu - MCFSS003V2,518950,4677471
after_2007,0004,F012355,Canyelles - MCFSS004V0,516884,4676294
after_2007,0004,F012356,Canyelles - MCFSS004Z0,516053,4676942
after_2007,0004,F012357,Roses - Castelló d'Empúries - MCFSS005V0,513893,4678882
after_2007,0004,F012358,Roses - Castelló d'Empúries - MCFSS006V0,510851,4675704
after_2007,0004,F012359,Roses - Castelló d'Empúries - MCFSS006O0,510116,4674104
after_2007,0004,F012360,Sant Pere Pescador - Fluvià - MCFSS007V0,509521,4670599
after_2007,0004,F012361,L'Escala - MCFSS008V0,510593,4664382
after_2007,0004,F012363,Torroella de Montgrí - el Ter - MCFSS010V0,516441,4652455
after_2007,0004,F012364,Torroella de Montgrí - el Ter - MCFSS010O0,516615,4651937
after_2007,0004,F012366,Pals - Sa Riera - MCFSS012V1,517082,4649880
after_2007,0004,F012368,Begur - Blanes - MCFSS013V0,512141,4633706
after_2007,0004,F012371,Begur - Blanes - MCFSS016V0,504318,4626080
after_2007,0004,F012372,Begur - Blanes - MCFSS017V0,498647,4622728
after_2007,0004,F012373,Begur - Blanes - MCFSS018V0,491817,4617012
after_2007,0004,F012375,Begur - Blanes - MCFSS020V1,317498,4512348
after_2007,0004,F012385,Montgat - Badalona - MCFSS028V2,438024,4588689
after_2007,0004,F012389,Sant Adrià de Besòs - Barceloneta - MCFSS029V3,435323,4583977
after_2007,0004,F012390,Sant Adrià de Besòs - Barceloneta - MCFSS030V1,433825,4582363
after_2007,0004,F012394,Barceloneta - Zona II Port Barcelona - MCFSS030V5,430904,4577294
after_2007,0004,F012398,Llobregat - MCFSS031V4,428057,4571531
after_2007,0004,F012399,Llobregat - MCFSS031O0,426746,4570590
after_2007,0004,F012402,El Prat de Llobregat - Castelldefels - MCFSS033V1,422261,4568985
after_2007,0004,F012405,El Prat de Llobregat - Castelldefels - MCFSS035O1,414838,4567726
after_2007,0004,F012406,El Prat de Llobregat - Castelldefels - MCFSS035O2,412431,4567886
after_2007,0004,F012408,Sitges - MCFSS036O0,406849,4566168
after_2007,0004,F012411,Sitges - MCFSS037V1,400026,4564707
after_2007,0004,F012413,Vilanova i la Geltrú - MCFSS038V0,392787,4562271
after_2007,0004,F012414,Cubelles - Altafulla  - MCFSS039V0,386362,4560687
after_2007,0004,F012416,Cubelles - Altafulla  - MCFSS041V0,375666,4558991
after_2007,0004,F012417,Cubelles - Altafulla  - MCFSS041O1,376417,4559000
after_2007,0004,F012418,Cubelles - Altafulla  - MCFSS041O2,376764,4559314
after_2007,0004,F012419,Cubelles - Altafulla  - MCFSS042V0,366858,4555200
after_2007,0004,F012420,Cubelles - Altafulla  - MCFSS042O1,366109,4554718
after_2007,0004,F012421,Cubelles - Altafulla  - MCFSS042O2,365454,4554369
after_2007,0004,F012423,Tarragona Nord - MCFSS044V0,358340,4554040
after_2007,0004,F012424,Tarragona - Vila-seca - MCFSS045V1,354001,4552336
after_2007,0004,F012428,Tarragona - Vila-seca - MCFSS045V5,347939,4548672
after_2007,0004,F012429,Tarragona - Vila-seca - MCFSS045O1,348287,4548624
after_2007,0004,F012430,Tarragona - Vila-seca - MCFSS045O2,347957,4548185
after_2007,0004,F012431,Cap de Salou - MCFSS046V1,345468,4546235
after_2007,0004,F012432,Salou - Cambrils - MCFSS047V1,343395,4547884
after_2007,0004,F012433,Cambrils - Mont-roig del Camp - MCFSS047V2,338010,4546931
after_2007,0004,F012434,Cambrils - Mont-roig del Camp - MCFSS048V0,331370,4544229
after_2007,0004,F012435,Vandellós i l'Hospitalet de l'Infant - MCFSS049V0,327679,4541655
after_2007,0004,F012437,Vandellós i l'Hospitalet de l'Infant - MCFSS051V0,322225,4536343
after_2007,0004,F012438,L'Ametlla de Mar - MCFSS052V0,315186,4527888
after_2007,0004,F012439,L'Ametlla de Mar - MCFSS053V0,310778,4523538
after_2007,0004,F012440,Delta Nord - MCFSS055V0,315102,4514616
after_2007,0004,F012441,Delta Nord - MCFSS056O0,317449,4512439
after_2007,0004,F012442,Delta Sud - MCFSS057V0,305804,4494273
after_2007,0004,F012443,Alcanar - MCFSS060V0,290717,4490371
after_2007,0004,F012444,Badia de Cadaqués - MCFFF001V0,523346,4681015
after_2007,0004,F012448,Sant Pere Pescador - Fluvià - MCFFF005O2,511833,4672502
after_2007,0004,F012449,Montgrí  - MCFFF009V0,514842,4661755
after_2007,0004,F012452,Blanes - Pineda de Mar - MCFFF020O0,480016,4609545
after_2007,0004,F012454,Blanes - Pineda de Mar - MCFFF021B2,475096,4606810
after_2007,0004,F012459,Mataró - Montgat - MCFFF026V2,444556,4591026
after_2007,0004,F012460,Sant Adrià de Besòs - Barceloneta - MCFFF029B0,436796,4584936
after_2007,0004,F012461,Sant Adrià de Besòs - Barceloneta - MCFFF030O0,434029,4581876
after_2007,0004,F012462,Barceloneta - Zona II Port Barcelona - MCFFF030V0,432236,4580992
after_2007,0004,F012464,Sitges - MCFFF036O0,408356,4565856
after_2007,0004,F012467,Tarragona - Vila-seca - MCFFF045V0,349791,4548106
after_2007,0004,F012473,Els Alfacs - MCFAT001V0,294227,4494230
after_2007,0004,F012475,Els Alfacs - MCFAT003V0,296144,4497540
after_2007,0004,F012476,Els Alfacs - MCFAT004V1,299509,4499220
after_2007,0004,F012477,Els Alfacs - MCFAT004V2,300441,4499361
after_2007,0004,F012478,Els Alfacs - MCFAT005V1,303695,4499922
after_2007,0004,F012479,Els Alfacs - MCFAT005V2,303807,4500359
after_2007,0004,F012480,Els Alfacs - MCFAT006V0,307821,4500264
after_2007,0004,F012481,Els Alfacs - MCFAT007V0,308008,4499106
after_2007,0004,F012482,Els Alfacs - MCFAT008V0,306983,4497346
after_2007,0004,F012483,Els Alfacs - MCFAT009V0,303902,4498146
after_2007,0004,F012484,Els Alfacs - MCFAT010V0,302195,4496943
after_2007,0004,F012485,Els Alfacs - MCFAT011V0,299085,4497223
after_2007,0004,F012486,Els Alfacs - MCFAT012V1,305243,4497345
after_2007,0004,F012487,Els Alfacs - MCFAT012V2,300719,4495918
after_2007,0004,F012488,El Fangar - MCFAT013V0,311185,4515989
after_2007,0004,F012489,El Fangar - MCFAT014V0,309718,4516594
after_2007,0004,F012490,El Fangar - MCFAT015V0,308000,4517049
after_2007,0004,F012491,El Fangar - MCFAT016V0,306816,4518767
after_2007,0004,F012492,El Fangar - MCFAT017V0,308051,4519024
after_2007,0004,F015972,Canyelles - CRO02,515717,4676725
after_2007,0004,F015974,Mataró - Montgat - MAT03,453699,4593465
after_2007,0004,F015975,Mataró - Montgat - MAT04,453406,4592645
after_2007,0004,F015976,Mataró - Montgat - MAT05,454761,4592070
after_2007,0004,F015977,Sant Adrià de Besòs - Barceloneta - BEE00 CMFI - BEE00,437926,4583516
after_2007,0004,F015978,Barceloneta - Zona II Port Barcelona - LLO21,429851,4571656
after_2007,0004,F015979,Llobregat - LLE00  CMFI - LLE00,429523,4570235
after_2007,0004,F015980,Llobregat - NLL25,427385,4569680
after_2007,0004,F015981,Llobregat - NLL26,428286,4570286
after_2007,0004,F015983,Sitges - STG06,401743,4558566
after_2007,0004,F015984,Sitges - STG07,402276,4556516
after_2007,0004,F015986,Vilanova i la Geltrú - VIL02,395306,4556866
after_2007,0004,F015987,Vilanova i la Geltrú - VIL03,395451,4556001
after_2007,0004,F015998,Cubelles - Altafulla  - DSF_Emissari,387812,4559642
after_2007,0004,F016037,Vilanova i la Geltrú - VIL01,395116,4557681
after_2007,0004,F016076,Sant Adrià de Besòs - Barceloneta - BES09 CMFI,435752,4583944
after_2007,0004,F016077,Sant Adrià de Besòs - Barceloneta - BES15 CMFI,438097,4583424
after_2007,0004,F016160,Roses - Castelló d'Empúries - MUG CPI (90-05),510982,4676952
after_2007,0004,F016161,Sant Pere Pescador - Fluvià - FLU CPI (83-07),509201,4671485
after_2007,0004,F016162,Blanes - Pineda de Mar - TOR CPI (21-22),477868,4609332
after_2007,0004,F016163,Sant Adrià de Besòs - Barceloneta - BES CPI (31-33),435908,4585599
after_2007,0004,F016164,Delta Nord - EBR CPI (79-57),315411,4513210
after_2007,0004,F016165,Delta Nord - EBR CMI (11-20),320098,4512784
after_2007,0004,F016166,Delta Nord - EBR CMI (21-22),316298,4513617
after_2007,0004,F016167,El Fangar - BFA CPI (56-91),307745,4517056
after_2007,0004,F016168,Barceloneta - Zona II Port Barcelona - BCN CPI (34-35),432809,4581677
after_2007,0004,F016169,Els Alfacs - BAL CPI (80-61),299247,4499314
after_2007,0004,F018780,Canyelles - 94 (17 152 B01),516207,4677205
after_2007,0004,F018781,Pineda de Mar - Mataró - 96 (08 006 B01),462763,4602971
after_2007,0004,F018782,Sant Pere Pescador - Fluvià - 95 (17 062 L01),509632,4665961
after_2007,0004,F018783,Cambrils - Mont-roig del Camp - 97 (43 038 L01),336660,4547642
after_2007,0004,F020370,Cap Norfeu - 98 (17 152 G01),518793,4677675
after_2007,0004,F029917,Cubelles - Altafulla  - 99 (08 074 X01),388934,4561642
after_2007,0004,F029918,Tarragona - Vila-seca - FRA38 CMFI - FRA38,350435,4548738
after_2007,0004,F029919,Cap de Salou - R32 (43 905 R02),346214,4546438
after_2007,0004,F029921,Els Alfacs - MCFAT006V1,307022,4500002
after_2007,0004,F029922,Barceloneta - Zona II Port Barcelona - MCFFF030V1,429969,4572601
after_2007,0004,F029923,Llobregat - MCFFF031B1,427085,4570182
after_2007,0004,F029924,Portbou - Llançà - MCAL01,513598,4693115
after_2007,0004,F029925,Badia de El Port de la Selva - MCAL02,515958,4687326
after_2007,0004,F029926,Cap de Creus - MCAL03,525489,4685442
after_2007,0004,F029927,Badia de Cadaqués - MCAL04,522781,4681658
after_2007,0004,F029928,Cap Norfeu - MCAL05,521387,4677786
after_2007,0004,F029929,Canyelles - MCAL06,516529,4676684
after_2007,0004,F029930,L'Escala - MCAL09,511278,4663666
after_2007,0004,F029931,Montgrí  - MCAL10,515978,4659690
after_2007,0004,F029932,Pals - Sa Riera - MCAL12,517392,4647446
after_2007,0004,F029933,Begur - Blanes - MCAL14,506549,4630190
after_2007,0004,F029934,Sitges - MCAL23,404585,4565911
after_2007,0004,F029935,Vilanova i la Geltrú - MCAL24,393985,4562845
after_2007,0004,F029936,Tarragona Nord - MCAL26,359411,4554285
after_2007,0004,F029937,Cap de Salou - MCAL28,346453,4546563
after_2007,0004,F029938,Salou - Cambrils - MCAL29,344586,4547641
after_2007,0004,F029939,Vandellós i l'Hospitalet de l'Infant - MCAL31,321165,4535590
after_2007,0004,F029940,L'Ametlla de Mar - MCAL32,314187,4526615
after_2007,0004,F029941,Alcanar - MCAL35,291093,4492173
after_2007,0004,F029965,Delta Sud - 280 (43 136 A01),309075,4499864
after_2007,0004,F029966,Els Alfacs - 281 (43 136 B01),308904,4499989
after_2007,0004,F040081,Portbou - Llançà - 159 (17 054 B01),512567,4693484
after_2007,0004,F040082,Cap de Creus - 211 (17 140 C01),517266,4687967
after_2007,0004,F040083,Cap de Creus - R35 (17 032 R03),525390,4685689
after_2007,0004,F040084,Cap de Creus - 284 (17 032 D01),523785,4682827
after_2007,0004,F040085,Canyelles - 165 (17 152 A01),517091,4676533
after_2007,0004,F040086,Canyelles - R38 (17 152 R03),515281,4677049
after_2007,0004,F040087,L'Escala - 164 (17 062 E01),510295,4663959
after_2007,0004,F040088,L'Escala - 175 (17 062 D01),511620,4662556
after_2007,0004,F040089,Pals - Sa Riera - 185 (17 013 B01),517489,4646826
after_2007,0004,F040090,Begur - Blanes - 173 (17 034 D01),509622,4632977
after_2007,0004,F040091,Montgat - Badalona - 125 (08 126 A01),440407,4590965
after_2007,0004,F040093,Barceloneta - Zona II Port Barcelona - 248 (08 019 L01),432237,4580407
after_2007,0004,F040094,Sitges - R39 (08 270 R03),407172,4567004
after_2007,0004,F040095,Vilanova i la Geltrú - 234 (08 307 A01),394280,4563446
after_2007,0004,F040096,Vilanova i la Geltrú - 261 (08 307 D01),389808,4562185
after_2007,0004,F040097,Cubelles - Altafulla  - 276 (08 074 C 01),386467,4561287
after_2007,0004,F040098,Cubelles - Altafulla  - 277 (43 163 S01),378276,4560118
after_2007,0004,F040099,Tarragona Nord - 278 (43 148 S01),363018,4554611
after_2007,0004,F040100,Cap de Salou - R34 (43 905 R03),346489,4546758
after_2007,0004,F040101,L'Ametlla de Mar - R33 (43 104 S01),310443,4524021
after_2007,0004,F040102,El Fangar - 279 (43 906 H01),307832,4516511
after_2007,0004,F040103,Els Alfacs - 282 (43 014 M01),304418,4500798
after_2007,0004,F040104,Els Alfacs - 283 (43 136 I01),299097,4499546
after_2007,0004,F040105,Canyelles - MITC101000061 - CRO03 CMFI - CRO03,514995,4676473
after_2007,0004,F040106,Roses - Castelló d'Empúries - MITC101000071 - ROS01 CM,513550,4677589
after_2007,0004,F040107,Begur - Blanes - MITC101000141,487356,4614786
after_2007,0004,F040109,El Fangar - MITB091000012 - AMP01,307460,4519307
after_2007,0004,F040276,Blanes - Pineda de Mar - 285 (08 110 F01),481183,4610766
after_2007,0004,F040277,Mataró - Montgat - R40 (08 029 F01),451088,4595936
after_2007,0004,F040278,Sant Adrià de Besòs - Barceloneta - 286 (08 015 F01),436554,4586969
after_2007,0004,F040280,El Prat de Llobregat - Castelldefels - D10 (08 089 Z01),420069,4569261
after_2007,0004,F042124,Sant Adrià de Besòs - Barceloneta - 251 (08 019 D01),433324,4582396
after_2007,0004,F042125,Barceloneta - Zona II Port Barcelona - MITC101000201 - BCN CMFI,431736,4576156
after_2007,0004,F042126,El Fangar - MITB091000011 - BFA02 CM - BFA02,309775,4516226
after_2007,0004,F042127,Els Alfacs - MITB091000031 - BAL03 CM - BAL03,295270,4495430
after_2007,0004,F042566,Blanes - Pineda de Mar - TOR21 CMFI,481656,4610324
after_2007,0004,F042567,Barceloneta - Zona II Port Barcelona - BTA04,432953,4581004
after_2007,0004,F042568,Barceloneta - Zona II Port Barcelona - BOS01 CMFI - BOS01,432503,4573911
after_2007,0004,F043659,El Fangar - 1211 (43 906 H01),308107,4516136
after_2007,0004,F046544,Roses - Castelló d'Empúries - POS032,513773,4678517
after_2007,0004,F046545,L'Escala - POS033,511769,4663640
after_2007,0004,F046546,Cambrils - Mont-roig del Camp - POS036,337708,4546833
after_2007,0004,F046547,L'Ametlla de Mar - POS037,313146,4524980
after_2007,0004,F046548,El Fangar - CYM014,309394,4517226
after_2007,0004,F046552,Begur - Blanes - MCFSS020V3,483158,4613078
after_2007,0004,F046555,Salou - Cambrils - MCFSS047V0,342155,4547340
after_2007,0004,F046556,Delta Sud - MCFSS057V1,312895,4502000
after_2007,0004,F046557,Cap de Creus - RAV01,520560,4687530
after_2007,0004,F046558,Cap Norfeu - PEL01,520025,4676920
after_2007,0004,F046559,Sant Pere Pescador - Fluvià - FLU21,515890,4667297
after_2007,0004,F046560,L'Escala - ESC02,513236,4665468
after_2007,0004,F046561,Montgrí  - MON01,518469,4656083
after_2007,0004,F046562,Pals - Sa Riera - TER21,518956,4649330
after_2007,0004,F046563,Begur - Blanes - BAU01,490845,4615198
after_2007,0004,F046564,Begur - Blanes - BLA01,483950,4612129
after_2007,0004,F046565,Begur - Blanes - PAL04,509381,4630758
after_2007,0004,F046566,Begur - Blanes - RID01,506442,4626627
after_2007,0004,F046567,Blanes - Pineda de Mar - PIN01,474938,4606602
after_2007,0004,F046568,Blanes - Pineda de Mar - SUS01,476974,4607583
after_2007,0004,F046569,Pineda de Mar - Mataró - ARE04,464319,4599177
after_2007,0004,F046570,Mataró - Montgat - VLS01,451577,4591841
after_2007,0004,F046571,Montgat - Badalona - BAD03,440911,4587650
after_2007,0004,F046572,Montgat - Badalona - BAD04,439420,4586791
after_2007,0004,F046573,Sant Adrià de Besòs - Barceloneta - BAD07,437604,4586307
after_2007,0004,F046574,Sant Adrià de Besòs - Barceloneta - BOG01,434123,4581630
after_2007,0004,F046575,Barceloneta - Zona II Port Barcelona - BON01,432322,4577028
after_2007,0004,F046576,Llobregat - NLL27,426770,4568899
after_2007,0004,F046577,Llobregat - NLL28,426374,4569482
after_2007,0004,F046578,El Prat de Llobregat - Castelldefels - CDF07,422270,4567422
after_2007,0004,F046579,El Prat de Llobregat - Castelldefels - CDF08,422740,4566544
after_2007,0004,F046580,Sitges - FAL21,409555,4564295
after_2007,0004,F046581,Vilanova i la Geltrú - VIL04,391897,4556994
after_2007,0004,F046582,Cubelles - Altafulla  - ALT01,364627,4553288
after_2007,0004,F046583,Cubelles - Altafulla  - CAL01,382324,4557417
after_2007,0004,F046584,Tarragona Nord - MOR01,361405,4552516
after_2007,0004,F046585,Tarragona Nord - TAR01,356824,4551545
after_2007,0004,F046586,Tarragona - Vila-seca - TAR02,353781,4549794
after_2007,0004,F046587,Salou - Cambrils - CAM04,340315,4544257
after_2007,0004,F046588,Cambrils - Mont-roig del Camp - CAM05,335380,4543284
after_2007,0004,F046589,Vandellós i l'Hospitalet de l'Infant - RIU01,327186,4537893
after_2007,0004,F046590,L'Ametlla de Mar - AME01,317450,4523823
after_2007,0004,F046591,Delta Sud - EBR26,319930,4492900
after_2007,0004,F046592,Delta Sud - EBR27,306266,4482903
after_2007,0004,F046593,Alcanar - ALC02,294076,4491758
after_2007,0004,F047660,Barceloneta - Zona II Port Barcelona - APB-20B,431594,4576708
after_2007,0004,F047665,Port de Barcelona - APB-36A1,431815,4581231
after_2007,0004,F047666,Port de Barcelona - APB-36A2,431700,4580492
after_2007,0004,F047667,Port de Barcelona - APB-36B1,430833,4578396
after_2007,0004,F047668,Port de Barcelona - APB-36B2,430280,4576252
after_2007,0004,F047669,Port de Barcelona - APB-36C,429257,4577096
after_2007,0004,F047670,Port de Barcelona - APB-36D,429755,4573776
after_2007,0004,F047671,Port de Tarragona - APT-PT07,350411,4551014
after_2007,0004,F047672,Port de Tarragona - APT-PT10,350408,4550015
after_2007,0004,F047673,Port de Tarragona - APT-PT11,352824,4552175
after_2007,0004,F047674,Port de Tarragona - APT-PT12,351225,4551528
after_2007,0004,F049281,L'Escala - ESC01,512159,4663885
after_2007,0004,F049282,Begur - Blanes - PAL01,509203,4632365
after_2007,0004,F049283,Begur - Blanes - PAL02,509436,4631865
after_2007,0004,F049284,Begur - Blanes - PAL03,509296,4631035
after_2007,0004,F049285,Blanes - Pineda de Mar - BLE01,484076,4611945
after_2007,0004,F049286,Pineda de Mar - Mataró - ARE01,462746,4601715
after_2007,0004,F049287,Pineda de Mar - Mataró - ARE02,463356,4601245
after_2007,0004,F049288,Pineda de Mar - Mataró - ARE03,463756,4600375
after_2007,0004,F049289,Montgat - Badalona - BAD01,439752,4589431
after_2007,0004,F049290,Montgat - Badalona - BAD02,440096,4588541
after_2007,0004,F049291,Delta Sud - EBR23,313197,4492631
after_2007,0004,F049292,Delta Sud - EBR24,314213,4490929
after_2007,0004,F049293,Delta Sud - DSD01,310765,4488601
after_2007,0004,F049294,Delta Sud - DSD02,312215,4486976
after_2007,0004,F049295,Delta Sud - DSD03,313965,4484861
after_2007,0004,F049296,Alcanar - ALC01,29477000,448926700
after_2007,0004,F049339,Cap de Creus - CLJ01,525887,4684605
after_2007,0004,F049341,Tarragona Nord - ALT00,359882,4553446
after_2007,0004,F049449,Canyelles - MCFSS004Z1,516965,4676446
after_2007,0004,F049450,Roses - Castelló d'Empúries - MCFSS005V1,514027,4678389
after_2007,0004,F049451,El Prat de Llobregat - Castelldefels - MCFSS034V1,412431,4567886
after_2007,0004,F049452,Sitges - MCFSS36O1,408355,4565855
after_2007,0005,F000025,Cubeta d'Abrera - 08001-0015,409277,4598220
after_2007,0005,F000026,Cubeta d'Abrera - 08001-0044,409247,4598377
after_2007,0005,F000028,Cubeta d'Abrera - 08147-0045,408844,4598726
after_2007,0005,F000029,Cubeta d'Abrera - 08001-0039,409587.35,4595217.23
after_2007,0005,F000030,Cubeta d'Abrera - 08001-0041,409347.25,4598113.52
after_2007,0005,F000031,Detrític neogen del Penedès - 08114-0035,410311.93,4591926.42
after_2007,0005,F000032,Cubeta d'Abrera - 08054-0074,410166.34,4593607.52
after_2007,0005,F000037,Cubeta de Sant Andreu - 08054-0072,413747.53,4591299.79
after_2007,0005,F000038,Cubeta de Sant Andreu - 08054-0073,413270.73,4591879.8
after_2007,0005,F000040,Vall baixa i Delta del Llobregat - 08157-0011,417039.59,4585351.76
after_2007,0005,F000042,Vall baixa i Delta del Llobregat - 08244-0009,419132.25,4579978.94
after_2007,0005,F000047,Vall baixa i Delta del Llobregat - 08211-0036,419443.88,4583108.74
after_2007,0005,F000048,Vall baixa i Delta del Llobregat - 08158-0012,416172.81,4588365.27
after_2007,0005,F000049,Vall baixa i Delta del Llobregat - 08217-0018,420194,4580672
after_2007,0005,F000050,Vall baixa i Delta del Llobregat - 08211-0007,419171,4581653
after_2007,0005,F000052,Vall baixa i Delta del Llobregat - 08211-0011,418551,4582074
after_2007,0005,F000057,Vall baixa i Delta del Llobregat - 08217-0017,419844,4580475
after_2007,0005,F000059,Vall baixa i Delta del Llobregat - 08217-0020,420410.84,4578080.72
after_2007,0005,F000061,Vall baixa i Delta del Llobregat - 08217-0022,420651,4578226
after_2007,0005,F000065,Vall baixa i Delta del Llobregat - 08301-0112,421045,4570659
after_2007,0005,F000070,Vall baixa i Delta del Llobregat - 08169-0359,421596,4573211
after_2007,0005,F000071,Vall baixa i Delta del Llobregat - 08169-0327,422995.83,4575820.7
after_2007,0005,F000075,Vall baixa i Delta del Llobregat - 08169-0332,423900,4575785
after_2007,0005,F000076,Vall baixa i Delta del Llobregat - 08169-0339,425329,4575114
after_2007,0005,F000079,Vall baixa i Delta del Llobregat - 08169-0328,425237,4573714
after_2007,0005,F000080,Vall baixa i Delta del Llobregat - 08169-0334,426519,4572027
after_2007,0005,F000082,Vall baixa i Delta del Llobregat - 08169-0342,427035,4573815
after_2007,0005,F000083,Vall baixa i Delta del Llobregat - 08169-0343,425918,4573611
after_2007,0005,F000084,Vall baixa i Delta del Llobregat - 08169-0344,426035,4573469
after_2007,0005,F000085,Vall baixa i Delta del Llobregat - 08169-0345,425954,4573218
after_2007,0005,F000086,Vall baixa i Delta del Llobregat - 08169-0346,425949,4572965
after_2007,0005,F000087,Vall baixa i Delta del Llobregat - 08169-0347,425636,4573021
after_2007,0005,F000088,Vall baixa i Delta del Llobregat - 08301-0113,421044,4570662
after_2007,0005,F000092,Vall baixa i Delta del Llobregat - 08169-0361,423016,4575866
after_2007,0005,F000097,Vall baixa i Delta del Llobregat - 08169-0333,423903,4575786
after_2007,0005,F000100,Vall baixa i Delta del Llobregat - 08169-0340,425327,4575111
after_2007,0005,F000101,Vall baixa i Delta del Llobregat - 08169-0325,422850.42,4574820.8
after_2007,0005,F000102,Vall baixa i Delta del Llobregat - 08169-0341,425523,4573224
after_2007,0005,F000105,Vall baixa i Delta del Llobregat - 08169-0330,425249,4573721
after_2007,0005,F000107,Vall baixa i Delta del Llobregat - 08169-0336,426516,4572025
after_2007,0005,F000109,Vall baixa i Delta del Llobregat - 08169-0335,426511,4572022
after_2007,0005,F000112,Vall baixa i Delta del Llobregat - 08101-0034,424404,4577467
after_2007,0005,F000115,Vall baixa i Delta del Llobregat - 08019-0142,427188.94,4576386.17
after_2007,0005,F000116,Vall baixa i Delta del Llobregat - 08019-0143,427182.84,4576383.67
after_2007,0005,F000119,Vall baixa i Delta del Llobregat - 08019-0141,428492,4577686
after_2007,0005,F000120,Vall baixa i Delta del Llobregat - 08019-0152,428298,4577097
after_2007,0005,F000121,Vall baixa i Delta del Llobregat - 08019-0146,428842,4575589
after_2007,0005,F000122,Vall baixa i Delta del Llobregat - 08019-0147,428842,4575587
after_2007,0005,F000123,Vall baixa i Delta del Llobregat - 08019-0154,427864,4576055
after_2007,0005,F000125,Vall baixa i Delta del Llobregat - 08019-0149,429570,4577007
after_2007,0005,F000126,Vall baixa i Delta del Llobregat - 08019-0150,429573,4577006
after_2007,0005,F000128,Vall baixa i Delta del Llobregat - 08101-0035,424402,4577469
after_2007,0005,F000132,Vall baixa i Delta del Llobregat - 08019-0144,427187,4576385
after_2007,0005,F000133,Vall baixa i Delta del Llobregat - 08019-0145,427179,4576383
after_2007,0005,F000136,Vall baixa i Delta del Llobregat - 08019-0148,428842,4575590
after_2007,0005,F000138,Vall baixa i Delta del Llobregat - 08019-0155,427864,4576056
after_2007,0005,F000139,Vall baixa i Delta del Llobregat - 08019-0151,429576,4577005
after_2007,0005,F000141,Vall baixa i Delta del Llobregat - 08056-0017,413435.06,4568765.96
after_2007,0005,F000144,Vall baixa i Delta del Llobregat - 08089-0050,419783.77,4569193.71
after_2007,0005,F000146,Vall baixa i Delta del Llobregat - 08089-0047,417110,4568710
after_2007,0005,F000148,Vall baixa i Delta del Llobregat - 08089-0051,417895,4570260
after_2007,0005,F000151,Vall baixa i Delta del Llobregat - 08089-0053,416321,4571430
after_2007,0005,F000152,Vall baixa i Delta del Llobregat - 08056-0020,415310.78,4570972.75
after_2007,0005,F000153,Vall baixa i Delta del Llobregat - 08056-0021,415306.78,4570977.75
after_2007,0005,F000155,Vall baixa i Delta del Llobregat - 08056-0019,414387,4569707
after_2007,0005,F000160,Vall baixa i Delta del Llobregat - 08089-0049,419783.77,4569194.71
after_2007,0005,F000161,Vall baixa i Delta del Llobregat - 08200-0048,421036,4575096
after_2007,0005,F000162,Vall baixa i Delta del Llobregat - 08200-0049,421035,4575100
after_2007,0005,F000166,Vall baixa i Delta del Llobregat - 08089-0048,417087,4568711
after_2007,0005,F000168,Vall baixa i Delta del Llobregat - 08089-0052,417894.78,4570252.73
after_2007,0005,F000173,Vall baixa i Delta del Llobregat - 08089-0054,416318,4571434
after_2007,0005,F000174,Vall baixa i Delta del Llobregat - 08089-0055,416315,4571438
after_2007,0005,F000175,Vall baixa i Delta del Llobregat - 08056-0022,415310.78,4570967.75
after_2007,0005,F000176,Vall baixa i Delta del Llobregat - 08056-0023,415304.78,4570975.75
after_2007,0005,F000177,Carme-Capellades - 08048-0009,385700.78,4598384.19
after_2007,0005,F000178,Carme-Capellades - 08048-0010,386223.35,4598209.69
after_2007,0005,F000179,Carme-Capellades - 08152-0013,383404.44,4598340.78
after_2007,0005,F000180,Carme-Capellades - 08044-0015,390198.74,4598093.99
after_2007,0005,F000181,Carme-Capellades - 08286-0026,388188.41,4597763.6
after_2007,0005,F000182,Carme-Capellades - 08286-0027,387601.22,4598898.49
after_2007,0005,F000183,Carme-Capellades - 08044-0016,390213.95,4598271.98
after_2007,0005,F000184,Carme-Capellades - 08104-0023,377194.47,4592715.8
after_2007,0005,F000187,Bloc del Gaià-Bonastre - 43030-0014,370156,4563119
after_2007,0005,F000188,Bloc del Gaià-Bonastre - 43030-0029,369456,4564046
after_2007,0005,F000189,Baix Gaià - 43126-0027,362876.77,4557136.25
after_2007,0005,F000190,Baix Gaià - 43043-0054,358621.72,4558513.95
after_2007,0005,F000191,Garraf - 43163-0049,377919.32,4565108.22
after_2007,0005,F000192,Bloc del Gaià-Bonastre - 43089-0007,364550,4568729
after_2007,0005,F000193,Bloc del Gaià-Bonastre - 43089-0008,366228.09,4568055.89
after_2007,0005,F000194,Bloc del Gaià-Bonastre - 43131-0032,369784,4562211.35
after_2007,0005,F000195,Bloc del Gaià-Bonastre - 43030-0030,370188.32,4562970.93
after_2007,0005,F000196,Bloc del Gaià-Bonastre - 43089-0009,367549.93,4568752.79
after_2007,0005,F000197,Garraf - 08058-0057,387094.79,4567964.53
after_2007,0005,F000198,Garraf - 08231-0041,398562.7,4568283.9
after_2007,0005,F000200,Garraf - 08058-0058,387400,4567732
after_2007,0005,F000201,Garraf - 08074-0025,387997.83,4566369.57
after_2007,0005,F000202,Garraf - 43037-0029,381456.87,4562908.81
after_2007,0005,F000205,Garraf - 43024-0076,380990.89,4565397.58
after_2007,0005,F000206,Garraf - 43037-0032,380710.06,4561448.55
after_2007,0005,F000207,Baix Camp - 43145-0138,344528.66,4564228.23
after_2007,0005,F000208,Baix Camp - 43145-0139,344311.42,4563517.16
after_2007,0005,F000209,Baix Camp - 43095-0017,349633.95,4562423.45
after_2007,0005,F000210,Baix Camp - 43005-0110,348407.73,4569698.54
after_2007,0005,F000212,Alt Camp - 43066-0012,353099.21,4564130.72
after_2007,0005,F000213,Alt Camp - 43165-0013,359041,4568765
after_2007,0005,F000216,Baix Camp - 43160-0055,351882.54,4564805.09
after_2007,0005,F000217,Alt Camp - 43144-0032,354563.94,4565230.93
after_2007,0005,F000222,Alt Camp - 43170-0031,362642,4572014
after_2007,0005,F000226,Baix Francolí - 43109-0020,351415.63,4559325.12
after_2007,0005,F000229,Baix Camp - 43007-0123,336119.19,4560266.3
after_2007,0005,F000233,Baix Camp - 43033-0072,331263.33,4554682.71
after_2007,0005,F000234,Baix Camp - 43129-0180,338163.97,4552890.97
after_2007,0005,F000235,Baix Camp - 43123-0260,341781.31,4556805.03
after_2007,0005,F000236,Baix Camp - 43123-0275,344422.32,4555073.62
after_2007,0005,F000238,Baix Camp - 43905-0030,343566.94,4550907.15
after_2007,0005,F000239,Baix Camp - 43092-0158,328241.22,4546176.69
after_2007,0005,F000240,Baix Camp - 43092-0159,325810.06,4544132.31
after_2007,0005,F000241,Baix Camp - 43092-0160,326133.3,4543055.83
after_2007,0005,F000242,Baix Camp - 43092-0161,331045.02,4545613.37
after_2007,0005,F000243,Baix Camp - 43092-0164,330436.17,4549384.83
after_2007,0005,F000244,Baix Camp - 43092-0162,331773.09,4545744.79
after_2007,0005,F000245,Baix Francolí - 43148-0120,349751.76,4552346.55
after_2007,0005,F000248,Baix Camp - 43123-0261,346077.68,4556332.44
after_2007,0005,F000249,Baix Camp - 43123-0262,346227.13,4555753.57
after_2007,0005,F000250,Baix Francolí - 43148-0121,351893.88,4553236.35
after_2007,0005,F000251,Baix Francolí - 43148-0123,351466.8,4554995.16
after_2007,0005,F000252,Baix Camp - 43162-0062,324339.17,4541661.38
after_2007,0005,F000253,Baix Camp - 43092-0163,330856.86,4547679.96
after_2007,0005,F000254,Baix Camp - 43171-0105,343525.92,4554459.09
after_2007,0005,F000255,Llaberia - Prades meridional - 43042-0022,340353.08,4560428.78
after_2007,0005,F000256,Baix Camp - 43123-0263,345101.96,4554222.23
after_2007,0005,F000257,Baix Camp - 43123-0264,340768.32,4558461.89
after_2007,0005,F000258,Llaberia - Prades meridional - 43007-0125,337229.83,4561328.07
after_2007,0005,F000260,Fluviodeltaic del Fluvià - Muga - 17030-0030,496953.08,4685849.51
after_2007,0005,F000262,Detrític neogen de l'Empordà - 17132-0053,500648,4685230
after_2007,0005,F000267,Fluviodeltaic del Fluvià - Muga - 17132-0063,500014.94,4684405.63
after_2007,0005,F000268,Fluviodeltaic del Fluvià - Muga - 17047-0063,506986.01,4674870.72
after_2007,0005,F000269,Fluviodeltaic del Fluvià - Muga - 17047-0064,506987.91,4674864.62
after_2007,0005,F000270,Fluviodeltaic del Fluvià - Muga - 17047-0066,507291.2,4673938.2
after_2007,0005,F000271,Fluviodeltaic del Fluvià - Muga - 17047-0061,507118.41,4674878.51
after_2007,0005,F000273,Fluviodeltaic del Fluvià - Muga - 17047-0065,507226.16,4674433.9
after_2007,0005,F000274,Fluviodeltaic del Fluvià - Muga - 17047-0067,507293.5,4673936.3
after_2007,0005,F000279,Fluviodeltaic del Baix Ter - 17057-0051,502343.8,4647981.81
after_2007,0005,F000280,Paleògens del Baix Ter - 17211-0026,504123.77,4657034.51
after_2007,0005,F000281,Fluviodeltaic del Baix Ter - 17081-0042,508490.85,4653548.37
after_2007,0005,F000282,Fluviodeltaic del Baix Ter - 17081-0043,510649.35,4652673.95
after_2007,0005,F000284,Fluviodeltaic del Baix Ter - 17191-0033,505708.95,4654360.89
after_2007,0005,F000285,Fluviodeltaic del Baix Ter - 17191-0034,505845.35,4654241.29
after_2007,0005,F000286,Fluviodeltaic del Baix Ter - 17191-0035,506097.24,4653107.79
after_2007,0005,F000287,Fluviodeltaic del Baix Ter - 17199-0054,511266.16,4653871.15
after_2007,0005,F000288,Fluviodeltaic del Baix Ter - 17204-0012,507501,4654648
after_2007,0005,F000289,Fluviodeltaic del Baix Ter - 17197-0015,512080.09,4645094.43
after_2007,0005,F000291,Fluviodeltaic del Baix Ter - 17081-0046,510375.54,4652099.75
after_2007,0005,F000292,Fluviodeltaic del Baix Ter - 17195-0054,506239,4654589
after_2007,0005,F000293,Fluviodeltaic del Baix Ter - 17195-0055,506319.18,4658290.79
after_2007,0005,F000295,Fluviodeltaic del Baix Ter - 17199-0056,513630.05,4652294.83
after_2007,0005,F000298,Fluviodeltaic del Baix Ter - 17081-0047,510931.04,4651350.05
after_2007,0005,F000299,Fluviodeltaic del Baix Ter - 17068-0057,502112,4655976
after_2007,0005,F000300,Fluviodeltaic del Baix Ter - 17068-0059,502121,4655981
after_2007,0005,F000301,Fluviodeltaic del Baix Ter - 17068-0060,502233.46,4656266.62
after_2007,0005,F000302,Fluviodeltaic del Baix Ter - 17068-0058,502230,4656265
after_2007,0005,F000304,Fluviodeltaic del Baix Ter - 17199-0055,511787.54,4651650.64
after_2007,0005,F000306,Fluviodeltaic del Baix Ter - 17081-0041,508845.05,4653434.97
after_2007,0005,F000307,Fluviodeltaic del Baix Ter - 17062-0014,509544.61,4661650.58
after_2007,0005,F000308,Fluviodeltaic del Baix Ter - 17199-0053,515200.37,4654203.62
after_2007,0005,F000311,Fluviodeltaic del Fluvià - Muga - 17210-0047,501693.95,4668308.55
after_2007,0005,F000313,Detrític neogen de l'Empordà - 17075-0025,496563.04,4667649.48
after_2007,0005,F000314,Fluviodeltaic del Fluvià - Muga - 17178-0069,508935.97,4668721.79
after_2007,0005,F000317,Fluviodeltaic del Fluvià - Muga - 17178-0070,508968.38,4670756.89
after_2007,0005,F000320,Fluviodeltaic del Fluvià - Muga - 17210-0048,501177.95,4668075.35
after_2007,0005,F000321,Baix Besòs i Pla de Barcelona - 08245-0010,432721.95,4589834.65
after_2007,0005,F000322,Baix Besòs i Pla de Barcelona - 08019-0014,432348,4589833
after_2007,0005,F000324,Baix Besòs i Pla de Barcelona - 08019-0411,433601.9,4587035.6
after_2007,0005,F000325,Baix Besòs i Pla de Barcelona - 08245-0011,433589.44,4588790.24
after_2007,0005,F000326,Baix Besòs i Pla de Barcelona - 08245-0009,433558.34,4588835.74
after_2007,0005,F000329,Detrític neogen del Vallès - 08279-0101,419418.3,4598362.5
after_2007,0005,F000330,Detrític neogen del Vallès - 08279-0103,419418.6,4598362.4
after_2007,0005,F000331,Detrític neogen del Vallès - 08279-0102,419415.8,4598358.1
after_2007,0005,F000332,Detrític neogen del Vallès - 08279-0104,419415.7,4598357.8
after_2007,0005,F000333,Detrític neogen del Vallès - 08187-0082,425786,4601929.7
after_2007,0005,F000334,Detrític neogen del Vallès - 08187-0083,425786.6,4601929.8
after_2007,0005,F000335,Detrític neogen del Vallès - 08187-0084,425789.7,4601930.9
after_2007,0005,F000339,Detrític neogen del Vallès - 08156-0053,431062.04,4601613.68
after_2007,0005,F000340,Detrític neogen del Vallès - 08156-0054,431066.04,4601618.68
after_2007,0005,F000341,Detrític neogen del Vallès - 08156-0055,431287.64,4601512.18
after_2007,0005,F000345,Al·luvials del Vallès - 08156-0056,431196.24,4602030.48
after_2007,0005,F000348,Al·luvials del Vallès - 08156-0057,431294.04,4601906.68
after_2007,0005,F000349,Al·luvials del Vallès - 08115-0031,435966.02,4599108.64
after_2007,0005,F000352,Al·luvials del Vallès - 08159-0104,436061.04,4601135.64
after_2007,0005,F000353,Al·luvials del Vallès - 08159-0096,436364.65,4602370.04
after_2007,0005,F000354,Al·luvials del Vallès - 08136-0089,439221.7,4600391.9
after_2007,0005,F000357,Al·luvials del Vallès - 08125-0042,432585.98,4593680.65
after_2007,0005,F000358,Al·luvials del Vallès - 08125-0043,430174.54,4593431.76
after_2007,0005,F000360,Al·luvials del Vallès - 08125-0045,433036,4595015
after_2007,0005,F000361,Detrític neogen del Vallès - 08125-0021,432724.37,4595334.81
after_2007,0005,F000362,Al·luvials del Vallès - 08105-0021,433671,4595759
after_2007,0005,F000363,Al·luvials del Vallès - 08159-0097,436168.04,4601288.64
after_2007,0005,F000364,Al·luvials de la baixa i delta de la Tordera - 08284-0318,477434,4616572
after_2007,0005,F000365,Al·luvials de la baixa i delta de la Tordera - 08284-0319,476760.23,4617376.36
after_2007,0005,F000366,Al·luvials de la baixa i delta de la Tordera - 08284-0320,475619,4619294
after_2007,0005,F000367,Al·luvials de la baixa i delta de la Tordera - 08155-0164,479692,4614228
after_2007,0005,F000368,Al·luvials de la baixa i delta de la Tordera - 08155-0165,480112,4613116
after_2007,0005,F000369,Al·luvials de la baixa i delta de la Tordera - 08284-0321,479347,4615135
after_2007,0005,F000370,Al·luvials de la baixa i delta de la Tordera - 08284-0322,479349,4615132
after_2007,0005,F000372,Al·luvials de la baixa i delta de la Tordera - 08110-0216,479528,4611177
after_2007,0005,F000378,Al·luvials de la baixa i delta de la Tordera - 17023-0155,482028,4612464
after_2007,0005,F000379,Al·luvials de la baixa i delta de la Tordera - 17023-0156,482027,4612463
after_2007,0005,F000383,Al·luvials de la baixa i delta de la Tordera - 08110-0223,480346.26,4612430.75
after_2007,0005,F000384,Al·luvials de la baixa i delta de la Tordera - 17023-0157,479992,4613843
after_2007,0005,F000385,Al·luvials de la baixa i delta de la Tordera - 08155-0166,479753,4613617
after_2007,0005,F000386,Al·luvials de la baixa i delta de la Tordera - 08110-0163,480697.89,4612069.92
after_2007,0005,F000391,Al·luvials de la baixa i delta de la Tordera - 08110-0218,480431.7,4612603.62
after_2007,0005,F000392,Al·luvials de l'alta i mitjana Tordera - 08259-0041,455380,4615083
after_2007,0005,F000393,Al·luvials de l'alta i mitjana Tordera - 08259-0042,454260,4615855
after_2007,0005,F000395,Al·luvials de l'alta i mitjana Tordera - 17083-0037,468040.24,4620878.43
after_2007,0005,F000396,Al·luvials de l'alta i mitjana Tordera - 08202-0125,463474.72,4618969.66
after_2007,0005,F000397,Al·luvials de l'alta i mitjana Tordera - 08202-0126,462982.71,4618658.26
after_2007,0005,F000398,Al·luvials de l'alta i mitjana Tordera - 08097-0014,460161,4617237
after_2007,0005,F000399,Al·luvials de l'alta i mitjana Tordera - 17103-0056,474478,4621197
after_2007,0005,F000400,Al·luvials de l'alta i mitjana Tordera - 17083-0038,468157.24,4620777.43
after_2007,0005,F000402,Montseny-Guilleries - 17159-0159,467963.24,4621492.43
after_2007,0005,F000404,Al·luvials de l'alta i mitjana Tordera - 17101-0116,471079.2,4621520.4
after_2007,0005,F000406,Montseny-Guilleries - 17159-0162,468274.24,4621102.43
after_2007,0005,F000412,Plioquaternari de la Riera Santa Coloma - 17148-0079,474079.05,4632038.11
after_2007,0005,F000413,Plioquaternari de la Riera Santa Coloma - 17148-0086,474208.33,4632065.4
after_2007,0005,F000417,Maresme - 08219-0073,449105.32,4595457.33
after_2007,0005,F000419,Maresme - 08009-0111,449679.37,4601739.94
after_2007,0005,F000424,Maresme - 08009-0110,451678.04,4598034.42
after_2007,0005,F000425,Maresme - 08029-0092,451778.44,4597499.51
after_2007,0005,F000428,Maresme - 08029-0094,451793.53,4596925.01
after_2007,0005,F000430,Maresme - 08118-0027,441591.08,4591740.78
after_2007,0005,F000432,Maresme - 08219-0071,448132.61,4594351.34
after_2007,0005,F000433,Maresme - 08172-0013,445693.2,4593539.15
after_2007,0005,F000436,Maresme - 08172-0014,447274.06,4593980.69
after_2007,0005,F000437,Maresme - 08009-0116,450106.16,4601174.73
after_2007,0005,F000439,Maresme - 08219-0072,447553.21,4594271.04
after_2007,0005,F000441,Conca alta de Cardener i Llobregat - 08052-0002,418658,4681584
after_2007,0005,F000442,Conca alta de Cardener i Llobregat - 08268-0021,406161.52,4670410.97
after_2007,0005,F000443,Conca alta de Cardener i Llobregat - 08052-0003,418670.1,4681676.4
after_2007,0005,F000446,Conca alta de Cardener i Llobregat - 08268-0019,405764.7,4666573.7
after_2007,0005,F000447,Conca alta de Cardener i Llobregat - 08268-0020,405659.4,4666541.1
after_2007,0005,F000448,Bloc del Gaià-Bonastre - 08065-0048,381627.36,4577111.76
after_2007,0005,F000449,Bloc del Gaià-Bonastre - 43137-0050,378444.05,4574798.74
after_2007,0005,F000451,Sorres de Santa Oliva - 43002-0037,376350.49,4567831.22
after_2007,0005,F000453,Bloc del Gaià-Bonastre - 43137-0049,378284.05,4574615.81
after_2007,0005,F000455,Sorres de Santa Oliva - 43140-0095,376678.97,4569164.61
after_2007,0005,F000456,Sorres de Santa Oliva - 43020-0099,378726.97,4568692.91
after_2007,0005,F000457,Sorres de Santa Oliva - 43002-0039,376380.58,4567787.15
after_2007,0005,F000461,Sorres de Santa Oliva - 43020-0121,379213,4569142
after_2007,0005,F000462,Sorres de Santa Oliva - 43020-0139,379256,4569252
after_2007,0005,F000465,Sorres de Santa Oliva - 43020-0101,379846.13,4569717.09
after_2007,0005,F000466,Baixa Garrotxa-Pla de l'Estany - 17015-0026,479760.79,4665036.01
after_2007,0005,F000467,Al·luvials de la Baixa Costa Brava - 17181-0113,498332.25,4629582.41
after_2007,0005,F000468,Al·luvials de la Baixa Costa Brava - 17181-0115,498738.25,4629302.31
after_2007,0005,F000469,Al·luvials de la Baixa Costa Brava - 17181-0116,499621.75,4628775.1
after_2007,0005,F000470,Al·luvials de la Baixa Costa Brava - 17048-0078,502641.05,4628451.68
after_2007,0005,F000471,Al·luvials de la Baixa Costa Brava - 17048-0079,502645.15,4628453.78
after_2007,0005,F000472,Al·luvials de la Baixa Costa Brava - 17048-0081,503085.45,4628623.87
after_2007,0005,F000475,Al·luvials de la Baixa Costa Brava - 17181-0114,498926.85,4629544.41
after_2007,0005,F000477,Al·luvials de la Baixa Costa Brava - 17048-0080,505101.45,4628353.06
after_2007,0005,F000479,Al·luvials de la Baixa Costa Brava - 17118-0036,510446.01,4634199.03
after_2007,0005,F000480,Al·luvials de la Baixa Costa Brava - 17118-0037,511008.31,4634851.22
after_2007,0005,F000482,Al·luvials de la Baixa Costa Brava - 17118-0038,511406,4635540
after_2007,0005,F000483,Al·luvials de la Baixa Costa Brava - 17118-0035,510654.71,4634269.02
after_2007,0005,F000486,l'Ametlla de Mar- Perelló - 43162-0048,319249,4535002
after_2007,0005,F000487,l'Ametlla de Mar- Perelló - 43013-0080,314012.34,4533409.46
after_2007,0005,F000551,Priorat - 43055-0019,316247.52,4557126.48
after_2007,0005,F000552,Fossa de Móra - 43070-0008,311425,4552602
after_2007,0005,F000553,Fossa de Móra - 43076-0134,312442,4554861
after_2007,0005,F000555,Priorat - 43076-0057,314928,4555354
after_2007,0005,F000556,Fossa de Móra - 43085-0005,307071,4559822
after_2007,0005,F000558,Fossa de Móra - 43151-0001,319165.51,4554883.45
after_2007,0005,F000559,Fossa de Móra - 43121-0010,299160,4543572
after_2007,0005,F000561,Cardó - Vandellòs - 43904-0205,298480,4517823
after_2007,0005,F000562,l'Ametlla de Mar- Perelló - 43906-0448,304890.25,4524011.52
after_2007,0005,F000573,Mesozoic de la Galera - 43052-0018,284270.24,4527006.68
after_2007,0005,F000578,Plana de la Galera - 43138-0044,287660,4510856
after_2007,0005,F000583,Al·luvial d'Urgell - 25168-0006,321858.97,4615773.63
after_2007,0005,F000587,Calcàries de Tàrrega - 25152-0020,362565,4617122
after_2007,0005,F000588,Serres marginals catalanes - 25037-0015,310311,4645143
after_2007,0005,F000589,Al·luvial d'Urgell - 25225-0007,338359.5,4618356.4
after_2007,0005,F000592,Baix Camp - 43092-0176,330997.82,4545704.05
after_2007,0005,F002136,Tremp-Isona - 25098-0017,328175.36,4665824.56
after_2007,0005,F002149,Plana de la Galera - 43138-0045,290060.15,4513041.61
after_2007,0005,F002173,Plioquaternari de l'Onyar - 17233-0021,479311,4639595
after_2007,0005,F002180,Calcàries de Tàrrega - 43159-0002,354006.93,4602804.26
after_2007,0005,F002247,Fluviodeltaic del Baix Ter - 17025-0007,491307,4654745
after_2007,0005,F002257,Alta Anoia - 08008-0008,369265.98,4606746.16
after_2007,0005,F002282,Plana de Vic - Collsacabra - 08265-0013,440156,4657746
after_2007,0005,F002294,Montseny-Guilleries - 17180-0016,467495,4631395
after_2007,0005,F002303,Montseny-Guilleries - 17180-0020,471839,4633943
after_2007,0005,F002304,Montseny-Guilleries - 17009-0033,460444,4629109
after_2007,0005,F002317,Montseny-Guilleries - 17009-0036,459028.29,4629542.51
after_2007,0005,F002326,Bloc del Gaià-Bonastre - 43002-0020,373556.69,4567264.06
after_2007,0005,F002340,Moianès-Sant Llorenç del Munt - 08034-0014,416081,4626946
after_2007,0005,F002344,Montseny-Guilleries - 17220-0065,450052.3,4632373.58
after_2007,0005,F002347,Montseny-Guilleries - 17063-0001,452685,4635770.8
after_2007,0005,F002355,Montseny-Guilleries - 17180-0013,472492.34,4633100.41
after_2007,0005,F002364,Montseny-Guilleries - 17180-0068,472297,4633404
after_2007,0005,F002369,Al·luvials de la baixa i delta de la Tordera - 08110-0148,480062,4611344
after_2007,0005,F002372,Fluviodeltaic del Baix Ter - 17081-0008,508947.6,4653316.1
after_2007,0005,F002385,Llaberia - Prades meridional - 43167-0049,326409.41,4553282
after_2007,0005,F002388,Al·luvials de la baixa i delta de la Tordera - 08110-0027,480064,4611142
after_2007,0005,F002394,Al·luvials de la baixa i delta de la Tordera - 08110-0149,481177,4611401
after_2007,0005,F002395,Al·luvials de la baixa i delta de la Tordera - 08110-0010,480891,4611195
after_2007,0005,F002405,Montseny-Guilleries - 08241-0006,448699.35,4639186.6
after_2007,0005,F002439,Al·luvials del Vallès - 08902-0028,439967.04,4600584.61
after_2007,0005,F002451,Calcàries de Tàrrega - 08176-0001,369393,4619744
after_2007,0005,F002452,N/D - Subterrània - 08025-0024,398639,4610612
after_2007,0005,F002453,Serres marginals catalanes - 25094-0004 superficial,332578,4640982
after_2007,0005,F002459,Al·luvials del Vallès - 08136-0099,439615,4600198
after_2007,0005,F002461,Detrític neogen del Vallès - 08042-0015,446485.17,4616147.58
after_2007,0005,F002463,Al·luvials del Vallès - 08135-0021,438791.05,4601865.62
after_2007,0005,F002467,Prelitoral del Vallès - 08120-0004,418894.05,4606334.78
after_2007,0005,F002470,Baix Gaià - 43043-0008,358576,4557279
after_2007,0005,F002473,Alta Anoia - 08008-0006,370156,4605276
after_2007,0005,F002476,Bloc del Gaià-Bonastre - 43002-0012,373929,4567671
after_2007,0005,F002486,Sorres de Santa Oliva - 43020-0072,378860.72,4570451.03
after_2007,0005,F002489,Moianès-Sant Llorenç del Munt - 08055-0002,424058,4626070
after_2007,0005,F002500,Al·luvials del Vallès - 08181-0031,445649.09,4606209.57
after_2007,0005,F002501,Detrític neogen del Vallès - 08086-0061,444299.14,4613206.6
after_2007,0005,F002504,Conca alta de la Muga - 17051-0009,486100.73,4682045.39
after_2007,0005,F002506,Al·luvials del Vallès - 08181-0023,444566.7,4604688.3
after_2007,0005,F002507,Al·luvials del Vallès - 08107-0043,436907,4607409
after_2007,0005,F002514,Detrític neogen de l'Empordà - 17228-0012,491595,4677950
after_2007,0005,F002517,Fluviodeltaic del Baix Ter - 17205-0012,505007,4650570
after_2007,0005,F002518,Plioquaternari de la Riera Santa Coloma - 17101-0102,470982,4624375
after_2007,0005,F002521,Detrític neogen de l'Empordà - 17051-0008,487336.7,4677172.37
after_2007,0005,F002524,Detrític neogen del Vallès - 08046-0016,446686.14,4611590.58
after_2007,0005,F002526,Detrític neogen del Vallès - 08234-0033,451801.16,4614173.54
after_2007,0005,F002532,Detrític neogen del Vallès - 08046-0004,445848.13,4611030.58
after_2007,0005,F002533,Prelitoral del Vallès - 08033-0055,431443,4609612
after_2007,0005,F002534,Baixa Garrotxa-Pla de l'Estany - 17190-0009,478956.62,4668204.42
after_2007,0005,F002538,Alt Urgell - 25203-0011,373897,4690748
after_2007,0005,F002540,Cadí-Port del Comte - 25185-0010,366507,4681046
after_2007,0005,F002541,Massís Axial Pirenaic_Cat - 25185-0018,366207,4687296
after_2007,0005,F002542,Alt Urgell - 25185-0014,365527,4684895
after_2007,0005,F002549,La Cerdanya - 25051-0027,402084,4690831
after_2007,0005,F002550,Al·luvial d'Urgell - 25168-0001,321490,4615844
after_2007,0005,F002552,La Cerdanya - 25051-0024,399057.67,4691521.06
after_2007,0005,F002554,La Cerdanya - 17006-0008,407857,4691096
after_2007,0005,F002556,La Cerdanya - 17082-0011,409642.23,4697223.99
after_2007,0005,F002561,La Cerdanya - 25913-0003,403446.42,4689084.92
after_2007,0005,F002564,La Cerdanya - 17078-0004,406256.7,4697146
after_2007,0005,F002566,La Cerdanya - 17069-0008,409606.69,4692795.98
after_2007,0005,F002567,La Cerdanya - 17061-0006,406807,4690396
after_2007,0005,F002573,Conca alta de Cardener i Llobregat - 08093-0005,401042.59,4680293.03
after_2007,0005,F002585,Conca alta de Cardener i Llobregat - 08268-0014,405651,4666548
after_2007,0005,F002589,Tremp-Isona - 25171-0008,332981.18,4679764.7
after_2007,0005,F002590,Tremp-Isona - 25115-0022,335885.6,4665195.9
after_2007,0005,F002591,Tremp-Isona - 25001-0002,340906,4666796
after_2007,0005,F002593,Tremp-Isona - 25128-0003,327987.33,4661847.55
after_2007,0005,F002594,Tremp-Isona - 25115-0021,335208,4666775
after_2007,0005,F002596,Tremp-Isona - 25098-0007,327906,4662797
after_2007,0005,F002598,Tremp-Isona - 25904-0006,324840,4659547
after_2007,0005,F002600,Tremp-Isona - 25115-0012,339345,4665145
after_2007,0005,F002601,Tremp-Isona - 25196-0004,314863.11,4660872.55
after_2007,0005,F002602,Tremp-Isona - 25234-0013,331306,4669297
after_2007,0005,F002603,Tremp-Isona - 25234-0023,326905.23,4670765.42
after_2007,0005,F002604,Tremp-Isona - 25171-0006,332806,4680547
after_2007,0005,F002605,Serres marginals catalanes - 25062-0005,322561,4648576
after_2007,0005,F002609,Detrític neogen de l'Empordà - 17016-0015,493472,4667980
after_2007,0005,F002612,Detrític neogen de l'Empordà - 17031-0021,486988.65,4670766.36
after_2007,0005,F002617,Detrític neogen de l'Empordà - 17119-0005,497015.65,4669431.28
after_2007,0005,F002621,Detrític neogen de l'Empordà - 17031-0023,483161.66,4673635.39
after_2007,0005,F002623,Detrític neogen de l'Empordà - 17056-0012,483895.58,4661945.37
after_2007,0005,F002637,Fluviodeltaic del Baix Ter - 17067-0007,495666.54,4654895.27
after_2007,0005,F002645,Detrític neogen de l'Empordà - 17031-0002,484836.67,4674365.38
after_2007,0005,F002655,Fluviodeltaic del Baix Ter - 17173-0007,494129,4651827
after_2007,0005,F002663,Detrític neogen de l'Empordà - 17123-0021,483637.54,4657857.37
after_2007,0005,F002665,Detrític neogen de l'Empordà - 17218-0018,490601.61,4665244.33
after_2007,0005,F002666,Detrític neogen de l'Empordà - 17218-0021,486161,4666843
after_2007,0005,F002667,Detrític neogen de l'Empordà - 17218-0023,488100,4664990
after_2007,0005,F002673,Baixa Garrotxa-Pla de l'Estany - 17137-0009,479271.59,4665355.41
after_2007,0005,F002674,Detrític neogen de l'Empordà - 17218-0012,489330,4666507
after_2007,0005,F002682,Baixa Garrotxa-Pla de l'Estany - 17071-0007,480741.6,4666288.4
after_2007,0005,F002685,Baixa Garrotxa-Pla de l'Estany - 17065-0015,481545,4668970
after_2007,0005,F002690,Detrític neogen de l'Empordà - 17111-0010,488894.58,4674684.86
after_2007,0005,F002693,Detrític neogen de l'Empordà - 17218-0013,489334.58,4661496.33
after_2007,0005,F002699,Detrític neogen de l'Empordà - 17052-0012,499385.8,4672977.1
after_2007,0005,F002702,Paleògens del Baix Ter - 17121-0027,508839.51,4648143.16
after_2007,0005,F002703,Detrític neogen de l'Empordà - 17218-0014,484406.61,4666595.37
after_2007,0005,F002713,Paleògens del Baix Ter - 17168-0007,495066.53,4654195.27
after_2007,0005,F002732,Detrític neogen de l'Empordà - 17075-0004,495456.66,4671245.3
after_2007,0005,F002734,Baixa Garrotxa-Pla de l'Estany - 17065-0002,481385,4669003
after_2007,0005,F002739,Detrític neogen de l'Empordà - 17056-0052,487226.55,4657895.34
after_2007,0005,F002740,Detrític neogen de l'Empordà - 17056-0051,485321,4661391
after_2007,0005,F002741,Detrític neogen de l'Empordà - 17056-0045,483852.56,4659991.37
after_2007,0005,F002746,Detrític neogen de l'Empordà - 17218-0022,490465,4668459
after_2007,0005,F002748,Fluviodeltaic del Baix Ter - 17166-0004,496036.56,4657392.27
after_2007,0005,F002753,Fluviodeltaic del Baix Ter - 17022-0026,503430,4647515
after_2007,0005,F002754,Detrític neogen de l'Empordà - 17016-0010,493345,4667758
after_2007,0005,F002755,Detrític neogen de l'Empordà - 17026-0011,493206.69,4674561.32
after_2007,0005,F002756,Detrític neogen de l'Empordà - 17111-0007,488709.68,4674628.35
after_2007,0005,F002759,Detrític neogen de l'Empordà - 17221-0016,495010,4677382
after_2007,0005,F002762,Detrític neogen de l'Empordà - 17226-0008,496887.7,4675159.29
after_2007,0005,F002774,Detrític neogen de l'Empordà - 17218-0019,490464.6,4668459.3
after_2007,0005,F002779,Fluviodeltaic del Baix Ter - 17022-0027,503478,4647694
after_2007,0005,F002780,Detrític neogen de l'Empordà - 17187-0012,494725.61,4663913.29
after_2007,0005,F002792,Fluviodeltaic del Baix Ter - 17049-0007,489034,4653489
after_2007,0005,F002793,Detrític neogen de l'Empordà - 17221-0026,494837.71,4676877.31
after_2007,0005,F002800,Paleògens del Baix Ter - 17055-0008,498976.58,4659700.25
after_2007,0005,F002803,Fluviodeltaic del Baix Ter - 17067-0038,496340.54,4655208.27
after_2007,0005,F002807,Fluviodeltaic del Baix Ter - 17049-0024,489264.53,4654694.32
after_2007,0005,F002819,Paleògens del Baix Ter - 17187-0009,498066.61,4663025.27
after_2007,0005,F002829,Detrític neogen de l'Empordà - 17222-0008,496058,4666225
after_2007,0005,F002840,Detrític neogen de l'Empordà - 17056-0047,482686.57,4660965.38
after_2007,0005,F002849,Detrític neogen de l'Empordà - 17216-0014,492255.89,4661883.41
after_2007,0005,F002851,Fluviodeltaic del Baix Ter - 17067-0013,495923,4655242
after_2007,0005,F002856,Fluviodeltaic del Baix Ter - 17057-0009,503562,4650115
after_2007,0005,F002886,Fluviodeltaic del Baix Ter - 17166-0005,496033.56,4657392.27
after_2007,0005,F002894,Detrític neogen de l'Empordà - 17216-0017,494112,4660328
after_2007,0005,F002917,Detrític neogen de l'Empordà - 17012-0014,493362,4675539
after_2007,0005,F002934,Detrític neogen de l'Empordà - 17123-0006,484036.54,4657605.36
after_2007,0005,F002969,Detrític neogen de l'Empordà - 17218-0016,489634,4662555
after_2007,0005,F002971,Detrític neogen de l'Empordà - 17016-0006,492319,4663900
after_2007,0005,F002980,Fluviodeltaic del Baix Ter - 17025-0005,492989,4653923
after_2007,0005,F002993,Fluviovolcànic de la Garrotxa - 17185-0028,457906.57,4673215.15
after_2007,0005,F002996,Fluviovolcànic de la Garrotxa - 17114-0020,456531,4669174
after_2007,0005,F003014,Fluviovolcànic de la Garrotxa - 17184-0040,462514,4666775
after_2007,0005,F003025,Fluviovolcànic de la Garrotxa - 17114-0010,458717,4672106
after_2007,0005,F003029,Fluviovolcànic de la Garrotxa - 17114-0017,458465,4669148
after_2007,0005,F003030,Fluviovolcànic de la Garrotxa - 17184-0027,459525.58,4667431.56
after_2007,0005,F003032,Fluviovolcànic de la Garrotxa - 17046-0002,461870.5,4674146
after_2007,0005,F003034,Fluviovolcànic de la Garrotxa - 17139-0010,455442,4666463
after_2007,0005,F003035,Fluviovolcànic de la Garrotxa - 17184-0026,461137,4666371
after_2007,0005,F003043,Fluviovolcànic de la Garrotxa - 17207-0004,453046.56,4666579.61
after_2007,0005,F003050,Baixa Garrotxa-Pla de l'Estany - 17174-0015,473907.57,4663782.45
after_2007,0005,F003052,Baixa Garrotxa-Pla de l'Estany - 17174-0012,474131.57,4663245.45
after_2007,0005,F003060,Fluviovolcànic de la Garrotxa - 17114-0011,457149,4668927
after_2007,0005,F003080,Plana de Vic - Collsacabra - 08112-0023,442095,4652244
after_2007,0005,F003086,Plana de Vic - Collsacabra - 08111-0006,438171,4638596
after_2007,0005,F003092,Plana de Vic - Collsacabra - 08116-0004,445081.4,4647295.64
after_2007,0005,F003102,Plana de Vic - Collsacabra - 08247-0004,431666,4640496
after_2007,0005,F003103,Plana de Vic - Collsacabra - 08100-0014,439819,4645853
after_2007,0005,F003105,Plana de Vic - Collsacabra - 08111-0008,437905.93,4639308.58
after_2007,0005,F003110,Plana de Vic - Collsacabra - 08100-0013,436256,4645996
after_2007,0005,F003111,Plana de Vic - Collsacabra - 08129-0010,431106,4637146
after_2007,0005,F003116,Plana de Vic - Collsacabra - 08129-0011,435652,4636555
after_2007,0005,F003118,Plana de Vic - Collsacabra - 08254-0041,447806,4655746
after_2007,0005,F003120,Plana de Vic - Collsacabra - 08271-0003,430966,4653632
after_2007,0005,F003122,Plana de Vic - Collsacabra - 08116-0002,441656,4648496
after_2007,0005,F003124,Plana de Vic - Collsacabra - 08117-0004,437126,4653171
after_2007,0005,F003125,Plana de Vic - Collsacabra - 08100-0012,437689,4648467
after_2007,0005,F003126,Plana de Vic - Collsacabra - 08183-0002,443431,4648546
after_2007,0005,F003128,Plana de Vic - Collsacabra - 08254-0038,451356,4655296
after_2007,0005,F003129,Plana de Vic - Collsacabra - 08254-0040,451756.47,4654595.6
after_2007,0005,F003131,Plana de Vic - Collsacabra - 08117-0018,437202,4653311
after_2007,0005,F003132,Plana de Vic - Collsacabra - 08100-0010,436505.39,4646724.71
after_2007,0005,F003134,Plana de Vic - Collsacabra - 08280-0005,451768,4651682
after_2007,0005,F003140,Plana de Vic - Collsacabra - 08233-0004,441856,4657146
after_2007,0005,F003141,Plana de Vic - Collsacabra - 08233-0002,441956.49,4658945.68
after_2007,0005,F003142,Plana de Vic - Collsacabra - 08283-0016,436613,4634437
after_2007,0005,F003143,Plana de Vic - Collsacabra - 08243-0002,435088,4649462
after_2007,0005,F003146,Plana de Vic - Collsacabra - 08195-0003,427706.45,4657245.79
after_2007,0005,F003147,Plana de Vic - Collsacabra - 08265-0010,438148,4656795
after_2007,0005,F003154,Prelitoral del Vallès - 08269-0016,436656.24,4627295.68
after_2007,0005,F003157,Plana de Vic - Collsacabra - 08247-0003,432468.32,4639329.73
after_2007,0005,F003158,Plana de Vic - Collsacabra - 08183-0005,442282,4647247
after_2007,0005,F003161,Plana de Vic - Collsacabra - 08278-0008,441231,4637121
after_2007,0005,F003162,Plana de Vic - Collsacabra - 08037-0004,443263,4641474
after_2007,0005,F003173,Plana de Vic - Collsacabra - 08150-0006,438026.46,4656280.71
after_2007,0005,F003180,Plana de Vic - Collsacabra - 08298-0008,435916.35,4641445.7
after_2007,0005,F003182,Moianès-Sant Llorenç del Munt - 08067-0026,435701,4626034
after_2007,0005,F003185,Plana de Vic - Collsacabra - 08220-0002,443590,4637818
after_2007,0005,F003190,Plana de Vic - Collsacabra - 08283-0007,439331.3,4634635.67
after_2007,0005,F003192,Moianès-Sant Llorenç del Munt - 08283-0015,433456.27,4632170.71
after_2007,0005,F003194,Plana de Vic - Collsacabra - 08285-0021,439227,4655606
after_2007,0005,F003198,Plana de Vic - Collsacabra - 08278-0009,441206,4638846
after_2007,0005,F003199,Plana de Vic - Collsacabra - 08112-0021,441856,4651796
after_2007,0005,F003200,Plana de Vic - Collsacabra - 08112-0022,441769,4650024
after_2007,0005,F003201,Plana de Vic - Collsacabra - 08285-0027,438688,4653003
after_2007,0005,F003202,Plana de Vic - Collsacabra - 08285-0031,440404,4654251
after_2007,0005,F003203,Plana de Vic - Collsacabra - 08275-0009,443856,4644796
after_2007,0005,F003204,Plana de Vic - Collsacabra - 08283-0004,436691,4634601
after_2007,0005,F003206,Plana de Vic - Collsacabra - 08037-0005,441806.36,4641895.66
after_2007,0005,F003207,Plana de Vic - Collsacabra - 08117-0003,437346,4652986
after_2007,0005,F003210,Al·luvials del Vallès - 08088-0025,440147.15,4614973.63
after_2007,0005,F003213,Prelitoral del Vallès - 08033-0036,429626.1,4610599.7
after_2007,0005,F003222,Al·luvials del Vallès - 08088-0055,440640.16,4616488.63
after_2007,0005,F003223,Al·luvials del Vallès - 08088-0018,440139.15,4615042.63
after_2007,0005,F003244,Al·luvials del Vallès - 08088-0016,440153.15,4614989.63
after_2007,0005,F003251,Prelitoral del Vallès - 08014-0001,437834.22,4624153.66
after_2007,0005,F003260,N/D - Subterrània - 25193-0001,382806,4666296
after_2007,0005,F003265,Conca alta de Cardener i Llobregat - 08022-0008,403467.9,4662946.4
after_2007,0005,F003266,N/D - Subterrània - 08188-0004,413656,4654921
after_2007,0005,F003269,N/D - Subterrània - 08177-0001,413506,4661966
after_2007,0005,F003272,N/D - Subterrània - 25166-0002,369206,4645496
after_2007,0005,F003282,N/D - Subterrània - 08049-0002,403788,4651986
after_2007,0005,F003283,Conca alta de Cardener i Llobregat - 08045-0010,395156.44,4662466.04
after_2007,0005,F003284,N/D - Subterrània - 08045-0002,397815,4658379
after_2007,0005,F003286,Al·luvial d'Urgell - 25041-0005,334931,4616287
after_2007,0005,F003288,Al·luvial del baix Segre_Cat - 25220-0002,314342,4621714
after_2007,0005,F003290,Calcàries de Tàrrega - 25911-0001,353261,4624051
after_2007,0005,F003293,Calcàries de Tàrrega - 25911-0014,353296,4623106
after_2007,0005,F003296,Calcàries de Tàrrega - 25907-0024,354706.5,4626324.7
after_2007,0005,F003299,N/D - Subterrània - 25069-0007,311368,4632447
after_2007,0005,F003302,Serres marginals catalanes - 25015-0002,305789,4634849
after_2007,0005,F003306,Al·luvial del baix Segre_Cat - 25220-0004,314406,4621797
after_2007,0005,F003309,Al·luvial d'Urgell - 25113-0004,332569,4615731
after_2007,0005,F003314,Calcàries de Tàrrega - 25907-0004,357705.6,4624145.5
after_2007,0005,F003315,Serres marginals catalanes - 25034-0018,334680.2,4646520.8
after_2007,0005,F003316,Al·luvial d'Urgell - 25096-0008,335260,4619778
after_2007,0005,F003318,Al·luvial d'Urgell - 25093-0001,323736,4610945
after_2007,0005,F003321,N/D - Subterrània - 25015-0003,301609,4632906
after_2007,0005,F003323,Al·luvial d'Urgell - 25050-0006,334890,4613418
after_2007,0005,F003327,Al·luvial d'Urgell - 25052-0002,318292,4615027
after_2007,0005,F003330,Al·luvial del baix Segre_Cat - 25102-0001,278378,4589163
after_2007,0005,F003331,Serres marginals catalanes - 25069-0008,311187.1,4634645.6
after_2007,0005,F003335,Al·luvial d'Urgell - 25096-0002,332571,4619926
after_2007,0005,F003337,N/D - Subterrània - 25120-0009,289048,4618082
after_2007,0005,F003339,Al·luvial del baix Segre_Cat - 25120-0020,297835,4606041
after_2007,0005,F003340,Al·luvial del baix Segre_Cat - 25210-0001,291154,4602567
after_2007,0005,F003349,Al·luvial d'Urgell - 25225-0015,337879.11,4617660.91
after_2007,0005,F003353,Al·luvial d'Urgell - 25248-0004,327285,4606183
after_2007,0005,F003355,Al·luvial d'Urgell - 25158-0004,322256,4612897
after_2007,0005,F003356,N/D - Subterrània - 25019-0001,292378,4619513
after_2007,0005,F003358,Al·luvial del baix Segre_Cat - 25254-0003,310768.98,4618433.62
after_2007,0005,F003368,Al·luvial del baix Segre_Cat - 25174-0001,304457,4623976
after_2007,0005,F003369,Al·luvial del baix Segre_Cat - 25231-0003,308092,4619350
after_2007,0005,F003371,N/D - Subterrània - 25008-0001,309752,4625929
after_2007,0005,F003373,Al·luvial d'Urgell - 25068-0009,329956,4611846
after_2007,0005,F003383,Al·luvial d'Urgell - 25168-0004,320732,4616487
after_2007,0005,F003389,Calcàries de Tàrrega - 25132-0001,360006,4629946
after_2007,0005,F003399,Serres marginals catalanes - 25094-0003,334922,4639920
after_2007,0005,F003405,Calcàries de Tàrrega - 25157-0008,345577,4625300
after_2007,0005,F003410,Calcàries de Tàrrega - 25110-0004,358684,4627028
after_2007,0005,F003417,Al·luvial d'Urgell - 25048-0003,316006,4611852
after_2007,0005,F003419,Al·luvial d'Urgell - 25248-0005,329821,4608510
after_2007,0005,F003425,Al·luvial del baix Segre_Cat - 25211-0001,297039,4604345
after_2007,0005,F003426,N/D - Subterrània - 25150-0003,352611,4636320
after_2007,0005,F003429,N/D - Subterrània - 25055-0004,363662,4632875
after_2007,0005,F003437,Al·luvial d'Urgell - 25027-0009,340406,4613945
after_2007,0005,F003444,Al·luvial d'Urgell - 25093-0002,321416,4610547
after_2007,0005,F003449,Al·luvial d'Urgell - 25225-0003,338579.02,4618834.41
after_2007,0005,F003450,Al·luvial d'Urgell - 25168-0003,320687,4616752
after_2007,0005,F003452,Al·luvial d'Urgell - 25050-0009,330904,4609808
after_2007,0005,F003454,Al·luvial d'Urgell - 25158-0003,323745,4612839
after_2007,0005,F003457,Al·luvial d'Urgell - 25248-0002,328276,4606116
after_2007,0005,F003459,Calcàries de Tàrrega - 25907-0027,354671,4621338
after_2007,0005,F003464,Al·luvial d'Urgell - 25099-0002,328121,4608687
after_2007,0005,F003474,N/D - Subterrània - 08103-0002,378994,4606126
after_2007,0005,F003486,N/D - Subterrània - 25170-0002,310206,4578497
after_2007,0005,F003487,N/D - Subterrània - 25224-0003,309806,4584997
after_2007,0005,F003488,N/D - Subterrània - 25226-0002,299456,4588347
after_2007,0005,F003510,Detrítics terciaris del Llobregat mig - 08191-0007,407756.19,4627165.89
after_2007,0005,F003516,Alta Anoia - 08084-0018,388683.15,4624815.04
after_2007,0005,F003517,Moianès-Sant Llorenç del Munt - 08034-0003,410561.18,4624255.87
after_2007,0005,F003518,Moianès-Sant Llorenç del Munt - 08034-0012,410461.18,4624405.87
after_2007,0005,F003526,Calcàries de Tàrrega - 25152-0012,361689.04,4615967.23
after_2007,0005,F003529,Calcàries de Tàrrega - 25152-0013,360496.44,4617210.84
after_2007,0005,F003530,Calcàries de Tàrrega - 25152-0006,362296.4,4617128.6
after_2007,0005,F003531,Calcàries de Tàrrega - 25907-0014,354743,4618698
after_2007,0005,F003534,Calcàries de Tàrrega - 25192-0004,364980,4610919
after_2007,0005,F003538,Calcàries de Tàrrega - 25103-0009,352614.7,4614254.6
after_2007,0005,F003541,Calcàries de Tàrrega - 25905-0008,362173,4609594
after_2007,0005,F003542,Calcàries de Tàrrega - 25905-0012,359721,4611360
after_2007,0005,F003546,Calcàries de Tàrrega - 25911-0025,350853,4616595
after_2007,0005,F003548,Calcàries de Tàrrega - 25109-0002,349344.92,4602926.3
after_2007,0005,F003550,Calcàries de Tàrrega - 25103-0010,352327,4612281
after_2007,0005,F003562,Calcàries de Tàrrega - 08036-0001,374335,4621523
after_2007,0005,F003563,N/D - Subterrània - 25046-0004,334896,4602741
after_2007,0005,F003575,Calcàries de Tàrrega - 25103-0006,350567,4613142
after_2007,0005,F003577,Calcàries de Tàrrega - 25217-0009,346912,4612011
after_2007,0005,F003578,Calcàries de Tàrrega - 25242-0008,342302,4608252
after_2007,0005,F003582,Calcàries de Tàrrega - 25104-0001,353670,4608983
after_2007,0005,F003591,Prades - Alt Francolí - 43147-0003,349410.4,4589875.4
after_2007,0005,F003593,Calcàries de Tàrrega - 25072-0009,358412,4618963
after_2007,0005,F003595,Calcàries de Tàrrega - 25217-0005,345106,4614986
after_2007,0005,F003631,Prades - Alt Francolí - 43086-0055,345488,4580003
after_2007,0005,F003633,Prades - Alt Francolí - 43086-0045,351795,4582145
after_2007,0005,F003634,Prades - Alt Francolí - 43054-0008,340341.75,4582769.34
after_2007,0005,F003635,Prades - Alt Francolí - 43029-0004,346228,4587899
after_2007,0005,F003636,Calcàries de Tàrrega - 25143-0003,352897,4607176
after_2007,0005,F003637,Prades - Alt Francolí - 43130-0005,356367,4593424
after_2007,0005,F003650,Calcàries de Tàrrega - 25905-0005,354856,4608806
after_2007,0005,F003652,Calcàries de Tàrrega - 25141-0008,358903,4604750
after_2007,0005,F003654,Calcàries de Tàrrega - 25242-0007,345424.06,4608628.94
after_2007,0005,F003663,N/D - Subterrània - 25255-0001,331006,4588496
after_2007,0005,F003667,N/D - Subterrània - 25010-0001,301106,4595297
after_2007,0005,F003669,N/D - Subterrània - 25020-0001,284006,4576897
after_2007,0005,F003670,N/D - Subterrània - 25133-0007,293106,4581697
after_2007,0005,F003672,N/D - Subterrània - 25058-0005,321906,4595546
after_2007,0005,F003677,N/D - Subterrània - 43032-0002,279805,4543197
after_2007,0005,F003678,N/D - Subterrània - 43064-0006,284305,4548847
after_2007,0005,F003681,Fossa de Móra - 43064-0009,287555.39,4546296.68
after_2007,0005,F003682,N/D - Subterrània - 43019-0059,296676,4563297
after_2007,0005,F003683,N/D - Subterrània - 43041-0005,268939,4546458
after_2007,0005,F003684,Ports de Beseit (CHE)_Cat - 43117-0016,281905.34,4539996.71
after_2007,0005,F003686,Ports de Beseit (CHE)_Cat - 43071-0041,274158.23,4527096.65
after_2007,0005,F003687,Ports de Beseit (CHE)_Cat - 43071-0040,273619.24,4528479.46
after_2007,0005,F003688,N/D - Subterrània - 43018-0005,268630,4532472
after_2007,0005,F003689,N/D - Subterrània - 43056-0001,288455,4559797
after_2007,0005,F003691,Al·luvials de l'alta i mitjana Tordera - 17103-0008,474439.9,4621253.3
after_2007,0005,F003700,Al·luvials de l'alta i mitjana Tordera - 17101-0118,470762,4621444
after_2007,0005,F003706,"Al·luvials del Ter Mig, Brugent i Llémena - 17008-0004",471827.43,4645453.44
after_2007,0005,F003708,"Al·luvials del Ter Mig, Brugent i Llémena - 17903-0009",472626.44,4646435.43
after_2007,0005,F003715,"Al·luvials del Ter Mig, Brugent i Llémena - 17903-0006",472636.44,4646665.43
after_2007,0005,F003717,"Al·luvials del Ter Mig, Brugent i Llémena - 17189-0010",468547,4646223
after_2007,0005,F003720,"Al·luvials del Ter Mig, Brugent i Llémena - 17163-0014",472839.45,4647044.43
after_2007,0005,F003724,"Al·luvials del Ter Mig, Brugent i Llémena - 17903-0005",470606.43,4646095.45
after_2007,0005,F003728,Al·luvials de l'alta i mitjana Tordera - 08082-0019,472834.25,4621055.39
after_2007,0005,F003735,Plioquaternari de l'Onyar - 17215-0014,483426,4645095
after_2007,0005,F003736,Plioquaternari de la Riera Santa Coloma - 17193-0037,480406,4629195
after_2007,0005,F003742,Plioquaternari de l'Onyar - 17073-0024,483244,4642178
after_2007,0005,F003745,Plioquaternari de l'Onyar - 17044-0060,490266,4635245
after_2007,0005,F003748,Fluviodeltaic del Baix Ter - 17049-0019,491522,4653525
after_2007,0005,F003751,Plioquaternari de l'Onyar - 17033-0072,485224.2,4632852.6
after_2007,0005,F003752,"Al·luvials del Ter Mig, Brugent i Llémena - 17163-0009",472880.45,4647021.43
after_2007,0005,F003756,Plioquaternari de la Riera Santa Coloma - 17148-0060,475561,4630397
after_2007,0005,F003758,Plioquaternari de l'Onyar - 17233-0022,479116,4636895
after_2007,0005,F003761,Montseny-Guilleries - 17148-0017,472948.33,4631223.41
after_2007,0005,F003768,Plioquaternari de la Riera Santa Coloma - 17193-0035,480486.6,4629254.5
after_2007,0005,F003773,Plioquaternari de l'Onyar - 17233-0014,479906,4636395
after_2007,0005,F003774,Montseny-Guilleries - 17164-0006,459256.35,4637275.52
after_2007,0005,F003780,"Al·luvials del Ter Mig, Brugent i Llémena - 17079-0007",484484.48,4648382.72
after_2007,0005,F003785,"Al·luvials del Ter Mig, Brugent i Llémena - 17020-0026",478839,4646385
after_2007,0005,F003793,Fluviodeltaic del Baix Ter - 17049-0016,489642.53,4654165.32
after_2007,0005,F003794,Al·luvials de la Baixa Costa Brava - 17034-0031,508024.4,4633399.14
after_2007,0005,F003797,Al·luvials de la Baixa Costa Brava - 17048-0021,503104,4628567
after_2007,0005,F003798,Al·luvials de la Baixa Costa Brava - 17048-0032,503620,4628625
after_2007,0005,F003799,Al·luvials de la Baixa Costa Brava - 17034-0044,507316.39,4633059.15
after_2007,0005,F003811,Al·luvials de la Baixa Costa Brava - 17034-0037,506650.4,4633883.15
after_2007,0005,F003814,Al·luvials de la Baixa Costa Brava - 17181-0040,495706,4630495
after_2007,0005,F003816,Al·luvials de la Baixa Costa Brava - 17118-0023,510809.8,4634486
after_2007,0005,F003817,Al·luvials de la Baixa Costa Brava - 17118-0025,510006,4633495
after_2007,0005,F003818,Al·luvials de la Baixa Costa Brava - 17118-0004,511008.3,4634848
after_2007,0005,F003824,Al·luvials de la Baixa Costa Brava - 17118-0005,510606,4634195
after_2007,0005,F003825,Al·luvials de la Baixa Costa Brava - 17048-0047,502772,4628285
after_2007,0005,F003830,Al·luvials de la Baixa Costa Brava - 17118-0003,510356.4,4633995.13
after_2007,0005,F003863,Al·luvials de l'alta i mitjana Tordera - 08207-0012,452263,4618840
after_2007,0005,F003864,Al·luvials de l'alta i mitjana Tordera - 08259-0012,454706.7,4615421.9
after_2007,0005,F003874,Al·luvials del Vallès - 08135-0015,436265,4599670
after_2007,0005,F003875,Prelitoral del Vallès - 08267-0016,426152.1,4610588.73
after_2007,0005,F003878,Al·luvials del Vallès - 08135-0027,437899.03,4599807.62
after_2007,0005,F003887,Al·luvials de l'alta i mitjana Tordera - 17159-0033,466924.23,4619664.43
after_2007,0005,F003906,Al·luvials de l'alta i mitjana Tordera - 08202-0101,463301.22,4618827.46
after_2007,0005,F003915,Al·luvials del Vallès - 08902-0033,440541.05,4600977.61
after_2007,0005,F003916,Al·luvials del Vallès - 08181-0018,446318.1,4606812.57
after_2007,0005,F003929,Al·luvials del Vallès - 08209-0015,434824,4596758
after_2007,0005,F003958,Prelitoral del Vallès - 08051-0028,422269,4609263
after_2007,0005,F003960,Prelitoral del Vallès - 08051-0034,421741,4609228
after_2007,0005,F003964,Al·luvials del Vallès - 08115-0018,435324.02,4597990.64
after_2007,0005,F003967,Detrític neogen del Vallès - 08107-0020,437564.3,4605830.4
after_2007,0005,F003976,Al·luvials del Vallès - 08136-0027,436720.03,4599340.63
after_2007,0005,F003980,Al·luvials de l'alta i mitjana Tordera - 08202-0059,463096,4618650
after_2007,0005,F003989,Al·luvials del Vallès - 08115-0019,435969.02,4598382.64
after_2007,0005,F003998,Al·luvials del Vallès - 08124-0022,435483.03,4599459.64
after_2007,0005,F004008,Detrític neogen del Vallès - 08180-0006,430070.98,4593815.67
after_2007,0005,F004010,Al·luvials de l'alta i mitjana Tordera - 17083-0005,468506.24,4620255.42
after_2007,0005,F004011,Al·luvials de l'alta i mitjana Tordera - 17159-0039,464804,4619350
after_2007,0005,F004012,Al·luvials del Vallès - 08096-0057,440268.08,4605201.61
after_2007,0005,F004013,Al·luvials del Vallès - 08096-0104,439664.08,4606015.62
after_2007,0005,F004014,Al·luvials del Vallès - 08136-0042,438928.05,4601651.62
after_2007,0005,F004023,Al·luvials del Vallès - 08086-0049,441057.13,4611764.62
after_2007,0005,F004026,Detrític neogen del Vallès - 08187-0041,427133.01,4599382.7
after_2007,0005,F004027,Prelitoral del Vallès - 08051-0040,423291.06,4606650.74
after_2007,0005,F004045,Al·luvials del Vallès - 08033-0022,431544.07,4606178.68
after_2007,0005,F004046,Al·luvials del Vallès - 08260-0009,431345.03,4600181.67
after_2007,0005,F004049,Al·luvials del Vallès - 08041-0013,440374.1,4607997.62
after_2007,0005,F004059,Al·luvials del Vallès - 08187-0028,424956.03,4602495.73
after_2007,0005,F004065,Al·luvials del Vallès - 08124-0029,434867.02,4598297.64
after_2007,0005,F004066,Al·luvials del Vallès - 08124-0026,435434.02,4598989.64
after_2007,0005,F004067,Al·luvials del Vallès - 08105-0012,433219,4595808.65
after_2007,0005,F004084,Detrític neogen del Vallès - 08279-0035,421584.3,4601526.2
after_2007,0005,F004090,Al·luvials del Vallès - 08108-0009,437035.07,4604805.64
after_2007,0005,F004096,Detrític neogen del Vallès - 08187-0042,423511.03,4602045.74
after_2007,0005,F004105,Al·luvials del Vallès - 08107-0024,436531.1,4609030.65
after_2007,0005,F004107,Al·luvials del Vallès - 08106-0041,447565.11,4608190.56
after_2007,0005,F004117,Al·luvials del Vallès - 08124-0023,435662.03,4599675.64
after_2007,0005,F004127,Maresme - 08029-0029,450366.02,4595805.52
after_2007,0005,F004128,Maresme - 08121-0102,453056.06,4600095.51
after_2007,0005,F004129,Maresme - 08121-0110,454816.07,4600735.5
after_2007,0005,F004130,Maresme - 08121-0117,454726.06,4599485.5
after_2007,0005,F004132,Maresme - 08121-0112,451785.4,4597694.9
after_2007,0005,F004133,Maresme - 08121-0113,453242,4598714
after_2007,0005,F004141,Maresme - 08029-0030,450998.03,4596275.52
after_2007,0005,F004143,Maresme - 08029-0027,451621.04,4597326.52
after_2007,0005,F004145,Maresme - 08029-0026,451631.03,4597035.52
after_2007,0005,F004146,Maresme - 08029-0022,451073.03,4597038.52
after_2007,0005,F004149,Maresme - 08029-0031,450256.03,4596595.52
after_2007,0005,F004150,Maresme - 08009-0060,450856.05,4599755.53
after_2007,0005,F004151,Maresme - 08009-0061,449281,4602345
after_2007,0005,F004152,Maresme - 08009-0031,450582,4600683
after_2007,0005,F004153,Maresme - 08006-0017,461796.09,4602705.45
after_2007,0005,F004155,Maresme - 08163-0015,474515.16,4608543.36
after_2007,0005,F004157,Maresme - 08029-0032,451166.03,4596835.52
after_2007,0005,F004158,Maresme - 08003-0029,441941.98,4592661.58
after_2007,0005,F004162,Maresme - 08219-0029,448514.01,4595275.54
after_2007,0005,F004164,Maresme - 08006-0016,464038.1,4603670.43
after_2007,0005,F004169,Maresme - 08163-0011,473366.15,4607655.37
after_2007,0005,F004171,Maresme - 08121-0101,452214.5,4601021.7
after_2007,0005,F004176,Maresme - 08121-0108,455776.06,4600055.49
after_2007,0005,F004177,Maresme - 08121-0103,456133.06,4599992.49
after_2007,0005,F004180,Maresme - 08126-0011,441075.98,4591585.59
after_2007,0005,F004184,Maresme - 08030-0019,448010.02,4596062.54
after_2007,0005,F004200,Maresme - 08040-0010,464134.95,4604500.12
after_2007,0005,F004202,Maresme - 08007-0033,461719.12,4606119.45
after_2007,0005,F004207,Maresme - 08007-0074,462479.13,4607744.45
after_2007,0005,F004211,Maresme - 08029-0043,450542.03,4596610.52
after_2007,0005,F004219,Maresme - 08163-0018,473331.16,4609345.37
after_2007,0005,F004221,Maresme - 08235-0020,467256.12,4605875.41
after_2007,0005,F004226,Maresme - 08197-0032,457456.07,4600690.48
after_2007,0005,F004233,Maresme - 08009-0037,451844.07,4601759.52
after_2007,0005,F004237,Maresme - 08118-0003,444223.99,4592754.56
after_2007,0005,F004238,Maresme - 08118-0019,445049.99,4593013.56
after_2007,0005,F004242,Maresme - 08030-0021,447009.04,4598510.55
after_2007,0005,F004243,Maresme - 08030-0018,446208.03,4597853.56
after_2007,0005,F004250,Maresme - 08219-0024,447950.02,4595575.54
after_2007,0005,F004261,Maresme - 08007-0041,461305.12,4606963.46
after_2007,0005,F004265,Maresme - 08281-0028,443823,4594106.57
after_2007,0005,F004266,Maresme - 08281-0029,443156,4594795.58
after_2007,0005,F004267,Maresme - 08007-0017,459699.11,4605091.47
after_2007,0005,F004269,Maresme - 08214-0020,447186.02,4595655.55
after_2007,0005,F004270,Maresme - 08029-0025,451462.23,4596716.82
after_2007,0005,F004272,Maresme - 08007-0043,460697.12,4607235.46
after_2007,0005,F004277,Maresme - 08203-0037,467203,4607525
after_2007,0005,F004279,Maresme - 08261-0016,474056.18,4611424.37
after_2007,0005,F004287,Maresme - 08197-0036,457353.07,4600397.48
after_2007,0005,F004289,Maresme - 08197-0034,457095.07,4600754.48
after_2007,0005,F004290,Maresme - 08197-0048,457481.07,4600389.48
after_2007,0005,F004291,Maresme - 08075-0009,451802.09,4605134.53
after_2007,0005,F004294,Maresme - 08197-0045,457546.07,4601175.48
after_2007,0005,F004297,Maresme - 08197-0050,456406.09,4603755.49
after_2007,0005,F004300,Maresme - 08203-0036,467086.14,4607455.41
after_2007,0005,F004304,Maresme - 08197-0033,458414.08,4601459.47
after_2007,0005,F004305,Maresme - 08230-0060,446816.01,4594515.55
after_2007,0005,F004307,Maresme - 08261-0018,476091.16,4609341.35
after_2007,0005,F004308,Maresme - 08261-0014,475681.16,4608710.35
after_2007,0005,F004310,Maresme - 08235-0015,467765.12,4605554.41
after_2007,0005,F004317,Maresme - 08219-0027,447806.01,4594915.54
after_2007,0005,F004323,Maresme - 08219-0035,448776.02,4595845.53
after_2007,0005,F004325,Maresme - 08264-0034,460026.09,4603335.46
after_2007,0005,F004327,Maresme - 08219-0025,447815,4594140
after_2007,0005,F004329,Maresme - 08261-0025,476516.16,4609145.34
after_2007,0005,F004330,Maresme - 08193-0017,463816.14,4608225.44
after_2007,0005,F004338,Maresme - 08264-0019,459486.08,4601722.46
after_2007,0005,F004340,Maresme - 08035-0015,471081.15,4607995.38
after_2007,0005,F004342,Maresme - 08040-0017,464032.11,4605044.43
after_2007,0005,F004343,Maresme - 08007-0064,461875.11,4604511.45
after_2007,0005,F004344,Maresme - 08007-0053,460678.12,4607196.46
after_2007,0005,F004345,Maresme - 08007-0068,460441.12,4607210.46
after_2007,0005,F004354,Maresme - 08219-0005,449206.01,4595107.53
after_2007,0005,F004363,Carme-Capellades - 08044-0003,390159,4597959
after_2007,0005,F004364,Carme-Capellades - 08165-0015,389566.05,4600591.85
after_2007,0005,F004365,Carme-Capellades - 08048-0008,384802,4598443
after_2007,0005,F004367,Carme-Capellades - 08048-0001,386150,4598246
after_2007,0005,F004369,Carme-Capellades - 08028-0002,390332,4596935
after_2007,0005,F004379,Detrític neogen del Penedès - 08288-0005,379289.82,4583537.04
after_2007,0005,F004383,Carme-Capellades - 08104-0002,376851,4592883
after_2007,0005,F004385,Detrític neogen del Penedès - 08162-0011,398456,4603305.93
after_2007,0005,F004388,Carme-Capellades - 08152-0007,380884,4597636
after_2007,0005,F004389,Calcàries de l'Alt Foix-Gaià - 08168-0004,375164,4586748
after_2007,0005,F004391,Carme-Capellades - 08122-0014,383838.6,4593006
after_2007,0005,F004395,Carme-Capellades - 08236-0003,387646.89,4591234.99
after_2007,0005,F004400,Carme-Capellades - 08286-0013,388287,4598460
after_2007,0005,F004402,Carme-Capellades - 08104-0013,376860.89,4592881.08
after_2007,0005,F004404,Carme-Capellades - 08122-0017,387471.91,4594498
after_2007,0005,F004407,Detrític neogen del Penedès - 08222-0021,405327.91,4590867.86
after_2007,0005,F004410,Sorres de Santa Oliva - 43020-0063,380405.73,4571541.02
after_2007,0005,F004414,Sorres de Santa Oliva - 43020-0079,380175.72,4570106.02
after_2007,0005,F004417,Detrític neogen del Penedès - 08273-0014,397933.84,4582385.9
after_2007,0005,F004419,Detrític neogen del Penedès - 08287-0028,395476.87,4586515.92
after_2007,0005,F004420,Detrític neogen del Penedès - 08287-0023,393594.89,4589971.94
after_2007,0005,F004423,Sorres de Santa Oliva - 43016-0040,382505.72,4570196
after_2007,0005,F004424,Sorres de Santa Oliva - 43020-0059,380588.72,4569971.01
after_2007,0005,F004431,Garraf - 43024-0035,380415.69,4566301.51
after_2007,0005,F004432,Sorres de Santa Oliva - 43024-0069,380425.69,4566396.01
after_2007,0005,F004437,Sorres de Santa Oliva - 43074-0056,378338.73,4571725.03
after_2007,0005,F004438,Sorres de Santa Oliva - 43074-0058,378012.92,4570430.69
after_2007,0005,F004441,Detrític neogen del Penedès - 08058-0024,383227.1,4572034.9
after_2007,0005,F004443,Detrític neogen del Penedès - 08066-0008,408094.92,4590788.84
after_2007,0005,F004448,Detrític neogen del Penedès - 08119-0026,402226.95,4596098.89
after_2007,0005,F004452,Detrític neogen del Penedès - 08236-0004,390106.53,4590448.68
after_2007,0005,F004455,Detrític neogen del Penedès - 08161-0009,395526.18,4597925.25
after_2007,0005,F004458,Detrític neogen del Penedès - 08161-0008,395911.62,4590789.6
after_2007,0005,F004461,Detrític neogen del Penedès - 08162-0029,399611.2,4599726.8
after_2007,0005,F004465,Sorres de Santa Oliva - 43020-0056,379075.7,4568264.02
after_2007,0005,F004484,Detrític neogen del Penedès - 08222-0025,404505.91,4590855.86
after_2007,0005,F004490,Detrític neogen del Penedès - 08076-0010,406062.97,4597971.86
after_2007,0005,F004497,Sorres de Santa Oliva - 43140-0078,376211.71,4569384.04
after_2007,0005,F004501,Sorres de Santa Oliva - 43020-0074,378674.71,4569446.03
after_2007,0005,F004503,Sorres de Santa Oliva - 43020-0076,378815.72,4570321.03
after_2007,0005,F004514,Detrític neogen del Penedès - 08273-0012,400630.88,4587320.89
after_2007,0005,F004519,Cubeta d'Abrera - 08076-0008,405878.37,4597551.16
after_2007,0005,F004531,Sorres de Santa Oliva - 43020-0081,379277,4568872
after_2007,0005,F004546,Sorres de Santa Oliva - 43020-0073,381055.72,4570546.01
after_2007,0005,F004574,Detrític neogen del Penedès - 08065-0003,386580.77,4575165.97
after_2007,0005,F004582,Detrític neogen del Penedès - 08076-0080,405939.79,4599419.17
after_2007,0005,F004592,Sorres de Santa Oliva - 43020-0087,379170.71,4569101.02
after_2007,0005,F004603,Sorres de Santa Oliva - 43140-0068,376673.71,4569167.04
after_2007,0005,F004607,Garraf - 43140-0065,378905,4566450
after_2007,0005,F004633,Garraf - 43140-0082,378837,4566410
after_2007,0005,F004656,Al·luvials de l'alta i mitjana Tordera - 17159-0161,465845,4619706
after_2007,0005,F004663,Sorres de Santa Oliva - 43020-0067,378975,4569100
after_2007,0005,F004667,Bloc del Gaià-Bonastre - 43028-0021,371230.72,4571571.09
after_2007,0005,F004671,Garraf - 08307-0030,394151,4566026
after_2007,0005,F004673,Garraf - 08231-0023,397205.72,4566895.88
after_2007,0005,F004676,Garraf - 08231-0025,395562.72,4567832.9
after_2007,0005,F004684,Garraf - 08231-0021,397941.73,4567826.88
after_2007,0005,F004691,Garraf - 08231-0026,394996,4565137
after_2007,0005,F004694,Bloc del Gaià-Bonastre - 08154-0004,388648.8,4578847.96
after_2007,0005,F004707,Garraf - 08270-0020,404613.7,4566791.8
after_2007,0005,F004717,Baix Gaià - 43126-0018,360569.6,4558982.15
after_2007,0005,F004718,Garraf - 08270-0023,405068.7,4567422.8
after_2007,0005,F004719,Bloc del Gaià-Bonastre - 08227-0012,384950.81,4580961
after_2007,0005,F004723,Garraf - 08307-0036,390766,4563156
after_2007,0005,F004726,Garraf - 08146-0006,404332,4579118
after_2007,0005,F004728,Baix Gaià - 43153-0016,366412.6,4556877.1
after_2007,0005,F004730,Baix Gaià - 43126-0006,362681,4557595
after_2007,0005,F004731,Bloc del Gaià-Bonastre - 43122-0015,360413,4564191
after_2007,0005,F004737,Bloc del Gaià-Bonastre - 43002-0034,373145,4565902
after_2007,0005,F004748,Baix Gaià - 43012-0022,364032,4555541
after_2007,0005,F004757,Baix Gaià - 43111-0019,367183.62,4559628.1
after_2007,0005,F004766,Baix Gaià - 43043-0010,355754,4556710
after_2007,0005,F004767,Baix Gaià - 43148-0015,362286,4555289
after_2007,0005,F004768,Garraf - 43131-0019,370468,4561172
after_2007,0005,F004769,Bloc del Gaià-Bonastre - 43030-0022,370147,4563104
after_2007,0005,F004773,Bloc del Gaià-Bonastre - 43050-0004,367465.63,4561595.1
after_2007,0005,F004777,Baix Gaià - 43050-0005,370131.42,4559063.27
after_2007,0005,F004781,Baix Gaià - 43163-0010,373448.64,4561466.05
after_2007,0005,F004782,Baix Gaià - 43163-0005,375791,4563168
after_2007,0005,F004786,Baix Gaià - 43131-0016,370662,4560760
after_2007,0005,F004787,Garraf - 08074-0004,386861,4562552
after_2007,0005,F004796,Baix Gaià - 43097-0006,364136,4560731
after_2007,0005,F004810,Garraf - 08043-0006,392112,4570128
after_2007,0005,F004811,Bloc del Gaià-Bonastre - 43135-0003,361810.65,4565121.15
after_2007,0005,F004812,Garraf - 08043-0014,392971.74,4570695.92
after_2007,0005,F004814,Garraf - 08231-0013,398649,4569459
after_2007,0005,F004815,Garraf - 08074-0014,388412,4563945
after_2007,0005,F004816,Bloc del Gaià-Bonastre - 43079-0005,369133.69,4568345.1
after_2007,0005,F004827,Bloc del Gaià-Bonastre - 43030-0020,369571,4563257
after_2007,0005,F004832,Baix Gaià - 43043-0005,355321,4556866
after_2007,0005,F004839,Alt Camp - 43161-0139,353415,4572745
after_2007,0005,F004845,Alt Camp - 43001-0026,366256.77,4580204.14
after_2007,0005,F004853,Baix Camp - 43129-0135,336074,4556206
after_2007,0005,F004857,Alt Camp - 43098-0022,356126,4567746
after_2007,0005,F004858,Calcàries de l'Alt Foix-Gaià - 43113-0004,363335.79,4582916.16
after_2007,0005,F004879,Bloc del Gaià-Bonastre - 43137-0031,378003.75,4575059.04
after_2007,0005,F004881,Baix Gaià - 43148-0016,362596,4555171
after_2007,0005,F004894,Baix Camp - 43005-0083,348972.67,4569830.25
after_2007,0005,F004897,Alt Camp - 43001-0031,363066,4578836
after_2007,0005,F004899,Cadí-Port del Comte - 25185-0008,365209.24,4682104.1
after_2007,0005,F004905,Llaberia - Prades meridional - 43031-0006,332452,4561160
after_2007,0005,F004934,Baix Francolí - 43171-0055,347117,4550454
after_2007,0005,F004938,Baix Camp - 43145-0017,343939,4563462
after_2007,0005,F004939,Baix Camp - 43145-0026,346422.6,4561850.26
after_2007,0005,F004940,Baix Camp - 43005-0084,346651.64,4566747.26
after_2007,0005,F004941,Baix Camp - 43161-0148,351040.66,4568531.23
after_2007,0005,F004942,Baix Camp - 43005-0067,347866.65,4568051.26
after_2007,0005,F004944,Alt Camp - 43161-0137,355705,4573692
after_2007,0005,F004945,Alt Camp - 43160-0042,353956,4568656
after_2007,0005,F004946,Alt Camp - 43160-0046,353355.66,4567796.22
after_2007,0005,F004952,Alt Camp - 43161-0178,354856,4575176
after_2007,0005,F004963,Alt Camp - 43161-0147,355285.72,4575156.21
after_2007,0005,F004964,Alt Camp - 43161-0149,355225.72,4575181.21
after_2007,0005,F004967,Alt Camp - 43161-0176,354559,4574559
after_2007,0005,F004969,Alt Camp - 43161-0159,352552,4570407
after_2007,0005,F004971,Alt Camp - 43161-0167,353005.69,4572109.22
after_2007,0005,F004972,Alt Camp - 43161-0136,355482,4573110
after_2007,0005,F004974,Llaberia - Prades meridional - 43167-0014,328350.5,4552533.38
after_2007,0005,F004978,Alt Camp - 43108-0043,358026,4581526
after_2007,0005,F004985,Baix Camp - 43092-0128,332105,4546190
after_2007,0005,F004986,Alt Camp - 43160-0047,353505.66,4568046.21
after_2007,0005,F004994,Baix Francolí - 43148-0027,351476,4555006
after_2007,0005,F004995,Baix Francolí - 43148-0006,350321,4552467
after_2007,0005,F005005,Bloc del Gaià-Bonastre - 43137-0009,376395.93,4572782.75
after_2007,0005,F005010,Baix Gaià - 43144-0005,355739,4561497
after_2007,0005,F005013,Alt Camp - 43010-0016,357904.71,4573906.19
after_2007,0005,F005039,Baix Camp - 43080-0015,351019.65,4567087.23
after_2007,0005,F005040,Bloc del Gaià-Bonastre - 43165-0006,361692,4566546
after_2007,0005,F005049,Baix Francolí - 43047-0029,350856,4558926
after_2007,0005,F005050,Baix Francolí - 43047-0033,351472,4557590
after_2007,0005,F005051,Alt Camp - 43034-0002,360136,4570326
after_2007,0005,F005052,Alt Camp - 43034-0003,360806,4570421
after_2007,0005,F005059,Alt Camp - 43119-0016,357056,4571106
after_2007,0005,F005067,Baix Camp - 43092-0141,328041,4544651
after_2007,0005,F005069,Baix Camp - 43092-0130,329115,4549952
after_2007,0005,F005070,Llaberia - Prades meridional - 43092-0129,327433,4551330
after_2007,0005,F005072,Llaberia - Prades meridional - 43128-0008,330510,4559150
after_2007,0005,F005081,Baix Francolí - 43095-0011,351241,4563391
after_2007,0005,F005083,Baix Camp - 43171-0060,341415.51,4551144.28
after_2007,0005,F005091,Baix Camp - 43047-0014,345294.58,4559170.26
after_2007,0005,F005092,Baix Camp - 43047-0032,346365.57,4557576.25
after_2007,0005,F005093,Baix Camp - 43005-0066,347776,4570903
after_2007,0005,F005095,Baix Francolí - 43905-0004,344082.5,4549246.26
after_2007,0005,F005096,Baix Camp - 43171-0013,343933.53,4552969.26
after_2007,0005,F005104,Baix Francolí - 43905-0005,343379,4549307
after_2007,0005,F005114,Baix Camp - 43129-0133,339081,4552238
after_2007,0005,F005120,Alt Camp - 43170-0012,361446,4573426
after_2007,0005,F005125,Baix Camp - 43123-0162,339976,4557311
after_2007,0005,F005131,Baix Camp - 43123-0140,340755.57,4558459.3
after_2007,0005,F005134,Llaberia - Prades meridional - 43167-0019,326555.51,4553396.4
after_2007,0005,F005135,Baix Camp - 43166-0018,348144,4564044
after_2007,0005,F005136,Baix Camp - 43166-0017,348165,4564035
after_2007,0005,F005171,Baix Camp - 43178-0019,335285,4553140
after_2007,0005,F005172,Llaberia - Prades meridional - 43011-0015,341643.6,4562453.3
after_2007,0005,F005178,Baix Camp - 43033-0015,331803.54,4556617.36
after_2007,0005,F005181,Baix Francolí - 43907-0003,347277.53,4551616.24
after_2007,0005,F005183,Baix Francolí - 43907-0005,348421,4551981
after_2007,0005,F005184,Baix Camp - 43038-0019,333806,4552821
after_2007,0005,F005185,Baix Camp - 43005-0033,346408,4569708
after_2007,0005,F005190,Baix Camp - 43088-0058,332388,4554164
after_2007,0005,F005197,Baix Camp - 43033-0017,331627.95,4558094.77
after_2007,0005,F005199,Baix Camp - 43145-0025,346649.62,4564200.26
after_2007,0005,F005203,Baix Camp - 43047-0018,346401.58,4559328.25
after_2007,0005,F005206,Baix Camp - 43038-0028,332462,4548257
after_2007,0005,F005213,Baix Camp - 43038-0027,335672.49,4549680.32
after_2007,0005,F005219,Baix Camp - 43047-0031,345065.58,4559596.27
after_2007,0005,F005226,Baix Camp - 43033-0016,330955.53,4554846.37
after_2007,0005,F005230,Baix Camp - 43047-0017,346985.57,4557476.25
after_2007,0005,F005232,Baix Camp - 43033-0011,331416,4555750
after_2007,0005,F005236,Baix Camp - 43038-0020,332485.48,4548286.34
after_2007,0005,F005239,Priorat - 43112-0007,318955.59,4566096.47
after_2007,0005,F005240,Priorat - 43069-0012,314219,4562753
after_2007,0005,F005241,Fossa de Móra - 43058-0002,309362,4566317
after_2007,0005,F005242,Priorat - 43023-0007,313526.45,4558956.68
after_2007,0005,F005243,Priorat - 43055-0127,314451,4557641
after_2007,0005,F005245,Priorat - 43055-0016,316581,4557096
after_2007,0005,F005246,Priorat - 43040-0002,313755.5,4553877.5
after_2007,0005,F005247,Fossa de Móra - 43151-0006,321906,4554606
after_2007,0005,F005249,Fossa de Móra - 43067-0056,300202,4544143
after_2007,0005,F005252,Fossa de Móra - 43150-0029,308078.1,4551680.8
after_2007,0005,F005253,Fossa de Móra - 43065-0022,302642,4556380
after_2007,0005,F005254,Fossa de Móra - 43085-0019,306556,4559972
after_2007,0005,F005255,Fossa de Móra - 43084-0105,298655,4545897
after_2007,0005,F005257,Fossa de Móra - 43084-0019,298126,4546081
after_2007,0005,F005258,Fossa de Móra - 43150-0032,309885,4545697
after_2007,0005,F005259,Fossa de Móra - 43094-0075,303395,4553172
after_2007,0005,F005264,Fossa de Móra - 43026-0039,300461,4548292
after_2007,0005,F005268,Fossa de Móra - 43150-0012,303668,4549151
after_2007,0005,F005269,Fossa de Móra - 43094-0047,301934.47,4553550.58
after_2007,0005,F005270,Fossa de Móra - 43082-0012,309784,4555799
after_2007,0005,F005276,Fossa de Móra - 43121-0047,300620,4540572
after_2007,0005,F005277,Fossa de Móra - 43093-0079,302629.44,4549630.57
after_2007,0005,F005278,Fossa de Móra - 43084-0106,295880,4547572
after_2007,0005,F005286,l'Ametlla de Mar- Perelló - 43013-0184,315776,4529665
after_2007,0005,F005288,l'Ametlla de Mar- Perelló - 43906-0423,305976.24,4522367.5
after_2007,0005,F005291,l'Ametlla de Mar- Perelló - 43013-0171,312758,4530336
after_2007,0005,F005297,l'Ametlla de Mar- Perelló - 43013-0238,315094,4532213
after_2007,0005,F005298,l'Ametlla de Mar- Perelló - 43013-0188,314745,4532354
after_2007,0005,F005299,l'Ametlla de Mar- Perelló - 43013-0187,316113,4532090
after_2007,0005,F005308,Cardó - Vandellòs - 43906-0160,303005,4518794
after_2007,0005,F005309,Cardó - Vandellòs - 43155-0217,293470,4522827
after_2007,0005,F005310,l'Ametlla de Mar- Perelló - 43104-0050,306812,4527260
after_2007,0005,F005312,l'Ametlla de Mar- Perelló - 43104-0046,307550,4528402
after_2007,0005,F005315,l'Ametlla de Mar- Perelló - 43906-0362,305175,4523107
after_2007,0005,F005316,l'Ametlla de Mar- Perelló - 43104-0051,309131,4522619
after_2007,0005,F005317,Cardó - Vandellòs - 43104-0053,301251,4521650
after_2007,0005,F005324,l'Ametlla de Mar- Perelló - 43906-0159,306108,4520011
after_2007,0005,F005326,Delta de l'Ebre - 43906-0018,304242.2,4517227.51
after_2007,0005,F005327,Cardó - Vandellòs - 43906-0388,304165,4519552
after_2007,0005,F005328,l'Ametlla de Mar- Perelló - 43906-0161,305533,4520977
after_2007,0005,F005329,Plana d'Alcanar - 43004-0239,290004.98,4490646.58
after_2007,0005,F005330,Plana d'Alcanar - 43004-0237,294755.03,4496996.55
after_2007,0005,F005331,Serra del Montsià - 43136-0017,296480.07,4501496.54
after_2007,0005,F005332,Serra del Montsià - 43136-0008,293905.06,4500796.56
after_2007,0005,F005333,Serra del Montsià - 43136-0019,295885,4500343
after_2007,0005,F005334,Plana de Vinaròs_Cat - 43004-0235,288768,4489263
after_2007,0005,F005335,Serra del Montsià - 43062-0001,288945.08,4504821.61
after_2007,0005,F005336,Mesozoic de la Galera - 43156-0043,277530.03,4500741.69
after_2007,0005,F005337,Mesozoic de la Galera - 43063-0006,284009.1,4508394.65
after_2007,0005,F005339,Mesozoic de la Galera - 43068-0009,285410.08,4505436.63
after_2007,0005,F005340,Plana d'Alcanar - 43004-0047,290304.99,4492606.58
after_2007,0005,F005341,Serra del Montsià - 43156-0041,288130.06,4501906.61
after_2007,0005,F005343,Plana de la Galera - 43068-0017,282965.06,4502931.65
after_2007,0005,F005347,Plana de la Galera - 43078-0070,291592.13,4510712.6
after_2007,0005,F005352,Plana de la Galera - 43138-0002,288724,4512489
after_2007,0005,F005354,Mesozoic de la Galera - 43133-0344,282105.18,4519886.68
after_2007,0005,F005359,Plana d'Alcanar - 43004-0240,291786,4493885.57
after_2007,0005,F005360,Mesozoic de la Galera - 43044-0001,271355.05,4504871.74
after_2007,0005,F005361,Plana de la Galera - 43078-0052,292654,4509555
after_2007,0005,F005362,Plana de la Galera - 43063-0027,284451.3,4506795.2
after_2007,0005,F005365,Mesozoic de la Galera - 43138-0095,286105.12,4510996.64
after_2007,0005,F005367,Cardó - Vandellòs - 43155-0268,292115,4527842
after_2007,0005,F005368,Plana d'Alcanar - 43136-0031,295145.05,4500071.55
after_2007,0005,F005371,Mesozoic de la Galera - 43014-0519,293951.12,4509376.58
after_2007,0005,F005372,Plana de la Sènia_Cat - 43156-0036,287245.02,4497086.61
after_2007,0005,F005373,Plana de la Galera - 43155-1007,283580.23,4525271.68
after_2007,0005,F005375,Mesozoic de la Galera - 43155-1005,287640.16,4515621.63
after_2007,0005,F005376,Plana de la Sènia_Cat - 43156-0030,282665.01,4497291.64
after_2007,0005,F005377,Mesozoic de la Galera - 43133-0335,283680.16,4515636.66
after_2007,0005,F005378,Ports de Tortosa - 43077-0007,277195.11,4511161.71
after_2007,0005,F005379,Serra del Montsià - 43156-0080,288397.06,4502409.61
after_2007,0005,F005385,Detrític neogen de l'Empordà - 17030-0014,497094.77,4684926.31
after_2007,0005,F005386,Fluviodeltaic del Fluvià - Muga - 17074-0004,503672.71,4676214.24
after_2007,0005,F005387,Fluviodeltaic del Fluvià - Muga - 17151-0003,503331.7,4674762.24
after_2007,0005,F005388,Fluviodeltaic del Fluvià - Muga - 17074-0003,501780.72,4677182.26
after_2007,0005,F005391,Fluviodeltaic del Fluvià - Muga - 17066-0013,499074.74,4680229.28
after_2007,0005,F005393,Fluviodeltaic del Fluvià - Muga - 17047-0035,504819,4677781
after_2007,0005,F005394,Fluviodeltaic del Fluvià - Muga - 17047-0034,507373.73,4677182.22
after_2007,0005,F005396,Fluviodeltaic del Fluvià - Muga - 17182-0007,497268.7,4676048.29
after_2007,0005,F005401,Fluviodeltaic del Fluvià - Muga - 17030-0011,498139.77,4684123.3
after_2007,0005,F005421,Fluviodeltaic del Fluvià - Muga - 17176-0005,499406.65,4668345.26
after_2007,0005,F005434,Fluviodeltaic del Fluvià - Muga - 17198-0011,503376.66,4669170.23
after_2007,0005,F005438,Fluviodeltaic del Fluvià - Muga - 17132-0004,500691.77,4684563.28
after_2007,0005,F005447,Detrític neogen de l'Empordà - 17198-0008,501685.66,4669470.25
after_2007,0005,F005466,Fluviodeltaic del Baix Ter - 17062-0002,508967,4662835
after_2007,0005,F005468,Fluviodeltaic del Fluvià - Muga - 17062-0006,508084.65,4666638.19
after_2007,0005,F005470,Fluviodeltaic del Fluvià - Muga - 17178-0055,508234.7,4668752.2
after_2007,0005,F005471,Fluviodeltaic del Fluvià - Muga - 17178-0052,509315.65,4666715.19
after_2007,0005,F005472,Fluviodeltaic del Fluvià - Muga - 17178-0054,508206.67,4669775.2
after_2007,0005,F005474,Fluviodeltaic del Fluvià - Muga - 17178-0056,507286.68,4670455.21
after_2007,0005,F005477,Fluviodeltaic del Fluvià - Muga - 17225-0009,504821.68,4671565.23
after_2007,0005,F005478,Fluviodeltaic del Fluvià - Muga - 17210-0025,505656.64,4665995.21
after_2007,0005,F005481,Fluviodeltaic del Fluvià - Muga - 17005-0015,499566.72,4677302.28
after_2007,0005,F005482,Fluviodeltaic del Fluvià - Muga - 17005-0010,499464.72,4677600.28
after_2007,0005,F005484,Fluviodeltaic del Baix Ter - 17062-0004,508930,4662090
after_2007,0005,F005486,Detrític neogen de l'Empordà - 17210-0041,505641.63,4665072.21
after_2007,0005,F005488,Fluviodeltaic del Fluvià - Muga - 17210-0023,500563.65,4668182.25
after_2007,0005,F005491,Fluviodeltaic del Fluvià - Muga - 17178-0050,506466.69,4673068.22
after_2007,0005,F005492,Fluviodeltaic del Fluvià - Muga - 17047-0024,507099.6,4675102.5
after_2007,0005,F005497,Fluviodeltaic del Fluvià - Muga - 17047-0010,508045,4672870
after_2007,0005,F005498,Fluviodeltaic del Fluvià - Muga - 17047-0016,507632.72,4675741.21
after_2007,0005,F005506,Fluviodeltaic del Fluvià - Muga - 17047-0029,507863,4679747
after_2007,0005,F005508,Fluviodeltaic del Fluvià - Muga - 17047-0031,506526.73,4677645.22
after_2007,0005,F005514,Fluviodeltaic del Fluvià - Muga - 17047-0015,507376.73,4677195.22
after_2007,0005,F005515,Fluviodeltaic del Fluvià - Muga - 17047-0070,505871.72,4676648.23
after_2007,0005,F005517,Fluviodeltaic del Baix Ter - 17018-0012,507455,4658402
after_2007,0005,F005521,Fluviodeltaic del Baix Ter - 17199-0036,513639,4652920
after_2007,0005,F005522,Fluviodeltaic del Baix Ter - 17068-0050,501581,4656051
after_2007,0005,F005523,Paleògens del Baix Ter - 17070-0007,508726.53,4651105.17
after_2007,0005,F005525,Fluviodeltaic del Baix Ter - 17018-0013,507474.59,4658402.19
after_2007,0005,F005545,Fluviodeltaic del Baix Ter - 17211-0025,503712,4656215
after_2007,0005,F005546,Fluviodeltaic del Baix Ter - 17085-0008,500731.57,4657870.24
after_2007,0005,F005552,Paleògens del Baix Ter - 17070-0005,508726.53,4650935.17
after_2007,0005,F005555,Paleògens del Baix Ter - 17085-0012,500560,4658596
after_2007,0005,F005564,Fluviodeltaic del Baix Ter - 17081-0004,508514.55,4653530.17
after_2007,0005,F005566,Fluviodeltaic del Baix Ter - 17018-0009,507679,4658131
after_2007,0005,F005581,Fluviodeltaic del Baix Ter - 17018-0014,509417,4660795
after_2007,0005,F005583,Fluviodeltaic del Baix Ter - 17199-0029,515786.54,4651312.11
after_2007,0005,F005584,Fluviodeltaic del Baix Ter - 17081-0006,510647.55,4652632.15
after_2007,0005,F005588,Fluviodeltaic del Baix Ter - 17070-0014,512212,4649890
after_2007,0005,F005589,Fluviodeltaic del Baix Ter - 17199-0044,510868,4653863
after_2007,0005,F005590,Fluviodeltaic del Baix Ter - 17199-0031,514182,4652845
after_2007,0005,F005591,Fluviodeltaic del Baix Ter - 17004-0020,506153,4661672
after_2007,0005,F005593,Fluviodeltaic del Baix Ter - 17199-0034,513522,4653031
after_2007,0005,F005594,Fluviodeltaic del Baix Ter - 17199-0028,514207,4651945
after_2007,0005,F005601,Fluviodeltaic del Baix Ter - 17199-0037,513768.55,4652137.13
after_2007,0005,F005607,Fluviodeltaic del Baix Ter - 17191-0021,505732,4653176
after_2007,0005,F005610,Fluviodeltaic del Baix Ter - 17018-0010,508263.15,4660932.85
after_2007,0005,F005611,Fluviodeltaic del Baix Ter - 17070-0015,510372,4650875
after_2007,0005,F005612,Fluviodeltaic del Baix Ter - 17081-0011,509552,4652975
after_2007,0005,F005613,Fluviodeltaic del Baix Ter - 17195-0028,506546.56,4655570.19
after_2007,0005,F005615,Fluviodeltaic del Baix Ter - 17070-0009,507227,4653526
after_2007,0005,F005617,Fluviodeltaic del Baix Ter - 17004-0007,508812,4661543
after_2007,0005,F005636,Al·luvials de la baixa i delta de la Tordera - 17023-0083,481166,4611815
after_2007,0005,F005640,Al·luvials de la baixa i delta de la Tordera - 17023-0102,481193,4612419
after_2007,0005,F005642,Al·luvials de la baixa i delta de la Tordera - 08155-0084,479419,4614675
after_2007,0005,F005645,Al·luvials de la baixa i delta de la Tordera - 08110-0025,480950.19,4611817.32
after_2007,0005,F005650,Al·luvials de la baixa i delta de la Tordera - 08110-0035,480133.3,4611063
after_2007,0005,F005651,Al·luvials de la baixa i delta de la Tordera - 08110-0011,480133.5,4611063.5
after_2007,0005,F005652,Al·luvials de la baixa i delta de la Tordera - 08110-0015,480133.8,4611063.2
after_2007,0005,F005653,Al·luvials de la baixa i delta de la Tordera - 17023-0101,481183,4612419
after_2007,0005,F005660,Al·luvials de la baixa i delta de la Tordera - 08110-0024,480480,4612043
after_2007,0005,F005661,Al·luvials de la baixa i delta de la Tordera - 08110-0033,480490,4612043
after_2007,0005,F005662,Al·luvials de la baixa i delta de la Tordera - 08110-0032,480500,4612043
after_2007,0005,F005667,Al·luvials de la baixa i delta de la Tordera - 08110-0140,479442,4611079
after_2007,0005,F005668,Al·luvials de la baixa i delta de la Tordera - 08110-0007,480458,4610953
after_2007,0005,F005670,Al·luvials de la baixa i delta de la Tordera - 08110-0013,480474,4612055
after_2007,0005,F005671,Al·luvials de la baixa i delta de la Tordera - 08110-0146,480527,4612475
after_2007,0005,F005672,Al·luvials de la baixa i delta de la Tordera - 08110-0009,481283,4611297
after_2007,0005,F005675,Al·luvials de la baixa i delta de la Tordera - 08110-0023,480318.19,4612501.32
after_2007,0005,F005677,Al·luvials de la baixa i delta de la Tordera - 08110-0016,481378,4611107
after_2007,0005,F005696,Al·luvials de la baixa i delta de la Tordera - 08110-0031,480151,4611857
after_2007,0005,F005698,Al·luvials de la baixa i delta de la Tordera - 08155-0096,479956,4612845
after_2007,0005,F005706,Al·luvials de la baixa i delta de la Tordera - 08110-0180,480458,4610954
after_2007,0005,F005717,Al·luvials de la baixa i delta de la Tordera - 08110-0185,480487,4611088
after_2007,0005,F005720,Al·luvials de la baixa i delta de la Tordera - 08110-0012,480892,4610711
after_2007,0005,F005721,Al·luvials de la baixa i delta de la Tordera - 08110-0029,479935,4611027
after_2007,0005,F005737,Al·luvials de la baixa i delta de la Tordera - 08110-0136,479631,4610864
after_2007,0005,F005754,Al·luvials de la baixa i delta de la Tordera - 17023-0099,481226,4611835
after_2007,0005,F005755,Al·luvials de la baixa i delta de la Tordera - 17023-0076,481566,4612035
after_2007,0005,F005757,Al·luvials de la baixa i delta de la Tordera - 17023-0111,481158,4611842
after_2007,0005,F005760,Al·luvials de la baixa i delta de la Tordera - 08284-0332,476440.22,4616683.36
after_2007,0005,F005761,Al·luvials de la baixa i delta de la Tordera - 17023-0081,480006,4613855
after_2007,0005,F005764,Al·luvials de la baixa i delta de la Tordera - 08110-0139,479746,4611545
after_2007,0005,F005765,Al·luvials de la baixa i delta de la Tordera - 08110-0142,480423,4612106
after_2007,0005,F005769,Al·luvials de la baixa i delta de la Tordera - 08284-0258,475396,4617365
after_2007,0005,F005773,Al·luvials de la baixa i delta de la Tordera - 08284-0297,477768,4616095
after_2007,0005,F005776,Al·luvials de la baixa i delta de la Tordera - 08284-0095,478808.2,4615375.3
after_2007,0005,F005782,Al·luvials de la baixa i delta de la Tordera - 08155-0087,480045,4613192
after_2007,0005,F005788,Al·luvials de la baixa i delta de la Tordera - 08284-0100,477879,4615931
after_2007,0005,F005789,Al·luvials de la baixa i delta de la Tordera - 08284-0115,475276,4618915
after_2007,0005,F005800,Cubeta d'Abrera - 08114-0009,410709,4592774
after_2007,0005,F005804,Vall baixa i Delta del Llobregat - 08101-0007,425034.34,4578416.33
after_2007,0005,F005815,Vall baixa i Delta del Llobregat - 08019-0084,425610,4576603
after_2007,0005,F005821,Vall baixa i Delta del Llobregat - 08019-0054,425954,4576162
after_2007,0005,F005822,Vall baixa i Delta del Llobregat - 08211-0013,418502,4582530
after_2007,0005,F005834,Vall baixa i Delta del Llobregat - 08200-0021,420376,4576223
after_2007,0005,F005837,Vall baixa i Delta del Llobregat - 08019-0093,425358,4576091
after_2007,0005,F005838,Vall baixa i Delta del Llobregat - 08019-0039,424906,4576436
after_2007,0005,F005843,Vall baixa i Delta del Llobregat - 08211-0018,418778.87,4582534.74
after_2007,0005,F005844,Vall baixa i Delta del Llobregat - 08211-0015,418994.87,4582345.74
after_2007,0005,F005848,Cubeta d'Abrera - 08001-0023,409138,4597511
after_2007,0005,F005863,Vall baixa i Delta del Llobregat - 08089-0035,415670.78,4571456.75
after_2007,0005,F005866,Cubeta d'Abrera - 08076-0071,407941,4598584
after_2007,0005,F005871,Cubeta de Sant Andreu - 08054-0052,413636,4591129
after_2007,0005,F005890,Vall baixa i Delta del Llobregat - 08211-0016,418897,4581628
after_2007,0005,F005892,Vall baixa i Delta del Llobregat - 08211-0019,418475,4582388
after_2007,0005,F005893,Vall baixa i Delta del Llobregat - 08301-0035,420296,4572886
after_2007,0005,F005895,Vall baixa i Delta del Llobregat - 08089-0040,418044,4570174
after_2007,0005,F005897,Vall baixa i Delta del Llobregat - 08301-0030,420058,4572709
after_2007,0005,F005899,Cubeta d'Abrera - 08114-0012,410891,4592781
after_2007,0005,F005901,Vall baixa i Delta del Llobregat - 08101-0005,424725.9,4578082.11
after_2007,0005,F005911,N/D - Subterrània - 08147-0018,410057,4602396
after_2007,0005,F005921,Vall baixa i Delta del Llobregat - 08200-0014,421039,4575109
after_2007,0005,F005924,Vall baixa i Delta del Llobregat - 08301-0028,418562.95,4571916.25
after_2007,0005,F005926,Vall baixa i Delta del Llobregat - 08217-0004,420723,4579266
after_2007,0005,F005928,Vall baixa i Delta del Llobregat - 08123-0012,417546,4584666
after_2007,0005,F005934,Vall baixa i Delta del Llobregat - 08200-0022,420695,4574538
after_2007,0005,F005936,Cubeta d'Abrera - 08147-0035,406093.98,4599811.86
after_2007,0005,F005938,Cubeta d'Abrera - 08114-0013,410825,4592835
after_2007,0005,F005939,Cubeta d'Abrera - 08114-0008,410045.94,4593455.83
after_2007,0005,F005940,Cubeta d'Abrera - 08114-0001,410088.94,4593488.82
after_2007,0005,F005941,Cubeta d'Abrera - 08114-0014,410668,4592893
after_2007,0005,F005944,Vall baixa i Delta del Llobregat - 08244-0003,418721,4580966
after_2007,0005,F005945,Vall baixa i Delta del Llobregat - 08263-0035,417302,4584237
after_2007,0005,F005947,Vall baixa i Delta del Llobregat - 08200-0007,420541,4577545
after_2007,0005,F005950,Cubeta d'Abrera - 08147-0006,406138.44,4599738.53
after_2007,0005,F005952,Vall baixa i Delta del Llobregat - 08157-0004,415961,4587341
after_2007,0005,F005960,Vall baixa i Delta del Llobregat - 08101-0009,426570.85,4578037.68
after_2007,0005,F006911,Conca alta de Freser i Ter  - 17177-0003,447526.65,4678981.67
after_2007,0005,F006918,Fluviodeltaic del Baix Ter - 17025-0010,493002,4653922
after_2007,0005,F006919,Conca alta de la Muga - 17041-0002,494832.85,4696260.34
after_2007,0005,F006921,Al·luvials de l'Albera i Cap de Creus - 17054-0006,512421,4694537
after_2007,0005,F006925,Bloc del Gaià-Bonastre - 43132-0006,369080.71,4570671.1
after_2007,0005,F006926,Massís Axial Pirenaic_Cat - 25140-0035,357212,4698874
after_2007,0005,F006927,Calcàries de l'Alt Foix-Gaià - 43120-0013,366221,4587298
after_2007,0005,F006931,Priorat - 43174-0011,312106,4565730
after_2007,0005,F006936,Vall baixa i Delta del Llobregat - 08169-0080,422883,4577037
after_2007,0005,F006938,La Cerdanya - 17006-0012,410903,4686319
after_2007,0005,F006945,Conca alta de la Muga - 17031-0026,479544,4680317
after_2007,0005,F006951,Plioquaternari de la Riera Santa Coloma - 17033-0067,484117,4631846
after_2007,0005,F006953,Plioquaternari de l'Onyar - 17038-0012,485950,4638270
after_2007,0005,F006954,Plioquaternari de l'Onyar - 17038-0013,486143.4,4637985.32
after_2007,0005,F006955,Conca alta del Fluvià - 17039-0007,456776,4685755
after_2007,0005,F006960,Fluviodeltaic del Baix Ter - 17067-0039,496187.55,4655545.27
after_2007,0005,F006965,Conca alta de Freser i Ter  - 17091-0004,445334,4684259
after_2007,0005,F006966,Baixa Garrotxa-Pla de l'Estany - 17098-0010,478428.6,4672145.4
after_2007,0005,F006976,Conca alta de Freser i Ter  - 17112-0020,441230,4678570
after_2007,0005,F006982,Conca alta de Freser i Ter  - 17145-0002,431549.39,4685900.53
after_2007,0005,F006993,Plioquaternari de l'Onyar - 17157-0007,485527,4635665
after_2007,0005,F007005,Fluviovolcànic de la Garrotxa - 17185-0015,458443,4673238.3
after_2007,0005,F007006,Al·luvials de l'Albera i Cap de Creus - 17188-0004,515301,4685535
after_2007,0005,F007014,Conca alta de Freser i Ter  - 17224-0014,442631.05,4683798.87
after_2007,0005,F007022,Massís Axial Pirenaic_Cat - 25024-0012,342141.82,4722947.54
after_2007,0005,F007023,Massís Axial Pirenaic_Cat - 25025-0008,325726,4727320
after_2007,0005,F007025,Massís Axial Pirenaic_Cat - 25030-0005,386911,4694610
after_2007,0005,F007027,Al·luvial del baix Segre_Cat - 25038-0003,288003,4596535
after_2007,0005,F007029,Serres marginals catalanes - 25042-0002,350165,4653045
after_2007,0005,F007030,Massís Axial Pirenaic_Cat - 25043-0002,318248,4710027
after_2007,0005,F007032,Tremp-Isona - 25098-0016,328779.37,4666202.55
after_2007,0005,F007041,Cadí-Port del Comte - 25148-0004,368354,4666538
after_2007,0005,F007047,Serres marginals catalanes - 25156-0018,311982,4638790
after_2007,0005,F007060,Serres marginals catalanes - 25156-0023,311305,4638197
after_2007,0005,F007065,Tremp-Isona - 25173-0001,315810,4696091
after_2007,0005,F007067,Massís Axial Pirenaic_Cat - 25227-0020,333512,4699020
after_2007,0005,F007083,Massís Axial Pirenaic_Cat - 25243-0003,318319.84,4730703.73
after_2007,0005,F007085,Cadí-Port del Comte - 25908-0002,372340,4672856
after_2007,0005,F007086,Cadí-Port del Comte - 25909-0001,378022,4682556
after_2007,0005,F007087,Cadí-Port del Comte - 25910-0008,385184,4675824
after_2007,0005,F007088,Cadí-Port del Comte - 25910-0003,384746,4675632
after_2007,0005,F007089,Cadí-Port del Comte - 25910-0004,385672.71,4678721.98
after_2007,0005,F007095,Ports de Tortosa - 43008-0011,277775.86,4526583.72
after_2007,0005,F007101,Cardó - Vandellòs - 43025-0076,294913,4535991
after_2007,0005,F007106,Prades - Alt Francolí - 43054-0030,342343,4581215
after_2007,0005,F007110,Ports de Tortosa - 43102-0004,284413.8,4533560.7
after_2007,0005,F007111,Llaberia - Prades meridional - 43118-0009,321102.45,4547228.43
after_2007,0005,F007121,Calcàries de l'Alt Foix-Gaià - 43141-0011,361661,4589724
after_2007,0005,F007122,Llaberia - Prades meridional - 43145-0104,342509,4565425
after_2007,0005,F007132,Vall baixa i Delta del Llobregat - 08019-0076,428464.85,4577683.66
after_2007,0005,F007133,Vall baixa i Delta del Llobregat - 08019-0067,429579,4577004
after_2007,0005,F007134,Vall baixa i Delta del Llobregat - 08019-0077,428299,4577097
after_2007,0005,F007135,Vall baixa i Delta del Llobregat - 08019-0068,428841,4575584
after_2007,0005,F007144,Prelitoral del Vallès - 08033-0054,432572.11,4610832.68
after_2007,0005,F007150,Conca alta de Cardener i Llobregat - 08052-0001,418645.02,4681642.5
after_2007,0005,F007154,Vall baixa i Delta del Llobregat - 08056-0010,413438,4568766
after_2007,0005,F007161,Vall baixa i Delta del Llobregat - 08089-0022,419786,4569192
after_2007,0005,F007162,Vall baixa i Delta del Llobregat - 08089-0023,417894,4570250
after_2007,0005,F007164,Conca alta de Cardener i Llobregat - 08093-0003,402060.39,4680228.22
after_2007,0005,F007165,Conca alta de Cardener i Llobregat - 08093-0002,401501.79,4680392.82
after_2007,0005,F007166,Conca alta de Cardener i Llobregat - 08099-0008,407186,4676461
after_2007,0005,F007167,Carme-Capellades - 08104-0018,380438,4594379
after_2007,0005,F007168,Al·luvials del Vallès - 08107-0038,436494.1,4609024.65
after_2007,0005,F007218,Garraf - 08295-0021,408874,4581872
after_2007,0005,F007221,Garraf - 08307-0093,392840,4564323
after_2007,0005,F007223,Vall baixa i Delta del Llobregat - 08200-0036,419573,4577955
after_2007,0005,F007226,Plioquaternari de l'Onyar - 17033-0103,486509.37,4634223.31
after_2007,0005,F007227,Plioquaternari de l'Onyar - 17033-0102,486025.36,4633031.31
after_2007,0005,F007228,Plioquaternari de l'Onyar - 17044-0072,490019.38,4634839.28
after_2007,0005,F007231,Plioquaternari de l'Onyar - 17089-0098,490498,4631014
after_2007,0005,F007232,Plioquaternari de l'Onyar - 17089-0097,491113,4629724
after_2007,0005,F007248,Conca alta de Freser i Ter  - 17145-0019,431155,4678354
after_2007,0005,F007253,Vall baixa i Delta del Llobregat - 08073-0024,421824,4577754
after_2007,0005,F007257,Plioquaternari de l'Onyar - 17150-0015,483245,4639279
after_2007,0005,F007258,Conca alta de la Muga - 17234-0002,490269.78,4687546.36
after_2007,0005,F007260,Al·luvials de l'alta i mitjana Tordera - 17083-0007,468568,4620645
after_2007,0005,F007271,Prades - Alt Francolí - 43124-0001,346064,4575437
after_2007,0005,F007272,Prades - Alt Francolí - 43021-0001,352555,4586208
after_2007,0005,F007317,Al·luvials de l'alta i mitjana Tordera - 08097-0004,461399.3,4618109.5
after_2007,0005,F007326,Llaberia - Prades meridional - 43007-0023,334074,4564635
after_2007,0005,F007776,Detrític neogen del Penedès - 08273-0024,401519.88,4586813.88
after_2007,0005,F007777,Detrític neogen del Penedès - 08240-0009,399760.88,4586925.89
after_2007,0005,F007801,Fluviodeltaic del Baix Ter - 17025-0018,492947,4654960
after_2007,0005,F007806,Vall baixa i Delta del Llobregat - 08169-0320,426514.1,4572023.77
after_2007,0005,F007814,Vall baixa i Delta del Llobregat - 08169-0315,427034.73,4574688.87
after_2007,0005,F007818,Fluviodeltaic del Baix Ter - 17067-0001,496303,4656126
after_2007,0005,F007828,Calcàries de Tàrrega - 25152-0003,360432,4617214
after_2007,0005,F007832,Calcàries de Tàrrega - 25072-0012,355751.19,4613762.7
after_2007,0005,F007946,Detrítics terciaris del Llobregat mig - 08012-0001,416506.27,4635477.84
after_2007,0005,F007985,Prades - Alt Francolí - 43172-0005,347851.45,4577811.01
after_2007,0005,F007990,Vall baixa i Delta del Llobregat - 08019-0135,426504,4575103
after_2007,0005,F008008,Conca alta de Cardener i Llobregat - 25100-0001,389237,4678215
after_2007,0005,F008009,Conca alta de Cardener i Llobregat - 08293-0001,402581,4673868
after_2007,0005,F008010,Conca alta de Cardener i Llobregat - 08293-0002,403761.82,4672761.71
after_2007,0005,F008011,Conca alta de Cardener i Llobregat - 25163-0010,382682.49,4670949.45
after_2007,0005,F008012,Conca alta del Fluvià - 17154-0003,471787.24,4677329.35
after_2007,0005,F008013,Conca alta del Fluvià - 17109-0002,461173,4680217
after_2007,0005,F008014,Conca alta del Fluvià - 17021-0008,474502,4677202
after_2007,0005,F008015,Vall baixa i Delta del Llobregat - 08169-0329,425244,4573718
after_2007,0005,F008016,Vall baixa i Delta del Llobregat - 08056-0016,416182,4569246
after_2007,0005,F008025,Al·luvials del Vallès - 08252-0003,428141,4596671.9
after_2007,0005,F008026,Detrític neogen del Vallès - 08252-0005,427983.4,4596639.6
after_2007,0005,F008027,Detrític neogen del Vallès - 08051-0006,422906.05,4604795.74
after_2007,0005,F008028,Detrític neogen del Vallès - 08187-0008,423996.04,4603285.73
after_2007,0005,F008029,Detrític neogen del Vallès - 08051-0024,423853.65,4606243.17
after_2007,0005,F008030,Al·luvials del Vallès - 08187-0010,424071.8,4603678.4
after_2007,0005,F008031,Detrític neogen del Vallès - 08279-0016,421953.03,4602079.75
after_2007,0005,F008032,Detrític neogen del Vallès - 08187-0012,425911.03,4601232.72
after_2007,0005,F008033,Detrític neogen del Vallès - 08279-0024,417892.04,4604999.78
after_2007,0005,F008034,Detrític neogen del Vallès - 08187-0079,426123.02,4600277.71
after_2007,0005,F008037,Conca alta de la Muga - 17029-0005,490381.76,4685145.36
after_2007,0005,F008045,Baixa Garrotxa-Pla de l'Estany - 17015-0066,480786.6,4665705.4
after_2007,0005,F008046,Baixa Garrotxa-Pla de l'Estany - 17071-0020,480852.6,4665874.4
after_2007,0005,F008048,Vall baixa i Delta del Llobregat - 08169-0348,426482.62,4573922.57
after_2007,0005,F008049,Plana de la Galera - 43133-0144,285604.21,4522630.66
after_2007,0005,F008087,Al·luvial del Segre mitjà - 25172-0005,349783.23,4642639.92
after_2007,0005,F008088,Baix Besòs i Pla de Barcelona - 08019-0011,426615.87,4581270.68
after_2007,0005,F008089,Baix Besòs i Pla de Barcelona - 08019-0001,433751,4586211
after_2007,0005,F008090,Baix Besòs i Pla de Barcelona - 08019-0007,426176.87,4581388.68
after_2007,0005,F008091,Baix Besòs i Pla de Barcelona - 08015-0017,435449,4586879
after_2007,0005,F008092,Baix Besòs i Pla de Barcelona - 08194-0001,434262,4587197
after_2007,0005,F008093,Baix Besòs i Pla de Barcelona - 08245-0005,432572,4589921
after_2007,0005,F008106,Baix Besòs i Pla de Barcelona - 08101-0021,424396,4579564
after_2007,0005,F008142,Baixa Garrotxa-Pla de l'Estany - 17105-0002,468154.21,4662419.22
after_2007,0005,F009390,Plana de Vic - Collsacabra - 08254-0036,451441.94,4655354.88
after_2007,0005,F009601,Detrític neogen de l'Empordà - 17169-0021,487697.52,4654436.33
after_2007,0005,F009608,Plana de la Galera - 43006-0082,289015.25,4527179.64
after_2007,0005,F009615,Al·luvials de l'alta i mitjana Tordera - 08082-0026,474391,4620840
after_2007,0005,F009763,Vall baixa i Delta del Llobregat - 08169-0322,425766,4573821
after_2007,0005,F009826,Baix Camp - 43047-0105,346769.91,4557736.01
after_2007,0005,F009837,Ports de Beseit (CHE)_Cat - 43117-0005,280121.32,4538659.73
after_2007,0005,F009839,Ports de Beseit (CHX)_Cat - 43044-0003,269314,4503084
after_2007,0005,F009841,Plana de la Sènia_Cat - 43156-0027,281972,4495800.65
after_2007,0005,F009842,Plana d'Alcanar - 43004-0048,287089.98,4491476.6
after_2007,0005,F009843,Plana de Vinaròs_Cat - 43004-0006,288679,4489173
after_2007,0005,F009845,l'Ametlla de Mar- Perelló - 43013-0289,314746.33,4532445.45
after_2007,0005,F009846,l'Ametlla de Mar- Perelló - 43013-0202,313856.34,4533334.46
after_2007,0005,F009847,l'Ametlla de Mar- Perelló - 43013-0249,313038,4529819
after_2007,0005,F009853,"Al·luvials del Ter Mig, Brugent i Llémena - 17079-0074",485086.48,4648678.34
after_2007,0005,F009855,Plioquaternari de l'Onyar - 17038-0030,484938,4638441
after_2007,0005,F009856,Plioquaternari de la Riera Santa Coloma - 17180-0099,472864.34,4632818.41
after_2007,0005,F009857,Plioquaternari de la Riera Santa Coloma - 17148-0089,473934.33,4631864.4
after_2007,0005,F009858,Fluviodeltaic del Baix Ter - 17199-0058,515970,4652559
after_2007,0005,F009913,Detrític neogen del Vallès - 08279-0027,420965.03,4603125.76
after_2007,0005,F009921,Fluviovolcànic de la Garrotxa - 17185-0037,460043.63,4673700.57
after_2007,0005,F009966,Detrític neogen del Penedès - 08162-0010,403365.96,4597555.88
after_2007,0005,F009972,Conca alta del Fluvià - 17021-0005,476107,4674302
after_2007,0005,F009976,Vall baixa i Delta del Llobregat - 08169-0321,425241.62,4573714.58
after_2007,0005,F009978,Vall baixa i Delta del Llobregat - 08169-0318,427013,4574692
after_2007,0005,F010195,Baix Besòs i Pla de Barcelona - 08019-0180,433771.41,4584801.13
after_2007,0005,F010196,Baix Besòs i Pla de Barcelona - 08019-0179,433772.91,4584801.93
after_2007,0005,F010197,Baix Besòs i Pla de Barcelona - 08194-0007,435004,4585969
after_2007,0005,F010198,Baix Besòs i Pla de Barcelona - 08194-0006,435005.7,4585966.9
after_2007,0005,F011209,Vall baixa i Delta del Llobregat - 08169-0352,427506,4573126
after_2007,0005,F011210,Vall baixa i Delta del Llobregat - 08169-0357,427507,4573127
after_2007,0005,F011219,Vall baixa i Delta del Llobregat - 08019-0168,427865.94,4576050.56
after_2007,0005,F011253,Al·luvial d'Urgell - 25135-0018,325895.02,4607855.79
after_2007,0005,F011296,Baix Besòs i Pla de Barcelona - 08015-0016,435367,4587027
after_2007,0005,F011311,Vall baixa i Delta del Llobregat - 08200-0038,419366,4578097
after_2007,0005,F011320,Montseny-Guilleries - 17009-0052,458981.29,4629270.51
after_2007,0005,F011331,Cubeta de Sant Andreu - 08054-0076,412836,4591835
after_2007,0005,F011332,Cubeta de Sant Andreu - 08054-0012,413263.93,4591777.8
after_2007,0005,F011343,Tremp-Isona - 25077-0001,359493,4673802
after_2007,0005,F011373,"Al·luvials del Ter Mig, Brugent i Llémena - 17008-0027",470427.4,4645508.5
after_2007,0005,F011385,Serres marginals catalanes - 25037-0003,310317.18,4645148.66
after_2007,0005,F011393,Llaberia - Prades meridional - 43081-0001,335012.38,4560935.44
after_2007,0005,F011470,Tremp-Isona - 25062-0010,324856,4655823
after_2007,0005,F011471,Massís Axial Pirenaic_Cat - 25209-0002,346071,4696720
after_2007,0005,F011472,Massís Axial Pirenaic_Cat - 25247-0004,311336,4734854
after_2007,0005,F011506,Sorres de Santa Oliva - 43140-0056,377939.69,4567277.03
after_2007,0005,F011508,Al·luvials de l'Albera i Cap de Creus - 17140-0001,516667.9,4686329.73
after_2007,0005,F011509,Al·luvials de l'Albera i Cap de Creus - 17092-0004,511885,4689918
after_2007,0005,F011510,Fluviovolcànic de la Garrotxa - 17114-0004,458899.59,4668717.57
after_2007,0005,F011511,Fluviovolcànic de la Garrotxa - 17114-0016,458145,4672531
after_2007,0005,F011512,Baixa Garrotxa-Pla de l'Estany - 17105-0003,468611,4662728
after_2007,0005,F011513,"Al·luvials del Ter Mig, Brugent i Llémena - 17133-0010",461610.41,4656327.86
after_2007,0005,F011515,Fluviovolcànic de la Garrotxa - 17184-0016,465957,4666027
after_2007,0005,F011516,Fluviovolcànic de la Garrotxa - 17207-0031,453612,4665846
after_2007,0005,F011517,Fluviovolcànic de la Garrotxa - 17208-0051,456932,4673253
after_2007,0005,F011518,Fluviovolcànic de la Garrotxa - 17207-0085,454415,4661981
after_2007,0005,F011519,Fluviovolcànic de la Garrotxa - 17207-0086,453617,4664226
after_2007,0005,F011520,Fluviovolcànic de la Garrotxa - 17207-0087,454177.4,4668218.4
after_2007,0005,F011521,Baixa Garrotxa-Pla de l'Estany - 17165-0009,467587.64,4673370.51
after_2007,0005,F011522,Baixa Garrotxa-Pla de l'Estany - 17019-0010,474359.7,4671726.2
after_2007,0005,F011523,Fluviovolcànic de la Garrotxa - 17207-0050,453799.16,4669093.61
after_2007,0005,F011524,Fluviovolcànic de la Garrotxa - 17184-0049,463596.88,4666076.53
after_2007,0005,F011525,Fluviovolcànic de la Garrotxa - 17208-0052,456831.62,4673322.39
after_2007,0005,F011526,Fluviovolcànic de la Garrotxa - 17185-0049,462030.93,4673155.25
after_2007,0005,F011527,Fluviovolcànic de la Garrotxa - 17114-0080,455626,4670413
after_2007,0005,F011528,Fluviovolcànic de la Garrotxa - 17207-0092,453879.57,4666681.31
after_2007,0005,F011529,Fluviovolcànic de la Garrotxa - 17149-0003,453412,4670806
after_2007,0005,F011530,Fluviovolcànic de la Garrotxa - 17208-0040,455654,4673570
after_2007,0005,F011531,Fluviovolcànic de la Garrotxa - 17114-0054,458420,4670925
after_2007,0005,F011533,Baixa Garrotxa-Pla de l'Estany - 17105-0006,470506.57,4664380.48
after_2007,0005,F011534,Baixa Garrotxa-Pla de l'Estany - 17109-0025,467427.16,4675772.02
after_2007,0005,F011535,N/D - Superficial - ITAM01,480434,4612743
after_2007,0005,F011537,Fluviovolcànic de la Garrotxa - 17114-0081,457349.58,4667523.28
after_2007,0005,F011538,"Al·luvials del Ter Mig, Brugent i Llémena - 17183-0018",468211.51,4656819.18
after_2007,0005,F011570,Al·luvial de Tortosa - 43155-0056,288961,4518807
after_2007,0005,F011571,Al·luvial de Tortosa - 43155-0642,290639,4518211
after_2007,0005,F011572,Al·luvial de Tortosa - 43155-0923,292686,4515127
after_2007,0005,F011574,Delta de l'Ebre - 43901-0006,308343,4510766
after_2007,0005,F011611,Cubeta d'Abrera - 08054-0084,410160.25,4594290.13
after_2007,0005,F011612,Cubeta d'Abrera - 08054-0082,411026.24,4592661.52
after_2007,0005,F011624,Vall baixa i Delta del Llobregat - 08089-0045,419818,4569355.5
after_2007,0005,F011626,Plana de Vic - Collsacabra - 08100-0035,440097.4,4647262.68
after_2007,0005,F011657,Al·luvials de l'alta i mitjana Tordera - 08202-0024,461931.21,4618377.47
after_2007,0005,F011658,Vall baixa i Delta del Llobregat - 08244-0010,419020,4579473
after_2007,0005,F011660,Vall baixa i Delta del Llobregat - 08263-0031,417460.15,4583684.58
after_2007,0005,F011661,Garraf - 08270-0040,397894.91,4565122.77
after_2007,0005,F011665,Fluviovolcànic de la Garrotxa - 17114-0076,459660,4670808
after_2007,0005,F011668,Fluviovolcànic de la Garrotxa - 17185-0047,458154,4673738
after_2007,0005,F011699,Cardó - Vandellòs - 43155-0141,292053,4521080
after_2007,0005,F011709,Mesozoic de la Galera - 43138-0133,288709.1,4512605.6
after_2007,0005,F011735,Al·luvials de la baixa i delta de la Tordera - 17023-0024,481044,4612397
after_2007,0005,F011740,Fluviodeltaic del Baix Ter - 17049-0032,489815,4654850
after_2007,0005,F011741,Delta de l'Ebre - 43014-0009,300538,4508151
after_2007,0005,F011742,Delta de l'Ebre - 43014-0440,305101,4506297
after_2007,0005,F011743,Delta de l'Ebre - 43014-0517,296571,4506730
after_2007,0005,F011744,Delta de l'Ebre - 43136-0028,297500,4501452
after_2007,0005,F011745,Priorat - 43116-0073,331026,4574946
after_2007,0005,F011746,Al·luvial de Tortosa - 43155-0658,290932,4526807
after_2007,0005,F011747,Fluviodeltaic del Baix Ter - 17166-0020,497389.71,4656330.09
after_2007,0005,F011748,Garraf - 08058-0061,388005.89,4567049.03
after_2007,0005,F011753,Priorat - 43009-0077,323251.08,4561982.1
after_2007,0005,F011754,Al·luvial de Tortosa - 43149-0003,288918,4530398
after_2007,0005,F011757,Vall baixa i Delta del Llobregat - 08169-0390,428808.5,4571884.51
after_2007,0005,F011758,Vall baixa i Delta del Llobregat - 08019-0189,429119.74,4576299.65
after_2007,0005,F011759,Vall baixa i Delta del Llobregat - 08019-0241,429116.26,4576293.76
after_2007,0005,F011760,Vall baixa i Delta del Llobregat - 08019-0242,429117.24,4576296.55
after_2007,0005,F011761,Vall baixa i Delta del Llobregat - 08019-0188,428505.93,4574823.96
after_2007,0005,F011762,Vall baixa i Delta del Llobregat - 08019-0269,428527.8,4574828.27
after_2007,0005,F011763,Maresme - 08214-0031,446651,4596114
after_2007,0005,F011765,Vall baixa i Delta del Llobregat - 08169-0891,425271.12,4575081.43
after_2007,0005,F011766,Cardó - Vandellòs - 43155-0057,292204,4525785
after_2007,0005,F011767,Fossa de Móra - 43064-0005,287493.39,4546197.68
after_2007,0005,F011768,Plana de la Galera - 43133-0098,287947.21,4522461.64
after_2007,0005,F011769,Mesozoic de la Galera - 43133-0115,281600.2,4522382.69
after_2007,0005,F011770,Mesozoic de la Galera - 43133-0130,284070.16,4515746.66
after_2007,0005,F011771,Cardó - Vandellòs - 43155-0509,292132,4519083
after_2007,0005,F011774,Mesozoic de la Galera - 43063-0023,284050.1,4508234.65
after_2007,0005,F011775,Fossa de Móra - 43085-0004,306542.53,4560146.56
after_2007,0005,F011776,Mesozoic de la Galera - 43014-0257,293868.12,4509135.58
after_2007,0005,F011777,Mesozoic de la Galera - 43068-0022,285923,4505273
after_2007,0005,F011778,Mesozoic de la Galera - 43078-0097,289226.11,4508633.61
after_2007,0005,F011779,Plana de la Galera - 43155-0828,288195.18,4518301.63
after_2007,0005,F011780,Fossa de Móra - 43085-0026,307059,4560329.5
after_2007,0005,F011781,Fossa de Móra - 43025-0094,292113,4539250
after_2007,0005,F011782,l'Ametlla de Mar- Perelló - 43104-0063,305208.29,4528521.52
after_2007,0005,F011783,l'Ametlla de Mar- Perelló - 43013-0240,312655,4530651
after_2007,0005,F011784,l'Ametlla de Mar- Perelló - 43013-0264,309600,4533381
after_2007,0005,F011786,Baixa Garrotxa-Pla de l'Estany - 17071-0027,480674.2,4666346.5
after_2007,0005,F011795,Alt Urgell - 25203-0026,374129.13,4690941.25
after_2007,0005,F011805,Baix Camp - 43178-0029,337535,4549608
after_2007,0005,F011823,Fluviodeltaic del Baix Ter - 17025-0020,492721,4655808
after_2007,0005,F011825,Calcàries de Tàrrega - 25911-0006,351832.18,4619057.78
after_2007,0005,F011873,Fluviodeltaic del Baix Ter - 17191-0011,506232,4653068
after_2007,0005,F011928,Detrític neogen de l'Empordà - 17136-0013,492595.66,4671534.32
after_2007,0005,F011941,Conca alta del Fluvià - 17109-0029,464243,4674518
after_2007,0005,F011972,Paleògens del Baix Ter - 17168-0013,495427.74,4653865.33
after_2007,0005,F011993,Paleògens del Baix Ter - 17232-0016,498360.12,4661177.13
after_2007,0005,F012554,Baixa Garrotxa-Pla de l'Estany - 17071-0029,480673.6,4666346.7
after_2007,0005,F012572,Detrític neogen del Vallès - 08187-0039,426470.01,4599267.71
after_2007,0005,F012575,Maresme - 08007-0091,459367.12,4607375.47
after_2007,0005,F012576,Maresme - 08029-0050,450457.03,4596563.52
after_2007,0005,F012577,Maresme - 08118-0023,441525.98,4591740.58
after_2007,0005,F012579,Maresme - 08121-0033,454396.06,4599788.5
after_2007,0005,F012582,Calcàries de l'Alt Foix-Gaià - 08168-0013,374065.83,4586185.09
after_2007,0005,F012583,Calcàries de l'Alt Foix-Gaià - 08168-0012,374066.5,4586185.64
after_2007,0005,F012622,"Al·luvials del Ter Mig, Brugent i Llémena - 17020-0073",473755.23,4647087.21
after_2007,0005,F012627,Alt Camp - 43098-0005,356366,4568503
after_2007,0005,F012628,Baixa Garrotxa-Pla de l'Estany - 17019-0015,476267.4,4671913.14
after_2007,0005,F012629,Detrític neogen de l'Empordà - 17058-0013,483891.63,4669708.38
after_2007,0005,F012630,"Al·luvials del Ter Mig, Brugent i Llémena - 17189-0025",468991.79,4646642.9
after_2007,0005,F012631,Detrític neogen de l'Empordà - 17071-0031,483698.29,4663975.34
after_2007,0005,F012632,Baixa Garrotxa-Pla de l'Estany - 17174-0020,474002.69,4663871.03
after_2007,0005,F012639,Plioquaternari de l'Onyar - 17150-0035,483826.39,4637950.33
after_2007,0005,F012651,Montseny-Guilleries - 08241-0019,448497.53,4638957.66
after_2007,0005,F012665,Plioquaternari de l'Onyar - 17038-0005,487203,4639312
after_2007,0005,F012666,Plana de Vic - Collsacabra - 08254-0053,447266,4655533
after_2007,0005,F012668,Llaberia - Prades meridional - 43167-0013,328405.5,4552396.38
after_2007,0005,F012669,Fluviovolcànic de la Garrotxa - 17207-0056,453377,4666011
after_2007,0005,F012691,Detrítics terciaris del Llobregat mig - 08191-0019,409279,4626275
after_2007,0005,F012692,N/D - Subterrània - 08092-0004,407431.31,4654152.83
after_2007,0005,F012693,Detrítics terciaris del Llobregat mig - 08262-0011,405268.67,4612939.76
after_2007,0005,F012694,Calcàries de Tàrrega - 25219-0001,356870.77,4621480.67
after_2007,0005,F012695,Garraf - 08058-0019,382807.93,4567701.32
after_2007,0005,F012696,Sorres de Santa Oliva - 43020-0021,379670.72,4569854.02
after_2007,0005,F012699,Baixa Garrotxa-Pla de l'Estany - 17200-0006,469805.55,4675085.97
after_2007,0005,F012705,Garraf - 08058-0062,388010,4567059
after_2007,0005,F012706,Baixa Garrotxa-Pla de l'Estany - 17071-0030,480673.4,4666346.5
after_2007,0005,F012708,Calcàries de Tàrrega - 25085-0014,366144.85,4616227.69
after_2007,0005,F012714,Vall baixa i Delta del Llobregat - 08169-1107,423854.83,4575583.99
after_2007,0005,F012715,Vall baixa i Delta del Llobregat - 08169-1108,423850.83,4575591.39
after_2007,0005,F012762,Al·luvials de l'alta i mitjana Tordera - 17027-0020,462853.8,4622031.71
after_2007,0005,F012807,Al·luvial d'Urgell - 25027-0007,337205.77,4615975.52
after_2007,0005,F012809,N/D - Subterrània - 17008-0029,469554,4644444
after_2007,0005,F012810,N/D - Subterrània - 17116-0005,463218.43,4643553.55
after_2007,0005,F012838,Al·luvials de l'alta i mitjana Tordera - 08202-0003,460006,4617125
after_2007,0005,F012936,Massís Axial Pirenaic_Cat - 25025-0006,332678.51,4730190.74
after_2007,0005,F012937,Massís Axial Pirenaic_Cat - 25247-0002,313920,4736084
after_2007,0005,F012943,N/D - Subterrània - 25150-0001,352963,4639331
after_2007,0005,F012944,N/D - Subterrània - 25034-0035,342987,4638215
after_2007,0005,F012964,Cadí-Port del Comte - 25148-0021,367856,4666446
after_2007,0005,F012965,N/D - Subterrània - 08171-0006,419465,4651584
after_2007,0005,F012975,Detrítics terciaris del Llobregat mig - 08192-0011,403555.18,4626652.93
after_2007,0005,F012976,Detrítics terciaris del Llobregat mig - 08192-0008,404477.18,4625805.92
after_2007,0005,F012978,Serres marginals catalanes - 25002-0017 superficial,314178,4652212
after_2007,0005,F012979,La Cerdanya - 17141-0009,412627,4698061
after_2007,0005,F012980,La Cerdanya - 17141-0021,411257,4697657
after_2007,0005,F012981,La Cerdanya - 25051-0020,401850,4690722
after_2007,0005,F012982,La Cerdanya - 25051-0029,401297.15,4688144.04
after_2007,0005,F012983,La Cerdanya - 25175-0034,403887.68,4691640.02
after_2007,0005,F012984,Cadí-Port del Comte - 25139-0008,390006.61,4686096.12
after_2007,0005,F012986,Vall baixa i Delta del Llobregat - 08019-0566,427412.24,4575049.49
after_2007,0005,F012987,Vall baixa i Delta del Llobregat - 08019-0567,427867.08,4576005.35
after_2007,0005,F012988,Vall baixa i Delta del Llobregat - 08019-0568,427659.75,4575565
after_2007,0005,F012989,Vall baixa i Delta del Llobregat - 08019-0569,426912.99,4575280.62
after_2007,0005,F012990,Vall baixa i Delta del Llobregat - 08019-0570,427707.05,4577391.88
after_2007,0005,F012991,Vall baixa i Delta del Llobregat - 08019-0573,427572.14,4576202.35
after_2007,0005,F012992,Vall baixa i Delta del Llobregat - 08019-0574,428290.46,4577228.01
after_2007,0005,F012993,Vall baixa i Delta del Llobregat - 08169-1139,425341.2,4572996.62
after_2007,0005,F012994,Vall baixa i Delta del Llobregat - 08169-1140,425713.03,4573487.79
after_2007,0005,F012995,Vall baixa i Delta del Llobregat - 08169-1142,424076.24,4573944.47
after_2007,0005,F012996,Vall baixa i Delta del Llobregat - 08169-1144,425079.62,4574063.68
after_2007,0005,F012997,Vall baixa i Delta del Llobregat - 08169-1141,425804.43,4574632.55
after_2007,0005,F012998,Vall baixa i Delta del Llobregat - 08169-1143,426197.71,4573114.97
after_2007,0005,F013008,Al·luvials de la baixa i delta de la Tordera - 08155-0171,479360,4614808
after_2007,0005,F013009,N/D - Subterrània - 25023-0003,295295,4615788
after_2007,0005,F013010,N/D - Subterrània - 43096-0014,319703.4,4570729.9
after_2007,0005,F013011,N/D - Subterrània - 25253-0003,328498.57,4580915.92
after_2007,0005,F013012,N/D - Subterrània - 25073-0003,321646,4587931
after_2007,0005,F013014,Vall baixa i Delta del Llobregat - 08019-0565,428357.92,4577027.01
after_2007,0005,F013015,Vall baixa i Delta del Llobregat - 08019-0571,428835.95,4577588.52
after_2007,0005,F013016,Vall baixa i Delta del Llobregat - 08019-0572,428188.91,4576519.96
after_2007,0005,F013051,Detrític neogen del Vallès - 08279-0106,417101,4600085.78
after_2007,0005,F013059,Detrític neogen del Penedès - 08161-0003,397981.09,4596752.46
after_2007,0005,F013060,Bloc del Gaià-Bonastre - 08094-0003,391111.49,4580849.65
after_2007,0005,F013061,Fluviodeltaic del Baix Ter - 17070-0049,506904,4653958
after_2007,0005,F014016,Baix Camp - 43092-0212,329099,4544972
after_2007,0005,F014101,Al·luvial de Tortosa - 43006-0077,289391,4528938
after_2007,0005,F014102,Cardó - Vandellòs - 43149-0054,290666,4531629
after_2007,0005,F014103,Al·luvial de Tortosa - 43014-0140,293811,4513185
after_2007,0005,F014104,Fossa de Móra - 43084-0026,298265,4546077
after_2007,0005,F014105,Priorat - 43015-0004,328241,4567799
after_2007,0005,F014107,Delta de l'Ebre - 43014-0281,297440,4504412
after_2007,0005,F014138,N/D - Subterrània - 17034-0091,505778,4632941
after_2007,0005,F014139,Al·luvials de la Baixa Costa Brava - 17034-0062,507714.4,4633067.7
after_2007,0005,F014140,Al·luvials de l'alta i mitjana Tordera - 08259-0015,453956.6,4616654
after_2007,0005,F014160,Prelitoral del Vallès - 08051-0088,422874.82,4608172.06
after_2007,0005,F014161,Prelitoral del Vallès - 08120-0024,418527.78,4606327.48
after_2007,0005,F014162,Prelitoral del Vallès - 08023-0086,436011.1,4613775.7
after_2007,0005,F014167,Maresme - 08261-0039,477011.9,4609429.6
after_2007,0005,F014171,Prelitoral del Vallès - 08023-0087,433321.82,4615594.39
after_2007,0005,F014255,Garraf - 43037-0021,379958,4562530
after_2007,0005,F014304,Al·luvial d'Urgell - 25252-0003,324610,4613171
after_2007,0005,F014305,Prelitoral del Vallès - 08023-0089,431962.52,4611882.78
after_2007,0005,F014396,Vall baixa i Delta del Llobregat - 08169-0389,427694.52,4573875.86
after_2007,0005,F014398,Vall baixa i Delta del Llobregat - 08169-1165,427360,4574130
after_2007,0005,F014399,Vall baixa i Delta del Llobregat - 08169-1167,428330,4574315
after_2007,0005,F014400,Vall baixa i Delta del Llobregat - 08169-1166,427386,4573607
after_2007,0005,F014401,Al·luvials del Vallès - 08180-0007,429932.97,4593814.67
after_2007,0005,F014404,Baix Francolí - 43047-0050,350928,4558533
after_2007,0005,F014431,Al·luvials del Vallès - 08209-0034,435044.01,4597035.64
after_2007,0005,F014434,Detrític neogen de l'Empordà - 17115-0017,491762.64,4675049.51
after_2007,0005,F014476,Calcàries de l'Alt Foix-Gaià - 43001-0036,367172.98,4582167.83
after_2007,0005,F014640,Fluviovolcànic de la Garrotxa - 17139-0015,455808,4666905
after_2007,0005,F014641,Fluviovolcànic de la Garrotxa - 17114-0027,457055.83,4668670.96
after_2007,0005,F014642,Fluviovolcànic de la Garrotxa - 17207-0021,454532.3,4663070.84
after_2007,0005,F014643,Fluviovolcànic de la Garrotxa - 17208-0013,454932,4673576
after_2007,0005,F014644,Fluviovolcànic de la Garrotxa - 17207-0034,453182,4663146
after_2007,0005,F014645,Fluviovolcànic de la Garrotxa - 17207-0035,452369.56,4666681.62
after_2007,0005,F014646,Fluviovolcànic de la Garrotxa - 17208-0022,456469,4673295
after_2007,0005,F014647,Fluviovolcànic de la Garrotxa - 17184-0048,466041,4666163
after_2007,0005,F014648,Fluviovolcànic de la Garrotxa - 17139-0019,456137,4667114
after_2007,0005,F014649,Fluviovolcànic de la Garrotxa - 17114-0079,456613,4668618
after_2007,0005,F014650,Fluviovolcànic de la Garrotxa - 17139-0020,455677,4668276
after_2007,0005,F014651,Fluviovolcànic de la Garrotxa - 17207-0082,454213,4665155
after_2007,0005,F014652,Fluviovolcànic de la Garrotxa - 17207-0083,454031.53,4662351.9
after_2007,0005,F014653,Fluviovolcànic de la Garrotxa - 17207-0084,453983.04,4663619.1
after_2007,0005,F014654,Fluviovolcànic de la Garrotxa - 17139-0016,455921.57,4667037.59
after_2007,0005,F014655,Fluviovolcànic de la Garrotxa - 17185-0048,461870,4671868
after_2007,0005,F014656,Fluviovolcànic de la Garrotxa - 17207-0090,453627,4668301
after_2007,0005,F014657,Fluviovolcànic de la Garrotxa - 17185-0018,457787,4672931
after_2007,0005,F014658,Fluviovolcànic de la Garrotxa - 17208-0034,457282.22,4673366.5
after_2007,0005,F014659,Fluviovolcànic de la Garrotxa - 17207-0091,454416,4666248
after_2007,0005,F014660,Fluviovolcànic de la Garrotxa - 17139-0022,455767,4667495
after_2007,0005,F014661,Fluviovolcànic de la Garrotxa - 17207-0069,455021,4665614
after_2007,0005,F014662,Fluviovolcànic de la Garrotxa - 17139-0013,455327,4665666
after_2007,0005,F014663,Fluviovolcànic de la Garrotxa - 17114-0077,457538,4668379
after_2007,0005,F014664,Fluviovolcànic de la Garrotxa - 17207-0080,453378,4666917
after_2007,0005,F014666,Fluviovolcànic de la Garrotxa - 17207-0088,453606.27,4667076.61
after_2007,0005,F014676,Plioquaternari de l'Onyar - 17079-0082,485413.47,4647275.34
after_2007,0005,F014677,Al·luvials de l'Albera i Cap de Creus - 17092-0019,512663,4690414
after_2007,0005,F014809,Plioquaternari de l'Onyar - 17215-0011,481423,4645113
after_2007,0005,F014834,Plana de Vic - Collsacabra - 08283-0062,439255.2,4634674.37
after_2007,0005,F014870,Plana de Vic - Collsacabra - 08220-0059,443398.05,4637980.78
after_2007,0005,F014871,Plana de Vic - Collsacabra - 08116-0029,444060.44,4648022.1
after_2007,0005,F014883,Plana de Vic - Collsacabra - 08220-0060,443435.04,4642411.05
after_2007,0005,F014884,Al·luvials de l'Albera i Cap de Creus - 17140-0010,516733.82,4686847.46
after_2007,0005,F014885,Plana de Vic - Collsacabra - 08116-0030,444768,4647158
after_2007,0005,F014890,Cubeta d'Abrera - 08076-0150,409148.08,4598243.74
after_2007,0005,F014891,Plana de Vic - Collsacabra - 08037-0041,440603.56,4642158.4
after_2007,0005,F014896,Maresme - 08235-0094,467432,4605791
after_2007,0005,F014897,Vall baixa i Delta del Llobregat - 08157-0082,416516.8,4586730.74
after_2007,0005,F014898,Cubeta de Sant Andreu - 08196-0055,415136.07,4588486.75
after_2007,0005,F014899,Cubeta d'Abrera - 08076-0151,406592.28,4601644.27
after_2007,0005,F014900,Cubeta d'Abrera - 08147-0091,407734.48,4598592.25
after_2007,0005,F014901,Plana de Vic - Collsacabra - 08112-0061,438768.41,4649589.22
after_2007,0005,F014902,Plana de Vic - Collsacabra - 08112-0062,438768.94,4649592.42
after_2007,0005,F014903,Calcàries de Tàrrega - 25911-0008,353476.46,4623573.54
after_2007,0005,F014909,Maresme - 08040-0064,465201.81,4604275.29
after_2007,0005,F014910,Maresme - 08007-0153,461867.68,4604917.41
after_2007,0005,F014911,Baixa Garrotxa-Pla de l'Estany - 17015-0043,479516.89,4664998.41
after_2007,0005,F014940,Plioquaternari de l'Onyar - 17155-0043,483297,4646191
after_2007,0005,F014941,Baixa Garrotxa-Pla de l'Estany - 17079-0088,483221.47,4648212.35
after_2007,0005,F014973,Maresme - 08197-0171,457863,4601330
after_2007,0005,F015085,Detrític neogen de l'Empordà - 17218-0101,488592.14,4669332.81
after_2007,0005,F015086,Paleògens del Baix Ter - 17902-0084,507287.1,4647398.77
after_2007,0005,F015209,Detrítics terciaris del Llobregat mig - 08061-0003,404296,4614932
after_2007,0005,F015210,Detrítics terciaris del Llobregat mig - 08061-0006,404445,4614820
after_2007,0005,F015211,Detrítics terciaris del Llobregat mig - 08061-0007,404179,4614968
after_2007,0005,F015212,Detrítics terciaris del Llobregat mig - 08127-0016,404357.02,4605206.89
after_2007,0005,F015213,Alta Anoia - 08178-0001,391301.96,4621034.71
after_2007,0005,F015214,Detrítics terciaris del Llobregat mig - 08274-0009,396438,4631040
after_2007,0005,F015215,Detrítics terciaris del Llobregat mig - 08274-0010,396999,4631754
after_2007,0005,F015216,Detrítics terciaris del Llobregat mig - 08047-0022,389155.96,4639406.35
after_2007,0005,F015217,Detrítics terciaris del Llobregat mig - 08047-0023,387315.85,4639298.57
after_2007,0005,F015218,Detrítics terciaris del Llobregat mig - 08274-0032,396029.22,4632780.99
after_2007,0005,F015219,Detrítics terciaris del Llobregat mig - 08191-0038,406814,4631640
after_2007,0005,F015220,Detrítics terciaris del Llobregat mig - 08018-0016,407387,4633736
after_2007,0005,F015221,Detrítics terciaris del Llobregat mig - 08191-0037,408731.91,4629308.89
after_2007,0005,F015222,Detrítics terciaris del Llobregat mig - 08192-0014,404655.9,4628124.92
after_2007,0005,F015223,Detrítics terciaris del Llobregat mig - 08191-0039,408679,4628692
after_2007,0005,F015224,Detrítics terciaris del Llobregat mig - 08192-0015,405346.18,4625856.91
after_2007,0005,F015225,Detrítics terciaris del Llobregat mig - 08192-0016,403577.89,4627576.23
after_2007,0005,F015226,Detrítics terciaris del Llobregat mig - 08218-0009,400400.15,4623024.94
after_2007,0005,F015227,Detrítics terciaris del Llobregat mig - 08274-0033,396186.5,4630982.29
after_2007,0005,F015228,Detrítics terciaris del Llobregat mig - 08113-0011,401166.12,4618762.93
after_2007,0005,F015231,Vall baixa i Delta del Llobregat - 08169-0822,423621.52,4576850.92
after_2007,0005,F015365,Fluviodeltaic del Baix Ter - 17085-0023,500466.57,4657505.24
after_2007,0005,F015370,Fluviodeltaic del Fluvià - Muga - 17135-0031,494936.86,4684177.12
after_2007,0005,F015374,Fluviodeltaic del Fluvià - Muga - 17135-0030,495281.06,4683418.42
after_2007,0005,F015378,Fluviodeltaic del Baix Ter - 17070-0012,512087,4650295
after_2007,0005,F015379,Fluviodeltaic del Baix Ter - 17070-0002,509596.53,4650535.16
after_2007,0005,F015386,Paleògens del Baix Ter - 17124-0020,515123.2,4648273.1
after_2007,0005,F015452,Cardó - Vandellòs - 43025-0102,296000,4536032
after_2007,0005,F015453,Priorat - 43116-0130,331249.68,4574936.39
after_2007,0005,F015458,Plioquaternari de l'Onyar - 17157-0025,485455.38,4636451.32
after_2007,0005,F015460,Al·luvials de la Baixa Costa Brava - 17048-0073,502708,4628377
after_2007,0005,F015461,Al·luvials de la Baixa Costa Brava - 17034-0053,508537,4632968
after_2007,0005,F015557,Plioquaternari de l'Onyar - 17233-0109,477609.37,4636093.08
after_2007,0005,F015699,Fluviodeltaic del Baix Ter - 17081-0055,508888.05,4653458.17
after_2007,0005,F015702,Fluviovolcànic de la Garrotxa - 17207-0081,453899.17,4666692.11
after_2007,0005,F015731,Garraf - 08074-0047,387406,4563696
after_2007,0005,F015748,Fossa de Móra - 43093-0014,300875.47,4553369.59
after_2007,0005,F015848,Maresme - 08197-0154,457488.07,4601037.48
after_2007,0005,F015879,Baixa Garrotxa-Pla de l'Estany - 17098-0027,478178.64,4671782.43
after_2007,0005,F015880,Baixa Garrotxa-Pla de l'Estany - 17098-0028,479023.66,4674245.43
after_2007,0005,F015881,Fluviovolcànic de la Garrotxa - 17149-0010,453455,4670944
after_2007,0005,F015882,Fluviovolcànic de la Garrotxa - 17185-0029,461635,4672166
after_2007,0005,F015883,Fluviovolcànic de la Garrotxa - 17207-0121,455433,4666447
after_2007,0005,F015915,Detrític neogen de l'Empordà - 17151-0002,502800.71,4675192.25
after_2007,0005,F016003,Moianès-Sant Llorenç del Munt - 08179-0003,409990,4609891
after_2007,0005,F016004,Plioquaternari de l'Onyar - 17002-0007,480837,4641500
after_2007,0005,F016006,Plioquaternari de l'Onyar - 17073-0026,485702.42,4641207.13
after_2007,0005,F016007,Plioquaternari de l'Onyar - 17150-0027,483618,4635767
after_2007,0005,F016008,Plioquaternari de l'Onyar - 17233-0006,478496,4637915
after_2007,0005,F016051,Conca alta de la Muga - 17001-0005,487605.59,4693124.57
after_2007,0005,F016079,Calcàries de Tàrrega - 25192-0012,365900.05,4613765.93
after_2007,0005,F016118,Calcàries de Tàrrega - 25104-0002,350336,4609146
after_2007,0005,F016119,Al·luvial del baix Segre_Cat - 25015-0006,299931.06,4631096.72
after_2007,0005,F016122,Al·luvial d'Urgell - 25113-0009,332339.69,4616212.75
after_2007,0005,F016124,Conca alta de Cardener i Llobregat - 08050-0011,397955,4663887
after_2007,0005,F016126,Baix Besòs i Pla de Barcelona - 08015-0029,437965,4589860
after_2007,0005,F016131,Montseny-Guilleries - 17009-0042,458547.29,4629886.51
after_2007,0005,F016152,Fluviovolcànic de la Garrotxa - 17114-0123,461286,4667323
after_2007,0005,F016153,Fluviovolcànic de la Garrotxa - 17114-0124,461462,4667329
after_2007,0005,F016278,Fossa de Móra - 43093-0078,299100,4551859
after_2007,0005,F016304,Al·luvials del Vallès - 08115-0022,435419.01,4597923.64
after_2007,0005,F016313,Baix Camp - 43123-0004,343905.56,4557016.27
after_2007,0005,F016322,Al·luvials del Vallès - 08135-0049,437994.13,4599844.72
after_2007,0005,F016323,Al·luvials del Vallès - 08124-0086,434610,4598646
after_2007,0005,F016324,Detrítics terciaris del Llobregat mig - 08010-0019,413196.22,4629257.86
after_2007,0005,F016326,N/D - Subterrània - 08092-0005,407162.46,4654952.09
after_2007,0005,F016330,Detrítics terciaris del Llobregat mig - 08191-0003,410213.2,4627386.88
after_2007,0005,F016331,Detrítics terciaris del Llobregat mig - 08192-0013,403907.17,4625160.92
after_2007,0005,F016333,Garraf - 43037-0066,381439,4562096
after_2007,0005,F016351,Moianès-Sant Llorenç del Munt - 08258-0005,422166,4635621
after_2007,0005,F016353,Detrítics terciaris del Llobregat mig - 08012-0020,415175.28,4637149.85
after_2007,0005,F016354,Moianès-Sant Llorenç del Munt - 08138-0048,425179,4633895
after_2007,0005,F016356,Moianès-Sant Llorenç del Munt - 08258-0036,417402,4633347
after_2007,0005,F016360,Al·luvials del Vallès - 08187-0099,423920.3,4603590.7
after_2007,0005,F016368,Detrítics terciaris del Llobregat mig - 08141-0024,403939.27,4638058.94
after_2007,0005,F016369,Detrítics terciaris del Llobregat mig - 08018-0002,406114.25,4635120.92
after_2007,0005,F016370,Detrítics terciaris del Llobregat mig - 08218-0008,399502,4624165
after_2007,0005,F016371,Detrítics terciaris del Llobregat mig - 08047-0021,389983.28,4642833.05
after_2007,0005,F016374,Detrítics terciaris del Llobregat mig - 08213-0003,405966.15,4622158.9
after_2007,0005,F016394,Detrítics terciaris del Llobregat mig - 08132-0006,387791.31,4646063.08
after_2007,0005,F016447,Fluviodeltaic del Baix Ter - 17004-0017,507257,4660770
after_2007,0005,F016448,Fluviodeltaic del Baix Ter - 17004-0070,508737,4661555
after_2007,0005,F016449,Fluviodeltaic del Baix Ter - 17062-0070,508985,4661812
after_2007,0005,F017227,Fluviodeltaic del Fluvià - Muga - 17047-0249,507940.9,4673424.01
after_2007,0005,F017229,Tremp-Isona - 25098-0014,340492,4658458
after_2007,0005,F017230,Sorres de Santa Oliva - 43140-0094,376710.24,4568514.27
after_2007,0005,F017232,Baix Gaià - 43131-0033,370470,4561178
after_2007,0005,F017405,Baix Camp - 43123-0069,338995,4557479
after_2007,0005,F017406,Plana de la Galera - 43006-0113,289135.25,4526991.64
after_2007,0005,F017407,Serra del Montsià - 43062-0012,290592.08,4503964.59
after_2007,0005,F017408,Plana de la Galera - 43063-0020,285258.09,4507097.64
after_2007,0005,F017409,Serra del Montsià - 43068-0016,289586,4508065
after_2007,0005,F017411,Plana de la Galera - 43078-0183,291804.14,4512129.6
after_2007,0005,F017412,Plana de la Galera - 43133-0059,284670.17,4517961.66
after_2007,0005,F017413,Plana d'Alcanar - 43136-0070,295129.04,4498725.55
after_2007,0005,F017414,Plana de la Galera - 43138-0039,289610.12,4510241.61
after_2007,0005,F017415,Plana de la Galera - 43138-0105,287012.12,4510318.63
after_2007,0005,F017416,Plana de la Galera - 43155-0279,289430.17,4515811.62
after_2007,0005,F017417,Al·luvial de Tortosa - 43155-0361,293283,4514798
after_2007,0005,F017418,Plana de la Galera - 43155-0452,288755.22,4523723.64
after_2007,0005,F017419,Plana de la Sènia_Cat - 43156-0052,286341,4497400
after_2007,0005,F017420,Plana de la Galera - 43156-0070,280070.06,4504272.67
after_2007,0005,F017421,Cardó - Vandellòs - 43903-0099,299983,4520058
after_2007,0005,F017422,Delta de l'Ebre - 43904-0094,300136.16,4513498.53
after_2007,0005,F017423,Cardó - Vandellòs - 43904-0163,299735,4516222
after_2007,0005,F017424,Delta de l'Ebre - 43904-0246,298267.15,4512387.55
after_2007,0005,F017425,Fossa de Móra - 43026-0030,298185,4549662
after_2007,0005,F017426,Fossa de Móra - 43026-0098,300477,4548055
after_2007,0005,F017428,Fossa de Móra - 43067-0051,300404,4545820
after_2007,0005,F017429,Fossa de Móra - 43093-0074,299650,4553149
after_2007,0005,F017432,Al·luvial del baix Segre_Cat - 25008-0002,306566,4621881
after_2007,0005,F017443,Al·luvial del baix Segre_Cat - 25156-0034,319283,4633472
after_2007,0005,F017445,Al·luvial del baix Segre_Cat - 25204-0007,282247.73,4591796.79
after_2007,0005,F017453,Al·luvial del baix Segre_Cat - 25038-0001,288477,4597126
after_2007,0005,F017460,Paleògens del Baix Ter - 17197-0009,512086.07,4645194.97
after_2007,0005,F017591,Plioquaternari de l'Onyar - 17033-0007,485786.36,4633032.31
after_2007,0005,F017593,Plioquaternari de l'Onyar - 17033-0111,485347.36,4633346.32
after_2007,0005,F017594,Plioquaternari de l'Onyar - 17033-0053,485735,4631728
after_2007,0005,F017597,Plioquaternari de l'Onyar - 17233-0020,476343,4637482
after_2007,0005,F017732,Baix Besòs i Pla de Barcelona - 08015-0061,436544.45,4588560.12
after_2007,0005,F017733,Baix Besòs i Pla de Barcelona - 08015-0063,436718.45,4588684.12
after_2007,0005,F017734,Baix Besòs i Pla de Barcelona - 08015-0062,436893.45,4588966.11
after_2007,0005,F017762,Detrític neogen de l'Empordà - 17222-0004,495838,4666234
after_2007,0005,F017775,Fluviovolcànic de la Garrotxa - 17184-0024,465691.07,4666653.31
after_2007,0005,F017776,Fluviovolcànic de la Garrotxa - 17184-0054,463007,4664496
after_2007,0005,F017780,Fluviovolcànic de la Garrotxa - 17139-0002,456619.57,4666840.59
after_2007,0005,F017838,Al·luvials de la Baixa Costa Brava - 17181-0043,498489.25,4629555.11
after_2007,0005,F017858,Al·luvials de la Baixa Costa Brava - 17181-0053,500940.15,4628372.39
after_2007,0005,F017890,Fluviodeltaic del Baix Ter - 17199-0060,515485.54,4651296.11
after_2007,0005,F017904,Plana de Vic - Collsacabra - 08254-0030,444450.6,4651996.1
after_2007,0005,F017910,Baix Besòs i Pla de Barcelona - 08019-0294,428465.86,4579050.66
after_2007,0005,F017920,Baix Besòs i Pla de Barcelona - 08019-0302,430590.89,4582747.65
after_2007,0005,F017928,Baix Besòs i Pla de Barcelona - 08019-0309,428805.88,4581023.66
after_2007,0005,F018020,Prades - Alt Francolí - 43021-0023,354946,4585821
after_2007,0005,F018021,Prades - Alt Francolí - 43021-0019,352573,4586206
after_2007,0005,F018217,Al·luvials del Vallès - 08136-0100,439402,4600020
after_2007,0005,F018317,Cardó - Vandellòs - 43155-0814,293290,4522842
after_2007,0005,F018759,Plioquaternari de l'Onyar - 17089-0147,488540.36,4632189.29
after_2007,0005,F018760,Plioquaternari de la Riera Santa Coloma - 17193-0119,478384.2,4626685.06
after_2007,0005,F018761,l'Ametlla de Mar- Perelló - 43104-0045,309968,4529548
after_2007,0005,F018762,Cardó - Vandellòs - 43903-0228,302491.18,4515481.52
after_2007,0005,F018763,Fossa de Móra - 43106-0001,291005.37,4543096.65
after_2007,0005,F018764,Fossa de Móra - 43084-0033,293891,4547625
after_2007,0005,F018924,Montseny-Guilleries - 17009-0206,455937.3,4630730.53
after_2007,0005,F019542,Prades - Alt Francolí - 43176-0002,335651.73,4581437.37
after_2007,0005,F019543,Delta de l'Ebre - 43903-0075,303252,4516296
after_2007,0005,F019748,Prades - Alt Francolí - 43061-0005,350697,4593539
after_2007,0005,F019803,Delta de l'Ebre - 43902-0009,313903,4507076
after_2007,0005,F019869,Paleògens del Baix Ter - 17124-0011,515721.53,4648962.11
after_2007,0005,F019870,Paleògens del Baix Ter - 17121-0061,510279.5,4646728.15
after_2007,0005,F019899,Delta de l'Ebre - 43903-0240,302083.18,4515496.52
after_2007,0005,F019920,Vall baixa i Delta del Llobregat - 08101-0004,424668.56,4578049.86
after_2007,0005,F019921,Vall baixa i Delta del Llobregat - 08019-0044,427256,4575831
after_2007,0005,F020078,Al·luvials de l'Albera i Cap de Creus - 17032-0023,522667,4681977
after_2007,0005,F020079,Al·luvials de l'Albera i Cap de Creus - 17092-0001,512351,4690267
after_2007,0005,F020080,Al·luvials de l'Albera i Cap de Creus - 17092-0002,512512,4690442
after_2007,0005,F020201,Garraf - 08270-0011,397830,4564646
after_2007,0005,F020204,Garraf - 08307-0050,392206,4567096
after_2007,0005,F020207,Cardó - Vandellòs - 43904-0017,300161,4516139
after_2007,0005,F020221,l'Ametlla de Mar- Perelló - 43906-0372,306557,4521767
after_2007,0005,F020371,Al·luvials del Vallès - 08187-0140,427106.01,4599445.7
after_2007,0005,F020778,Prelitoral del Vallès - 08120-0008,418356.05,4606195.78
after_2007,0005,F020796,Baix Camp - 43145-0467,346371.62,4564184.26
after_2007,0005,F020830,Prades - Alt Francolí - 43086-0053,345736,4580010
after_2007,0005,F020889,Detrític neogen de l'Empordà - 17026-0033,495343,4673893
after_2007,0005,F020970,Detrític neogen de l'Empordà - 17210-0188,504796.64,4665775.22
after_2007,0005,F020996,Alta Anoia - 43139-0025,364534,4599918
after_2007,0005,F020998,Fluviovolcànic de la Garrotxa - 17114-0129,456643.5,4671076.5
after_2007,0005,F021000,Baix Gaià - 43100-0003,355373.6,4559649.19
after_2007,0005,F021023,Baix Besòs i Pla de Barcelona - 08194-0032,434218,4586565
after_2007,0005,F021117,Garraf - 08270-0028,397754,4564769
after_2007,0005,F021257,Baix Besòs i Pla de Barcelona - 08019-0803,433200.9,4588978.6
after_2007,0005,F021297,Vall baixa i Delta del Llobregat - 08301-0303,419131.81,4573997.73
after_2007,0005,F021343,Baix Camp - 43167-0041,328358.5,4552276.38
after_2007,0005,F021382,Al·luvials de la Baixa Costa Brava - 17202-0011,494029,4619063
after_2007,0005,F021405,Carme-Capellades - 08048-0014,386167,4598262
after_2007,0005,F021462,Carme-Capellades - 08165-0033,389851.97,4600706.99
after_2007,0005,F021842,Cubeta de Sant Andreu - 08196-0059,414331.8,4589673.6
after_2007,0005,F021868,Serres marginals catalanes - 25002-0003,317725,4651507
after_2007,0005,F021869,Serres marginals catalanes - 25042-0012,349932,4657243
after_2007,0005,F021898,Detrític neogen del Vallès - 08187-0159,425646.6,4599839.6
after_2007,0005,F021899,Fluviodeltaic del Baix Ter - 17070-0063,509468.5,4651658.2
after_2007,0005,F021900,Plioquaternari de l'Onyar - 17079-0120,484672,4647532
after_2007,0005,F021976,Fluviodeltaic del Fluvià - Muga - 17178-0336,507388.7,4672883.2
after_2007,0005,F021996,Sorres de Santa Oliva - 43020-0077,379103.1,4568957.1
after_2007,0005,F022027,Detrític neogen de l'Empordà - 17051-0020,487362.7,4677154.67
after_2007,0005,F022050,Serra del Montsià - 43068-0023,289660.11,4508146.61
after_2007,0005,F022053,Calcàries de Tàrrega - 25103-0001,352751.02,4616039.29
after_2007,0005,F022237,Fluviovolcànic de la Garrotxa - 17185-0100,462164.4,4673816.8
after_2007,0005,F022246,Detrític neogen del Vallès - 08187-0160,425646.1,4599843.3
after_2007,0005,F022247,Detrític neogen del Vallès - 08187-0161,424663.4,4601277.4
after_2007,0005,F022248,Detrític neogen del Vallès - 08187-0162,424669.9,4601267.7
after_2007,0005,F022249,Detrític neogen del Vallès - 08187-0163,423796.1,4602693.1
after_2007,0005,F022251,Plioquaternari de l'Onyar - 17079-0121,484672,4647532.5
after_2007,0005,F022252,Fluviodeltaic del Baix Ter - 17124-0129,515566.5,4650587.1
after_2007,0005,F022253,Fluviodeltaic del Baix Ter - 17124-0128,513690.5,4650201.1
after_2007,0005,F022254,Fluviodeltaic del Baix Ter - 17070-0064,511283.5,4650164.1
after_2007,0005,F022272,Baix Besòs i Pla de Barcelona - 08245-0003,432610,4589937
after_2007,0005,F022273,Baix Besòs i Pla de Barcelona - 08245-0007,432590,4589881.7
after_2007,0005,F022277,Alt Camp - 43001-0075,365399.7,4580686.3
after_2007,0005,F022278,Baix Camp - 43123-0560,340149.55,4555905.3
after_2007,0005,F022279,Alt Camp - 43161-0049,352365.68,4570460.23
after_2007,0005,F022280,Baix Camp - 43033-0027,331306.53,4555384.36
after_2007,0005,F022371,Al·luvials de la Baixa Costa Brava - 17089-0193,496875.36,4630594.22
after_2007,0005,F022392,Detrítics terciaris del Llobregat mig - 08192-0009,403276.17,4625037.93
after_2007,0005,F022393,Prades - Alt Francolí - 43147-0004,349455.82,4589941.28
after_2007,0005,F022396,Prades - Alt Francolí - 43142-0010,358294.86,4593597.22
after_2007,0005,F022399,Bloc del Gaià-Bonastre - 43028-0036,375937.73,4572300.05
after_2007,0005,F022427,Plana de Vic - Collsacabra - 08183-0008,442493,4646888
after_2007,0005,F022430,Mesozoic de la Galera - 43133-0332,283355.16,4515976.67
after_2007,0005,F022510,Detrític neogen del Vallès - 08051-0117,422516,4606068
after_2007,0005,F022591,Fluviodeltaic del Fluvià - Muga - 17178-0218,507307.18,4670502.71
after_2007,0005,F022597,Al·luvials del Vallès - 08086-0257,440582.13,4611683.62
after_2007,0005,F022627,Serres marginals catalanes - 25002-0002,310606.24,4652491.67
after_2007,0005,F022628,Serres marginals catalanes - 25002-0004,312958.24,4652743.1
after_2007,0005,F022668,Fossa de Móra - 43093-0063,299123.45,4551870.6
after_2007,0005,F022717,Tremp-Isona - 25161-0006,328323.5,4680381.7
after_2007,0005,F023082,Al·luvials del Vallès - 08124-0047,435121.02,4598855.64
after_2007,0005,F023114,Detrític neogen de l'Empordà - 17012-0031,493131.7,4676659.8
after_2007,0005,F023115,Detrític neogen de l'Empordà - 17123-0078,482766.54,4657615.37
after_2007,0005,F023117,Fluviodeltaic del Baix Ter - 17057-0035,503432,4648502
after_2007,0005,F023146,Maresme - 08030-0027,445930.03,4598200.56
after_2007,0005,F023175,Baix Francolí - 43148-0167,350826,4554164
after_2007,0005,F023195,Baix Camp - 43109-0011,348943,4560992
after_2007,0005,F023242,Maresme - 08219-0163,447786.31,4595131.84
after_2007,0005,F023258,Prades - Alt Francolí - 43029-0007,346402,4587768
after_2007,0005,F023259,Prades - Alt Francolí - 43147-0015,347293,4591734
after_2007,0005,F023261,Detrítics terciaris del Llobregat mig - 08047-0032,387831,4636998
after_2007,0005,F023269,Detrítics terciaris del Llobregat mig - 08062-0001,403406.23,4632195.94
after_2007,0005,F023270,Fossa de Móra - 43025-0100,293090.33,4537316.63
after_2007,0005,F023279,Vall baixa i Delta del Llobregat - 08089-0080,416554.85,4570467.07
after_2007,0005,F023319,Fluviodeltaic del Baix Ter - 17205-0015,504061.1,4650141
after_2007,0005,F023320,Fluviodeltaic del Baix Ter - 17205-0032,503650,4649416
after_2007,0005,F023321,Sorres de Santa Oliva - 43028-0067,372498.72,4571328.08
after_2007,0005,F023409,"Al·luvials del Ter Mig, Brugent i Llémena - 17903-0033",470511.5,4645962.8
after_2007,0005,F023410,Plana de Vic - Collsacabra - 08285-0069,439206.44,4652895.7
after_2007,0005,F023434,Al·luvials del Vallès - 08180-0009,428975.98,4594485.68
after_2007,0005,F023439,Al·luvials del Vallès - 08187-0001,427285.01,4599083.7
after_2007,0005,F023477,Al·luvials del Vallès - 08181-0029,444800.09,4606568.58
after_2007,0005,F023824,Moianès-Sant Llorenç del Munt - 08283-0033,433406.27,4632395.71
after_2007,0005,F023845,Fluviodeltaic del Fluvià - Muga - 17030-0069,497216.75,4682473.3
after_2007,0005,F024011,Fluviodeltaic del Fluvià - Muga - 17210-0147,505559.64,4666279.21
after_2007,0005,F024017,Fluviodeltaic del Baix Ter - 17126-0040,503958.54,4653089.2
after_2007,0005,F024031,Vall baixa i Delta del Llobregat - 08019-0047,425663,4576512
after_2007,0005,F024032,Fluviovolcànic de la Garrotxa - 17114-0083,457791.59,4668933.58
after_2007,0005,F024033,Fluviovolcànic de la Garrotxa - 17114-0189,456537.5,4668806
after_2007,0005,F024034,Fluviovolcànic de la Garrotxa - 17114-0190,456538,4668806
after_2007,0005,F024045,Calcàries de Tàrrega - 25911-0031,351167.03,4616540.31
after_2007,0005,F024054,Vall baixa i Delta del Llobregat - 08263-0037,417901.66,4581768.15
after_2007,0005,F024055,Calcàries de Tàrrega - 25110-0009,359362,4627250
after_2007,0005,F024065,Fluviovolcànic de la Garrotxa - 17207-0178,454512,4668046
after_2007,0005,F024283,Garraf - 43051-0039,383979.66,4561694.97
after_2007,0005,F024317,Garraf - 08231-0140,395477.5,4567859
after_2007,0005,F024660,Vall baixa i Delta del Llobregat - 08019-0940,428834,4577589
after_2007,0005,F024661,Vall baixa i Delta del Llobregat - 08019-0939,428189,4576520
after_2007,0005,F024662,Bloc del Gaià-Bonastre - 43163-0042,372835.64,4561668.06
after_2007,0005,F024676,Detrítics terciaris del Llobregat mig - 08018-0034,407542,4638137
after_2007,0005,F024695,l'Ametlla de Mar- Perelló - 43013-0427,315848,4532552
after_2007,0005,F024698,Al·luvial de Tortosa - 43155-1196,289810.2,4519892.62
after_2007,0005,F024700,Maresme - 08193-0030,462473.15,4609771.45
after_2007,0005,F024705,l'Ametlla de Mar- Perelló - 43906-0401,307725.24,4521781.49
after_2007,0005,F024826,Cardó - Vandellòs - 43025-0120,293571.83,4537124.12
after_2007,0005,F024986,Detrítics terciaris del Llobregat mig - 08192-0001,403831.19,4627040.92
after_2007,0005,F025066,Plioquaternari de l'Onyar - 17089-0117,488377,4632191
after_2007,0005,F025067,Plioquaternari de l'Onyar - 17089-0118,488470,4632181
after_2007,0005,F025068,Detrític neogen del Penedès - 08065-0011,381941.77,4576444.01
after_2007,0005,F025114,Sorres de Santa Oliva - 43024-0056,380413.7,4567397.01
after_2007,0005,F025346,Fossa de Móra - 43093-0148,297084.45,4551437.62
after_2007,0005,F026086,Plioquaternari de l'Onyar - 17033-0046,486686.8,4633734.2
after_2007,0005,F026181,Al·luvials del Vallès - 08088-0089,440367.16,4616308.63
after_2007,0005,F026391,Detrític neogen de l'Empordà - 17216-0051,492612,4660913
after_2007,0005,F026724,Fluviodeltaic del Baix Ter - 17018-0023,506491.59,4659324.2
after_2007,0005,F026861,Fluviodeltaic del Fluvià - Muga - 17198-0009,503276.96,4669232.43
after_2007,0005,F026876,Fluviodeltaic del Fluvià - Muga - 17005-0026,499317.72,4678424.28
after_2007,0005,F027042,Fluviovolcànic de la Garrotxa - 17185-0014,459241.62,4673312.58
after_2007,0005,F027084,"Al·luvials del Ter Mig, Brugent i Llémena - 17008-0032",470744.43,4645534.45
after_2007,0005,F027085,"Al·luvials del Ter Mig, Brugent i Llémena - 17008-0031",470743.43,4645534.45
after_2007,0005,F027175,Calcàries de Tàrrega - 25911-0003,351066.03,4616556.31
after_2007,0005,F027327,Garraf - 08013-0003,396906.66,4576507.29
after_2007,0005,F027328,Garraf - 08020-0009,409660.81,4576645.8
after_2007,0005,F027438,Garraf - 08074-0095,387474.7,4564104.7
after_2007,0005,F027731,Baix Gaià - 43043-0104,356122,4557928
after_2007,0005,F027751,Detrític neogen del Penedès - 08058-0022,384294,4570881
after_2007,0005,F028364,l'Ametlla de Mar- Perelló - 43013-0414,314408,4533676
after_2007,0005,F028424,Al·luvials de la Baixa Costa Brava - 17181-0126,497803.4,4630164.2
after_2007,0005,F028632,Al·luvials de la Baixa Costa Brava - 17110-0075,512291.43,4637236.12
after_2007,0005,F028792,Detrítics terciaris del Llobregat mig - 08047-0025,390044,4641967
after_2007,0005,F028812,Baix Camp - 43167-0040,329184.5,4552173.37
after_2007,0005,F028832,Serra del Montsià - 43136-0002,296346.07,4501285.54
after_2007,0005,F028892,Carme-Capellades - 08122-0050,387466,4594511
after_2007,0005,F028972,Garraf - 08231-0007,395722.15,4564932.42
after_2007,0005,F029032,Sorres de Santa Oliva - 43024-0013,379984.71,4568439.01
after_2007,0005,F029250,l'Ametlla de Mar- Perelló - 43104-0124,309948,4529585
after_2007,0005,F029497,Baix Camp - 43123-0064,342855.6,4560641.3
after_2007,0005,F029653,Detrític neogen del Penedès - 08222-0041,403208.02,4591981.27
after_2007,0005,F029654,Detrític neogen del Penedès - 08240-0049,396347.8,4586772
after_2007,0005,F029717,Plana de Vic - Collsacabra - 08254-0048,443666.44,4651885.66
after_2007,0005,F029793,Montseny-Guilleries - 17027-0027,463310.3,4623105.6
after_2007,0005,F029796,Montseny-Guilleries - 17009-0069,458562.29,4629865.51
after_2007,0005,F029813,Detrític neogen del Vallès - 08187-0153,424868,4603834
after_2007,0005,F029876,Detrític neogen del Vallès - 08187-0015,426971.02,4599810.71
after_2007,0005,F029877,Detrític neogen del Vallès - 08187-0154,425716,4598285.71
after_2007,0005,F029907,Plioquaternari de la Riera Santa Coloma - 17148-0002,476286.34,4631925.38
after_2007,0005,F029977,Prelitoral del Vallès - 08033-0048,430609.41,4612183.25
after_2007,0005,F029980,Plioquaternari de l'Onyar - 17233-0041,479046.4,4639925.37
after_2007,0005,F030039,Tremp-Isona - 25234-0012,319191.72,4668163.4
after_2007,0005,F030040,Tremp-Isona - 25234-0017,327646.73,4668091.78
after_2007,0005,F030059,Serres marginals catalanes - 25037-0019,317906.15,4639546.6
after_2007,0005,F030060,Serres marginals catalanes - 25062-0012,322885.9,4643521.6
after_2007,0005,F030100,Serres marginals catalanes - 25002-0001,310546,4652546
after_2007,0005,F030214,Detrític neogen del Vallès - 08234-0086,448467.17,4615194.57
after_2007,0005,F030332,Tremp-Isona - 25234-0021,322544.9,4683984.32
after_2007,0005,F030377,Massís Axial Pirenaic_Cat - 17078-0008,404460,4696605
after_2007,0005,F030378,Serres marginals catalanes - 25002-0022,315406.25,4653596.64
after_2007,0005,F030398,Carme-Capellades - 08104-0052,375898,4592377
after_2007,0005,F030407,Conca alta de Cardener i Llobregat - 08216-0004,418996.9,4671061.8
after_2007,0005,F030534,Detrític neogen del Vallès - 08159-0148,434329.1,4601657.9
after_2007,0005,F030546,Detrític neogen de l'Empordà - 17035-0009,482188.55,4659149.38
after_2007,0005,F030652,Fossa de Móra - 43067-0043,298476.4,4544677.6
after_2007,0005,F030778,Calcàries de Tàrrega - 25905-0018,354856.3,4608351.3
after_2007,0005,F030860,Alt Urgell - 25030-0001,387910,4689987.5
after_2007,0005,F030861,Alt Urgell - 25032-0003,383763.3,4690736.38
after_2007,0005,F030923,Baix Gaià - 43012-0036,364261,4555407
after_2007,0005,F030926,Garraf - 43051-0048,384081,4562340
after_2007,0005,F031027,Tremp-Isona - 25098-0029,332418.34,4661955.52
after_2007,0005,F031072,Maresme - 08118-0043,441230.98,4591600.59
after_2007,0005,F031108,Calcàries de Tàrrega - 25911-0057,350860.5,4616636.1
after_2007,0005,F031154,Sorres de Santa Oliva - 43074-0016,377872.72,4570475.03
after_2007,0005,F031170,Plana de Vic - Collsacabra - 08254-0031,451392,4655368
after_2007,0005,F031244,Montseny-Guilleries - 17027-0024,463409.6,4623006.5
after_2007,0005,F033000,Baix Besòs i Pla de Barcelona - 08015-0057,436856.95,4588902.61
after_2007,0005,F033001,Baix Besòs i Pla de Barcelona - 08015-0058,435732.94,4587981.62
after_2007,0005,F033060,Detrític neogen del Vallès - 08051-0096,424439,4604185
after_2007,0005,F033188,Detrític neogen del Vallès - 08108-0029,437521.06,4604000.63
after_2007,0005,F033206,Maresme - 08118-0022,441290,4591710
after_2007,0005,F033336,Detrític neogen del Vallès - 08167-0014,429172.9,4600598.16
after_2007,0005,F033364,Detrític neogen del Vallès - 08184-0039,420316.96,4594440.75
after_2007,0005,F033408,Detrític neogen del Vallès - 08205-0052,422912.94,4590392.72
after_2007,0005,F033426,Maresme - 08214-0041,446776,4596161
after_2007,0005,F033483,Baix Besòs i Pla de Barcelona - 08245-0028,432558.95,4589925.65
after_2007,0005,F033538,Detrític neogen del Penedès - 08273-0039,398005.84,4582495.9
after_2007,0005,F033581,Al·luvials de la baixa i delta de la Tordera - 08284-0056,476461.22,4616730.36
after_2007,0005,F033607,Detrític neogen del Penedès - 08287-0083,392171,4586305
after_2007,0005,F033745,Al·luvials de la Baixa Costa Brava - 17034-0043,507642.39,4632593.15
after_2007,0005,F033758,Baixa Garrotxa-Pla de l'Estany - 17040-0026,477536,4655087
after_2007,0005,F034173,Plioquaternari de la Riera Santa Coloma - 17213-0031,482048.3,4625768.3
after_2007,0005,F034360,Baix Camp - 43088-0013,330416.51,4552312.37
after_2007,0005,F034475,Prades - Alt Francolí - 43130-0001,356520.86,4593788.23
after_2007,0005,F034539,Garraf - 43163-0034,378416.66,4562573.02
after_2007,0005,F034616,Al·luvials de la baixa i delta de la Tordera - 08110-0104,480263,4611648
after_2007,0005,F034617,Al·luvials de la baixa i delta de la Tordera - 08110-0092,480734.19,4611724.32
after_2007,0005,F034779,Vall baixa i Delta del Llobregat - 08019-1099,429612,4575546
after_2007,0005,F035057,Vall baixa i Delta del Llobregat - 08019-1157,429748.6,4575829.5
after_2007,0005,F035058,Vall baixa i Delta del Llobregat - 08019-1158,429821.6,4576040.8
after_2007,0005,F035067,l'Ametlla de Mar- Perelló - 43906-0027,306995.24,4522321.5
after_2007,0005,F035344,Al·luvial d'Urgell - 25099-0019,326454.43,4608423.98
after_2007,0005,F036026,Conca alta de la Muga - 17042-0016,492898.83,4693858.35
after_2007,0005,F036075,Al·luvials de la baixa i delta de la Tordera - 08155-0118,480114,4613112
after_2007,0005,F036078,Conca alta del Fluvià - 17021-0025,479239.68,4676906.43
after_2007,0005,F036084,Fluviodeltaic del Baix Ter - 17068-0124,502102.7,4655964.3
after_2007,0005,F036913,Al·luvials de la baixa i delta de la Tordera - 17023-0203,481055,4612039
after_2007,0005,F036914,Al·luvials de la baixa i delta de la Tordera - 17023-0204,481054,4612040
after_2007,0005,F036915,Al·luvials de l'alta i mitjana Tordera - 17159-0272,467964,4621460
after_2007,0005,F036916,Al·luvials de l'alta i mitjana Tordera - 17159-0273,468271,4621119
after_2007,0005,F036917,Al·luvials de l'alta i mitjana Tordera - 17159-0274,466136,4619749
after_2007,0005,F037434,Al·luvials del Vallès - 08005-0044,438305.31,4613567.65
after_2007,0005,F038143,Montseny-Guilleries - 17009-0259,459109,4629676
after_2007,0005,F038147,Conca alta de la Muga - 17041-0004,493075,4698066
after_2007,0005,F038483,Vall baixa i Delta del Llobregat - 08244-0045,418591.9,4581572.7
after_2007,0005,F038627,Calcàries de Tàrrega - 25103-0016,352755.99,4611896.29
after_2007,0005,F038707,Al·luvials de la Baixa Costa Brava - 17034-0308,508567.73,4633150.73
after_2007,0005,F038708,Al·luvials de la Baixa Costa Brava - 17034-0307,508565.93,4633150.15
after_2007,0005,F038736,N/D - Subterrània - 08270-0124,401874,4565683
after_2007,0005,F038738,Plioquaternari de l'Onyar - 17233-0199,479082.17,4637355.33
after_2007,0005,F038808,Plioquaternari de l'Onyar - 17150-0134,483603.95,4638495.92
after_2007,0005,F038809,Conca alta de la Muga - 17093-0054,492028.82,4682897.65
after_2007,0005,F038810,Plioquaternari de l'Onyar - 17044-0236,487204.88,4634769.57
after_2007,0005,F039087,Conca alta de la Muga - 17042-0013,494306.81,4690951.34
after_2007,0005,F039138,Carme-Capellades - 08104-0017,376754,4592986
after_2007,0005,F039148,l'Ametlla de Mar- Perelló - 43104-0130,306725,4527274
after_2007,0005,F039374,Prades - Alt Francolí - 43086-0246,345731.5,4581580.1
after_2007,0005,F039375,Prades - Alt Francolí - 43086-0247,345265,4580399.4
after_2007,0005,F039377,Plana de Vic - Collsacabra - 08901-0028,455038,4658634
after_2007,0005,F039427,Prades - Alt Francolí - 43130-0009,356420.9,4592743.2
after_2007,0005,F039827,Llaberia - Prades meridional - 43009-0186,330007.5,4564078.9
after_2007,0005,F039828,l'Ametlla de Mar- Perelló - 43013-0459,315738.4,4530047.4
after_2007,0005,F039881,Alta Anoia - 08297-0008,373304.55,4613408.37
after_2007,0005,F039883,Alta Anoia - 08189-0001,380863,4621955
after_2007,0005,F039884,Moianès-Sant Llorenç del Munt - 08064-0012,427026,4623707
after_2007,0005,F039885,Moianès-Sant Llorenç del Munt - 08277-0005,415297.16,4621370.83
after_2007,0005,F039887,Moianès-Sant Llorenç del Munt - 08291-0006,407909.03,4605545.86
after_2007,0005,F039888,Moianès-Sant Llorenç del Munt - 08223-0012,418905.28,4614662.89
after_2007,0005,F039895,Baixa Garrotxa-Pla de l'Estany - 17035-0013,478309.35,4660333.71
after_2007,0005,F039896,Prelitoral del Vallès - 08224-0020,437560.5,4623335
after_2007,0005,F039897,Detrític neogen del Vallès - 08267-0012,428446.21,4603568.96
after_2007,0005,F039941,l'Ametlla de Mar- Perelló - 43013-0458,315730.8,4530047.1
after_2007,0005,F039942,Alt Camp - 43161-0720,354536.3,4573411.8
after_2007,0005,F039971,Detrític neogen del Penedès - 08119-0025,402229.95,4596143.89
after_2007,0005,F039972,Detrític neogen del Penedès - 08119-0029,402235.95,4596108.89
after_2007,0005,F039973,Detrític neogen del Penedès - 08206-0033,395000.81,4579541.92
after_2007,0005,F039975,Detrític neogen del Penedès - 08161-0035,396805.89,4589570.92
after_2007,0005,F039976,Detrític neogen del Penedès - 08305-0027,391393.75,4577582.92
after_2007,0005,F039978,Detrític neogen del Penedès - 08085-0010,388860.54,4583101.8
after_2007,0005,F039979,Detrític neogen del Penedès - 08305-0037,389941.8,4578742.95
after_2007,0005,F039980,Detrític neogen del Penedès - 08240-0016,397108.12,4587676.25
after_2007,0005,F040041,Ports de Tortosa - 43102-0008,281855,4533201
after_2007,0005,F040042,Moianès-Sant Llorenç del Munt - 08224-0021,436111,4623280
after_2007,0005,F040043,Moianès-Sant Llorenç del Munt - 08067-0078,434973.7,4626585.6
after_2007,0005,F040187,Baix Camp - 43038-0512,336226.3,4548190.1
after_2007,0005,F040188,Llaberia - Prades meridional - 43162-0150,317601.8,4543471.8
after_2007,0005,F040756,Vall baixa i Delta del Llobregat - 08263-0128,417616,4583861
after_2007,0005,F041854,Prades - Alt Francolí - 43036-0006,355725.79,4584295.22
after_2007,0005,F041855,Prades - Alt Francolí - 43021-0012,351125,4587422
after_2007,0005,F041892,Serres marginals catalanes - 25042-0017,348967,4650886
after_2007,0005,F043136,Baix Gaià - 43131-0048,371263.32,4559031.07
after_2007,0005,F043164,Plana de la Galera - 43014-0133,294332.13,4510075.57
after_2007,0005,F043224,Serres marginals catalanes - 25250-0011,336667.6,4647554.32
after_2007,0005,F043521,Llaberia - Prades meridional - 43009-0073,332164.6,4563807
after_2007,0005,F043522,Llaberia - Prades meridional - 43009-0075,332172.78,4563805.7
after_2007,0005,F043523,Priorat - 43055-0129,317420.52,4556991.47
after_2007,0005,F043624,Baix Besòs i Pla de Barcelona - 08019-0010,429561.77,4587351.5
after_2007,0005,F043625,Baix Besòs i Pla de Barcelona - 08019-0129,433530,4588295
after_2007,0005,F043626,Baix Besòs i Pla de Barcelona - 08019-1300,430889,4587240
after_2007,0005,F043627,Baix Besòs i Pla de Barcelona - 08019-1301,432021,4585033
after_2007,0005,F043630,Baix Besòs i Pla de Barcelona - 08019-0316,426905.87,4580830.68
after_2007,0005,F043631,Baix Besòs i Pla de Barcelona - 08019-0104,429705.88,4580789.66
after_2007,0005,F043632,Baix Besòs i Pla de Barcelona - 08019-0024,426194.89,4582721.69
after_2007,0005,F043633,Baix Besòs i Pla de Barcelona - 08019-0123,427422.9,4584179.68
after_2007,0005,F043660,Maresme - 08006-0037,462006.09,4602755.45
after_2007,0005,F043661,Plioquaternari de la Riera Santa Coloma - 17193-0039,478453.8,4632781.43
after_2007,0005,F043685,"Al·luvials del Ter Mig, Brugent i Llémena - 17163-0003",479906.47,4648430.38
after_2007,0005,F043686,"Al·luvials del Ter Mig, Brugent i Llémena - 17172-0041",470716.5,4656320.5
after_2007,0005,F043707,Al·luvials de la baixa i delta de la Tordera - 08155-0185,480036.4,4613202.12
after_2007,0005,F043733,Al·luvial de Tortosa - 43155-0604,291227.25,4527025.62
after_2007,0005,F043734,Al·luvial de Tortosa - 43155-0238,291100.25,4527046.62
after_2007,0005,F043772,Prades - Alt Francolí - 43107-0005,349055.8,4587026.28
after_2007,0005,F043773,Prades - Alt Francolí - 43130-0003,356345.36,4593519.23
after_2007,0005,F043821,Serres marginals catalanes - 25037-0031,310293,4645234
after_2007,0005,F043877,Baix Gaià - 43050-0018,370310,4558881
after_2007,0005,F043914,Baix Besòs i Pla de Barcelona - 08194-0123,435182.3,4585327.2
after_2007,0005,F043922,Prelitoral del Vallès - 08051-0099,423026.06,4607081.75
after_2007,0005,F044134,l'Ametlla de Mar- Perelló - 43906-0467,306720.24,4522281.5
after_2007,0005,F044315,"Al·luvials del Ter Mig, Brugent i Llémena - 17186-0014",484871.49,4650407.35
after_2007,0005,F044510,"Al·luvials del Ter Mig, Brugent i Llémena - 17163-0013",479945,4648194
after_2007,0005,F044607,Paleògens del Baix Ter - 17232-0028,499622,4662308
after_2007,0005,F044666,Plana de Vic - Collsacabra - 08237-0021,435239,4662466
after_2007,0005,F044678,Alt Camp - 43161-0014,353771,4573034
after_2007,0005,F044738,Bloc del Gaià-Bonastre - 08304-0023,387312.6,4582018.9
after_2007,0005,F044815,Tremp-Isona - 25115-0057,340480,4661081
after_2007,0005,F044893,Al·luvials del Vallès - 08096-0005,440322.07,4604828.61
after_2007,0005,F044915,Calcàries de Tàrrega - 25130-0014,335786,4602167
after_2007,0005,F044974,Fossa de Móra - 43058-0001,309367.8,4566305.4
after_2007,0005,F045065,Garraf - 08270-0002,407133,4567092
after_2007,0005,F045103,Vall baixa i Delta del Llobregat - 08263-0133,418442.9,4581959.7
after_2007,0005,F045104,Vall baixa i Delta del Llobregat - 08123-0132,417049.9,4585712.8
after_2007,0005,F045105,Vall baixa i Delta del Llobregat - 08244-0055,419933.8,4579598.7
after_2007,0005,F045106,Vall baixa i Delta del Llobregat - 08200-0238,419775.8,4579306.7
after_2007,0005,F045107,Vall baixa i Delta del Llobregat - 08217-0058,420468.8,4579362.7
after_2007,0005,F045108,Vall baixa i Delta del Llobregat - 08157-0091,416955,4585694
after_2007,0005,F045209,Vall baixa i Delta del Llobregat - 08244-0053,419199,4579855
after_2007,0005,F045222,Fluviovolcànic de la Garrotxa - 17207-0095,454919.57,4667717.6
after_2007,0005,F045398,Alt Camp - 43108-0050,356865,4578956
after_2007,0005,F045492,Calcàries de Tàrrega - 25104-0016,353930.2,4608829.9
after_2007,0005,F045512,Baix Besòs i Pla de Barcelona - 08019-1239,429761,4580850
after_2007,0005,F045513,Baix Besòs i Pla de Barcelona - 08019-1305,434027.1,4585049.6
after_2007,0005,F045610,Calcàries de Tàrrega - 25103-0021,351213.3,4613270.6
after_2007,0005,F045611,Al·luvial d'Urgell - 25050-0026,331835.95,4609980.44
after_2007,0005,F045811,Detrític neogen del Penedès - 08119-0022,401323.92,4592981.89
after_2007,0005,F045889,Carme-Capellades - 08028-0017,390339,4596928
after_2007,0005,F045909,Moianès-Sant Llorenç del Munt - 08291-0073,407924.9,4605557.3
after_2007,0005,F046109,Maresme - 08029-0002,450893.03,4596328.52
after_2007,0005,F046110,Maresme - 08281-0085,444565.99,4593205.56
after_2007,0005,F046129,Fluviodeltaic del Baix Ter - 17166-0006,496034,4657392
after_2007,0005,F046150,Maresme - 08121-0216,454843.06,4599587.49
after_2007,0005,F046273,Baix Camp - 43134-0014,350841,4565170
after_2007,0005,F046351,Alt Camp - 43165-0026,359252,4568994
after_2007,0005,F046429,Al·luvials del Vallès - 08105-0003,433440,4596344.65
after_2007,0005,F047116,Fluviodeltaic del Baix Ter - 17199-0091,513331.54,4651520.13
after_2007,0005,F047260,Al·luvials de la baixa i delta de la Tordera - 17023-0064,480223.2,4613832.32
after_2007,0005,F047478,N/D - Subterrània - 08132-0015,394906.36,4652196.03
after_2007,0005,F047573,Garraf - 08231-0003,396011,4570456
after_2007,0005,F047574,Alta Anoia - 08189-0003,381341,4622907
after_2007,0005,F047619,Vall baixa i Delta del Llobregat - 08200-0098,420771.82,4574814.71
after_2007,0005,F047723,Detrític neogen del Vallès - 08187-0228,424735,4600538
after_2007,0005,F047776,Vall baixa i Delta del Llobregat - 08157-0003,416028,4587220
after_2007,0005,F047796,Baix Gaià - 43148-0126,354101,4555634
after_2007,0005,F047881,Fluviodeltaic del Baix Ter - 17081-0097,508928,4653310
after_2007,0005,F048025,Plana de Vinaròs_Cat - 43004-0234,286273,4491729
after_2007,0005,F048030,Plana de Vic - Collsacabra - 08285-0024,438213.15,4656476.69
after_2007,0005,F048071,l'Ametlla de Mar- Perelló - 43013-0194,310760.3,4531766.5
after_2007,0005,F048153,Al·luvial del baix Segre_Cat - 25134-0013,313079,4621216
after_2007,0005,F048158,Paleògens del Baix Ter - 17130-0013,497915.13,4653038.68
after_2007,0005,F048168,Maresme - 08029-0016,451647,4597187
after_2007,0005,F048229,Baix Besòs i Pla de Barcelona - 08019-0114,429986.88,4581439.65
after_2007,0005,F048230,Baix Besòs i Pla de Barcelona - 08019-0003,431054.43,4583854.86
after_2007,0005,F048232,Carme-Capellades - 08104-0030,377801,4591618
after_2007,0005,F048256,Baixa Garrotxa-Pla de l'Estany - 17137-0050,478766.56,4661462.41
after_2007,0005,F048257,Plana d'Alcanar - 43004-0112,288774.98,4491881.59
after_2007,0005,F048259,Vall baixa i Delta del Llobregat - 08169-1222,423323,4574659
after_2007,0005,F048262,Al·luvials del Vallès - 08115-0013,435971.3,4598613.6
after_2007,0005,F048263,Al·luvial d'Urgell - 25027-0011,339775.99,4613646.39
after_2007,0005,F048266,Detrítics terciaris del Llobregat mig - 08308-0003,402779.31,4642957.96
after_2007,0005,F048335,Al·luvial del baix Segre_Cat - 25040-0010,315183.03,4624812.59
after_2007,0005,F048571,Maresme - 08203-0014,467529.14,4608171.41
after_2007,0005,F048574,Plioquaternari de l'Onyar - 17157-0037,485996.38,4635597.31
after_2007,0005,F048916,Detrític neogen del Penedès - 08025-0016,398109,4604099.93
after_2007,0005,F048954,Al·luvials del Vallès - 08187-0123,426556.02,4600145.71
after_2007,0005,F049189,Delta de l'Ebre - 43904-0020,296517.14,4510601.56
after_2007,0005,F049298,"Al·luvials del Ter Mig, Brugent i Llémena - 17163-0004",477066.45,4646735.4
after_2007,0005,F049421,Baixa Garrotxa-Pla de l'Estany - 17010-0017,470977.64,4673411.49
after_2007,0005,F049860,Al·luvials del Vallès - 08124-0083,435444,4599073
after_2007,0005,F050282,Vall baixa i Delta del Llobregat - 08169-1298,427205,4572502
after_2007,0005,F050283,Vall baixa i Delta del Llobregat - 08169-1299,426959,4572259
after_2007,0005,F050284,Vall baixa i Delta del Llobregat - 08169-1300,427368,4572515
after_2007,0005,F050286,Vall baixa i Delta del Llobregat - 08169-1302,430068,4573205
after_2007,0005,F050287,Vall baixa i Delta del Llobregat - 08169-1303,427564,4573113
after_2007,0005,F050288,Vall baixa i Delta del Llobregat - 08169-1304,428500,4574356
after_2007,0005,F050289,Vall baixa i Delta del Llobregat - 08169-1305,428495,4574351
after_2007,0005,F050290,Vall baixa i Delta del Llobregat - 08169-1306,428209,4573869
after_2007,0005,F050291,Vall baixa i Delta del Llobregat - 08169-1307,428205,4573864
after_2007,0005,F050292,Vall baixa i Delta del Llobregat - 08019-1451,428955,4574890
after_2007,0005,F050293,Vall baixa i Delta del Llobregat - 08019-1452,430112,4576947
after_2007,0005,F050294,Vall baixa i Delta del Llobregat - 08019-1453,429817,4576060
after_2007,0005,F050295,Vall baixa i Delta del Llobregat - 08019-1455,429410.2,4577505.2
after_2007,0005,F050296,Vall baixa i Delta del Llobregat - 08019-1454,429410.2,4577505.2
after_2007,0005,F050297,Vall baixa i Delta del Llobregat - 08019-1456,429410.2,4577505.2
after_2007,0005,F050298,Vall baixa i Delta del Llobregat - 08019-1457,430439.2,4578038.7
after_2007,0005,F050299,Vall baixa i Delta del Llobregat - 08019-1458,430439.2,4578038.7
after_2007,0005,F050300,Vall baixa i Delta del Llobregat - 08019-1459,430439.2,4578038.7
after_2007,0005,F050301,Baix Besòs i Pla de Barcelona - 08019-1460,430843.5,4577837.4
after_2007,0005,F050302,Baix Besòs i Pla de Barcelona - 08019-1461,430761.5,4576961
after_2007,0005,F050334,Vall baixa i Delta del Llobregat - 08019-0523,429315.8,4577435.7
after_2007,0005,F050335,Vall baixa i Delta del Llobregat - 08019-0522,429316.8,4577435.7
after_2007,0005,F050336,Vall baixa i Delta del Llobregat - 08019-0521,429317.8,4577435.7
after_2007,0002,F009979,Riudecanyes - 020002000,328228,4555644
after_2007,0002,F009981,Gaià - 060006000,360211,4562635
after_2007,0002,F009982,Foix - 080007000,386120,4568288
after_2007,0002,F009983,La Baells - 100007000,405749,4668940
after_2007,0002,F009984,La Llosa del Cavall - 100048000,384511,4663903
after_2007,0002,F009985,Sant Ponç - 100051000,384228,4646804
after_2007,0002,F009986,Sant Martí de Tous - 100078500,374147,4601566
after_2007,0002,F009987,Vallforners - 110009000,445215,4619195
after_2007,0002,F009988,Santa Fe - 140007500,455897,4624248
after_2007,0002,F009990,Sau - 200022000,449023,4647096
after_2007,0002,F009991,Susqueda - 200022300,458257,4646863
after_2007,0002,F009992,El Pasteral - 200022700,464925,4648265
after_2007,0002,F009993,Boadella - 220001500,486335,4687831
after_2007,0002,F009994,Oliana - E020000,360374,4665782
after_2007,0002,F009995,Rialb - E024000,355401,4649807
after_2007,0002,F009996,Talarn - E047000,330892,4674397
after_2007,0002,F009997,Sallente - E048000,334906,4707634
after_2007,0002,F009998,Terradets - E057000,325388,4659737
after_2007,0002,F009999,Camarasa - E060000,324696,4641675
after_2007,0002,F010000,Sant Llorenç de Montgai - E062000,320829,4636732
after_2007,0002,F010001,Baserca - E071000,316217,4717437
after_2007,0002,F010002,Cavallers - E075000,324137,4717524
after_2007,0002,F010003,Escales - E079000,314476,4692208
after_2007,0002,F010004,Canelles - E086000,306221,4653349
after_2007,0002,F010005,Santa Anna - E088000,301370,4642411
after_2007,0002,F010006,Riba-roja - E104000,284619,4569045
after_2007,0002,F010007,Flix - E107000,294234,4567580
after_2007,0002,F010008,Margalef - E113000,315012,4574615
after_2007,0002,F010009,Siurana - E117000,325135,4568705
after_2007,0002,F010010,Guiamets - E119000,311759,4551887
after_2007,0002,F015082,N/D - E20,490015,4685522
after_2007,0002,L08058-72-00003,N/D - Superficial - E16,386988,4568011
after_2007,0002,L08268-72-00001,N/D - Superficial - E14,407302,4663932
after_2007,0002,L08303-72-00001,N/D - Superficial - E06,451408,4646459
after_2007,0002,L17060-72-00002,N/D - Superficial - E01,486262,4687606
after_2007,0002,L17116-72-00002,N/D - Superficial - E07,460844,4647561
after_2007,0002,L17138-72-00002,N/D - Superficial - E02,510294,4697062
after_2007,0002,L17189-72-00005,N/D - Superficial - E08_C4077,466982,4648125
after_2007,0002,L25075-72-00003,N/D - Superficial - E13,384452,4646602
after_2007,0002,L25146-72-00002,N/D - Superficial - E12,382818,4661827
after_2007,0002,L43043-72-00001,N/D - Superficial - E17,359786,4561777
after_2007,0002,L43049-72-00003,N/D - Superficial - E18,325206,4568569
after_2007,0002,L43127-72-00002,N/D - Superficial - E19,328801,4555741
after_2007,0001,AUTOD88,Riu Arnera aigües amunt de Boadella - EA051,482640,4691138
after_2007,0001,AUTOD89,N/D - Superficial - EA050,482028,4684941
after_2007,0001,F000004,N/D - Superficial - EA008,385564,4569143
after_2007,0001,F000005,N/D - Superficial - EA009,477269,4651536
after_2007,0001,F000006,N/D - Superficial - EA056,466660,4623237
after_2007,0001,F000007,N/D - Superficial - EA012,488441,4686953
after_2007,0001,F000008,N/D - Superficial - EA014,326845,4556670
after_2007,0001,F000011,N/D - Superficial - EA025_C4025,381270,4651782
after_2007,0001,F000012,N/D - Superficial - EA026,449906,4622487
after_2007,0001,F000014,Conca de l'Aigua d'Ora - EA063,388408,4651438
after_2007,0001,F000016,Capçalera del Cardener fins a la cua de l'embassament de la Llosa del Cavall - EA087,382793,4670980
after_2007,0001,F001217,N/D - EA027,452148,4645978
after_2007,0001,F001229,N/D - Superficial - EA040,477746,4668642
after_2007,0001,F001230,N/D - Superficial - EA041,322597,4567061
after_2007,0001,F001240,Riu Brugent - EA058,347591,4575852
after_2007,0001,F001242,N/D - Superficial - EA060,467132,4648235
after_2007,0001,F001243,N/D - Superficial - EA061,483379,4660993
after_2007,0001,F001245,Riera de Carme - EA065,388449,4599736
after_2007,0001,F006854,N/D - Superficial - EA096,405869,4666588
after_2007,0001,F006856,Capçalera de l'Aigua de Valls fins a la cua de l'embassament de la Llosa del Cavall - EA098,390343,4665722
after_2007,0001,F007347,Barranc de l'Estany - 003001000,310212,4532916
after_2007,0001,F007348,Barranc del Torrent del Pi  - 005001000,311552,4533492
after_2007,0001,F007349,Riu de Llastres i barranc de Santa Marina - 010001000,321471,4546195
after_2007,0001,F007350,Riudecanyes des de la presa de Riudecanyes fins al mar - 020003000,329958,4554197
after_2007,0001,F007351,Riera d'Alforja i riera de Riudecols - 030001000,331384,4563515
after_2007,0001,F007352,Riera de Riudoms - 040001000,336201,4562567
after_2007,0001,F007353,Riera de Boella i rasa del Mas de Sostres - 045001000,348483,4551785
after_2007,0001,F007354,Capçalera del Francolí fins a la confluència amb el riu Sec - 050001000,336212,4584370
after_2007,0001,F007355,Riu Sec (Francolí) - 050002000,339532,4583652
after_2007,0001,F007356,El Francolí entre el riu Sec i el riu d'Anguera - 050003000,342725,4584018
after_2007,0001,F007357,Conca del riu d'Anguera - 050004000,347483,4582290
after_2007,0001,F007358,El Francolí entre el riu d'Anguera i el Brugent - 050005000,347596,4577394
after_2007,0001,F007359,Riu Brugent - 050006000,343305,4574382
after_2007,0001,F007360,El Francolí entre el Brugent i el torrent del Puig - 050007000,351085,4569649
after_2007,0001,F007361,Torrent del Puig - 050008000,351138,4569581
after_2007,0001,F007362,El Francolí entre el torrent del Puig i la riera de la Selva - 050009000,351833,4563715
after_2007,0001,F007363,Torrent de Vallmoll - 050010000,352778,4566207
after_2007,0001,F007364,Capçalera de la Glorieta fins a l'EDAR d'Alcover - 050011000,345969,4569372
after_2007,0001,F007365,Riu Glorieta des de l'EDAR d'Alcover fins al Francolí - 050012000,350132,4564838
after_2007,0001,F007366,Riera de la Selva - 050013000,348586,4564187
after_2007,0001,F007367,El Francolí des de la confluència de la riera de la Selva fins al mar - 050014000,351762,4557528
after_2007,0001,F007368,Barranc dels Garidells - 050014500,352827,4562473
after_2007,0001,F007369,"Capçalera del Gaià fins a Pontils, inclòs el riu de Boix - 060001000",365596,4592912
after_2007,0001,F007370,El Gaià des de Pontils a la cua de  l'embassament del Catllar - 060002000,362265,4569517
after_2007,0001,F007371,Torrent de Rupit - 060003000,360158,4584928
after_2007,0001,F007372,Torrent de Rubió - 060004000,362916,4577718
after_2007,0001,F007373,Torrent de les Pinetelles (o barranc de Pedrafita) - 060005000,364707,4573514
after_2007,0001,F007374,Torrent del Còdol - 060005500,364606,4570711
after_2007,0001,F007375,El Gaià des de la presa del Catllar fins al mar - 060007000,361850,4558555
after_2007,0001,F007376,Barranc de Salomó - 060007500,362457,4561808
after_2007,0001,F007377,Conca de la riera de la Bisbal - 070001000,380411,4571470
after_2007,0001,F007378,Capçalera del Foix fins a Sant Martí Sarroca - 080001000,384217,4583397
after_2007,0001,F007379,El Foix i la riera de Pontons des de Sant Martí Sarroca fins a la conlfuència de la riera de Llitrà - 080002000,388035,4577998
after_2007,0001,F007380,Capçalera de la riera de Pontons fins a Sant Martí Sarroca - 080003000,376901,4585725
after_2007,0001,F007381,Capçalera de la riera de Llitrà fins a l'EDAR de Vilafranca - 080004000,389422,4578327
after_2007,0001,F007382,"El Foix des de la confluència de la riera de Llitrà fins a la cua de l'embassament de Foix, inclòs el tram baix de la riera de Llitrà des de l'EDAR de Vilafranca - 080005000",385967,4570563
after_2007,0001,F007383,Riera de Marmellar - 080006000,384949,4569847
after_2007,0001,F007384,El Foix des de la presa de Foix fins al mar - 080008000,387994,4565815
after_2007,0001,F007385,"Capçalera de la riera de Ribes (o riera de Begues) fins a la confluència de la riera de Vilafranca, incloses les rieres dels Vidrers, de Vilafranca i de Jafre - 090001000",399683,4573861
after_2007,0001,F007386,Riera de Ribes (o riera de Begues) des de la confluència de la riera de Vilafranca fins al mar - 090002000,396585,4568258
after_2007,0001,F007387,Riera de Sant Climent - 095001000,419777,4572020
after_2007,0001,F007388,Capçaleres del Llobregat i l'Arija fins a la confluència entre tots dos  - 100001000,415484,4678967
after_2007,0001,F007389,El Llobregat entre l'Arija i el Bastareny - 100002000,408727,4676390
after_2007,0001,F007390,Riu Bastareny i riu de Gréixer - 100004000,405280,4680163
after_2007,0001,F007391,El Llobregat des de la confluència del Bastareny fins a la cua de l'embassament de La Baells - 100005000,406731,4674365
after_2007,0001,F007392,Riu de Saldes - 100006000,406469,4674394
after_2007,0001,F007393,Riu de Peguera - 100008000,405487,4666801
after_2007,0001,F007394,Riu Merdançol i riera de Vilada - 100009000,412515,4664689
after_2007,0001,F007395,El Llobregat des de la presa de La Baells fins a la Colònia Rosal - 100011000,407469,4662114
after_2007,0001,F007396,Riu Demetge - 100012000,403873,4662638
after_2007,0001,F007397,El Llobregat des de la Colònia Rosal fins a l'EDAR de Balsareny - 100013000,407500,4641747
after_2007,0001,F007398,Riera de la Portella - 100014000,408409,4657854
after_2007,0001,F007399,Riera de Graugés - 100016000,404022,4657011
after_2007,0001,F007400,Riera de la Riba - 100017000,408947,4655910
after_2007,0001,F007401,Riera de Biure - 100018000,409456,4652047
after_2007,0001,F007402,Riera de Clarà - 100019000,405521,4652425
after_2007,0001,F007403,Capçalera de la riera de Merlès fins a la confluència del torrent de Regatell - 100021000,416889,4653580
after_2007,0001,F007404,Riera de Merlès des de la confluència del torrent de Regatell fins al Llobregat - 100022000,407369,4642352
after_2007,0001,F007405,Riera de Merola - 100023000,406456,4642835
after_2007,0001,F007406,Riera de Gaià - 100024000,408452,4638579
after_2007,0001,F007407,Riera del Mujal - 100025000,405177,4637865
after_2007,0001,F007408,Riu de Cornet - 100026000,408390,4632008
after_2007,0001,F007409,El Llobregat des de l'EDAR de Balsareny fins a la confluència de la riera Gavarresa - 100027000,408693,4630090
after_2007,0001,F007410,"Capçalera de la riera Gavarresa fins a l'EDAR d'Avinyó, inclosa la riera de Segalers - 100028000",415787,4634995
after_2007,0001,F007411,Riera de Lluçanès - 100031000,421811,4650161
after_2007,0001,F007412,Torrent d'Olost - 100032000,424703,4647030
after_2007,0001,F007413,Riera de Basí - 100033000,420006,4645164
after_2007,0001,F007414,Riera de Relat - 100034000,415363,4636789
after_2007,0001,F007415,"Riera Gavarresa des de l'EDAR d'Avinyó fins al Llobregat, inclòs el riu Sec - 100035000",413077,4629319
after_2007,0001,F007416,Riera d'Oló - 100036000,414323,4631810
after_2007,0001,F007417,Riera de Malrubí - 100038000,413785,4627930
after_2007,0001,F007418,El Llobregat entre la riera Gavarresa i el Cardener - 100040000,408143,4621304
after_2007,0001,F007419,Riera de la Golarda i riera de Castellnou - 100041000,418294,4624812
after_2007,0001,F007420,Riera de Calders i riera del Marcet - 100043000,409461,4623702
after_2007,0001,F007421,Riu d'Or - 100044000,406735,4620559
after_2007,0001,F007422,Riera de Mura i riera de Talamanca - 100045000,411816,4618070
after_2007,0001,F007423,Riera de Santa Creu (o Mata-rodona) - 100046000,406531,4617560
after_2007,0001,F007424,Capçalera del Cardener fins a la cua de l'embassament de la Llosa del Cavall - 100047000,383878,4669590
after_2007,0001,F007425,Capçalera de l'Aigua de Valls fins a la cua de l'embassament de la Llosa del Cavall - 100049000,390357,4665705
after_2007,0001,F007426,Riu Cardener entre la presa de la Llosa del Cavall i la cua de l'embassament de Sant Ponç - 100050000,381095,4654736
after_2007,0001,F007427,Riu Cardener des de la presa de Sant Ponç fins a l'EDAR de Cardona - 100052000,387335,4643094
after_2007,0001,F007428,Riu Negre - 100053000,386754,4642918
after_2007,0001,F007429,Conca de l'Aigua d'Ora - 100054000,389778,4644073
after_2007,0001,F007430,Riera de Navel i rasa de l'Hospital - 100056000,394438,4643383
after_2007,0001,F007431,Riu Cardener des de l'abocament de Cardona fins a Súria - 100058000,393547,4634513
after_2007,0001,F007432,Torrent de Davins - 100059000,391961,4635007
after_2007,0001,F007433,Riera de Salo - 100060000,392586,4633307
after_2007,0001,F007434,Riera de Coaner - 100062000,394006,4631970
after_2007,0001,F007435,Riera d'Hortons - 100063000,396081,4632811
after_2007,0001,F007436,Riu Cardener des de Súria fins a l'EDAR de Manresa - 100064000,397128,4629080
after_2007,0001,F007437,Riera de Sant Cugat - 100065000,400530,4636154
after_2007,0001,F007438,Riera de Bellver - 100066000,400021,4626196
after_2007,0001,F007439,Riera de Fals - 100067000,398470,4623017
after_2007,0001,F007440,Riera de Rajadell - 100068000,402033,4617836
after_2007,0001,F007441,Riera de Cornet - 100069000,402353,4615855
after_2007,0001,F007442,Riu Cardener des de l'EDAR de Manresa fins al Llobregat - 100070000,404029,4615047
after_2007,0001,F007443,El Llobregat des de la confluència del Cardener fins a l'EDAR de Monistrol de Montserrat - 100071000,405050,4612004
after_2007,0001,F007444,Riera de Rellinars - 100072000,408321,4610296
after_2007,0001,F007445,Riera de Marganell - 100073000,403614,4611156
after_2007,0001,F007446,El Llobregat des de l'EDAR de  Monistrol fins a l'EDAR d'Abrera - 100074000,406576,4601631
after_2007,0001,F007447,"Riera Magarola, riera de Masquefa i riera de can Dalmases (o torrent Mal) - 100075000",408925,4598141
after_2007,0001,F007448,El Llobregat des de l'EDAR d'Abrera fins a la confluència de l'Anoia - 100076000,409806,4595003
after_2007,0001,F007449,Riera del Morral del Molí i riera de Sant Jaume - 100077000,411356,4596167
after_2007,0001,F007450,Conca alta de l'Anoia fins a Igualada - 100078000,378888,4606037
after_2007,0001,F007451,"Riu Anoia des de l'entrada a Igualada fins a l'EDAR d'Igualada, inclosa la riera d'Òdena - 100079000",386256,4602806
after_2007,0001,F007452,"Riu Anoia des de l'EDAR d'Igualda fins a la confluència de la riera de Carme, inclosa la riera de Castellolí - 100080000",389318,4602196
after_2007,0001,F007453,Riera de Carme - 100081000,387360,4598995
after_2007,0001,F007454,Riu Anoia entre la riera de Carme i el riu de Bitlles - 100082000,396983,4590408
after_2007,0001,F007455,Capçalera del riu de Bitlles fins a l'EDAR de Riudebitlles - 100083000,394439,4588853
after_2007,0001,F007456,Riu de Bitlles des de l'EDAR de Riudebitlles fins a l'Anoia - 100084000,398406,4588606
after_2007,0001,F007457,Riu Anoia des de la confluència del riu de Bitlles fins al Llobregat - 100085000,404119,4588737
after_2007,0001,F007458,Riera de l'Avernó i torrent dels Brivons - 100086000,400668,4586507
after_2007,0001,F007459,Torrent de la Fontsanta - 100087000,402708,4591542
after_2007,0001,F007460,El Llobregat entre l'Anoia i la riera de Rubí - 100088000,413604,4591758
after_2007,0001,F007461,Riera de Rubí i riera de les Arenes - 100089000,416091,4589051
after_2007,0001,F007462,El Llobregat des de la confluència de la riera de Rubí fins a Sant Joan Despí - 100090000,420246,4578238
after_2007,0001,F007463,Riera de Vallvidrera - 100091000,418462,4586699
after_2007,0001,F007464,Riera de Rafamans - 100092000,412986,4585160
after_2007,0001,F007465,Riera de Cervelló - 100093000,415015,4583453
after_2007,0001,F007466,Riera de Torrelles - 100094000,415060,4578865
after_2007,0001,F007467,El Llobregat des de Sant Joan Despí fins al mar - 100095000,425686,4575451
after_2007,0001,F007468,Capçalera del Congost fins a l'EDAR d'Aiguafreda - 110002000,436470,4627063
after_2007,0001,F007469,Riera d'Avencó - 110003000,438770,4623838
after_2007,0001,F007470,Riu Congost des de l'EDAR d'Aiguafreda fins a l'EDAR de La Garriga - 110004000,439609,4619390
after_2007,0001,F007471,"Riu Congost des de l'EDAR de la Garriga fins a la confluència amb la riera de Carbonell, riera de Carbonell inclosa - 110005000",441159,4612020
after_2007,0001,F007472,Riu Congost des de la confluència de la riera de Carbonell fins a la confluència amb el Mogent - 110006000,437707,4600165
after_2007,0001,F007473,Capçalera del Mogent fins a la potabilitzadora d'ATLL - 110007000,448840,4609087
after_2007,0001,F007474,Riu Mogent des de la potabilitzadora fins a l'EDAR de Vilanova del Vallès - 110008000,444855,4605329
after_2007,0001,F007475,Riera de Cànoves des de la presa de Valforners fins al Mogent - 110010000,446378,4611753
after_2007,0001,F007476,Riu Mogent des de l'EDAR de Vilanova del Vallès fins a la confluència amb el Congost - 110011000,443422,4604354
after_2007,0001,F007477,Capçalera del Tenes fins a la confluència del torrent del Villar (EDAR de Sant Feliu de Codines)  - 110012000,432624,4617144
after_2007,0001,F007478,Riu Tenes des de l'EDAR de Sant Feliu de Codines fins a l'EDAR de Santa Eulàlia de Ronçana - 110014000,436069,4611473
after_2007,0001,F007479,Riu Tenes des de l'EDAR de Santa Eulàlia de Ronçana fins a l'inici del tram endegat - 110016000,437114,4604148
after_2007,0001,F007480,"Riu Tenes des de l'inici del tram endegat fins al Besòs, inclosa la riera Seca - 110017000",435853,4599484
after_2007,0001,F007481,El Besòs des de la confluència Congost-Mogent fins a la confluència del Ripoll  - 110018000,432651,4593766
after_2007,0001,F007482,Capçalera de la riera de Caldes fins a l'EDAR de Caldes de Montbui - 110019000,429594,4610324
after_2007,0001,F007483,Riera de Caldes des de l'EDAR de Caldes de Montbui fins al Besòs - 110020000,431189,4602873
after_2007,0001,F007484,Capçalera de la riera de Sentmenat fins a Sentmenat - 110020500,426754,4609085
after_2007,0001,F007485,Riera de Sentmenat des de Sentmenat a la riera de Caldes - 110020700,429597,4604240
after_2007,0001,F007486,Riera Seca - 110021000,429375,4598548
after_2007,0001,F007487,Capçalera del Ripoll fins al límit del Parc de Sant Llorenç del Munt - 110022000,421418,4610624
after_2007,0001,F007488,Riu Ripoll des del límit del Parc de Sant Llorenç del Munt fins a l'EDAR de Castellar del Vallès - 110023000,422644,4607781
after_2007,0001,F007489,Riu Ripoll des de l' EDAR de Castellar del Vallès fins a l'EDAR de Sabadell - 110024000,425278,4602157
after_2007,0001,F007490,Riu Ripoll des de l'EDAR de Sabadell fins al Besòs - 110025000,432000,4593213
after_2007,0001,F007491,Riu Sec (Besòs) - 110026000,429192,4593550
after_2007,0001,F007492,Riera de Sant Cugat - 110028000,427156,4592468
after_2007,0001,F007493,El Besòs des de la confluència del Ripoll fins al mar - 110030000,433240,4589118
after_2007,0001,F007494,Capçalera de la riera d'Argentona fins a la confluència de la riera d'Òrrius - 120001000,451563,4605368
after_2007,0001,F007495,Riera d'Argentona des de confluència de la riera d'Òrrius fins al mar - 120002000,449554,4602013
after_2007,0001,F007496,Riera de Sant Pol - 130001000,467331,4606977
after_2007,0001,F007497,Riera de Pineda  - 135101000,471822,4611160
after_2007,0001,F007498,"Capçalera de la Tordera fins a l'EDAR de Santa Maria de Palautordera, inclosa la riera de la Castanya - 140001000",449036,4623648
after_2007,0001,F007499,La Tordera des de l'EDAR de Santa Maria de Palautordera fins a l'EDAR de Sant Celoni - 140003000,457478,4614405
after_2007,0001,F007500,Riera de Vallgorguina - 140004000,456791,4612483
after_2007,0001,F007501,La Tordera des de l'EDAR de Sant Celoni fins a la confluència de la riera d'Arbúcies - 140006000,466947,4619673
after_2007,0001,F007502,Capçalera de la riera de Gualba fins a la cua de l'embassament de Santa Fe - 140007000,454424,4625570
after_2007,0001,F007503,Riera de Gualba des de la presa de Santa Fe fins a la Tordera - 140008000,460350,4618715
after_2007,0001,F007504,Riera de Fuirosos - 140010000,464906,4615795
after_2007,0001,F007505,Riera de Breda - 140011000,463368,4620915
after_2007,0001,F007506,"Capçalera de la riera d'Arbúcies fins a la riera de Buixalleu (canvi de tipologia), inclosa la riera de la Pineda - 140013000",458135,4629679
after_2007,0001,F007507,Tram baix de la riera d'Arbúcies - 140014000,467165,4622820
after_2007,0001,F007508,La Tordera entre la riera d'Arbúcies i la riera de Santa Coloma - 140015000,472830,4621157
after_2007,0001,F007509,Capçalera de la riera de Santa Coloma fins a Santa Coloma de Faners - 140016000,466246,4635038
after_2007,0001,F007510,Riera de Santa Coloma des de Santa Coloma fins a l'inici del tram inclòs a la Xarxa Natura 2000 - 140017000,473899,4631816
after_2007,0001,F007511,Riera de l'Esparra - 140018000,474195,4628191
after_2007,0001,F007512,Sèquia de Sils - 140019000,474189,4626704
after_2007,0001,F007513,El Reclar i riera de Pins - 140020000,478735,4627523
after_2007,0001,F007514,Riera de Santa Coloma des de l'inici del tram inclòs a la Xarxa Natura 2000 fins a la Tordera - 140021500,474252,4626972
after_2007,0001,F007515,Riera de Maçanes - 140022000,470697,4624540
after_2007,0001,F007516,La Tordera des de la confluència de la riera de Santa Coloma fins a la confluència de la riera de Vallmanya - 140023000,475745,4618342
after_2007,0001,F007517,La Tordera des de la confluència de la riera de Vallmanya fins al mar - 140024000,480394,4612722
after_2007,0001,F007518,Capçaleres del sot de Verderes i la riera de Tossa fins a l'EDAR de Tossa de Mar - 150001000,491424,4621111
after_2007,0001,F007519,Riera de Tossa des de l'EDAR de Tossa de Mar fins al mar - 150003000,493818,4619651
after_2007,0001,F007520,Capçalera del Ridaura fins a l'EDAR de Castell-Platja d'Aro - 160001000,494624,4630671
after_2007,0001,F007521,Riu Ridaura des de l'EDAR de Castell-Platja d'Aro fins al mar  - 160002000,503573,4628943
after_2007,0001,F007522,Capçalera de la riera de Calonge fins al límit del PEIN - 170001000,503369,4632847
after_2007,0001,F007523,Riera de Calonge des del límit del PEIN fins al mar - 170002000,506754,4633643
after_2007,0001,F007524,Riera d'Aubi - 180001000,512771,4637902
after_2007,0001,F007525,Capçalera del Daró fins a la confluència amb el torrent de la Marqueta (torrent de la Marqueta inclòs) - 190001000,500738,4643462
after_2007,0001,F007526,El Daró entre el torrent de la Marqueta i el Rissec (tram urbà de la Bisbal) - 190002000,503425,4647607
after_2007,0001,F007527,"Riu Daró des de la confluència del Rissec fins a Gualta, inclosos el Rissec i la riera de Rupià - 190003000",508539,4653221
after_2007,0001,F007528,Capçalera del Ter fins a la confluència amb el Ritort (Ritort inclòs) - 200001000,446469,4685287
after_2007,0001,F007529,El Ter entre el Ritort i el Freser - 200002000,437368,4674575
after_2007,0001,F007530,"Capçalera del Freser fins a Campdevànol, inclosos el Rigard i el Segadell - 200003000",431007,4678048
after_2007,0001,F007531,Riu Freser des de Campdevànol fins a la confluència amb el Ter - 200004000,431341,4673706
after_2007,0001,F007532,Riu Merdàs - 200005000,424296,4677759
after_2007,0001,F007533,El Ter entre el Freser i la riera de Vallfogona - 200006000,433894,4671033
after_2007,0001,F007534,Riera de les Llosses - 200007000,430074,4668865
after_2007,0001,F007535,Riera de Vallfogona - 200008000,437543,4670858
after_2007,0001,F007536,El Ter entre la riera de Vallfogona i el Ges - 200009000,434466,4662661
after_2007,0001,F007537,Riera de Sora - 200010000,432475,4663231
after_2007,0001,F007538,Riera de la Foradada - 200011000,436848,4661438
after_2007,0001,F007539,Capçalera del Ges fina a la confluència amb el Fornès (Fornès inclòs) - 200013000,442190,4658218
after_2007,0001,F007540,El Ges des de la confluència del Fornès fins al Ter - 200014000,439545,4655609
after_2007,0001,F007541,El Ter entre el Ges i el Gurri - 200015000,440445,4648830
after_2007,0001,F007542,Capçalera de la riera de Sorreigs fins a Angelats (límit del PEIN) - 200017000,432891,4650667
after_2007,0001,F007543,Riera de Sorreigs des d'Angelats (límit del PEIN) fins al Ter - 200018000,436050,4648924
after_2007,0001,F007544,Capçalera del Gurri fins a la confluència amb la riera de Tona - 200019000,438514,4635618
after_2007,0001,F007545,"Riu Gurri entre la riera de Tona i la riera de Rimentol, inclosos la riera de Tona, la conca del Mèder i la riera de Rimentol - 200019500",439959,4642899
after_2007,0001,F007546,Riu Gurri des de la confluència de la riera de Rimentol fins al Ter (inclòs el torrent de Folgueroles) - 200020000,441143,4648214
after_2007,0001,F007547,El Ter entre el Gurri i la cua de l'embassament de Sau - 200021000,442932,4646754
after_2007,0001,F007548,Riera de les Gorgues - 200023000,447968,4652914
after_2007,0001,F007549,Riera Major - 200024000,450572,4642446
after_2007,0001,F007550,Riera de Rupit - 200025000,456363,4651776
after_2007,0001,F007551,El Brugent - 200026000,464886,4654028
after_2007,0001,F007552,El Ter des del Pasteral fins a la confluència de l'Onyar - 200028000,479598,4646569
after_2007,0001,F007553,Riera d'Osor - 200029000,467709,4644416
after_2007,0001,F007554,Riera de Llèmena i riera de Canet - 200030000,478819,4648922
after_2007,0001,F007555,Torrent de Gàrrep - 200031000,480160,4651693
after_2007,0001,F007556,Riu Güell - 200032000,483701,4644326
after_2007,0001,F007557,Capçalera de l'Onyar fins a la confluència de la riera de Gotarra - 200033000,482897,4636730
after_2007,0001,F007558,"Rieres de Gotarra, Verneda i Benaula - 200034000",484973,4639156
after_2007,0001,F007559,"Riu Onyar des de la confluència de la riera de Gotarra fins a l'entrada al nucli urbà de Girona, incloses les rieres de Bugantó i de Celrà - 200036000",485052,4643103
after_2007,0001,F007560,Riu Onyar a Girona - 200037000,485781,4646867
after_2007,0001,F007561,El Ter entre l'Onyar i el Terri - 200038000,485774,4651476
after_2007,0001,F007562,Capçalera del Terri fins a la confluència del Revardit - 200039000,485431,4659558
after_2007,0001,F007563,Riu Revardit - 200040000,485595,4658938
after_2007,0001,F007564,Riu Terri des de la confluència del Revardit fins al Ter - 200041000,488167,4654075
after_2007,0001,F007565,El Ter des de la confluència del Terri fins a Flaçà - 200042000,496667,4656400
after_2007,0001,F007566,Riera de la Farga - 200043000,490113,4655692
after_2007,0001,F007567,Riera de Sant Martí - 200043500,494419,4652350
after_2007,0001,F007568,Riera de Cinyana - 200044000,496519,4656557
after_2007,0001,F007569,El Ter des de Flaçà fins al mar - 200046000,512618,4652593
after_2007,0001,F007570,Capçalera del Fluvià fins a la confluència amb el Gurn (Gurn inclòs) - 210001000,455311,4660266
after_2007,0001,F007571,El Fluvià entre el Gurn i la Riera de Bianya - 210002000,458713,4672127
after_2007,0001,F007572,Riera de Bianya i riera de Riudaura - 210003000,457645,4673954
after_2007,0001,F007573,El Fluvià entre la riera de Bianya i el Llierca (inclosa la riera de Castellar) - 210004000,464900,4674012
after_2007,0001,F007574,El Fluvià des de la confluència del Llierca fins a la confluència amb el riu Ser - 210006000,475572,4672101
after_2007,0001,F007575,Conca del Llierca - 210007000,467796,4675382
after_2007,0001,F007576,Riera de Borró - 210008000,472003,4673260
after_2007,0001,F007577,Riera de Junyell - 210009000,476934,4671375
after_2007,0001,F007578,Conca del Ser - 210011000,478225,4669586
after_2007,0001,F007579,Riera de Sant Jaume - 210012000,487031,4670800
after_2007,0001,F007580,Rec Sirvent - 210013000,507009,4672940
after_2007,0001,F007581,Capçalera de la Muga fins a l'embassament de Boadella - 220001000,475638,4684196
after_2007,0001,F007582,Riu Arnera aigües amunt de Boadella - 220002000,479276,4691504
after_2007,0001,F007583,La Muga entre l'embassament de Boadella i el Llobregat de la Muga - 220003000,488558,4686834
after_2007,0001,F007584,Capçalera del Llobregat de la Muga fins al Ricardell - 220004000,491052,4691447
after_2007,0001,F007585,Riu Ricardell - 220006000,488303,4690087
after_2007,0001,F007586,Llobregat de la Muga des del Ricardell fins a la Muga - 220007000,500718,4683553
after_2007,0001,F007587,Conca de l'Orlina - 220008000,501078,4686708
after_2007,0001,F007588,La Muga des de la confluència del Llobregat de la Muga fins al mar - 220009000,506231,4677830
after_2007,0001,F007589,Riu Manol i riera d'Àlguema - 220010000,497414,4676183
after_2007,0001,F007590,Riera de Figueres - 220011000,503525,4680421
after_2007,0001,F007591,Riera de Garriguella (Pedret) fins als aiguamolls de l'Empordà - 224001000,503794,4688453
after_2007,0001,F007592,Rec Madral des de l'entrada als aiguamolls de l'Empordà fins al mar - 224002000,509656,4680977
after_2007,0001,F007593,Riera de Romanyac - 228001000,517679,4684409
after_2007,0001,F007594,Riera de Valleta - 230001000,509097,4688994
after_2007,0001,F007595,Conca alta del Segre fins a la confluència amb el Querol - E002000,412012,4695372
after_2007,0001,F007596,Riu Querol - E003000,410612,4696564
after_2007,0001,F007597,"El Segre entre el Querol i el riu de la Llosa, inclosos el torrent de la Bavosa, el riu de Santa Maria i el torrent de Ridolaina  - E004000",397078,4691492
after_2007,0001,F007598,Riu d'Alp - E005000,408431,4693290
after_2007,0001,F007599,Riu Duran - E006000,402067,4694497
after_2007,0001,F007600,Riu de la Llosa - E006500,393176,4697188
after_2007,0001,F007601,"El Segre entre el riu de la Llosa i la Valira, inclosos el riu de Vilanova i el riu de Cerc - E007000",376592,4690357
after_2007,0001,F007602,Riu del Molí - E008000,390992,4692557
after_2007,0001,F007603,Torrent del Cabiscol - E009000,391233,4687658
after_2007,0001,F007604,Riu d'Arsèguel - E010000,383008,4689949
after_2007,0001,F007605,Riu de Bescaran - E011000,380064,4695627
after_2007,0001,F007606,El Segre entre la Valira i el riu de la Guàrdia - E012000,367995,4687090
after_2007,0001,F007607,Conca de la Valira - E013000,372920,4692882
after_2007,0001,F007608,Riu de Castellbò - E014000,367435,4690122
after_2007,0001,F007609,Riu de la Guàrdia i riu de Castellàs - E015000,360752,4683775
after_2007,0001,F007610,Riu de Pallerols i llau del Poador - E016000,362764,4685384
after_2007,0001,F007611,"El Segre des de la confluència amb el riu de la Guàrdia fins a la cua de l'embassament d'Oliana, inclosos el riu de Tost i el riuet de Fontanet - E017000",362746,4676156
after_2007,0001,F007612,Riu de Lavansa i riu de Bona - E018000,370705,4677407
after_2007,0001,F007613,Riu de Cabó - E019000,358860,4677010
after_2007,0001,F007614,Riu de Perles - E021000,367002,4670673
after_2007,0001,F007615,Riu de Sallent i riu de Valldarques - E022000,357410,4669783
after_2007,0001,F007616,El Segre des de la presa d'Oliana fins a la cua de l'embassament de Rialb - E023000,359421,4657670
after_2007,0001,F007617,Conca de la Ribera Salada - E025000,369485,4656486
after_2007,0001,F007618,Riu Rialb - E026000,348779,4657442
after_2007,0001,F007619,"El Segre des de la presa de Rialb fins a Artesa de Segre, inclòs el riu de les Segues - E027000",340727,4642359
after_2007,0001,F007620,Riu Llobregós - E028000,353894,4638679
after_2007,0001,F007621,Riera de Llanera - E029000,369969,4632234
after_2007,0001,F007622,Riera de Sanaüja - E030000,358419,4636329
after_2007,0001,F007623,"El Segre des d'Artesa de Segre fins a la confluència amb la Noguera Pallaresa, inclòs l'últim tram de la Noguera Pallaresa des de la presa de Camarasa - E031000",334157,4641455
after_2007,0001,F007624,Riu Boix - E032000,335712,4643959
after_2007,0001,F007625,"Conca alta de la Noguera Pallaresa fins a la confluència amb el riu de la Bonaigua, riu de la Bonaigua inclòs - E033000",344483,4729620
after_2007,0001,F007626,"La Noguera Pallaresa des de la confluència del riu de la Bonaigua fins a l'Escrita, inclosos el barranc de Nyiri i riu de Son - E034000",346160,4721478
after_2007,0001,F007627,La Noguera Pallaresa des de la confluència amb l'Escrita fins a la Noguera de Cardós - E035000,349493,4711711
after_2007,0001,F007628,Riu Escrita i riu de Peguera - E036000,338906,4716356
after_2007,0001,F007629,Capçalera de la Noguera de Cardós i riu de Tavascan fins a la confluència entre tots dos - E037000,357064,4722835
after_2007,0001,F007630,"La Noguera de Cardós des de la confluència del riu de Tavascan fins a la Noguera Pallaresa, inclosa la ribera d'Estaon - E038000",355590,4717225
after_2007,0001,F007631,La Noguera de Vallferrera i la Noguera de Tor - E039000,357798,4710724
after_2007,0001,F007632,La Noguera Pallaresa des de la confluència amb la Noguera de Cardós fins a la cua de l'embassament de Talarn - E040000,342406,4691520
after_2007,0001,F007633,Riu de Santa Magdalena - E041000,351987,4703122
after_2007,0001,F007634,"Riu de Sant Antoni, riu de Caregue i riu de Pamano - E042000",343182,4703378
after_2007,0001,F007635,Riu de Cantó - E043000,347540,4693608
after_2007,0001,F007636,Riu d'Ancs - E044000,339280,4688770
after_2007,0001,F007637,Riu Major - E045000,340819,4685855
after_2007,0001,F007638,Barranc de la Coma d'Orient - E046000,346349,4679183
after_2007,0001,F007639,Riu Flamisell des de la presa de Sallente fins a la confluència amb el riu Bossia - E049000,330295,4687998
after_2007,0001,F007640,Riu Flamisell des de la confluència amb el Bossia fins a la Noguera Pallaresa - E050000,329905,4686860
after_2007,0001,F007641,Riu Bossia - E051000,328172,4689918
after_2007,0001,F007642,Riu de Carreu - E052000,333645,4674036
after_2007,0001,F007643,La Noguera Pallaresa des de la presa de Talarn fins a la cua de l'embassament de Terradets - E053000,326654.17,4666840.37
after_2007,0001,F007644,Barranc de Seròs - E054000,324963,4674823
after_2007,0001,F007645,Riu de Conques - E055000,334771,4664183
after_2007,0001,F007646,Riu d'Abella - E056000,334331,4667365
after_2007,0001,F007647,Barranc de Barcedana - E057500,329326,4657843
after_2007,0001,F007648,La Noguera Pallaresa des de la presa de Terradets fins a la cua de l'embassament de Camarasa - E058000,324913,4656300
after_2007,0001,F007649,Barranc del Bosc - E059000,319771,4659863
after_2007,0001,F007650,El Segre des de la confluència amb la Noguera Pallaresa fins a la cua de l'embassament de Sant Llorenç de Montgai - E061000,324044,4639324
after_2007,0001,F007651,El Segre des de la presa de Sant Llorenç de Montgai fins a Vilanova de la Barca - E063000,314009,4621809
after_2007,0001,F007652,"Conca alta del Sió fins a la confluència amb el barranc de la Pisquera, barranc de la Pisquera inclòs - E064000",343500,4627691
after_2007,0001,F007653,Riu Sió des de la confluència amb el barranc de la Pisquera fins al Segre - E065000,327219,4630229
after_2007,0001,F007654,Riu de Farfanya  - E066000,311413,4633354
after_2007,0001,F007655,El Segre des de Vilanova de la Barca fins a Alcoletge - E067000,308452,4615316
after_2007,0001,F007656,Capçalera del riu d'Ondara fins a la confluència amb el Cercavins i conca del Cercavins - E068000,348251,4612422
after_2007,0001,F007657,"Riu Corb, barranc del Gossalet i riu d'Ondara des de la confluència amb el Cercavins fins al Corb - E069000",331393,4611084
after_2007,0001,F007658,Capçalera de la Noguera Ribagorçana fins a l'embassament de Baserca - E070000,316719,4720727
after_2007,0001,F007659,La Noguera Ribagorçana des de l'embassament de Baserca fins a la confluència amb la Valira de Castanesa - E072000,311848,4704019
after_2007,0001,F007660,La Noguera Ribagorçana des de la confluència de la Valira de Castanesa fins a la cua de l'embassament d'Escales - E074000,313720,4698063
after_2007,0001,F007661,La Noguera de Tor des de l'embassament de Cavallers fins a la confluència amb riu de Sant Nicolau - E076000,323165,4715004
after_2007,0001,F007662,Riu de Sant Nicolau - E077000,329153,4713224
after_2007,0001,F007663,"La Noguera de Tor des de la confluència del riu de Sant Nicolau fins a la Noguera Ribargorçana, inclosos el riuet de Durro i el riu de Sant Martí - E078000",321362,4709605
after_2007,0001,F007664,"Riuet del Convent, barranc de Malpàs i barranc de Massivert - E080000",317500,4695914
after_2007,0001,F007665,La Noguera Ribagorçana des de la presa d'Escales fins al Pont de Montanyana - E081000,310230,4672750
after_2007,0001,F007666,Barranc de Miralles - E082000,315747,4685817
after_2007,0001,F007667,Barranc del Solà - E083000,316123,4681820
after_2007,0001,F007668,La Noguera Ribagorçana des del Pont de Montanyana fins a la cua de l'embassament de Canelles - E085000,309900,4666079
after_2007,0001,F007669,La Noguera Ribagorçana des de la presa de Canelles fins a la cua de l'embassament de Santa Anna - E087000,301973,4649106
after_2007,0001,F007670,La Noguera Ribagorçana des de la presa de Santa Anna fins a Alfarràs - E089000,298902,4638020
after_2007,0001,F007671,La Noguera Ribagorçana des d'Alfarràs fins a la confluència amb el Segre - E090000,309164,4617173
after_2007,0001,F007672,Sèquia de la Gombalda - E091000,308617,4623700
after_2007,0001,F007673,El Segre des d'Alcoletge fins a Lleida - E092000,305190,4614334
after_2007,0001,F007674,Riu Clamor de les Canals  - E093000,311741,4612511
after_2007,0001,F007675,El Segre al seu pas per Lleida - E094000,301556,4608768
after_2007,0001,F007676,Torrent de la Femosa - E095000,304190,4606783
after_2007,0001,F007677,El Segre des de Lleida fins a Seròs - E096000,288127,4595578
after_2007,0001,F007678,Rierol de Melons - E097000,306126,4600688
after_2007,0001,F007679,Capçalera del riu de Set fins al límit entre els termes municipals d'Albagés i el Cogul - E098000,314325,4590679
after_2007,0001,F007680,Riu Set des del límit dels termes municipals d'Albagés i el Cogul fins al Segre - E099000,297016,4604395
after_2007,0001,F007681,El Segre des de Seròs fins a la confluència amb el Cinca - E100000,284048,4592034
after_2007,0001,F007682,Riu de la Clamor Amarga - E101000,277826,4615760
after_2007,0001,F007683,El Cinca des de la confluència amb la Clamor Amarga fins al Segre - E102000,278177,4590466
after_2007,0001,F007684,El Segre des de la confluència amb el Cinca fins a la cua de l'embassament de Riba-roja - E103000,276053,4586203
after_2007,0001,F007685,Capçalera del Riu d'Algars i del riu d'Estrets fins a la confluència entre tots dos - E105000,265716,4555492
after_2007,0001,F007686,Riu d'Algars des de la confluència del riu d'Estrets fins al Matarranya i Matarranya des de la confluència de l'Algars fins a la cua de l'embassament de Riba-roja - E106000,266203,4552791
after_2007,0001,F007687,L'Ebre de la presa de Flix fins al desguàs de la central hidroelèctrica de Flix - E108000,294204,4568011
after_2007,0001,F007688,Riu de la Cana - E109000,295362,4569189
after_2007,0001,F007689,L'Ebre des del desguàs de la central hidroelèctrica de Flix fins a Ascó - E110000,294929,4564982
after_2007,0001,F007690,L'Ebre entre Ascó i l'assut de Xerta - E111000,299642,4546809
after_2007,0001,F007691,Capçalera del Montsant fins a la cua de l'embassament de Margalef - E112000,317252,4574778
after_2007,0001,F007692,"Riu de Montsant des de la presa de Margalef fins a la confluència amb el riuet d'Escaladei, inclòs el riuet d'Escaladei - E114000",307304,4568418
after_2007,0001,F007693,"Riu de Siurana des de la presa de Siurana fins a l'Ebre, riu de Cortiella i tram baix del riu de Montsant des de la confluència amb el riuet d'Escaladei - E115000",318866,4566775
after_2007,0001,F007694,Capçalera del Siurana fins a la cua de l'embassament de Siurana - E116000,329107,4570178
after_2007,0001,F007695,Capçalera de la riera de Capçanes fins a la cua de l'embassament de Guiamets - E118000,314334,4552757
after_2007,0001,F007696,Riera de Capçanes des de la presa de Guiamets fins a la confluència amb el Siurana - E120000,306723,4554245
after_2007,0001,F007697,Riu Sec (Ebre) - E121000,302085,4549835
after_2007,0001,F007699,Riu Canaletes - E123000,290035,4538018
after_2007,0001,F007700,Barranc de Xalamera - E124000,283321,4539060
after_2007,0001,F007701,Barranc de l'Arram - E125000,287661,4533979
after_2007,0001,F007702,L'Ebre des de l'assut de Xerta fins a la confluència del barranc de la Galera - E126000,289926,4528480
after_2007,0001,F007703,Barranc de la Conca - E127000,288251,4528028
after_2007,0001,F007704,Barranc de la Servera - E128000,284207,4524125
after_2007,0001,F007705,Barranc de Sant Antoni - E129000,287320,4518301
after_2007,0001,F007706,Conca del barranc de la Galera - E130000,273695,4514675
after_2007,0001,F007708,"Garona des de Salardú fins a la frontera, arriu de Varradòs i arriu Nere - G001000",313736,4734295
after_2007,0001,F007709,Capçalera de la Garona fins a Salardú i arriu Unhola - G002000,330964,4730197
after_2007,0001,F007710,Arriu de Valarties - G003000,325875,4727822
after_2007,0001,F007711,Arriu Joèu - G004000,312510,4729943
after_2007,0001,F007712,Arriu de Toran - G005000,320432,4743110
after_2007,0001,F007713,Riu de la Sénia des de la presa d'Ulldecona fins al mar - S001000,269013,4504266
after_2007,0001,F007714,Barranc de la Fou fins a la cua de l'embassament d'Ulldecona - S002000,266466,4509845
after_2007,0001,F009793,N/D - Superficial - EA066_C4066,407241,4659812
after_2007,0001,F009794,N/D - Superficial - EA094,412493,4664696
after_2007,0001,F009795,N/D - Superficial - EA097_C4097,384278,4666300
after_2007,0001,F009796,N/D - Superficial - EA099,410931,4593104
after_2007,0001,F009797,N/D - Superficial - EA111,327099,4568958
after_2007,0001,F009798,N/D - Superficial - EA112,325997,4571291
after_2007,0001,F009800,N/D - Superficial - EA095,412353,4665951
after_2007,0001,F009891,N/D - Superficial - EA101,439144,4655539
after_2007,0001,F009971,N/D - Superficial - EA122,461882,4604666
after_2007,0001,F011507,Conca del Llierca - EA113,467366,4677351
after_2007,0001,F011895,N/D - Superficial - EA110,407593,4643264
after_2007,0001,F012652,Conca de l'Orlina - 220008010,504108,4692756
after_2007,0001,F012653,Conca de l'Orlina - 220008011,495936,4697723
after_2007,0001,F012654,Capçalera del Llobregat de la Muga fins al Ricardell - 220004010,486576,4693332
after_2007,0001,F012655,Capçalera del Ter fins a la confluència amb el Ritort (Ritort inclòs) - 200001010,441947,4693204
after_2007,0001,F012656,Capçalera del Ter fins a la confluència amb el Ritort (Ritort inclòs) - 200001011,449681,4692310
after_2007,0001,F012657,Riera Major - 200024010,449370,4631506
after_2007,0001,F012658,Riera de Carme - 100081010,380379,4597530
after_2007,0001,F012659,Capçalera del Foix fins a Sant Martí Sarroca - 080001010,382404,4586429
after_2007,0001,F012660,Capçalera de la Glorieta fins a l'EDAR d'Alcover - 050011010,343355,4569947
after_2007,0001,F014672,N/D - Superficial - EA115,469379,4645530
after_2007,0001,F014673,N/D - 08125-0069,432050,4591723
after_2007,0001,F014695,Conca del riu d'Anguera - 050004020,350953,4587611
after_2007,0001,F014700,El Llobregat des de l'EDAR de Balsareny fins a la confluència de la riera Gavarresa - 100013021,407677,4635382
after_2007,0001,F014707,Riera de Breda - 140011020,460448,4624225
after_2007,0001,F014708,Riera d'Osor - 200029020,456992,4638679
after_2007,0001,F015000,Capçaleres del Llobregat i l'Arija fins a la confluència entre tots dos  - 100001010,419912,4677769
after_2007,0001,F015001,Riera d'Oló - 100036010,425264,4638740
after_2007,0001,F015019,Riera de Malrubí - 100038010,420186,4629704
after_2007,0001,F015020,Conca de l'Aigua d'Ora - 100054010,389359,4657773
after_2007,0001,F015021,Riera d'Avencó - 110003010,442179,4628636
after_2007,0001,F015022,Capçalera de la riera de Sentmenat fins a Sentmenat - 110020510,426054,4610658
after_2007,0001,F015023,"Capçalera de la Tordera fins a l'EDAR de Santa Maria de Palautordera, inclosa la riera de la Castanya - 140001010",450730,4626002
after_2007,0001,F015025,Capçalera de la riera de Santa Coloma fins a Santa Coloma de Faners - 140016010,466246,4635038
after_2007,0001,F015026,Capçaleres del sot de Verderes i la riera de Tossa fins a l'EDAR de Tossa de Mar - 150001010,491366,4623074
after_2007,0001,F015027,Capçalera del Ridaura fins a l'EDAR de Castell-Platja d'Aro - 160001010,493990,4625760
after_2007,0001,F015028,Capçalera del Daró fins a la confluència amb el torrent de la Marqueta (torrent de la Marqueta inclòs) - 190001010,497319,4643252
after_2007,0001,F015029,"Capçalera del Freser fins a Campdevànol, inclosos el Rigard i el Segadell - 200003010",418048,4685756
after_2007,0001,F015030,Capçalera del Ges fina a la confluència amb el Fornès (Fornès inclòs) - 200013010,445169,4658482
after_2007,0001,F015032,Conca del Llierca - 210007010,462032,4682815
after_2007,0001,F015033,Riera de Borró - 210008010,471810,4677111
after_2007,0001,F015034,Riera de Junyell - 210009010,475240,4669980
after_2007,0001,F015035,Conca de la Ribera Salada - E025010,373516,4660308
after_2007,0001,F015036,Capçalera del Riu d'Algars i del riu d'Estrets fins a la confluència entre tots dos - E105010,268590,4528012
after_2007,0001,F015039,Riera de Llanera - E029010,371410,4633988
after_2007,0001,F015043,Capçalera de l'Aigua de Valls fins a la cua de l'embassament de la Llosa del Cavall - 100049010,391781,4674519
after_2007,0001,F015044,Riu de la Llosa - E006510,393372,4699714
after_2007,0001,F015045,Torrent del Cabiscol - E009010,391306,4685805
after_2007,0001,F015575,Riu Rialb - E026010,348779,4657442
after_2007,0001,F015576,Capçalera de la Noguera de Cardós i riu de Tavascan fins a la confluència entre tots dos - E037010,356312,4723946
after_2007,0001,F015577,"Riu de Sant Antoni, riu de Caregue i riu de Pamano - E042010",343185,4703357
after_2007,0001,F015578,Riu Bossia - E051010,327227,4702277
after_2007,0001,F015579,Capçalera de la Noguera Ribagorçana fins a l'embassament de Baserca - E070010,316748,4720600
after_2007,0001,F015580,"Riuet del Convent, barranc de Malpàs i barranc de Massivert - E080010",320420,4696864
after_2007,0001,F015581,"Garona des de Salardú fins a la frontera, arriu de Varradòs i arriu Nere - G001010",321309,4738174
after_2007,0001,F015583,"Conca alta de la Noguera Pallaresa fins a la confluència amb el riu de la Bonaigua, riu de la Bonaigua inclòs - E033010",340542,4736028
after_2007,0001,F019009,El Fluvià des del riu Ser fins al mar - 210006500,496567,4667751
after_2007,0001,F019010,Riu d'Algars des de la confluència del riu d'Estrets fins al Matarranya i Matarranya des de la confluència de l'Algars fins a la cua de l'embassament de Riba-roja - E106020,270536,4566098
after_2007,0001,F019011,La Muga entre l'embassament de Boadella i el Llobregat de la Muga - 220003020,500599,4682465
after_2007,0001,F022239,Riera Major - 200024011,449364,4631900
after_2007,0001,F025147,Riera de la Foradada - 200011030,438731,4662224
after_2007,0001,F025148,Capçalera del Foix fins a Sant Martí Sarroca - 080001030,379323,4587218
after_2007,0001,F025149,Riera de Vallfogona - 200008030,436652,4667979
after_2007,0001,F025150,Riera d'Osor - 200029030,461690,4644066
after_2007,0001,F025248,N/D - EA085_C4085,441145,4648284
after_2007,0001,F025249,N/D - EA120,441180,4648214
after_2007,0001,F025250,N/D - EA019,442708,4647807
after_2007,0001,F026458,N/D - EA124,484777,4638503
after_2007,0001,F026867,L'Ebre des de l'Illa de Gràcia fins al mar - E001000,312377,4507248
after_2007,0001,F026868,L'Ebre des de la confluència del barranc de la Galera fins a l'Illa de Gràcia - E131000,298231,4508670
after_2007,0001,F029449,Conca de la riera de la Bisbal - 070001070,378584,4566378
after_2007,0001,F029450,"El Foix des de la confluència de la riera de Llitrà fins a la cua de l'embassament de Foix, inclòs el tram baix de la riera de Llitrà des de l'EDAR de Vilafranca - 080005070",388637,4574857
after_2007,0001,F029452,El Llobregat des de l'EDAR de Balsareny fins a la confluència de la riera Gavarresa - 100027021,407835,4631455
after_2007,0001,F029454,Riu Negre - 100053070,378363,4648541
after_2007,0001,F029455,El Llobregat des de la confluència del Cardener fins a l'EDAR de Monistrol de Montserrat - 100071070,404313,4607810
after_2007,0001,F029457,Riu Anoia entre la riera de Carme i el riu de Bitlles - 100082070,391465,4596923
after_2007,0001,F029458,Riera de Rubí i riera de les Arenes - 100089070,419342,4595552
after_2007,0001,F029459,Capçalera del Congost fins a l'EDAR d'Aiguafreda - 110002070,436896,4626312
after_2007,0001,F029460,El Besòs des de la confluència Congost-Mogent fins a la confluència del Ripoll  - 110018070,435868,4599154
after_2007,0001,F029461,Riu Ripoll des de l'EDAR de Sabadell fins al Besòs - 110025070,428032,4597385
after_2007,0001,F029462,Riu Sec (Besòs) - 110026070,425627,4595966
after_2007,0001,F029463,La Tordera des de l'EDAR de Sant Celoni fins a la confluència de la riera d'Arbúcies - 140006070,459537,4616339
after_2007,0001,F029465,Sèquia de Sils - 140019070,479040,4628135
after_2007,0001,F029468,El Ter entre el Ges i el Gurri - 200015070,437348,4654808
after_2007,0001,F029469,Capçalera del Gurri fins a la confluència amb la riera de Tona - 200019070,438843,4637457
after_2007,0001,F029471,"Riu Gurri entre la riera de Tona i la riera de Rimentol, inclosos la riera de Tona, la conca del Mèder i la riera de Rimentol - 200020070",439919,4645292
after_2007,0001,F029472,El Ter des del Pasteral fins a la confluència de l'Onyar - 200028070,472901,4646138
after_2007,0001,F029473,"Rieres de Gotarra, Verneda i Benaula - 200034070",486288,4635780
after_2007,0001,F029474,Riu Terri des de la confluència del Revardit fins al Ter - 200041070,486544,4658753
after_2007,0001,F029475,El Ter des de la confluència del Terri fins a Flaçà - 200042070,489992,4655344
after_2007,0001,F029479,El Segre des de la presa de Sant Llorenç de Montgai fins a Vilanova de la Barca - E063070,317094,4625369
after_2007,0001,F029480,Riu Sió des de la confluència amb el barranc de la Pisquera fins al Segre - E065070,340292,4628649
after_2007,0001,F029481,Capçalera del riu d'Ondara fins a la confluència amb el Cercavins i conca del Cercavins - E068070,353671,4613552
after_2007,0001,F029482,"Riu Corb, barranc del Gossalet i riu d'Ondara des de la confluència amb el Cercavins fins al Corb - E069070",341923,4613222
after_2007,0001,F029483,Riu Clamor de les Canals  - E093070,319835,4611030
after_2007,0001,F029484,El Segre des de Lleida fins a Seròs - E096070,301781,4607008
after_2007,0001,F029673,Riera de la Portella - 100014030,409565,4659316
after_2007,0001,F029674,Capçalera de la riera de Merlès fins a la confluència del torrent de Regatell - 100021030,422202,4669805
after_2007,0001,F029675,Conca de l'Aigua d'Ora - 100054030,391575,4661673
after_2007,0001,F029676,Capçalera del Fluvià fins a la confluència amb el Gurn (Gurn inclòs) - 210001030,449918,4666145
after_2007,0001,F029677,Riera de Bianya i riera de Riudaura - 210003030,450506,4674098
after_2007,0001,F029693,Conca del Llierca - 210007030,455730,4679623
after_2007,0001,F029713,Capçalera de la Muga fins a l'embassament de Boadella - 220001030,475372,4686295
after_2007,0001,F029714,Riu Arnera aigües amunt de Boadella - 220002030,478606,4691654
after_2007,0001,F029897,El Llobregat des de l'EDAR de  Monistrol fins a l'EDAR d'Abrera - 100074020,409190,4598217
after_2007,0001,F030763,N/D - EA138,447424,4682297
after_2007,0001,F030764,N/D - EA139,447868,4681836
after_2007,0001,F030765,N/D - EA140,437205,4653977
after_2007,0001,F030766,N/D - EA141,438240,4652599
after_2007,0001,F035102,Fluviovolcànic de la Garrotxa - 17114-0159,457650,4668288
after_2007,0001,F038288,"Riu Daró des de Gualta fins al mar (Daró Vell), inclosos  la riera Grossa i el Torrent de la Revetlla - 190004000",513741,4650204
after_2007,0001,F042193,N/D - Pantà de Can Vinyals,426173,4608596
after_2007,0001,F047916,N/D - Superficial - EA072a,437536,4674682
after_2007,0001,F048044,La Muga entre l'embassament de Boadella i el Llobregat de la Muga - 220005000,496151,4683381
after_2007,0001,F048053,El Llobregat entre la riera Gavarresa i el Cardener - 100040001,404902,4616098
after_2007,0001,F048062,Riba-roja - E104020,298949,4638248
after_2007,0001,F049658,Riu Anoia des de la confluència del riu de Bitlles fins al Llobregat - 100085001,410697,4592425
after_2007,0001,F049659,Riu Ripoll des de l'EDAR de Sabadell fins al Besòs - 110025001,432154,4593253
after_2007,0001,F049776,Riu Brugent - EA116,467027,4651472
after_2007,0001,L08001-72-00001,N/D - Superficial - EA084_A084,409650,4596023
after_2007,0001,L08018-72-00003,N/D - Superficial - EA067_C4067,407058,4634787
after_2007,0001,L08047-72-00005,N/D - Superficial - EA001b_C4001b,391877,4641790
after_2007,0001,L08051-72-00001,N/D - Superficial - EA075,423392,4606810
after_2007,0001,L08052-72-00002,N/D - Superficial - EA086,415662,4679126
after_2007,0001,L08053-72-00003,N/D - Superficial - EA023,404933,4611165
after_2007,0001,L08082-72-00001,N/D - Superficial - EA081,472505,4621554
after_2007,0001,L08082-72-00002,N/D - Superficial - EA089,474545,4620839
after_2007,0001,L08088-72-00002,N/D - Superficial - EA037,440427,4616399
after_2007,0001,L08099-72-00006,N/D - Superficial - EA078_C4078,406706,4674198
after_2007,0001,L08103-72-00001,Conca alta de l'Anoia fins a Igualada - EA011,379541,4604957
after_2007,0001,L08108-72-00001,N/D - Superficial - EA046,437121,4604145
after_2007,0001,L08114-72-00001,Riu Anoia des de la confluència del riu de Bitlles fins al Llobregat - EA074,410604,4592342
after_2007,0001,L08116-72-00002,N/D - Superficial - EA085_C4085_EA120,442102,4648259
after_2007,0001,L08125-72-00002,N/D - Superficial - EA044,432075,4593231
after_2007,0001,L08136-72-00004,N/D - Superficial - EA035,438721,4599712
after_2007,0001,L08158-72-00001,N/D - Superficial - EA076,416110,4589073
after_2007,0001,L08191-72-00003,N/D - Superficial - EA077,410024,4626764
after_2007,0001,L08202-72-00001,N/D - Superficial - EA015,457467,4614412
after_2007,0001,L08217-72-00001,N/D - Superficial - EA049_C4049,420245,4578251
after_2007,0001,L08236-72-00001,Capçalera del riu de Bitlles fins a l'EDAR de Riudebitlles - EA039_C4039,388430,4590540
after_2007,0001,L08240-72-00004,Riu Anoia des de la confluència del riu de Bitlles fins al Llobregat - EA004,398770,4588700
after_2007,0001,L08245-72-00003,N/D - Superficial - EA047,433208,4589126
after_2007,0001,L08260-72-00001,N/D - Superficial - EA045,433061,4597081
after_2007,0001,L08263-72-00002,N/D - Superficial - EA093_C4007,418245,4582379
after_2007,0001,L08274-72-00002,N/D - Superficial - EA068,397233,4629811
after_2007,0001,L08279-72-00002,N/D - Superficial - EA134,419412,4598359
after_2007,0001,L17005-72-00001,N/D - Superficial - EA082,497447,4676178
after_2007,0001,L17010-72-00002,N/D - Superficial - XQ013,463610,4674201
after_2007,0001,L17022-72-00001,N/D - Superficial - EA131,503167,4645845
after_2007,0001,L17038-72-00002,N/D - Superficial - EA123,484973,4638465
after_2007,0001,L17047-72-00002,N/D - Superficial - EA052,505939,4678023
after_2007,0001,L17055-72-00002,N/D - Superficial - EA121_C4121_E09,499269,4658310
after_2007,0001,L17065-72-00002,N/D - Superficial - EA016_C4016,483371,4669513
after_2007,0001,L17075-72-00001,N/D - Superficial - EA053_C4053,496265,4666829
after_2007,0001,L17079-72-00004,N/D - Superficial - EA020,485464,4647022
after_2007,0001,L17079-72-00005,N/D - Superficial - EA010,485021,4648705
after_2007,0001,L17114-72-00003,N/D - Superficial - EA013,459542,4670840
after_2007,0001,L17132-72-00006,N/D - Superficial - EA088,500722,4683552
after_2007,0001,L17135-72-00001,N/D - Superficial - EA125,493240,4684812
after_2007,0001,L17147-72-00005,El Ter entre el Freser i la riera de Vallfogona - EA033_C4033,433448,4669209
after_2007,0001,L17167-72-00001,N/D - Superficial - EA072_C4072,437264,4674557
after_2007,0001,L17181-72-00001,N/D - Superficial - EA064,499533,4628889
after_2007,0001,L17191-72-00001,N/D - Superficial - EA132,505910,4652555
after_2007,0001,L17199-72-00001,N/D - Superficial - EA080,510378,4653688
after_2007,0001,L43086-72-00003,El Francolí entre el riu d'Anguera i el Brugent - EA028_C4028,347766,4580851
after_2007,0001,L43148-72-00002,N/D - Superficial - EA079,351999,4556773
after_2007,0001,L43165-72-00001,N/D - Superficial - EA007,360657,4566063
after_2007,0006,200024011,Riera Major - 200024011,449364,4631900
after_2007,0006,BDH,Capçalera de la riera de Caldes fins a l'EDAR de Caldes de Montbui - 110019000,429594,4610324
after_2007,0006,E107020,Flix - E107020,288685,4569248
after_2007,0006,F002171,N/D - Subterrània - 43146-0002,337381,4595021
after_2007,0006,F002189,Calcàries de Tàrrega - 43159-0003,352896,4602846
after_2007,0006,F002255,Alta Anoia - 08031-0005,376153,4621468
after_2007,0006,F002261,Baix Camp - 43005-0087,346394.66,4569314.27
after_2007,0006,F002341,Prelitoral del Vallès - 08269-0013,436386.24,4627743.68
after_2007,0006,F002455,Detrític neogen del Vallès - 08198-0047,450212.15,4613189.55
after_2007,0006,F002457,Detrític neogen del Vallès - 08198-0033,449966.15,4613296.55
after_2007,0006,F002458,Al·luvials del Vallès - 08248-0020,436215.13,4612637.66
after_2007,0006,F002462,Al·luvials del Vallès - 08135-0022,438069.04,4600575.62
after_2007,0006,F002464,Al·luvials del Vallès - 08108-0028,433949.05,4603183.66
after_2007,0006,F002465,Al·luvials del Vallès - 08159-0039,436728,4602073
after_2007,0006,F002474,Garraf - 43024-0010,380464.69,4566406.01
after_2007,0006,F002481,Calcàries de Tàrrega - 08176-0002,371245,4618575.2
after_2007,0006,F002484,Al·luvials del Vallès - 08033-0006,431656.1,4609870.69
after_2007,0006,F002491,N/D - Subterrània - 43073-0009,360401,4600472
after_2007,0006,F002492,Calcàries de Tàrrega - 08060-0004,369781,4623494
after_2007,0006,F002495,N/D - Subterrània - 43143-0003,355180.91,4600101.25
after_2007,0006,F002496,N/D - Subterrània - 25035-0003,322408,4630904
after_2007,0006,F002498,N/D - Subterrània - 08902-0011,443037,4599049
after_2007,0006,F002499,Al·luvials del Vallès - 08159-0063,434783,4601188
after_2007,0006,F002502,Detrític neogen del Vallès - 08086-0062,444341.15,4613344.6
after_2007,0006,F002509,Detrític neogen del Vallès - 08234-0012,449580.16,4614140.56
after_2007,0006,F002512,Al·luvials del Vallès - 08902-0027,440512,4600700
after_2007,0006,F002516,Al·luvials del Vallès - 08041-0021,440096.1,4607598.62
after_2007,0006,F002519,Al·luvials del Vallès - 08181-0016,443988.08,4604730.59
after_2007,0006,F002522,Al·luvials del Vallès - 08023-0063,434893.1,4613232
after_2007,0006,F002527,Al·luvials del Vallès - 08023-0026,435631.13,4613075.66
after_2007,0006,F002528,Al·luvials del Vallès - 08096-0027,440719.08,4605384.61
after_2007,0006,F002529,Al·luvials del Vallès - 08096-0028,440286.08,4605867.61
after_2007,0006,F002530,Al·luvials del Vallès - 08136-0098,439415,4600135
after_2007,0006,F002535,Detrític neogen de l'Empordà - 17111-0016,486686.69,4675895.37
after_2007,0006,F002536,Detrític neogen del Vallès - 08234-0034,449745.17,4615669.56
after_2007,0006,F002653,Detrític neogen de l'Empordà - 17226-0004,498666.7,4675395.28
after_2007,0006,F002680,Fluviodeltaic del Baix Ter - 17126-0005,504087,4652335
after_2007,0006,F002697,Detrític neogen de l'Empordà - 17216-0018,494334.58,4661022.29
after_2007,0006,F002700,Detrític neogen de l'Empordà - 17226-0010,497806.69,4673695.28
after_2007,0006,F002710,Paleògens del Baix Ter - 17087-0001,492941.51,4652105.29
after_2007,0006,F002711,Paleògens del Baix Ter - 17087-0010,492936.52,4652135.29
after_2007,0006,F002712,Fluviodeltaic del Baix Ter - 17087-0004,493082,4653700
after_2007,0006,F002771,Detrític neogen de l'Empordà - 17187-0006,498230.62,4664441.27
after_2007,0006,F002804,Paleògens del Baix Ter - 17055-0005,498889.58,4659145.25
after_2007,0006,F002813,Detrític neogen de l'Empordà - 17058-0003,482923,4670402
after_2007,0006,F002826,Detrític neogen de l'Empordà - 17015-0009,481713,4663519
after_2007,0006,F002835,Detrític neogen de l'Empordà - 17015-0006,481606.58,4663190.39
after_2007,0006,F002874,Baixa Garrotxa-Pla de l'Estany - 17071-0014,480663,4666250
after_2007,0006,F002920,Detrític neogen de l'Empordà - 17026-0014,495161.69,4674715.31
after_2007,0006,F002947,Detrític neogen de l'Empordà - 17012-0021,493026.71,4677445.33
after_2007,0006,F002954,Detrític neogen de l'Empordà - 17075-0012,496246.58,4670965.34
after_2007,0006,F002968,Fluviodeltaic del Baix Ter - 17050-0021,492717,4657249
after_2007,0006,F003082,Moianès-Sant Llorenç del Munt - 08017-0010,436506,4629596
after_2007,0006,F003090,N/D - Subterrània - 08199-0021,429456.41,4650870.77
after_2007,0006,F003104,Prelitoral del Vallès - 08067-0029,436071.24,4627508.68
after_2007,0006,F003106,Moianès-Sant Llorenç del Munt - 08269-0007,436977,4632427
after_2007,0006,F003107,Plana de Vic - Collsacabra - 08083-0005,443456,4643046
after_2007,0006,F003109,Plana de Vic - Collsacabra - 08278-0004,440806.31,4636345.66
after_2007,0006,F003112,Moianès-Sant Llorenç del Munt - 08269-0002,437194,4632220
after_2007,0006,F003117,Plana de Vic - Collsacabra - 08083-0004,443356,4643046
after_2007,0006,F003119,N/D - Subterrània - 08201-0008,427556,4654496
after_2007,0006,F003135,Plana de Vic - Collsacabra - 08246-0009,439674,4640003
after_2007,0006,F003136,Plana de Vic - Collsacabra - 08278-0003,440581.3,4634895.66
after_2007,0006,F003145,N/D - Subterrània - 08160-0007,426660,4654682
after_2007,0006,F003152,Plana de Vic - Collsacabra - 08183-0001,442723,4648744
after_2007,0006,F003164,Plana de Vic - Collsacabra - 08220-0005,443475.36,4641950.65
after_2007,0006,F003169,Plana de Vic - Collsacabra - 08298-0009,438281,4643619
after_2007,0006,F003170,Plana de Vic - Collsacabra - 08269-0011,440386,4631956
after_2007,0006,F003175,Plana de Vic - Collsacabra - 08201-0005,430216.57,4656749.4
after_2007,0006,F003181,Plana de Vic - Collsacabra - 08117-0017,437221,4653221
after_2007,0006,F003186,Plana de Vic - Collsacabra - 08285-0005,438765.15,4654991.9
after_2007,0006,F003196,Plana de Vic - Collsacabra - 08285-0022,438486,4655336
after_2007,0006,F003197,Plana de Vic - Collsacabra - 08285-0019,438576.45,4655220.7
after_2007,0006,F003271,N/D - Subterrània - 08022-0014,405856.45,4661980.96
after_2007,0006,F003294,N/D - Subterrània - 25079-0002,333725,4634635
after_2007,0006,F003295,N/D - Subterrània - 25145-0002,342726,4602871
after_2007,0006,F003310,Calcàries de Tàrrega - 25219-0002,357956,4621796
after_2007,0006,F003312,Calcàries de Tàrrega - 25907-0016,356474,4624166
after_2007,0006,F003313,Calcàries de Tàrrega - 25907-0023,355556,4621446
after_2007,0006,F003333,N/D - Subterrània - 25069-0005,309380,4628359
after_2007,0006,F003338,N/D - Subterrània - 25120-0021,286936,4620082
after_2007,0006,F003346,N/D - Subterrània - 25019-0003,291175,4620226
after_2007,0006,F003347,Calcàries de Tàrrega - 25907-0020,354642.6,4625835.4
after_2007,0006,F003348,Al·luvial d'Urgell - 25225-0002,337156,4617746
after_2007,0006,F003350,Al·luvial d'Urgell - 25225-0004,337956,4616746
after_2007,0006,F003352,Al·luvial d'Urgell - 25158-0005,323056,4612647
after_2007,0006,F003354,Al·luvial d'Urgell - 25052-0003,320456,4614817
after_2007,0006,F003360,Calcàries de Tàrrega - 25132-0002,359621,4628976
after_2007,0006,F003361,Al·luvial d'Urgell - 25027-0004,337106,4616896
after_2007,0006,F003377,N/D - Subterrània - 25135-0012,322756,4607899
after_2007,0006,F003380,N/D - Subterrània - 25049-0001,330011.05,4624708.48
after_2007,0006,F003381,Calcàries de Tàrrega - 25907-0011,355866,4624796
after_2007,0006,F003384,Calcàries de Tàrrega - 25907-0007,355856,4627996
after_2007,0006,F003386,N/D - Subterrània - 25047-0001,325421,4626547
after_2007,0006,F003391,N/D - Subterrània - 25048-0002,314006,4607842
after_2007,0006,F003392,Calcàries de Tàrrega - 25907-0025,356256,4626746
after_2007,0006,F003396,Al·luvial d'Urgell - 25027-0008,337156,4615796
after_2007,0006,F003398,N/D - Subterrània - 25113-0003,330767,4615722
after_2007,0006,F003402,Al·luvial d'Urgell - 25093-0003,323596,4610897
after_2007,0006,F003403,Calcàries de Tàrrega - 25911-0027,350406,4624296
after_2007,0006,F003418,Al·luvial d'Urgell - 25252-0004,324816,4612277
after_2007,0006,F003420,N/D - Subterrània - 25003-0004,334956,4626346
after_2007,0006,F003423,Calcàries de Tàrrega - 25157-0003,346998.58,4624594.25
after_2007,0006,F003424,N/D - Subterrània - 25177-0003,335974,4629599
after_2007,0006,F003435,Calcàries de Tàrrega - 25157-0007,348073.88,4624132.34
after_2007,0006,F003436,N/D - Subterrània - 25004-0003,312036,4608907
after_2007,0006,F003439,Calcàries de Tàrrega - 25907-0026,356985.66,4632560.89
after_2007,0006,F003451,N/D - Subterrània - 25003-0006,341906,4624796
after_2007,0006,F003453,Calcàries de Tàrrega - 25907-0019,356506,4624396
after_2007,0006,F003456,Al·luvial d'Urgell - 25248-0003,328356,4607936
after_2007,0006,F003458,N/D - Subterrània - 25003-0003,334788.3,4626695.2
after_2007,0006,F003462,Calcàries de Tàrrega - 25907-0021,359171,4623496
after_2007,0006,F003522,N/D - Subterrània - 25902-0006,339057,4602678
after_2007,0006,F003523,N/D - Subterrània - 25902-0005,339047,4602678
after_2007,0006,F003524,N/D - Subterrània - 25130-0004,336999,4602283
after_2007,0006,F003533,Calcàries de Tàrrega - 25085-0003,364081,4618946
after_2007,0006,F003535,Calcàries de Tàrrega - 25194-0010,364412,4620840
after_2007,0006,F003536,Calcàries de Tàrrega - 25911-0013,351904,4618958
after_2007,0006,F003537,Calcàries de Tàrrega - 25217-0008,349895,4619708
after_2007,0006,F003539,N/D - Subterrània - 25216-0012,365061,4604077
after_2007,0006,F003544,Calcàries de Tàrrega - 25911-0028,353427,4618092
after_2007,0006,F003545,Calcàries de Tàrrega - 25197-0008,362510,4623123
after_2007,0006,F003547,Calcàries de Tàrrega - 25085-0009,365214,4616547
after_2007,0006,F003549,N/D - Subterrània - 25192-0007,365884.2,4610396.39
after_2007,0006,F003551,Calcàries de Tàrrega - 25217-0004,348511,4617904
after_2007,0006,F003558,Calcàries de Tàrrega - 25197-0009,360718,4624702
after_2007,0006,F003559,Calcàries de Tàrrega - 25194-0014,362707.78,4621857.13
after_2007,0006,F003570,N/D - Subterrània - 25081-0004,333771,4595711
after_2007,0006,F003571,N/D - Subterrània - 25081-0001,335577,4596079
after_2007,0006,F003572,N/D - Subterrània - 25154-0003,339325.85,4595887.37
after_2007,0006,F003576,Calcàries de Tàrrega - 25902-0018,340655,4602600
after_2007,0006,F003579,Calcàries de Tàrrega - 25141-0006,356856,4607246
after_2007,0006,F003585,Calcàries de Tàrrega - 25152-0008,360500.82,4617245.71
after_2007,0006,F003589,N/D - Subterrània - 25074-0003,345507.91,4602874.33
after_2007,0006,F003590,Calcàries de Tàrrega - 25217-0007,346106,4612896
after_2007,0006,F003594,Calcàries de Tàrrega - 25905-0006,361006,4610046
after_2007,0006,F003597,Calcàries de Tàrrega - 25217-0010,345086,4614946
after_2007,0006,F003598,N/D - Subterrània - 43142-0016,354330,4587612
after_2007,0006,F003605,Calcàries de Tàrrega - 25217-0002,345096,4612866
after_2007,0006,F003606,N/D - Subterrània - 25902-0008,337806,4602051
after_2007,0006,F003607,N/D - Subterrània - 25902-0010,335406,4602796
after_2007,0006,F003612,N/D - Subterrània - 25081-0002,333761,4595711
after_2007,0006,F003616,Calcàries de Tàrrega - 25194-0007,365656,4622296
after_2007,0006,F003617,Calcàries de Tàrrega - 25085-0001,365506,4616091
after_2007,0006,F003618,Calcàries de Tàrrega - 25085-0004,365998,4616451
after_2007,0006,F003620,Calcàries de Tàrrega - 25103-0003,351616,4615147
after_2007,0006,F003621,Calcàries de Tàrrega - 25143-0008,352426,4607596
after_2007,0006,F003625,Calcàries de Tàrrega - 25143-0007,349856,4607396
after_2007,0006,F003626,Calcàries de Tàrrega - 25072-0013,354886,4615796
after_2007,0006,F003627,Calcàries de Tàrrega - 25911-0005,349856,4616496
after_2007,0006,F003630,Calcàries de Tàrrega - 25141-0011,353556,4604146
after_2007,0006,F003642,N/D - Subterrània - 25216-0011,362016,4604946
after_2007,0006,F003643,N/D - Subterrània - 25216-0009,362006,4604946
after_2007,0006,F003645,Calcàries de Tàrrega - 25905-0003,359956,4608846
after_2007,0006,F003646,N/D - Subterrània - 25902-0015,339009,4602681
after_2007,0006,F003648,Calcàries de Tàrrega - 25905-0002,362021.99,4609682.81
after_2007,0006,F003649,Calcàries de Tàrrega - 25905-0010,361856,4610746
after_2007,0006,F003651,Calcàries de Tàrrega - 25141-0007,357606,4605146
after_2007,0006,F003653,Alta Anoia - 25216-0016,366556,4606046
after_2007,0006,F003658,Calcàries de Tàrrega - 25152-0004,360450,4617173
after_2007,0006,F003661,Calcàries de Tàrrega - 25176-0002,340056,4605646
after_2007,0006,F003755,N/D - Subterrània - 17002-0015,480172,4643039
after_2007,0006,F003775,Fluviodeltaic del Baix Ter - 17049-0009,489177,4652825
after_2007,0006,F003846,Detrític neogen del Vallès - 08107-0035,432686.07,4606046.67
after_2007,0006,F003904,Al·luvials del Vallès - 08156-0025,431150,4601918
after_2007,0006,F003954,Prelitoral del Vallès - 08051-0037,422451,4608812
after_2007,0006,F003982,Al·luvials del Vallès - 08248-0024,435899,4612259
after_2007,0006,F004009,Al·luvials del Vallès - 08041-0023,440300.11,4609350.62
after_2007,0006,F004048,Prelitoral del Vallès - 08051-0035,422429,4608862
after_2007,0006,F004110,Detrític neogen del Vallès - 08106-0046,450679.13,4609897.54
after_2007,0006,F004140,Maresme - 08235-0041,467046.13,4606605.41
after_2007,0006,F004166,Maresme - 08163-0012,473554.15,4608355.37
after_2007,0006,F004174,Maresme - 08163-0013,474103.15,4608340.36
after_2007,0006,F004178,Maresme - 08163-0019,474391.16,4608830.36
after_2007,0006,F004187,Maresme - 08163-0017,472428.15,4607703.37
after_2007,0006,F004188,Maresme - 08040-0016,464804.11,4604249.43
after_2007,0006,F004189,Maresme - 08040-0011,464499.11,4604484.43
after_2007,0006,F004195,Maresme - 08029-0023,450460.03,4596672.52
after_2007,0006,F004203,Maresme - 08007-0045,461908,4605043.8
after_2007,0006,F004205,Maresme - 08006-0021,462089.1,4603598.45
after_2007,0006,F004213,Maresme - 08075-0024,451677.1,4605495.53
after_2007,0006,F004214,Maresme - 08197-0043,457377.07,4601057.48
after_2007,0006,F004215,Maresme - 08197-0049,457734.07,4601298.48
after_2007,0006,F004216,Maresme - 08197-0040,457980,4601214
after_2007,0006,F004217,Maresme - 08197-0031,457871.08,4601309.47
after_2007,0006,F004218,Maresme - 08197-0039,457488.08,4601708.48
after_2007,0006,F004227,Maresme - 08261-0020,476530.17,4609692.35
after_2007,0006,F004229,Maresme - 08261-0015,476270.17,4609529.35
after_2007,0006,F004234,Maresme - 08230-0020,446742,4594261.55
after_2007,0006,F004239,Maresme - 08214-0019,446631.02,4596589.55
after_2007,0006,F004240,Maresme - 08172-0002,445915,4594062.55
after_2007,0006,F004241,Maresme - 08172-0003,446939,4593650.55
after_2007,0006,F004244,Maresme - 08230-0018,445219.01,4594860.56
after_2007,0006,F004246,Maresme - 08230-0019,445599,4594563.56
after_2007,0006,F004247,Maresme - 08230-0024,444835.01,4595320.56
after_2007,0006,F004248,Maresme - 08035-0016,469936.15,4608571.39
after_2007,0006,F004249,Maresme - 08007-0040,460579.1,4604274.46
after_2007,0006,F004255,Al·luvials de la baixa i delta de la Tordera - 08110-0018,480114,4610739
after_2007,0006,F004256,Al·luvials de la baixa i delta de la Tordera - 08110-0021,479417,4610940
after_2007,0006,F004257,Maresme - 08110-0039,477562.17,4610015.34
after_2007,0006,F004258,Maresme - 08230-0021,445626.01,4594979.56
after_2007,0006,F004259,Maresme - 08193-0014,464222.16,4611647.44
after_2007,0006,F004260,Maresme - 08121-0111,453152.08,4602486.51
after_2007,0006,F004271,Maresme - 08193-0019,463235.15,4609585.45
after_2007,0006,F004273,Maresme - 08193-0016,464015.16,4611733.44
after_2007,0006,F004275,Maresme - 08203-0032,466979.13,4606759.41
after_2007,0006,F004276,Maresme - 08235-0031,467298.13,4606759.41
after_2007,0006,F004280,Maresme - 08155-0090,475950.18,4611564.35
after_2007,0006,F004281,Maresme - 08030-0020,447647.03,4597200.55
after_2007,0006,F004282,Maresme - 08230-0023,445803.01,4595510.56
after_2007,0006,F004284,Maresme - 08153-0001,446084,4600114
after_2007,0006,F004288,Maresme - 08075-0019,450903.09,4604740.53
after_2007,0006,F004292,Maresme - 08153-0005,446280.05,4600657.56
after_2007,0006,F004293,Maresme - 08121-0116,451271.05,4599206.52
after_2007,0006,F004296,Maresme - 08282-0018,438923,4592617
after_2007,0006,F004301,Maresme - 08003-0021,441373.99,4593227.59
after_2007,0006,F004302,Maresme - 08075-0008,450407.09,4604734.54
after_2007,0006,F004316,Maresme - 08003-0022,441027.98,4592811.59
after_2007,0006,F004321,Maresme - 08121-0106,453701.05,4599147.5
after_2007,0006,F004328,Maresme - 08118-0016,442059.99,4593334.58
after_2007,0006,F004332,Maresme - 08009-0028,450031.06,4600546.53
after_2007,0006,F004333,Maresme - 08009-0039,450061.06,4601211.53
after_2007,0006,F004334,Maresme - 08193-0012,462706.15,4609795.45
after_2007,0006,F004346,Maresme - 08264-0025,459336,4601709
after_2007,0006,F004356,Maresme - 08009-0030,449442.07,4601950.54
after_2007,0006,F004358,Maresme - 08009-0040,449432.07,4601950.54
after_2007,0006,F004428,Sorres de Santa Oliva - 43020-0069,379046.71,4569719.02
after_2007,0006,F004429,Sorres de Santa Oliva - 43020-0054,380305.72,4569886.01
after_2007,0006,F004430,Sorres de Santa Oliva - 43020-0052,380645.72,4569921.01
after_2007,0006,F004435,Sorres de Santa Oliva - 43028-0029,373113,4571100
after_2007,0006,F004436,Sorres de Santa Oliva - 43074-0052,378655.73,4571496.03
after_2007,0006,F004439,Sorres de Santa Oliva - 43020-0065,380816.72,4570449.01
after_2007,0006,F004640,Sorres de Santa Oliva - 43074-0063,378170.73,4572061.03
after_2007,0006,F004918,Baix Camp - 43047-0030,347173.58,4558266.25
after_2007,0006,F004947,Alt Camp - 43160-0048,353215.66,4567521.22
after_2007,0006,F004955,Alt Camp - 43161-0145,353850,4572752
after_2007,0006,F004956,Alt Camp - 43161-0129,353641,4572682
after_2007,0006,F004959,Baix Camp - 43007-0110,336321,4560703
after_2007,0006,F004973,Baix Camp - 43095-0012,349530.61,4561646.23
after_2007,0006,F004981,Baix Camp - 43092-0136,328505,4550646
after_2007,0006,F004984,Baix Camp - 43092-0137,329561,4548457
after_2007,0006,F005006,Baix Gaià - 43103-0020,353899,4561532
after_2007,0006,F005007,Baix Camp - 43109-0015,349068.6,4561284.24
after_2007,0006,F005009,Alt Camp - 43066-0002,352959.62,4563350.21
after_2007,0006,F005011,Sorres de Santa Oliva - 43137-0007,378882.74,4573244.03
after_2007,0006,F005015,Baix Camp - 43092-0142,328723,4544392
after_2007,0006,F005021,Baix Camp - 43145-0105,347013.62,4564125.26
after_2007,0006,F005022,Baix Camp - 43038-0016,333471,4552337
after_2007,0006,F005024,Alt Camp - 43160-0038,353330,4568915
after_2007,0006,F005025,Alt Camp - 43160-0037,353328,4568915.22
after_2007,0006,F005038,Baix Camp - 43007-0107,337602,4561055
after_2007,0006,F005044,Alt Camp - 43098-0017,355302,4569435
after_2007,0006,F005055,Baix Camp - 43038-0017,335579,4549527
after_2007,0006,F005058,Alt Camp - 43098-0020,356350,4568570
after_2007,0006,F005068,Baix Camp - 43092-0140,329137,4550184
after_2007,0006,F005074,Baix Camp - 43092-0097,329221,4544572
after_2007,0006,F005075,Baix Camp - 43083-0016,349655.65,4568046.24
after_2007,0006,F005080,Baix Camp - 43095-0014,349905.61,4561646.23
after_2007,0006,F005089,Baix Camp - 43047-0016,346775.58,4559116.25
after_2007,0006,F005090,Baix Camp - 43123-0169,341558.57,4558486.29
after_2007,0006,F005108,Baix Camp - 43038-0011,333456,4551996
after_2007,0006,F005111,Baix Camp - 43129-0136,336181,4556396
after_2007,0006,F005121,Baix Camp - 43123-0142,339395.6,4557396.3
after_2007,0006,F005128,Baix Camp - 43123-0229,344858,4554523
after_2007,0006,F005130,Baix Camp - 43123-0145,340776,4558642
after_2007,0006,F005155,Baix Camp - 43047-0011,348945.57,4557066.23
after_2007,0006,F005164,Baix Camp - 43129-0035,336454,4556206
after_2007,0006,F005168,Baix Camp - 43134-0015,350655.64,4565346.23
after_2007,0006,F005186,Baix Camp - 43005-0070,346505.66,4569596.27
after_2007,0006,F005188,Baix Camp - 43005-0072,348812,4571068
after_2007,0006,F005189,Baix Camp - 43033-0019,331406,4555596
after_2007,0006,F005205,Baix Camp - 43178-0020,337248,4549431
after_2007,0006,F005282,Fossa de Móra - 43150-0026,303611,4549124
after_2007,0006,F005413,Detrític neogen de l'Empordà - 17210-0020,505636.63,4665075.21
after_2007,0006,F005422,Fluviodeltaic del Baix Ter - 17004-0018,506437,4660850
after_2007,0006,F005455,Fluviodeltaic del Fluvià - Muga - 17230-0009,501526.73,4679245.26
after_2007,0006,F005487,Detrític neogen de l'Empordà - 17210-0034,502196.64,4666605.24
after_2007,0006,F005533,Fluviodeltaic del Baix Ter - 17070-0008,506916.54,4652525.18
after_2007,0006,F005557,Paleògens del Baix Ter - 17085-0007,500756.57,4658195.24
after_2007,0006,F005606,Paleògens del Baix Ter - 17004-0008,506031.61,4661630.2
after_2007,0006,F005663,Maresme - 08284-0121,467384.16,4611028.42
after_2007,0006,F005712,Maresme - 08284-0122,468338.16,4610806.41
after_2007,0006,F005713,Maresme - 08284-0106,468589.16,4610941.41
after_2007,0006,F005714,Maresme - 08284-0105,468385.17,4611193.41
after_2007,0006,F005728,Al·luvials de la baixa i delta de la Tordera - 08284-0097,474360,4618389
after_2007,0006,F005729,N/D - Subterrània - 08284-0104,470048.1,4616186.5
after_2007,0006,F005730,N/D - Subterrània - 08284-0109,474050,4615690
after_2007,0006,F006913,N/D - Subterrània - 17002-0009,481357,4643140
after_2007,0006,F006916,Al·luvials del Vallès - 08107-0030,436571.09,4607668.65
after_2007,0006,F006937,N/D - Subterrània - 17002-0013,481329,4643137
after_2007,0006,F006952,Plioquaternari de l'Onyar - 17038-0011,486141.4,4637988.32
after_2007,0006,F006962,N/D - Subterrània - 17090-0009,487538,4640950
after_2007,0006,F006963,Plioquaternari de l'Onyar - 17142-0010,487595,4642040
after_2007,0006,F006964,Plioquaternari de l'Onyar - 17090-0010,487466,4640512
after_2007,0006,F006994,Plioquaternari de l'Onyar - 17157-0008,485362,4635938
after_2007,0006,F007010,Plioquaternari de l'Onyar - 17215-0006,481171,4644989
after_2007,0006,F007011,Plioquaternari de l'Onyar - 17215-0007,482824,4644273
after_2007,0006,F007015,N/D - Subterrània - 25007-0001,301438,4603535
after_2007,0006,F007016,N/D - Subterrània - 25007-0002,301223,4605382
after_2007,0006,F007021,N/D - Subterrània - 25013-0001,297196,4635987
after_2007,0006,F007033,N/D - Subterrània - 25134-0001,312372,4624078
after_2007,0006,F007034,Al·luvial del baix Segre_Cat - 25134-0002,313005,4621388
after_2007,0006,F007068,N/D - Subterrània - 25232-0003,292649,4600142
after_2007,0006,F007075,N/D - Subterrània - 25232-0002,292949,4600180
after_2007,0006,F007193,Alta Anoia - 08170-0008,376822,4618083
after_2007,0006,F007225,Fluviodeltaic del Baix Ter - 17022-0044,503268,4647290
after_2007,0006,F007230,Plioquaternari de l'Onyar - 17073-0023,484081.44,4643530.34
after_2007,0006,F007251,Calcàries de Tàrrega - 25141-0002,353582,4605137
after_2007,0006,F007254,Plioquaternari de l'Onyar - 17150-0014,483440,4639250
after_2007,0006,F007259,Plioquaternari de l'Onyar - 17233-0015,478169.38,4637488.38
after_2007,0006,F007824,Prelitoral del Vallès - 08033-0039,431581,4610979
after_2007,0006,F007831,N/D - Subterrània - 25216-0014,363158.62,4608393.33
after_2007,0006,F008038,Calcàries de Tàrrega - 25152-0005,360487,4617256
after_2007,0006,F008039,Calcàries de Tàrrega - 25152-0007,360461,4617263
after_2007,0006,F008095,Calcàries de Tàrrega - 25242-0003,341536,4605136
after_2007,0006,F009399,Garraf - 43016-0041,383055.7,4567795.99
after_2007,0006,F009598,Plioquaternari de l'Onyar - 17150-0069,483315,4639078
after_2007,0006,F009914,Maresme - 08193-0013,463874.93,4608214.81
after_2007,0006,F009989,Utxesa - 158180000,292153,4596178
after_2007,0006,F011324,N/D - Subterrània - 25003-0001,337406,4634346
after_2007,0006,F011666,Fluviovolcànic de la Garrotxa - 17139-0021,455856,4667374
after_2007,0006,F011749,Detrític neogen de l'Empordà - 17218-0011,490033,4659302
after_2007,0006,F011755,Maresme - 08003-0009,442039.9,4593418.34
after_2007,0006,F011756,Maresme - 08003-0019,441541.99,4593420.59
after_2007,0006,F011764,Maresme - 08006-0035,462214,4603413
after_2007,0006,F011789,Fluviodeltaic del Baix Ter - 17199-0006,513002,4652295
after_2007,0006,F011819,Baix Camp - 43007-0084,336332,4560734
after_2007,0006,F011820,Fluviodeltaic del Fluvià - Muga - 17074-0011,502474.71,4676194.25
after_2007,0006,F011830,Al·luvial d'Urgell - 25137-0035,324129.73,4609577.9
after_2007,0006,F011872,Calcàries de Tàrrega - 25072-0022,358020,4619374
after_2007,0006,F011894,Detrític neogen del Vallès - 08156-0038,432284.28,4606084.08
after_2007,0006,F011929,Maresme - 08009-0080,449500,4601873
after_2007,0006,F011930,Alta Anoia - 08031-0003,376183,4621488
after_2007,0006,F011935,Maresme - 08006-0003,461855.1,4603304.45
after_2007,0006,F012574,Maresme - 08007-0066,461518.86,4607552.95
after_2007,0006,F012586,Fluviodeltaic del Baix Ter - 17126-0008,503463,4652390
after_2007,0006,F012667,Plioquaternari de l'Onyar - 17079-0034,483806,4645012
after_2007,0006,F014168,Maresme - 08193-0011,462503.17,4610002.26
after_2007,0006,F014193,Calcàries de Tàrrega - 25103-0005,349651.09,4612674.41
after_2007,0006,F014233,Calcàries de Tàrrega - 25072-0002,353923,4616211
after_2007,0006,F014234,Calcàries de Tàrrega - 25242-0006,339875,4607945
after_2007,0006,F014306,Al·luvial d'Urgell - 25093-0013,321645,4610852
after_2007,0006,F014307,N/D - Subterrània - 25220-0005,316750,4619426
after_2007,0006,F014402,Detrític neogen del Vallès - 08234-0011,449530.16,4614266.56
after_2007,0006,F014522,N/D - Subterrània - 25136-0002,373360.1,4627253.22
after_2007,0006,F014524,N/D - Subterrània - 25167-0001,377196.7,4634520.88
after_2007,0006,F014623,N/D - Subterrània - 25151-0003,376150.99,4646620.36
after_2007,0006,F014624,N/D - Subterrània - 25167-0008,378790,4636732
after_2007,0006,F014625,N/D - Subterrània - 25075-0002,380645.3,4647081.13
after_2007,0006,F014627,N/D - Subterrània - 25151-0007,379456.03,4651361.85
after_2007,0006,F014629,N/D - Subterrània - 25207-0001,375733,4647971
after_2007,0006,F014696,Riera de la Selva - 050013020,340418,4565965
after_2007,0006,F014697,El Llobregat entre l'Arija i el Bastareny - 100002020,415459,4677261
after_2007,0006,F014698,Riera de la Riba - 100017020,409583,4656065
after_2007,0006,F014699,Capçalera de la riera de Merlès fins a la confluència del torrent de Regatell - 100021020,422008,4668397
after_2007,0006,F014701,"Capçalera de la riera Gavarresa fins a l'EDAR d'Avinyó, inclosa la riera de Segalers - 100028020",423412,4652913
after_2007,0006,F014702,Riera de Navel i rasa de l'Hospital - 100056020,396857,4646504
after_2007,0006,F014703,Conca alta de l'Anoia fins a Igualada - 100078020,378953,4607727
after_2007,0006,F014704,Capçalera del Tenes fins a la confluència del torrent del Villar (EDAR de Sant Feliu de Codines)  - 110012020,429722,4620297
after_2007,0006,F014705,Capçalera de la riera de Sentmenat fins a Sentmenat - 110020520,426064,4610632
after_2007,0006,F014706,Capçalera del Ripoll fins al límit del Parc de Sant Llorenç del Munt - 110022020,421417,4615087
after_2007,0006,F014709,"Rieres de Gotarra, Verneda i Benaula - 200034020",491153,4635675
after_2007,0006,F014710,Conca del Llierca - 210007020,466121,4683369
after_2007,0006,F014711,La Muga des de la confluència del Llobregat de la Muga fins al mar - 220009020,503412,4680908
after_2007,0006,F014712,"El Segre entre el Querol i el riu de la Llosa, inclosos el torrent de la Bavosa, el riu de Santa Maria i el torrent de Ridolaina  - E004020",393855,4690996
after_2007,0006,F014713,"La Noguera de Cardós des de la confluència del riu de Tavascan fins a la Noguera Pallaresa, inclosa la ribera d'Estaon - E038020",353442,4716847
after_2007,0006,F014715,"Riu de Sant Antoni, riu de Caregue i riu de Pamano - E042020",344763,4704001
after_2007,0006,F014716,Riu Bossia - E051020,324138,4693567
after_2007,0006,F014717,"La Noguera de Tor des de la confluència del riu de Sant Nicolau fins a la Noguera Ribargorçana, inclosos el riuet de Durro i el riu de Sant Martí - E078020",323561,4708828
after_2007,0006,F014719,Capçalera del Riu d'Algars i del riu d'Estrets fins a la confluència entre tots dos - E105020,269144,4524426
after_2007,0006,F014808,Fluviovolcànic de la Garrotxa - 17207-0089,453635,4668290
after_2007,0006,F014810,Detrític neogen del Vallès - 08234-0010,449548.16,4614157.56
after_2007,0006,F015746,Detrític neogen del Vallès - 08156-0092,432207,4606016
after_2007,0006,F015995,Blanes - Pineda de Mar - DST_Emissari,481994,4611089
after_2007,0006,F015997,Llobregat - DSL_Emissari,429108,4570008
after_2007,0006,F016000,Moianès-Sant Llorenç del Munt - 08067-0048,435506,4625946
after_2007,0006,F016080,Calcàries de Tàrrega - 25085-0016,363406,4614796
after_2007,0006,F016157,Fluviodeltaic del Fluvià - Muga - 17230-0026,501981.73,4678695.26
after_2007,0006,F016279,N/D - Subterrània - 25112-0020,299406.1,4635346.7
after_2007,0006,F016315,Plana de Vic - Collsacabra - 08070-0002,430722.78,4632610.06
after_2007,0006,F016325,Detrítics terciaris del Llobregat mig - 08062-0006,402006,4632493
after_2007,0006,F016327,N/D - Subterrània - 08144-0006,407029,4656507
after_2007,0006,F016328,N/D - Subterrània - 08175-0016,407983.36,4649636.93
after_2007,0006,F016329,N/D - Subterrània - 08188-0005,413454.41,4654318.89
after_2007,0006,F016334,N/D - Subterrània - 08151-0016,419957,4644573
after_2007,0006,F016350,N/D - Subterrània - 08011-0010,402316,4658218
after_2007,0006,F016352,N/D - Subterrània - 08078-0006,396423,4656535
after_2007,0006,F016355,N/D - Subterrània - 08130-0001,397475,4649818
after_2007,0006,F016357,N/D - Subterrània - 08049-0013,402916,4652008
after_2007,0006,F016358,N/D - Subterrània - 08084-0034,394306.15,4624195.99
after_2007,0006,F016366,N/D - Subterrània - 08212-0002,417163.34,4643969.85
after_2007,0006,F016367,N/D - Subterrània - 08090-0012,411922,4639722
after_2007,0006,F016372,N/D - Subterrània - 08229-0011,387611,4633630
after_2007,0006,F016373,N/D - Subterrània - 08308-0002,394216,4643676
after_2007,0006,F016387,N/D - Subterrània - 08109-0006,419678.4,4652567.8
after_2007,0006,F016388,N/D - Subterrània - 08109-0007,419849,4656166
after_2007,0006,F016389,N/D - Subterrània - 08149-0016,426278.4,4648759.8
after_2007,0006,F016390,N/D - Subterrània - 08149-0017,425254,4651435
after_2007,0006,F016391,N/D - Subterrània - 08151-0017,422943,4643446
after_2007,0006,F016392,N/D - Subterrània - 08171-0009,419244,4649075
after_2007,0006,F016393,N/D - Subterrània - 08225-0003,423275.4,4653076.8
after_2007,0006,F017410,Serra del Montsià - 43068-0028,285168.06,4502857.63
after_2007,0006,F017427,Fossa de Móra - 43067-0009,301780,4545097
after_2007,0006,F017433,N/D - Subterrània - 25011-0004,289506,4608097
after_2007,0006,F017434,N/D - Subterrània - 25021-0006,293031,4626539
after_2007,0006,F017435,N/D - Subterrània - 25016-0002,298629,4624499
after_2007,0006,F017437,N/D - Subterrània - 25078-0003,307241,4617581
after_2007,0006,F017438,N/D - Subterrània - 25092-0001,326445,4597333
after_2007,0006,F017439,N/D - Subterrània - 25912-0002,282493,4613849
after_2007,0006,F017440,N/D - Subterrània - 25105-0001,305462,4588363
after_2007,0006,F017442,N/D - Subterrània - 25125-0014,294394.18,4582237.19
after_2007,0006,F017444,N/D - Subterrània - 25153-0009,330725,4596406
after_2007,0006,F017446,N/D - Subterrània - 25200-0011,296456,4592999
after_2007,0006,F017447,N/D - Subterrània - 25200-0012,295722,4592946
after_2007,0006,F017448,N/D - Subterrània - 25206-0009,305755,4587600
after_2007,0006,F017449,N/D - Subterrània - 25224-0004,310811,4582974
after_2007,0006,F017450,N/D - Subterrània - 25228-0001,293973,4620732
after_2007,0006,F017451,N/D - Subterrània - 25226-0007,298202.74,4589888.37
after_2007,0006,F017452,N/D - Subterrània - 25251-0002,299961,4620406
after_2007,0006,F017606,Fluviovolcànic de la Garrotxa - 17184-0081,466095,4665944
after_2007,0006,F017781,N/D - Subterrània - 25181-0004,343806,4626646
after_2007,0006,F020989,N/D - Subterrània - 43046-0007,357804.89,4597289.23
after_2007,0006,F020991,N/D - Subterrània - 43061-0003,353012.29,4596952.47
after_2007,0006,F020992,N/D - Subterrània - 43105-0003,362340,4594677
after_2007,0006,F020994,N/D - Subterrània - 43105-0006,365551.3,4596990.57
after_2007,0006,F022394,N/D - Subterrània - 43141-0001,369490.89,4594521.13
after_2007,0006,F022395,N/D - Subterrània - 43141-0019,364472,4592224
after_2007,0006,F022398,N/D - Subterrània - 08021-0009,370126.91,4597970.13
after_2007,0006,F023033,N/D - Subterrània - 25068-0012,331681.8,4614246.7
after_2007,0006,F023836,Detrític neogen de l'Empordà - 17012-0036,492399.7,4676025.33
after_2007,0006,F024046,N/D - Subterrània - 25021-0005,291669.02,4628277.78
after_2007,0006,F024786,Calcàries de Tàrrega - 25905-0009,364237,4613712
after_2007,0006,F025029,N/D - Subterrània - 08098-0022,396406.08,4614785.96
after_2007,0006,F029451,El Llobregat des de la Colònia Rosal fins a l'EDAR de Balsareny - 100013020,406662,4655734
after_2007,0006,F029453,El Llobregat entre la riera Gavarresa i el Cardener - 100040020,408565,4623625
after_2007,0006,F029456,Riera de Carme - 100081020,389589,4600637
after_2007,0006,F029464,Riera de Gualba des de la presa de Santa Fe fins a la Tordera - 140008020,457646,4621431
after_2007,0006,F029467,El Ter entre la riera de Vallfogona i el Ges - 200009020,437661,4655467
after_2007,0006,F029470,"Riu Gurri entre la riera de Tona i la riera de Rimentol, inclosos la riera de Tona, la conca del Mèder i la riera de Rimentol - 200019520",431191,4636587
after_2007,0006,F029476,Riera de Bianya i riera de Riudaura - 210003020,451104,4670677
after_2007,0006,F029715,Riu de Peguera - 100008030,403439,4667119
after_2007,0006,F029716,N/D - Subterrània - 08143-0085,384323,4606270
after_2007,0006,F029753,Riera de Santa Creu (o Mata-rodona) - 100046030,409032,4615301
after_2007,0006,F029967,N/D - Subterrània - 43048-0008,286964.63,4549746.67
after_2007,0006,F030792,N/D - Subterrània - 25224-0008,309455.72,4584726.57
after_2007,0006,F031026,N/D - Subterrània - 25912-0001,280618.07,4613022.82
after_2007,0006,F033282,N/D - Subterrània - 08149-0008,424443.4,4650399.8
after_2007,0006,F036268,N/D - Subterrània - 25130-0005,336081.95,4601688.39
after_2007,0006,F038146,N/D - Subterrània - 25073-0001,321017.76,4587922.49
after_2007,0006,F038668,Al·luvial d'Urgell - 25158-0008,323207.95,4612133.51
after_2007,0006,F043683,N/D - Subterrània - 08303-0012,449062,4643280
after_2007,0006,F043684,N/D - Subterrània - 08303-0013,449656.4,4644568.6
after_2007,0006,F043819,N/D - Subterrània - 43141-0007,368797,4594655
after_2007,0006,F043869,Flix - E107020,288685,4569248
after_2007,0006,F045003,Detrític neogen de l'Empordà - 17137-0014,482780.57,4661048.38
after_2007,0006,F046346,N/D - Subterrània - 25216-0010,362533,4606609
after_2007,0006,F046876,Fluviodeltaic del Baix Ter - 17081-0024,510750,4652490
after_2007,0006,F047402,Detrític neogen del Vallès - 08086-0356,441941,4606467
after_2007,0006,F047900,La Muga entre l'embassament de Boadella i el Llobregat de la Muga - 220003021,493240,4684833
after_2007,0006,F048042,Boadella - 220001520,486264,4687613
after_2007,0006,F048052,Riera d'Avencó - 110003020,440940,4626695
after_2007,0006,F048058,Camarasa - E060020,325255,4645700
after_2007,0006,F048059,Santa Anna - E088020,299307,4638179
after_2007,0006,F048060,Riudecanyes - 020002020,329142,4555325
after_2007,0006,F048061,Siurana - E117020,325878,4568481
after_2007,0006,F049096,El Gaià des de Pontils a la cua de  l'embassament del Catllar - 060002030,365975,4587377
after_2007,0006,F049819,N/D - DST_Immissari,482327,4611472
after_2007,0006,F049820,N/D - DSL_Immissari,425690,4568997
before_2007,0005,F000025,Cubeta d'Abrera - 08001-0015,409277,4598220
before_2007,0005,F000026,Cubeta d'Abrera - 08001-0044,409247,4598377
before_2007,0005,F000028,Cubeta d'Abrera - 08147-0045,408844,4598726
before_2007,0005,F000029,Cubeta d'Abrera - 08001-0039,409587.35,4595217.23
before_2007,0005,F000030,Cubeta d'Abrera - 08001-0041,409347.25,4598113.52
before_2007,0005,F000031,Detrític neogen del Penedès - 08114-0035,410311.93,4591926.42
before_2007,0005,F000032,Cubeta d'Abrera - 08054-0074,410166.34,4593607.52
before_2007,0005,F000037,Cubeta de Sant Andreu - 08054-0072,413747.53,4591299.79
before_2007,0005,F000038,Cubeta de Sant Andreu - 08054-0073,413270.73,4591879.8
before_2007,0005,F000040,Vall baixa i Delta del Llobregat - 08157-0011,417039.59,4585351.76
before_2007,0005,F000042,Vall baixa i Delta del Llobregat - 08244-0009,419132.25,4579978.94
before_2007,0005,F000047,Vall baixa i Delta del Llobregat - 08211-0036,419443.88,4583108.74
before_2007,0005,F000048,Vall baixa i Delta del Llobregat - 08158-0012,416172.81,4588365.27
before_2007,0005,F000049,Vall baixa i Delta del Llobregat - 08217-0018,420194,4580672
before_2007,0005,F000050,Vall baixa i Delta del Llobregat - 08211-0007,419171,4581653
before_2007,0005,F000052,Vall baixa i Delta del Llobregat - 08211-0011,418551,4582074
before_2007,0005,F000057,Vall baixa i Delta del Llobregat - 08217-0017,419844,4580475
before_2007,0005,F000059,Vall baixa i Delta del Llobregat - 08217-0020,420410.84,4578080.72
before_2007,0005,F000061,Vall baixa i Delta del Llobregat - 08217-0022,420651,4578226
before_2007,0005,F000063,Vall baixa i Delta del Llobregat - 08200-0050,421365,4576471
before_2007,0005,F000065,Vall baixa i Delta del Llobregat - 08301-0112,421045,4570659
before_2007,0005,F000070,Vall baixa i Delta del Llobregat - 08169-0359,421596,4573211
before_2007,0005,F000071,Vall baixa i Delta del Llobregat - 08169-0327,422995.83,4575820.7
before_2007,0005,F000075,Vall baixa i Delta del Llobregat - 08169-0332,423900,4575785
before_2007,0005,F000076,Vall baixa i Delta del Llobregat - 08169-0339,425329,4575114
before_2007,0005,F000079,Vall baixa i Delta del Llobregat - 08169-0328,425237,4573714
before_2007,0005,F000080,Vall baixa i Delta del Llobregat - 08169-0334,426519,4572027
before_2007,0005,F000082,Vall baixa i Delta del Llobregat - 08169-0342,427035,4573815
before_2007,0005,F000083,Vall baixa i Delta del Llobregat - 08169-0343,425918,4573611
before_2007,0005,F000084,Vall baixa i Delta del Llobregat - 08169-0344,426035,4573469
before_2007,0005,F000085,Vall baixa i Delta del Llobregat - 08169-0345,425954,4573218
before_2007,0005,F000086,Vall baixa i Delta del Llobregat - 08169-0346,425949,4572965
before_2007,0005,F000087,Vall baixa i Delta del Llobregat - 08169-0347,425636,4573021
before_2007,0005,F000088,Vall baixa i Delta del Llobregat - 08301-0113,421044,4570662
before_2007,0005,F000092,Vall baixa i Delta del Llobregat - 08169-0361,423016,4575866
before_2007,0005,F000097,Vall baixa i Delta del Llobregat - 08169-0333,423903,4575786
before_2007,0005,F000100,Vall baixa i Delta del Llobregat - 08169-0340,425327,4575111
before_2007,0005,F000101,Vall baixa i Delta del Llobregat - 08169-0325,422850.42,4574820.8
before_2007,0005,F000102,Vall baixa i Delta del Llobregat - 08169-0341,425523,4573224
before_2007,0005,F000105,Vall baixa i Delta del Llobregat - 08169-0330,425249,4573721
before_2007,0005,F000107,Vall baixa i Delta del Llobregat - 08169-0336,426516,4572025
before_2007,0005,F000109,Vall baixa i Delta del Llobregat - 08169-0335,426511,4572022
before_2007,0005,F000112,Vall baixa i Delta del Llobregat - 08101-0034,424404,4577467
before_2007,0005,F000115,Vall baixa i Delta del Llobregat - 08019-0142,427188.94,4576386.17
before_2007,0005,F000116,Vall baixa i Delta del Llobregat - 08019-0143,427182.84,4576383.67
before_2007,0005,F000119,Vall baixa i Delta del Llobregat - 08019-0141,428492,4577686
before_2007,0005,F000120,Vall baixa i Delta del Llobregat - 08019-0152,428298,4577097
before_2007,0005,F000121,Vall baixa i Delta del Llobregat - 08019-0146,428842,4575589
before_2007,0005,F000122,Vall baixa i Delta del Llobregat - 08019-0147,428842,4575587
before_2007,0005,F000123,Vall baixa i Delta del Llobregat - 08019-0154,427864,4576055
before_2007,0005,F000125,Vall baixa i Delta del Llobregat - 08019-0149,429570,4577007
before_2007,0005,F000126,Vall baixa i Delta del Llobregat - 08019-0150,429573,4577006
before_2007,0005,F000128,Vall baixa i Delta del Llobregat - 08101-0035,424402,4577469
before_2007,0005,F000132,Vall baixa i Delta del Llobregat - 08019-0144,427187,4576385
before_2007,0005,F000133,Vall baixa i Delta del Llobregat - 08019-0145,427179,4576383
before_2007,0005,F000136,Vall baixa i Delta del Llobregat - 08019-0148,428842,4575590
before_2007,0005,F000138,Vall baixa i Delta del Llobregat - 08019-0155,427864,4576056
before_2007,0005,F000139,Vall baixa i Delta del Llobregat - 08019-0151,429576,4577005
before_2007,0005,F000141,Vall baixa i Delta del Llobregat - 08056-0017,413435.06,4568765.96
before_2007,0005,F000144,Vall baixa i Delta del Llobregat - 08089-0050,419783.77,4569193.71
before_2007,0005,F000146,Vall baixa i Delta del Llobregat - 08089-0047,417110,4568710
before_2007,0005,F000148,Vall baixa i Delta del Llobregat - 08089-0051,417895,4570260
before_2007,0005,F000151,Vall baixa i Delta del Llobregat - 08089-0053,416321,4571430
before_2007,0005,F000152,Vall baixa i Delta del Llobregat - 08056-0020,415310.78,4570972.75
before_2007,0005,F000153,Vall baixa i Delta del Llobregat - 08056-0021,415306.78,4570977.75
before_2007,0005,F000155,Vall baixa i Delta del Llobregat - 08056-0019,414387,4569707
before_2007,0005,F000160,Vall baixa i Delta del Llobregat - 08089-0049,419783.77,4569194.71
before_2007,0005,F000161,Vall baixa i Delta del Llobregat - 08200-0048,421036,4575096
before_2007,0005,F000162,Vall baixa i Delta del Llobregat - 08200-0049,421035,4575100
before_2007,0005,F000166,Vall baixa i Delta del Llobregat - 08089-0048,417087,4568711
before_2007,0005,F000168,Vall baixa i Delta del Llobregat - 08089-0052,417894.78,4570252.73
before_2007,0005,F000173,Vall baixa i Delta del Llobregat - 08089-0054,416318,4571434
before_2007,0005,F000174,Vall baixa i Delta del Llobregat - 08089-0055,416315,4571438
before_2007,0005,F000175,Vall baixa i Delta del Llobregat - 08056-0022,415310.78,4570967.75
before_2007,0005,F000176,Vall baixa i Delta del Llobregat - 08056-0023,415304.78,4570975.75
before_2007,0005,F000177,Carme-Capellades - 08048-0009,385700.78,4598384.19
before_2007,0005,F000178,Carme-Capellades - 08048-0010,386223.35,4598209.69
before_2007,0005,F000179,Carme-Capellades - 08152-0013,383404.44,4598340.78
before_2007,0005,F000180,Carme-Capellades - 08044-0015,390198.74,4598093.99
before_2007,0005,F000181,Carme-Capellades - 08286-0026,388188.41,4597763.6
before_2007,0005,F000182,Carme-Capellades - 08286-0027,387601.22,4598898.49
before_2007,0005,F000183,Carme-Capellades - 08044-0016,390213.95,4598271.98
before_2007,0005,F000184,Carme-Capellades - 08104-0023,377194.47,4592715.8
before_2007,0005,F000187,Bloc del Gaià-Bonastre - 43030-0014,370156,4563119
before_2007,0005,F000189,Baix Gaià - 43126-0027,362876.77,4557136.25
before_2007,0005,F000190,Baix Gaià - 43043-0054,358621.72,4558513.95
before_2007,0005,F000191,Garraf - 43163-0049,377919.32,4565108.22
before_2007,0005,F000192,Bloc del Gaià-Bonastre - 43089-0007,364550,4568729
before_2007,0005,F000193,Bloc del Gaià-Bonastre - 43089-0008,366228.09,4568055.89
before_2007,0005,F000194,Bloc del Gaià-Bonastre - 43131-0032,369784,4562211.35
before_2007,0005,F000195,Bloc del Gaià-Bonastre - 43030-0030,370188.32,4562970.93
before_2007,0005,F000196,Bloc del Gaià-Bonastre - 43089-0009,367549.93,4568752.79
before_2007,0005,F000197,Garraf - 08058-0057,387094.79,4567964.53
before_2007,0005,F000198,Garraf - 08231-0041,398562.7,4568283.9
before_2007,0005,F000199,Garraf - 08148-0013,397941,4572568
before_2007,0005,F000200,Garraf - 08058-0058,387400,4567732
before_2007,0005,F000201,Garraf - 08074-0025,387997.83,4566369.57
before_2007,0005,F000202,Garraf - 43037-0029,381456.87,4562908.81
before_2007,0005,F000203,Garraf - 43037-0030,380537.36,4561915.4
before_2007,0005,F000205,Garraf - 43024-0076,380990.89,4565397.58
before_2007,0005,F000206,Garraf - 43037-0032,380710.06,4561448.55
before_2007,0005,F000207,Baix Camp - 43145-0138,344528.66,4564228.23
before_2007,0005,F000208,Baix Camp - 43145-0139,344311.42,4563517.16
before_2007,0005,F000209,Baix Camp - 43095-0017,349633.95,4562423.45
before_2007,0005,F000210,Baix Camp - 43005-0110,348407.73,4569698.54
before_2007,0005,F000212,Alt Camp - 43066-0012,353099.21,4564130.72
before_2007,0005,F000213,Alt Camp - 43165-0013,359041,4568765
before_2007,0005,F000216,Baix Camp - 43160-0055,351882.54,4564805.09
before_2007,0005,F000217,Alt Camp - 43144-0032,354563.94,4565230.93
before_2007,0005,F000222,Alt Camp - 43170-0031,362642,4572014
before_2007,0005,F000226,Baix Francolí - 43109-0020,351415.63,4559325.12
before_2007,0005,F000229,Baix Camp - 43007-0123,336119.19,4560266.3
before_2007,0005,F000233,Baix Camp - 43033-0072,331263.33,4554682.71
before_2007,0005,F000234,Baix Camp - 43129-0180,338163.97,4552890.97
before_2007,0005,F000235,Baix Camp - 43123-0260,341781.31,4556805.03
before_2007,0005,F000236,Baix Camp - 43123-0275,344422.32,4555073.62
before_2007,0005,F000238,Baix Camp - 43905-0030,343566.94,4550907.15
before_2007,0005,F000239,Baix Camp - 43092-0158,328241.22,4546176.69
before_2007,0005,F000240,Baix Camp - 43092-0159,325810.06,4544132.31
before_2007,0005,F000241,Baix Camp - 43092-0160,326133.3,4543055.83
before_2007,0005,F000242,Baix Camp - 43092-0161,331045.02,4545613.37
before_2007,0005,F000243,Baix Camp - 43092-0164,330436.17,4549384.83
before_2007,0005,F000244,Baix Camp - 43092-0162,331773.09,4545744.79
before_2007,0005,F000245,Baix Francolí - 43148-0120,349751.76,4552346.55
before_2007,0005,F000248,Baix Camp - 43123-0261,346077.68,4556332.44
before_2007,0005,F000249,Baix Camp - 43123-0262,346227.13,4555753.57
before_2007,0005,F000250,Baix Francolí - 43148-0121,351893.88,4553236.35
before_2007,0005,F000252,Baix Camp - 43162-0062,324339.17,4541661.38
before_2007,0005,F000253,Baix Camp - 43092-0163,330856.86,4547679.96
before_2007,0005,F000254,Baix Camp - 43171-0105,343525.92,4554459.09
before_2007,0005,F000255,Llaberia - Prades meridional - 43042-0022,340353.08,4560428.78
before_2007,0005,F000256,Baix Camp - 43123-0263,345101.96,4554222.23
before_2007,0005,F000257,Baix Camp - 43123-0264,340768.32,4558461.89
before_2007,0005,F000258,Llaberia - Prades meridional - 43007-0125,337229.83,4561328.07
before_2007,0005,F000260,Fluviodeltaic del Fluvià - Muga - 17030-0030,496953.08,4685849.51
before_2007,0005,F000262,Detrític neogen de l'Empordà - 17132-0053,500648,4685230
before_2007,0005,F000267,Fluviodeltaic del Fluvià - Muga - 17132-0063,500014.94,4684405.63
before_2007,0005,F000269,Fluviodeltaic del Fluvià - Muga - 17047-0064,506987.91,4674864.62
before_2007,0005,F000270,Fluviodeltaic del Fluvià - Muga - 17047-0066,507291.2,4673938.2
before_2007,0005,F000271,Fluviodeltaic del Fluvià - Muga - 17047-0061,507118.41,4674878.51
before_2007,0005,F000273,Fluviodeltaic del Fluvià - Muga - 17047-0065,507226.16,4674433.9
before_2007,0005,F000274,Fluviodeltaic del Fluvià - Muga - 17047-0067,507293.5,4673936.3
before_2007,0005,F000279,Fluviodeltaic del Baix Ter - 17057-0051,502343.8,4647981.81
before_2007,0005,F000280,Paleògens del Baix Ter - 17211-0026,504123.77,4657034.51
before_2007,0005,F000281,Fluviodeltaic del Baix Ter - 17081-0042,508490.85,4653548.37
before_2007,0005,F000282,Fluviodeltaic del Baix Ter - 17081-0043,510649.35,4652673.95
before_2007,0005,F000284,Fluviodeltaic del Baix Ter - 17191-0033,505708.95,4654360.89
before_2007,0005,F000286,Fluviodeltaic del Baix Ter - 17191-0035,506097.24,4653107.79
before_2007,0005,F000287,Fluviodeltaic del Baix Ter - 17199-0054,511266.16,4653871.15
before_2007,0005,F000288,Fluviodeltaic del Baix Ter - 17204-0012,507501,4654648
before_2007,0005,F000289,Fluviodeltaic del Baix Ter - 17197-0015,512080.09,4645094.43
before_2007,0005,F000291,Fluviodeltaic del Baix Ter - 17081-0046,510375.54,4652099.75
before_2007,0005,F000292,Fluviodeltaic del Baix Ter - 17195-0054,506239,4654589
before_2007,0005,F000293,Fluviodeltaic del Baix Ter - 17195-0055,506319.18,4658290.79
before_2007,0005,F000295,Fluviodeltaic del Baix Ter - 17199-0056,513630.05,4652294.83
before_2007,0005,F000298,Fluviodeltaic del Baix Ter - 17081-0047,510931.04,4651350.05
before_2007,0005,F000299,Fluviodeltaic del Baix Ter - 17068-0057,502112,4655976
before_2007,0005,F000300,Fluviodeltaic del Baix Ter - 17068-0059,502121,4655981
before_2007,0005,F000301,Fluviodeltaic del Baix Ter - 17068-0060,502233.46,4656266.62
before_2007,0005,F000302,Fluviodeltaic del Baix Ter - 17068-0058,502230,4656265
before_2007,0005,F000304,Fluviodeltaic del Baix Ter - 17199-0055,511787.54,4651650.64
before_2007,0005,F000306,Fluviodeltaic del Baix Ter - 17081-0041,508845.05,4653434.97
before_2007,0005,F000307,Fluviodeltaic del Baix Ter - 17062-0014,509544.61,4661650.58
before_2007,0005,F000308,Fluviodeltaic del Baix Ter - 17199-0053,515200.37,4654203.62
before_2007,0005,F000311,Fluviodeltaic del Fluvià - Muga - 17210-0047,501693.95,4668308.55
before_2007,0005,F000313,Detrític neogen de l'Empordà - 17075-0025,496563.04,4667649.48
before_2007,0005,F000314,Fluviodeltaic del Fluvià - Muga - 17178-0069,508935.97,4668721.79
before_2007,0005,F000317,Fluviodeltaic del Fluvià - Muga - 17178-0070,508968.38,4670756.89
before_2007,0005,F000320,Fluviodeltaic del Fluvià - Muga - 17210-0048,501177.95,4668075.35
before_2007,0005,F000321,Baix Besòs i Pla de Barcelona - 08245-0010,432721.95,4589834.65
before_2007,0005,F000322,Baix Besòs i Pla de Barcelona - 08019-0014,432348,4589833
before_2007,0005,F000324,Baix Besòs i Pla de Barcelona - 08019-0411,433601.9,4587035.6
before_2007,0005,F000325,Baix Besòs i Pla de Barcelona - 08245-0011,433589.44,4588790.24
before_2007,0005,F000326,Baix Besòs i Pla de Barcelona - 08245-0009,433558.34,4588835.74
before_2007,0005,F000329,Detrític neogen del Vallès - 08279-0101,419418.3,4598362.5
before_2007,0005,F000330,Detrític neogen del Vallès - 08279-0103,419418.6,4598362.4
before_2007,0005,F000331,Detrític neogen del Vallès - 08279-0102,419415.8,4598358.1
before_2007,0005,F000332,Detrític neogen del Vallès - 08279-0104,419415.7,4598357.8
before_2007,0005,F000333,Detrític neogen del Vallès - 08187-0082,425786,4601929.7
before_2007,0005,F000334,Detrític neogen del Vallès - 08187-0083,425786.6,4601929.8
before_2007,0005,F000335,Detrític neogen del Vallès - 08187-0084,425789.7,4601930.9
before_2007,0005,F000339,Detrític neogen del Vallès - 08156-0053,431062.04,4601613.68
before_2007,0005,F000340,Detrític neogen del Vallès - 08156-0054,431066.04,4601618.68
before_2007,0005,F000341,Detrític neogen del Vallès - 08156-0055,431287.64,4601512.18
before_2007,0005,F000344,Al·luvials del Vallès - 08209-0031,434612.61,4597146.44
before_2007,0005,F000345,Al·luvials del Vallès - 08156-0056,431196.24,4602030.48
before_2007,0005,F000348,Al·luvials del Vallès - 08156-0057,431294.04,4601906.68
before_2007,0005,F000349,Al·luvials del Vallès - 08115-0031,435966.02,4599108.64
before_2007,0005,F000352,Al·luvials del Vallès - 08159-0104,436061.04,4601135.64
before_2007,0005,F000354,Al·luvials del Vallès - 08136-0089,439221.7,4600391.9
before_2007,0005,F000357,Al·luvials del Vallès - 08125-0042,432585.98,4593680.65
before_2007,0005,F000358,Al·luvials del Vallès - 08125-0043,430174.54,4593431.76
before_2007,0005,F000360,Al·luvials del Vallès - 08125-0045,433036,4595015
before_2007,0005,F000361,Detrític neogen del Vallès - 08125-0021,432724.37,4595334.81
before_2007,0005,F000362,Al·luvials del Vallès - 08105-0021,433671,4595759
before_2007,0005,F000363,Al·luvials del Vallès - 08159-0097,436168.04,4601288.64
before_2007,0005,F000364,Al·luvials de la baixa i delta de la Tordera - 08284-0318,477434,4616572
before_2007,0005,F000365,Al·luvials de la baixa i delta de la Tordera - 08284-0319,476760.23,4617376.36
before_2007,0005,F000366,Al·luvials de la baixa i delta de la Tordera - 08284-0320,475619,4619294
before_2007,0005,F000367,Al·luvials de la baixa i delta de la Tordera - 08155-0164,479692,4614228
before_2007,0005,F000368,Al·luvials de la baixa i delta de la Tordera - 08155-0165,480112,4613116
before_2007,0005,F000369,Al·luvials de la baixa i delta de la Tordera - 08284-0321,479347,4615135
before_2007,0005,F000370,Al·luvials de la baixa i delta de la Tordera - 08284-0322,479349,4615132
before_2007,0005,F000371,Al·luvials de la baixa i delta de la Tordera - 08284-0323,478322,4615731
before_2007,0005,F000372,Al·luvials de la baixa i delta de la Tordera - 08110-0216,479528,4611177
before_2007,0005,F000378,Al·luvials de la baixa i delta de la Tordera - 17023-0155,482028,4612464
before_2007,0005,F000379,Al·luvials de la baixa i delta de la Tordera - 17023-0156,482027,4612463
before_2007,0005,F000383,Al·luvials de la baixa i delta de la Tordera - 08110-0223,480346.26,4612430.75
before_2007,0005,F000384,Al·luvials de la baixa i delta de la Tordera - 17023-0157,479992,4613843
before_2007,0005,F000385,Al·luvials de la baixa i delta de la Tordera - 08155-0166,479753,4613617
before_2007,0005,F000386,Al·luvials de la baixa i delta de la Tordera - 08110-0163,480697.89,4612069.92
before_2007,0005,F000391,Al·luvials de la baixa i delta de la Tordera - 08110-0218,480431.7,4612603.62
before_2007,0005,F000392,Al·luvials de l'alta i mitjana Tordera - 08259-0041,455380,4615083
before_2007,0005,F000395,Al·luvials de l'alta i mitjana Tordera - 17083-0037,468040.24,4620878.43
before_2007,0005,F000396,Al·luvials de l'alta i mitjana Tordera - 08202-0125,463474.72,4618969.66
before_2007,0005,F000397,Al·luvials de l'alta i mitjana Tordera - 08202-0126,462982.71,4618658.26
before_2007,0005,F000398,Al·luvials de l'alta i mitjana Tordera - 08097-0014,460161,4617237
before_2007,0005,F000399,Al·luvials de l'alta i mitjana Tordera - 17103-0056,474478,4621197
before_2007,0005,F000400,Al·luvials de l'alta i mitjana Tordera - 17083-0038,468157.24,4620777.43
before_2007,0005,F000402,Montseny-Guilleries - 17159-0159,467963.24,4621492.43
before_2007,0005,F000404,Al·luvials de l'alta i mitjana Tordera - 17101-0116,471079.2,4621520.4
before_2007,0005,F000406,Montseny-Guilleries - 17159-0162,468274.24,4621102.43
before_2007,0005,F000412,Plioquaternari de la Riera Santa Coloma - 17148-0079,474079.05,4632038.11
before_2007,0005,F000413,Plioquaternari de la Riera Santa Coloma - 17148-0086,474208.33,4632065.4
before_2007,0005,F000417,Maresme - 08219-0073,449105.32,4595457.33
before_2007,0005,F000419,Maresme - 08009-0111,449679.37,4601739.94
before_2007,0005,F000424,Maresme - 08009-0110,451678.04,4598034.42
before_2007,0005,F000428,Maresme - 08029-0094,451793.53,4596925.01
before_2007,0005,F000430,Maresme - 08118-0027,441591.08,4591740.78
before_2007,0005,F000433,Maresme - 08172-0013,445693.2,4593539.15
before_2007,0005,F000436,Maresme - 08172-0014,447274.06,4593980.69
before_2007,0005,F000437,Maresme - 08009-0116,450106.16,4601174.73
before_2007,0005,F000439,Maresme - 08219-0072,447553.21,4594271.04
before_2007,0005,F000441,Conca alta de Cardener i Llobregat - 08052-0002,418658,4681584
before_2007,0005,F000442,Conca alta de Cardener i Llobregat - 08268-0021,406161.52,4670410.97
before_2007,0005,F000443,Conca alta de Cardener i Llobregat - 08052-0003,418670.1,4681676.4
before_2007,0005,F000446,Conca alta de Cardener i Llobregat - 08268-0019,405764.7,4666573.7
before_2007,0005,F000447,Conca alta de Cardener i Llobregat - 08268-0020,405659.4,4666541.1
before_2007,0005,F000448,Bloc del Gaià-Bonastre - 08065-0048,381627.36,4577111.76
before_2007,0005,F000449,Bloc del Gaià-Bonastre - 43137-0050,378444.05,4574798.74
before_2007,0005,F000451,Sorres de Santa Oliva - 43002-0037,376350.49,4567831.22
before_2007,0005,F000453,Bloc del Gaià-Bonastre - 43137-0049,378284.05,4574615.81
before_2007,0005,F000455,Sorres de Santa Oliva - 43140-0095,376678.97,4569164.61
before_2007,0005,F000456,Sorres de Santa Oliva - 43020-0099,378726.97,4568692.91
before_2007,0005,F000457,Sorres de Santa Oliva - 43002-0039,376380.58,4567787.15
before_2007,0005,F000461,Sorres de Santa Oliva - 43020-0121,379213,4569142
before_2007,0005,F000462,Sorres de Santa Oliva - 43020-0139,379256,4569252
before_2007,0005,F000465,Sorres de Santa Oliva - 43020-0101,379846.13,4569717.09
before_2007,0005,F000467,Al·luvials de la Baixa Costa Brava - 17181-0113,498332.25,4629582.41
before_2007,0005,F000468,Al·luvials de la Baixa Costa Brava - 17181-0115,498738.25,4629302.31
before_2007,0005,F000469,Al·luvials de la Baixa Costa Brava - 17181-0116,499621.75,4628775.1
before_2007,0005,F000470,Al·luvials de la Baixa Costa Brava - 17048-0078,502641.05,4628451.68
before_2007,0005,F000471,Al·luvials de la Baixa Costa Brava - 17048-0079,502645.15,4628453.78
before_2007,0005,F000472,Al·luvials de la Baixa Costa Brava - 17048-0081,503085.45,4628623.87
before_2007,0005,F000475,Al·luvials de la Baixa Costa Brava - 17181-0114,498926.85,4629544.41
before_2007,0005,F000477,Al·luvials de la Baixa Costa Brava - 17048-0080,505101.45,4628353.06
before_2007,0005,F000479,Al·luvials de la Baixa Costa Brava - 17118-0036,510446.01,4634199.03
before_2007,0005,F000480,Al·luvials de la Baixa Costa Brava - 17118-0037,511008.31,4634851.22
before_2007,0005,F000482,Al·luvials de la Baixa Costa Brava - 17118-0038,511406,4635540
before_2007,0005,F000483,Al·luvials de la Baixa Costa Brava - 17118-0035,510654.71,4634269.02
before_2007,0005,F000486,l'Ametlla de Mar- Perelló - 43162-0048,319249,4535002
before_2007,0005,F000487,l'Ametlla de Mar- Perelló - 43013-0080,314012.34,4533409.46
before_2007,0005,F000551,Priorat - 43055-0019,316247.52,4557126.48
before_2007,0005,F000552,Fossa de Móra - 43070-0008,311425,4552602
before_2007,0005,F000553,Fossa de Móra - 43076-0134,312442,4554861
before_2007,0005,F000554,Fossa de Móra - 43076-0055,317518.5,4554392.47
before_2007,0005,F000555,Priorat - 43076-0057,314928,4555354
before_2007,0005,F000556,Fossa de Móra - 43085-0005,307071,4559822
before_2007,0005,F000558,Fossa de Móra - 43151-0001,319165.51,4554883.45
before_2007,0005,F000559,Fossa de Móra - 43121-0010,299160,4543572
before_2007,0005,F000561,Cardó - Vandellòs - 43904-0205,298480,4517823
before_2007,0005,F000562,l'Ametlla de Mar- Perelló - 43906-0448,304890.25,4524011.52
before_2007,0005,F000573,Mesozoic de la Galera - 43052-0018,284270.24,4527006.68
before_2007,0005,F000583,Al·luvial d'Urgell - 25168-0006,321858.97,4615773.63
before_2007,0005,F000587,Calcàries de Tàrrega - 25152-0020,362565,4617122
before_2007,0005,F000588,Serres marginals catalanes - 25037-0015,310311,4645143
before_2007,0005,F000589,Al·luvial d'Urgell - 25225-0007,338359.5,4618356.4
before_2007,0005,F000592,Baix Camp - 43092-0176,330997.82,4545704.05
before_2007,0005,F002149,Plana de la Galera - 43138-0045,290060.15,4513041.61
before_2007,0005,F002573,Conca alta de Cardener i Llobregat - 08093-0005,401042.59,4680293.03
before_2007,0005,F002590,Tremp-Isona - 25115-0022,335885.6,4665195.9
before_2007,0005,F003863,Al·luvials de l'alta i mitjana Tordera - 08207-0012,452263,4618840
before_2007,0005,F003887,Al·luvials de l'alta i mitjana Tordera - 17159-0033,466924.23,4619664.43
before_2007,0005,F004143,Maresme - 08029-0027,451621.04,4597326.52
before_2007,0005,F004270,Maresme - 08029-0025,451462.23,4596716.82
before_2007,0005,F004592,Sorres de Santa Oliva - 43020-0087,379170.71,4569101.02
before_2007,0005,F004603,Sorres de Santa Oliva - 43140-0068,376673.71,4569167.04
before_2007,0005,F004656,Al·luvials de l'alta i mitjana Tordera - 17159-0161,465845,4619706
before_2007,0005,F004786,Baix Gaià - 43131-0016,370662,4560760
before_2007,0005,F005252,Fossa de Móra - 43150-0029,308078.1,4551680.8
before_2007,0005,F005299,l'Ametlla de Mar- Perelló - 43013-0187,316113,4532090
before_2007,0005,F005341,Serra del Montsià - 43156-0041,288130.06,4501906.61
before_2007,0005,F005365,Mesozoic de la Galera - 43138-0095,286105.12,4510996.64
before_2007,0005,F005601,Fluviodeltaic del Baix Ter - 17199-0037,513768.55,4652137.13
before_2007,0005,F005636,Al·luvials de la baixa i delta de la Tordera - 17023-0083,481166,4611815
before_2007,0005,F005668,Al·luvials de la baixa i delta de la Tordera - 08110-0007,480458,4610953
before_2007,0005,F005671,Al·luvials de la baixa i delta de la Tordera - 08110-0146,480527,4612475
before_2007,0005,F005672,Al·luvials de la baixa i delta de la Tordera - 08110-0009,481283,4611297
before_2007,0005,F005677,Al·luvials de la baixa i delta de la Tordera - 08110-0016,481378,4611107
before_2007,0005,F005696,Al·luvials de la baixa i delta de la Tordera - 08110-0031,480151,4611857
before_2007,0005,F005706,Al·luvials de la baixa i delta de la Tordera - 08110-0180,480458,4610954
before_2007,0005,F005720,Al·luvials de la baixa i delta de la Tordera - 08110-0012,480892,4610711
before_2007,0005,F005757,Al·luvials de la baixa i delta de la Tordera - 17023-0111,481158,4611842
before_2007,0005,F005822,Vall baixa i Delta del Llobregat - 08211-0013,418502,4582530
before_2007,0005,F005843,Vall baixa i Delta del Llobregat - 08211-0018,418778.87,4582534.74
before_2007,0005,F005844,Vall baixa i Delta del Llobregat - 08211-0015,418994.87,4582345.74
before_2007,0005,F005890,Vall baixa i Delta del Llobregat - 08211-0016,418897,4581628
before_2007,0005,F005892,Vall baixa i Delta del Llobregat - 08211-0019,418475,4582388
before_2007,0005,F005897,Vall baixa i Delta del Llobregat - 08301-0030,420058,4572709
before_2007,0005,F005921,Vall baixa i Delta del Llobregat - 08200-0014,421039,4575109
before_2007,0005,F006954,Plioquaternari de l'Onyar - 17038-0013,486143.4,4637985.32
before_2007,0005,F007132,Vall baixa i Delta del Llobregat - 08019-0076,428464.85,4577683.66
before_2007,0005,F007133,Vall baixa i Delta del Llobregat - 08019-0067,429579,4577004
before_2007,0005,F007134,Vall baixa i Delta del Llobregat - 08019-0077,428299,4577097
before_2007,0005,F007135,Vall baixa i Delta del Llobregat - 08019-0068,428841,4575584
before_2007,0005,F007154,Vall baixa i Delta del Llobregat - 08056-0010,413438,4568766
before_2007,0005,F007161,Vall baixa i Delta del Llobregat - 08089-0022,419786,4569192
before_2007,0005,F007162,Vall baixa i Delta del Llobregat - 08089-0023,417894,4570250
before_2007,0005,F007806,Vall baixa i Delta del Llobregat - 08169-0320,426514.1,4572023.77
before_2007,0005,F007814,Vall baixa i Delta del Llobregat - 08169-0315,427034.73,4574688.87
before_2007,0005,F007828,Calcàries de Tàrrega - 25152-0003,360432,4617214
before_2007,0005,F008015,Vall baixa i Delta del Llobregat - 08169-0329,425244,4573718
before_2007,0005,F009826,Baix Camp - 43047-0105,346769.91,4557736.01
before_2007,0005,F009837,Ports de Beseit (CHE)_Cat - 43117-0005,280121.32,4538659.73
before_2007,0005,F009839,Ports de Beseit (CHX)_Cat - 43044-0003,269314,4503084
before_2007,0005,F009840,Plana de la Sènia_Cat - 43156-0003,278875,4498612
before_2007,0005,F009841,Plana de la Sènia_Cat - 43156-0027,281972,4495800.65
before_2007,0005,F009842,Plana d'Alcanar - 43004-0048,287089.98,4491476.6
before_2007,0005,F009843,Plana de Vinaròs_Cat - 43004-0006,288679,4489173
before_2007,0005,F009845,l'Ametlla de Mar- Perelló - 43013-0289,314746.33,4532445.45
before_2007,0005,F009846,l'Ametlla de Mar- Perelló - 43013-0202,313856.34,4533334.46
before_2007,0005,F009847,l'Ametlla de Mar- Perelló - 43013-0249,313038,4529819
before_2007,0005,F009976,Vall baixa i Delta del Llobregat - 08169-0321,425241.62,4573714.58
before_2007,0005,F009978,Vall baixa i Delta del Llobregat - 08169-0318,427013,4574692
before_2007,0005,F011210,Vall baixa i Delta del Llobregat - 08169-0357,427507,4573127
before_2007,0005,F011219,Vall baixa i Delta del Llobregat - 08019-0168,427865.94,4576050.56
before_2007,0005,F011523,Fluviovolcànic de la Garrotxa - 17207-0050,453799.16,4669093.61
before_2007,0005,F011611,Cubeta d'Abrera - 08054-0084,410160.25,4594290.13
before_2007,0005,F011612,Cubeta d'Abrera - 08054-0082,411026.24,4592661.52
before_2007,0005,F011699,Cardó - Vandellòs - 43155-0141,292053,4521080
before_2007,0005,F011766,Cardó - Vandellòs - 43155-0057,292204,4525785
before_2007,0005,F011768,Plana de la Galera - 43133-0098,287947.21,4522461.64
before_2007,0005,F011769,Mesozoic de la Galera - 43133-0115,281600.2,4522382.69
before_2007,0005,F011770,Mesozoic de la Galera - 43133-0130,284070.16,4515746.66
before_2007,0005,F011771,Cardó - Vandellòs - 43155-0509,292132,4519083
before_2007,0005,F011772,Mesozoic de la Galera - 43068-0008,285756,4505808
before_2007,0005,F011773,Mesozoic de la Galera - 43138-0031,287660.12,4510856.63
before_2007,0005,F011774,Mesozoic de la Galera - 43063-0023,284050.1,4508234.65
before_2007,0005,F011775,Fossa de Móra - 43085-0004,306542.53,4560146.56
before_2007,0005,F011776,Mesozoic de la Galera - 43014-0257,293868.12,4509135.58
before_2007,0005,F011777,Mesozoic de la Galera - 43068-0022,285923,4505273
before_2007,0005,F011778,Mesozoic de la Galera - 43078-0097,289226.11,4508633.61
before_2007,0005,F011779,Plana de la Galera - 43155-0828,288195.18,4518301.63
before_2007,0005,F011781,Fossa de Móra - 43025-0094,292113,4539250
before_2007,0005,F011782,l'Ametlla de Mar- Perelló - 43104-0063,305208.29,4528521.52
before_2007,0005,F011783,l'Ametlla de Mar- Perelló - 43013-0240,312655,4530651
before_2007,0005,F011784,l'Ametlla de Mar- Perelló - 43013-0264,309600,4533381
before_2007,0005,F011785,Mesozoic de la Galera - 43133-0381,280948.8,4520123.1
before_2007,0005,F012714,Vall baixa i Delta del Llobregat - 08169-1107,423854.83,4575583.99
before_2007,0005,F017230,Sorres de Santa Oliva - 43140-0094,376710.24,4568514.27
before_2007,0005,F017232,Baix Gaià - 43131-0033,370470,4561178
before_2007,0005,F021996,Sorres de Santa Oliva - 43020-0077,379103.1,4568957.1
before_2007,0005,F043821,Serres marginals catalanes - 25037-0031,310293,4645234
before_2007,0000,F000095,Vall baixa i Delta del Llobregat - 08169-0338,427744.52,4573903.26
before_2007,0000,F000188,Bloc del Gaià-Bonastre - 43030-0029,369456,4564046
before_2007,0000,F000268,Fluviodeltaic del Fluvià - Muga - 17047-0063,506986.01,4674870.72
before_2007,0000,F000353,Al·luvials del Vallès - 08159-0096,436364.65,4602370.04
before_2007,0000,F000466,Baixa Garrotxa-Pla de l'Estany - 17015-0026,479760.79,4665036.01
before_2007,0000,F001799,N/D - Superficial - BE000J088,435695,4630515
before_2007,0000,F001800,N/D - Superficial - BE005J017,438868,4624021
before_2007,0000,F001801,N/D - Superficial - BE010,441132,4612033
before_2007,0000,F001802,N/D - Superficial - BE015J089,437639,4600091
before_2007,0000,F001804,N/D - Superficial - BE025J024,443469,4604518
before_2007,0000,F001805,N/D - Superficial - BE030J035,438706,4599692
before_2007,0000,F001806,N/D - Superficial - BE035J128,433798,4595341
before_2007,0000,F001807,N/D - Superficial - BE040J086,429672,4610524
before_2007,0000,F001808,N/D - Superficial - BE045J043,432651,4593766
before_2007,0000,F001809,N/D - Superficial - BE050J075,423660,4603843
before_2007,0000,F001810,N/D - Superficial - BE055J116,429172,4593565
before_2007,0000,F001811,N/D - Superficial - BE060J044,431980,4593208
before_2007,0000,F001812,N/D - Superficial - BE065,432551,4592799
before_2007,0000,F001813,N/D - Superficial - BE070J048,433376,4588888
before_2007,0000,F001814,N/D - Superficial - BE500J037,439934,4614240
before_2007,0000,F001819,N/D - Superficial - BE505J069,436303,4599448
before_2007,0000,F001821,N/D - Superficial - BE507J082,435854,4599434
before_2007,0000,F001824,N/D - Superficial - CB005C042,503554,4628929
before_2007,0000,F001825,N/D - Superficial - DA005C040,508444,4653182
before_2007,0000,F001828,N/D - Superficial - EB015J056,294808,4565650
before_2007,0000,F001832,N/D - Superficial - EB015J056,294808,4565650
before_2007,0000,F001833,N/D - Superficial - EB040J057,294684,4513811
before_2007,0000,F001857,N/D - Superficial - FL000J013,455666,4659372
before_2007,0000,F001858,N/D - Superficial - FL005J105,457562,4673884
before_2007,0000,F001859,N/D - Superficial - FL010J070,459508,4673784
before_2007,0000,F001860,N/D - Superficial - FL015,462943,4674452
before_2007,0000,F001861,N/D - Superficial - FL020J104,462089,4672926
before_2007,0000,F001862,N/D - Superficial - FL025,467850,4673462
before_2007,0000,F001863,N/D - Superficial - FL030J022,475342,4671905
before_2007,0000,F001864,N/D - Superficial - FL035J016,483373,4669587
before_2007,0000,F001865,N/D - Superficial - FL040J011,505312,4669630
before_2007,0000,F001869,N/D - Superficial - FL503J040,478299,4669536
before_2007,0000,F001875,N/D - Superficial - FO000J125,385764,4582331
before_2007,0000,F001876,N/D - Superficial - FO005,388605,4575637
before_2007,0000,F001877,N/D - Superficial - FO010C091,386361,4572960
before_2007,0000,F001878,N/D - Superficial - FO015J008,385581,4569130
before_2007,0000,F001882,N/D - Superficial - FR000,337673,4584900
before_2007,0000,F001883,N/D - Superficial - FR005J058,347738,4575802
before_2007,0000,F001884,N/D - Superficial - FR010C102,347568,4575479
before_2007,0000,F001885,N/D - Superficial - FR015C101,351138,4569581
before_2007,0000,F001886,N/D - Superficial - FR020J059,351538,4566203
before_2007,0000,F001887,N/D - Superficial - FR025J079,351786,4557545
before_2007,0000,F001888,N/D - Superficial - FR500J123,0,0
before_2007,0000,F001889,N/D - Superficial - FR501J122,347478,4582337
before_2007,0000,F001890,N/D - Superficial - FR502J085,347816,4575836
before_2007,0000,F001891,N/D - Superficial - FR503J042,344783,4574796
before_2007,0000,F001893,N/D - Superficial - GA000C093,365599,4598877
before_2007,0000,F001894,N/D - Superficial - GA005J007,362265,4569517
before_2007,0000,F001898,N/D - Superficial - GN005J098,318996,4729017
before_2007,0000,F001899,N/D - Superficial - GN010J705,313623,4734288
before_2007,0000,F001902,N/D - Superficial - GN500J032,314680,4745318
before_2007,0000,F001905,N/D - Superficial - LL000J117,414252,4676742
before_2007,0000,F001906,N/D - Superficial - LL005,406728,4674124
before_2007,0000,F001908,N/D - Superficial - LL015C702,406292,4658538
before_2007,0000,F001909,N/D - Superficial - LL020J118,406390,4657916
before_2007,0000,F001910,N/D - Superficial - LL025J147,407654,4650786
before_2007,0000,F001911,N/D - Superficial - LL030J006,414906,4649466
before_2007,0000,F001912,N/D - Superficial - LL035J080,407012,4634842
before_2007,0000,F001913,N/D - Superficial - LL040J077,409884,4626678
before_2007,0000,F001914,N/D - Superficial - LL045C076,409461,4623702
before_2007,0000,F001915,N/D - Superficial - LL050J094,406737,4620721
before_2007,0000,F001916,N/D - Superficial - LL055J031,406041,4617730
before_2007,0000,F001918,N/D - Superficial - LL065J025,381749,4651171
before_2007,0000,F001920,N/D - Superficial - LL075C708,386754,4642918
before_2007,0000,F001921,N/D - Superficial - LL080J001,390136,4641586
before_2007,0000,F001922,N/D - Superficial - LL085J002,404319,4614941
before_2007,0000,F001923,N/D - Superficial - LL090J023,404800,4610419
before_2007,0000,F001924,N/D - Superficial - LL095J129,409204,4598588
before_2007,0000,F001925,N/D - Superficial - LL100J084,409806,4595003
before_2007,0000,F001926,Conca alta de l'Anoia fins a Igualada - LL105J095,378996,4606105
before_2007,0000,F001927,N/D - Superficial - LL110J003,388231,4602210
before_2007,0000,F001928,N/D - Superficial - LL115J065,388553,4600009
before_2007,0000,F001929,N/D - Superficial - LL120J050,398385,4588580
before_2007,0000,F001930,N/D - Superficial - LL125J120,400693,4586512
before_2007,0000,F001931,N/D - Superficial - LL130J074,410366,4591967
before_2007,0000,F001932,N/D - Superficial - LL135J076,416091,4589061
before_2007,0000,F001933,N/D - Superficial - LL140J049,420246,4578238
before_2007,0000,F001934,N/D - Superficial - LL145J046,425686,4575451
before_2007,0000,F001938,N/D - Superficial - LL503J078,406715,4674296
before_2007,0000,F001953,N/D - Superficial - LL518J093,408521,4623071
before_2007,0000,F001956,N/D - Superficial - LL521J045,389276,4642670
before_2007,0000,F001958,N/D - Superficial - LL523J119,397155,4628835
before_2007,0000,F001963,N/D - Superficial - LL528J051,388308,4602346
before_2007,0000,F001964,N/D - Superficial - LL529J004,398824,4588714
before_2007,0000,F001966,N/D - Superficial - LL531J005,413542,4591828
before_2007,0000,F001976,N/D - Superficial - MU005J012,488409,4686962
before_2007,0000,F001977,N/D - Superficial - MU010J100,500805,4683477
before_2007,0000,F001978,N/D - Superficial - MU015J067,503518,4680808
before_2007,0000,F001979,N/D - Superficial - MU020J101,503496,4680442
before_2007,0000,F001980,N/D - Superficial - MU025J052,505965,4678036
before_2007,0000,F001987,N/D - Superficial - MU507J030,500579,4684819
before_2007,0000,F001989,N/D - Superficial - MU509J103,497317,4676167
before_2007,0000,F001994,N/D - Superficial - NP000,344479,4729614
before_2007,0000,F001996,N/D - Superficial - NP010J009,332565,4678925
before_2007,0000,F001997,N/D - Superficial - NP015,330115,4687618
before_2007,0000,F002007,N/D - Superficial - NP505J164,346100,4696781
before_2007,0000,F002012,N/D - Superficial - NR000,316760,4720577
before_2007,0000,F002015,N/D - Superficial - NR015J010,314103,4696615
before_2007,0000,F002019,N/D - Superficial - NR035E547,308394,4618267
before_2007,0000,F002024,N/D - Superficial - RI000J014,326762,4556733
before_2007,0000,F002027,N/D - Superficial - SE000,412228,4697373
before_2007,0000,F002029,N/D - Superficial - SE010C228,376906,4690385
before_2007,0000,F002030,N/D - Superficial - SE015E022,372327,4690975
before_2007,0000,F002031,N/D - Superficial - SE020,371492,4689223
before_2007,0000,F002034,N/D - Superficial - SE035J099,348461,4641724
before_2007,0000,F002035,N/D - Superficial - SE040,347541,4643020
before_2007,0000,F002036,N/D - Superficial - SE045,323843,4638423
before_2007,0000,F002038,N/D - Superficial - SE055C221,318144,4630018
before_2007,0000,F002039,N/D - Superficial - SE060E207,313957,4621339
before_2007,0000,F002040,N/D - Superficial - SE065C223,342316,4612946
before_2007,0000,F002041,N/D - Superficial - SE070J041,309808,4616588
before_2007,0000,F002042,N/D - Superficial - SE075J038,304373,4610500
before_2007,0000,F002043,N/D - Superficial - SE080,303481,4610447
before_2007,0000,F002044,N/D - Superficial - SE085J127,303049,4610008
before_2007,0000,F002045,N/D - Superficial - SE090J063,302436,4606890
before_2007,0000,F002046,N/D - Superficial - SE095J061,297990,4603451
before_2007,0000,F002047,N/D - Superficial - SE100E219,292679,4601658
before_2007,0000,F002064,N/D - Superficial - TE000,442588,4692975
before_2007,0000,F002065,N/D - Superficial - TE005J072,436831,4674531
before_2007,0000,F002066,N/D - Superficial - TE010J021,433195,4672047
before_2007,0000,F002067,N/D - Superficial - TE015,434587,4662686
before_2007,0000,F002068,N/D - Superficial - TE020C033,442906,4659036
before_2007,0000,F002069,N/D - Superficial - TE025J091,438567,4655102
before_2007,0000,F002070,N/D - Superficial - TE027,437412,4652962
before_2007,0000,F002071,N/D - Superficial - TE030J029,437746,4649336
before_2007,0000,F002072,N/D - Superficial - TE035J034,440530,4648572
before_2007,0000,F002073,N/D - Superficial - TE040J036,441157,4648211
before_2007,0000,F002074,N/D - Superficial - TE045J019,442922,4646858
before_2007,0000,F002079,N/D - Superficial - TE065J060,467099,4648180
before_2007,0000,F002080,N/D - Superficial - TE070C304,468072,4648694
before_2007,0000,F002081,N/D - Superficial - TE075J110,479305,4646404
before_2007,0000,F002082,N/D - Superficial - TE080J020,486837,4645877
before_2007,0000,F002083,N/D - Superficial - TE085J054,488084,4652326
before_2007,0000,F002084,N/D - Superficial - TE090C021,479939,4663068
before_2007,0000,F002085,N/D - Superficial - TE095J028,488316,4654144
before_2007,0000,F002086,N/D - Superficial - TE100J112,498376,4659161
before_2007,0000,F002087,N/D - Superficial - TE105J053,512621,4652629
before_2007,0000,F002092,N/D - Superficial - TE504J033,433740,4670662
before_2007,0000,F002111,N/D - Superficial - TO000J026,449208,4623221
before_2007,0000,F002112,N/D - Superficial - TO005,450910,4620739
before_2007,0000,F002113,N/D - Superficial - TO010J124,457342,4614323
before_2007,0000,F002114,N/D - Superficial - TO015J015,457477,4614425
before_2007,0000,F002117,N/D - Superficial - TO025J071,463238,4618584
before_2007,0000,F002118,N/D - Superficial - TO030J115,464588,4619356
before_2007,0000,F002119,N/D - Superficial - TO035J066,468589,4620626
before_2007,0000,F002120,N/D - Superficial - TO040J073,467519,4619834
before_2007,0000,F002121,N/D - Superficial - TO045J087,472996,4621235
before_2007,0000,F002122,N/D - Superficial - TO050J062,474529,4620996
before_2007,0000,F002123,N/D - Superficial - TO055C050,478058,4615526
before_2007,0000,F002124,N/D - Superficial - TO060,479319,4614835
before_2007,0000,F002126,N/D - Superficial - TO501J083,458897,4615631
before_2007,0000,F002132,N/D - Superficial - TO507J018,481477,4610916
before_2007,0000,F002153,Al·luvials de la Baixa Costa Brava - 17118-0019,511312,4634768
before_2007,0000,F002173,Plioquaternari de l'Onyar - 17233-0021,479311,4639595
before_2007,0000,F002180,Calcàries de Tàrrega - 43159-0002,354006.93,4602804.26
before_2007,0000,F002189,Calcàries de Tàrrega - 43159-0003,352896,4602846
before_2007,0000,F002255,Alta Anoia - 08031-0005,376153,4621468
before_2007,0000,F002261,Baix Camp - 43005-0087,346394.66,4569314.27
before_2007,0000,F002285,Montseny-Guilleries - 17180-0015,464410.32,4632491.47
before_2007,0000,F002286,Montseny-Guilleries - 17164-0031,456632.39,4643267.55
before_2007,0000,F002287,Plioquaternari de la Riera Santa Coloma - 17148-0013,475318.32,4630032.39
before_2007,0000,F002289,Montseny-Guilleries - 08241-0012,449778.36,4640462.6
before_2007,0000,F002290,N/D - Subterrània - 17008-0010,468065,4642866
before_2007,0000,F002291,N/D - Subterrània - 17008-0006,469006,4643238
before_2007,0000,F002292,Montseny-Guilleries - 08241-0011,450191.35,4639485.59
before_2007,0000,F002294,Montseny-Guilleries - 17180-0016,467495,4631395
before_2007,0000,F002295,N/D - Subterrània - 08039-0002,455942,4621427
before_2007,0000,F002296,Montseny-Guilleries - 17180-0017,466219.37,4638735.47
before_2007,0000,F002298,N/D - Subterrània - 17180-0008,469270,4638629
before_2007,0000,F002299,Montseny-Guilleries - 08303-0004,455368.37,4640395.55
before_2007,0000,F002300,Montseny-Guilleries - 17180-0009,465658.35,4636313.47
before_2007,0000,F002301,Montseny-Guilleries - 17164-0027,459408.34,4635421.52
before_2007,0000,F002303,Montseny-Guilleries - 17180-0020,471839,4633943
before_2007,0000,F002304,Montseny-Guilleries - 17009-0033,460444,4629109
before_2007,0000,F002305,Montseny-Guilleries - 17159-0013,468318.25,4621949.43
before_2007,0000,F002306,Montseny-Guilleries - 17101-0010,470363.27,4624427.42
before_2007,0000,F002307,Montseny-Guilleries - 17159-0034,465871.25,4622988.45
before_2007,0000,F002308,Montseny-Guilleries - 17159-0014,466905.25,4622783.44
before_2007,0000,F002309,Montseny-Guilleries - 17009-0040,460152.29,4629282.5
before_2007,0000,F002310,Montseny-Guilleries - 17148-0016,474337.3,4627625.39
before_2007,0000,F002311,Plioquaternari de la Riera Santa Coloma - 17148-0012,473293,4631338
before_2007,0000,F002312,N/D - Subterrània - 08039-0006,457041,4619389
before_2007,0000,F002313,Montseny-Guilleries - 17009-0063,458974.29,4629021.51
before_2007,0000,F002314,Montseny-Guilleries - 17009-0068,456020.31,4633267.54
before_2007,0000,F002315,Montseny-Guilleries - 17009-0045,452710.31,4633280.56
before_2007,0000,F002316,Montseny-Guilleries - 17009-0041,453101.31,4633280.56
before_2007,0000,F002317,Montseny-Guilleries - 17009-0036,459028.29,4629542.51
before_2007,0000,F002318,Montseny-Guilleries - 17009-0038,458701.28,4628342.51
before_2007,0000,F002319,Montseny-Guilleries - 17009-0066,456075.27,4626895.53
before_2007,0000,F002320,Montseny-Guilleries - 17009-0047,455097.27,4627190.54
before_2007,0000,F002321,Montseny-Guilleries - 17009-0049,460672.29,4629026.5
before_2007,0000,F002322,Montseny-Guilleries - 17009-0065,461628.3,4630769.49
before_2007,0000,F002324,Montseny-Guilleries - 17164-0026,459786,4640002
before_2007,0000,F002326,Bloc del Gaià-Bonastre - 43002-0020,373556.69,4567264.06
before_2007,0000,F002330,Detrítics terciaris del Llobregat mig - 08274-0008,395256.22,4633246
before_2007,0000,F002341,Prelitoral del Vallès - 08269-0013,436386.24,4627743.68
before_2007,0000,F002342,N/D - Subterrània - 17008-0008,468339,4644213
before_2007,0000,F002343,Montseny-Guilleries - 17220-0047,446829.31,4634330.61
before_2007,0000,F002344,Montseny-Guilleries - 17220-0065,450052.3,4632373.58
before_2007,0000,F002345,Montseny-Guilleries - 17164-0009,455854.35,4638239.55
before_2007,0000,F002346,Montseny-Guilleries - 17220-0070,448001.3,4632671.6
before_2007,0000,F002347,Montseny-Guilleries - 17063-0001,452685,4635770.8
before_2007,0000,F002348,N/D - Subterrània - 08039-0005,455782,4619700
before_2007,0000,F002349,N/D - Subterrània - 17116-0010,463930,4642260
before_2007,0000,F002351,N/D - Subterrània - 17116-0008,462930,4642510
before_2007,0000,F002352,Montseny-Guilleries - 17159-0012,465940.29,4627448.45
before_2007,0000,F002353,Montseny-Guilleries - 17009-0037,462746.28,4627342.48
before_2007,0000,F002354,Montseny-Guilleries - 17009-0050,462082.28,4627572.48
before_2007,0000,F002355,Montseny-Guilleries - 17180-0013,472492.34,4633100.41
before_2007,0000,F002360,N/D - Subterrània - 17116-0009,462987,4645388
before_2007,0000,F002361,Montseny-Guilleries - 17164-0059,459300,4639305
before_2007,0000,F002362,Montseny-Guilleries - 08202-0102,457689.2,4617407.5
before_2007,0000,F002363,Montseny-Guilleries - 17180-0069,471931.34,4633770.42
before_2007,0000,F002364,Montseny-Guilleries - 17180-0068,472297,4633404
before_2007,0000,F002365,Montseny-Guilleries - 17009-0097,457618.29,4629963.52
before_2007,0000,F002366,Montseny-Guilleries - 17009-0093,459328.31,4631796.51
before_2007,0000,F002368,Montseny-Guilleries - 17009-0096,460337.29,4628732.5
before_2007,0000,F002369,Al·luvials de la baixa i delta de la Tordera - 08110-0148,480062,4611344
before_2007,0000,F002370,Montseny-Guilleries - 17164-0061,459093.37,4639383.52
before_2007,0000,F002372,Fluviodeltaic del Baix Ter - 17081-0008,508947.6,4653316.1
before_2007,0000,F002377,Montseny-Guilleries - 17009-0051,454735.29,4630479.54
before_2007,0000,F002378,Montseny-Guilleries - 17164-0008,454789.3,4634506.5
before_2007,0000,F002379,Montseny-Guilleries - 17164-0060,459211,4639387
before_2007,0000,F002385,Llaberia - Prades meridional - 43167-0049,326409.41,4553282
before_2007,0000,F002388,Al·luvials de la baixa i delta de la Tordera - 08110-0027,480064,4611142
before_2007,0000,F002390,Montseny-Guilleries - 08137-0003,451833,4628109
before_2007,0000,F002394,Al·luvials de la baixa i delta de la Tordera - 08110-0149,481177,4611401
before_2007,0000,F002395,Al·luvials de la baixa i delta de la Tordera - 08110-0010,480891,4611195
before_2007,0000,F002399,Montseny-Guilleries - 17159-0035,468016.25,4621670.43
before_2007,0000,F002400,Montseny-Guilleries - 17220-0044,449468.28,4629526.58
before_2007,0000,F002401,Montseny-Guilleries - 17009-0032,458662.29,4629723.51
before_2007,0000,F002402,Montseny-Guilleries - 17146-0013,460406.25,4623980.49
before_2007,0000,F002403,Montseny-Guilleries - 17027-0014,462197.25,4623006.47
before_2007,0000,F002404,Montseny-Guilleries - 17027-0015,464102.23,4620124.46
before_2007,0000,F002405,Montseny-Guilleries - 08241-0006,448699.35,4639186.6
before_2007,0000,F002406,Montseny-Guilleries - 08241-0008,450483.37,4641128.59
before_2007,0000,F002407,Montseny-Guilleries - 17009-0070,452258,4632664
before_2007,0000,F002408,Montseny-Guilleries - 17159-0030,468062.24,4621192.43
before_2007,0000,F002409,Montseny-Guilleries - 17220-0075,450108.28,4629812.58
before_2007,0000,F002410,Plioquaternari de la Riera Santa Coloma - 17148-0018,475474,4630211
before_2007,0000,F002411,Plioquaternari de la Riera Santa Coloma - 17148-0011,475484,4630204
before_2007,0000,F002412,Plioquaternari de la Riera Santa Coloma - 17148-0019,474658,4630546
before_2007,0000,F002413,Montseny-Guilleries - 17148-0014,471362,4630553
before_2007,0000,F002414,Montseny-Guilleries - 17116-0012,463703.38,4639995.49
before_2007,0000,F002415,Montseny-Guilleries - 17159-0131,465598.28,4626658.45
before_2007,0000,F002417,Montseny-Guilleries - 17159-0031,464932.26,4624527.46
before_2007,0000,F002418,Montseny-Guilleries - 17063-0004,454457.33,4636119.55
before_2007,0000,F002419,Montseny-Guilleries - 17159-0032,463499.29,4628675.47
before_2007,0000,F002420,Montseny-Guilleries - 08097-0008,457959.23,4621927.51
before_2007,0000,F002421,Montseny-Guilleries - 17164-0028,461580,4641069
before_2007,0000,F002422,Montseny-Guilleries - 17164-0029,458155,4636575
before_2007,0000,F002423,Montseny-Guilleries - 17164-0007,456201.34,4636849.54
before_2007,0000,F002424,Montseny-Guilleries - 17009-0034,458895.32,4632844.52
before_2007,0000,F002425,Montseny-Guilleries - 17164-0032,456654,4639011
before_2007,0000,F002426,Montseny-Guilleries - 17009-0071,460486.32,4633104.5
before_2007,0000,F002427,Montseny-Guilleries - 17164-0015,455260.32,4634690.55
before_2007,0000,F002428,Montseny-Guilleries - 17009-0046,458694.29,4629387.51
before_2007,0000,F002429,Montseny-Guilleries - 17063-0024,450483,4636186
before_2007,0000,F002430,Montseny-Guilleries - 17063-0028,450749,4635551
before_2007,0000,F002431,Montseny-Guilleries - 08241-0009,448434.34,4638337.6
before_2007,0000,F002432,Montseny-Guilleries - 17220-0066,447078.31,4634089.61
before_2007,0000,F002434,Montseny-Guilleries - 17220-0068,446460.3,4633301.61
before_2007,0000,F002435,Montseny-Guilleries - 17220-0069,448986.28,4630540.59
before_2007,0000,F002436,Montseny-Guilleries - 17009-0039,451986.28,4629287.56
before_2007,0000,F002437,Montseny-Guilleries - 17164-0033,460436.35,4637154.51
before_2007,0000,F002439,Al·luvials del Vallès - 08902-0028,439967.04,4600584.61
before_2007,0000,F002448,Bloc del Gaià-Bonastre - 43002-0030,373791.69,4568140.06
before_2007,0000,F002451,Calcàries de Tàrrega - 08176-0001,369393,4619744
before_2007,0000,F002453,Serres marginals catalanes - 25094-0004 superficial,332578,4640982
before_2007,0000,F002455,Detrític neogen del Vallès - 08198-0047,450212.15,4613189.55
before_2007,0000,F002457,Detrític neogen del Vallès - 08198-0033,449966.15,4613296.55
before_2007,0000,F002458,Al·luvials del Vallès - 08248-0020,436215.13,4612637.66
before_2007,0000,F002459,Al·luvials del Vallès - 08136-0099,439615,4600198
before_2007,0000,F002460,N/D - Subterrània - 08042-0010,445873,4617381
before_2007,0000,F002461,Detrític neogen del Vallès - 08042-0015,446485.17,4616147.58
before_2007,0000,F002462,Al·luvials del Vallès - 08135-0022,438069.04,4600575.62
before_2007,0000,F002463,Al·luvials del Vallès - 08135-0021,438791.05,4601865.62
before_2007,0000,F002464,Al·luvials del Vallès - 08108-0028,433949.05,4603183.66
before_2007,0000,F002465,Al·luvials del Vallès - 08159-0039,436728,4602073
before_2007,0000,F002467,Prelitoral del Vallès - 08120-0004,418894.05,4606334.78
before_2007,0000,F002474,Garraf - 43024-0010,380464.69,4566406.01
before_2007,0000,F002475,Garraf - 43024-0045,379536,4563678
before_2007,0000,F002476,Bloc del Gaià-Bonastre - 43002-0012,373929,4567671
before_2007,0000,F002478,Montseny-Guilleries - 08241-0010,450473.37,4641128.59
before_2007,0000,F002480,Montseny-Guilleries - 08241-0003,447904.34,4637924.61
before_2007,0000,F002481,Calcàries de Tàrrega - 08176-0002,371245,4618575.2
before_2007,0000,F002484,Al·luvials del Vallès - 08033-0006,431656.1,4609870.69
before_2007,0000,F002486,Sorres de Santa Oliva - 43020-0072,378860.72,4570451.03
before_2007,0000,F002491,N/D - Subterrània - 43073-0009,360401,4600472
before_2007,0000,F002492,Calcàries de Tàrrega - 08060-0004,369781,4623494
before_2007,0000,F002495,N/D - Subterrània - 43143-0003,355180.91,4600101.25
before_2007,0000,F002496,N/D - Subterrània - 25035-0003,322408,4630904
before_2007,0000,F002498,N/D - Subterrània - 08902-0011,443037,4599049
before_2007,0000,F002499,Al·luvials del Vallès - 08159-0063,434783,4601188
before_2007,0000,F002500,Al·luvials del Vallès - 08181-0031,445649.09,4606209.57
before_2007,0000,F002501,Detrític neogen del Vallès - 08086-0061,444299.14,4613206.6
before_2007,0000,F002502,Detrític neogen del Vallès - 08086-0062,444341.15,4613344.6
before_2007,0000,F002504,Conca alta de la Muga - 17051-0009,486100.73,4682045.39
before_2007,0000,F002505,Prelitoral del Vallès - 08088-0035,439264.16,4616327.64
before_2007,0000,F002506,Al·luvials del Vallès - 08181-0023,444566.7,4604688.3
before_2007,0000,F002507,Al·luvials del Vallès - 08107-0043,436907,4607409
before_2007,0000,F002509,Detrític neogen del Vallès - 08234-0012,449580.16,4614140.56
before_2007,0000,F002510,Fluviodeltaic del Baix Ter - 17081-0031,508937,4653323
before_2007,0000,F002511,Fluviodeltaic del Baix Ter - 17081-0030,508943.9,4653354.3
before_2007,0000,F002512,Al·luvials del Vallès - 08902-0027,440512,4600700
before_2007,0000,F002514,Detrític neogen de l'Empordà - 17228-0012,491595,4677950
before_2007,0000,F002516,Al·luvials del Vallès - 08041-0021,440096.1,4607598.62
before_2007,0000,F002517,Fluviodeltaic del Baix Ter - 17205-0012,505007,4650570
before_2007,0000,F002518,Plioquaternari de la Riera Santa Coloma - 17101-0102,470982,4624375
before_2007,0000,F002519,Al·luvials del Vallès - 08181-0016,443988.08,4604730.59
before_2007,0000,F002522,Al·luvials del Vallès - 08023-0063,434893.1,4613232
before_2007,0000,F002524,Detrític neogen del Vallès - 08046-0016,446686.14,4611590.58
before_2007,0000,F002526,Detrític neogen del Vallès - 08234-0033,451801.16,4614173.54
before_2007,0000,F002527,Al·luvials del Vallès - 08023-0026,435631.13,4613075.66
before_2007,0000,F002528,Al·luvials del Vallès - 08096-0027,440719.08,4605384.61
before_2007,0000,F002529,Al·luvials del Vallès - 08096-0028,440286.08,4605867.61
before_2007,0000,F002530,Al·luvials del Vallès - 08136-0098,439415,4600135
before_2007,0000,F002532,Detrític neogen del Vallès - 08046-0004,445848.13,4611030.58
before_2007,0000,F002533,Prelitoral del Vallès - 08033-0055,431443,4609612
before_2007,0000,F002534,Baixa Garrotxa-Pla de l'Estany - 17190-0009,478956.62,4668204.42
before_2007,0000,F002535,Detrític neogen de l'Empordà - 17111-0016,486686.69,4675895.37
before_2007,0000,F002536,Detrític neogen del Vallès - 08234-0034,449745.17,4615669.56
before_2007,0000,F002537,Alt Urgell - 25203-0012,371807,4690746
before_2007,0000,F002538,Alt Urgell - 25203-0011,373897,4690748
before_2007,0000,F002539,N/D - Subterrània - 25185-0027,369657,4686796
before_2007,0000,F002540,Cadí-Port del Comte - 25185-0010,366507,4681046
before_2007,0000,F002541,Massís Axial Pirenaic_Cat - 25185-0018,366207,4687296
before_2007,0000,F002542,Alt Urgell - 25185-0014,365527,4684895
before_2007,0000,F002549,La Cerdanya - 25051-0027,402084,4690831
before_2007,0000,F002550,Al·luvial d'Urgell - 25168-0001,321490,4615844
before_2007,0000,F002551,La Cerdanya - 17141-0006,412357,4697696
before_2007,0000,F002552,La Cerdanya - 25051-0024,399057.67,4691521.06
before_2007,0000,F002554,La Cerdanya - 17006-0008,407857,4691096
before_2007,0000,F002555,La Cerdanya - 25051-0023,395507,4690196
before_2007,0000,F002556,La Cerdanya - 17082-0011,409642.23,4697223.99
before_2007,0000,F002557,La Cerdanya - 17141-0005,410857,4699146
before_2007,0000,F002558,La Cerdanya - 25175-0010,404407,4690946
before_2007,0000,F002559,La Cerdanya - 25175-0023,403306.67,4691446.03
before_2007,0000,F002560,La Cerdanya - 25913-0001,403497,4688796
before_2007,0000,F002561,La Cerdanya - 25913-0003,403446.42,4689084.92
before_2007,0000,F002562,La Cerdanya - 25175-0022,403657,4692546
before_2007,0000,F002564,La Cerdanya - 17078-0004,406256.7,4697146
before_2007,0000,F002566,La Cerdanya - 17069-0008,409606.69,4692795.98
before_2007,0000,F002567,La Cerdanya - 17061-0006,406807,4690396
before_2007,0000,F002568,Massís Axial Pirenaic_Cat - 17024-0010,407656.73,4697296
before_2007,0000,F002569,La Cerdanya - 17141-0007,413607,4696196
before_2007,0000,F002570,La Cerdanya - 17024-0009,409536,4695637
before_2007,0000,F002571,La Cerdanya - 25051-0018,396440,4690031
before_2007,0000,F002585,Conca alta de Cardener i Llobregat - 08268-0014,405651,4666548
before_2007,0000,F002589,Tremp-Isona - 25171-0008,332981.18,4679764.7
before_2007,0000,F002591,Tremp-Isona - 25001-0002,340906,4666796
before_2007,0000,F002593,Tremp-Isona - 25128-0003,327987.33,4661847.55
before_2007,0000,F002594,Tremp-Isona - 25115-0021,335208,4666775
before_2007,0000,F002595,Tremp-Isona - 25115-0029,342606,4659396
before_2007,0000,F002596,Tremp-Isona - 25098-0007,327906,4662797
before_2007,0000,F002598,Tremp-Isona - 25904-0006,324840,4659547
before_2007,0000,F002599,Tremp-Isona - 25115-0027,336809,4666822
before_2007,0000,F002600,Tremp-Isona - 25115-0012,339345,4665145
before_2007,0000,F002602,Tremp-Isona - 25234-0013,331306,4669297
before_2007,0000,F002604,Tremp-Isona - 25171-0006,332806,4680547
before_2007,0000,F002605,Serres marginals catalanes - 25062-0005,322561,4648576
before_2007,0000,F002606,Detrític neogen de l'Empordà - 17115-0001,492256.68,4673955.33
before_2007,0000,F002608,Detrític neogen de l'Empordà - 17115-0007,492756.68,4673795.32
before_2007,0000,F002609,Detrític neogen de l'Empordà - 17016-0015,493472,4667980
before_2007,0000,F002610,Detrític neogen de l'Empordà - 17115-0009,492726.68,4674335.32
before_2007,0000,F002612,Detrític neogen de l'Empordà - 17031-0021,486988.65,4670766.36
before_2007,0000,F002613,Detrític neogen de l'Empordà - 17031-0015,485706.68,4675425.38
before_2007,0000,F002614,Detrític neogen de l'Empordà - 17111-0013,486566.69,4676015.37
before_2007,0000,F002617,Detrític neogen de l'Empordà - 17119-0005,497015.65,4669431.28
before_2007,0000,F002619,Detrític neogen de l'Empordà - 17115-0002,492266.68,4674065.33
before_2007,0000,F002620,Fluviodeltaic del Baix Ter - 17067-0016,496646.54,4654765.26
before_2007,0000,F002621,Detrític neogen de l'Empordà - 17031-0023,483161.66,4673635.39
before_2007,0000,F002622,Detrític neogen de l'Empordà - 17031-0022,484886.67,4674350.38
before_2007,0000,F002623,Detrític neogen de l'Empordà - 17056-0012,483895.58,4661945.37
before_2007,0000,F002624,Fluviodeltaic del Baix Ter - 17050-0014,492157,4657060
before_2007,0000,F002625,Fluviodeltaic del Baix Ter - 17050-0017,492047,4657025
before_2007,0000,F002626,Fluviodeltaic del Baix Ter - 17050-0018,492201.55,4657235.3
before_2007,0000,F002627,Paleògens del Baix Ter - 17067-0002,497786.54,4654795.25
before_2007,0000,F002628,Fluviodeltaic del Baix Ter - 17050-0013,492977,4657370
before_2007,0000,F002629,Detrític neogen de l'Empordà - 17012-0018,493056.71,4677345.33
before_2007,0000,F002630,Paleògens del Baix Ter - 17067-0004,496496.54,4654595.26
before_2007,0000,F002632,Detrític neogen de l'Empordà - 17123-0008,483796.54,4657704.37
before_2007,0000,F002633,Paleògens del Baix Ter - 17067-0012,497766.55,4655945.26
before_2007,0000,F002634,Paleògens del Baix Ter - 17067-0017,497526.55,4656135.26
before_2007,0000,F002635,Paleògens del Baix Ter - 17067-0011,497046.55,4655785.26
before_2007,0000,F002636,Fluviodeltaic del Baix Ter - 17067-0003,496106.54,4655285.27
before_2007,0000,F002637,Fluviodeltaic del Baix Ter - 17067-0007,495666.54,4654895.27
before_2007,0000,F002638,Fluviodeltaic del Baix Ter - 17050-0015,493757,4657755
before_2007,0000,F002639,Fluviodeltaic del Baix Ter - 17050-0011,492716.55,4657245.3
before_2007,0000,F002640,Paleògens del Baix Ter - 17067-0010,497746.54,4654505.25
before_2007,0000,F002641,Fluviodeltaic del Fluvià - Muga - 17226-0007,497156.69,4674825.29
before_2007,0000,F002642,Detrític neogen de l'Empordà - 17115-0003,492236.68,4674045.33
before_2007,0000,F002645,Detrític neogen de l'Empordà - 17031-0002,484836.67,4674365.38
before_2007,0000,F002646,Fluviodeltaic del Baix Ter - 17067-0009,496176.55,4655435.27
before_2007,0000,F002647,Detrític neogen de l'Empordà - 17031-0013,483126.67,4674990.4
before_2007,0000,F002648,Fluviodeltaic del Fluvià - Muga - 17226-0005,496826.7,4675125.29
before_2007,0000,F002649,Detrític neogen de l'Empordà - 17031-0017,482466.65,4672395.4
before_2007,0000,F002651,Detrític neogen de l'Empordà - 17031-0012,482486.66,4672995.4
before_2007,0000,F002652,Paleògens del Baix Ter - 17067-0014,497756.54,4654945.25
before_2007,0000,F002653,Detrític neogen de l'Empordà - 17226-0004,498666.7,4675395.28
before_2007,0000,F002654,Detrític neogen de l'Empordà - 17031-0016,485026.68,4675840.38
before_2007,0000,F002655,Fluviodeltaic del Baix Ter - 17173-0007,494129,4651827
before_2007,0000,F002656,Detrític neogen de l'Empordà - 17050-0010,494216.56,4658095.29
before_2007,0000,F002661,Detrític neogen de l'Empordà - 17115-0008,491556.68,4674545.33
before_2007,0000,F002662,Fluviodeltaic del Fluvià - Muga - 17226-0009,497036.69,4674945.29
before_2007,0000,F002663,Detrític neogen de l'Empordà - 17123-0021,483637.54,4657857.37
before_2007,0000,F002665,Detrític neogen de l'Empordà - 17218-0018,490601.61,4665244.33
before_2007,0000,F002666,Detrític neogen de l'Empordà - 17218-0021,486161,4666843
before_2007,0000,F002667,Detrític neogen de l'Empordà - 17218-0023,488100,4664990
before_2007,0000,F002668,Baixa Garrotxa-Pla de l'Estany - 17190-0010,480181.62,4668015.41
before_2007,0000,F002673,Baixa Garrotxa-Pla de l'Estany - 17137-0009,479271.59,4665355.41
before_2007,0000,F002674,Detrític neogen de l'Empordà - 17218-0012,489330,4666507
before_2007,0000,F002676,Fluviodeltaic del Baix Ter - 17126-0006,503732,4652940
before_2007,0000,F002677,Fluviodeltaic del Baix Ter - 17126-0002,504101,4651998
before_2007,0000,F002678,Fluviodeltaic del Baix Ter - 17217-0012,506557,4663145
before_2007,0000,F002679,Paleògens del Baix Ter - 17195-0032,504271.58,4658400.21
before_2007,0000,F002680,Fluviodeltaic del Baix Ter - 17126-0005,504087,4652335
before_2007,0000,F002682,Baixa Garrotxa-Pla de l'Estany - 17071-0007,480741.6,4666288.4
before_2007,0000,F002685,Baixa Garrotxa-Pla de l'Estany - 17065-0015,481545,4668970
before_2007,0000,F002686,Detrític neogen de l'Empordà - 17115-0010,492558.68,4674103.32
before_2007,0000,F002688,Detrític neogen de l'Empordà - 17050-0016,492407,4657545
before_2007,0000,F002689,Fluviodeltaic del Baix Ter - 17126-0004,503407,4652295
before_2007,0000,F002690,Detrític neogen de l'Empordà - 17111-0010,488894.58,4674684.86
before_2007,0000,F002691,Detrític neogen de l'Empordà - 17216-0019,494379.58,4661016.29
before_2007,0000,F002693,Detrític neogen de l'Empordà - 17218-0013,489334.58,4661496.33
before_2007,0000,F002695,Fluviodeltaic del Baix Ter - 17130-0002,498546.52,4651080.24
before_2007,0000,F002696,Detrític neogen de l'Empordà - 17100-0005,498506.8,4688473.3
before_2007,0000,F002697,Detrític neogen de l'Empordà - 17216-0018,494334.58,4661022.29
before_2007,0000,F002699,Detrític neogen de l'Empordà - 17052-0012,499385.8,4672977.1
before_2007,0000,F002700,Detrític neogen de l'Empordà - 17226-0010,497806.69,4673695.28
before_2007,0000,F002702,Paleògens del Baix Ter - 17121-0027,508839.51,4648143.16
before_2007,0000,F002703,Detrític neogen de l'Empordà - 17218-0014,484406.61,4666595.37
before_2007,0000,F002704,Detrític neogen de l'Empordà - 17077-0004,505967,4685880
before_2007,0000,F002705,Fluviodeltaic del Baix Ter - 17168-0005,495226.54,4654985.27
before_2007,0000,F002706,Paleògens del Baix Ter - 17087-0006,492536.51,4651645.29
before_2007,0000,F002707,N/D - Subterrània - 17087-0005,492217,4651035
before_2007,0000,F002708,Fluviodeltaic del Baix Ter - 17087-0009,492197,4652155
before_2007,0000,F002709,Fluviodeltaic del Baix Ter - 17087-0003,492412.1,4652166.9
before_2007,0000,F002710,Paleògens del Baix Ter - 17087-0001,492941.51,4652105.29
before_2007,0000,F002711,Paleògens del Baix Ter - 17087-0010,492936.52,4652135.29
before_2007,0000,F002712,Fluviodeltaic del Baix Ter - 17087-0004,493082,4653700
before_2007,0000,F002713,Paleògens del Baix Ter - 17168-0007,495066.53,4654195.27
before_2007,0000,F002714,Fluviodeltaic del Baix Ter - 17130-0012,498632,4650695
before_2007,0000,F002715,Paleògens del Baix Ter - 17168-0004,494946.54,4654865.28
before_2007,0000,F002716,N/D - Subterrània - 17087-0007,492327,4651695
before_2007,0000,F002718,Detrític neogen de l'Empordà - 17187-0020,497281.61,4663605.27
before_2007,0000,F002719,Fluviodeltaic del Baix Ter - 17168-0008,495076.54,4655005.28
before_2007,0000,F002720,Fluviodeltaic del Baix Ter - 17168-0006,495551.54,4654915.27
before_2007,0000,F002721,Fluviodeltaic del Baix Ter - 17067-0008,495561.54,4654970.27
before_2007,0000,F002722,Fluviodeltaic del Fluvià - Muga - 17182-0012,497026.7,4676025.29
before_2007,0000,F002724,Fluviodeltaic del Fluvià - Muga - 17005-0012,499556.72,4677625.28
before_2007,0000,F002725,Paleògens del Baix Ter - 17168-0009,495021.54,4654920.28
before_2007,0000,F002726,Paleògens del Baix Ter - 17130-0006,497626.53,4653295.25
before_2007,0000,F002727,Fluviodeltaic del Fluvià - Muga - 17005-0004,500122,4677460
before_2007,0000,F002728,Fluviodeltaic del Baix Ter - 17130-0005,497926.52,4652305.25
before_2007,0000,F002729,Fluviodeltaic del Baix Ter - 17130-0001,498016.52,4652190.25
before_2007,0000,F002730,Detrític neogen de l'Empordà - 17111-0014,488996.68,4674115.35
before_2007,0000,F002731,Detrític neogen de l'Empordà - 17012-0017,492546.71,4677415.33
before_2007,0000,F002732,Detrític neogen de l'Empordà - 17075-0004,495456.66,4671245.3
before_2007,0000,F002733,Detrític neogen de l'Empordà - 17065-0004,483816.63,4669095.38
before_2007,0000,F002734,Baixa Garrotxa-Pla de l'Estany - 17065-0002,481385,4669003
before_2007,0000,F002735,N/D - Subterrània - 17087-0008,492437,4651515
before_2007,0000,F002736,Detrític neogen de l'Empordà - 17015-0014,481211.57,4661595.39
before_2007,0000,F002737,N/D - Subterrània - 17087-0002,492407,4651605
before_2007,0000,F002739,Detrític neogen de l'Empordà - 17056-0052,487226.55,4657895.34
before_2007,0000,F002740,Detrític neogen de l'Empordà - 17056-0051,485321,4661391
before_2007,0000,F002741,Detrític neogen de l'Empordà - 17056-0045,483852.56,4659991.37
before_2007,0000,F002742,Paleògens del Baix Ter - 17130-0004,498516.53,4652755.25
before_2007,0000,F002743,Detrític neogen de l'Empordà - 17056-0016,482883.57,4661067.38
before_2007,0000,F002745,Fluviodeltaic del Baix Ter - 17087-0016,492208,4653388
before_2007,0000,F002746,Detrític neogen de l'Empordà - 17218-0022,490465,4668459
before_2007,0000,F002748,Fluviodeltaic del Baix Ter - 17166-0004,496036.56,4657392.27
before_2007,0000,F002750,Paleògens del Baix Ter - 17203-0011,502366.54,4653635.22
before_2007,0000,F002752,Paleògens del Baix Ter - 17203-0015,502286.54,4653035.22
before_2007,0000,F002753,Fluviodeltaic del Baix Ter - 17022-0026,503430,4647515
before_2007,0000,F002754,Detrític neogen de l'Empordà - 17016-0010,493345,4667758
before_2007,0000,F002755,Detrític neogen de l'Empordà - 17026-0011,493206.69,4674561.32
before_2007,0000,F002756,Detrític neogen de l'Empordà - 17111-0007,488709.68,4674628.35
before_2007,0000,F002758,Fluviodeltaic del Fluvià - Muga - 17214-0013,498750,4681673
before_2007,0000,F002759,Detrític neogen de l'Empordà - 17221-0016,495010,4677382
before_2007,0000,F002761,Paleògens del Baix Ter - 17203-0014,502906.54,4653096.21
before_2007,0000,F002762,Detrític neogen de l'Empordà - 17226-0008,496887.7,4675159.29
before_2007,0000,F002763,Fluviodeltaic del Baix Ter - 17057-0040,503577,4648795
before_2007,0000,F002764,Fluviodeltaic del Baix Ter - 17169-0020,488767,4654915
before_2007,0000,F002765,Detrític neogen de l'Empordà - 17187-0023,497201.8,4663499.4
before_2007,0000,F002766,Detrític neogen de l'Empordà - 17136-0003,493560,4671442
before_2007,0000,F002767,Detrític neogen de l'Empordà - 17111-0005,488168.68,4674918.36
before_2007,0000,F002771,Detrític neogen de l'Empordà - 17187-0006,498230.62,4664441.27
before_2007,0000,F002772,Detrític neogen de l'Empordà - 17218-0024,490616.61,4665205.32
before_2007,0000,F002773,Detrític neogen de l'Empordà - 17218-0034,490796.61,4665295.32
before_2007,0000,F002774,Detrític neogen de l'Empordà - 17218-0019,490464.6,4668459.3
before_2007,0000,F002775,Detrític neogen de l'Empordà - 17218-0031,490356.63,4668395.33
before_2007,0000,F002776,Detrític neogen de l'Empordà - 17218-0033,488895,4668924
before_2007,0000,F002777,Fluviodeltaic del Fluvià - Muga - 17226-0003,497131.69,4674930.29
before_2007,0000,F002778,Detrític neogen de l'Empordà - 17216-0013,493351.57,4659369.3
before_2007,0000,F002779,Fluviodeltaic del Baix Ter - 17022-0027,503478,4647694
before_2007,0000,F002780,Detrític neogen de l'Empordà - 17187-0012,494725.61,4663913.29
before_2007,0000,F002781,Fluviodeltaic del Fluvià - Muga - 17226-0015,497436.69,4674860.29
before_2007,0000,F002782,Detrític neogen de l'Empordà - 17012-0011,492041.7,4676015.33
before_2007,0000,F002783,Detrític neogen de l'Empordà - 17123-0019,484666.53,4656305.36
before_2007,0000,F002784,Detrític neogen de l'Empordà - 17111-0009,488316.67,4673425.36
before_2007,0000,F002786,Baixa Garrotxa-Pla de l'Estany - 17071-0003,481322,4665876
before_2007,0000,F002791,Fluviodeltaic del Baix Ter - 17203-0013,502647,4653575
before_2007,0000,F002792,Fluviodeltaic del Baix Ter - 17049-0007,489034,4653489
before_2007,0000,F002793,Detrític neogen de l'Empordà - 17221-0026,494837.71,4676877.31
before_2007,0000,F002800,Paleògens del Baix Ter - 17055-0008,498976.58,4659700.25
before_2007,0000,F002802,Fluviodeltaic del Baix Ter - 17050-0012,493790,4657703
before_2007,0000,F002803,Fluviodeltaic del Baix Ter - 17067-0038,496340.54,4655208.27
before_2007,0000,F002804,Paleògens del Baix Ter - 17055-0005,498889.58,4659145.25
before_2007,0000,F002805,Paleògens del Baix Ter - 17055-0003,498934.58,4659130.25
before_2007,0000,F002806,Detrític neogen de l'Empordà - 17056-0013,485310,4661407
before_2007,0000,F002807,Fluviodeltaic del Baix Ter - 17049-0024,489264.53,4654694.32
before_2007,0000,F002808,Detrític neogen de l'Empordà - 17075-0006,496426.65,4669665.29
before_2007,0000,F002809,Detrític neogen de l'Empordà - 17056-0048,485966.58,4662325.36
before_2007,0000,F002810,Detrític neogen de l'Empordà - 17056-0049,485080,4659696
before_2007,0000,F002811,Detrític neogen de l'Empordà - 17056-0044,486516.56,4658720.35
before_2007,0000,F002812,Detrític neogen de l'Empordà - 17056-0064,487266.55,4657250.34
before_2007,0000,F002813,Detrític neogen de l'Empordà - 17058-0003,482923,4670402
before_2007,0000,F002816,Detrític neogen de l'Empordà - 17056-0015,486676.55,4657615.34
before_2007,0000,F002818,Detrític neogen de l'Empordà - 17187-0015,497036.61,4663265.27
before_2007,0000,F002819,Paleògens del Baix Ter - 17187-0009,498066.61,4663025.27
before_2007,0000,F002820,Detrític neogen de l'Empordà - 17075-0008,494900.66,4670461.3
before_2007,0000,F002822,Detrític neogen de l'Empordà - 17075-0007,496426.65,4668540.29
before_2007,0000,F002823,Detrític neogen de l'Empordà - 17056-0046,483831.56,4659995.37
before_2007,0000,F002825,Detrític neogen de l'Empordà - 17050-0019,492341,4657827
before_2007,0000,F002826,Detrític neogen de l'Empordà - 17015-0009,481713,4663519
before_2007,0000,F002828,Baixa Garrotxa-Pla de l'Estany - 17015-0011,479572,4662154
before_2007,0000,F002829,Detrític neogen de l'Empordà - 17222-0008,496058,4666225
before_2007,0000,F002831,Detrític neogen de l'Empordà - 17222-0010,496206.62,4665835.28
before_2007,0000,F002832,Detrític neogen de l'Empordà - 17222-0007,496116.62,4665115.28
before_2007,0000,F002833,Detrític neogen de l'Empordà - 17222-0006,496426.62,4665605.28
before_2007,0000,F002834,Detrític neogen de l'Empordà - 17222-0009,496146.62,4665695.28
before_2007,0000,F002835,Detrític neogen de l'Empordà - 17015-0006,481606.58,4663190.39
before_2007,0000,F002836,Detrític neogen de l'Empordà - 17015-0013,481656.58,4662555.39
before_2007,0000,F002837,Detrític neogen de l'Empordà - 17075-0005,494491.65,4669500.3
before_2007,0000,F002839,Detrític neogen de l'Empordà - 17123-0018,484676.55,4657775.36
before_2007,0000,F002840,Detrític neogen de l'Empordà - 17056-0047,482686.57,4660965.38
before_2007,0000,F002846,Detrític neogen de l'Empordà - 17187-0007,497846.61,4663125.27
before_2007,0000,F002847,Detrític neogen de l'Empordà - 17187-0010,497136.61,4663695.27
before_2007,0000,F002849,Detrític neogen de l'Empordà - 17216-0014,492255.89,4661883.41
before_2007,0000,F002850,Paleògens del Baix Ter - 17067-0006,496691.54,4655081.26
before_2007,0000,F002851,Fluviodeltaic del Baix Ter - 17067-0013,495923,4655242
before_2007,0000,F002852,Detrític neogen de l'Empordà - 17056-0054,483436,4660990
before_2007,0000,F002853,Detrític neogen de l'Empordà - 17016-0008,492026.59,4662595.31
before_2007,0000,F002855,Detrític neogen de l'Empordà - 17056-0014,483730,4660234
before_2007,0000,F002856,Fluviodeltaic del Baix Ter - 17057-0009,503562,4650115
before_2007,0000,F002857,Fluviodeltaic del Baix Ter - 17057-0012,503672,4650275
before_2007,0000,F002858,Paleògens del Baix Ter - 17057-0008,500686,4649038
before_2007,0000,F002859,Detrític neogen de l'Empordà - 17016-0018,492196.6,4664070.31
before_2007,0000,F002860,Detrític neogen de l'Empordà - 17016-0014,492066.59,4662700.31
before_2007,0000,F002862,Detrític neogen de l'Empordà - 17016-0012,492521.63,4667355.31
before_2007,0000,F002863,Detrític neogen de l'Empordà - 17016-0007,492346.63,4667195.31
before_2007,0000,F002864,Fluviodeltaic del Baix Ter - 17203-0012,503192,4655390
before_2007,0000,F002865,Detrític neogen de l'Empordà - 17016-0017,493286.63,4667620.31
before_2007,0000,F002866,Detrític neogen de l'Empordà - 17016-0009,494406.63,4666450.3
before_2007,0000,F002867,Detrític neogen de l'Empordà - 17056-0011,482496.56,4660275.38
before_2007,0000,F002868,Fluviodeltaic del Baix Ter - 17057-0014,502273,4647844
before_2007,0000,F002869,Detrític neogen de l'Empordà - 17221-0019,494726.71,4677005.31
before_2007,0000,F002870,Detrític neogen de l'Empordà - 17216-0021,493388.57,4659361.29
before_2007,0000,F002871,Detrític neogen de l'Empordà - 17052-0009,500426.68,4671945.26
before_2007,0000,F002872,Detrític neogen de l'Empordà - 17119-0004,498126.67,4671125.28
before_2007,0000,F002873,Detrític neogen de l'Empordà - 17119-0006,497206.65,4669480.28
before_2007,0000,F002874,Baixa Garrotxa-Pla de l'Estany - 17071-0014,480663,4666250
before_2007,0000,F002875,Detrític neogen de l'Empordà - 17119-0007,497019,4669438.7
before_2007,0000,F002876,Detrític neogen de l'Empordà - 17166-0007,496176.56,4657805.27
before_2007,0000,F002877,Detrític neogen de l'Empordà - 17221-0023,495676,4678360
before_2007,0000,F002878,Detrític neogen de l'Empordà - 17221-0011,495874,4678346
before_2007,0000,F002879,Detrític neogen de l'Empordà - 17221-0020,494997,4677365
before_2007,0000,F002880,Detrític neogen de l'Empordà - 17166-0012,496286.56,4657820.27
before_2007,0000,F002881,Detrític neogen de l'Empordà - 17119-0008,497156.65,4669095.28
before_2007,0000,F002882,Detrític neogen de l'Empordà - 17166-0010,495666.56,4657705.27
before_2007,0000,F002883,Detrític neogen de l'Empordà - 17052-0014,500266.68,4671925.26
before_2007,0000,F002884,Detrític neogen de l'Empordà - 17187-0011,497436.61,4663910.27
before_2007,0000,F002885,Detrític neogen de l'Empordà - 17166-0011,495666.56,4657735.28
before_2007,0000,F002886,Fluviodeltaic del Baix Ter - 17166-0005,496033.56,4657392.27
before_2007,0000,F002887,Detrític neogen de l'Empordà - 17166-0003,496076.56,4657545.27
before_2007,0000,F002888,Detrític neogen de l'Empordà - 17187-0013,494936.61,4663965.29
before_2007,0000,F002890,Detrític neogen de l'Empordà - 17216-0024,492431.59,4661665.31
before_2007,0000,F002891,Detrític neogen de l'Empordà - 17216-0011,492486.57,4659175.3
before_2007,0000,F002892,Detrític neogen de l'Empordà - 17216-0016,493226.58,4660595.3
before_2007,0000,F002893,Detrític neogen de l'Empordà - 17187-0016,497146.61,4663645.27
before_2007,0000,F002894,Detrític neogen de l'Empordà - 17216-0017,494112,4660328
before_2007,0000,F002895,Detrític neogen de l'Empordà - 17216-0023,494006.59,4662300.29
before_2007,0000,F002896,Detrític neogen de l'Empordà - 17221-0013,494656.71,4676895.31
before_2007,0000,F002897,Detrític neogen de l'Empordà - 17052-0010,500236.68,4671915.26
before_2007,0000,F002898,Conca alta de la Muga - 17093-0005,492248,4682505
before_2007,0000,F002899,Conca alta de la Muga - 17093-0002,492626.75,4682605.34
before_2007,0000,F002900,Fluviodeltaic del Fluvià - Muga - 17030-0008,498881.75,4682265.29
before_2007,0000,F002901,Conca alta de la Muga - 17093-0001,494646.75,4682195.32
before_2007,0000,F002902,Detrític neogen de l'Empordà - 17093-0003,495966.75,4682785.31
before_2007,0000,F002911,Detrític neogen de l'Empordà - 17052-0011,499146.68,4672805.27
before_2007,0000,F002912,Detrític neogen de l'Empordà - 17075-0009,496245.64,4668112.29
before_2007,0000,F002915,Detrític neogen de l'Empordà - 17052-0013,499436.67,4671855.27
before_2007,0000,F002916,Detrític neogen de l'Empordà - 17012-0008,493416.7,4675845.32
before_2007,0000,F002917,Detrític neogen de l'Empordà - 17012-0014,493362,4675539
before_2007,0000,F002918,Detrític neogen de l'Empordà - 17026-0012,493896.68,4674305.31
before_2007,0000,F002919,Detrític neogen de l'Empordà - 17026-0013,495546.68,4673975.3
before_2007,0000,F002920,Detrític neogen de l'Empordà - 17026-0014,495161.69,4674715.31
before_2007,0000,F002921,Detrític neogen de l'Empordà - 17136-0004,493736.65,4670015.31
before_2007,0000,F002922,Detrític neogen de l'Empordà - 17136-0001,493634,4671432
before_2007,0000,F002924,Fluviodeltaic del Fluvià - Muga - 17214-0010,498726.74,4681030.29
before_2007,0000,F002926,Detrític neogen de l'Empordà - 17111-0019,488501.68,4674620.36
before_2007,0000,F002927,Detrític neogen de l'Empordà - 17216-0012,493946.59,4661595.29
before_2007,0000,F002928,Detrític neogen de l'Empordà - 17111-0006,488906.68,4674540.35
before_2007,0000,F002930,Detrític neogen de l'Empordà - 17111-0015,488407.68,4674480.36
before_2007,0000,F002931,Detrític neogen de l'Empordà - 17075-0011,496186.64,4668245.29
before_2007,0000,F002932,Detrític neogen de l'Empordà - 17123-0022,483726.54,4657535.37
before_2007,0000,F002933,Detrític neogen de l'Empordà - 17123-0020,483686.54,4657675.37
before_2007,0000,F002934,Detrític neogen de l'Empordà - 17123-0006,484036.54,4657605.36
before_2007,0000,F002935,Fluviodeltaic del Baix Ter - 17025-0006,493527,4655395
before_2007,0000,F002937,Fluviodeltaic del Baix Ter - 17025-0013,493895,4654557
before_2007,0000,F002939,Fluviodeltaic del Baix Ter - 17067-0015,496626.54,4655155.26
before_2007,0000,F002941,Fluviodeltaic del Baix Ter - 17004-0019,506911,4661585
before_2007,0000,F002942,Detrític neogen de l'Empordà - 17111-0004,488721.68,4674625.35
before_2007,0000,F002944,Detrític neogen de l'Empordà - 17012-0013,493066.71,4677695.33
before_2007,0000,F002945,Detrític neogen de l'Empordà - 17012-0020,492041.7,4676015.33
before_2007,0000,F002946,Detrític neogen de l'Empordà - 17012-0012,493066.7,4676405.32
before_2007,0000,F002947,Detrític neogen de l'Empordà - 17012-0021,493026.71,4677445.33
before_2007,0000,F002948,Detrític neogen de l'Empordà - 17012-0016,492216.72,4678675.33
before_2007,0000,F002949,Detrític neogen de l'Empordà - 17012-0010,492567.71,4678271.33
before_2007,0000,F002950,N/D - Subterrània - 17077-0005,505667,4687345
before_2007,0000,F002953,Detrític neogen de l'Empordà - 17035-0008,481559,4659375
before_2007,0000,F002954,Detrític neogen de l'Empordà - 17075-0012,496246.58,4670965.34
before_2007,0000,F002955,Fluviodeltaic del Fluvià - Muga - 17210-0021,500691.65,4668275.25
before_2007,0000,F002956,Detrític neogen de l'Empordà - 17221-0024,496066.72,4678505.3
before_2007,0000,F002957,Fluviodeltaic del Fluvià - Muga - 17214-0011,498421.74,4680925.29
before_2007,0000,F002960,Detrític neogen de l'Empordà - 17187-0022,498126.62,4664575.27
before_2007,0000,F002961,Detrític neogen de l'Empordà - 17187-0021,498091.62,4664570.27
before_2007,0000,F002964,Detrític neogen de l'Empordà - 17169-0006,488693,4655241
before_2007,0000,F002967,Fluviodeltaic del Fluvià - Muga - 17214-0015,497936.74,4681160.29
before_2007,0000,F002968,Fluviodeltaic del Baix Ter - 17050-0021,492717,4657249
before_2007,0000,F002969,Detrític neogen de l'Empordà - 17218-0016,489634,4662555
before_2007,0000,F002970,Detrític neogen de l'Empordà - 17216-0020,493966.59,4661595.29
before_2007,0000,F002971,Detrític neogen de l'Empordà - 17016-0006,492319,4663900
before_2007,0000,F002972,Fluviodeltaic del Fluvià - Muga - 17214-0014,498206.75,4681400.29
before_2007,0000,F002973,Fluviodeltaic del Fluvià - Muga - 17214-0009,498576.74,4681200.29
before_2007,0000,F002974,Fluviodeltaic del Fluvià - Muga - 17214-0008,498381.75,4681595.29
before_2007,0000,F002975,Detrític neogen de l'Empordà - 17111-0008,488556.68,4674695.36
before_2007,0000,F002976,Paleògens del Baix Ter - 17176-0004,499331.64,4666900.26
before_2007,0000,F002977,Paleògens del Baix Ter - 17176-0009,499476.64,4667260.26
before_2007,0000,F002978,Paleògens del Baix Ter - 17176-0007,498966.64,4667020.26
before_2007,0000,F002979,Fluviodeltaic del Baix Ter - 17025-0009,492707,4653995
before_2007,0000,F002980,Fluviodeltaic del Baix Ter - 17025-0005,492989,4653923
before_2007,0000,F002981,Fluviodeltaic del Baix Ter - 17025-0008,493356.53,4654155.29
before_2007,0000,F002982,Fluviodeltaic del Baix Ter - 17004-0009,506912,4661230
before_2007,0000,F002983,Fluviodeltaic del Baix Ter - 17057-0015,503407,4648410
before_2007,0000,F002993,Fluviovolcànic de la Garrotxa - 17185-0028,457906.57,4673215.15
before_2007,0000,F002996,Fluviovolcànic de la Garrotxa - 17114-0020,456531,4669174
before_2007,0000,F003009,"Al·luvials del Ter Mig, Brugent i Llémena - 17169-0007",485567,4652805
before_2007,0000,F003014,Fluviovolcànic de la Garrotxa - 17184-0040,462514,4666775
before_2007,0000,F003016,Fluviovolcànic de la Garrotxa - 17114-0078,460138,4667569
before_2007,0000,F003019,"Al·luvials del Ter Mig, Brugent i Llémena - 17163-0033",480428.47,4648233.38
before_2007,0000,F003025,Fluviovolcànic de la Garrotxa - 17114-0010,458717,4672106
before_2007,0000,F003029,Fluviovolcànic de la Garrotxa - 17114-0017,458465,4669148
before_2007,0000,F003030,Fluviovolcànic de la Garrotxa - 17184-0027,459525.58,4667431.56
before_2007,0000,F003031,Fluviovolcànic de la Garrotxa - 17208-0042,458267,4672626
before_2007,0000,F003032,Fluviovolcànic de la Garrotxa - 17046-0002,461870.5,4674146
before_2007,0000,F003035,Fluviovolcànic de la Garrotxa - 17184-0026,461137,4666371
before_2007,0000,F003043,Fluviovolcànic de la Garrotxa - 17207-0004,453046.56,4666579.61
before_2007,0000,F003050,Baixa Garrotxa-Pla de l'Estany - 17174-0015,473907.57,4663782.45
before_2007,0000,F003052,Baixa Garrotxa-Pla de l'Estany - 17174-0012,474131.57,4663245.45
before_2007,0000,F003054,Fluviovolcànic de la Garrotxa - 17114-0015,460419,4667426
before_2007,0000,F003056,Fluviovolcànic de la Garrotxa - 17114-0025,461257,4667271
before_2007,0000,F003057,Fluviovolcànic de la Garrotxa - 17114-0019,461457,4667333
before_2007,0000,F003080,Plana de Vic - Collsacabra - 08112-0023,442095,4652244
before_2007,0000,F003082,Moianès-Sant Llorenç del Munt - 08017-0010,436506,4629596
before_2007,0000,F003086,Plana de Vic - Collsacabra - 08111-0006,438171,4638596
before_2007,0000,F003090,N/D - Subterrània - 08199-0021,429456.41,4650870.77
before_2007,0000,F003092,Plana de Vic - Collsacabra - 08116-0004,445081.4,4647295.64
before_2007,0000,F003102,Plana de Vic - Collsacabra - 08247-0004,431666,4640496
before_2007,0000,F003103,Plana de Vic - Collsacabra - 08100-0014,439819,4645853
before_2007,0000,F003104,Prelitoral del Vallès - 08067-0029,436071.24,4627508.68
before_2007,0000,F003105,Plana de Vic - Collsacabra - 08111-0008,437905.93,4639308.58
before_2007,0000,F003106,Moianès-Sant Llorenç del Munt - 08269-0007,436977,4632427
before_2007,0000,F003107,Plana de Vic - Collsacabra - 08083-0005,443456,4643046
before_2007,0000,F003108,Plana de Vic - Collsacabra - 08112-0018,441356.42,4649985.68
before_2007,0000,F003109,Plana de Vic - Collsacabra - 08278-0004,440806.31,4636345.66
before_2007,0000,F003110,Plana de Vic - Collsacabra - 08100-0013,436256,4645996
before_2007,0000,F003111,Plana de Vic - Collsacabra - 08129-0010,431106,4637146
before_2007,0000,F003112,Moianès-Sant Llorenç del Munt - 08269-0002,437194,4632220
before_2007,0000,F003116,Plana de Vic - Collsacabra - 08129-0011,435652,4636555
before_2007,0000,F003117,Plana de Vic - Collsacabra - 08083-0004,443356,4643046
before_2007,0000,F003118,Plana de Vic - Collsacabra - 08254-0041,447806,4655746
before_2007,0000,F003119,N/D - Subterrània - 08201-0008,427556,4654496
before_2007,0000,F003120,Plana de Vic - Collsacabra - 08271-0003,430966,4653632
before_2007,0000,F003122,Plana de Vic - Collsacabra - 08116-0002,441656,4648496
before_2007,0000,F003124,Plana de Vic - Collsacabra - 08117-0004,437126,4653171
before_2007,0000,F003125,Plana de Vic - Collsacabra - 08100-0012,437689,4648467
before_2007,0000,F003126,Plana de Vic - Collsacabra - 08183-0002,443431,4648546
before_2007,0000,F003127,Plana de Vic - Collsacabra - 08100-0011,435551,4645216
before_2007,0000,F003128,Plana de Vic - Collsacabra - 08254-0038,451356,4655296
before_2007,0000,F003129,Plana de Vic - Collsacabra - 08254-0040,451756.47,4654595.6
before_2007,0000,F003131,Plana de Vic - Collsacabra - 08117-0018,437202,4653311
before_2007,0000,F003132,Plana de Vic - Collsacabra - 08100-0010,436505.39,4646724.71
before_2007,0000,F003133,N/D - Subterrània - 08199-0020,429306,4649306
before_2007,0000,F003134,Plana de Vic - Collsacabra - 08280-0005,451768,4651682
before_2007,0000,F003135,Plana de Vic - Collsacabra - 08246-0009,439674,4640003
before_2007,0000,F003136,Plana de Vic - Collsacabra - 08278-0003,440581.3,4634895.66
before_2007,0000,F003140,Plana de Vic - Collsacabra - 08233-0004,441856,4657146
before_2007,0000,F003141,Plana de Vic - Collsacabra - 08233-0002,441956.49,4658945.68
before_2007,0000,F003143,Plana de Vic - Collsacabra - 08243-0002,435088,4649462
before_2007,0000,F003145,N/D - Subterrània - 08160-0007,426660,4654682
before_2007,0000,F003146,Plana de Vic - Collsacabra - 08195-0003,427706.45,4657245.79
before_2007,0000,F003147,Plana de Vic - Collsacabra - 08265-0010,438148,4656795
before_2007,0000,F003148,Plana de Vic - Collsacabra - 08265-0006,440156,4657396
before_2007,0000,F003152,Plana de Vic - Collsacabra - 08183-0001,442723,4648744
before_2007,0000,F003153,Moianès-Sant Llorenç del Munt - 08067-0028,435556,4627171
before_2007,0000,F003154,Prelitoral del Vallès - 08269-0016,436656.24,4627295.68
before_2007,0000,F003157,Plana de Vic - Collsacabra - 08247-0003,432468.32,4639329.73
before_2007,0000,F003158,Plana de Vic - Collsacabra - 08183-0005,442282,4647247
before_2007,0000,F003161,Plana de Vic - Collsacabra - 08278-0008,441231,4637121
before_2007,0000,F003162,Plana de Vic - Collsacabra - 08037-0004,443263,4641474
before_2007,0000,F003164,Plana de Vic - Collsacabra - 08220-0005,443475.36,4641950.65
before_2007,0000,F003169,Plana de Vic - Collsacabra - 08298-0009,438281,4643619
before_2007,0000,F003170,Plana de Vic - Collsacabra - 08269-0011,440386,4631956
before_2007,0000,F003172,Plana de Vic - Collsacabra - 08254-0044,447816,4655746
before_2007,0000,F003173,Plana de Vic - Collsacabra - 08150-0006,438026.46,4656280.71
before_2007,0000,F003174,Plana de Vic - Collsacabra - 08201-0009,429206.45,4656095.78
before_2007,0000,F003175,Plana de Vic - Collsacabra - 08201-0005,430216.57,4656749.4
before_2007,0000,F003180,Plana de Vic - Collsacabra - 08298-0008,435916.35,4641445.7
before_2007,0000,F003181,Plana de Vic - Collsacabra - 08117-0017,437221,4653221
before_2007,0000,F003182,Moianès-Sant Llorenç del Munt - 08067-0026,435701,4626034
before_2007,0000,F003185,Plana de Vic - Collsacabra - 08220-0002,443590,4637818
before_2007,0000,F003186,Plana de Vic - Collsacabra - 08285-0005,438765.15,4654991.9
before_2007,0000,F003187,Plana de Vic - Collsacabra - 08278-0005,441410,4638376
before_2007,0000,F003188,Moianès-Sant Llorenç del Munt - 08283-0008,434816,4632496
before_2007,0000,F003190,Plana de Vic - Collsacabra - 08283-0007,439331.3,4634635.67
before_2007,0000,F003192,Moianès-Sant Llorenç del Munt - 08283-0015,433456.27,4632170.71
before_2007,0000,F003194,Plana de Vic - Collsacabra - 08285-0021,439227,4655606
before_2007,0000,F003196,Plana de Vic - Collsacabra - 08285-0022,438486,4655336
before_2007,0000,F003197,Plana de Vic - Collsacabra - 08285-0019,438576.45,4655220.7
before_2007,0000,F003198,Plana de Vic - Collsacabra - 08278-0009,441206,4638846
before_2007,0000,F003199,Plana de Vic - Collsacabra - 08112-0021,441856,4651796
before_2007,0000,F003200,Plana de Vic - Collsacabra - 08112-0022,441769,4650024
before_2007,0000,F003201,Plana de Vic - Collsacabra - 08285-0027,438688,4653003
before_2007,0000,F003202,Plana de Vic - Collsacabra - 08285-0031,440404,4654251
before_2007,0000,F003203,Plana de Vic - Collsacabra - 08275-0009,443856,4644796
before_2007,0000,F003204,Plana de Vic - Collsacabra - 08283-0004,436691,4634601
before_2007,0000,F003206,Plana de Vic - Collsacabra - 08037-0005,441806.36,4641895.66
before_2007,0000,F003207,Plana de Vic - Collsacabra - 08117-0003,437346,4652986
before_2007,0000,F003210,Al·luvials del Vallès - 08088-0025,440147.15,4614973.63
before_2007,0000,F003213,Prelitoral del Vallès - 08033-0036,429626.1,4610599.7
before_2007,0000,F003221,Al·luvials del Vallès - 08088-0028,440324.15,4615102.63
before_2007,0000,F003222,Al·luvials del Vallès - 08088-0055,440640.16,4616488.63
before_2007,0000,F003230,Prelitoral del Vallès - 08014-0002,437842.22,4624198.66
before_2007,0000,F003234,Prelitoral del Vallès - 08067-0003,436305.24,4627444.68
before_2007,0000,F003244,Al·luvials del Vallès - 08088-0016,440153.15,4614989.63
before_2007,0000,F003246,Al·luvials del Vallès - 08023-0053,434867.13,4612935.67
before_2007,0000,F003247,Al·luvials del Vallès - 08023-0025,434144.13,4613879.67
before_2007,0000,F003248,Moianès-Sant Llorenç del Munt - 08017-0011,435962,4630263
before_2007,0000,F003251,Prelitoral del Vallès - 08014-0001,437834.22,4624153.66
before_2007,0000,F003260,N/D - Subterrània - 25193-0001,382806,4666296
before_2007,0000,F003263,N/D - Subterrània - 25146-0008,391575,4661043
before_2007,0000,F003265,Conca alta de Cardener i Llobregat - 08022-0008,403467.9,4662946.4
before_2007,0000,F003266,N/D - Subterrània - 08188-0004,413656,4654921
before_2007,0000,F003267,N/D - Subterrània - 08109-0002,423587,4657693
before_2007,0000,F003269,N/D - Subterrània - 08177-0001,413506,4661966
before_2007,0000,F003272,N/D - Subterrània - 25166-0002,369206,4645496
before_2007,0000,F003282,N/D - Subterrània - 08049-0002,403788,4651986
before_2007,0000,F003283,Conca alta de Cardener i Llobregat - 08045-0010,395156.44,4662466.04
before_2007,0000,F003284,N/D - Subterrània - 08045-0002,397815,4658379
before_2007,0000,F003285,N/D - Subterrània - 08171-0004,419506,4651012
before_2007,0000,F003286,Al·luvial d'Urgell - 25041-0005,334931,4616287
before_2007,0000,F003287,Calcàries de Tàrrega - 25907-0017,351616,4629336
before_2007,0000,F003288,Al·luvial del baix Segre_Cat - 25220-0002,314342,4621714
before_2007,0000,F003289,Al·luvial d'Urgell - 25050-0008,335913,4613200
before_2007,0000,F003290,Calcàries de Tàrrega - 25911-0001,353261,4624051
before_2007,0000,F003291,Calcàries de Tàrrega - 25907-0002,351421,4629196
before_2007,0000,F003292,N/D - Subterrània - 25049-0002,329323,4625475
before_2007,0000,F003293,Calcàries de Tàrrega - 25911-0014,353296,4623106
before_2007,0000,F003294,N/D - Subterrània - 25079-0002,333725,4634635
before_2007,0000,F003295,N/D - Subterrània - 25145-0002,342726,4602871
before_2007,0000,F003296,Calcàries de Tàrrega - 25907-0024,354706.5,4626324.7
before_2007,0000,F003297,Calcàries de Tàrrega - 25911-0022,353271,4623516
before_2007,0000,F003299,N/D - Subterrània - 25069-0007,311368,4632447
before_2007,0000,F003301,N/D - Subterrània - 25040-0027,316935,4626996
before_2007,0000,F003303,N/D - Subterrània - 25120-0011,302778,4615343
before_2007,0000,F003306,Al·luvial del baix Segre_Cat - 25220-0004,314406,4621797
before_2007,0000,F003307,Al·luvial d'Urgell - 25099-0001,327182,4609995
before_2007,0000,F003308,N/D - Subterrània - 25050-0004,333853,4609964
before_2007,0000,F003309,Al·luvial d'Urgell - 25113-0004,332569,4615731
before_2007,0000,F003310,Calcàries de Tàrrega - 25219-0002,357956,4621796
before_2007,0000,F003312,Calcàries de Tàrrega - 25907-0016,356474,4624166
before_2007,0000,F003313,Calcàries de Tàrrega - 25907-0023,355556,4621446
before_2007,0000,F003314,Calcàries de Tàrrega - 25907-0004,357705.6,4624145.5
before_2007,0000,F003315,Serres marginals catalanes - 25034-0018,334680.2,4646520.8
before_2007,0000,F003316,Al·luvial d'Urgell - 25096-0008,335260,4619778
before_2007,0000,F003318,Al·luvial d'Urgell - 25093-0001,323736,4610945
before_2007,0000,F003321,N/D - Subterrània - 25015-0003,301609,4632906
before_2007,0000,F003322,N/D - Subterrània - 25070-0001,332568,4622705
before_2007,0000,F003323,Al·luvial d'Urgell - 25050-0006,334890,4613418
before_2007,0000,F003325,N/D - Subterrània - 25070-0003,332491,4623405
before_2007,0000,F003326,Al·luvial d'Urgell - 25068-0010,332160,4611922
before_2007,0000,F003327,Al·luvial d'Urgell - 25052-0002,318292,4615027
before_2007,0000,F003328,Al·luvial d'Urgell - 25050-0007,334322,4614850
before_2007,0000,F003330,Al·luvial del baix Segre_Cat - 25102-0001,278378,4589163
before_2007,0000,F003336,N/D - Subterrània - 25033-0002,309196,4602513
before_2007,0000,F003337,N/D - Subterrània - 25120-0009,289048,4618082
before_2007,0000,F003338,N/D - Subterrània - 25120-0021,286936,4620082
before_2007,0000,F003339,Al·luvial del baix Segre_Cat - 25120-0020,297835,4606041
before_2007,0000,F003340,Al·luvial del baix Segre_Cat - 25210-0001,291154,4602567
before_2007,0000,F003342,Al·luvial del baix Segre_Cat - 25204-0008,284182,4593806
before_2007,0000,F003344,N/D - Subterrània - 25048-0006,315182,4608217
before_2007,0000,F003347,Calcàries de Tàrrega - 25907-0020,354642.6,4625835.4
before_2007,0000,F003348,Al·luvial d'Urgell - 25225-0002,337156,4617746
before_2007,0000,F003350,Al·luvial d'Urgell - 25225-0004,337956,4616746
before_2007,0000,F003352,Al·luvial d'Urgell - 25158-0005,323056,4612647
before_2007,0000,F003353,Al·luvial d'Urgell - 25248-0004,327285,4606183
before_2007,0000,F003354,Al·luvial d'Urgell - 25052-0003,320456,4614817
before_2007,0000,F003355,Al·luvial d'Urgell - 25158-0004,322256,4612897
before_2007,0000,F003356,N/D - Subterrània - 25019-0001,292378,4619513
before_2007,0000,F003357,N/D - Subterrània - 25120-0008,299235,4612074
before_2007,0000,F003358,Al·luvial del baix Segre_Cat - 25254-0003,310768.98,4618433.62
before_2007,0000,F003359,N/D - Subterrània - 25176-0001,336481,4607776
before_2007,0000,F003360,Calcàries de Tàrrega - 25132-0002,359621,4628976
before_2007,0000,F003361,Al·luvial d'Urgell - 25027-0004,337106,4616896
before_2007,0000,F003362,Al·luvial d'Urgell - 25027-0005,337006,4616846
before_2007,0000,F003365,N/D - Subterrània - 25035-0002,324078,4629655
before_2007,0000,F003368,Al·luvial del baix Segre_Cat - 25174-0001,304457,4623976
before_2007,0000,F003369,Al·luvial del baix Segre_Cat - 25231-0003,308092,4619350
before_2007,0000,F003371,N/D - Subterrània - 25008-0001,309752,4625929
before_2007,0000,F003372,N/D - Subterrània - 25019-0005,287666,4620990
before_2007,0000,F003373,Al·luvial d'Urgell - 25068-0009,329956,4611846
before_2007,0000,F003377,N/D - Subterrània - 25135-0012,322756,4607899
before_2007,0000,F003379,N/D - Subterrània - 25230-0007,318900,4606684
before_2007,0000,F003380,N/D - Subterrània - 25049-0001,330011.05,4624708.48
before_2007,0000,F003381,Calcàries de Tàrrega - 25907-0011,355866,4624796
before_2007,0000,F003382,Al·luvial del baix Segre_Cat - 25040-0025,318976,4628797
before_2007,0000,F003383,Al·luvial d'Urgell - 25168-0004,320732,4616487
before_2007,0000,F003384,Calcàries de Tàrrega - 25907-0007,355856,4627996
before_2007,0000,F003386,N/D - Subterrània - 25047-0001,325421,4626547
before_2007,0000,F003389,Calcàries de Tàrrega - 25132-0001,360006,4629946
before_2007,0000,F003390,Al·luvial d'Urgell - 25252-0008,327011,4613902
before_2007,0000,F003391,N/D - Subterrània - 25048-0002,314006,4607842
before_2007,0000,F003392,Calcàries de Tàrrega - 25907-0025,356256,4626746
before_2007,0000,F003396,Al·luvial d'Urgell - 25027-0008,337156,4615796
before_2007,0000,F003398,N/D - Subterrània - 25113-0003,330767,4615722
before_2007,0000,F003399,Serres marginals catalanes - 25094-0003,334922,4639920
before_2007,0000,F003402,Al·luvial d'Urgell - 25093-0003,323596,4610897
before_2007,0000,F003403,Calcàries de Tàrrega - 25911-0027,350406,4624296
before_2007,0000,F003405,Calcàries de Tàrrega - 25157-0008,345577,4625300
before_2007,0000,F003407,N/D - Subterrània - 25003-0005,337419,4634364
before_2007,0000,F003417,Al·luvial d'Urgell - 25048-0003,316006,4611852
before_2007,0000,F003418,Al·luvial d'Urgell - 25252-0004,324816,4612277
before_2007,0000,F003419,Al·luvial d'Urgell - 25248-0005,329821,4608510
before_2007,0000,F003420,N/D - Subterrània - 25003-0004,334956,4626346
before_2007,0000,F003423,Calcàries de Tàrrega - 25157-0003,346998.58,4624594.25
before_2007,0000,F003424,N/D - Subterrània - 25177-0003,335974,4629599
before_2007,0000,F003425,Al·luvial del baix Segre_Cat - 25211-0001,297039,4604345
before_2007,0000,F003426,N/D - Subterrània - 25150-0003,352611,4636320
before_2007,0000,F003428,N/D - Subterrània - 08060-0003,370423,4626238
before_2007,0000,F003429,N/D - Subterrània - 25055-0004,363662,4632875
before_2007,0000,F003431,N/D - Subterrània - 25120-0012,298923,4612828
before_2007,0000,F003433,Calcàries de Tàrrega - 25907-0018,355006,4621546
before_2007,0000,F003434,N/D - Subterrània - 25249-0002,354916,4641028
before_2007,0000,F003435,Calcàries de Tàrrega - 25157-0007,348073.88,4624132.34
before_2007,0000,F003436,N/D - Subterrània - 25004-0003,312036,4608907
before_2007,0000,F003437,Al·luvial d'Urgell - 25027-0009,340406,4613945
before_2007,0000,F003438,N/D - Subterrània - 25113-0006,327576,4617363
before_2007,0000,F003439,Calcàries de Tàrrega - 25907-0026,356985.66,4632560.89
before_2007,0000,F003440,Al·luvial d'Urgell - 25027-0003,339806,4613396
before_2007,0000,F003441,N/D - Subterrània - 25205-0002,320906,4609797
before_2007,0000,F003443,Al·luvial d'Urgell - 25052-0001,319687,4612941
before_2007,0000,F003444,Al·luvial d'Urgell - 25093-0002,321416,4610547
before_2007,0000,F003447,Al·luvial d'Urgell - 25135-0011,325635,4607439
before_2007,0000,F003448,N/D - Subterrània - 25070-0002,332519,4622722
before_2007,0000,F003449,Al·luvial d'Urgell - 25225-0003,338579.02,4618834.41
before_2007,0000,F003450,Al·luvial d'Urgell - 25168-0003,320687,4616752
before_2007,0000,F003451,N/D - Subterrània - 25003-0006,341906,4624796
before_2007,0000,F003452,Al·luvial d'Urgell - 25050-0009,330904,4609808
before_2007,0000,F003453,Calcàries de Tàrrega - 25907-0019,356506,4624396
before_2007,0000,F003454,Al·luvial d'Urgell - 25158-0003,323745,4612839
before_2007,0000,F003455,Calcàries de Tàrrega - 25911-0021,353296,4623511
before_2007,0000,F003456,Al·luvial d'Urgell - 25248-0003,328356,4607936
before_2007,0000,F003457,Al·luvial d'Urgell - 25248-0002,328276,4606116
before_2007,0000,F003458,N/D - Subterrània - 25003-0003,334788.3,4626695.2
before_2007,0000,F003459,Calcàries de Tàrrega - 25907-0027,354671,4621338
before_2007,0000,F003460,Calcàries de Tàrrega - 25907-0022,355196,4630795
before_2007,0000,F003461,N/D - Subterrània - 25034-0011,344633,4636809
before_2007,0000,F003462,Calcàries de Tàrrega - 25907-0021,359171,4623496
before_2007,0000,F003464,Al·luvial d'Urgell - 25099-0002,328121,4608687
before_2007,0000,F003465,Detrítics terciaris del Llobregat mig - 08182-0005,406106,4616746
before_2007,0000,F003466,Detrítics terciaris del Llobregat mig - 08062-0002,403246.22,4631485.94
before_2007,0000,F003467,Detrítics terciaris del Llobregat mig - 08010-0004,409281,4626021
before_2007,0000,F003468,Detrítics terciaris del Llobregat mig - 08191-0010,404456.2,4628900.92
before_2007,0000,F003469,Detrítics terciaris del Llobregat mig - 08182-0002,406081.12,4617995.89
before_2007,0000,F003470,Detrítics terciaris del Llobregat mig - 08213-0001,407966,4622796
before_2007,0000,F003471,Detrítics terciaris del Llobregat mig - 08141-0005,407581.29,4639495.92
before_2007,0000,F003472,Detrítics terciaris del Llobregat mig - 08141-0013,407606.3,4639495.9
before_2007,0000,F003477,Detrítics terciaris del Llobregat mig - 08191-0011,407742.23,4631522.9
before_2007,0000,F003479,Detrítics terciaris del Llobregat mig - 08018-0003,406556,4634296
before_2007,0000,F003480,Detrítics terciaris del Llobregat mig - 08192-0005,404906.18,4626295.91
before_2007,0000,F003481,N/D - Subterrània - 25056-0002,302905.65,4577496.61
before_2007,0000,F003482,N/D - Subterrània - 25226-0001,298506,4590547
before_2007,0000,F003483,N/D - Subterrània - 25009-0001,329206,4588196
before_2007,0000,F003484,N/D - Subterrània - 25253-0002,327626.05,4582602.91
before_2007,0000,F003485,N/D - Subterrània - 25206-0004,306406,4586997
before_2007,0000,F003486,N/D - Subterrània - 25170-0002,310206,4578497
before_2007,0000,F003487,N/D - Subterrània - 25224-0003,309806,4584997
before_2007,0000,F003488,N/D - Subterrània - 25226-0002,299456,4588347
before_2007,0000,F003489,N/D - Subterrània - 25169-0008,326006,4580796
before_2007,0000,F003490,N/D - Subterrània - 25118-0001,311207,4581698
before_2007,0000,F003491,N/D - Subterrània - 25101-0004,307906,4579097
before_2007,0000,F003492,N/D - Subterrània - 25125-0002,294906,4582997
before_2007,0000,F003494,Detrítics terciaris del Llobregat mig - 08229-0004,394916.21,4632596
before_2007,0000,F003495,Detrítics terciaris del Llobregat mig - 08191-0008,407016.18,4625795.9
before_2007,0000,F003496,Detrítics terciaris del Llobregat mig - 08192-0004,404766.19,4626685.92
before_2007,0000,F003497,Detrítics terciaris del Llobregat mig - 08038-0001,398206,4627896
before_2007,0000,F003498,Detrítics terciaris del Llobregat mig - 08218-0003,399256.17,4625145.96
before_2007,0000,F003501,Detrítics terciaris del Llobregat mig - 08047-0007,390006,4641696
before_2007,0000,F003502,Detrítics terciaris del Llobregat mig - 08047-0003,391706.28,4641196.04
before_2007,0000,F003503,Detrítics terciaris del Llobregat mig - 08141-0007,392956.24,4636596.02
before_2007,0000,F003504,Detrítics terciaris del Llobregat mig - 08047-0018,393316.8,4639757
before_2007,0000,F003505,Detrítics terciaris del Llobregat mig - 08274-0007,397106,4629096
before_2007,0000,F003506,Detrítics terciaris del Llobregat mig - 08038-0004,398656.17,4626545.96
before_2007,0000,F003508,Detrítics terciaris del Llobregat mig - 08274-0006,396556,4631196
before_2007,0000,F003510,Detrítics terciaris del Llobregat mig - 08191-0007,407756.19,4627165.89
before_2007,0000,F003512,Detrítics terciaris del Llobregat mig - 08192-0006,403811.19,4627165.92
before_2007,0000,F003514,Detrítics terciaris del Llobregat mig - 08192-0007,404736.18,4626445.92
before_2007,0000,F003519,Detrítics terciaris del Llobregat mig - 08218-0001,400756.14,4621795.94
before_2007,0000,F003522,N/D - Subterrània - 25902-0006,339057,4602678
before_2007,0000,F003523,N/D - Subterrània - 25902-0005,339047,4602678
before_2007,0000,F003524,N/D - Subterrània - 25130-0004,336999,4602283
before_2007,0000,F003526,Calcàries de Tàrrega - 25152-0012,361689.04,4615967.23
before_2007,0000,F003528,Calcàries de Tàrrega - 25085-0006,363328,4614738
before_2007,0000,F003529,Calcàries de Tàrrega - 25152-0013,360496.44,4617210.84
before_2007,0000,F003530,Calcàries de Tàrrega - 25152-0006,362296.4,4617128.6
before_2007,0000,F003531,Calcàries de Tàrrega - 25907-0014,354743,4618698
before_2007,0000,F003533,Calcàries de Tàrrega - 25085-0003,364081,4618946
before_2007,0000,F003534,Calcàries de Tàrrega - 25192-0004,364980,4610919
before_2007,0000,F003535,Calcàries de Tàrrega - 25194-0010,364412,4620840
before_2007,0000,F003536,Calcàries de Tàrrega - 25911-0013,351904,4618958
before_2007,0000,F003537,Calcàries de Tàrrega - 25217-0008,349895,4619708
before_2007,0000,F003538,Calcàries de Tàrrega - 25103-0009,352614.7,4614254.6
before_2007,0000,F003539,N/D - Subterrània - 25216-0012,365061,4604077
before_2007,0000,F003540,N/D - Subterrània - 25216-0006,362224,4604422
before_2007,0000,F003541,Calcàries de Tàrrega - 25905-0008,362173,4609594
before_2007,0000,F003542,Calcàries de Tàrrega - 25905-0012,359721,4611360
before_2007,0000,F003543,Calcàries de Tàrrega - 25072-0008,358565,4613836
before_2007,0000,F003544,Calcàries de Tàrrega - 25911-0028,353427,4618092
before_2007,0000,F003545,Calcàries de Tàrrega - 25197-0008,362510,4623123
before_2007,0000,F003546,Calcàries de Tàrrega - 25911-0025,350853,4616595
before_2007,0000,F003547,Calcàries de Tàrrega - 25085-0009,365214,4616547
before_2007,0000,F003548,Calcàries de Tàrrega - 25109-0002,349344.92,4602926.3
before_2007,0000,F003549,N/D - Subterrània - 25192-0007,365884.2,4610396.39
before_2007,0000,F003550,Calcàries de Tàrrega - 25103-0010,352327,4612281
before_2007,0000,F003551,Calcàries de Tàrrega - 25217-0004,348511,4617904
before_2007,0000,F003555,Prades - Alt Francolí - 43086-0059,346756,4585546
before_2007,0000,F003556,Calcàries de Tàrrega - 25192-0009,366197,4613706
before_2007,0000,F003558,Calcàries de Tàrrega - 25197-0009,360718,4624702
before_2007,0000,F003559,Calcàries de Tàrrega - 25194-0014,362707.78,4621857.13
before_2007,0000,F003562,Calcàries de Tàrrega - 08036-0001,374335,4621523
before_2007,0000,F003563,N/D - Subterrània - 25046-0004,334896,4602741
before_2007,0000,F003564,N/D - Subterrània - 43143-0002,357449,4600865
before_2007,0000,F003565,Prades - Alt Francolí - 43176-0003,336156,4582046
before_2007,0000,F003566,N/D - Subterrània - 43143-0001,360248,4600577
before_2007,0000,F003567,N/D - Subterrània - 43101-0007,348740,4597463
before_2007,0000,F003569,N/D - Subterrània - 25153-0005,329599,4597117
before_2007,0000,F003570,N/D - Subterrània - 25081-0004,333771,4595711
before_2007,0000,F003571,N/D - Subterrània - 25081-0001,335577,4596079
before_2007,0000,F003572,N/D - Subterrània - 25154-0003,339325.85,4595887.37
before_2007,0000,F003574,N/D - Subterrània - 25902-0014,338869,4600088
before_2007,0000,F003575,Calcàries de Tàrrega - 25103-0006,350567,4613142
before_2007,0000,F003576,Calcàries de Tàrrega - 25902-0018,340655,4602600
before_2007,0000,F003577,Calcàries de Tàrrega - 25217-0009,346912,4612011
before_2007,0000,F003578,Calcàries de Tàrrega - 25242-0008,342302,4608252
before_2007,0000,F003579,Calcàries de Tàrrega - 25141-0006,356856,4607246
before_2007,0000,F003580,Calcàries de Tàrrega - 25141-0009,355710,4605350
before_2007,0000,F003581,Calcàries de Tàrrega - 25143-0004,352629,4607329
before_2007,0000,F003582,Calcàries de Tàrrega - 25104-0001,353670,4608983
before_2007,0000,F003585,Calcàries de Tàrrega - 25152-0008,360500.82,4617245.71
before_2007,0000,F003588,Prades - Alt Francolí - 43142-0004,359236,4593346
before_2007,0000,F003589,N/D - Subterrània - 25074-0003,345507.91,4602874.33
before_2007,0000,F003590,Calcàries de Tàrrega - 25217-0007,346106,4612896
before_2007,0000,F003591,Prades - Alt Francolí - 43147-0003,349410.4,4589875.4
before_2007,0000,F003592,Al·luvial d'Urgell - 25244-0003,342206,4613196
before_2007,0000,F003593,Calcàries de Tàrrega - 25072-0009,358412,4618963
before_2007,0000,F003594,Calcàries de Tàrrega - 25905-0006,361006,4610046
before_2007,0000,F003595,Calcàries de Tàrrega - 25217-0005,345106,4614986
before_2007,0000,F003596,Calcàries de Tàrrega - 25194-0008,366916,4620896
before_2007,0000,F003597,Calcàries de Tàrrega - 25217-0010,345086,4614946
before_2007,0000,F003598,N/D - Subterrània - 43142-0016,354330,4587612
before_2007,0000,F003599,N/D - Subterrània - 25238-0005,342356,4594871
before_2007,0000,F003600,N/D - Subterrània - 25238-0009,342406,4594846
before_2007,0000,F003601,N/D - Subterrània - 25074-0004,346456,4598296
before_2007,0000,F003602,Prades - Alt Francolí - 43176-0006,337607,4584930
before_2007,0000,F003603,Prades - Alt Francolí - 43172-0003,347400,4576915
before_2007,0000,F003605,Calcàries de Tàrrega - 25217-0002,345096,4612866
before_2007,0000,F003606,N/D - Subterrània - 25902-0008,337806,4602051
before_2007,0000,F003607,N/D - Subterrània - 25902-0010,335406,4602796
before_2007,0000,F003611,N/D - Subterrània - 25238-0006,340031,4597921
before_2007,0000,F003612,N/D - Subterrània - 25081-0002,333761,4595711
before_2007,0000,F003614,Prades - Alt Francolí - 43147-0005,347156,4591839
before_2007,0000,F003615,Calcàries de Tàrrega - 25085-0005,365556,4616846
before_2007,0000,F003616,Calcàries de Tàrrega - 25194-0007,365656,4622296
before_2007,0000,F003617,Calcàries de Tàrrega - 25085-0001,365506,4616091
before_2007,0000,F003618,Calcàries de Tàrrega - 25085-0004,365998,4616451
before_2007,0000,F003619,N/D - Subterrània - 25192-0010,366681,4610671
before_2007,0000,F003620,Calcàries de Tàrrega - 25103-0003,351616,4615147
before_2007,0000,F003621,Calcàries de Tàrrega - 25143-0008,352426,4607596
before_2007,0000,F003622,Prades - Alt Francolí - 43107-0003,349975.7,4587211.37
before_2007,0000,F003623,Prades - Alt Francolí - 43168-0001,331346,4580424
before_2007,0000,F003624,Calcàries de Tàrrega - 25141-0012,355806,4605296
before_2007,0000,F003625,Calcàries de Tàrrega - 25143-0007,349856,4607396
before_2007,0000,F003626,Calcàries de Tàrrega - 25072-0013,354886,4615796
before_2007,0000,F003627,Calcàries de Tàrrega - 25911-0005,349856,4616496
before_2007,0000,F003628,Prades - Alt Francolí - 43142-0017,354040,4589966
before_2007,0000,F003629,Prades - Alt Francolí - 43107-0002,348120,4588626
before_2007,0000,F003630,Calcàries de Tàrrega - 25141-0011,353556,4604146
before_2007,0000,F003631,Prades - Alt Francolí - 43086-0055,345488,4580003
before_2007,0000,F003632,Prades - Alt Francolí - 43086-0051,347097,4582238
before_2007,0000,F003633,Prades - Alt Francolí - 43086-0045,351795,4582145
before_2007,0000,F003634,Prades - Alt Francolí - 43054-0008,340341.75,4582769.34
before_2007,0000,F003635,Prades - Alt Francolí - 43029-0004,346228,4587899
before_2007,0000,F003636,Calcàries de Tàrrega - 25143-0003,352897,4607176
before_2007,0000,F003637,Prades - Alt Francolí - 43130-0005,356367,4593424
before_2007,0000,F003639,Prades - Alt Francolí - 43054-0012,341135,4588130
before_2007,0000,F003640,N/D - Subterrània - 25216-0013,362506,4607146
before_2007,0000,F003641,N/D - Subterrània - 25216-0003,362056,4604996
before_2007,0000,F003642,N/D - Subterrània - 25216-0011,362016,4604946
before_2007,0000,F003643,N/D - Subterrània - 25216-0009,362006,4604946
before_2007,0000,F003644,N/D - Subterrània - 43142-0003,357628,4591341
before_2007,0000,F003645,Calcàries de Tàrrega - 25905-0003,359956,4608846
before_2007,0000,F003646,N/D - Subterrània - 25902-0015,339009,4602681
before_2007,0000,F003648,Calcàries de Tàrrega - 25905-0002,362021.99,4609682.81
before_2007,0000,F003649,Calcàries de Tàrrega - 25905-0010,361856,4610746
before_2007,0000,F003650,Calcàries de Tàrrega - 25905-0005,354856,4608806
before_2007,0000,F003651,Calcàries de Tàrrega - 25141-0007,357606,4605146
before_2007,0000,F003652,Calcàries de Tàrrega - 25141-0008,358903,4604750
before_2007,0000,F003653,Alta Anoia - 25216-0016,366556,4606046
before_2007,0000,F003654,Calcàries de Tàrrega - 25242-0007,345424.06,4608628.94
before_2007,0000,F003658,Calcàries de Tàrrega - 25152-0004,360450,4617173
before_2007,0000,F003661,Calcàries de Tàrrega - 25176-0002,340056,4605646
before_2007,0000,F003662,N/D - Subterrània - 25238-0011,340026,4597921
before_2007,0000,F003663,N/D - Subterrània - 25255-0001,331006,4588496
before_2007,0000,F003664,N/D - Subterrània - 25006-0003,309506,4591897
before_2007,0000,F003665,N/D - Subterrània - 25067-0002,316606,4596797
before_2007,0000,F003666,N/D - Subterrània - 25076-0001,307156,4593147
before_2007,0000,F003667,N/D - Subterrània - 25010-0001,301106,4595297
before_2007,0000,F003668,Al·luvial d'Urgell - 25029-0002,327781,4605696
before_2007,0000,F003669,N/D - Subterrània - 25020-0001,284006,4576897
before_2007,0000,F003670,N/D - Subterrània - 25133-0007,293106,4581697
before_2007,0000,F003671,N/D - Subterrània - 25113-0002,330798,4615746
before_2007,0000,F003672,N/D - Subterrània - 25058-0005,321906,4595546
before_2007,0000,F003673,N/D - Subterrània - 25073-0004,321806,4587396
before_2007,0000,F003674,N/D - Subterrània - 25036-0002,305306,4596697
before_2007,0000,F003675,N/D - Subterrània - 25105-0002,303306,4589097
before_2007,0000,F003677,N/D - Subterrània - 43032-0002,279805,4543197
before_2007,0000,F003678,N/D - Subterrània - 43064-0006,284305,4548847
before_2007,0000,F003679,N/D - Subterrània - 43048-0002,287655,4550297
before_2007,0000,F003680,N/D - Subterrània - 43048-0005,286985,4549722
before_2007,0000,F003681,Fossa de Móra - 43064-0009,287555.39,4546296.68
before_2007,0000,F003682,N/D - Subterrània - 43019-0059,296676,4563297
before_2007,0000,F003683,N/D - Subterrània - 43041-0005,268939,4546458
before_2007,0000,F003684,Ports de Beseit (CHE)_Cat - 43117-0016,281905.34,4539996.71
before_2007,0000,F003686,Ports de Beseit (CHE)_Cat - 43071-0041,274158.23,4527096.65
before_2007,0000,F003687,Ports de Beseit (CHE)_Cat - 43071-0040,273619.24,4528479.46
before_2007,0000,F003688,N/D - Subterrània - 43018-0005,268630,4532472
before_2007,0000,F003689,N/D - Subterrània - 43056-0001,288455,4559797
before_2007,0000,F003690,N/D - Subterrània - 43022-0013,275980,4549547
before_2007,0000,F003691,Al·luvials de l'alta i mitjana Tordera - 17103-0008,474439.9,4621253.3
before_2007,0000,F003699,"Al·luvials del Ter Mig, Brugent i Llémena - 17020-0021",473906.45,4647165.42
before_2007,0000,F003700,Al·luvials de l'alta i mitjana Tordera - 17101-0118,470762,4621444
before_2007,0000,F003702,Al·luvials de l'alta i mitjana Tordera - 08082-0038,471656,4621447
before_2007,0000,F003706,"Al·luvials del Ter Mig, Brugent i Llémena - 17008-0004",471827.43,4645453.44
before_2007,0000,F003708,"Al·luvials del Ter Mig, Brugent i Llémena - 17903-0009",472626.44,4646435.43
before_2007,0000,F003715,"Al·luvials del Ter Mig, Brugent i Llémena - 17903-0006",472636.44,4646665.43
before_2007,0000,F003717,"Al·luvials del Ter Mig, Brugent i Llémena - 17189-0010",468547,4646223
before_2007,0000,F003718,"Al·luvials del Ter Mig, Brugent i Llémena - 17163-0015",475146.45,4647745.42
before_2007,0000,F003720,"Al·luvials del Ter Mig, Brugent i Llémena - 17163-0014",472839.45,4647044.43
before_2007,0000,F003723,Montseny-Guilleries - 08241-0013,449134.36,4640007.6
before_2007,0000,F003724,"Al·luvials del Ter Mig, Brugent i Llémena - 17903-0005",470606.43,4646095.45
before_2007,0000,F003725,Montseny-Guilleries - 17009-0031,461156.29,4628795.49
before_2007,0000,F003728,Al·luvials de l'alta i mitjana Tordera - 08082-0019,472834.25,4621055.39
before_2007,0000,F003733,Montseny-Guilleries - 17027-0013,462906.23,4621295.47
before_2007,0000,F003734,Plioquaternari de l'Onyar - 17150-0013,483906,4637995
before_2007,0000,F003735,Plioquaternari de l'Onyar - 17215-0014,483426,4645095
before_2007,0000,F003736,Plioquaternari de la Riera Santa Coloma - 17193-0037,480406,4629195
before_2007,0000,F003738,Plioquaternari de l'Onyar - 17089-0024,488906.35,4631845.29
before_2007,0000,F003742,Plioquaternari de l'Onyar - 17073-0024,483244,4642178
before_2007,0000,F003745,Plioquaternari de l'Onyar - 17044-0060,490266,4635245
before_2007,0000,F003746,Plioquaternari de la Riera Santa Coloma - 17101-0009,472706,4624195
before_2007,0000,F003747,Fluviodeltaic del Baix Ter - 17049-0014,489107,4652945
before_2007,0000,F003748,Fluviodeltaic del Baix Ter - 17049-0019,491522,4653525
before_2007,0000,F003749,Fluviodeltaic del Baix Ter - 17049-0001,490377,4653465
before_2007,0000,F003751,Plioquaternari de l'Onyar - 17033-0072,485224.2,4632852.6
before_2007,0000,F003752,"Al·luvials del Ter Mig, Brugent i Llémena - 17163-0009",472880.45,4647021.43
before_2007,0000,F003753,Plioquaternari de l'Onyar - 17089-0026,491806,4630845
before_2007,0000,F003755,N/D - Subterrània - 17002-0015,480172,4643039
before_2007,0000,F003756,Plioquaternari de la Riera Santa Coloma - 17148-0060,475561,4630397
before_2007,0000,F003758,Plioquaternari de l'Onyar - 17233-0022,479116,4636895
before_2007,0000,F003759,Plioquaternari de l'Onyar - 17044-0046,487316.41,4639117.31
before_2007,0000,F003761,Montseny-Guilleries - 17148-0017,472948.33,4631223.41
before_2007,0000,F003763,"Al·luvials del Ter Mig, Brugent i Llémena - 17079-0008",485256,4650655
before_2007,0000,F003766,Montseny-Guilleries - 17180-0021,472606.34,4632795.41
before_2007,0000,F003767,"Al·luvials del Ter Mig, Brugent i Llémena - 17079-0011",486409.51,4652860.34
before_2007,0000,F003768,Plioquaternari de la Riera Santa Coloma - 17193-0035,480486.6,4629254.5
before_2007,0000,F003773,Plioquaternari de l'Onyar - 17233-0014,479906,4636395
before_2007,0000,F003774,Montseny-Guilleries - 17164-0006,459256.35,4637275.52
before_2007,0000,F003775,Fluviodeltaic del Baix Ter - 17049-0009,489177,4652825
before_2007,0000,F003779,Plioquaternari de l'Onyar - 17020-0023,481126,4646515
before_2007,0000,F003780,"Al·luvials del Ter Mig, Brugent i Llémena - 17079-0007",484484.48,4648382.72
before_2007,0000,F003782,Fluviodeltaic del Baix Ter - 17049-0008,489732,4653040
before_2007,0000,F003783,Fluviodeltaic del Baix Ter - 17049-0025,490007,4653045
before_2007,0000,F003784,Plioquaternari de l'Onyar - 17233-0024,478206,4637895
before_2007,0000,F003785,"Al·luvials del Ter Mig, Brugent i Llémena - 17020-0026",478839,4646385
before_2007,0000,F003793,Fluviodeltaic del Baix Ter - 17049-0016,489642.53,4654165.32
before_2007,0000,F003794,Al·luvials de la Baixa Costa Brava - 17034-0031,508024.4,4633399.14
before_2007,0000,F003796,Al·luvials de la Baixa Costa Brava - 17048-0036,504356,4628745
before_2007,0000,F003797,Al·luvials de la Baixa Costa Brava - 17048-0021,503104,4628567
before_2007,0000,F003798,Al·luvials de la Baixa Costa Brava - 17048-0032,503620,4628625
before_2007,0000,F003799,Al·luvials de la Baixa Costa Brava - 17034-0044,507316.39,4633059.15
before_2007,0000,F003800,Al·luvials de la Baixa Costa Brava - 17034-0041,507756,4632445
before_2007,0000,F003801,Al·luvials de la Baixa Costa Brava - 17048-0024,504256,4628745
before_2007,0000,F003802,Al·luvials de la Baixa Costa Brava - 17034-0045,506161.4,4634013.16
before_2007,0000,F003803,Al·luvials de la Baixa Costa Brava - 17048-0029,502207,4628310
before_2007,0000,F003810,Al·luvials de la Baixa Costa Brava - 17034-0036,507835.4,4633556.15
before_2007,0000,F003811,Al·luvials de la Baixa Costa Brava - 17034-0037,506650.4,4633883.15
before_2007,0000,F003812,Al·luvials de la Baixa Costa Brava - 17048-0033,503405,4628600
before_2007,0000,F003813,Al·luvials de la Baixa Costa Brava - 17181-0037,499649.35,4628885.7
before_2007,0000,F003814,Al·luvials de la Baixa Costa Brava - 17181-0040,495706,4630495
before_2007,0000,F003815,Al·luvials de la Baixa Costa Brava - 17181-0035,499481.35,4628823.2
before_2007,0000,F003816,Al·luvials de la Baixa Costa Brava - 17118-0023,510809.8,4634486
before_2007,0000,F003817,Al·luvials de la Baixa Costa Brava - 17118-0025,510006,4633495
before_2007,0000,F003818,Al·luvials de la Baixa Costa Brava - 17118-0004,511008.3,4634848
before_2007,0000,F003819,Al·luvials de la Baixa Costa Brava - 17048-0035,503356,4628805
before_2007,0000,F003820,Al·luvials de la Baixa Costa Brava - 17089-0028,493706,4627895
before_2007,0000,F003824,Al·luvials de la Baixa Costa Brava - 17118-0005,510606,4634195
before_2007,0000,F003825,Al·luvials de la Baixa Costa Brava - 17048-0047,502772,4628285
before_2007,0000,F003828,Al·luvials de la Baixa Costa Brava - 17048-0020,503981,4628642
before_2007,0000,F003829,Al·luvials de la Baixa Costa Brava - 17089-0029,493606,4628595
before_2007,0000,F003830,Al·luvials de la Baixa Costa Brava - 17118-0003,510356.4,4633995.13
before_2007,0000,F003838,Al·luvials de l'alta i mitjana Tordera - 08259-0019,453406,4616296
before_2007,0000,F003840,Al·luvials del Vallès - 08209-0016,434066,4595660.65
before_2007,0000,F003845,Al·luvials de l'alta i mitjana Tordera - 08259-0027,453966,4616576
before_2007,0000,F003846,Detrític neogen del Vallès - 08107-0035,432686.07,4606046.67
before_2007,0000,F003851,Al·luvials de l'alta i mitjana Tordera - 08202-0067,458386,4615485
before_2007,0000,F003853,N/D - Subterrània - 08306-0001,453206,4610896
before_2007,0000,F003855,Al·luvials del Vallès - 08136-0025,439796.04,4600392.61
before_2007,0000,F003857,Al·luvials de l'alta i mitjana Tordera - 08202-0076,458426,4615475
before_2007,0000,F003859,Al·luvials de l'alta i mitjana Tordera - 08097-0012,461426.21,4618155.47
before_2007,0000,F003864,Al·luvials de l'alta i mitjana Tordera - 08259-0012,454706.7,4615421.9
before_2007,0000,F003872,Al·luvials del Vallès - 08107-0032,436683.09,4607149.64
before_2007,0000,F003874,Al·luvials del Vallès - 08135-0015,436265,4599670
before_2007,0000,F003875,Prelitoral del Vallès - 08267-0016,426152.1,4610588.73
before_2007,0000,F003878,Al·luvials del Vallès - 08135-0027,437899.03,4599807.62
before_2007,0000,F003880,Al·luvials del Vallès - 08135-0024,437006.03,4599795.63
before_2007,0000,F003892,Al·luvials del Vallès - 08156-0013,430881.05,4603995.68
before_2007,0000,F003899,Detrític neogen del Vallès - 08187-0034,423956.04,4603295.73
before_2007,0000,F003900,Al·luvials del Vallès - 08135-0013,438113.04,4601190.62
before_2007,0000,F003901,Al·luvials del Vallès - 08159-0031,436106.05,4602407.64
before_2007,0000,F003904,Al·luvials del Vallès - 08156-0025,431150,4601918
before_2007,0000,F003908,Al·luvials del Vallès - 08136-0026,438421.03,4599665.62
before_2007,0000,F003911,Al·luvials del Vallès - 08159-0030,435814.04,4601003.64
before_2007,0000,F003914,Al·luvials del Vallès - 08181-0017,443206.06,4602895.59
before_2007,0000,F003915,Al·luvials del Vallès - 08902-0033,440541.05,4600977.61
before_2007,0000,F003916,Al·luvials del Vallès - 08181-0018,446318.1,4606812.57
before_2007,0000,F003918,Al·luvials del Vallès - 08902-0019,441598.05,4601084.6
before_2007,0000,F003919,Al·luvials del Vallès - 08181-0014,444966.08,4605221.58
before_2007,0000,F003922,Al·luvials del Vallès - 08181-0011,443552.07,4604127.59
before_2007,0000,F003927,Al·luvials del Vallès - 08902-0015,440881.04,4600770.6
before_2007,0000,F003929,Al·luvials del Vallès - 08209-0015,434824,4596758
before_2007,0000,F003941,Al·luvials de l'alta i mitjana Tordera - 08202-0066,458612,4615522
before_2007,0000,F003948,Detrític neogen del Vallès - 08167-0012,430981.03,4600270.68
before_2007,0000,F003953,Al·luvials de l'alta i mitjana Tordera - 08202-0056,457491,4614537
before_2007,0000,F003959,Detrític neogen del Vallès - 08108-0027,437256.07,4605245.64
before_2007,0000,F003960,Prelitoral del Vallès - 08051-0034,421741,4609228
before_2007,0000,F003964,Al·luvials del Vallès - 08115-0018,435324.02,4597990.64
before_2007,0000,F003965,Al·luvials del Vallès - 08209-0014,434842,4596910
before_2007,0000,F003970,Al·luvials de l'alta i mitjana Tordera - 08202-0054,463303,4618826
before_2007,0000,F003971,Al·luvials del Vallès - 08108-0023,437286.06,4603782.63
before_2007,0000,F003975,Al·luvials de l'alta i mitjana Tordera - 08202-0070,458366,4615475
before_2007,0000,F003976,Al·luvials del Vallès - 08136-0027,436720.03,4599340.63
before_2007,0000,F003980,Al·luvials de l'alta i mitjana Tordera - 08202-0059,463096,4618650
before_2007,0000,F003981,Al·luvials del Vallès - 08248-0014,436056.12,4611595.66
before_2007,0000,F003982,Al·luvials del Vallès - 08248-0024,435899,4612259
before_2007,0000,F003983,Al·luvials del Vallès - 08260-0012,432584,4597199.66
before_2007,0000,F003984,Al·luvials del Vallès - 08260-0015,431936.02,4599178.67
before_2007,0000,F003989,Al·luvials del Vallès - 08115-0019,435969.02,4598382.64
before_2007,0000,F003997,Al·luvials del Vallès - 08125-0020,431700.97,4592970.66
before_2007,0000,F003998,Al·luvials del Vallès - 08124-0022,435483.03,4599459.64
before_2007,0000,F004004,Al·luvials del Vallès - 08187-0027,426537.02,4600542.71
before_2007,0000,F004005,Al·luvials del Vallès - 08187-0031,426040.02,4601142.72
before_2007,0000,F004008,Detrític neogen del Vallès - 08180-0006,430070.98,4593815.67
before_2007,0000,F004009,Al·luvials del Vallès - 08041-0023,440300.11,4609350.62
before_2007,0000,F004010,Al·luvials de l'alta i mitjana Tordera - 17083-0005,468506.24,4620255.42
before_2007,0000,F004011,Al·luvials de l'alta i mitjana Tordera - 17159-0039,464804,4619350
before_2007,0000,F004012,Al·luvials del Vallès - 08096-0057,440268.08,4605201.61
before_2007,0000,F004013,Al·luvials del Vallès - 08096-0104,439664.08,4606015.62
before_2007,0000,F004014,Al·luvials del Vallès - 08136-0042,438928.05,4601651.62
before_2007,0000,F004019,Al·luvials del Vallès - 08252-0016,427356,4597845.7
before_2007,0000,F004021,Detrític neogen del Vallès - 08086-0045,441488.12,4611081.61
before_2007,0000,F004023,Al·luvials del Vallès - 08086-0049,441057.13,4611764.62
before_2007,0000,F004026,Detrític neogen del Vallès - 08187-0041,427133.01,4599382.7
before_2007,0000,F004027,Prelitoral del Vallès - 08051-0040,423291.06,4606650.74
before_2007,0000,F004034,Al·luvials del Vallès - 08105-0007,433187,4596025.65
before_2007,0000,F004044,Al·luvials del Vallès - 08033-0040,430644.08,4607762.69
before_2007,0000,F004045,Al·luvials del Vallès - 08033-0022,431544.07,4606178.68
before_2007,0000,F004046,Al·luvials del Vallès - 08260-0009,431345.03,4600181.67
before_2007,0000,F004049,Al·luvials del Vallès - 08041-0013,440374.1,4607997.62
before_2007,0000,F004056,Al·luvials del Vallès - 08180-0014,428499.99,4595578.69
before_2007,0000,F004058,Al·luvials del Vallès - 08041-0007,440356.09,4607378.62
before_2007,0000,F004059,Al·luvials del Vallès - 08187-0028,424956.03,4602495.73
before_2007,0000,F004060,Al·luvials del Vallès - 08033-0041,431256.08,4607245.69
before_2007,0000,F004062,Al·luvials del Vallès - 08124-0033,433971.01,4597960.65
before_2007,0000,F004063,Al·luvials del Vallès - 08124-0031,434475.6,4597588
before_2007,0000,F004064,Al·luvials del Vallès - 08124-0028,435256.02,4598865.64
before_2007,0000,F004065,Al·luvials del Vallès - 08124-0029,434867.02,4598297.64
before_2007,0000,F004066,Al·luvials del Vallès - 08124-0026,435434.02,4598989.64
before_2007,0000,F004067,Al·luvials del Vallès - 08105-0012,433219,4595808.65
before_2007,0000,F004071,Al·luvials del Vallès - 08124-0027,435861.03,4600010.64
before_2007,0000,F004090,Al·luvials del Vallès - 08108-0009,437035.07,4604805.64
before_2007,0000,F004105,Al·luvials del Vallès - 08107-0024,436531.1,4609030.65
before_2007,0000,F004107,Al·luvials del Vallès - 08106-0041,447565.11,4608190.56
before_2007,0000,F004110,Detrític neogen del Vallès - 08106-0046,450679.13,4609897.54
before_2007,0000,F004116,Al·luvials del Vallès - 08106-0015,450143.13,4609550.55
before_2007,0000,F004117,Al·luvials del Vallès - 08124-0023,435662.03,4599675.64
before_2007,0000,F004127,Maresme - 08029-0029,450366.02,4595805.52
before_2007,0000,F004128,Maresme - 08121-0102,453056.06,4600095.51
before_2007,0000,F004129,Maresme - 08121-0110,454816.07,4600735.5
before_2007,0000,F004130,Maresme - 08121-0117,454726.06,4599485.5
before_2007,0000,F004132,Maresme - 08121-0112,451785.4,4597694.9
before_2007,0000,F004133,Maresme - 08121-0113,453242,4598714
before_2007,0000,F004134,Maresme - 08118-0072,444414.99,4592891.56
before_2007,0000,F004136,Maresme - 08118-0017,443993.99,4592655.57
before_2007,0000,F004138,Maresme - 08110-0143,479006.18,4610715.33
before_2007,0000,F004139,Maresme - 08029-0028,450336.03,4596364.52
before_2007,0000,F004141,Maresme - 08029-0030,450998.03,4596275.52
before_2007,0000,F004145,Maresme - 08029-0026,451631.03,4597035.52
before_2007,0000,F004146,Maresme - 08029-0022,451073.03,4597038.52
before_2007,0000,F004149,Maresme - 08029-0031,450256.03,4596595.52
before_2007,0000,F004150,Maresme - 08009-0060,450856.05,4599755.53
before_2007,0000,F004151,Maresme - 08009-0061,449281,4602345
before_2007,0000,F004152,Maresme - 08009-0031,450582,4600683
before_2007,0000,F004153,Maresme - 08006-0017,461796.09,4602705.45
before_2007,0000,F004154,Maresme - 08029-0044,449466.02,4596145.53
before_2007,0000,F004155,Maresme - 08163-0015,474515.16,4608543.36
before_2007,0000,F004156,Maresme - 08121-0109,452639.04,4597607.51
before_2007,0000,F004157,Maresme - 08029-0032,451166.03,4596835.52
before_2007,0000,F004158,Maresme - 08003-0029,441941.98,4592661.58
before_2007,0000,F004162,Maresme - 08219-0029,448514.01,4595275.54
before_2007,0000,F004163,Maresme - 08040-0009,466134.11,4604655.42
before_2007,0000,F004164,Maresme - 08006-0016,464038.1,4603670.43
before_2007,0000,F004166,Maresme - 08163-0012,473554.15,4608355.37
before_2007,0000,F004169,Maresme - 08163-0011,473366.15,4607655.37
before_2007,0000,F004171,Maresme - 08121-0101,452214.5,4601021.7
before_2007,0000,F004172,Maresme - 08029-0024,451106.03,4596845.52
before_2007,0000,F004173,Maresme - 08281-0017,445008.99,4593081.56
before_2007,0000,F004174,Maresme - 08163-0013,474103.15,4608340.36
before_2007,0000,F004175,Maresme - 08163-0016,474921.16,4608475.36
before_2007,0000,F004176,Maresme - 08121-0108,455776.06,4600055.49
before_2007,0000,F004177,Maresme - 08121-0103,456133.06,4599992.49
before_2007,0000,F004178,Maresme - 08163-0019,474391.16,4608830.36
before_2007,0000,F004179,Maresme - 08121-0107,453445,4599696
before_2007,0000,F004180,Maresme - 08126-0011,441075.98,4591585.59
before_2007,0000,F004182,Maresme - 08006-0022,463710.11,4604046.43
before_2007,0000,F004184,Maresme - 08030-0019,448010.02,4596062.54
before_2007,0000,F004187,Maresme - 08163-0017,472428.15,4607703.37
before_2007,0000,F004188,Maresme - 08040-0016,464804.11,4604249.43
before_2007,0000,F004189,Maresme - 08040-0011,464499.11,4604484.43
before_2007,0000,F004195,Maresme - 08029-0023,450460.03,4596672.52
before_2007,0000,F004200,Maresme - 08040-0010,464134.95,4604500.12
before_2007,0000,F004201,Maresme - 08040-0012,464020.11,4605271.43
before_2007,0000,F004203,Maresme - 08007-0045,461908,4605043.8
before_2007,0000,F004204,Maresme - 08006-0030,462271.1,4603613.44
before_2007,0000,F004205,Maresme - 08006-0021,462089.1,4603598.45
before_2007,0000,F004206,Maresme - 08006-0023,461690.09,4602730.45
before_2007,0000,F004207,Maresme - 08007-0074,462479.13,4607744.45
before_2007,0000,F004209,N/D - Subterrània - 08126-0012,438846.97,4590761.6
before_2007,0000,F004211,Maresme - 08029-0043,450542.03,4596610.52
before_2007,0000,F004213,Maresme - 08075-0024,451677.1,4605495.53
before_2007,0000,F004214,Maresme - 08197-0043,457377.07,4601057.48
before_2007,0000,F004215,Maresme - 08197-0049,457734.07,4601298.48
before_2007,0000,F004216,Maresme - 08197-0040,457980,4601214
before_2007,0000,F004217,Maresme - 08197-0031,457871.08,4601309.47
before_2007,0000,F004218,Maresme - 08197-0039,457488.08,4601708.48
before_2007,0000,F004219,Maresme - 08163-0018,473331.16,4609345.37
before_2007,0000,F004221,Maresme - 08235-0020,467256.12,4605875.41
before_2007,0000,F004225,Maresme - 08261-0026,476734.17,4609857.34
before_2007,0000,F004226,Maresme - 08197-0032,457456.07,4600690.48
before_2007,0000,F004227,Maresme - 08261-0020,476530.17,4609692.35
before_2007,0000,F004228,Maresme - 08006-0014,460397.09,4602868.46
before_2007,0000,F004229,Maresme - 08261-0015,476270.17,4609529.35
before_2007,0000,F004232,Maresme - 08007-0050,459618.12,4607327.47
before_2007,0000,F004233,Maresme - 08009-0037,451844.07,4601759.52
before_2007,0000,F004234,Maresme - 08230-0020,446742,4594261.55
before_2007,0000,F004235,Maresme - 08007-0067,461431.13,4607593.46
before_2007,0000,F004236,Maresme - 08121-0100,455369.06,4599617.49
before_2007,0000,F004237,Maresme - 08118-0003,444223.99,4592754.56
before_2007,0000,F004238,Maresme - 08118-0019,445049.99,4593013.56
before_2007,0000,F004239,Maresme - 08214-0019,446631.02,4596589.55
before_2007,0000,F004240,Maresme - 08172-0002,445915,4594062.55
before_2007,0000,F004241,Maresme - 08172-0003,446939,4593650.55
before_2007,0000,F004242,Maresme - 08030-0021,447009.04,4598510.55
before_2007,0000,F004243,Maresme - 08030-0018,446208.03,4597853.56
before_2007,0000,F004244,Maresme - 08230-0018,445219.01,4594860.56
before_2007,0000,F004245,Maresme - 08219-0037,448577.01,4595019.54
before_2007,0000,F004246,Maresme - 08230-0019,445599,4594563.56
before_2007,0000,F004247,Maresme - 08230-0024,444835.01,4595320.56
before_2007,0000,F004248,Maresme - 08035-0016,469936.15,4608571.39
before_2007,0000,F004249,Maresme - 08007-0040,460579.1,4604274.46
before_2007,0000,F004250,Maresme - 08219-0024,447950.02,4595575.54
before_2007,0000,F004251,Maresme - 08219-0034,447931.02,4595570.54
before_2007,0000,F004255,Al·luvials de la baixa i delta de la Tordera - 08110-0018,480114,4610739
before_2007,0000,F004256,Al·luvials de la baixa i delta de la Tordera - 08110-0021,479417,4610940
before_2007,0000,F004257,Maresme - 08110-0039,477562.17,4610015.34
before_2007,0000,F004258,Maresme - 08230-0021,445626.01,4594979.56
before_2007,0000,F004259,Maresme - 08193-0014,464222.16,4611647.44
before_2007,0000,F004260,Maresme - 08121-0111,453152.08,4602486.51
before_2007,0000,F004261,Maresme - 08007-0041,461305.12,4606963.46
before_2007,0000,F004262,Maresme - 08007-0044,459835.11,4605613.47
before_2007,0000,F004265,Maresme - 08281-0028,443823,4594106.57
before_2007,0000,F004266,Maresme - 08281-0029,443156,4594795.58
before_2007,0000,F004267,Maresme - 08007-0017,459699.11,4605091.47
before_2007,0000,F004268,Maresme - 08007-0073,459623.11,4605894.47
before_2007,0000,F004269,Maresme - 08214-0020,447186.02,4595655.55
before_2007,0000,F004271,Maresme - 08193-0019,463235.15,4609585.45
before_2007,0000,F004272,Maresme - 08007-0043,460697.12,4607235.46
before_2007,0000,F004273,Maresme - 08193-0016,464015.16,4611733.44
before_2007,0000,F004275,Maresme - 08203-0032,466979.13,4606759.41
before_2007,0000,F004276,Maresme - 08235-0031,467298.13,4606759.41
before_2007,0000,F004277,Maresme - 08203-0037,467203,4607525
before_2007,0000,F004278,Maresme - 08203-0033,466411.15,4609121.42
before_2007,0000,F004279,Maresme - 08261-0016,474056.18,4611424.37
before_2007,0000,F004280,Maresme - 08155-0090,475950.18,4611564.35
before_2007,0000,F004281,Maresme - 08030-0020,447647.03,4597200.55
before_2007,0000,F004282,Maresme - 08230-0023,445803.01,4595510.56
before_2007,0000,F004283,Maresme - 08007-0065,459756.12,4606276.47
before_2007,0000,F004284,Maresme - 08153-0001,446084,4600114
before_2007,0000,F004285,Maresme - 08219-0022,449273.02,4595946.53
before_2007,0000,F004286,Maresme - 08197-0044,458473.07,4601088.47
before_2007,0000,F004287,Maresme - 08197-0036,457353.07,4600397.48
before_2007,0000,F004288,Maresme - 08075-0019,450903.09,4604740.53
before_2007,0000,F004289,Maresme - 08197-0034,457095.07,4600754.48
before_2007,0000,F004290,Maresme - 08197-0048,457481.07,4600389.48
before_2007,0000,F004291,Maresme - 08075-0009,451802.09,4605134.53
before_2007,0000,F004292,Maresme - 08153-0005,446280.05,4600657.56
before_2007,0000,F004293,Maresme - 08121-0116,451271.05,4599206.52
before_2007,0000,F004294,Maresme - 08197-0045,457546.07,4601175.48
before_2007,0000,F004296,Maresme - 08282-0018,438923,4592617
before_2007,0000,F004297,Maresme - 08197-0050,456406.09,4603755.49
before_2007,0000,F004298,Maresme - 08003-0030,441767.98,4592250.58
before_2007,0000,F004300,Maresme - 08203-0036,467086.14,4607455.41
before_2007,0000,F004301,Maresme - 08003-0021,441373.99,4593227.59
before_2007,0000,F004302,Maresme - 08075-0008,450407.09,4604734.54
before_2007,0000,F004303,Maresme - 08219-0036,448786.02,4595755.53
before_2007,0000,F004304,Maresme - 08197-0033,458414.08,4601459.47
before_2007,0000,F004305,Maresme - 08230-0060,446816.01,4594515.55
before_2007,0000,F004307,Maresme - 08261-0018,476091.16,4609341.35
before_2007,0000,F004308,Maresme - 08261-0014,475681.16,4608710.35
before_2007,0000,F004309,Maresme - 08261-0024,476154.16,4608919.35
before_2007,0000,F004310,Maresme - 08235-0015,467765.12,4605554.41
before_2007,0000,F004312,Maresme - 08261-0019,476931.17,4609270.34
before_2007,0000,F004313,Maresme - 08230-0017,447090.01,4594519.55
before_2007,0000,F004316,Maresme - 08003-0022,441027.98,4592811.59
before_2007,0000,F004317,Maresme - 08219-0027,447806.01,4594915.54
before_2007,0000,F004318,Maresme - 08219-0031,448383.01,4594706.54
before_2007,0000,F004321,Maresme - 08121-0106,453701.05,4599147.5
before_2007,0000,F004322,Maresme - 08219-0032,447630.01,4595364.54
before_2007,0000,F004323,Maresme - 08219-0035,448776.02,4595845.53
before_2007,0000,F004325,Maresme - 08264-0034,460026.09,4603335.46
before_2007,0000,F004327,Maresme - 08219-0025,447815,4594140
before_2007,0000,F004328,Maresme - 08118-0016,442059.99,4593334.58
before_2007,0000,F004329,Maresme - 08261-0025,476516.16,4609145.34
before_2007,0000,F004330,Maresme - 08193-0017,463816.14,4608225.44
before_2007,0000,F004331,Maresme - 08009-0027,451555.04,4598058.52
before_2007,0000,F004332,Maresme - 08009-0028,450031.06,4600546.53
before_2007,0000,F004333,Maresme - 08009-0039,450061.06,4601211.53
before_2007,0000,F004334,Maresme - 08193-0012,462706.15,4609795.45
before_2007,0000,F004336,Maresme - 08193-0018,464106.14,4608245.44
before_2007,0000,F004337,Maresme - 08197-0038,457176.08,4602155.48
before_2007,0000,F004338,Maresme - 08264-0019,459486.08,4601722.46
before_2007,0000,F004339,Maresme - 08163-0010,473506.16,4609825.37
before_2007,0000,F004340,Maresme - 08035-0015,471081.15,4607995.38
before_2007,0000,F004342,Maresme - 08040-0017,464032.11,4605044.43
before_2007,0000,F004343,Maresme - 08007-0064,461875.11,4604511.45
before_2007,0000,F004344,Maresme - 08007-0053,460678.12,4607196.46
before_2007,0000,F004345,Maresme - 08007-0068,460441.12,4607210.46
before_2007,0000,F004346,Maresme - 08264-0025,459336,4601709
before_2007,0000,F004347,Maresme - 08009-0038,447988.07,4602229.55
before_2007,0000,F004348,Maresme - 08219-0030,448632.02,4595365.54
before_2007,0000,F004351,Maresme - 08030-0029,447673.02,4596575.54
before_2007,0000,F004353,Maresme - 08030-0022,447873.02,4596695.54
before_2007,0000,F004354,Maresme - 08219-0005,449206.01,4595107.53
before_2007,0000,F004356,Maresme - 08009-0030,449442.07,4601950.54
before_2007,0000,F004358,Maresme - 08009-0040,449432.07,4601950.54
before_2007,0000,F004363,Carme-Capellades - 08044-0003,390159,4597959
before_2007,0000,F004364,Carme-Capellades - 08165-0015,389566.05,4600591.85
before_2007,0000,F004365,Carme-Capellades - 08048-0008,384802,4598443
before_2007,0000,F004367,Carme-Capellades - 08048-0001,386150,4598246
before_2007,0000,F004369,Carme-Capellades - 08028-0002,390332,4596935
before_2007,0000,F004374,Carme-Capellades - 08028-0010,390298,4596984
before_2007,0000,F004377,Calcàries de l'Alt Foix-Gaià - 43120-0014,370347.81,4584209.11
before_2007,0000,F004378,Detrític neogen del Penedès - 08085-0007,383336.86,4587658.02
before_2007,0000,F004379,Detrític neogen del Penedès - 08288-0005,379289.82,4583537.04
before_2007,0000,F004380,Baix Gaià - 43164-0004,364029,4562015
before_2007,0000,F004381,Calcàries de l'Alt Foix-Gaià - 08168-0003,374957,4586203
before_2007,0000,F004383,Carme-Capellades - 08104-0002,376851,4592883
before_2007,0000,F004388,Carme-Capellades - 08152-0007,380884,4597636
before_2007,0000,F004389,Calcàries de l'Alt Foix-Gaià - 08168-0004,375164,4586748
before_2007,0000,F004390,Calcàries de l'Alt Foix-Gaià - 08168-0005,373824,4586961
before_2007,0000,F004391,Carme-Capellades - 08122-0014,383838.6,4593006
before_2007,0000,F004394,Calcàries de l'Alt Foix-Gaià - 43120-0012,370190.81,4584876.11
before_2007,0000,F004395,Carme-Capellades - 08236-0003,387646.89,4591234.99
before_2007,0000,F004400,Carme-Capellades - 08286-0013,388287,4598460
before_2007,0000,F004402,Carme-Capellades - 08104-0013,376860.89,4592881.08
before_2007,0000,F004404,Carme-Capellades - 08122-0017,387471.91,4594498
before_2007,0000,F004408,Bloc del Gaià-Bonastre - 43028-0035,369530.7,4570476.1
before_2007,0000,F004410,Sorres de Santa Oliva - 43020-0063,380405.73,4571541.02
before_2007,0000,F004413,Alt Camp - 43170-0036,363755.71,4572696.14
before_2007,0000,F004414,Sorres de Santa Oliva - 43020-0079,380175.72,4570106.02
before_2007,0000,F004415,Detrític neogen del Penedès - 08273-0010,397549.86,4584952.91
before_2007,0000,F004416,Detrític neogen del Penedès - 08273-0009,394021.85,4584327.93
before_2007,0000,F004417,Detrític neogen del Penedès - 08273-0014,397933.84,4582385.9
before_2007,0000,F004418,Detrític neogen del Penedès - 08287-0024,394371.88,4588657.94
before_2007,0000,F004419,Detrític neogen del Penedès - 08287-0028,395476.87,4586515.92
before_2007,0000,F004420,Detrític neogen del Penedès - 08287-0023,393594.89,4589971.94
before_2007,0000,F004421,Sorres de Santa Oliva - 43002-0021,374955.7,4568296.05
before_2007,0000,F004422,Garraf - 43016-0043,384451.75,4568317.73
before_2007,0000,F004423,Sorres de Santa Oliva - 43016-0040,382505.72,4570196
before_2007,0000,F004424,Sorres de Santa Oliva - 43020-0059,380588.72,4569971.01
before_2007,0000,F004425,Sorres de Santa Oliva - 43137-0018,380661.74,4572706.02
before_2007,0000,F004426,Sorres de Santa Oliva - 43020-0080,378805.71,4569341.02
before_2007,0000,F004428,Sorres de Santa Oliva - 43020-0069,379046.71,4569719.02
before_2007,0000,F004429,Sorres de Santa Oliva - 43020-0054,380305.72,4569886.01
before_2007,0000,F004430,Sorres de Santa Oliva - 43020-0052,380645.72,4569921.01
before_2007,0000,F004431,Garraf - 43024-0035,380415.69,4566301.51
before_2007,0000,F004432,Sorres de Santa Oliva - 43024-0069,380425.69,4566396.01
before_2007,0000,F004433,Sorres de Santa Oliva - 43028-0023,376532,4570165
before_2007,0000,F004435,Sorres de Santa Oliva - 43028-0029,373113,4571100
before_2007,0000,F004436,Sorres de Santa Oliva - 43074-0052,378655.73,4571496.03
before_2007,0000,F004437,Sorres de Santa Oliva - 43074-0056,378338.73,4571725.03
before_2007,0000,F004438,Sorres de Santa Oliva - 43074-0058,378012.92,4570430.69
before_2007,0000,F004439,Sorres de Santa Oliva - 43020-0065,380816.72,4570449.01
before_2007,0000,F004441,Detrític neogen del Penedès - 08058-0024,383227.1,4572034.9
before_2007,0000,F004442,Detrític neogen del Penedès - 08058-0025,383054.1,4574071.4
before_2007,0000,F004443,Detrític neogen del Penedès - 08066-0008,408094.92,4590788.84
before_2007,0000,F004447,Detrític neogen del Penedès - 08119-0019,402220.95,4596087.89
before_2007,0000,F004449,Detrític neogen del Penedès - 08119-0017,400125.93,4594163.9
before_2007,0000,F004452,Detrític neogen del Penedès - 08236-0004,390106.53,4590448.68
before_2007,0000,F004453,Detrític neogen del Penedès - 08161-0018,397644.95,4596689.92
before_2007,0000,F004454,Detrític neogen del Penedès - 08222-0024,404080.91,4590713.87
before_2007,0000,F004456,Detrític neogen del Penedès - 08161-0014,393764.93,4595440.95
before_2007,0000,F004457,Detrític neogen del Penedès - 08161-0007,398354.91,4591683.91
before_2007,0000,F004458,Detrític neogen del Penedès - 08161-0008,395911.62,4590789.6
before_2007,0000,F004460,Detrític neogen del Penedès - 08162-0025,397218.96,4599013.93
before_2007,0000,F004462,Detrític neogen del Penedès - 08161-0012,396597.5,4599374.4
before_2007,0000,F004465,Sorres de Santa Oliva - 43020-0056,379075.7,4568264.02
before_2007,0000,F004474,Garraf - 08058-0021,386578,4571756
before_2007,0000,F004480,Detrític neogen del Penedès - 08251-0015,386713.75,4572957.97
before_2007,0000,F004490,Detrític neogen del Penedès - 08076-0010,406062.97,4597971.86
before_2007,0000,F004493,Bloc del Gaià-Bonastre - 08154-0005,388688.8,4578843.96
before_2007,0000,F004494,Garraf - 43140-0083,378185.68,4566096.02
before_2007,0000,F004495,Sorres de Santa Oliva - 43140-0086,377391.69,4567388.03
before_2007,0000,F004496,Sorres de Santa Oliva - 43002-0024,374811.2,4568095.89
before_2007,0000,F004497,Sorres de Santa Oliva - 43140-0078,376211.71,4569384.04
before_2007,0000,F004498,Sorres de Santa Oliva - 43140-0010,377345.69,4566716.03
before_2007,0000,F004500,Sorres de Santa Oliva - 43020-0060,379095,4569283
before_2007,0000,F004501,Sorres de Santa Oliva - 43020-0074,378674.71,4569446.03
before_2007,0000,F004502,Sorres de Santa Oliva - 43002-0025,374904,4567930
before_2007,0000,F004503,Sorres de Santa Oliva - 43020-0076,378815.72,4570321.03
before_2007,0000,F004507,Sorres de Santa Oliva - 43163-0004,378193.68,4565221.02
before_2007,0000,F004508,Garraf - 08145-0042,390682,4575622
before_2007,0000,F004509,Detrític neogen del Penedès - 08065-0004,383590.76,4575406
before_2007,0000,F004510,Bloc del Gaià-Bonastre - 08085-0005,391102.83,4582198.95
before_2007,0000,F004511,Sorres de Santa Oliva - 43137-0015,379270.74,4573138.03
before_2007,0000,F004513,Detrític neogen del Penedès - 08028-0011,394673.91,4592392.94
before_2007,0000,F004514,Detrític neogen del Penedès - 08273-0012,400630.88,4587320.89
before_2007,0000,F004515,Detrític neogen del Penedès - 08240-0020,399480.89,4588495.9
before_2007,0000,F004516,Detrític neogen del Penedès - 08251-0008,387505.76,4574395.97
before_2007,0000,F004517,Detrític neogen del Penedès - 08251-0017,386905.78,4576445.97
before_2007,0000,F004519,Cubeta d'Abrera - 08076-0008,405878.37,4597551.16
before_2007,0000,F004531,Sorres de Santa Oliva - 43020-0081,379277,4568872
before_2007,0000,F004533,Sorres de Santa Oliva - 43020-0086,379304,4568693
before_2007,0000,F004534,Sorres de Santa Oliva - 43020-0082,379216,4568797
before_2007,0000,F004535,Sorres de Santa Oliva - 43020-0068,379769.72,4570415.02
before_2007,0000,F004546,Sorres de Santa Oliva - 43020-0073,381055.72,4570546.01
before_2007,0000,F004589,Sorres de Santa Oliva - 43020-0083,379193,4568944
before_2007,0000,F004596,Detrític neogen del Penedès - 08162-0012,401755.95,4596305.89
before_2007,0000,F004597,Garraf - 43024-0049,379491,4563389
before_2007,0000,F004607,Garraf - 43140-0065,378905,4566450
before_2007,0000,F004631,Sorres de Santa Oliva - 43140-0077,377334.69,4567314.03
before_2007,0000,F004634,Garraf - 43024-0047,379441,4563618
before_2007,0000,F004635,Sorres de Santa Oliva - 43020-0085,381077.72,4570823.01
before_2007,0000,F004640,Sorres de Santa Oliva - 43074-0063,378170.73,4572061.03
before_2007,0000,F004641,Garraf - 43016-0047,382999.7,4567778.99
before_2007,0000,F004667,Bloc del Gaià-Bonastre - 43028-0021,371230.72,4571571.09
before_2007,0000,F004671,Garraf - 08307-0030,394151,4566026
before_2007,0000,F004673,Garraf - 08231-0023,397205.72,4566895.88
before_2007,0000,F004674,Garraf - 08307-0029,389514,4564798
before_2007,0000,F004676,Garraf - 08231-0025,395562.72,4567832.9
before_2007,0000,F004681,Baix Gaià - 43131-0020,372958,4559523
before_2007,0000,F004684,Garraf - 08231-0021,397941.73,4567826.88
before_2007,0000,F004689,Garraf - 08231-0020,397705.74,4569045.88
before_2007,0000,F004691,Garraf - 08231-0026,394996,4565137
before_2007,0000,F004694,Bloc del Gaià-Bonastre - 08154-0004,388648.8,4578847.96
before_2007,0000,F004700,Baix Gaià - 43043-0007,359761,4559929
before_2007,0000,F004702,Baix Gaià - 43043-0004,358862.6,4559035.16
before_2007,0000,F004703,Garraf - 08270-0021,398799,4565440
before_2007,0000,F004704,Baix Gaià - 43050-0003,368665,4558532
before_2007,0000,F004706,Bloc del Gaià-Bonastre - 43111-0020,365452.63,4561672.11
before_2007,0000,F004707,Garraf - 08270-0020,404613.7,4566791.8
before_2007,0000,F004708,Baix Gaià - 43111-0021,365715,4561198
before_2007,0000,F004712,Garraf - 08231-0022,395955.71,4565595.89
before_2007,0000,F004713,Baix Gaià - 43148-0020,357600,4555048
before_2007,0000,F004717,Baix Gaià - 43126-0018,360569.6,4558982.15
before_2007,0000,F004718,Garraf - 08270-0023,405068.7,4567422.8
before_2007,0000,F004719,Bloc del Gaià-Bonastre - 08227-0012,384950.81,4580961
before_2007,0000,F004722,Garraf - 08270-0025,401134,4566281
before_2007,0000,F004723,Garraf - 08307-0036,390766,4563156
before_2007,0000,F004724,Garraf - 08307-0026,390271,4562847
before_2007,0000,F004725,Baix Gaià - 43043-0011,358658.6,4559156.16
before_2007,0000,F004730,Baix Gaià - 43126-0006,362681,4557595
before_2007,0000,F004731,Bloc del Gaià-Bonastre - 43122-0015,360413,4564191
before_2007,0000,F004734,Baix Gaià - 43153-0012,364895.59,4556370.11
before_2007,0000,F004736,Baix Gaià - 43131-0026,371899.64,4561330.06
before_2007,0000,F004737,Bloc del Gaià-Bonastre - 43002-0034,373145,4565902
before_2007,0000,F004739,Baix Gaià - 43131-0025,372377,4560611
before_2007,0000,F004742,Baix Gaià - 43163-0006,376143.63,4559962.03
before_2007,0000,F004748,Baix Gaià - 43012-0022,364032,4555541
before_2007,0000,F004749,Baix Gaià - 43012-0034,364004.59,4556671.12
before_2007,0000,F004752,Baix Gaià - 43153-0025,364645,4555957
before_2007,0000,F004754,Baix Gaià - 43153-0027,364896,4555996
before_2007,0000,F004755,Baix Gaià - 43153-0021,364717.59,4556428.11
before_2007,0000,F004757,Baix Gaià - 43111-0019,367183.62,4559628.1
before_2007,0000,F004762,Baix Gaià - 43153-0020,367665,4556918
before_2007,0000,F004763,Baix Gaià - 43148-0028,362275.58,4556211.13
before_2007,0000,F004764,Baix Gaià - 43148-0030,359197,4554654
before_2007,0000,F004765,Baix Gaià - 43148-0010,354025,4555765
before_2007,0000,F004766,Baix Gaià - 43043-0010,355754,4556710
before_2007,0000,F004767,Baix Gaià - 43148-0015,362286,4555289
before_2007,0000,F004768,Garraf - 43131-0019,370468,4561172
before_2007,0000,F004769,Bloc del Gaià-Bonastre - 43030-0022,370147,4563104
before_2007,0000,F004771,Baix Gaià - 43111-0018,365991,4561566
before_2007,0000,F004773,Bloc del Gaià-Bonastre - 43050-0004,367465.63,4561595.1
before_2007,0000,F004774,Baix Gaià - 43144-0008,354656,4559996
before_2007,0000,F004777,Baix Gaià - 43050-0005,370131.42,4559063.27
before_2007,0000,F004778,Garraf - 08270-0024,404819,4566025
before_2007,0000,F004780,Garraf - 43163-0009,377292,4563377
before_2007,0000,F004781,Baix Gaià - 43163-0010,373448.64,4561466.05
before_2007,0000,F004782,Baix Gaià - 43163-0005,375791,4563168
before_2007,0000,F004783,Baix Gaià - 43163-0007,376247,4561623
before_2007,0000,F004785,Garraf - 43163-0008,378557,4563704
before_2007,0000,F004787,Garraf - 08074-0004,386861,4562552
before_2007,0000,F004794,Garraf - 43051-0003,385009,4562021
before_2007,0000,F004796,Baix Gaià - 43097-0006,364136,4560731
before_2007,0000,F004798,Garraf - 08307-0057,392640.02,4567319.62
before_2007,0000,F004804,Baix Gaià - 43043-0009,359256,4558296
before_2007,0000,F004805,Baix Gaià - 43043-0014,359365,4558006
before_2007,0000,F004808,Garraf - 08074-0005,387791,4564071
before_2007,0000,F004809,Garraf - 08074-0006,388100,4562316
before_2007,0000,F004810,Garraf - 08043-0006,392112,4570128
before_2007,0000,F004811,Bloc del Gaià-Bonastre - 43135-0003,361810.65,4565121.15
before_2007,0000,F004812,Garraf - 08043-0014,392971.74,4570695.92
before_2007,0000,F004814,Garraf - 08231-0013,398649,4569459
before_2007,0000,F004815,Garraf - 08074-0014,388412,4563945
before_2007,0000,F004816,Bloc del Gaià-Bonastre - 43079-0005,369133.69,4568345.1
before_2007,0000,F004817,Garraf - 43051-0008,384997,4561822
before_2007,0000,F004825,Garraf - 43043-0006,358846,4559046
before_2007,0000,F004827,Bloc del Gaià-Bonastre - 43030-0020,369571,4563257
before_2007,0000,F004830,Garraf - 43051-0011,385392,4563105
before_2007,0000,F004831,Garraf - 43037-0019,379996,4563001
before_2007,0000,F004832,Baix Gaià - 43043-0005,355321,4556866
before_2007,0000,F004839,Alt Camp - 43161-0139,353415,4572745
before_2007,0000,F004845,Alt Camp - 43001-0026,366256.77,4580204.14
before_2007,0000,F004848,Bloc del Gaià-Bonastre - 43090-0004,370098,4575260
before_2007,0000,F004853,Baix Camp - 43129-0135,336074,4556206
before_2007,0000,F004857,Alt Camp - 43098-0022,356126,4567746
before_2007,0000,F004858,Calcàries de l'Alt Foix-Gaià - 43113-0004,363335.79,4582916.16
before_2007,0000,F004867,Baix Gaià - 43043-0013,360476,4561246
before_2007,0000,F004868,Llaberia - Prades meridional - 43167-0015,327042.51,4553622.39
before_2007,0000,F004879,Bloc del Gaià-Bonastre - 43137-0031,378003.75,4575059.04
before_2007,0000,F004894,Baix Camp - 43005-0083,348972.67,4569830.25
before_2007,0000,F004896,Baix Camp - 43005-0085,347223.65,4567874.26
before_2007,0000,F004897,Alt Camp - 43001-0031,363066,4578836
before_2007,0000,F004899,Cadí-Port del Comte - 25185-0008,365209.24,4682104.1
before_2007,0000,F004905,Llaberia - Prades meridional - 43031-0006,332452,4561160
before_2007,0000,F004914,Baix Camp - 43033-0009,332735,4556811
before_2007,0000,F004915,Baix Camp - 43033-0018,331998,4558071
before_2007,0000,F004918,Baix Camp - 43047-0030,347173.58,4558266.25
before_2007,0000,F004920,Baix Camp - 43005-0068,348244.68,4571102.26
before_2007,0000,F004926,Alt Camp - 43161-0179,353106,4572546
before_2007,0000,F004934,Baix Francolí - 43171-0055,347117,4550454
before_2007,0000,F004937,Baix Camp - 43033-0012,332244.55,4557443.36
before_2007,0000,F004938,Baix Camp - 43145-0017,343939,4563462
before_2007,0000,F004939,Baix Camp - 43145-0026,346422.6,4561850.26
before_2007,0000,F004940,Baix Camp - 43005-0084,346651.64,4566747.26
before_2007,0000,F004941,Baix Camp - 43161-0148,351040.66,4568531.23
before_2007,0000,F004942,Baix Camp - 43005-0067,347866.65,4568051.26
before_2007,0000,F004944,Alt Camp - 43161-0137,355705,4573692
before_2007,0000,F004945,Alt Camp - 43160-0042,353956,4568656
before_2007,0000,F004947,Alt Camp - 43160-0048,353215.66,4567521.22
before_2007,0000,F004952,Alt Camp - 43161-0178,354856,4575176
before_2007,0000,F004953,Alt Camp - 43161-0169,355084,4575199
before_2007,0000,F004955,Alt Camp - 43161-0145,353850,4572752
before_2007,0000,F004956,Alt Camp - 43161-0129,353641,4572682
before_2007,0000,F004957,Baix Camp - 43167-0047,329438.51,4553118.37
before_2007,0000,F004959,Baix Camp - 43007-0110,336321,4560703
before_2007,0000,F004963,Alt Camp - 43161-0147,355285.72,4575156.21
before_2007,0000,F004964,Alt Camp - 43161-0149,355225.72,4575181.21
before_2007,0000,F004967,Alt Camp - 43161-0176,354559,4574559
before_2007,0000,F004969,Alt Camp - 43161-0159,352552,4570407
before_2007,0000,F004971,Alt Camp - 43161-0167,353005.69,4572109.22
before_2007,0000,F004972,Alt Camp - 43161-0136,355482,4573110
before_2007,0000,F004973,Baix Camp - 43095-0012,349530.61,4561646.23
before_2007,0000,F004974,Llaberia - Prades meridional - 43167-0014,328350.5,4552533.38
before_2007,0000,F004976,Llaberia - Prades meridional - 43007-0111,337233,4561310
before_2007,0000,F004978,Alt Camp - 43108-0043,358026,4581526
before_2007,0000,F004979,Baix Gaià - 43012-0031,364011,4556888
before_2007,0000,F004980,Baix Gaià - 43012-0025,362737,4555852
before_2007,0000,F004981,Baix Camp - 43092-0136,328505,4550646
before_2007,0000,F004982,Baix Francolí - 43047-0085,350722.58,4557616.22
before_2007,0000,F004983,Baix Camp - 43038-0096,333847.47,4547176.33
before_2007,0000,F004984,Baix Camp - 43092-0137,329561,4548457
before_2007,0000,F004985,Baix Camp - 43092-0128,332105,4546190
before_2007,0000,F004986,Alt Camp - 43160-0047,353505.66,4568046.21
before_2007,0000,F004987,Baix Camp - 43095-0013,349280.61,4561646.24
before_2007,0000,F004989,Baix Camp - 43095-0015,349855.61,4561746.23
before_2007,0000,F004990,Baix Gaià - 43111-0016,366640,4561210
before_2007,0000,F004992,Baix Francolí - 43907-0007,347053.53,4551574.24
before_2007,0000,F004994,Baix Francolí - 43148-0027,351476,4555006
before_2007,0000,F004995,Baix Francolí - 43148-0006,350321,4552467
before_2007,0000,F004997,Baix Francolí - 43148-0008,351412,4553359
before_2007,0000,F004998,Baix Francolí - 43148-0012,351862,4553244
before_2007,0000,F004999,Alt Camp - 43089-0005,362609,4569525
before_2007,0000,F005000,Baix Camp - 43123-0172,339311,4559863
before_2007,0000,F005001,Alt Camp - 43161-0175,353356,4572885
before_2007,0000,F005002,Llaberia - Prades meridional - 43033-0013,331303,4555884
before_2007,0000,F005003,Baix Camp - 43038-0094,332619,4551669
before_2007,0000,F005005,Bloc del Gaià-Bonastre - 43137-0009,376395.93,4572782.75
before_2007,0000,F005006,Baix Gaià - 43103-0020,353899,4561532
before_2007,0000,F005007,Baix Camp - 43109-0015,349068.6,4561284.24
before_2007,0000,F005009,Alt Camp - 43066-0002,352959.62,4563350.21
before_2007,0000,F005010,Baix Gaià - 43144-0005,355739,4561497
before_2007,0000,F005011,Sorres de Santa Oliva - 43137-0007,378882.74,4573244.03
before_2007,0000,F005012,Bloc del Gaià-Bonastre - 43137-0023,379606.75,4574538.03
before_2007,0000,F005013,Alt Camp - 43010-0016,357904.71,4573906.19
before_2007,0000,F005014,Alt Camp - 43098-0006,357244,4568014
before_2007,0000,F005015,Baix Camp - 43092-0142,328723,4544392
before_2007,0000,F005016,Baix Gaià - 43100-0008,354746.6,4559738.19
before_2007,0000,F005017,Baix Camp - 43129-0139,338256,4552564
before_2007,0000,F005018,Baix Francolí - 43171-0012,347391,4550996
before_2007,0000,F005020,Calcàries de l'Alt Foix-Gaià - 43001-0037,372156,4582476
before_2007,0000,F005021,Baix Camp - 43145-0105,347013.62,4564125.26
before_2007,0000,F005022,Baix Camp - 43038-0016,333471,4552337
before_2007,0000,F005024,Alt Camp - 43160-0038,353330,4568915
before_2007,0000,F005025,Alt Camp - 43160-0037,353328,4568915.22
before_2007,0000,F005032,Baix Francolí - 43123-0173,346460,4553120
before_2007,0000,F005033,Baix Francolí - 43047-0020,351767,4558286
before_2007,0000,F005035,Baix Gaià - 43153-0015,368513,4557863
before_2007,0000,F005036,Baix Gaià - 43050-0013,370062.82,4559030.57
before_2007,0000,F005037,Baix Francolí - 43171-0023,346363,4551071
before_2007,0000,F005038,Baix Camp - 43007-0107,337602,4561055
before_2007,0000,F005039,Baix Camp - 43080-0015,351019.65,4567087.23
before_2007,0000,F005040,Bloc del Gaià-Bonastre - 43165-0006,361692,4566546
before_2007,0000,F005041,Baix Camp - 43038-0095,336721,4548463
before_2007,0000,F005042,Baix Camp - 43038-0023,332453,4548258
before_2007,0000,F005043,Baix Gaià - 43144-0026,356123,4562338
before_2007,0000,F005044,Alt Camp - 43098-0017,355302,4569435
before_2007,0000,F005045,Baix Gaià - 43148-0026,353351.56,4554549.19
before_2007,0000,F005046,Baix Camp - 43129-0138,336174,4556461
before_2007,0000,F005047,Baix Francolí - 43047-0027,351222,4558578
before_2007,0000,F005048,Alt Camp - 43161-0174,353021,4571211
before_2007,0000,F005049,Baix Francolí - 43047-0029,350856,4558926
before_2007,0000,F005050,Baix Francolí - 43047-0033,351472,4557590
before_2007,0000,F005051,Alt Camp - 43034-0002,360136,4570326
before_2007,0000,F005052,Alt Camp - 43034-0003,360806,4570421
before_2007,0000,F005053,Baix Francolí - 43148-0013,351753.57,4555851.21
before_2007,0000,F005055,Baix Camp - 43038-0017,335579,4549527
before_2007,0000,F005058,Alt Camp - 43098-0020,356350,4568570
before_2007,0000,F005059,Alt Camp - 43119-0016,357056,4571106
before_2007,0000,F005061,Baix Camp - 43907-0004,346007,4555575
before_2007,0000,F005063,Baix Camp - 43092-0134,325764,4541258
before_2007,0000,F005066,Baix Camp - 43092-0138,331763,4545662
before_2007,0000,F005067,Baix Camp - 43092-0141,328041,4544651
before_2007,0000,F005068,Baix Camp - 43092-0140,329137,4550184
before_2007,0000,F005069,Baix Camp - 43092-0130,329115,4549952
before_2007,0000,F005070,Llaberia - Prades meridional - 43092-0129,327433,4551330
before_2007,0000,F005071,Baix Camp - 43092-0127,330905,4545596
before_2007,0000,F005072,Llaberia - Prades meridional - 43128-0008,330510,4559150
before_2007,0000,F005073,Baix Camp - 43038-0018,333510,4549231
before_2007,0000,F005074,Baix Camp - 43092-0097,329221,4544572
before_2007,0000,F005075,Baix Camp - 43083-0016,349655.65,4568046.24
before_2007,0000,F005076,Baix Camp - 43092-0132,328805,4547796
before_2007,0000,F005077,Baix Camp - 43092-0139,326600,4542598
before_2007,0000,F005078,Llaberia - Prades meridional - 43127-0075,328006,4554646
before_2007,0000,F005079,Baix Camp - 43171-0019,344105.53,4553171.26
before_2007,0000,F005080,Baix Camp - 43095-0014,349905.61,4561646.23
before_2007,0000,F005081,Baix Francolí - 43095-0011,351241,4563391
before_2007,0000,F005083,Baix Camp - 43171-0060,341415.51,4551144.28
before_2007,0000,F005085,Baix Camp - 43092-0133,325686,4540587
before_2007,0000,F005086,Baix Camp - 43905-0013,341254.5,4549423.28
before_2007,0000,F005089,Baix Camp - 43047-0016,346775.58,4559116.25
before_2007,0000,F005090,Baix Camp - 43123-0169,341558.57,4558486.29
before_2007,0000,F005091,Baix Camp - 43047-0014,345294.58,4559170.26
before_2007,0000,F005092,Baix Camp - 43047-0032,346365.57,4557576.25
before_2007,0000,F005093,Baix Camp - 43005-0066,347776,4570903
before_2007,0000,F005095,Baix Francolí - 43905-0004,344082.5,4549246.26
before_2007,0000,F005096,Baix Camp - 43171-0013,343933.53,4552969.26
before_2007,0000,F005098,Baix Camp - 43171-0018,343895.53,4553031.26
before_2007,0000,F005099,Baix Francolí - 43905-0002,342450,4549259
before_2007,0000,F005100,Baix Francolí - 43905-0014,343918,4549130
before_2007,0000,F005102,Baix Camp - 43038-0014,335805,4547996
before_2007,0000,F005104,Baix Francolí - 43905-0005,343379,4549307
before_2007,0000,F005105,Baix Camp - 43178-0013,338694,4551533
before_2007,0000,F005106,Llaberia - Prades meridional - 43081-0017,334692,4562138
before_2007,0000,F005108,Baix Camp - 43038-0011,333456,4551996
before_2007,0000,F005111,Baix Camp - 43129-0136,336181,4556396
before_2007,0000,F005114,Baix Camp - 43129-0133,339081,4552238
before_2007,0000,F005120,Alt Camp - 43170-0012,361446,4573426
before_2007,0000,F005121,Baix Camp - 43123-0142,339395.6,4557396.3
before_2007,0000,F005125,Baix Camp - 43123-0162,339976,4557311
before_2007,0000,F005127,Baix Camp - 43123-0153,346505.56,4556016.25
before_2007,0000,F005128,Baix Camp - 43123-0229,344858,4554523
before_2007,0000,F005130,Baix Camp - 43123-0145,340776,4558642
before_2007,0000,F005131,Baix Camp - 43123-0140,340755.57,4558459.3
before_2007,0000,F005133,Baix Camp - 43162-0019,324145,4542850
before_2007,0000,F005134,Llaberia - Prades meridional - 43167-0019,326555.51,4553396.4
before_2007,0000,F005135,Baix Camp - 43166-0018,348144,4564044
before_2007,0000,F005136,Baix Camp - 43166-0017,348165,4564035
before_2007,0000,F005141,Llaberia - Prades meridional - 43145-0106,343346,4564463
before_2007,0000,F005144,Baix Camp - 43162-0021,325263,4540232
before_2007,0000,F005149,Baix Gaià - 43144-0014,355886,4563494
before_2007,0000,F005151,Baix Gaià - 43144-0007,356281,4563171
before_2007,0000,F005152,Alt Camp - 43144-0004,354719,4563759
before_2007,0000,F005153,Alt Camp - 43108-0009,357146,4577846
before_2007,0000,F005155,Baix Camp - 43047-0011,348945.57,4557066.23
before_2007,0000,F005157,Baix Camp - 43047-0019,348632,4555858
before_2007,0000,F005164,Baix Camp - 43129-0035,336454,4556206
before_2007,0000,F005168,Baix Camp - 43134-0015,350655.64,4565346.23
before_2007,0000,F005172,Llaberia - Prades meridional - 43011-0015,341643.6,4562453.3
before_2007,0000,F005176,Llaberia - Prades meridional - 43033-0007,331206,4556046
before_2007,0000,F005178,Baix Camp - 43033-0015,331803.54,4556617.36
before_2007,0000,F005180,Baix Camp - 43005-0074,346605.66,4569496.27
before_2007,0000,F005183,Baix Francolí - 43907-0005,348421,4551981
before_2007,0000,F005184,Baix Camp - 43038-0019,333806,4552821
before_2007,0000,F005185,Baix Camp - 43005-0033,346408,4569708
before_2007,0000,F005186,Baix Camp - 43005-0070,346505.66,4569596.27
before_2007,0000,F005188,Baix Camp - 43005-0072,348812,4571068
before_2007,0000,F005189,Baix Camp - 43033-0019,331406,4555596
before_2007,0000,F005190,Baix Camp - 43088-0058,332388,4554164
before_2007,0000,F005193,Baix Francolí - 43109-0017,351271,4559951
before_2007,0000,F005197,Baix Camp - 43033-0017,331627.95,4558094.77
before_2007,0000,F005199,Baix Camp - 43145-0025,346649.62,4564200.26
before_2007,0000,F005202,Baix Camp - 43038-0012,334746,4550765
before_2007,0000,F005205,Baix Camp - 43178-0020,337248,4549431
before_2007,0000,F005206,Baix Camp - 43038-0028,332462,4548257
before_2007,0000,F005210,Baix Camp - 43178-0016,337331,4548184
before_2007,0000,F005213,Baix Camp - 43038-0027,335672.49,4549680.32
before_2007,0000,F005214,Baix Camp - 43038-0025,335878.49,4549578.32
before_2007,0000,F005215,Baix Camp - 43038-0015,338137.49,4549156.3
before_2007,0000,F005216,Baix Camp - 43038-0050,337979.49,4548367.3
before_2007,0000,F005219,Baix Camp - 43047-0031,345065.58,4559596.27
before_2007,0000,F005226,Baix Camp - 43033-0016,330955.53,4554846.37
before_2007,0000,F005228,Baix Francolí - 43047-0021,351256,4558986
before_2007,0000,F005229,Baix Camp - 43905-0011,343036.52,4551132.27
before_2007,0000,F005230,Baix Camp - 43047-0017,346985.57,4557476.25
before_2007,0000,F005232,Baix Camp - 43033-0011,331416,4555750
before_2007,0000,F005235,Baix Camp - 43038-0021,334415,4549195
before_2007,0000,F005236,Baix Camp - 43038-0020,332485.48,4548286.34
before_2007,0000,F005239,Priorat - 43112-0007,318955.59,4566096.47
before_2007,0000,F005240,Priorat - 43069-0012,314219,4562753
before_2007,0000,F005241,Fossa de Móra - 43058-0002,309362,4566317
before_2007,0000,F005242,Priorat - 43023-0007,313526.45,4558956.68
before_2007,0000,F005243,Priorat - 43055-0127,314451,4557641
before_2007,0000,F005244,N/D - Subterrània - 43096-0007,316946.9,4570696
before_2007,0000,F005245,Priorat - 43055-0016,316581,4557096
before_2007,0000,F005246,Priorat - 43040-0002,313755.5,4553877.5
before_2007,0000,F005247,Fossa de Móra - 43151-0006,321906,4554606
before_2007,0000,F005248,Priorat - 43114-0014,321182.17,4560826.55
before_2007,0000,F005249,Fossa de Móra - 43067-0056,300202,4544143
before_2007,0000,F005253,Fossa de Móra - 43065-0022,302642,4556380
before_2007,0000,F005255,Fossa de Móra - 43084-0105,298655,4545897
before_2007,0000,F005258,Fossa de Móra - 43150-0032,309885,4545697
before_2007,0000,F005259,Fossa de Móra - 43094-0075,303395,4553172
before_2007,0000,F005260,Fossa de Móra - 43094-0012,303155.46,4551546.57
before_2007,0000,F005261,Fossa de Móra - 43025-0087,292092,4539204
before_2007,0000,F005263,Fossa de Móra - 43093-0120,298105,4550697
before_2007,0000,F005264,Fossa de Móra - 43026-0039,300461,4548292
before_2007,0000,F005268,Fossa de Móra - 43150-0012,303668,4549151
before_2007,0000,F005269,Fossa de Móra - 43094-0047,301934.47,4553550.58
before_2007,0000,F005270,Fossa de Móra - 43082-0012,309784,4555799
before_2007,0000,F005273,Fossa de Móra - 43151-0004,322165.51,4554596.43
before_2007,0000,F005274,Fossa de Móra - 43150-0010,302976,4547910
before_2007,0000,F005276,Fossa de Móra - 43121-0047,300620,4540572
before_2007,0000,F005277,Fossa de Móra - 43093-0079,302629.44,4549630.57
before_2007,0000,F005278,Fossa de Móra - 43084-0106,295880,4547572
before_2007,0000,F005282,Fossa de Móra - 43150-0026,303611,4549124
before_2007,0000,F005285,Fossa de Móra - 43150-0013,303901,4540407
before_2007,0000,F005286,l'Ametlla de Mar- Perelló - 43013-0184,315776,4529665
before_2007,0000,F005287,l'Ametlla de Mar- Perelló - 43906-0015,307317,4521979
before_2007,0000,F005289,Cardó - Vandellòs - 43155-0999,296922,4517599
before_2007,0000,F005290,l'Ametlla de Mar- Perelló - 43906-0154,308895,4521846
before_2007,0000,F005291,l'Ametlla de Mar- Perelló - 43013-0171,312758,4530336
before_2007,0000,F005292,l'Ametlla de Mar- Perelló - 43013-0181,313455,4527496
before_2007,0000,F005294,l'Ametlla de Mar- Perelló - 43013-0183,312655.3,4528746.46
before_2007,0000,F005296,l'Ametlla de Mar- Perelló - 43013-0212,313555,4528896
before_2007,0000,F005297,l'Ametlla de Mar- Perelló - 43013-0238,315094,4532213
before_2007,0000,F005298,l'Ametlla de Mar- Perelló - 43013-0188,314745,4532354
before_2007,0000,F005300,l'Ametlla de Mar- Perelló - 43013-0182,314972,4534188
before_2007,0000,F005304,l'Ametlla de Mar- Perelló - 43013-0179,314605,4530746
before_2007,0000,F005305,l'Ametlla de Mar- Perelló - 43013-0191,307755,4532347
before_2007,0000,F005307,l'Ametlla de Mar- Perelló - 43013-0176,310255,4524546
before_2007,0000,F005308,Cardó - Vandellòs - 43906-0160,303005,4518794
before_2007,0000,F005309,Cardó - Vandellòs - 43155-0217,293470,4522827
before_2007,0000,F005310,l'Ametlla de Mar- Perelló - 43104-0050,306812,4527260
before_2007,0000,F005312,l'Ametlla de Mar- Perelló - 43104-0046,307550,4528402
before_2007,0000,F005313,Cardó - Vandellòs - 43906-0019,303105,4520847
before_2007,0000,F005314,Delta de l'Ebre - 43906-0428,304900,4518432
before_2007,0000,F005315,l'Ametlla de Mar- Perelló - 43906-0362,305175,4523107
before_2007,0000,F005316,l'Ametlla de Mar- Perelló - 43104-0051,309131,4522619
before_2007,0000,F005317,Cardó - Vandellòs - 43104-0053,301251,4521650
before_2007,0000,F005318,l'Ametlla de Mar- Perelló - 43906-0157,306562,4521778
before_2007,0000,F005319,l'Ametlla de Mar- Perelló - 43906-0155,306414,4520890
before_2007,0000,F005320,l'Ametlla de Mar- Perelló - 43013-0186,310755,4524846
before_2007,0000,F005321,Cardó - Vandellòs - 43906-0022,303655,4518147
before_2007,0000,F005323,Fossa de Móra - 43106-0010,292255,4545897
before_2007,0000,F005324,l'Ametlla de Mar- Perelló - 43906-0159,306108,4520011
before_2007,0000,F005325,l'Ametlla de Mar- Perelló - 43906-0431,304805,4521592
before_2007,0000,F005326,Delta de l'Ebre - 43906-0018,304242.2,4517227.51
before_2007,0000,F005327,Cardó - Vandellòs - 43906-0388,304165,4519552
before_2007,0000,F005328,l'Ametlla de Mar- Perelló - 43906-0161,305533,4520977
before_2007,0000,F005329,Plana d'Alcanar - 43004-0239,290004.98,4490646.58
before_2007,0000,F005330,Plana d'Alcanar - 43004-0237,294755.03,4496996.55
before_2007,0000,F005331,Serra del Montsià - 43136-0017,296480.07,4501496.54
before_2007,0000,F005332,Serra del Montsià - 43136-0008,293905.06,4500796.56
before_2007,0000,F005333,Serra del Montsià - 43136-0019,295885,4500343
before_2007,0000,F005334,Plana de Vinaròs_Cat - 43004-0235,288768,4489263
before_2007,0000,F005335,Serra del Montsià - 43062-0001,288945.08,4504821.61
before_2007,0000,F005336,Mesozoic de la Galera - 43156-0043,277530.03,4500741.69
before_2007,0000,F005337,Mesozoic de la Galera - 43063-0006,284009.1,4508394.65
before_2007,0000,F005338,Plana d'Alcanar - 43004-0230,294255.04,4498296.56
before_2007,0000,F005339,Mesozoic de la Galera - 43068-0009,285410.08,4505436.63
before_2007,0000,F005340,Plana d'Alcanar - 43004-0047,290304.99,4492606.58
before_2007,0000,F005343,Plana de la Galera - 43068-0017,282965.06,4502931.65
before_2007,0000,F005345,Serra del Montsià - 43136-0009,293851.06,4501564.56
before_2007,0000,F005346,Plana d'Alcanar - 43004-0236,290905,4494096.57
before_2007,0000,F005347,Plana de la Galera - 43078-0070,291592.13,4510712.6
before_2007,0000,F005348,Plana d'Alcanar - 43136-0014,295814.05,4499207.55
before_2007,0000,F005350,Plana de la Galera - 43063-0005,288722.11,4508445.61
before_2007,0000,F005352,Plana de la Galera - 43138-0002,288724,4512489
before_2007,0000,F005354,Mesozoic de la Galera - 43133-0344,282105.18,4519886.68
before_2007,0000,F005355,N/D - Subterrània - 43177-0012,298781,4561697
before_2007,0000,F005358,Plana de la Galera - 43156-0079,280858.04,4500534.66
before_2007,0000,F005359,Plana d'Alcanar - 43004-0240,291786,4493885.57
before_2007,0000,F005360,Mesozoic de la Galera - 43044-0001,271355.05,4504871.74
before_2007,0000,F005361,Plana de la Galera - 43078-0052,292654,4509555
before_2007,0000,F005362,Plana de la Galera - 43063-0027,284451.3,4506795.2
before_2007,0000,F005363,Delta de l'Ebre - 43014-0526,296350,4508143
before_2007,0000,F005367,Cardó - Vandellòs - 43155-0268,292115,4527842
before_2007,0000,F005368,Plana d'Alcanar - 43136-0031,295145.05,4500071.55
before_2007,0000,F005369,Delta de l'Ebre - 43136-0010,297200,4501374
before_2007,0000,F005371,Mesozoic de la Galera - 43014-0519,293951.12,4509376.58
before_2007,0000,F005372,Plana de la Sènia_Cat - 43156-0036,287245.02,4497086.61
before_2007,0000,F005373,Plana de la Galera - 43155-1007,283580.23,4525271.68
before_2007,0000,F005374,Serra del Montsià - 43014-0522,292650.7,4506158.7
before_2007,0000,F005375,Mesozoic de la Galera - 43155-1005,287640.16,4515621.63
before_2007,0000,F005376,Plana de la Sènia_Cat - 43156-0030,282665.01,4497291.64
before_2007,0000,F005377,Mesozoic de la Galera - 43133-0335,283680.16,4515636.66
before_2007,0000,F005378,Ports de Tortosa - 43077-0007,277195.11,4511161.71
before_2007,0000,F005379,Serra del Montsià - 43156-0080,288397.06,4502409.61
before_2007,0000,F005383,Fluviodeltaic del Fluvià - Muga - 17132-0044,503040,4681125
before_2007,0000,F005385,Detrític neogen de l'Empordà - 17030-0014,497094.77,4684926.31
before_2007,0000,F005386,Fluviodeltaic del Fluvià - Muga - 17074-0004,503672.71,4676214.24
before_2007,0000,F005387,Fluviodeltaic del Fluvià - Muga - 17151-0003,503331.7,4674762.24
before_2007,0000,F005388,Fluviodeltaic del Fluvià - Muga - 17074-0003,501780.72,4677182.26
before_2007,0000,F005390,Fluviodeltaic del Fluvià - Muga - 17225-0011,504783.68,4670978.23
before_2007,0000,F005391,Fluviodeltaic del Fluvià - Muga - 17066-0013,499074.74,4680229.28
before_2007,0000,F005392,Fluviodeltaic del Fluvià - Muga - 17230-0007,501736.73,4679283.26
before_2007,0000,F005393,Fluviodeltaic del Fluvià - Muga - 17047-0035,504819,4677781
before_2007,0000,F005394,Fluviodeltaic del Fluvià - Muga - 17047-0034,507373.73,4677182.22
before_2007,0000,F005397,Fluviodeltaic del Fluvià - Muga - 17225-0005,503966.68,4671025.23
before_2007,0000,F005401,Fluviodeltaic del Fluvià - Muga - 17030-0011,498139.77,4684123.3
before_2007,0000,F005413,Detrític neogen de l'Empordà - 17210-0020,505636.63,4665075.21
before_2007,0000,F005414,Detrític neogen de l'Empordà - 17210-0026,502216.64,4666605.24
before_2007,0000,F005415,Detrític neogen de l'Empordà - 17210-0032,502206.64,4666605.24
before_2007,0000,F005416,Fluviodeltaic del Fluvià - Muga - 17210-0030,500536.65,4668275.25
before_2007,0000,F005417,Fluviodeltaic del Fluvià - Muga - 17210-0027,505156.66,4668715.22
before_2007,0000,F005418,Detrític neogen de l'Empordà - 17175-0004,499242,4668780
before_2007,0000,F005419,Detrític neogen de l'Empordà - 17175-0006,499136.65,4668885.27
before_2007,0000,F005420,Detrític neogen de l'Empordà - 17175-0005,499146.65,4668915.27
before_2007,0000,F005421,Fluviodeltaic del Fluvià - Muga - 17176-0005,499406.65,4668345.26
before_2007,0000,F005422,Fluviodeltaic del Baix Ter - 17004-0018,506437,4660850
before_2007,0000,F005425,Detrític neogen de l'Empordà - 17030-0010,496746.75,4682845.31
before_2007,0000,F005426,Fluviodeltaic del Fluvià - Muga - 17011-0002,507056.66,4668195.2
before_2007,0000,F005427,Detrític neogen de l'Empordà - 17210-0035,506156.64,4665550.21
before_2007,0000,F005428,Fluviodeltaic del Fluvià - Muga - 17210-0031,505741.64,4666460.21
before_2007,0000,F005429,Fluviodeltaic del Fluvià - Muga - 17210-0036,505306.64,4666500.22
before_2007,0000,F005430,Fluviodeltaic del Fluvià - Muga - 17210-0028,505221.64,4666100.22
before_2007,0000,F005431,Fluviodeltaic del Fluvià - Muga - 17210-0042,504406.64,4666845.22
before_2007,0000,F005432,Detrític neogen de l'Empordà - 17198-0010,503226.68,4672100.24
before_2007,0000,F005433,Fluviodeltaic del Fluvià - Muga - 17198-0017,503386.68,4671255.24
before_2007,0000,F005434,Fluviodeltaic del Fluvià - Muga - 17198-0011,503376.66,4669170.23
before_2007,0000,F005435,Fluviodeltaic del Fluvià - Muga - 17217-0010,507356.63,4664795.2
before_2007,0000,F005436,Fluviodeltaic del Fluvià - Muga - 17198-0014,501746.65,4668635.25
before_2007,0000,F005437,Paleògens del Baix Ter - 17004-0043,504441.61,4661675.21
before_2007,0000,F005438,Fluviodeltaic del Fluvià - Muga - 17132-0004,500691.77,4684563.28
before_2007,0000,F005443,Fluviodeltaic del Fluvià - Muga - 17182-0010,497016.7,4676015.29
before_2007,0000,F005444,Fluviodeltaic del Fluvià - Muga - 17005-0011,498196.71,4676235.28
before_2007,0000,F005445,Fluviodeltaic del Fluvià - Muga - 17005-0003,499306.72,4677945.28
before_2007,0000,F005446,Detrític neogen de l'Empordà - 17005-0014,499556.71,4676535.27
before_2007,0000,F005447,Detrític neogen de l'Empordà - 17198-0008,501685.66,4669470.25
before_2007,0000,F005448,Fluviodeltaic del Fluvià - Muga - 17230-0008,501596.73,4679265.26
before_2007,0000,F005449,Fluviodeltaic del Fluvià - Muga - 17230-0002,501656,4679220
before_2007,0000,F005450,Fluviodeltaic del Fluvià - Muga - 17182-0006,496196.7,4675885.3
before_2007,0000,F005452,Fluviodeltaic del Fluvià - Muga - 17066-0006,497056.74,4680850.3
before_2007,0000,F005453,Fluviodeltaic del Fluvià - Muga - 17230-0005,501506.73,4679315.26
before_2007,0000,F005454,Fluviodeltaic del Fluvià - Muga - 17230-0006,501456.73,4679235.26
before_2007,0000,F005455,Fluviodeltaic del Fluvià - Muga - 17230-0009,501526.73,4679245.26
before_2007,0000,F005456,Fluviodeltaic del Fluvià - Muga - 17030-0007,498036.76,4683995.3
before_2007,0000,F005457,Fluviodeltaic del Fluvià - Muga - 17030-0013,498211.76,4683855.3
before_2007,0000,F005458,Fluviodeltaic del Fluvià - Muga - 17030-0016,498161.76,4683825.3
before_2007,0000,F005459,Fluviodeltaic del Fluvià - Muga - 17030-0015,498181.77,4684025.3
before_2007,0000,F005460,Fluviodeltaic del Fluvià - Muga - 17005-0013,497989,4676808
before_2007,0000,F005461,Fluviodeltaic del Fluvià - Muga - 17030-0009,497866.77,4684475.3
before_2007,0000,F005462,Fluviodeltaic del Fluvià - Muga - 17030-0018,497316.76,4684125.3
before_2007,0000,F005463,Fluviodeltaic del Fluvià - Muga - 17198-0016,501721.65,4668725.25
before_2007,0000,F005464,Fluviodeltaic del Fluvià - Muga - 17230-0003,501681.73,4679255.26
before_2007,0000,F005465,Fluviodeltaic del Fluvià - Muga - 17217-0011,507326.63,4664755.2
before_2007,0000,F005466,Fluviodeltaic del Baix Ter - 17062-0002,508967,4662835
before_2007,0000,F005468,Fluviodeltaic del Fluvià - Muga - 17062-0006,508084.65,4666638.19
before_2007,0000,F005469,Fluviodeltaic del Baix Ter - 17062-0003,508761,4664486
before_2007,0000,F005470,Fluviodeltaic del Fluvià - Muga - 17178-0055,508234.7,4668752.2
before_2007,0000,F005471,Fluviodeltaic del Fluvià - Muga - 17178-0052,509315.65,4666715.19
before_2007,0000,F005472,Fluviodeltaic del Fluvià - Muga - 17178-0054,508206.67,4669775.2
before_2007,0000,F005473,Fluviodeltaic del Fluvià - Muga - 17178-0051,508526.69,4672065.2
before_2007,0000,F005474,Fluviodeltaic del Fluvià - Muga - 17178-0056,507286.68,4670455.21
before_2007,0000,F005475,Fluviodeltaic del Fluvià - Muga - 17178-0053,506563.28,4671274.21
before_2007,0000,F005476,Fluviodeltaic del Fluvià - Muga - 17178-0049,507886.69,4671775.2
before_2007,0000,F005477,Fluviodeltaic del Fluvià - Muga - 17225-0009,504821.68,4671565.23
before_2007,0000,F005478,Fluviodeltaic del Fluvià - Muga - 17210-0025,505656.64,4665995.21
before_2007,0000,F005480,Fluviodeltaic del Fluvià - Muga - 17074-0013,503356.71,4676245.25
before_2007,0000,F005481,Fluviodeltaic del Fluvià - Muga - 17005-0015,499566.72,4677302.28
before_2007,0000,F005482,Fluviodeltaic del Fluvià - Muga - 17005-0010,499464.72,4677600.28
before_2007,0000,F005484,Fluviodeltaic del Baix Ter - 17062-0004,508930,4662090
before_2007,0000,F005485,Fluviodeltaic del Fluvià - Muga - 17074-0006,503293.71,4676196.25
before_2007,0000,F005486,Detrític neogen de l'Empordà - 17210-0041,505641.63,4665072.21
before_2007,0000,F005487,Detrític neogen de l'Empordà - 17210-0034,502196.64,4666605.24
before_2007,0000,F005488,Fluviodeltaic del Fluvià - Muga - 17210-0023,500563.65,4668182.25
before_2007,0000,F005491,Fluviodeltaic del Fluvià - Muga - 17178-0050,506466.69,4673068.22
before_2007,0000,F005492,Fluviodeltaic del Fluvià - Muga - 17047-0024,507099.6,4675102.5
before_2007,0000,F005493,Fluviodeltaic del Fluvià - Muga - 17225-0007,504821.68,4671400.23
before_2007,0000,F005494,Fluviodeltaic del Fluvià - Muga - 17225-0004,504821.68,4671605.23
before_2007,0000,F005495,Fluviodeltaic del Fluvià - Muga - 17225-0016,504526.68,4671655.23
before_2007,0000,F005496,Fluviodeltaic del Fluvià - Muga - 17225-0008,504806.68,4671440.23
before_2007,0000,F005497,Fluviodeltaic del Fluvià - Muga - 17047-0010,508045,4672870
before_2007,0000,F005498,Fluviodeltaic del Fluvià - Muga - 17047-0016,507632.72,4675741.21
before_2007,0000,F005499,Fluviodeltaic del Fluvià - Muga - 17225-0012,505141,4671666
before_2007,0000,F005500,Fluviodeltaic del Fluvià - Muga - 17225-0010,504681.68,4671385.23
before_2007,0000,F005501,Fluviodeltaic del Fluvià - Muga - 17047-0030,507946.7,4673325.21
before_2007,0000,F005502,Fluviodeltaic del Fluvià - Muga - 17225-0015,504821.68,4671485.23
before_2007,0000,F005503,Fluviodeltaic del Fluvià - Muga - 17047-0023,506696.72,4675815.22
before_2007,0000,F005504,Fluviodeltaic del Fluvià - Muga - 17210-0022,505156.65,4667295.22
before_2007,0000,F005505,Fluviodeltaic del Fluvià - Muga - 17047-0017,507429,4673694
before_2007,0000,F005506,Fluviodeltaic del Fluvià - Muga - 17047-0029,507863,4679747
before_2007,0000,F005507,Fluviodeltaic del Fluvià - Muga - 17047-0028,507626.72,4676365.21
before_2007,0000,F005508,Fluviodeltaic del Fluvià - Muga - 17047-0031,506526.73,4677645.22
before_2007,0000,F005511,Fluviodeltaic del Fluvià - Muga - 17225-0006,505106.68,4671530.22
before_2007,0000,F005514,Fluviodeltaic del Fluvià - Muga - 17047-0015,507376.73,4677195.22
before_2007,0000,F005516,Fluviodeltaic del Baix Ter - 17195-0043,504952,4658295
before_2007,0000,F005517,Fluviodeltaic del Baix Ter - 17018-0012,507455,4658402
before_2007,0000,F005519,Paleògens del Baix Ter - 17195-0025,504316.58,4658696.21
before_2007,0000,F005520,Fluviodeltaic del Baix Ter - 17068-0024,501993,4655724
before_2007,0000,F005521,Fluviodeltaic del Baix Ter - 17199-0036,513639,4652920
before_2007,0000,F005522,Fluviodeltaic del Baix Ter - 17068-0050,501581,4656051
before_2007,0000,F005523,Paleògens del Baix Ter - 17070-0007,508726.53,4651105.17
before_2007,0000,F005524,Fluviodeltaic del Baix Ter - 17004-0035,507177,4660975
before_2007,0000,F005525,Fluviodeltaic del Baix Ter - 17018-0013,507474.59,4658402.19
before_2007,0000,F005527,Detrític neogen de l'Empordà - 17085-0009,501151.56,4657005.23
before_2007,0000,F005528,Fluviodeltaic del Baix Ter - 17211-0018,504157,4657305
before_2007,0000,F005529,Paleògens del Baix Ter - 17211-0015,502636.57,4657265.22
before_2007,0000,F005530,Paleògens del Baix Ter - 17211-0016,503676.57,4656695.21
before_2007,0000,F005531,Fluviodeltaic del Baix Ter - 17211-0019,503927,4655795
before_2007,0000,F005532,Fluviodeltaic del Baix Ter - 17211-0021,503527,4656165
before_2007,0000,F005533,Fluviodeltaic del Baix Ter - 17070-0008,506916.54,4652525.18
before_2007,0000,F005534,Fluviodeltaic del Baix Ter - 17070-0013,507126.54,4652535.18
before_2007,0000,F005535,Paleògens del Baix Ter - 17070-0016,507796.54,4651795.17
before_2007,0000,F005536,N/D - Subterrània - 17018-0008,508207,4657555
before_2007,0000,F005537,Fluviodeltaic del Baix Ter - 17070-0006,509077,4650865
before_2007,0000,F005538,Fluviodeltaic del Baix Ter - 17018-0011,507632,4659055
before_2007,0000,F005539,Fluviodeltaic del Baix Ter - 17070-0017,509059,4650892
before_2007,0000,F005540,Paleògens del Baix Ter - 17070-0004,508876.53,4651015.16
before_2007,0000,F005541,Paleògens del Baix Ter - 17195-0024,505466.59,4659595.2
before_2007,0000,F005543,Paleògens del Baix Ter - 17195-0052,505666.59,4659775.2
before_2007,0000,F005544,Paleògens del Baix Ter - 17195-0040,503886.59,4659895.22
before_2007,0000,F005545,Fluviodeltaic del Baix Ter - 17211-0025,503712,4656215
before_2007,0000,F005546,Fluviodeltaic del Baix Ter - 17085-0008,500731.57,4657870.24
before_2007,0000,F005547,Paleògens del Baix Ter - 17195-0026,504866.58,4658855.21
before_2007,0000,F005548,Paleògens del Baix Ter - 17195-0023,504461.58,4658715.21
before_2007,0000,F005549,Paleògens del Baix Ter - 17195-0037,504436.58,4658675.21
before_2007,0000,F005550,Paleògens del Baix Ter - 17195-0042,504416.58,4658585.21
before_2007,0000,F005551,Paleògens del Baix Ter - 17195-0041,504656.58,4658525.21
before_2007,0000,F005552,Paleògens del Baix Ter - 17070-0005,508726.53,4650935.17
before_2007,0000,F005553,Fluviodeltaic del Baix Ter - 17195-0029,505282,4655635
before_2007,0000,F005554,Fluviodeltaic del Baix Ter - 17191-0023,505382,4652632
before_2007,0000,F005555,Paleògens del Baix Ter - 17085-0012,500560,4658596
before_2007,0000,F005556,Detrític neogen de l'Empordà - 17085-0005,500741.58,4659375.24
before_2007,0000,F005557,Paleògens del Baix Ter - 17085-0007,500756.57,4658195.24
before_2007,0000,F005559,Fluviodeltaic del Baix Ter - 17068-0016,501382,4655055
before_2007,0000,F005560,Fluviodeltaic del Baix Ter - 17068-0017,503047,4655655
before_2007,0000,F005561,Fluviodeltaic del Baix Ter - 17081-0003,510977,4652813
before_2007,0000,F005563,Fluviodeltaic del Baix Ter - 17081-0018,508521.55,4653542.17
before_2007,0000,F005564,Fluviodeltaic del Baix Ter - 17081-0004,508514.55,4653530.17
before_2007,0000,F005565,Paleògens del Baix Ter - 17055-0007,498761.58,4659223.25
before_2007,0000,F005566,Fluviodeltaic del Baix Ter - 17018-0009,507679,4658131
before_2007,0000,F005567,Detrític neogen de l'Empordà - 17218-0028,488826.56,4659155.33
before_2007,0000,F005568,Paleògens del Baix Ter - 17195-0039,505048.59,4658979.21
before_2007,0000,F005569,Fluviodeltaic del Baix Ter - 17195-0033,505152,4655807
before_2007,0000,F005571,Fluviodeltaic del Baix Ter - 17191-0019,505941.54,4652935.19
before_2007,0000,F005572,Paleògens del Baix Ter - 17191-0018,505581.53,4651920.19
before_2007,0000,F005573,Fluviodeltaic del Baix Ter - 17191-0010,505532,4652525
before_2007,0000,F005574,Paleògens del Baix Ter - 17085-0006,500818.57,4657785.24
before_2007,0000,F005575,Fluviodeltaic del Baix Ter - 17191-0022,505372,4652660
before_2007,0000,F005576,Fluviodeltaic del Baix Ter - 17191-0020,505727,4652690
before_2007,0000,F005577,Fluviodeltaic del Baix Ter - 17191-0017,506537,4653235
before_2007,0000,F005579,Paleògens del Baix Ter - 17211-0020,503891.57,4656645.21
before_2007,0000,F005580,Fluviodeltaic del Baix Ter - 17018-0016,509497,4661285
before_2007,0000,F005581,Fluviodeltaic del Baix Ter - 17018-0014,509417,4660795
before_2007,0000,F005582,Paleògens del Baix Ter - 17055-0006,498771.58,4659227.25
before_2007,0000,F005583,Fluviodeltaic del Baix Ter - 17199-0029,515786.54,4651312.11
before_2007,0000,F005584,Fluviodeltaic del Baix Ter - 17081-0006,510647.55,4652632.15
before_2007,0000,F005585,Fluviodeltaic del Baix Ter - 17081-0016,510651.55,4652625.15
before_2007,0000,F005586,Paleògens del Baix Ter - 17124-0009,514406.53,4649395.12
before_2007,0000,F005587,Paleògens del Baix Ter - 17124-0058,516006.53,4649195.11
before_2007,0000,F005588,Fluviodeltaic del Baix Ter - 17070-0014,512212,4649890
before_2007,0000,F005589,Fluviodeltaic del Baix Ter - 17199-0044,510868,4653863
before_2007,0000,F005590,Fluviodeltaic del Baix Ter - 17199-0031,514182,4652845
before_2007,0000,F005591,Fluviodeltaic del Baix Ter - 17004-0020,506153,4661672
before_2007,0000,F005593,Fluviodeltaic del Baix Ter - 17199-0034,513522,4653031
before_2007,0000,F005594,Fluviodeltaic del Baix Ter - 17199-0028,514207,4651945
before_2007,0000,F005595,Paleògens del Baix Ter - 17195-0038,504899.59,4659090.21
before_2007,0000,F005596,Paleògens del Baix Ter - 17199-0035,512726.56,4654305.14
before_2007,0000,F005597,Fluviodeltaic del Baix Ter - 17199-0043,512286,4651608
before_2007,0000,F005598,Fluviodeltaic del Baix Ter - 17199-0030,514661,4653588
before_2007,0000,F005599,Fluviodeltaic del Baix Ter - 17199-0032,515569,4654679
before_2007,0000,F005600,Fluviodeltaic del Baix Ter - 17004-0022,508157,4661410
before_2007,0000,F005602,Fluviodeltaic del Baix Ter - 17068-0015,501309,4655323
before_2007,0000,F005603,Paleògens del Baix Ter - 17199-0033,513466.57,4654795.14
before_2007,0000,F005605,Fluviodeltaic del Baix Ter - 17195-0036,506445,4655624
before_2007,0000,F005606,Paleògens del Baix Ter - 17004-0008,506031.61,4661630.2
before_2007,0000,F005607,Fluviodeltaic del Baix Ter - 17191-0021,505732,4653176
before_2007,0000,F005609,Paleògens del Baix Ter - 17195-0027,504366.58,4658355.21
before_2007,0000,F005611,Fluviodeltaic del Baix Ter - 17070-0015,510372,4650875
before_2007,0000,F005612,Fluviodeltaic del Baix Ter - 17081-0011,509552,4652975
before_2007,0000,F005613,Fluviodeltaic del Baix Ter - 17195-0028,506546.56,4655570.19
before_2007,0000,F005614,Fluviodeltaic del Baix Ter - 17081-0010,509007,4653945
before_2007,0000,F005615,Fluviodeltaic del Baix Ter - 17070-0009,507227,4653526
before_2007,0000,F005616,Fluviodeltaic del Baix Ter - 17004-0010,507257,4662295
before_2007,0000,F005617,Fluviodeltaic del Baix Ter - 17004-0007,508812,4661543
before_2007,0000,F005618,Fluviodeltaic del Baix Ter - 17068-0019,502692,4655795
before_2007,0000,F005620,Al·luvials de l'alta i mitjana Tordera - 08097-0009,460880.23,4620930.48
before_2007,0000,F005626,Montseny-Guilleries - 17146-0012,462946.23,4620319.47
before_2007,0000,F005642,Al·luvials de la baixa i delta de la Tordera - 08155-0084,479419,4614675
before_2007,0000,F005645,Al·luvials de la baixa i delta de la Tordera - 08110-0025,480950.19,4611817.32
before_2007,0000,F005652,Al·luvials de la baixa i delta de la Tordera - 08110-0015,480133.8,4611063.2
before_2007,0000,F005663,Maresme - 08284-0121,467384.16,4611028.42
before_2007,0000,F005664,Al·luvials de la baixa i delta de la Tordera - 08110-0022,480466,4612035
before_2007,0000,F005666,Al·luvials de la baixa i delta de la Tordera - 08110-0144,480906,4611995
before_2007,0000,F005667,Al·luvials de la baixa i delta de la Tordera - 08110-0140,479442,4611079
before_2007,0000,F005670,Al·luvials de la baixa i delta de la Tordera - 08110-0013,480474,4612055
before_2007,0000,F005673,Al·luvials de la baixa i delta de la Tordera - 08110-0041,480486,4612605
before_2007,0000,F005675,Al·luvials de la baixa i delta de la Tordera - 08110-0023,480318.19,4612501.32
before_2007,0000,F005676,Al·luvials de la baixa i delta de la Tordera - 08110-0141,480646,4612055
before_2007,0000,F005695,Al·luvials de la baixa i delta de la Tordera - 08110-0034,480198,4611926
before_2007,0000,F005698,Al·luvials de la baixa i delta de la Tordera - 08155-0096,479956,4612845
before_2007,0000,F005710,Al·luvials de la baixa i delta de la Tordera - 08155-0115,480306,4612635
before_2007,0000,F005711,Al·luvials de la baixa i delta de la Tordera - 08155-0079,479498,4614519
before_2007,0000,F005712,Maresme - 08284-0122,468338.16,4610806.41
before_2007,0000,F005713,Maresme - 08284-0106,468589.16,4610941.41
before_2007,0000,F005714,Maresme - 08284-0105,468385.17,4611193.41
before_2007,0000,F005717,Al·luvials de la baixa i delta de la Tordera - 08110-0185,480487,4611088
before_2007,0000,F005718,Al·luvials de la baixa i delta de la Tordera - 08110-0138,479626,4611195
before_2007,0000,F005721,Al·luvials de la baixa i delta de la Tordera - 08110-0029,479935,4611027
before_2007,0000,F005728,Al·luvials de la baixa i delta de la Tordera - 08284-0097,474360,4618389
before_2007,0000,F005729,N/D - Subterrània - 08284-0104,470048.1,4616186.5
before_2007,0000,F005730,N/D - Subterrània - 08284-0109,474050,4615690
before_2007,0000,F005733,N/D - Subterrània - 08082-0006,474539,4620262
before_2007,0000,F005737,Al·luvials de la baixa i delta de la Tordera - 08110-0136,479631,4610864
before_2007,0000,F005740,Al·luvials de la baixa i delta de la Tordera - 08284-0107,478634.2,4615490.3
before_2007,0000,F005743,Al·luvials de la baixa i delta de la Tordera - 08110-0037,479832,4611020
before_2007,0000,F005751,Al·luvials de la baixa i delta de la Tordera - 17023-0088,481186.2,4612415.31
before_2007,0000,F005754,Al·luvials de la baixa i delta de la Tordera - 17023-0099,481226,4611835
before_2007,0000,F005755,Al·luvials de la baixa i delta de la Tordera - 17023-0076,481566,4612035
before_2007,0000,F005759,Al·luvials de la baixa i delta de la Tordera - 17023-0116,481066.19,4612135.32
before_2007,0000,F005760,Al·luvials de la baixa i delta de la Tordera - 08284-0332,476440.22,4616683.36
before_2007,0000,F005761,Al·luvials de la baixa i delta de la Tordera - 17023-0081,480006,4613855
before_2007,0000,F005764,Al·luvials de la baixa i delta de la Tordera - 08110-0139,479746,4611545
before_2007,0000,F005765,Al·luvials de la baixa i delta de la Tordera - 08110-0142,480423,4612106
before_2007,0000,F005769,Al·luvials de la baixa i delta de la Tordera - 08284-0258,475396,4617365
before_2007,0000,F005773,Al·luvials de la baixa i delta de la Tordera - 08284-0297,477768,4616095
before_2007,0000,F005774,Al·luvials de la baixa i delta de la Tordera - 08284-0120,479020.2,4615295.3
before_2007,0000,F005776,Al·luvials de la baixa i delta de la Tordera - 08284-0095,478808.2,4615375.3
before_2007,0000,F005778,Al·luvials de la baixa i delta de la Tordera - 08284-0110,478988.2,4615314.3
before_2007,0000,F005780,Al·luvials de la baixa i delta de la Tordera - 08155-0083,480164,4613031
before_2007,0000,F005781,Al·luvials de la baixa i delta de la Tordera - 08155-0097,480145,4612663
before_2007,0000,F005782,Al·luvials de la baixa i delta de la Tordera - 08155-0087,480045,4613192
before_2007,0000,F005789,Al·luvials de la baixa i delta de la Tordera - 08284-0115,475276,4618915
before_2007,0000,F005800,Cubeta d'Abrera - 08114-0009,410709,4592774
before_2007,0000,F005817,Vall baixa i Delta del Llobregat - 08019-0040,426598,4576559
before_2007,0000,F005818,Cubeta de Sant Andreu - 08196-0002,413542,4589973
before_2007,0000,F005821,Vall baixa i Delta del Llobregat - 08019-0054,425954,4576162
before_2007,0000,F005835,Vall baixa i Delta del Llobregat - 08019-0064,427056,4576971
before_2007,0000,F005837,Vall baixa i Delta del Llobregat - 08019-0093,425358,4576091
before_2007,0000,F005838,Vall baixa i Delta del Llobregat - 08019-0039,424906,4576436
before_2007,0000,F005839,Vall baixa i Delta del Llobregat - 08019-0031,426626,4576796
before_2007,0000,F005845,Cubeta d'Abrera - 08147-0046,408942.98,4598715.54
before_2007,0000,F005848,Cubeta d'Abrera - 08001-0023,409138,4597511
before_2007,0000,F005850,Vall baixa i Delta del Llobregat - 08263-0009,417448,4584197
before_2007,0000,F005858,Vall baixa i Delta del Llobregat - 08301-0027,421581,4570006
before_2007,0000,F005863,Vall baixa i Delta del Llobregat - 08089-0035,415670.78,4571456.75
before_2007,0000,F005866,Cubeta d'Abrera - 08076-0071,407941,4598584
before_2007,0000,F005867,Cubeta de Sant Andreu - 08054-0014,414231.63,4590995.49
before_2007,0000,F005871,Cubeta de Sant Andreu - 08054-0052,413636,4591129
before_2007,0000,F005876,Vall baixa i Delta del Llobregat - 08263-0012,417479,4583632
before_2007,0000,F005880,Cubeta de Sant Andreu - 08054-0013,414396,4591196
before_2007,0000,F005893,Vall baixa i Delta del Llobregat - 08301-0035,420296,4572886
before_2007,0000,F005894,Vall baixa i Delta del Llobregat - 08301-0033,420802,4571214
before_2007,0000,F005895,Vall baixa i Delta del Llobregat - 08089-0040,418044,4570174
before_2007,0000,F005898,Vall baixa i Delta del Llobregat - 08217-0011,420331,4580696
before_2007,0000,F005899,Cubeta d'Abrera - 08114-0012,410891,4592781
before_2007,0000,F005900,Vall baixa i Delta del Llobregat - 08089-0020,417843,4569401
before_2007,0000,F005901,Vall baixa i Delta del Llobregat - 08101-0005,424725.9,4578082.11
before_2007,0000,F005902,Vall baixa i Delta del Llobregat - 08169-0015,423218,4574283
before_2007,0000,F005903,Cubeta de Sant Andreu - 08072-0004,415356,4588146
before_2007,0000,F005904,Vall baixa i Delta del Llobregat - 08073-0015,422195.14,4577839.31
before_2007,0000,F005905,Vall baixa i Delta del Llobregat - 08101-0011,424686,4576736
before_2007,0000,F005906,Vall baixa i Delta del Llobregat - 08157-0001,416892.89,4585765.76
before_2007,0000,F005907,Vall baixa i Delta del Llobregat - 08158-0005,416350,4587325
before_2007,0000,F005909,Vall baixa i Delta del Llobregat - 08169-0014,424176,4574891
before_2007,0000,F005910,Vall baixa i Delta del Llobregat - 08169-0199,423880,4570888
before_2007,0000,F005912,Vall baixa i Delta del Llobregat - 08169-0011,422456,4577146
before_2007,0000,F005914,Vall baixa i Delta del Llobregat - 08169-0070,423855.83,4575740.69
before_2007,0000,F005916,Vall baixa i Delta del Llobregat - 08169-0065,424846,4571906
before_2007,0000,F005918,Cubeta de Sant Andreu - 08196-0004,414341,4589679
before_2007,0000,F005919,Cubeta de Sant Andreu - 08196-0005,414278.3,4589795.8
before_2007,0000,F005920,Vall baixa i Delta del Llobregat - 08217-0001,420270,4577997
before_2007,0000,F005922,Vall baixa i Delta del Llobregat - 08169-0064,422901,4573161
before_2007,0000,F005924,Vall baixa i Delta del Llobregat - 08301-0028,418562.95,4571916.25
before_2007,0000,F005925,Vall baixa i Delta del Llobregat - 08169-0020,423401,4576931
before_2007,0000,F005926,Vall baixa i Delta del Llobregat - 08217-0004,420723,4579266
before_2007,0000,F005927,Vall baixa i Delta del Llobregat - 08200-0017,421606,4573696
before_2007,0000,F005928,Vall baixa i Delta del Llobregat - 08123-0012,417546,4584666
before_2007,0000,F005932,Vall baixa i Delta del Llobregat - 08263-0008,417414,4584274
before_2007,0000,F005934,Vall baixa i Delta del Llobregat - 08200-0022,420695,4574538
before_2007,0000,F005935,Vall baixa i Delta del Llobregat - 08169-0009,422456,4577046
before_2007,0000,F005938,Cubeta d'Abrera - 08114-0013,410825,4592835
before_2007,0000,F005939,Cubeta d'Abrera - 08114-0008,410045.94,4593455.83
before_2007,0000,F005940,Cubeta d'Abrera - 08114-0001,410088.94,4593488.82
before_2007,0000,F005941,Cubeta d'Abrera - 08114-0014,410668,4592893
before_2007,0000,F005944,Vall baixa i Delta del Llobregat - 08244-0003,418721,4580966
before_2007,0000,F005946,Vall baixa i Delta del Llobregat - 08200-0019,420356,4576136
before_2007,0000,F005947,Vall baixa i Delta del Llobregat - 08200-0007,420541,4577545
before_2007,0000,F005949,Vall baixa i Delta del Llobregat - 08200-0023,421636,4575126
before_2007,0000,F005953,Vall baixa i Delta del Llobregat - 08169-0183,422435,4573026
before_2007,0000,F005960,Vall baixa i Delta del Llobregat - 08101-0009,426570.85,4578037.68
before_2007,0000,F005965,Al·luvial de Tortosa - 43052-0029,288490.29,4532061.65
before_2007,0000,F005966,Al·luvial de Tortosa - 43155-0516,291070,4517812
before_2007,0000,F005967,Cardó - Vandellòs - 43155-1000,293705,4515847
before_2007,0000,F005968,Al·luvial de Tortosa - 43155-0991,291480.25,4526246.62
before_2007,0000,F005969,Al·luvial de Tortosa - 43155-0498,290667.2,4520411.62
before_2007,0000,F005970,Plana de la Galera - 43155-1004,289895.17,4516396.62
before_2007,0000,F005971,Al·luvial de Tortosa - 43014-0525,294745,4511507
before_2007,0000,F005972,N/D - Superficial - SE005,378673,4691358
before_2007,0000,F006137,Cap Norfeu - MIT000300,524924,4679307
before_2007,0000,F006139,Sant Pere Pescador - Fluvià - MIT000500,510923,4666317
before_2007,0000,F006140,Montgrí  - MIT000600,519213,4656311
before_2007,0000,F006142,Begur - Blanes - MIT000800,514664,4633014
before_2007,0000,F006144,Begur - Blanes - MIT001000,495746,4617394
before_2007,0000,F006145,Begur - Blanes - MIT001100,484642,4612290
before_2007,0000,F006147,Pineda de Mar - Mataró - MIT001300,464469,4601628
before_2007,0000,F006149,Mataró - Montgat - MIT001500,444232,4590654
before_2007,0000,F006151,Barceloneta - Zona II Port Barcelona - MIT001700,432984,4578413
before_2007,0000,F006152,Llobregat - MIT001800,426954,4570336
before_2007,0000,F006155,Sitges - MIT002100,406316,4564890
before_2007,0000,F006158,Cubelles - Altafulla  - MIT002400,371235,4556417
before_2007,0000,F006160,Tarragona - Vila-seca - MIT002600,348664,4547593
before_2007,0000,F006161,Cambrils - Mont-roig del Camp - MIT002700,337419,4545983
before_2007,0000,F006163,L'Ametlla de Mar - MIT002900,317363,4528495
before_2007,0000,F006166,Delta Sud - MIT003200,308088,4495834
before_2007,0000,F006169,Alcanar - MIT003500,290978,4489753
before_2007,0000,F006170,Portbou - Llançà - 01 (17 138 A01),513248,4697236
before_2007,0000,F006171,Portbou - Llançà - 02 (17 092 B01),513200,4691025
before_2007,0000,F006172,Badia de Cadaqués - 03 (17 032 A01),522948,4681850
before_2007,0000,F006173,Roses - Castelló d'Empúries - 04 (17 152 D01),514083,4679152
before_2007,0000,F006174,Roses - Castelló d'Empúries - 05 (17 047 C01),510445,4676153
before_2007,0000,F006175,Cap de Creus - R01 (17 032 R01),524465,4681348
before_2007,0000,F006179,Sant Pere Pescador - Fluvià - 07 (17 178 A01),509169,4670749
before_2007,0000,F006184,Montgrí  - R02 (17 199 R01),517258,4655595
before_2007,0000,F006187,Torroella de Montgrí - el Ter - 11 (17 199 C01),516134,4651809
before_2007,0000,F006188,Begur - Blanes - 12 (17 117 B01),516146,4637978
before_2007,0000,F006189,Begur - Blanes - 13 (17 118 C01),511870,4633923
before_2007,0000,F006191,Begur - Blanes - 15 (17 048 A02),505529,4628514
before_2007,0000,F006193,Begur - Blanes - 16 (17 160 B01),502626,4625345
before_2007,0000,F006194,Begur - Blanes - 17 (17 095 B02),487431,4616216
before_2007,0000,F006195,Begur - Blanes - 18 (17 023 B01),482793,4613542
before_2007,0000,F006196,Blanes - Pineda de Mar - 19 (17 023 C03),482550,4613245
before_2007,0000,F006197,Blanes - Pineda de Mar - 20 (17 023 C02),482031,4612164
before_2007,0000,F006199,Blanes - Pineda de Mar - 21 (08 110 A01),481358,4610894
before_2007,0000,F006200,Els Alfacs - 61 (43 136 C01),296358,4498651
before_2007,0000,F006201,Blanes - Pineda de Mar - 22 (08 163 C01),474323,4607756
before_2007,0000,F006203,Pineda de Mar - Mataró - 23 (08 035 A01),472003,4606805
before_2007,0000,F006204,Pineda de Mar - Mataró - 24 (08 006 A01),463923,4603284
before_2007,0000,F006205,Pineda de Mar - Mataró - 25 (08 121 C01),454627,4598705
before_2007,0000,F006206,Mataró - Montgat - R26 (08 121 R04),451942,4596560
before_2007,0000,F006207,Mataró - Montgat - 27 (08 029 A01),450341,4595263
before_2007,0000,F006209,Mataró - Montgat - 29 (08 118 A02),443117,4591922
before_2007,0000,F006210,Montgat - Badalona - 30 (08 015 C01),437456,4588602
before_2007,0000,F006211,Sant Adrià de Besòs - Barceloneta - 31 (08 194 A01),436017,4585872
before_2007,0000,F006214,Sant Adrià de Besòs - Barceloneta - 33 (08 194 B01),435826,4585300
before_2007,0000,F006215,Sant Adrià de Besòs - Barceloneta - 34 (08 019 B01),434205,4583326
before_2007,0000,F006216,Barceloneta - Zona II Port Barcelona - 35 (08 019 E01),432806,4581675
before_2007,0000,F006219,El Prat de Llobregat - Castelldefels - 37 (08 169 B01),424537,4570631
before_2007,0000,F006220,El Prat de Llobregat - Castelldefels - 38 (08 301 A01),421792,4569708
before_2007,0000,F006221,El Prat de Llobregat - Castelldefels - 39 (08 089 A01),419828,4569146
before_2007,0000,F006222,El Prat de Llobregat - Castelldefels - 40 (08 056 A03),413261,4568569
before_2007,0000,F006223,Sitges - 41 (08 270 E01),400092,4565439
before_2007,0000,F006224,Vilanova i la Geltrú - 42 (08 307 B01),393105,4563068
before_2007,0000,F006225,Cubelles - Altafulla  - 43 (08 074 B01),387614,4561368
before_2007,0000,F006226,Cubelles - Altafulla  - 44 (43 037 C01),381659,4560591
before_2007,0000,F006227,Cubelles - Altafulla  - 66 (08 074 C01),387389,4561382
before_2007,0000,F006228,Cubelles - Altafulla  - 45 (43 163 B02),375766,4559630
before_2007,0000,F006229,Cubelles - Altafulla  - 46 (43 153 C01),366850,4555876
before_2007,0000,F006230,Tarragona Nord - 47 (43 148 A01),362823,4554567
before_2007,0000,F006231,Tarragona Nord - 48 (43 148 C02),357628,4554422
before_2007,0000,F006232,Tarragona - Vila-seca - 49 (43 148 F01),354099,4552889
before_2007,0000,F006235,Tarragona - Vila-seca - 51 (43 171 B01),347558,4549176
before_2007,0000,F006236,Salou - Cambrils - 52 (43 905 E01),343832,4548495
before_2007,0000,F006237,Cambrils - Mont-roig del Camp - 53 (43 038 C01),337760,4547861
before_2007,0000,F006238,Vandellós i l'Hospitalet de l'Infant - 54 (43 162 B01),324684,4539466
before_2007,0000,F006239,L'Ametlla de Mar - 55 (43 013 E01),315130,4528265
before_2007,0000,F006240,El Fangar - 56 (43 906 C01),306042,4518875
before_2007,0000,F006241,Delta Nord - 57 (43 901 C01),317003,4511269
before_2007,0000,F006243,Delta Sud - 58 (43 014 A01),312733,4502595
before_2007,0000,F006244,Delta Sud - 59 (43 136 G01),307370,4497351
before_2007,0000,F006245,Els Alfacs - 60 (43 136 H01),307227,4497466
before_2007,0000,F006246,Begur - Blanes - R03 (17 117 R01),516838,4637856
before_2007,0000,F006247,Begur - Blanes - R04 (17 202 R01),494928,4618887
before_2007,0000,F006249,Cap de Salou - R06 (43 905 R01),345767,4546574
before_2007,0000,F006250,L'Ametlla de Mar - R07 (43 013 R01),311371,4524125
before_2007,0000,F006270,Begur - Blanes - R28 (17 095 R01),486978,4615950
before_2007,0000,F006272,Cap de Creus - R09 (17 032 R02),525747,4685093
before_2007,0000,F006273,Cap Norfeu - R10 (17 152 R02),518715,4677496
before_2007,0000,F006274,Canyelles - R11 (17 152 R01),516294,4676977
before_2007,0000,F006275,Montgrí  - R12 (17 062 R01),513800,4662368
before_2007,0000,F006276,Pals - Sa Riera - 69 (17 124 B01),516558,4649405
before_2007,0000,F006277,Pals - Sa Riera - R13 (17 013 R01),517462,4647052
before_2007,0000,F006283,Tarragona Nord - R18 (43 148 R01),360983,4553968
before_2007,0000,F006285,Vandellós i l'Hospitalet de l'Infant - 71 (43 092 G01),327421,4542120
before_2007,0000,F006286,L'Ametlla de Mar - R20 (43 013 R02),316616,4529922
before_2007,0000,F006288,L'Ametlla de Mar - R22 (43 104 R01),309725,4522739
before_2007,0000,F006289,Alcanar - 72 (43 004 C01),290377,4491207
before_2007,0000,F006290,Torroella de Montgrí - el Ter - 68 (17 199 B03),516241,4654366
before_2007,0000,F006291,Vilanova i la Geltrú - R23 (08 307 R01),391752,4562695
before_2007,0000,F006305,Begur - Blanes - 73 (17 181 C01),498393,4623076
before_2007,0000,F006306,Badia de El Port de la Selva - 75 (17 140 A01),516659,4687110
before_2007,0000,F006307,Portbou - Llançà - R24 (17 054 R01),513142,4692978
before_2007,0000,F006308,L'Escala - 76 (17 062 C01),511020,4663836
before_2007,0000,F006309,Pineda de Mar - Mataró - R25 (08 197 R01),457579,4600173
before_2007,0000,F006310,Sitges - 77 (08 270 B01),408221,4567550
before_2007,0000,F006311,El Fangar - 78 (43 901 F01),312917,4515859
before_2007,0000,F006312,Delta Nord - 79 (43 901 A02),314174,4514650
before_2007,0000,F006313,Els Alfacs - 80 (43 136 F01),302028,4499958
before_2007,0000,F006314,Begur - Blanes - 81 (17 013 C01),519043,4645409
before_2007,0000,F006315,Llobregat - 82 (08 169 F01),426701,4571948
before_2007,0000,F006850,Sant Pere Pescador - Fluvià - 83 (17 047 E02),509144,4672266
before_2007,0000,F006851,L'Escala - 84 (17 062 G01),510683,4663879
before_2007,0000,F006852,Pals - Sa Riera - R27 (17 013 R02),517423,4646940
before_2007,0000,F006853,Pineda de Mar - Mataró - R29 (08 121 R02),456336,4599762
before_2007,0000,F006927,Calcàries de l'Alt Foix-Gaià - 43120-0013,366221,4587298
before_2007,0000,F006951,Plioquaternari de la Riera Santa Coloma - 17033-0067,484117,4631846
before_2007,0000,F007021,N/D - Subterrània - 25013-0001,297196,4635987
before_2007,0000,F007060,Serres marginals catalanes - 25156-0023,311305,4638197
before_2007,0000,F007121,Calcàries de l'Alt Foix-Gaià - 43141-0011,361661,4589724
before_2007,0000,F007168,Al·luvials del Vallès - 08107-0038,436494.1,4609024.65
before_2007,0000,F007272,Prades - Alt Francolí - 43021-0001,352555,4586208
before_2007,0000,F007317,Al·luvials de l'alta i mitjana Tordera - 08097-0004,461399.3,4618109.5
before_2007,0000,F007832,Calcàries de Tàrrega - 25072-0012,355751.19,4613762.7
before_2007,0000,F008016,Vall baixa i Delta del Llobregat - 08056-0016,416182,4569246
before_2007,0000,F008137,Vall baixa i Delta del Llobregat - 08019-0052,428049,4575716
before_2007,0000,F009601,Detrític neogen de l'Empordà - 17169-0021,487697.52,4654436.33
before_2007,0000,F010224,Cap de Creus - MITC101000030,526031,4686022
before_2007,0000,F011253,Al·luvial d'Urgell - 25135-0018,325895.02,4607855.79
before_2007,0000,F011504,Baix Francolí - 43907-0009,346825.52,4551466.24
before_2007,0000,F011657,Al·luvials de l'alta i mitjana Tordera - 08202-0024,461931.21,4618377.47
before_2007,0000,F011666,Fluviovolcànic de la Garrotxa - 17139-0021,455856,4667374
before_2007,0000,F011668,Fluviovolcànic de la Garrotxa - 17185-0047,458154,4673738
before_2007,0000,F011830,Al·luvial d'Urgell - 25137-0035,324129.73,4609577.9
before_2007,0000,F012838,Al·luvials de l'alta i mitjana Tordera - 08202-0003,460006,4617125
before_2007,0000,F014783,Vall baixa i Delta del Llobregat - 08169-0049,427392,4574196.11
before_2007,0000,F015484,Plioquaternari de la Riera Santa Coloma - 17180-0071,470403.4,4635115.4
before_2007,0000,F018761,l'Ametlla de Mar- Perelló - 43104-0045,309968,4529548
before_2007,0000,F022237,Fluviovolcànic de la Garrotxa - 17185-0100,462164.4,4673816.8
before_2007,0000,F034360,Baix Camp - 43088-0013,330416.51,4552312.37
before_2007,0000,F034539,Garraf - 43163-0034,378416.66,4562573.02
before_2007,0000,F036268,N/D - Subterrània - 25130-0005,336081.95,4601688.39
before_2007,0000,F044461,Plana de Vic - Collsacabra - 08275-0033,443992,4644884
before_2007,0000,F044607,Paleògens del Baix Ter - 17232-0028,499622,4662308
before_2007,0000,F044678,Alt Camp - 43161-0014,353771,4573034
before_2007,0000,F045065,Garraf - 08270-0002,407133,4567092
before_2007,0000,F046273,Baix Camp - 43134-0014,350841,4565170
before_2007,0000,F046346,N/D - Subterrània - 25216-0010,362533,4606609
before_2007,0000,F046351,Alt Camp - 43165-0026,359252,4568994
before_2007,0000,F046429,Al·luvials del Vallès - 08105-0003,433440,4596344.65
before_2007,0000,F046876,Fluviodeltaic del Baix Ter - 17081-0024,510750,4652490
before_2007,0000,F047402,Detrític neogen del Vallès - 08086-0356,441941,4606467
before_2007,0000,F047478,N/D - Subterrània - 08132-0015,394906.36,4652196.03
before_2007,0000,F047573,Garraf - 08231-0003,396011,4570456
before_2007,0000,F047776,Vall baixa i Delta del Llobregat - 08157-0003,416028,4587220
before_2007,0000,F048025,Plana de Vinaròs_Cat - 43004-0234,286273,4491729
before_2007,0000,F048071,l'Ametlla de Mar- Perelló - 43013-0194,310760.3,4531766.5
before_2007,0000,F048158,Paleògens del Baix Ter - 17130-0013,497915.13,4653038.68
before_2007,0000,F048871,Sorres de Santa Oliva - 43020-0049,378925.71,4569585.02
before_2007,0000,F048995,Baixa Garrotxa-Pla de l'Estany - 17015-0021,479406.57,4662003.41
before_2007,0000,F049298,"Al·luvials del Ter Mig, Brugent i Llémena - 17163-0004",477066.45,4646735.4
before_2007,0000,F049419,Detrític neogen de l'Empordà - 17218-0010,489740.59,4662785.33
before_2007,0000,F049420,Detrític neogen de l'Empordà - 17218-0007,489684.59,4663176.33
before_2007,0004,F010186,Badia de El Port de la Selva - MITC101000020 - PDS02,516067,4688024
before_2007,0004,F012025,Pineda de Mar - Mataró - POS019,460065,4600042
before_2007,0004,F012026,Badia de Cadaqués - POS006,523162,4681224
before_2007,0004,F012027,Vandellós i l'Hospitalet de l'Infant - POS028,319835,4533256
before_2007,0004,F012028,Begur - Blanes - POS017,490776,4616598
before_2007,0004,F012029,L'Ametlla de Mar - POS030,310328,4523328
before_2007,0004,F012030,Cubelles - Altafulla  - POS023,373040,4557909
before_2007,0004,F012031,Cap de Creus - POS004,525556,4685608
before_2007,0004,F012032,Begur - Blanes - POS018,486299,4615201
before_2007,0004,F012033,Cap de Creus - POS005,525832,4684870
before_2007,0004,F012034,L'Ametlla de Mar - POS029,315922,4528430
before_2007,0004,F012035,Vandellós i l'Hospitalet de l'Infant - POS027,326711,4539574
before_2007,0004,F012036,Begur - Blanes - POS013,516486,4637706
before_2007,0004,F012037,Pineda de Mar - Mataró - POS020,455788,4597360
before_2007,0004,F012038,Montgrí  - POS011,518460,4654642
before_2007,0004,F012039,Montgrí  - POS010,514283,4661646
before_2007,0004,F012040,Cap Norfeu - POS007,519179,4677365
before_2007,0004,F012041,Cambrils - Mont-roig del Camp - POS026,332584,4544538
before_2007,0004,F012042,Begur - Blanes - POS014,509734,4632543
before_2007,0004,F012043,Badia de El Port de la Selva - POS002,516232,4687529
before_2007,0004,F012046,Portbou - Llançà - POS001,513531,4695312
before_2007,0004,F012047,Begur - Blanes - POS012,519220,4645497
before_2007,0004,F012048,Salou - Cambrils - POS025,341775,4547429
before_2007,0004,F012049,Begur - Blanes - POS015,502164,4624386
before_2007,0004,F012050,Sitges - POS021,401490,4563187
before_2007,0004,F012051,Cap de Creus - POS003,517223,4688299
before_2007,0004,F012052,Cubelles - Altafulla  - POS024,369562,4556575
before_2007,0004,F012053,Begur - Blanes - POS016,495448,4619265
before_2007,0004,F012054,Vilanova i la Geltrú - POS022,394738,4560103
before_2007,0004,F012068,Badia de El Port de la Selva - PDS01,51618200,468766500
before_2007,0004,F012070,Badia de El Port de la Selva - PDS03,516097,4688445
before_2007,0004,F012072,Canyelles - CRO01,516007,4676776
before_2007,0004,F012161,Mataró - Montgat - MAS01,445527,4589595
before_2007,0004,F012162,Mataró - Montgat - MAS02,444996,4590606
before_2007,0004,F012163,Mataró - Montgat - MAS03,444556,4591026
before_2007,0004,F012185,Barceloneta - Zona II Port Barcelona - BTA01,433044,4581000
before_2007,0004,F012186,Barceloneta - Zona II Port Barcelona - BTA02,433366,4580762
before_2007,0004,F012226,El Prat de Llobregat - Castelldefels - CDF01,418808,4567254
before_2007,0004,F012231,El Prat de Llobregat - Castelldefels - CDF06,413316,4566861
before_2007,0004,F012277,Cubelles - Altafulla  - VEN02,377141,4557286
before_2007,0004,F012278,Cubelles - Altafulla  - VEN03,377326,4556506
before_2007,0004,F012318,Salou - Cambrils - CAM01,341833,4547035
before_2007,0004,F012319,Salou - Cambrils - CAM02,341900,4546351
before_2007,0004,F012320,Salou - Cambrils - CAM03,341905,4545716
before_2007,0004,F012473,Els Alfacs - MCFAT001V0,294227,4494230
before_2007,0004,F012474,Els Alfacs - MCFAT002V0,295776,4495748
before_2007,0004,F012475,Els Alfacs - MCFAT003V0,296144,4497540
before_2007,0004,F012476,Els Alfacs - MCFAT004V1,299509,4499220
before_2007,0004,F012478,Els Alfacs - MCFAT005V1,303695,4499922
before_2007,0004,F012480,Els Alfacs - MCFAT006V0,307821,4500264
before_2007,0004,F012481,Els Alfacs - MCFAT007V0,308008,4499106
before_2007,0004,F012482,Els Alfacs - MCFAT008V0,306983,4497346
before_2007,0004,F012483,Els Alfacs - MCFAT009V0,303902,4498146
before_2007,0004,F012484,Els Alfacs - MCFAT010V0,302195,4496943
before_2007,0004,F012485,Els Alfacs - MCFAT011V0,299085,4497223
before_2007,0004,F012486,Els Alfacs - MCFAT012V1,305243,4497345
before_2007,0004,F012487,Els Alfacs - MCFAT012V2,300719,4495918
before_2007,0004,F012488,El Fangar - MCFAT013V0,311185,4515989
before_2007,0004,F012489,El Fangar - MCFAT014V0,309718,4516594
before_2007,0004,F012490,El Fangar - MCFAT015V0,308000,4517049
before_2007,0004,F012491,El Fangar - MCFAT016V0,306816,4518767
before_2007,0004,F012492,El Fangar - MCFAT017V0,308051,4519024
before_2007,0004,F015972,Canyelles - CRO02,515717,4676725
before_2007,0004,F015974,Mataró - Montgat - MAT03,453699,4593465
before_2007,0004,F015987,Vilanova i la Geltrú - VIL03,395451,4556001
before_2007,0004,F015988,Cubelles - Altafulla  - VEN01,376937,4558440
before_2007,0004,F016032,Mataró - Montgat - MAT01,452476,4594606
before_2007,0004,F016033,Mataró - Montgat - MAT02,453239,4593945
before_2007,0004,F016034,Sitges - STG02,401324,4560705
before_2007,0004,F029924,Portbou - Llançà - MCAL01,513598,4693115
before_2007,0004,F029925,Badia de El Port de la Selva - MCAL02,515958,4687326
before_2007,0004,F029926,Cap de Creus - MCAL03,525489,4685442
before_2007,0004,F029927,Badia de Cadaqués - MCAL04,522781,4681658
before_2007,0004,F029928,Cap Norfeu - MCAL05,521387,4677786
before_2007,0004,F029929,Canyelles - MCAL06,516529,4676684
before_2007,0004,F029930,L'Escala - MCAL09,511278,4663666
before_2007,0004,F029931,Montgrí  - MCAL10,515978,4659690
before_2007,0004,F029932,Pals - Sa Riera - MCAL12,517392,4647446
before_2007,0004,F029933,Begur - Blanes - MCAL14,506549,4630190
before_2007,0004,F029934,Sitges - MCAL23,404585,4565911
before_2007,0004,F029935,Vilanova i la Geltrú - MCAL24,393985,4562845
before_2007,0004,F029936,Tarragona Nord - MCAL26,359411,4554285
before_2007,0004,F029937,Cap de Salou - MCAL28,346453,4546563
before_2007,0004,F029938,Salou - Cambrils - MCAL29,344586,4547641
before_2007,0004,F029939,Vandellós i l'Hospitalet de l'Infant - MCAL31,321165,4535590
before_2007,0004,F029940,L'Ametlla de Mar - MCAL32,314187,4526615
before_2007,0004,F029941,Alcanar - MCAL35,291093,4492173
before_2007,0004,F040105,Canyelles - MITC101000061 - CRO03 CMFI - CRO03,514995,4676473
before_2007,0004,F046581,Vilanova i la Geltrú - VIL04,391897,4556994
before_2007,0004,F049285,Blanes - Pineda de Mar - BLE01,484076,4611945
before_2007,0004,F049339,Cap de Creus - CLJ01,525887,4684605
before_2007,0004,F049341,Tarragona Nord - ALT00,359882,4553446
before_2007,0002,L08058-72-00003,N/D - Superficial - E16,386988,4568011
before_2007,0002,L08268-72-00001,N/D - Superficial - E14,407302,4663932
before_2007,0002,L08303-72-00001,N/D - Superficial - E06,451408,4646459
before_2007,0002,L17060-72-00002,N/D - Superficial - E01,486262,4687606
before_2007,0002,L17116-72-00002,N/D - Superficial - E07,460844,4647561
before_2007,0002,L17138-72-00002,N/D - Superficial - E02,510294,4697062
before_2007,0002,L17189-72-00005,N/D - Superficial - E08_C4077,466982,4648125
before_2007,0002,L25075-72-00003,N/D - Superficial - E13,384452,4646602
before_2007,0002,L25146-72-00002,N/D - Superficial - E12,382818,4661827
before_2007,0002,L43043-72-00001,N/D - Superficial - E17,359786,4561777
before_2007,0002,L43049-72-00003,N/D - Superficial - E18,325206,4568569
before_2007,0002,L43127-72-00002,N/D - Superficial - E19,328801,4555741
before_2007,0001,AUTOD88,Riu Arnera aigües amunt de Boadella - EA051,482640,4691138
before_2007,0001,AUTOD89,N/D - Superficial - EA050,482028,4684941
before_2007,0001,F000004,N/D - Superficial - EA008,385564,4569143
before_2007,0001,F000005,N/D - Superficial - EA009,477269,4651536
before_2007,0001,F000006,N/D - Superficial - EA056,466660,4623237
before_2007,0001,F000007,N/D - Superficial - EA012,488441,4686953
before_2007,0001,F000008,N/D - Superficial - EA014,326845,4556670
before_2007,0001,F000011,N/D - Superficial - EA025_C4025,381270,4651782
before_2007,0001,F000012,N/D - Superficial - EA026,449906,4622487
before_2007,0001,F000014,Conca de l'Aigua d'Ora - EA063,388408,4651438
before_2007,0001,F000015,N/D - Superficial - EA066a_C4066a,406366,4657951
before_2007,0001,F000016,Capçalera del Cardener fins a la cua de l'embassament de la Llosa del Cavall - EA087,382793,4670980
before_2007,0001,F001204,N/D - Superficial - EA006,365794,4587939
before_2007,0001,F001213,N/D - Superficial - EA021,384717,4664384
before_2007,0001,F001217,N/D - EA027,452148,4645978
before_2007,0001,F001222,N/D - Superficial - EA032,386482,4602653
before_2007,0001,F001229,N/D - Superficial - EA040,477746,4668642
before_2007,0001,F001230,N/D - Superficial - EA041,322597,4567061
before_2007,0001,F001240,Riu Brugent - EA058,347591,4575852
before_2007,0001,F001242,N/D - Superficial - EA060,467132,4648235
before_2007,0001,F001243,N/D - Superficial - EA061,483379,4660993
before_2007,0001,F001245,Riera de Carme - EA065,388449,4599736
before_2007,0001,F006854,N/D - Superficial - EA096,405869,4666588
before_2007,0001,F006856,Capçalera de l'Aigua de Valls fins a la cua de l'embassament de la Llosa del Cavall - EA098,390343,4665722
before_2007,0001,F009793,N/D - Superficial - EA066_C4066,407241,4659812
before_2007,0001,F025248,N/D - EA085_C4085,441145,4648284
before_2007,0001,F025249,N/D - EA120,441180,4648214
before_2007,0001,F026458,N/D - EA124,484777,4638503
before_2007,0001,F030767,N/D - Superficial - EA047a,432395,4589963
before_2007,0001,F047916,N/D - Superficial - EA072a,437536,4674682
before_2007,0001,L08001-72-00001,N/D - Superficial - EA084_A084,409650,4596023
before_2007,0001,L08018-72-00003,N/D - Superficial - EA067_C4067,407058,4634787
before_2007,0001,L08047-72-00005,N/D - Superficial - EA001b_C4001b,391877,4641790
before_2007,0001,L08051-72-00001,N/D - Superficial - EA075,423392,4606810
before_2007,0001,L08052-72-00002,N/D - Superficial - EA086,415662,4679126
before_2007,0001,L08053-72-00003,N/D - Superficial - EA023,404933,4611165
before_2007,0001,L08061-72-00005,N/D - Superficial - EA031,405557,4615941
before_2007,0001,L08082-72-00001,N/D - Superficial - EA081,472505,4621554
before_2007,0001,L08082-72-00002,N/D - Superficial - EA089,474545,4620839
before_2007,0001,L08088-72-00002,N/D - Superficial - EA037,440427,4616399
before_2007,0001,L08099-72-00006,N/D - Superficial - EA078_C4078,406706,4674198
before_2007,0001,L08103-72-00001,Conca alta de l'Anoia fins a Igualada - EA011,379541,4604957
before_2007,0001,L08108-72-00001,N/D - Superficial - EA046,437121,4604145
before_2007,0001,L08114-72-00001,Riu Anoia des de la confluència del riu de Bitlles fins al Llobregat - EA074,410604,4592342
before_2007,0001,L08114-72-00003,N/D - Superficial - EA005_C4005,412142,4591309
before_2007,0001,L08116-72-00002,N/D - Superficial - EA085_C4085_EA120,442102,4648259
before_2007,0001,L08125-72-00002,N/D - Superficial - EA044,432075,4593231
before_2007,0001,L08136-72-00004,N/D - Superficial - EA035,438721,4599712
before_2007,0001,L08158-72-00001,N/D - Superficial - EA076,416110,4589073
before_2007,0001,L08191-72-00003,N/D - Superficial - EA077,410024,4626764
before_2007,0001,L08202-72-00001,N/D - Superficial - EA015,457467,4614412
before_2007,0001,L08217-72-00001,N/D - Superficial - EA049_C4049,420245,4578251
before_2007,0001,L08236-72-00001,Capçalera del riu de Bitlles fins a l'EDAR de Riudebitlles - EA039_C4039,388430,4590540
before_2007,0001,L08240-72-00004,Riu Anoia des de la confluència del riu de Bitlles fins al Llobregat - EA004,398770,4588700
before_2007,0001,L08245-72-00003,N/D - Superficial - EA047,433208,4589126
before_2007,0001,L08260-72-00001,N/D - Superficial - EA045,433061,4597081
before_2007,0001,L08263-72-00002,N/D - Superficial - EA093_C4007,418245,4582379
before_2007,0001,L08274-72-00002,N/D - Superficial - EA068,397233,4629811
before_2007,0001,L08279-72-00002,N/D - Superficial - EA134,419412,4598359
before_2007,0001,L17005-72-00001,N/D - Superficial - EA082,497447,4676178
before_2007,0001,L17010-72-00002,N/D - Superficial - XQ013,463610,4674201
before_2007,0001,L17022-72-00001,N/D - Superficial - EA131,503167,4645845
before_2007,0001,L17038-72-00002,N/D - Superficial - EA123,484973,4638465
before_2007,0001,L17047-72-00002,N/D - Superficial - EA052,505939,4678023
before_2007,0001,L17055-72-00002,N/D - Superficial - EA121_C4121_E09,499269,4658310
before_2007,0001,L17065-72-00002,N/D - Superficial - EA016_C4016,483371,4669513
before_2007,0001,L17075-72-00001,N/D - Superficial - EA053_C4053,496265,4666829
before_2007,0001,L17079-72-00004,N/D - Superficial - EA020,485464,4647022
before_2007,0001,L17079-72-00005,N/D - Superficial - EA010,485021,4648705
before_2007,0001,L17114-72-00003,N/D - Superficial - EA013,459542,4670840
before_2007,0001,L17132-72-00006,N/D - Superficial - EA088,500722,4683552
before_2007,0001,L17135-72-00001,N/D - Superficial - EA125,493240,4684812
before_2007,0001,L17147-72-00005,El Ter entre el Freser i la riera de Vallfogona - EA033_C4033,433448,4669209
before_2007,0001,L17167-72-00001,N/D - Superficial - EA072_C4072,437264,4674557
before_2007,0001,L17181-72-00001,N/D - Superficial - EA064,499533,4628889
before_2007,0001,L17191-72-00001,N/D - Superficial - EA132,505910,4652555
before_2007,0001,L17199-72-00001,N/D - Superficial - EA080,510378,4653688
before_2007,0001,L43086-72-00003,El Francolí entre el riu d'Anguera i el Brugent - EA028_C4028,347766,4580851
before_2007,0001,L43148-72-00002,N/D - Superficial - EA079,351999,4556773
before_2007,0001,L43165-72-00001,N/D - Superficial - EA007,360657,4566063
