period,network,subnetwork,station,station_name,x,y,variable_id,variable_name
after_2007,0004,0008,F006171,Portbou - Llançà - 02 (17 092 B01),513200,4691025,3001506,Silicats
after_2007,0004,0008,F006171,Portbou - Llançà - 02 (17 092 B01),513200,4691025,3001508,Nitrats
after_2007,0004,0008,F006171,Portbou - Llançà - 02 (17 092 B01),513200,4691025,3001509,Nitrits
after_2007,0004,0008,F006171,Portbou - Llançà - 02 (17 092 B01),513200,4691025,3001510,Amoni
after_2007,0004,0008,F006171,Portbou - Llançà - 02 (17 092 B01),513200,4691025,3001511,Fosfats
after_2007,0004,0008,F006171,Portbou - Llançà - 02 (17 092 B01),513200,4691025,3007387,Salinitat (mostra)
after_2007,0004,0008,F006171,Portbou - Llançà - 02 (17 092 B01),513200,4691025,3007391,Temperatura aigua (mostra)
after_2007,0004,0008,F006171,Portbou - Llançà - 02 (17 092 B01),513200,4691025,4485155,Nitrats (aigua de mar)
after_2007,0004,0008,F006171,Portbou - Llançà - 02 (17 092 B01),513200,4691025,4485987,Nitrits (aigua de mar)
after_2007,0004,0008,F006171,Portbou - Llançà - 02 (17 092 B01),513200,4691025,4486819,Amoni (aigua de mar)
after_2007,0004,0008,F006171,Portbou - Llançà - 02 (17 092 B01),513200,4691025,4487651,Fosfats (aigua de mar)
after_2007,0004,0008,F006171,Portbou - Llançà - 02 (17 092 B01),513200,4691025,4488483,Silicats (aigua de mar)
after_2007,0004,0008,F006171,Portbou - Llançà - 02 (17 092 B01),513200,4691025,4535693,Conductivitat
after_2007,0004,0008,F006172,Badia de Cadaqués - 03 (17 032 A01),522948,4681850,3001512,Silicats
after_2007,0004,0008,F006172,Badia de Cadaqués - 03 (17 032 A01),522948,4681850,3001514,Nitrats
after_2007,0004,0008,F006172,Badia de Cadaqués - 03 (17 032 A01),522948,4681850,3001515,Nitrits
after_2007,0004,0008,F006172,Badia de Cadaqués - 03 (17 032 A01),522948,4681850,3001516,Amoni
after_2007,0004,0008,F006172,Badia de Cadaqués - 03 (17 032 A01),522948,4681850,3001517,Fosfats
after_2007,0004,0008,F006172,Badia de Cadaqués - 03 (17 032 A01),522948,4681850,3007456,Salinitat (mostra)
after_2007,0004,0008,F006172,Badia de Cadaqués - 03 (17 032 A01),522948,4681850,3007460,Temperatura aigua (mostra)
after_2007,0004,0008,F006172,Badia de Cadaqués - 03 (17 032 A01),522948,4681850,4485156,Nitrats (aigua de mar)
after_2007,0004,0008,F006172,Badia de Cadaqués - 03 (17 032 A01),522948,4681850,4485988,Nitrits (aigua de mar)
after_2007,0004,0008,F006172,Badia de Cadaqués - 03 (17 032 A01),522948,4681850,4486820,Amoni (aigua de mar)
after_2007,0004,0008,F006172,Badia de Cadaqués - 03 (17 032 A01),522948,4681850,4487652,Fosfats (aigua de mar)
after_2007,0004,0008,F006172,Badia de Cadaqués - 03 (17 032 A01),522948,4681850,4488484,Silicats (aigua de mar)
after_2007,0004,0008,F006172,Badia de Cadaqués - 03 (17 032 A01),522948,4681850,4535738,Conductivitat
after_2007,0004,0008,F006173,Roses - Castelló d'Empúries - 04 (17 152 D01),514083,4679152,3001518,Silicats
after_2007,0004,0008,F006173,Roses - Castelló d'Empúries - 04 (17 152 D01),514083,4679152,3001520,Nitrats
after_2007,0004,0008,F006173,Roses - Castelló d'Empúries - 04 (17 152 D01),514083,4679152,3001521,Nitrits
after_2007,0004,0008,F006173,Roses - Castelló d'Empúries - 04 (17 152 D01),514083,4679152,3001522,Amoni
after_2007,0004,0008,F006173,Roses - Castelló d'Empúries - 04 (17 152 D01),514083,4679152,3001523,Fosfats
after_2007,0004,0008,F006173,Roses - Castelló d'Empúries - 04 (17 152 D01),514083,4679152,3007525,Salinitat (mostra)
after_2007,0004,0008,F006173,Roses - Castelló d'Empúries - 04 (17 152 D01),514083,4679152,3007529,Temperatura aigua (mostra)
after_2007,0004,0008,F006173,Roses - Castelló d'Empúries - 04 (17 152 D01),514083,4679152,4485157,Nitrats (aigua de mar)
after_2007,0004,0008,F006173,Roses - Castelló d'Empúries - 04 (17 152 D01),514083,4679152,4485989,Nitrits (aigua de mar)
after_2007,0004,0008,F006173,Roses - Castelló d'Empúries - 04 (17 152 D01),514083,4679152,4486821,Amoni (aigua de mar)
after_2007,0004,0008,F006173,Roses - Castelló d'Empúries - 04 (17 152 D01),514083,4679152,4487653,Fosfats (aigua de mar)
after_2007,0004,0008,F006173,Roses - Castelló d'Empúries - 04 (17 152 D01),514083,4679152,4488485,Silicats (aigua de mar)
after_2007,0004,0008,F006173,Roses - Castelló d'Empúries - 04 (17 152 D01),514083,4679152,4535773,Conductivitat
after_2007,0004,0008,F006174,Roses - Castelló d'Empúries - 05 (17 047 C01),510445,4676153,3001524,Silicats
after_2007,0004,0008,F006174,Roses - Castelló d'Empúries - 05 (17 047 C01),510445,4676153,3001526,Nitrats
after_2007,0004,0008,F006174,Roses - Castelló d'Empúries - 05 (17 047 C01),510445,4676153,3001527,Nitrits
after_2007,0004,0008,F006174,Roses - Castelló d'Empúries - 05 (17 047 C01),510445,4676153,3001528,Amoni
after_2007,0004,0008,F006174,Roses - Castelló d'Empúries - 05 (17 047 C01),510445,4676153,3001529,Fosfats
after_2007,0004,0008,F006174,Roses - Castelló d'Empúries - 05 (17 047 C01),510445,4676153,3007594,Salinitat (mostra)
after_2007,0004,0008,F006174,Roses - Castelló d'Empúries - 05 (17 047 C01),510445,4676153,3007598,Temperatura aigua (mostra)
after_2007,0004,0008,F006174,Roses - Castelló d'Empúries - 05 (17 047 C01),510445,4676153,4485158,Nitrats (aigua de mar)
after_2007,0004,0008,F006174,Roses - Castelló d'Empúries - 05 (17 047 C01),510445,4676153,4485990,Nitrits (aigua de mar)
after_2007,0004,0008,F006174,Roses - Castelló d'Empúries - 05 (17 047 C01),510445,4676153,4486822,Amoni (aigua de mar)
after_2007,0004,0008,F006174,Roses - Castelló d'Empúries - 05 (17 047 C01),510445,4676153,4487654,Fosfats (aigua de mar)
after_2007,0004,0008,F006174,Roses - Castelló d'Empúries - 05 (17 047 C01),510445,4676153,4488486,Silicats (aigua de mar)
after_2007,0004,0008,F006174,Roses - Castelló d'Empúries - 05 (17 047 C01),510445,4676153,4535774,Conductivitat
after_2007,0004,0008,F006179,Sant Pere Pescador - Fluvià - 07 (17 178 A01),509169,4670749,3001554,Silicats
after_2007,0004,0008,F006179,Sant Pere Pescador - Fluvià - 07 (17 178 A01),509169,4670749,3001556,Nitrats
after_2007,0004,0008,F006179,Sant Pere Pescador - Fluvià - 07 (17 178 A01),509169,4670749,3001557,Nitrits
after_2007,0004,0008,F006179,Sant Pere Pescador - Fluvià - 07 (17 178 A01),509169,4670749,3001558,Amoni
after_2007,0004,0008,F006179,Sant Pere Pescador - Fluvià - 07 (17 178 A01),509169,4670749,3001559,Fosfats
after_2007,0004,0008,F006179,Sant Pere Pescador - Fluvià - 07 (17 178 A01),509169,4670749,3007939,Salinitat (mostra)
after_2007,0004,0008,F006179,Sant Pere Pescador - Fluvià - 07 (17 178 A01),509169,4670749,3007943,Temperatura aigua (mostra)
after_2007,0004,0008,F006179,Sant Pere Pescador - Fluvià - 07 (17 178 A01),509169,4670749,4485163,Nitrats (aigua de mar)
after_2007,0004,0008,F006179,Sant Pere Pescador - Fluvià - 07 (17 178 A01),509169,4670749,4485995,Nitrits (aigua de mar)
after_2007,0004,0008,F006179,Sant Pere Pescador - Fluvià - 07 (17 178 A01),509169,4670749,4486827,Amoni (aigua de mar)
after_2007,0004,0008,F006179,Sant Pere Pescador - Fluvià - 07 (17 178 A01),509169,4670749,4487659,Fosfats (aigua de mar)
after_2007,0004,0008,F006179,Sant Pere Pescador - Fluvià - 07 (17 178 A01),509169,4670749,4488491,Silicats (aigua de mar)
after_2007,0004,0008,F006179,Sant Pere Pescador - Fluvià - 07 (17 178 A01),509169,4670749,4535786,Conductivitat
after_2007,0004,0008,F006187,Torroella de Montgrí - el Ter - 11 (17 199 C01),516134,4651809,3001602,Silicats
after_2007,0004,0008,F006187,Torroella de Montgrí - el Ter - 11 (17 199 C01),516134,4651809,3001604,Nitrats
after_2007,0004,0008,F006187,Torroella de Montgrí - el Ter - 11 (17 199 C01),516134,4651809,3001605,Nitrits
after_2007,0004,0008,F006187,Torroella de Montgrí - el Ter - 11 (17 199 C01),516134,4651809,3001606,Amoni
after_2007,0004,0008,F006187,Torroella de Montgrí - el Ter - 11 (17 199 C01),516134,4651809,3001607,Fosfats
after_2007,0004,0008,F006187,Torroella de Montgrí - el Ter - 11 (17 199 C01),516134,4651809,3008491,Salinitat (mostra)
after_2007,0004,0008,F006187,Torroella de Montgrí - el Ter - 11 (17 199 C01),516134,4651809,3008495,Temperatura aigua (mostra)
after_2007,0004,0008,F006187,Torroella de Montgrí - el Ter - 11 (17 199 C01),516134,4651809,4485171,Nitrats (aigua de mar)
after_2007,0004,0008,F006187,Torroella de Montgrí - el Ter - 11 (17 199 C01),516134,4651809,4486003,Nitrits (aigua de mar)
after_2007,0004,0008,F006187,Torroella de Montgrí - el Ter - 11 (17 199 C01),516134,4651809,4486835,Amoni (aigua de mar)
after_2007,0004,0008,F006187,Torroella de Montgrí - el Ter - 11 (17 199 C01),516134,4651809,4487667,Fosfats (aigua de mar)
after_2007,0004,0008,F006187,Torroella de Montgrí - el Ter - 11 (17 199 C01),516134,4651809,4488499,Silicats (aigua de mar)
after_2007,0004,0008,F006187,Torroella de Montgrí - el Ter - 11 (17 199 C01),516134,4651809,4535825,Conductivitat
after_2007,0004,0008,F006189,Begur - Blanes - 13 (17 118 C01),511870,4633923,3001614,Silicats
after_2007,0004,0008,F006189,Begur - Blanes - 13 (17 118 C01),511870,4633923,3001616,Nitrats
after_2007,0004,0008,F006189,Begur - Blanes - 13 (17 118 C01),511870,4633923,3001617,Nitrits
after_2007,0004,0008,F006189,Begur - Blanes - 13 (17 118 C01),511870,4633923,3001618,Amoni
after_2007,0004,0008,F006189,Begur - Blanes - 13 (17 118 C01),511870,4633923,3001619,Fosfats
after_2007,0004,0008,F006189,Begur - Blanes - 13 (17 118 C01),511870,4633923,3008629,Salinitat (mostra)
after_2007,0004,0008,F006189,Begur - Blanes - 13 (17 118 C01),511870,4633923,3008633,Temperatura aigua (mostra)
after_2007,0004,0008,F006189,Begur - Blanes - 13 (17 118 C01),511870,4633923,4485173,Nitrats (aigua de mar)
after_2007,0004,0008,F006189,Begur - Blanes - 13 (17 118 C01),511870,4633923,4486005,Nitrits (aigua de mar)
after_2007,0004,0008,F006189,Begur - Blanes - 13 (17 118 C01),511870,4633923,4486837,Amoni (aigua de mar)
after_2007,0004,0008,F006189,Begur - Blanes - 13 (17 118 C01),511870,4633923,4487669,Fosfats (aigua de mar)
after_2007,0004,0008,F006189,Begur - Blanes - 13 (17 118 C01),511870,4633923,4488501,Silicats (aigua de mar)
after_2007,0004,0008,F006189,Begur - Blanes - 13 (17 118 C01),511870,4633923,4535851,Conductivitat
after_2007,0004,0008,F006191,Begur - Blanes - 15 (17 048 A02),505529,4628514,3001626,Silicats
after_2007,0004,0008,F006191,Begur - Blanes - 15 (17 048 A02),505529,4628514,3001628,Nitrats
after_2007,0004,0008,F006191,Begur - Blanes - 15 (17 048 A02),505529,4628514,3001629,Nitrits
after_2007,0004,0008,F006191,Begur - Blanes - 15 (17 048 A02),505529,4628514,3001630,Amoni
after_2007,0004,0008,F006191,Begur - Blanes - 15 (17 048 A02),505529,4628514,3001631,Fosfats
after_2007,0004,0008,F006191,Begur - Blanes - 15 (17 048 A02),505529,4628514,3008767,Salinitat (mostra)
after_2007,0004,0008,F006191,Begur - Blanes - 15 (17 048 A02),505529,4628514,3008771,Temperatura aigua (mostra)
after_2007,0004,0008,F006191,Begur - Blanes - 15 (17 048 A02),505529,4628514,4485175,Nitrats (aigua de mar)
after_2007,0004,0008,F006191,Begur - Blanes - 15 (17 048 A02),505529,4628514,4486007,Nitrits (aigua de mar)
after_2007,0004,0008,F006191,Begur - Blanes - 15 (17 048 A02),505529,4628514,4486839,Amoni (aigua de mar)
after_2007,0004,0008,F006191,Begur - Blanes - 15 (17 048 A02),505529,4628514,4487671,Fosfats (aigua de mar)
after_2007,0004,0008,F006191,Begur - Blanes - 15 (17 048 A02),505529,4628514,4488503,Silicats (aigua de mar)
after_2007,0004,0008,F006191,Begur - Blanes - 15 (17 048 A02),505529,4628514,4535852,Conductivitat
after_2007,0004,0008,F006195,Begur - Blanes - 18 (17 023 B01),482793,4613542,3001650,Silicats
after_2007,0004,0008,F006195,Begur - Blanes - 18 (17 023 B01),482793,4613542,3001652,Nitrats
after_2007,0004,0008,F006195,Begur - Blanes - 18 (17 023 B01),482793,4613542,3001653,Nitrits
after_2007,0004,0008,F006195,Begur - Blanes - 18 (17 023 B01),482793,4613542,3001654,Amoni
after_2007,0004,0008,F006195,Begur - Blanes - 18 (17 023 B01),482793,4613542,3001655,Fosfats
after_2007,0004,0008,F006195,Begur - Blanes - 18 (17 023 B01),482793,4613542,3009043,Salinitat (mostra)
after_2007,0004,0008,F006195,Begur - Blanes - 18 (17 023 B01),482793,4613542,3009047,Temperatura aigua (mostra)
after_2007,0004,0008,F006195,Begur - Blanes - 18 (17 023 B01),482793,4613542,4473154,pH (camp)
after_2007,0004,0008,F006195,Begur - Blanes - 18 (17 023 B01),482793,4613542,4485179,Nitrats (aigua de mar)
after_2007,0004,0008,F006195,Begur - Blanes - 18 (17 023 B01),482793,4613542,4486011,Nitrits (aigua de mar)
after_2007,0004,0008,F006195,Begur - Blanes - 18 (17 023 B01),482793,4613542,4486843,Amoni (aigua de mar)
after_2007,0004,0008,F006195,Begur - Blanes - 18 (17 023 B01),482793,4613542,4487675,Fosfats (aigua de mar)
after_2007,0004,0008,F006195,Begur - Blanes - 18 (17 023 B01),482793,4613542,4488507,Silicats (aigua de mar)
after_2007,0004,0008,F006195,Begur - Blanes - 18 (17 023 B01),482793,4613542,4535854,Conductivitat
after_2007,0004,0008,F006196,Blanes - Pineda de Mar - 19 (17 023 C03),482550,4613245,3001656,Silicats
after_2007,0004,0008,F006196,Blanes - Pineda de Mar - 19 (17 023 C03),482550,4613245,3001658,Nitrats
after_2007,0004,0008,F006196,Blanes - Pineda de Mar - 19 (17 023 C03),482550,4613245,3001659,Nitrits
after_2007,0004,0008,F006196,Blanes - Pineda de Mar - 19 (17 023 C03),482550,4613245,3001660,Amoni
after_2007,0004,0008,F006196,Blanes - Pineda de Mar - 19 (17 023 C03),482550,4613245,3001661,Fosfats
after_2007,0004,0008,F006196,Blanes - Pineda de Mar - 19 (17 023 C03),482550,4613245,3009112,Salinitat (mostra)
after_2007,0004,0008,F006196,Blanes - Pineda de Mar - 19 (17 023 C03),482550,4613245,3009116,Temperatura aigua (mostra)
after_2007,0004,0008,F006196,Blanes - Pineda de Mar - 19 (17 023 C03),482550,4613245,4485180,Nitrats (aigua de mar)
after_2007,0004,0008,F006196,Blanes - Pineda de Mar - 19 (17 023 C03),482550,4613245,4486012,Nitrits (aigua de mar)
after_2007,0004,0008,F006196,Blanes - Pineda de Mar - 19 (17 023 C03),482550,4613245,4486844,Amoni (aigua de mar)
after_2007,0004,0008,F006196,Blanes - Pineda de Mar - 19 (17 023 C03),482550,4613245,4487676,Fosfats (aigua de mar)
after_2007,0004,0008,F006196,Blanes - Pineda de Mar - 19 (17 023 C03),482550,4613245,4488508,Silicats (aigua de mar)
after_2007,0004,0008,F006199,Blanes - Pineda de Mar - 21 (08 110 A01),481358,4610894,3001674,Silicats
after_2007,0004,0008,F006199,Blanes - Pineda de Mar - 21 (08 110 A01),481358,4610894,3001676,Nitrats
after_2007,0004,0008,F006199,Blanes - Pineda de Mar - 21 (08 110 A01),481358,4610894,3001677,Nitrits
after_2007,0004,0008,F006199,Blanes - Pineda de Mar - 21 (08 110 A01),481358,4610894,3001678,Amoni
after_2007,0004,0008,F006199,Blanes - Pineda de Mar - 21 (08 110 A01),481358,4610894,3001679,Fosfats
after_2007,0004,0008,F006199,Blanes - Pineda de Mar - 21 (08 110 A01),481358,4610894,3009319,Salinitat (mostra)
after_2007,0004,0008,F006199,Blanes - Pineda de Mar - 21 (08 110 A01),481358,4610894,3009323,Temperatura aigua (mostra)
after_2007,0004,0008,F006199,Blanes - Pineda de Mar - 21 (08 110 A01),481358,4610894,4485183,Nitrats (aigua de mar)
after_2007,0004,0008,F006199,Blanes - Pineda de Mar - 21 (08 110 A01),481358,4610894,4486015,Nitrits (aigua de mar)
after_2007,0004,0008,F006199,Blanes - Pineda de Mar - 21 (08 110 A01),481358,4610894,4486847,Amoni (aigua de mar)
after_2007,0004,0008,F006199,Blanes - Pineda de Mar - 21 (08 110 A01),481358,4610894,4487679,Fosfats (aigua de mar)
after_2007,0004,0008,F006199,Blanes - Pineda de Mar - 21 (08 110 A01),481358,4610894,4488511,Silicats (aigua de mar)
after_2007,0004,0008,F006200,Els Alfacs - 61 (43 136 C01),296358,4498651,3001680,Silicats
after_2007,0004,0008,F006200,Els Alfacs - 61 (43 136 C01),296358,4498651,3001682,Nitrats
after_2007,0004,0008,F006200,Els Alfacs - 61 (43 136 C01),296358,4498651,3001683,Nitrits
after_2007,0004,0008,F006200,Els Alfacs - 61 (43 136 C01),296358,4498651,3001684,Amoni
after_2007,0004,0008,F006200,Els Alfacs - 61 (43 136 C01),296358,4498651,3001685,Fosfats
after_2007,0004,0008,F006200,Els Alfacs - 61 (43 136 C01),296358,4498651,3009388,Salinitat (mostra)
after_2007,0004,0008,F006200,Els Alfacs - 61 (43 136 C01),296358,4498651,3009392,Temperatura aigua (mostra)
after_2007,0004,0008,F006200,Els Alfacs - 61 (43 136 C01),296358,4498651,4485184,Nitrats (aigua de mar)
after_2007,0004,0008,F006200,Els Alfacs - 61 (43 136 C01),296358,4498651,4486016,Nitrits (aigua de mar)
after_2007,0004,0008,F006200,Els Alfacs - 61 (43 136 C01),296358,4498651,4486848,Amoni (aigua de mar)
after_2007,0004,0008,F006200,Els Alfacs - 61 (43 136 C01),296358,4498651,4487680,Fosfats (aigua de mar)
after_2007,0004,0008,F006200,Els Alfacs - 61 (43 136 C01),296358,4498651,4488512,Silicats (aigua de mar)
after_2007,0004,0008,F006200,Els Alfacs - 61 (43 136 C01),296358,4498651,4536200,Conductivitat
after_2007,0004,0008,F006201,Blanes - Pineda de Mar - 22 (08 163 C01),474323,4607756,3001686,Silicats
after_2007,0004,0008,F006201,Blanes - Pineda de Mar - 22 (08 163 C01),474323,4607756,3001688,Nitrats
after_2007,0004,0008,F006201,Blanes - Pineda de Mar - 22 (08 163 C01),474323,4607756,3001689,Nitrits
after_2007,0004,0008,F006201,Blanes - Pineda de Mar - 22 (08 163 C01),474323,4607756,3001690,Amoni
after_2007,0004,0008,F006201,Blanes - Pineda de Mar - 22 (08 163 C01),474323,4607756,3001691,Fosfats
after_2007,0004,0008,F006201,Blanes - Pineda de Mar - 22 (08 163 C01),474323,4607756,3009457,Salinitat (mostra)
after_2007,0004,0008,F006201,Blanes - Pineda de Mar - 22 (08 163 C01),474323,4607756,3009461,Temperatura aigua (mostra)
after_2007,0004,0008,F006201,Blanes - Pineda de Mar - 22 (08 163 C01),474323,4607756,4473152,pH (camp)
after_2007,0004,0008,F006201,Blanes - Pineda de Mar - 22 (08 163 C01),474323,4607756,4485185,Nitrats (aigua de mar)
after_2007,0004,0008,F006201,Blanes - Pineda de Mar - 22 (08 163 C01),474323,4607756,4486017,Nitrits (aigua de mar)
after_2007,0004,0008,F006201,Blanes - Pineda de Mar - 22 (08 163 C01),474323,4607756,4486849,Amoni (aigua de mar)
after_2007,0004,0008,F006201,Blanes - Pineda de Mar - 22 (08 163 C01),474323,4607756,4487681,Fosfats (aigua de mar)
after_2007,0004,0008,F006201,Blanes - Pineda de Mar - 22 (08 163 C01),474323,4607756,4488513,Silicats (aigua de mar)
after_2007,0004,0008,F006201,Blanes - Pineda de Mar - 22 (08 163 C01),474323,4607756,4535887,Conductivitat
after_2007,0004,0008,F006203,Pineda de Mar - Mataró - 23 (08 035 A01),472003,4606805,3001698,Silicats
after_2007,0004,0008,F006203,Pineda de Mar - Mataró - 23 (08 035 A01),472003,4606805,3001700,Nitrats
after_2007,0004,0008,F006203,Pineda de Mar - Mataró - 23 (08 035 A01),472003,4606805,3001701,Nitrits
after_2007,0004,0008,F006203,Pineda de Mar - Mataró - 23 (08 035 A01),472003,4606805,3001702,Amoni
after_2007,0004,0008,F006203,Pineda de Mar - Mataró - 23 (08 035 A01),472003,4606805,3001703,Fosfats
after_2007,0004,0008,F006203,Pineda de Mar - Mataró - 23 (08 035 A01),472003,4606805,3009595,Salinitat (mostra)
after_2007,0004,0008,F006203,Pineda de Mar - Mataró - 23 (08 035 A01),472003,4606805,3009599,Temperatura aigua (mostra)
after_2007,0004,0008,F006203,Pineda de Mar - Mataró - 23 (08 035 A01),472003,4606805,4485187,Nitrats (aigua de mar)
after_2007,0004,0008,F006203,Pineda de Mar - Mataró - 23 (08 035 A01),472003,4606805,4486019,Nitrits (aigua de mar)
after_2007,0004,0008,F006203,Pineda de Mar - Mataró - 23 (08 035 A01),472003,4606805,4486851,Amoni (aigua de mar)
after_2007,0004,0008,F006203,Pineda de Mar - Mataró - 23 (08 035 A01),472003,4606805,4487683,Fosfats (aigua de mar)
after_2007,0004,0008,F006203,Pineda de Mar - Mataró - 23 (08 035 A01),472003,4606805,4488515,Silicats (aigua de mar)
after_2007,0004,0008,F006203,Pineda de Mar - Mataró - 23 (08 035 A01),472003,4606805,4535900,Conductivitat
after_2007,0004,0008,F006204,Pineda de Mar - Mataró - 24 (08 006 A01),463923,4603284,3001704,Silicats
after_2007,0004,0008,F006204,Pineda de Mar - Mataró - 24 (08 006 A01),463923,4603284,3001706,Nitrats
after_2007,0004,0008,F006204,Pineda de Mar - Mataró - 24 (08 006 A01),463923,4603284,3001707,Nitrits
after_2007,0004,0008,F006204,Pineda de Mar - Mataró - 24 (08 006 A01),463923,4603284,3001708,Amoni
after_2007,0004,0008,F006204,Pineda de Mar - Mataró - 24 (08 006 A01),463923,4603284,3001709,Fosfats
after_2007,0004,0008,F006204,Pineda de Mar - Mataró - 24 (08 006 A01),463923,4603284,3009664,Salinitat (mostra)
after_2007,0004,0008,F006204,Pineda de Mar - Mataró - 24 (08 006 A01),463923,4603284,3009668,Temperatura aigua (mostra)
after_2007,0004,0008,F006204,Pineda de Mar - Mataró - 24 (08 006 A01),463923,4603284,4485188,Nitrats (aigua de mar)
after_2007,0004,0008,F006204,Pineda de Mar - Mataró - 24 (08 006 A01),463923,4603284,4486020,Nitrits (aigua de mar)
after_2007,0004,0008,F006204,Pineda de Mar - Mataró - 24 (08 006 A01),463923,4603284,4486852,Amoni (aigua de mar)
after_2007,0004,0008,F006204,Pineda de Mar - Mataró - 24 (08 006 A01),463923,4603284,4487684,Fosfats (aigua de mar)
after_2007,0004,0008,F006204,Pineda de Mar - Mataró - 24 (08 006 A01),463923,4603284,4488516,Silicats (aigua de mar)
after_2007,0004,0008,F006205,Pineda de Mar - Mataró - 25 (08 121 C01),454627,4598705,3001710,Silicats
after_2007,0004,0008,F006205,Pineda de Mar - Mataró - 25 (08 121 C01),454627,4598705,3001712,Nitrats
after_2007,0004,0008,F006205,Pineda de Mar - Mataró - 25 (08 121 C01),454627,4598705,3001713,Nitrits
after_2007,0004,0008,F006205,Pineda de Mar - Mataró - 25 (08 121 C01),454627,4598705,3001714,Amoni
after_2007,0004,0008,F006205,Pineda de Mar - Mataró - 25 (08 121 C01),454627,4598705,3001715,Fosfats
after_2007,0004,0008,F006205,Pineda de Mar - Mataró - 25 (08 121 C01),454627,4598705,3009733,Salinitat (mostra)
after_2007,0004,0008,F006205,Pineda de Mar - Mataró - 25 (08 121 C01),454627,4598705,3009737,Temperatura aigua (mostra)
after_2007,0004,0008,F006205,Pineda de Mar - Mataró - 25 (08 121 C01),454627,4598705,4485189,Nitrats (aigua de mar)
after_2007,0004,0008,F006205,Pineda de Mar - Mataró - 25 (08 121 C01),454627,4598705,4486021,Nitrits (aigua de mar)
after_2007,0004,0008,F006205,Pineda de Mar - Mataró - 25 (08 121 C01),454627,4598705,4486853,Amoni (aigua de mar)
after_2007,0004,0008,F006205,Pineda de Mar - Mataró - 25 (08 121 C01),454627,4598705,4487685,Fosfats (aigua de mar)
after_2007,0004,0008,F006205,Pineda de Mar - Mataró - 25 (08 121 C01),454627,4598705,4488517,Silicats (aigua de mar)
after_2007,0004,0008,F006205,Pineda de Mar - Mataró - 25 (08 121 C01),454627,4598705,4535901,Conductivitat
after_2007,0004,0008,F006206,Mataró - Montgat - R26 (08 121 R04),451942,4596560,3001716,Silicats
after_2007,0004,0008,F006206,Mataró - Montgat - R26 (08 121 R04),451942,4596560,3001718,Nitrats
after_2007,0004,0008,F006206,Mataró - Montgat - R26 (08 121 R04),451942,4596560,3001719,Nitrits
after_2007,0004,0008,F006206,Mataró - Montgat - R26 (08 121 R04),451942,4596560,3001720,Amoni
after_2007,0004,0008,F006206,Mataró - Montgat - R26 (08 121 R04),451942,4596560,3001721,Fosfats
after_2007,0004,0008,F006206,Mataró - Montgat - R26 (08 121 R04),451942,4596560,3009802,Salinitat (mostra)
after_2007,0004,0008,F006206,Mataró - Montgat - R26 (08 121 R04),451942,4596560,3009806,Temperatura aigua (mostra)
after_2007,0004,0008,F006206,Mataró - Montgat - R26 (08 121 R04),451942,4596560,4473134,% Saturació d'oxigen (lab)
after_2007,0004,0008,F006206,Mataró - Montgat - R26 (08 121 R04),451942,4596560,4473135,Oxigen dissolt (camp)
after_2007,0004,0008,F006206,Mataró - Montgat - R26 (08 121 R04),451942,4596560,4473136,pH (camp)
after_2007,0004,0008,F006206,Mataró - Montgat - R26 (08 121 R04),451942,4596560,4485848,Nitrats (aigua de mar)
after_2007,0004,0008,F006206,Mataró - Montgat - R26 (08 121 R04),451942,4596560,4486680,Nitrits (aigua de mar)
after_2007,0004,0008,F006206,Mataró - Montgat - R26 (08 121 R04),451942,4596560,4487512,Amoni (aigua de mar)
after_2007,0004,0008,F006206,Mataró - Montgat - R26 (08 121 R04),451942,4596560,4488344,Fosfats (aigua de mar)
after_2007,0004,0008,F006206,Mataró - Montgat - R26 (08 121 R04),451942,4596560,4489176,Silicats (aigua de mar)
after_2007,0004,0008,F006209,Mataró - Montgat - 29 (08 118 A02),443117,4591922,3001734,Silicats
after_2007,0004,0008,F006209,Mataró - Montgat - 29 (08 118 A02),443117,4591922,3001736,Nitrats
after_2007,0004,0008,F006209,Mataró - Montgat - 29 (08 118 A02),443117,4591922,3001737,Nitrits
after_2007,0004,0008,F006209,Mataró - Montgat - 29 (08 118 A02),443117,4591922,3001738,Amoni
after_2007,0004,0008,F006209,Mataró - Montgat - 29 (08 118 A02),443117,4591922,3001739,Fosfats
after_2007,0004,0008,F006209,Mataró - Montgat - 29 (08 118 A02),443117,4591922,3010009,Salinitat (mostra)
after_2007,0004,0008,F006209,Mataró - Montgat - 29 (08 118 A02),443117,4591922,3010013,Temperatura aigua (mostra)
after_2007,0004,0008,F006209,Mataró - Montgat - 29 (08 118 A02),443117,4591922,4473130,% Saturació d'oxigen (lab)
after_2007,0004,0008,F006209,Mataró - Montgat - 29 (08 118 A02),443117,4591922,4473131,Oxigen dissolt (camp)
after_2007,0004,0008,F006209,Mataró - Montgat - 29 (08 118 A02),443117,4591922,4473132,pH (camp)
after_2007,0004,0008,F006209,Mataró - Montgat - 29 (08 118 A02),443117,4591922,4485192,Nitrats (aigua de mar)
after_2007,0004,0008,F006209,Mataró - Montgat - 29 (08 118 A02),443117,4591922,4486024,Nitrits (aigua de mar)
after_2007,0004,0008,F006209,Mataró - Montgat - 29 (08 118 A02),443117,4591922,4486856,Amoni (aigua de mar)
after_2007,0004,0008,F006209,Mataró - Montgat - 29 (08 118 A02),443117,4591922,4487688,Fosfats (aigua de mar)
after_2007,0004,0008,F006209,Mataró - Montgat - 29 (08 118 A02),443117,4591922,4488520,Silicats (aigua de mar)
after_2007,0004,0008,F006209,Mataró - Montgat - 29 (08 118 A02),443117,4591922,4535913,Conductivitat
after_2007,0004,0008,F006210,Montgat - Badalona - 30 (08 015 C01),437456,4588602,3001740,Silicats
after_2007,0004,0008,F006210,Montgat - Badalona - 30 (08 015 C01),437456,4588602,3001742,Nitrats
after_2007,0004,0008,F006210,Montgat - Badalona - 30 (08 015 C01),437456,4588602,3001743,Nitrits
after_2007,0004,0008,F006210,Montgat - Badalona - 30 (08 015 C01),437456,4588602,3001744,Amoni
after_2007,0004,0008,F006210,Montgat - Badalona - 30 (08 015 C01),437456,4588602,3001745,Fosfats
after_2007,0004,0008,F006210,Montgat - Badalona - 30 (08 015 C01),437456,4588602,3010078,Salinitat (mostra)
after_2007,0004,0008,F006210,Montgat - Badalona - 30 (08 015 C01),437456,4588602,3010082,Temperatura aigua (mostra)
after_2007,0004,0008,F006210,Montgat - Badalona - 30 (08 015 C01),437456,4588602,4473115,% Saturació d'oxigen (lab)
after_2007,0004,0008,F006210,Montgat - Badalona - 30 (08 015 C01),437456,4588602,4473116,Oxigen dissolt (camp)
after_2007,0004,0008,F006210,Montgat - Badalona - 30 (08 015 C01),437456,4588602,4473117,pH (camp)
after_2007,0004,0008,F006210,Montgat - Badalona - 30 (08 015 C01),437456,4588602,4485193,Nitrats (aigua de mar)
after_2007,0004,0008,F006210,Montgat - Badalona - 30 (08 015 C01),437456,4588602,4486025,Nitrits (aigua de mar)
after_2007,0004,0008,F006210,Montgat - Badalona - 30 (08 015 C01),437456,4588602,4486857,Amoni (aigua de mar)
after_2007,0004,0008,F006210,Montgat - Badalona - 30 (08 015 C01),437456,4588602,4487689,Fosfats (aigua de mar)
after_2007,0004,0008,F006210,Montgat - Badalona - 30 (08 015 C01),437456,4588602,4488521,Silicats (aigua de mar)
after_2007,0004,0008,F006210,Montgat - Badalona - 30 (08 015 C01),437456,4588602,4535922,Conductivitat
after_2007,0004,0008,F006211,Sant Adrià de Besòs - Barceloneta - 31 (08 194 A01),436017,4585872,3001746,Silicats
after_2007,0004,0008,F006211,Sant Adrià de Besòs - Barceloneta - 31 (08 194 A01),436017,4585872,3001748,Nitrats
after_2007,0004,0008,F006211,Sant Adrià de Besòs - Barceloneta - 31 (08 194 A01),436017,4585872,3001749,Nitrits
after_2007,0004,0008,F006211,Sant Adrià de Besòs - Barceloneta - 31 (08 194 A01),436017,4585872,3001750,Amoni
after_2007,0004,0008,F006211,Sant Adrià de Besòs - Barceloneta - 31 (08 194 A01),436017,4585872,3001751,Fosfats
after_2007,0004,0008,F006211,Sant Adrià de Besòs - Barceloneta - 31 (08 194 A01),436017,4585872,3010147,Salinitat (mostra)
after_2007,0004,0008,F006211,Sant Adrià de Besòs - Barceloneta - 31 (08 194 A01),436017,4585872,3010151,Temperatura aigua (mostra)
after_2007,0004,0008,F006211,Sant Adrià de Besòs - Barceloneta - 31 (08 194 A01),436017,4585872,4485194,Nitrats (aigua de mar)
after_2007,0004,0008,F006211,Sant Adrià de Besòs - Barceloneta - 31 (08 194 A01),436017,4585872,4486026,Nitrits (aigua de mar)
after_2007,0004,0008,F006211,Sant Adrià de Besòs - Barceloneta - 31 (08 194 A01),436017,4585872,4486858,Amoni (aigua de mar)
after_2007,0004,0008,F006211,Sant Adrià de Besòs - Barceloneta - 31 (08 194 A01),436017,4585872,4487690,Fosfats (aigua de mar)
after_2007,0004,0008,F006211,Sant Adrià de Besòs - Barceloneta - 31 (08 194 A01),436017,4585872,4488522,Silicats (aigua de mar)
after_2007,0004,0008,F006214,Sant Adrià de Besòs - Barceloneta - 33 (08 194 B01),435826,4585300,3001764,Silicats
after_2007,0004,0008,F006214,Sant Adrià de Besòs - Barceloneta - 33 (08 194 B01),435826,4585300,3001766,Nitrats
after_2007,0004,0008,F006214,Sant Adrià de Besòs - Barceloneta - 33 (08 194 B01),435826,4585300,3001767,Nitrits
after_2007,0004,0008,F006214,Sant Adrià de Besòs - Barceloneta - 33 (08 194 B01),435826,4585300,3001768,Amoni
after_2007,0004,0008,F006214,Sant Adrià de Besòs - Barceloneta - 33 (08 194 B01),435826,4585300,3001769,Fosfats
after_2007,0004,0008,F006214,Sant Adrià de Besòs - Barceloneta - 33 (08 194 B01),435826,4585300,3010354,Salinitat (mostra)
after_2007,0004,0008,F006214,Sant Adrià de Besòs - Barceloneta - 33 (08 194 B01),435826,4585300,3010358,Temperatura aigua (mostra)
after_2007,0004,0008,F006214,Sant Adrià de Besòs - Barceloneta - 33 (08 194 B01),435826,4585300,4485197,Nitrats (aigua de mar)
after_2007,0004,0008,F006214,Sant Adrià de Besòs - Barceloneta - 33 (08 194 B01),435826,4585300,4486029,Nitrits (aigua de mar)
after_2007,0004,0008,F006214,Sant Adrià de Besòs - Barceloneta - 33 (08 194 B01),435826,4585300,4486861,Amoni (aigua de mar)
after_2007,0004,0008,F006214,Sant Adrià de Besòs - Barceloneta - 33 (08 194 B01),435826,4585300,4487693,Fosfats (aigua de mar)
after_2007,0004,0008,F006214,Sant Adrià de Besòs - Barceloneta - 33 (08 194 B01),435826,4585300,4488525,Silicats (aigua de mar)
after_2007,0004,0008,F006214,Sant Adrià de Besòs - Barceloneta - 33 (08 194 B01),435826,4585300,4535929,Conductivitat
after_2007,0004,0008,F006215,Sant Adrià de Besòs - Barceloneta - 34 (08 019 B01),434205,4583326,3001770,Silicats
after_2007,0004,0008,F006215,Sant Adrià de Besòs - Barceloneta - 34 (08 019 B01),434205,4583326,3001772,Nitrats
after_2007,0004,0008,F006215,Sant Adrià de Besòs - Barceloneta - 34 (08 019 B01),434205,4583326,3001773,Nitrits
after_2007,0004,0008,F006215,Sant Adrià de Besòs - Barceloneta - 34 (08 019 B01),434205,4583326,3001774,Amoni
after_2007,0004,0008,F006215,Sant Adrià de Besòs - Barceloneta - 34 (08 019 B01),434205,4583326,3001775,Fosfats
after_2007,0004,0008,F006215,Sant Adrià de Besòs - Barceloneta - 34 (08 019 B01),434205,4583326,3010423,Salinitat (mostra)
after_2007,0004,0008,F006215,Sant Adrià de Besòs - Barceloneta - 34 (08 019 B01),434205,4583326,3010427,Temperatura aigua (mostra)
after_2007,0004,0008,F006215,Sant Adrià de Besòs - Barceloneta - 34 (08 019 B01),434205,4583326,4473206,% Saturació d'oxigen (lab)
after_2007,0004,0008,F006215,Sant Adrià de Besòs - Barceloneta - 34 (08 019 B01),434205,4583326,4473207,Oxigen dissolt (camp)
after_2007,0004,0008,F006215,Sant Adrià de Besòs - Barceloneta - 34 (08 019 B01),434205,4583326,4473208,pH (camp)
after_2007,0004,0008,F006215,Sant Adrià de Besòs - Barceloneta - 34 (08 019 B01),434205,4583326,4485198,Nitrats (aigua de mar)
after_2007,0004,0008,F006215,Sant Adrià de Besòs - Barceloneta - 34 (08 019 B01),434205,4583326,4486030,Nitrits (aigua de mar)
after_2007,0004,0008,F006215,Sant Adrià de Besòs - Barceloneta - 34 (08 019 B01),434205,4583326,4486862,Amoni (aigua de mar)
after_2007,0004,0008,F006215,Sant Adrià de Besòs - Barceloneta - 34 (08 019 B01),434205,4583326,4487694,Fosfats (aigua de mar)
after_2007,0004,0008,F006215,Sant Adrià de Besòs - Barceloneta - 34 (08 019 B01),434205,4583326,4488526,Silicats (aigua de mar)
after_2007,0004,0008,F006215,Sant Adrià de Besòs - Barceloneta - 34 (08 019 B01),434205,4583326,4535930,Conductivitat
after_2007,0004,0008,F006216,Barceloneta - Zona II Port Barcelona - 35 (08 019 E01),432806,4581675,3001776,Silicats
after_2007,0004,0008,F006216,Barceloneta - Zona II Port Barcelona - 35 (08 019 E01),432806,4581675,3001778,Nitrats
after_2007,0004,0008,F006216,Barceloneta - Zona II Port Barcelona - 35 (08 019 E01),432806,4581675,3001779,Nitrits
after_2007,0004,0008,F006216,Barceloneta - Zona II Port Barcelona - 35 (08 019 E01),432806,4581675,3001780,Amoni
after_2007,0004,0008,F006216,Barceloneta - Zona II Port Barcelona - 35 (08 019 E01),432806,4581675,3001781,Fosfats
after_2007,0004,0008,F006216,Barceloneta - Zona II Port Barcelona - 35 (08 019 E01),432806,4581675,3010492,Salinitat (mostra)
after_2007,0004,0008,F006216,Barceloneta - Zona II Port Barcelona - 35 (08 019 E01),432806,4581675,3010496,Temperatura aigua (mostra)
after_2007,0004,0008,F006216,Barceloneta - Zona II Port Barcelona - 35 (08 019 E01),432806,4581675,4473202,% Saturació d'oxigen (lab)
after_2007,0004,0008,F006216,Barceloneta - Zona II Port Barcelona - 35 (08 019 E01),432806,4581675,4473203,Oxigen dissolt (camp)
after_2007,0004,0008,F006216,Barceloneta - Zona II Port Barcelona - 35 (08 019 E01),432806,4581675,4473204,pH (camp)
after_2007,0004,0008,F006216,Barceloneta - Zona II Port Barcelona - 35 (08 019 E01),432806,4581675,4485199,Nitrats (aigua de mar)
after_2007,0004,0008,F006216,Barceloneta - Zona II Port Barcelona - 35 (08 019 E01),432806,4581675,4486031,Nitrits (aigua de mar)
after_2007,0004,0008,F006216,Barceloneta - Zona II Port Barcelona - 35 (08 019 E01),432806,4581675,4486863,Amoni (aigua de mar)
after_2007,0004,0008,F006216,Barceloneta - Zona II Port Barcelona - 35 (08 019 E01),432806,4581675,4487695,Fosfats (aigua de mar)
after_2007,0004,0008,F006216,Barceloneta - Zona II Port Barcelona - 35 (08 019 E01),432806,4581675,4488527,Silicats (aigua de mar)
after_2007,0004,0008,F006216,Barceloneta - Zona II Port Barcelona - 35 (08 019 E01),432806,4581675,4535956,Conductivitat
after_2007,0004,0008,F006220,El Prat de Llobregat - Castelldefels - 38 (08 301 A01),421792,4569708,3001800,Silicats
after_2007,0004,0008,F006220,El Prat de Llobregat - Castelldefels - 38 (08 301 A01),421792,4569708,3001802,Nitrats
after_2007,0004,0008,F006220,El Prat de Llobregat - Castelldefels - 38 (08 301 A01),421792,4569708,3001803,Nitrits
after_2007,0004,0008,F006220,El Prat de Llobregat - Castelldefels - 38 (08 301 A01),421792,4569708,3001804,Amoni
after_2007,0004,0008,F006220,El Prat de Llobregat - Castelldefels - 38 (08 301 A01),421792,4569708,3001805,Fosfats
after_2007,0004,0008,F006220,El Prat de Llobregat - Castelldefels - 38 (08 301 A01),421792,4569708,3010768,Salinitat (mostra)
after_2007,0004,0008,F006220,El Prat de Llobregat - Castelldefels - 38 (08 301 A01),421792,4569708,3010772,Temperatura aigua (mostra)
after_2007,0004,0008,F006220,El Prat de Llobregat - Castelldefels - 38 (08 301 A01),421792,4569708,4473187,% Saturació d'oxigen (lab)
after_2007,0004,0008,F006220,El Prat de Llobregat - Castelldefels - 38 (08 301 A01),421792,4569708,4473188,Oxigen dissolt (camp)
after_2007,0004,0008,F006220,El Prat de Llobregat - Castelldefels - 38 (08 301 A01),421792,4569708,4473189,pH (camp)
after_2007,0004,0008,F006220,El Prat de Llobregat - Castelldefels - 38 (08 301 A01),421792,4569708,4485203,Nitrats (aigua de mar)
after_2007,0004,0008,F006220,El Prat de Llobregat - Castelldefels - 38 (08 301 A01),421792,4569708,4486035,Nitrits (aigua de mar)
after_2007,0004,0008,F006220,El Prat de Llobregat - Castelldefels - 38 (08 301 A01),421792,4569708,4486867,Amoni (aigua de mar)
after_2007,0004,0008,F006220,El Prat de Llobregat - Castelldefels - 38 (08 301 A01),421792,4569708,4487699,Fosfats (aigua de mar)
after_2007,0004,0008,F006220,El Prat de Llobregat - Castelldefels - 38 (08 301 A01),421792,4569708,4488531,Silicats (aigua de mar)
after_2007,0004,0008,F006220,El Prat de Llobregat - Castelldefels - 38 (08 301 A01),421792,4569708,4535983,Conductivitat
after_2007,0004,0008,F006221,El Prat de Llobregat - Castelldefels - 39 (08 089 A01),419828,4569146,3001806,Silicats
after_2007,0004,0008,F006221,El Prat de Llobregat - Castelldefels - 39 (08 089 A01),419828,4569146,3001808,Nitrats
after_2007,0004,0008,F006221,El Prat de Llobregat - Castelldefels - 39 (08 089 A01),419828,4569146,3001809,Nitrits
after_2007,0004,0008,F006221,El Prat de Llobregat - Castelldefels - 39 (08 089 A01),419828,4569146,3001810,Amoni
after_2007,0004,0008,F006221,El Prat de Llobregat - Castelldefels - 39 (08 089 A01),419828,4569146,3001811,Fosfats
after_2007,0004,0008,F006221,El Prat de Llobregat - Castelldefels - 39 (08 089 A01),419828,4569146,3010837,Salinitat (mostra)
after_2007,0004,0008,F006221,El Prat de Llobregat - Castelldefels - 39 (08 089 A01),419828,4569146,3010841,Temperatura aigua (mostra)
after_2007,0004,0008,F006221,El Prat de Llobregat - Castelldefels - 39 (08 089 A01),419828,4569146,4485204,Nitrats (aigua de mar)
after_2007,0004,0008,F006221,El Prat de Llobregat - Castelldefels - 39 (08 089 A01),419828,4569146,4486036,Nitrits (aigua de mar)
after_2007,0004,0008,F006221,El Prat de Llobregat - Castelldefels - 39 (08 089 A01),419828,4569146,4486868,Amoni (aigua de mar)
after_2007,0004,0008,F006221,El Prat de Llobregat - Castelldefels - 39 (08 089 A01),419828,4569146,4487700,Fosfats (aigua de mar)
after_2007,0004,0008,F006221,El Prat de Llobregat - Castelldefels - 39 (08 089 A01),419828,4569146,4488532,Silicats (aigua de mar)
after_2007,0004,0008,F006221,El Prat de Llobregat - Castelldefels - 39 (08 089 A01),419828,4569146,4535984,Conductivitat
after_2007,0004,0008,F006222,El Prat de Llobregat - Castelldefels - 40 (08 056 A03),413261,4568569,3001812,Silicats
after_2007,0004,0008,F006222,El Prat de Llobregat - Castelldefels - 40 (08 056 A03),413261,4568569,3001814,Nitrats
after_2007,0004,0008,F006222,El Prat de Llobregat - Castelldefels - 40 (08 056 A03),413261,4568569,3001815,Nitrits
after_2007,0004,0008,F006222,El Prat de Llobregat - Castelldefels - 40 (08 056 A03),413261,4568569,3001816,Amoni
after_2007,0004,0008,F006222,El Prat de Llobregat - Castelldefels - 40 (08 056 A03),413261,4568569,3001817,Fosfats
after_2007,0004,0008,F006222,El Prat de Llobregat - Castelldefels - 40 (08 056 A03),413261,4568569,3010906,Salinitat (mostra)
after_2007,0004,0008,F006222,El Prat de Llobregat - Castelldefels - 40 (08 056 A03),413261,4568569,3010910,Temperatura aigua (mostra)
after_2007,0004,0008,F006222,El Prat de Llobregat - Castelldefels - 40 (08 056 A03),413261,4568569,4485205,Nitrats (aigua de mar)
after_2007,0004,0008,F006222,El Prat de Llobregat - Castelldefels - 40 (08 056 A03),413261,4568569,4486037,Nitrits (aigua de mar)
after_2007,0004,0008,F006222,El Prat de Llobregat - Castelldefels - 40 (08 056 A03),413261,4568569,4486869,Amoni (aigua de mar)
after_2007,0004,0008,F006222,El Prat de Llobregat - Castelldefels - 40 (08 056 A03),413261,4568569,4487701,Fosfats (aigua de mar)
after_2007,0004,0008,F006222,El Prat de Llobregat - Castelldefels - 40 (08 056 A03),413261,4568569,4488533,Silicats (aigua de mar)
after_2007,0004,0008,F006222,El Prat de Llobregat - Castelldefels - 40 (08 056 A03),413261,4568569,4535985,Conductivitat
after_2007,0004,0008,F006223,Sitges - 41 (08 270 E01),400092,4565439,3001818,Silicats
after_2007,0004,0008,F006223,Sitges - 41 (08 270 E01),400092,4565439,3001820,Nitrats
after_2007,0004,0008,F006223,Sitges - 41 (08 270 E01),400092,4565439,3001821,Nitrits
after_2007,0004,0008,F006223,Sitges - 41 (08 270 E01),400092,4565439,3001822,Amoni
after_2007,0004,0008,F006223,Sitges - 41 (08 270 E01),400092,4565439,3001823,Fosfats
after_2007,0004,0008,F006223,Sitges - 41 (08 270 E01),400092,4565439,3010975,Salinitat (mostra)
after_2007,0004,0008,F006223,Sitges - 41 (08 270 E01),400092,4565439,3010979,Temperatura aigua (mostra)
after_2007,0004,0008,F006223,Sitges - 41 (08 270 E01),400092,4565439,4485206,Nitrats (aigua de mar)
after_2007,0004,0008,F006223,Sitges - 41 (08 270 E01),400092,4565439,4486038,Nitrits (aigua de mar)
after_2007,0004,0008,F006223,Sitges - 41 (08 270 E01),400092,4565439,4486870,Amoni (aigua de mar)
after_2007,0004,0008,F006223,Sitges - 41 (08 270 E01),400092,4565439,4487702,Fosfats (aigua de mar)
after_2007,0004,0008,F006223,Sitges - 41 (08 270 E01),400092,4565439,4488534,Silicats (aigua de mar)
after_2007,0004,0008,F006223,Sitges - 41 (08 270 E01),400092,4565439,4535996,Conductivitat
after_2007,0004,0008,F006224,Vilanova i la Geltrú - 42 (08 307 B01),393105,4563068,3001824,Silicats
after_2007,0004,0008,F006224,Vilanova i la Geltrú - 42 (08 307 B01),393105,4563068,3001826,Nitrats
after_2007,0004,0008,F006224,Vilanova i la Geltrú - 42 (08 307 B01),393105,4563068,3001827,Nitrits
after_2007,0004,0008,F006224,Vilanova i la Geltrú - 42 (08 307 B01),393105,4563068,3001828,Amoni
after_2007,0004,0008,F006224,Vilanova i la Geltrú - 42 (08 307 B01),393105,4563068,3001829,Fosfats
after_2007,0004,0008,F006224,Vilanova i la Geltrú - 42 (08 307 B01),393105,4563068,3011044,Salinitat (mostra)
after_2007,0004,0008,F006224,Vilanova i la Geltrú - 42 (08 307 B01),393105,4563068,3011048,Temperatura aigua (mostra)
after_2007,0004,0008,F006224,Vilanova i la Geltrú - 42 (08 307 B01),393105,4563068,4485207,Nitrats (aigua de mar)
after_2007,0004,0008,F006224,Vilanova i la Geltrú - 42 (08 307 B01),393105,4563068,4486039,Nitrits (aigua de mar)
after_2007,0004,0008,F006224,Vilanova i la Geltrú - 42 (08 307 B01),393105,4563068,4486871,Amoni (aigua de mar)
after_2007,0004,0008,F006224,Vilanova i la Geltrú - 42 (08 307 B01),393105,4563068,4487703,Fosfats (aigua de mar)
after_2007,0004,0008,F006224,Vilanova i la Geltrú - 42 (08 307 B01),393105,4563068,4488535,Silicats (aigua de mar)
after_2007,0004,0008,F006224,Vilanova i la Geltrú - 42 (08 307 B01),393105,4563068,4536016,Conductivitat
after_2007,0004,0008,F006227,Cubelles - Altafulla  - 66 (08 074 C01),387389,4561382,3001842,Silicats
after_2007,0004,0008,F006227,Cubelles - Altafulla  - 66 (08 074 C01),387389,4561382,3001844,Nitrats
after_2007,0004,0008,F006227,Cubelles - Altafulla  - 66 (08 074 C01),387389,4561382,3001845,Nitrits
after_2007,0004,0008,F006227,Cubelles - Altafulla  - 66 (08 074 C01),387389,4561382,3001846,Amoni
after_2007,0004,0008,F006227,Cubelles - Altafulla  - 66 (08 074 C01),387389,4561382,3001847,Fosfats
after_2007,0004,0008,F006227,Cubelles - Altafulla  - 66 (08 074 C01),387389,4561382,3011251,Salinitat (mostra)
after_2007,0004,0008,F006227,Cubelles - Altafulla  - 66 (08 074 C01),387389,4561382,3011255,Temperatura aigua (mostra)
after_2007,0004,0008,F006227,Cubelles - Altafulla  - 66 (08 074 C01),387389,4561382,4485210,Nitrats (aigua de mar)
after_2007,0004,0008,F006227,Cubelles - Altafulla  - 66 (08 074 C01),387389,4561382,4486042,Nitrits (aigua de mar)
after_2007,0004,0008,F006227,Cubelles - Altafulla  - 66 (08 074 C01),387389,4561382,4486874,Amoni (aigua de mar)
after_2007,0004,0008,F006227,Cubelles - Altafulla  - 66 (08 074 C01),387389,4561382,4487706,Fosfats (aigua de mar)
after_2007,0004,0008,F006227,Cubelles - Altafulla  - 66 (08 074 C01),387389,4561382,4488538,Silicats (aigua de mar)
after_2007,0004,0008,F006228,Cubelles - Altafulla  - 45 (43 163 B02),375766,4559630,3001848,Silicats
after_2007,0004,0008,F006228,Cubelles - Altafulla  - 45 (43 163 B02),375766,4559630,3001850,Nitrats
after_2007,0004,0008,F006228,Cubelles - Altafulla  - 45 (43 163 B02),375766,4559630,3001851,Nitrits
after_2007,0004,0008,F006228,Cubelles - Altafulla  - 45 (43 163 B02),375766,4559630,3001852,Amoni
after_2007,0004,0008,F006228,Cubelles - Altafulla  - 45 (43 163 B02),375766,4559630,3001853,Fosfats
after_2007,0004,0008,F006228,Cubelles - Altafulla  - 45 (43 163 B02),375766,4559630,3011320,Salinitat (mostra)
after_2007,0004,0008,F006228,Cubelles - Altafulla  - 45 (43 163 B02),375766,4559630,3011324,Temperatura aigua (mostra)
after_2007,0004,0008,F006228,Cubelles - Altafulla  - 45 (43 163 B02),375766,4559630,4485547,Nitrats (aigua de mar)
after_2007,0004,0008,F006228,Cubelles - Altafulla  - 45 (43 163 B02),375766,4559630,4486379,Nitrits (aigua de mar)
after_2007,0004,0008,F006228,Cubelles - Altafulla  - 45 (43 163 B02),375766,4559630,4487211,Amoni (aigua de mar)
after_2007,0004,0008,F006228,Cubelles - Altafulla  - 45 (43 163 B02),375766,4559630,4488043,Fosfats (aigua de mar)
after_2007,0004,0008,F006228,Cubelles - Altafulla  - 45 (43 163 B02),375766,4559630,4488875,Silicats (aigua de mar)
after_2007,0004,0008,F006229,Cubelles - Altafulla  - 46 (43 153 C01),366850,4555876,3001854,Silicats
after_2007,0004,0008,F006229,Cubelles - Altafulla  - 46 (43 153 C01),366850,4555876,3001856,Nitrats
after_2007,0004,0008,F006229,Cubelles - Altafulla  - 46 (43 153 C01),366850,4555876,3001857,Nitrits
after_2007,0004,0008,F006229,Cubelles - Altafulla  - 46 (43 153 C01),366850,4555876,3001858,Amoni
after_2007,0004,0008,F006229,Cubelles - Altafulla  - 46 (43 153 C01),366850,4555876,3001859,Fosfats
after_2007,0004,0008,F006229,Cubelles - Altafulla  - 46 (43 153 C01),366850,4555876,3011389,Salinitat (mostra)
after_2007,0004,0008,F006229,Cubelles - Altafulla  - 46 (43 153 C01),366850,4555876,3011393,Temperatura aigua (mostra)
after_2007,0004,0008,F006229,Cubelles - Altafulla  - 46 (43 153 C01),366850,4555876,4485548,Nitrats (aigua de mar)
after_2007,0004,0008,F006229,Cubelles - Altafulla  - 46 (43 153 C01),366850,4555876,4486380,Nitrits (aigua de mar)
after_2007,0004,0008,F006229,Cubelles - Altafulla  - 46 (43 153 C01),366850,4555876,4487212,Amoni (aigua de mar)
after_2007,0004,0008,F006229,Cubelles - Altafulla  - 46 (43 153 C01),366850,4555876,4488044,Fosfats (aigua de mar)
after_2007,0004,0008,F006229,Cubelles - Altafulla  - 46 (43 153 C01),366850,4555876,4488876,Silicats (aigua de mar)
after_2007,0004,0008,F006229,Cubelles - Altafulla  - 46 (43 153 C01),366850,4555876,4536031,Conductivitat
after_2007,0004,0008,F006231,Tarragona Nord - 48 (43 148 C02),357628,4554422,3001866,Silicats
after_2007,0004,0008,F006231,Tarragona Nord - 48 (43 148 C02),357628,4554422,3001868,Nitrats
after_2007,0004,0008,F006231,Tarragona Nord - 48 (43 148 C02),357628,4554422,3001869,Nitrits
after_2007,0004,0008,F006231,Tarragona Nord - 48 (43 148 C02),357628,4554422,3001870,Amoni
after_2007,0004,0008,F006231,Tarragona Nord - 48 (43 148 C02),357628,4554422,3001871,Fosfats
after_2007,0004,0008,F006231,Tarragona Nord - 48 (43 148 C02),357628,4554422,3011527,Salinitat (mostra)
after_2007,0004,0008,F006231,Tarragona Nord - 48 (43 148 C02),357628,4554422,3011531,Temperatura aigua (mostra)
after_2007,0004,0008,F006231,Tarragona Nord - 48 (43 148 C02),357628,4554422,4485550,Nitrats (aigua de mar)
after_2007,0004,0008,F006231,Tarragona Nord - 48 (43 148 C02),357628,4554422,4486382,Nitrits (aigua de mar)
after_2007,0004,0008,F006231,Tarragona Nord - 48 (43 148 C02),357628,4554422,4487214,Amoni (aigua de mar)
after_2007,0004,0008,F006231,Tarragona Nord - 48 (43 148 C02),357628,4554422,4488046,Fosfats (aigua de mar)
after_2007,0004,0008,F006231,Tarragona Nord - 48 (43 148 C02),357628,4554422,4488878,Silicats (aigua de mar)
after_2007,0004,0008,F006231,Tarragona Nord - 48 (43 148 C02),357628,4554422,4536048,Conductivitat
after_2007,0004,0008,F006232,Tarragona - Vila-seca - 49 (43 148 F01),354099,4552889,3001872,Silicats
after_2007,0004,0008,F006232,Tarragona - Vila-seca - 49 (43 148 F01),354099,4552889,3001874,Nitrats
after_2007,0004,0008,F006232,Tarragona - Vila-seca - 49 (43 148 F01),354099,4552889,3001875,Nitrits
after_2007,0004,0008,F006232,Tarragona - Vila-seca - 49 (43 148 F01),354099,4552889,3001876,Amoni
after_2007,0004,0008,F006232,Tarragona - Vila-seca - 49 (43 148 F01),354099,4552889,3001877,Fosfats
after_2007,0004,0008,F006232,Tarragona - Vila-seca - 49 (43 148 F01),354099,4552889,3011596,Salinitat (mostra)
after_2007,0004,0008,F006232,Tarragona - Vila-seca - 49 (43 148 F01),354099,4552889,3011600,Temperatura aigua (mostra)
after_2007,0004,0008,F006232,Tarragona - Vila-seca - 49 (43 148 F01),354099,4552889,4485551,Nitrats (aigua de mar)
after_2007,0004,0008,F006232,Tarragona - Vila-seca - 49 (43 148 F01),354099,4552889,4486383,Nitrits (aigua de mar)
after_2007,0004,0008,F006232,Tarragona - Vila-seca - 49 (43 148 F01),354099,4552889,4487215,Amoni (aigua de mar)
after_2007,0004,0008,F006232,Tarragona - Vila-seca - 49 (43 148 F01),354099,4552889,4488047,Fosfats (aigua de mar)
after_2007,0004,0008,F006232,Tarragona - Vila-seca - 49 (43 148 F01),354099,4552889,4488879,Silicats (aigua de mar)
after_2007,0004,0008,F006232,Tarragona - Vila-seca - 49 (43 148 F01),354099,4552889,4536059,Conductivitat
after_2007,0004,0008,F006235,Tarragona - Vila-seca - 51 (43 171 B01),347558,4549176,3001890,Silicats
after_2007,0004,0008,F006235,Tarragona - Vila-seca - 51 (43 171 B01),347558,4549176,3001892,Nitrats
after_2007,0004,0008,F006235,Tarragona - Vila-seca - 51 (43 171 B01),347558,4549176,3001893,Nitrits
after_2007,0004,0008,F006235,Tarragona - Vila-seca - 51 (43 171 B01),347558,4549176,3001894,Amoni
after_2007,0004,0008,F006235,Tarragona - Vila-seca - 51 (43 171 B01),347558,4549176,3001895,Fosfats
after_2007,0004,0008,F006235,Tarragona - Vila-seca - 51 (43 171 B01),347558,4549176,3011803,Salinitat (mostra)
after_2007,0004,0008,F006235,Tarragona - Vila-seca - 51 (43 171 B01),347558,4549176,3011807,Temperatura aigua (mostra)
after_2007,0004,0008,F006235,Tarragona - Vila-seca - 51 (43 171 B01),347558,4549176,4485554,Nitrats (aigua de mar)
after_2007,0004,0008,F006235,Tarragona - Vila-seca - 51 (43 171 B01),347558,4549176,4486386,Nitrits (aigua de mar)
after_2007,0004,0008,F006235,Tarragona - Vila-seca - 51 (43 171 B01),347558,4549176,4487218,Amoni (aigua de mar)
after_2007,0004,0008,F006235,Tarragona - Vila-seca - 51 (43 171 B01),347558,4549176,4488050,Fosfats (aigua de mar)
after_2007,0004,0008,F006235,Tarragona - Vila-seca - 51 (43 171 B01),347558,4549176,4488882,Silicats (aigua de mar)
after_2007,0004,0008,F006235,Tarragona - Vila-seca - 51 (43 171 B01),347558,4549176,4536060,Conductivitat
after_2007,0004,0008,F006236,Salou - Cambrils - 52 (43 905 E01),343832,4548495,3001896,Silicats
after_2007,0004,0008,F006236,Salou - Cambrils - 52 (43 905 E01),343832,4548495,3001898,Nitrats
after_2007,0004,0008,F006236,Salou - Cambrils - 52 (43 905 E01),343832,4548495,3001899,Nitrits
after_2007,0004,0008,F006236,Salou - Cambrils - 52 (43 905 E01),343832,4548495,3001900,Amoni
after_2007,0004,0008,F006236,Salou - Cambrils - 52 (43 905 E01),343832,4548495,3001901,Fosfats
after_2007,0004,0008,F006236,Salou - Cambrils - 52 (43 905 E01),343832,4548495,3011872,Salinitat (mostra)
after_2007,0004,0008,F006236,Salou - Cambrils - 52 (43 905 E01),343832,4548495,3011876,Temperatura aigua (mostra)
after_2007,0004,0008,F006236,Salou - Cambrils - 52 (43 905 E01),343832,4548495,4485555,Nitrats (aigua de mar)
after_2007,0004,0008,F006236,Salou - Cambrils - 52 (43 905 E01),343832,4548495,4486387,Nitrits (aigua de mar)
after_2007,0004,0008,F006236,Salou - Cambrils - 52 (43 905 E01),343832,4548495,4487219,Amoni (aigua de mar)
after_2007,0004,0008,F006236,Salou - Cambrils - 52 (43 905 E01),343832,4548495,4488051,Fosfats (aigua de mar)
after_2007,0004,0008,F006236,Salou - Cambrils - 52 (43 905 E01),343832,4548495,4488883,Silicats (aigua de mar)
after_2007,0004,0008,F006236,Salou - Cambrils - 52 (43 905 E01),343832,4548495,4536082,Conductivitat
after_2007,0004,0008,F006237,Cambrils - Mont-roig del Camp - 53 (43 038 C01),337760,4547861,3001902,Silicats
after_2007,0004,0008,F006237,Cambrils - Mont-roig del Camp - 53 (43 038 C01),337760,4547861,3001904,Nitrats
after_2007,0004,0008,F006237,Cambrils - Mont-roig del Camp - 53 (43 038 C01),337760,4547861,3001905,Nitrits
after_2007,0004,0008,F006237,Cambrils - Mont-roig del Camp - 53 (43 038 C01),337760,4547861,3001906,Amoni
after_2007,0004,0008,F006237,Cambrils - Mont-roig del Camp - 53 (43 038 C01),337760,4547861,3001907,Fosfats
after_2007,0004,0008,F006237,Cambrils - Mont-roig del Camp - 53 (43 038 C01),337760,4547861,3011941,Salinitat (mostra)
after_2007,0004,0008,F006237,Cambrils - Mont-roig del Camp - 53 (43 038 C01),337760,4547861,3011945,Temperatura aigua (mostra)
after_2007,0004,0008,F006237,Cambrils - Mont-roig del Camp - 53 (43 038 C01),337760,4547861,4485556,Nitrats (aigua de mar)
after_2007,0004,0008,F006237,Cambrils - Mont-roig del Camp - 53 (43 038 C01),337760,4547861,4486388,Nitrits (aigua de mar)
after_2007,0004,0008,F006237,Cambrils - Mont-roig del Camp - 53 (43 038 C01),337760,4547861,4487220,Amoni (aigua de mar)
after_2007,0004,0008,F006237,Cambrils - Mont-roig del Camp - 53 (43 038 C01),337760,4547861,4488052,Fosfats (aigua de mar)
after_2007,0004,0008,F006237,Cambrils - Mont-roig del Camp - 53 (43 038 C01),337760,4547861,4488884,Silicats (aigua de mar)
after_2007,0004,0008,F006238,Vandellós i l'Hospitalet de l'Infant - 54 (43 162 B01),324684,4539466,3001908,Silicats
after_2007,0004,0008,F006238,Vandellós i l'Hospitalet de l'Infant - 54 (43 162 B01),324684,4539466,3001910,Nitrats
after_2007,0004,0008,F006238,Vandellós i l'Hospitalet de l'Infant - 54 (43 162 B01),324684,4539466,3001911,Nitrits
after_2007,0004,0008,F006238,Vandellós i l'Hospitalet de l'Infant - 54 (43 162 B01),324684,4539466,3001912,Amoni
after_2007,0004,0008,F006238,Vandellós i l'Hospitalet de l'Infant - 54 (43 162 B01),324684,4539466,3001913,Fosfats
after_2007,0004,0008,F006238,Vandellós i l'Hospitalet de l'Infant - 54 (43 162 B01),324684,4539466,3012010,Salinitat (mostra)
after_2007,0004,0008,F006238,Vandellós i l'Hospitalet de l'Infant - 54 (43 162 B01),324684,4539466,3012014,Temperatura aigua (mostra)
after_2007,0004,0008,F006238,Vandellós i l'Hospitalet de l'Infant - 54 (43 162 B01),324684,4539466,4485557,Nitrats (aigua de mar)
after_2007,0004,0008,F006238,Vandellós i l'Hospitalet de l'Infant - 54 (43 162 B01),324684,4539466,4486389,Nitrits (aigua de mar)
after_2007,0004,0008,F006238,Vandellós i l'Hospitalet de l'Infant - 54 (43 162 B01),324684,4539466,4487221,Amoni (aigua de mar)
after_2007,0004,0008,F006238,Vandellós i l'Hospitalet de l'Infant - 54 (43 162 B01),324684,4539466,4488053,Fosfats (aigua de mar)
after_2007,0004,0008,F006238,Vandellós i l'Hospitalet de l'Infant - 54 (43 162 B01),324684,4539466,4488885,Silicats (aigua de mar)
after_2007,0004,0008,F006238,Vandellós i l'Hospitalet de l'Infant - 54 (43 162 B01),324684,4539466,4536105,Conductivitat
after_2007,0004,0008,F006239,L'Ametlla de Mar - 55 (43 013 E01),315130,4528265,3001914,Silicats
after_2007,0004,0008,F006239,L'Ametlla de Mar - 55 (43 013 E01),315130,4528265,3001916,Nitrats
after_2007,0004,0008,F006239,L'Ametlla de Mar - 55 (43 013 E01),315130,4528265,3001917,Nitrits
after_2007,0004,0008,F006239,L'Ametlla de Mar - 55 (43 013 E01),315130,4528265,3001918,Amoni
after_2007,0004,0008,F006239,L'Ametlla de Mar - 55 (43 013 E01),315130,4528265,3001919,Fosfats
after_2007,0004,0008,F006239,L'Ametlla de Mar - 55 (43 013 E01),315130,4528265,3012079,Salinitat (mostra)
after_2007,0004,0008,F006239,L'Ametlla de Mar - 55 (43 013 E01),315130,4528265,3012083,Temperatura aigua (mostra)
after_2007,0004,0008,F006239,L'Ametlla de Mar - 55 (43 013 E01),315130,4528265,4485558,Nitrats (aigua de mar)
after_2007,0004,0008,F006239,L'Ametlla de Mar - 55 (43 013 E01),315130,4528265,4486390,Nitrits (aigua de mar)
after_2007,0004,0008,F006239,L'Ametlla de Mar - 55 (43 013 E01),315130,4528265,4487222,Amoni (aigua de mar)
after_2007,0004,0008,F006239,L'Ametlla de Mar - 55 (43 013 E01),315130,4528265,4488054,Fosfats (aigua de mar)
after_2007,0004,0008,F006239,L'Ametlla de Mar - 55 (43 013 E01),315130,4528265,4488886,Silicats (aigua de mar)
after_2007,0004,0008,F006239,L'Ametlla de Mar - 55 (43 013 E01),315130,4528265,4536119,Conductivitat
after_2007,0004,0008,F006240,El Fangar - 56 (43 906 C01),306042,4518875,3001920,Silicats
after_2007,0004,0008,F006240,El Fangar - 56 (43 906 C01),306042,4518875,3001922,Nitrats
after_2007,0004,0008,F006240,El Fangar - 56 (43 906 C01),306042,4518875,3001923,Nitrits
after_2007,0004,0008,F006240,El Fangar - 56 (43 906 C01),306042,4518875,3001924,Amoni
after_2007,0004,0008,F006240,El Fangar - 56 (43 906 C01),306042,4518875,3001925,Fosfats
after_2007,0004,0008,F006240,El Fangar - 56 (43 906 C01),306042,4518875,3012148,Salinitat (mostra)
after_2007,0004,0008,F006240,El Fangar - 56 (43 906 C01),306042,4518875,3012152,Temperatura aigua (mostra)
after_2007,0004,0008,F006240,El Fangar - 56 (43 906 C01),306042,4518875,4485559,Nitrats (aigua de mar)
after_2007,0004,0008,F006240,El Fangar - 56 (43 906 C01),306042,4518875,4486391,Nitrits (aigua de mar)
after_2007,0004,0008,F006240,El Fangar - 56 (43 906 C01),306042,4518875,4487223,Amoni (aigua de mar)
after_2007,0004,0008,F006240,El Fangar - 56 (43 906 C01),306042,4518875,4488055,Fosfats (aigua de mar)
after_2007,0004,0008,F006240,El Fangar - 56 (43 906 C01),306042,4518875,4488887,Silicats (aigua de mar)
after_2007,0004,0008,F006240,El Fangar - 56 (43 906 C01),306042,4518875,4536178,Conductivitat
after_2007,0004,0008,F006241,Delta Nord - 57 (43 901 C01),317003,4511269,3001926,Silicats
after_2007,0004,0008,F006241,Delta Nord - 57 (43 901 C01),317003,4511269,3001928,Nitrats
after_2007,0004,0008,F006241,Delta Nord - 57 (43 901 C01),317003,4511269,3001929,Nitrits
after_2007,0004,0008,F006241,Delta Nord - 57 (43 901 C01),317003,4511269,3001930,Amoni
after_2007,0004,0008,F006241,Delta Nord - 57 (43 901 C01),317003,4511269,3001931,Fosfats
after_2007,0004,0008,F006241,Delta Nord - 57 (43 901 C01),317003,4511269,3012217,Salinitat (mostra)
after_2007,0004,0008,F006241,Delta Nord - 57 (43 901 C01),317003,4511269,3012221,Temperatura aigua (mostra)
after_2007,0004,0008,F006241,Delta Nord - 57 (43 901 C01),317003,4511269,4485560,Nitrats (aigua de mar)
after_2007,0004,0008,F006241,Delta Nord - 57 (43 901 C01),317003,4511269,4486392,Nitrits (aigua de mar)
after_2007,0004,0008,F006241,Delta Nord - 57 (43 901 C01),317003,4511269,4487224,Amoni (aigua de mar)
after_2007,0004,0008,F006241,Delta Nord - 57 (43 901 C01),317003,4511269,4488056,Fosfats (aigua de mar)
after_2007,0004,0008,F006241,Delta Nord - 57 (43 901 C01),317003,4511269,4488888,Silicats (aigua de mar)
after_2007,0004,0008,F006241,Delta Nord - 57 (43 901 C01),317003,4511269,4536139,Conductivitat
after_2007,0004,0008,F006244,Delta Sud - 59 (43 136 G01),307370,4497351,3001944,Silicats
after_2007,0004,0008,F006244,Delta Sud - 59 (43 136 G01),307370,4497351,3001946,Nitrats
after_2007,0004,0008,F006244,Delta Sud - 59 (43 136 G01),307370,4497351,3001947,Nitrits
after_2007,0004,0008,F006244,Delta Sud - 59 (43 136 G01),307370,4497351,3001948,Amoni
after_2007,0004,0008,F006244,Delta Sud - 59 (43 136 G01),307370,4497351,3001949,Fosfats
after_2007,0004,0008,F006244,Delta Sud - 59 (43 136 G01),307370,4497351,3012424,Salinitat (mostra)
after_2007,0004,0008,F006244,Delta Sud - 59 (43 136 G01),307370,4497351,3012428,Temperatura aigua (mostra)
after_2007,0004,0008,F006244,Delta Sud - 59 (43 136 G01),307370,4497351,4485563,Nitrats (aigua de mar)
after_2007,0004,0008,F006244,Delta Sud - 59 (43 136 G01),307370,4497351,4486395,Nitrits (aigua de mar)
after_2007,0004,0008,F006244,Delta Sud - 59 (43 136 G01),307370,4497351,4487227,Amoni (aigua de mar)
after_2007,0004,0008,F006244,Delta Sud - 59 (43 136 G01),307370,4497351,4488059,Fosfats (aigua de mar)
after_2007,0004,0008,F006244,Delta Sud - 59 (43 136 G01),307370,4497351,4488891,Silicats (aigua de mar)
after_2007,0004,0008,F006245,Els Alfacs - 60 (43 136 H01),307227,4497466,3001950,Silicats
after_2007,0004,0008,F006245,Els Alfacs - 60 (43 136 H01),307227,4497466,3001952,Nitrats
after_2007,0004,0008,F006245,Els Alfacs - 60 (43 136 H01),307227,4497466,3001953,Nitrits
after_2007,0004,0008,F006245,Els Alfacs - 60 (43 136 H01),307227,4497466,3001954,Amoni
after_2007,0004,0008,F006245,Els Alfacs - 60 (43 136 H01),307227,4497466,3001955,Fosfats
after_2007,0004,0008,F006245,Els Alfacs - 60 (43 136 H01),307227,4497466,3012493,Salinitat (mostra)
after_2007,0004,0008,F006245,Els Alfacs - 60 (43 136 H01),307227,4497466,3012497,Temperatura aigua (mostra)
after_2007,0004,0008,F006245,Els Alfacs - 60 (43 136 H01),307227,4497466,4485564,Nitrats (aigua de mar)
after_2007,0004,0008,F006245,Els Alfacs - 60 (43 136 H01),307227,4497466,4486396,Nitrits (aigua de mar)
after_2007,0004,0008,F006245,Els Alfacs - 60 (43 136 H01),307227,4497466,4487228,Amoni (aigua de mar)
after_2007,0004,0008,F006245,Els Alfacs - 60 (43 136 H01),307227,4497466,4488060,Fosfats (aigua de mar)
after_2007,0004,0008,F006245,Els Alfacs - 60 (43 136 H01),307227,4497466,4488892,Silicats (aigua de mar)
after_2007,0004,0008,F006246,Begur - Blanes - R03 (17 117 R01),516838,4637856,3001956,Silicats
after_2007,0004,0008,F006246,Begur - Blanes - R03 (17 117 R01),516838,4637856,3001958,Nitrats
after_2007,0004,0008,F006246,Begur - Blanes - R03 (17 117 R01),516838,4637856,3001959,Nitrits
after_2007,0004,0008,F006246,Begur - Blanes - R03 (17 117 R01),516838,4637856,3001960,Amoni
after_2007,0004,0008,F006246,Begur - Blanes - R03 (17 117 R01),516838,4637856,3001961,Fosfats
after_2007,0004,0008,F006246,Begur - Blanes - R03 (17 117 R01),516838,4637856,3012562,Salinitat (mostra)
after_2007,0004,0008,F006246,Begur - Blanes - R03 (17 117 R01),516838,4637856,3012566,Temperatura aigua (mostra)
after_2007,0004,0008,F006246,Begur - Blanes - R03 (17 117 R01),516838,4637856,4485565,Nitrats (aigua de mar)
after_2007,0004,0008,F006246,Begur - Blanes - R03 (17 117 R01),516838,4637856,4486397,Nitrits (aigua de mar)
after_2007,0004,0008,F006246,Begur - Blanes - R03 (17 117 R01),516838,4637856,4487229,Amoni (aigua de mar)
after_2007,0004,0008,F006246,Begur - Blanes - R03 (17 117 R01),516838,4637856,4488061,Fosfats (aigua de mar)
after_2007,0004,0008,F006246,Begur - Blanes - R03 (17 117 R01),516838,4637856,4488893,Silicats (aigua de mar)
after_2007,0004,0008,F006247,Begur - Blanes - R04 (17 202 R01),494928,4618887,3001962,Silicats
after_2007,0004,0008,F006247,Begur - Blanes - R04 (17 202 R01),494928,4618887,3001964,Nitrats
after_2007,0004,0008,F006247,Begur - Blanes - R04 (17 202 R01),494928,4618887,3001965,Nitrits
after_2007,0004,0008,F006247,Begur - Blanes - R04 (17 202 R01),494928,4618887,3001966,Amoni
after_2007,0004,0008,F006247,Begur - Blanes - R04 (17 202 R01),494928,4618887,3001967,Fosfats
after_2007,0004,0008,F006247,Begur - Blanes - R04 (17 202 R01),494928,4618887,3012631,Salinitat (mostra)
after_2007,0004,0008,F006247,Begur - Blanes - R04 (17 202 R01),494928,4618887,3012635,Temperatura aigua (mostra)
after_2007,0004,0008,F006247,Begur - Blanes - R04 (17 202 R01),494928,4618887,4485566,Nitrats (aigua de mar)
after_2007,0004,0008,F006247,Begur - Blanes - R04 (17 202 R01),494928,4618887,4486398,Nitrits (aigua de mar)
after_2007,0004,0008,F006247,Begur - Blanes - R04 (17 202 R01),494928,4618887,4487230,Amoni (aigua de mar)
after_2007,0004,0008,F006247,Begur - Blanes - R04 (17 202 R01),494928,4618887,4488062,Fosfats (aigua de mar)
after_2007,0004,0008,F006247,Begur - Blanes - R04 (17 202 R01),494928,4618887,4488894,Silicats (aigua de mar)
after_2007,0004,0008,F006247,Begur - Blanes - R04 (17 202 R01),494928,4618887,4535873,Conductivitat
after_2007,0004,0008,F006249,Cap de Salou - R06 (43 905 R01),345767,4546574,3001974,Silicats
after_2007,0004,0008,F006249,Cap de Salou - R06 (43 905 R01),345767,4546574,3001976,Nitrats
after_2007,0004,0008,F006249,Cap de Salou - R06 (43 905 R01),345767,4546574,3001977,Nitrits
after_2007,0004,0008,F006249,Cap de Salou - R06 (43 905 R01),345767,4546574,3001978,Amoni
after_2007,0004,0008,F006249,Cap de Salou - R06 (43 905 R01),345767,4546574,3001979,Fosfats
after_2007,0004,0008,F006249,Cap de Salou - R06 (43 905 R01),345767,4546574,3012769,Salinitat (mostra)
after_2007,0004,0008,F006249,Cap de Salou - R06 (43 905 R01),345767,4546574,3012773,Temperatura aigua (mostra)
after_2007,0004,0008,F006249,Cap de Salou - R06 (43 905 R01),345767,4546574,4485568,Nitrats (aigua de mar)
after_2007,0004,0008,F006249,Cap de Salou - R06 (43 905 R01),345767,4546574,4486400,Nitrits (aigua de mar)
after_2007,0004,0008,F006249,Cap de Salou - R06 (43 905 R01),345767,4546574,4487232,Amoni (aigua de mar)
after_2007,0004,0008,F006249,Cap de Salou - R06 (43 905 R01),345767,4546574,4488064,Fosfats (aigua de mar)
after_2007,0004,0008,F006249,Cap de Salou - R06 (43 905 R01),345767,4546574,4488896,Silicats (aigua de mar)
after_2007,0004,0008,F006250,L'Ametlla de Mar - R07 (43 013 R01),311371,4524125,3001980,Silicats
after_2007,0004,0008,F006250,L'Ametlla de Mar - R07 (43 013 R01),311371,4524125,3001982,Nitrats
after_2007,0004,0008,F006250,L'Ametlla de Mar - R07 (43 013 R01),311371,4524125,3001983,Nitrits
after_2007,0004,0008,F006250,L'Ametlla de Mar - R07 (43 013 R01),311371,4524125,3001984,Amoni
after_2007,0004,0008,F006250,L'Ametlla de Mar - R07 (43 013 R01),311371,4524125,3001985,Fosfats
after_2007,0004,0008,F006250,L'Ametlla de Mar - R07 (43 013 R01),311371,4524125,3012838,Salinitat (mostra)
after_2007,0004,0008,F006250,L'Ametlla de Mar - R07 (43 013 R01),311371,4524125,3012842,Temperatura aigua (mostra)
after_2007,0004,0008,F006250,L'Ametlla de Mar - R07 (43 013 R01),311371,4524125,4485569,Nitrats (aigua de mar)
after_2007,0004,0008,F006250,L'Ametlla de Mar - R07 (43 013 R01),311371,4524125,4486401,Nitrits (aigua de mar)
after_2007,0004,0008,F006250,L'Ametlla de Mar - R07 (43 013 R01),311371,4524125,4487233,Amoni (aigua de mar)
after_2007,0004,0008,F006250,L'Ametlla de Mar - R07 (43 013 R01),311371,4524125,4488065,Fosfats (aigua de mar)
after_2007,0004,0008,F006250,L'Ametlla de Mar - R07 (43 013 R01),311371,4524125,4488897,Silicats (aigua de mar)
after_2007,0004,0008,F006270,Begur - Blanes - R28 (17 095 R01),486978,4615950,3001992,Silicats
after_2007,0004,0008,F006270,Begur - Blanes - R28 (17 095 R01),486978,4615950,3001994,Nitrats
after_2007,0004,0008,F006270,Begur - Blanes - R28 (17 095 R01),486978,4615950,3001995,Nitrits
after_2007,0004,0008,F006270,Begur - Blanes - R28 (17 095 R01),486978,4615950,3001996,Amoni
after_2007,0004,0008,F006270,Begur - Blanes - R28 (17 095 R01),486978,4615950,3001997,Fosfats
after_2007,0004,0008,F006270,Begur - Blanes - R28 (17 095 R01),486978,4615950,3014218,Salinitat (mostra)
after_2007,0004,0008,F006270,Begur - Blanes - R28 (17 095 R01),486978,4615950,3014222,Temperatura aigua (mostra)
after_2007,0004,0008,F006270,Begur - Blanes - R28 (17 095 R01),486978,4615950,4485588,Nitrats (aigua de mar)
after_2007,0004,0008,F006270,Begur - Blanes - R28 (17 095 R01),486978,4615950,4486420,Nitrits (aigua de mar)
after_2007,0004,0008,F006270,Begur - Blanes - R28 (17 095 R01),486978,4615950,4487252,Amoni (aigua de mar)
after_2007,0004,0008,F006270,Begur - Blanes - R28 (17 095 R01),486978,4615950,4488084,Fosfats (aigua de mar)
after_2007,0004,0008,F006270,Begur - Blanes - R28 (17 095 R01),486978,4615950,4488916,Silicats (aigua de mar)
after_2007,0004,0008,F006272,Cap de Creus - R09 (17 032 R02),525747,4685093,3002004,Silicats
after_2007,0004,0008,F006272,Cap de Creus - R09 (17 032 R02),525747,4685093,3002006,Nitrats
after_2007,0004,0008,F006272,Cap de Creus - R09 (17 032 R02),525747,4685093,3002007,Nitrits
after_2007,0004,0008,F006272,Cap de Creus - R09 (17 032 R02),525747,4685093,3002008,Amoni
after_2007,0004,0008,F006272,Cap de Creus - R09 (17 032 R02),525747,4685093,3002009,Fosfats
after_2007,0004,0008,F006272,Cap de Creus - R09 (17 032 R02),525747,4685093,3014356,Salinitat (mostra)
after_2007,0004,0008,F006272,Cap de Creus - R09 (17 032 R02),525747,4685093,3014360,Temperatura aigua (mostra)
after_2007,0004,0008,F006272,Cap de Creus - R09 (17 032 R02),525747,4685093,4485590,Nitrats (aigua de mar)
after_2007,0004,0008,F006272,Cap de Creus - R09 (17 032 R02),525747,4685093,4486422,Nitrits (aigua de mar)
after_2007,0004,0008,F006272,Cap de Creus - R09 (17 032 R02),525747,4685093,4487254,Amoni (aigua de mar)
after_2007,0004,0008,F006272,Cap de Creus - R09 (17 032 R02),525747,4685093,4488086,Fosfats (aigua de mar)
after_2007,0004,0008,F006272,Cap de Creus - R09 (17 032 R02),525747,4685093,4488918,Silicats (aigua de mar)
after_2007,0004,0008,F006273,Cap Norfeu - R10 (17 152 R02),518715,4677496,3002010,Silicats
after_2007,0004,0008,F006273,Cap Norfeu - R10 (17 152 R02),518715,4677496,3002012,Nitrats
after_2007,0004,0008,F006273,Cap Norfeu - R10 (17 152 R02),518715,4677496,3002013,Nitrits
after_2007,0004,0008,F006273,Cap Norfeu - R10 (17 152 R02),518715,4677496,3002014,Amoni
after_2007,0004,0008,F006273,Cap Norfeu - R10 (17 152 R02),518715,4677496,3002015,Fosfats
after_2007,0004,0008,F006273,Cap Norfeu - R10 (17 152 R02),518715,4677496,3014425,Salinitat (mostra)
after_2007,0004,0008,F006273,Cap Norfeu - R10 (17 152 R02),518715,4677496,3014429,Temperatura aigua (mostra)
after_2007,0004,0008,F006273,Cap Norfeu - R10 (17 152 R02),518715,4677496,4485591,Nitrats (aigua de mar)
after_2007,0004,0008,F006273,Cap Norfeu - R10 (17 152 R02),518715,4677496,4486423,Nitrits (aigua de mar)
after_2007,0004,0008,F006273,Cap Norfeu - R10 (17 152 R02),518715,4677496,4487255,Amoni (aigua de mar)
after_2007,0004,0008,F006273,Cap Norfeu - R10 (17 152 R02),518715,4677496,4488087,Fosfats (aigua de mar)
after_2007,0004,0008,F006273,Cap Norfeu - R10 (17 152 R02),518715,4677496,4488919,Silicats (aigua de mar)
after_2007,0004,0008,F006274,Canyelles - R11 (17 152 R01),516294,4676977,3002016,Silicats
after_2007,0004,0008,F006274,Canyelles - R11 (17 152 R01),516294,4676977,3002018,Nitrats
after_2007,0004,0008,F006274,Canyelles - R11 (17 152 R01),516294,4676977,3002019,Nitrits
after_2007,0004,0008,F006274,Canyelles - R11 (17 152 R01),516294,4676977,3002020,Amoni
after_2007,0004,0008,F006274,Canyelles - R11 (17 152 R01),516294,4676977,3002021,Fosfats
after_2007,0004,0008,F006274,Canyelles - R11 (17 152 R01),516294,4676977,3014494,Salinitat (mostra)
after_2007,0004,0008,F006274,Canyelles - R11 (17 152 R01),516294,4676977,3014498,Temperatura aigua (mostra)
after_2007,0004,0008,F006274,Canyelles - R11 (17 152 R01),516294,4676977,4485592,Nitrats (aigua de mar)
after_2007,0004,0008,F006274,Canyelles - R11 (17 152 R01),516294,4676977,4486424,Nitrits (aigua de mar)
after_2007,0004,0008,F006274,Canyelles - R11 (17 152 R01),516294,4676977,4487256,Amoni (aigua de mar)
after_2007,0004,0008,F006274,Canyelles - R11 (17 152 R01),516294,4676977,4488088,Fosfats (aigua de mar)
after_2007,0004,0008,F006274,Canyelles - R11 (17 152 R01),516294,4676977,4488920,Silicats (aigua de mar)
after_2007,0004,0008,F006275,Montgrí  - R12 (17 062 R01),513800,4662368,3002022,Silicats
after_2007,0004,0008,F006275,Montgrí  - R12 (17 062 R01),513800,4662368,3002024,Nitrats
after_2007,0004,0008,F006275,Montgrí  - R12 (17 062 R01),513800,4662368,3002025,Nitrits
after_2007,0004,0008,F006275,Montgrí  - R12 (17 062 R01),513800,4662368,3002026,Amoni
after_2007,0004,0008,F006275,Montgrí  - R12 (17 062 R01),513800,4662368,3002027,Fosfats
after_2007,0004,0008,F006275,Montgrí  - R12 (17 062 R01),513800,4662368,3014563,Salinitat (mostra)
after_2007,0004,0008,F006275,Montgrí  - R12 (17 062 R01),513800,4662368,3014567,Temperatura aigua (mostra)
after_2007,0004,0008,F006275,Montgrí  - R12 (17 062 R01),513800,4662368,3014568,pH
after_2007,0004,0008,F006275,Montgrí  - R12 (17 062 R01),513800,4662368,3014569,Oxigen dissolt
after_2007,0004,0008,F006275,Montgrí  - R12 (17 062 R01),513800,4662368,3014570,% Saturació d'oxigen
after_2007,0004,0008,F006275,Montgrí  - R12 (17 062 R01),513800,4662368,4485593,Nitrats (aigua de mar)
after_2007,0004,0008,F006275,Montgrí  - R12 (17 062 R01),513800,4662368,4486425,Nitrits (aigua de mar)
after_2007,0004,0008,F006275,Montgrí  - R12 (17 062 R01),513800,4662368,4487257,Amoni (aigua de mar)
after_2007,0004,0008,F006275,Montgrí  - R12 (17 062 R01),513800,4662368,4488089,Fosfats (aigua de mar)
after_2007,0004,0008,F006275,Montgrí  - R12 (17 062 R01),513800,4662368,4488921,Silicats (aigua de mar)
after_2007,0004,0008,F006275,Montgrí  - R12 (17 062 R01),513800,4662368,4535817,Conductivitat
after_2007,0004,0008,F006276,Pals - Sa Riera - 69 (17 124 B01),516558,4649405,3002028,Silicats
after_2007,0004,0008,F006276,Pals - Sa Riera - 69 (17 124 B01),516558,4649405,3002030,Nitrats
after_2007,0004,0008,F006276,Pals - Sa Riera - 69 (17 124 B01),516558,4649405,3002031,Nitrits
after_2007,0004,0008,F006276,Pals - Sa Riera - 69 (17 124 B01),516558,4649405,3002032,Amoni
after_2007,0004,0008,F006276,Pals - Sa Riera - 69 (17 124 B01),516558,4649405,3002033,Fosfats
after_2007,0004,0008,F006276,Pals - Sa Riera - 69 (17 124 B01),516558,4649405,3014632,Salinitat (mostra)
after_2007,0004,0008,F006276,Pals - Sa Riera - 69 (17 124 B01),516558,4649405,3014636,Temperatura aigua (mostra)
after_2007,0004,0008,F006276,Pals - Sa Riera - 69 (17 124 B01),516558,4649405,4485594,Nitrats (aigua de mar)
after_2007,0004,0008,F006276,Pals - Sa Riera - 69 (17 124 B01),516558,4649405,4486426,Nitrits (aigua de mar)
after_2007,0004,0008,F006276,Pals - Sa Riera - 69 (17 124 B01),516558,4649405,4487258,Amoni (aigua de mar)
after_2007,0004,0008,F006276,Pals - Sa Riera - 69 (17 124 B01),516558,4649405,4488090,Fosfats (aigua de mar)
after_2007,0004,0008,F006276,Pals - Sa Riera - 69 (17 124 B01),516558,4649405,4488922,Silicats (aigua de mar)
after_2007,0004,0008,F006276,Pals - Sa Riera - 69 (17 124 B01),516558,4649405,4535838,Conductivitat
after_2007,0004,0008,F006283,Tarragona Nord - R18 (43 148 R01),360983,4553968,3002070,Silicats
after_2007,0004,0008,F006283,Tarragona Nord - R18 (43 148 R01),360983,4553968,3002072,Nitrats
after_2007,0004,0008,F006283,Tarragona Nord - R18 (43 148 R01),360983,4553968,3002073,Nitrits
after_2007,0004,0008,F006283,Tarragona Nord - R18 (43 148 R01),360983,4553968,3002074,Amoni
after_2007,0004,0008,F006283,Tarragona Nord - R18 (43 148 R01),360983,4553968,3002075,Fosfats
after_2007,0004,0008,F006283,Tarragona Nord - R18 (43 148 R01),360983,4553968,3015115,Salinitat (mostra)
after_2007,0004,0008,F006283,Tarragona Nord - R18 (43 148 R01),360983,4553968,3015119,Temperatura aigua (mostra)
after_2007,0004,0008,F006283,Tarragona Nord - R18 (43 148 R01),360983,4553968,4485601,Nitrats (aigua de mar)
after_2007,0004,0008,F006283,Tarragona Nord - R18 (43 148 R01),360983,4553968,4486433,Nitrits (aigua de mar)
after_2007,0004,0008,F006283,Tarragona Nord - R18 (43 148 R01),360983,4553968,4487265,Amoni (aigua de mar)
after_2007,0004,0008,F006283,Tarragona Nord - R18 (43 148 R01),360983,4553968,4488097,Fosfats (aigua de mar)
after_2007,0004,0008,F006283,Tarragona Nord - R18 (43 148 R01),360983,4553968,4488929,Silicats (aigua de mar)
after_2007,0004,0008,F006285,Vandellós i l'Hospitalet de l'Infant - 71 (43 092 G01),327421,4542120,3002082,Silicats
after_2007,0004,0008,F006285,Vandellós i l'Hospitalet de l'Infant - 71 (43 092 G01),327421,4542120,3002084,Nitrats
after_2007,0004,0008,F006285,Vandellós i l'Hospitalet de l'Infant - 71 (43 092 G01),327421,4542120,3002085,Nitrits
after_2007,0004,0008,F006285,Vandellós i l'Hospitalet de l'Infant - 71 (43 092 G01),327421,4542120,3002086,Amoni
after_2007,0004,0008,F006285,Vandellós i l'Hospitalet de l'Infant - 71 (43 092 G01),327421,4542120,3002087,Fosfats
after_2007,0004,0008,F006285,Vandellós i l'Hospitalet de l'Infant - 71 (43 092 G01),327421,4542120,3015253,Salinitat (mostra)
after_2007,0004,0008,F006285,Vandellós i l'Hospitalet de l'Infant - 71 (43 092 G01),327421,4542120,3015257,Temperatura aigua (mostra)
after_2007,0004,0008,F006285,Vandellós i l'Hospitalet de l'Infant - 71 (43 092 G01),327421,4542120,4485603,Nitrats (aigua de mar)
after_2007,0004,0008,F006285,Vandellós i l'Hospitalet de l'Infant - 71 (43 092 G01),327421,4542120,4486435,Nitrits (aigua de mar)
after_2007,0004,0008,F006285,Vandellós i l'Hospitalet de l'Infant - 71 (43 092 G01),327421,4542120,4487267,Amoni (aigua de mar)
after_2007,0004,0008,F006285,Vandellós i l'Hospitalet de l'Infant - 71 (43 092 G01),327421,4542120,4488099,Fosfats (aigua de mar)
after_2007,0004,0008,F006285,Vandellós i l'Hospitalet de l'Infant - 71 (43 092 G01),327421,4542120,4488931,Silicats (aigua de mar)
after_2007,0004,0008,F006286,L'Ametlla de Mar - R20 (43 013 R02),316616,4529922,3002088,Silicats
after_2007,0004,0008,F006286,L'Ametlla de Mar - R20 (43 013 R02),316616,4529922,3002090,Nitrats
after_2007,0004,0008,F006286,L'Ametlla de Mar - R20 (43 013 R02),316616,4529922,3002091,Nitrits
after_2007,0004,0008,F006286,L'Ametlla de Mar - R20 (43 013 R02),316616,4529922,3002092,Amoni
after_2007,0004,0008,F006286,L'Ametlla de Mar - R20 (43 013 R02),316616,4529922,3002093,Fosfats
after_2007,0004,0008,F006286,L'Ametlla de Mar - R20 (43 013 R02),316616,4529922,3015322,Salinitat (mostra)
after_2007,0004,0008,F006286,L'Ametlla de Mar - R20 (43 013 R02),316616,4529922,3015326,Temperatura aigua (mostra)
after_2007,0004,0008,F006286,L'Ametlla de Mar - R20 (43 013 R02),316616,4529922,4485604,Nitrats (aigua de mar)
after_2007,0004,0008,F006286,L'Ametlla de Mar - R20 (43 013 R02),316616,4529922,4486436,Nitrits (aigua de mar)
after_2007,0004,0008,F006286,L'Ametlla de Mar - R20 (43 013 R02),316616,4529922,4487268,Amoni (aigua de mar)
after_2007,0004,0008,F006286,L'Ametlla de Mar - R20 (43 013 R02),316616,4529922,4488100,Fosfats (aigua de mar)
after_2007,0004,0008,F006286,L'Ametlla de Mar - R20 (43 013 R02),316616,4529922,4488932,Silicats (aigua de mar)
after_2007,0004,0008,F006286,L'Ametlla de Mar - R20 (43 013 R02),316616,4529922,4536126,Conductivitat
after_2007,0004,0008,F006288,L'Ametlla de Mar - R22 (43 104 R01),309725,4522739,3002100,Silicats
after_2007,0004,0008,F006288,L'Ametlla de Mar - R22 (43 104 R01),309725,4522739,3002102,Nitrats
after_2007,0004,0008,F006288,L'Ametlla de Mar - R22 (43 104 R01),309725,4522739,3002103,Nitrits
after_2007,0004,0008,F006288,L'Ametlla de Mar - R22 (43 104 R01),309725,4522739,3002104,Amoni
after_2007,0004,0008,F006288,L'Ametlla de Mar - R22 (43 104 R01),309725,4522739,3002105,Fosfats
after_2007,0004,0008,F006288,L'Ametlla de Mar - R22 (43 104 R01),309725,4522739,3015460,Salinitat (mostra)
after_2007,0004,0008,F006288,L'Ametlla de Mar - R22 (43 104 R01),309725,4522739,3015464,Temperatura aigua (mostra)
after_2007,0004,0008,F006288,L'Ametlla de Mar - R22 (43 104 R01),309725,4522739,4485605,Nitrats (aigua de mar)
after_2007,0004,0008,F006288,L'Ametlla de Mar - R22 (43 104 R01),309725,4522739,4486437,Nitrits (aigua de mar)
after_2007,0004,0008,F006288,L'Ametlla de Mar - R22 (43 104 R01),309725,4522739,4487269,Amoni (aigua de mar)
after_2007,0004,0008,F006288,L'Ametlla de Mar - R22 (43 104 R01),309725,4522739,4488101,Fosfats (aigua de mar)
after_2007,0004,0008,F006288,L'Ametlla de Mar - R22 (43 104 R01),309725,4522739,4488933,Silicats (aigua de mar)
after_2007,0004,0008,F006289,Alcanar - 72 (43 004 C01),290377,4491207,3002106,Silicats
after_2007,0004,0008,F006289,Alcanar - 72 (43 004 C01),290377,4491207,3002108,Nitrats
after_2007,0004,0008,F006289,Alcanar - 72 (43 004 C01),290377,4491207,3002109,Nitrits
after_2007,0004,0008,F006289,Alcanar - 72 (43 004 C01),290377,4491207,3002110,Amoni
after_2007,0004,0008,F006289,Alcanar - 72 (43 004 C01),290377,4491207,3002111,Fosfats
after_2007,0004,0008,F006289,Alcanar - 72 (43 004 C01),290377,4491207,3015529,Salinitat (mostra)
after_2007,0004,0008,F006289,Alcanar - 72 (43 004 C01),290377,4491207,3015533,Temperatura aigua (mostra)
after_2007,0004,0008,F006289,Alcanar - 72 (43 004 C01),290377,4491207,4485606,Nitrats (aigua de mar)
after_2007,0004,0008,F006289,Alcanar - 72 (43 004 C01),290377,4491207,4486438,Nitrits (aigua de mar)
after_2007,0004,0008,F006289,Alcanar - 72 (43 004 C01),290377,4491207,4487270,Amoni (aigua de mar)
after_2007,0004,0008,F006289,Alcanar - 72 (43 004 C01),290377,4491207,4488102,Fosfats (aigua de mar)
after_2007,0004,0008,F006289,Alcanar - 72 (43 004 C01),290377,4491207,4488934,Silicats (aigua de mar)
after_2007,0004,0008,F006289,Alcanar - 72 (43 004 C01),290377,4491207,4536158,Conductivitat
after_2007,0004,0008,F006290,Torroella de Montgrí - el Ter - 68 (17 199 B03),516241,4654366,3002112,Silicats
after_2007,0004,0008,F006290,Torroella de Montgrí - el Ter - 68 (17 199 B03),516241,4654366,3002114,Nitrats
after_2007,0004,0008,F006290,Torroella de Montgrí - el Ter - 68 (17 199 B03),516241,4654366,3002115,Nitrits
after_2007,0004,0008,F006290,Torroella de Montgrí - el Ter - 68 (17 199 B03),516241,4654366,3002116,Amoni
after_2007,0004,0008,F006290,Torroella de Montgrí - el Ter - 68 (17 199 B03),516241,4654366,3002117,Fosfats
after_2007,0004,0008,F006290,Torroella de Montgrí - el Ter - 68 (17 199 B03),516241,4654366,3015598,Salinitat (mostra)
after_2007,0004,0008,F006290,Torroella de Montgrí - el Ter - 68 (17 199 B03),516241,4654366,3015602,Temperatura aigua (mostra)
after_2007,0004,0008,F006290,Torroella de Montgrí - el Ter - 68 (17 199 B03),516241,4654366,4485607,Nitrats (aigua de mar)
after_2007,0004,0008,F006290,Torroella de Montgrí - el Ter - 68 (17 199 B03),516241,4654366,4486439,Nitrits (aigua de mar)
after_2007,0004,0008,F006290,Torroella de Montgrí - el Ter - 68 (17 199 B03),516241,4654366,4487271,Amoni (aigua de mar)
after_2007,0004,0008,F006290,Torroella de Montgrí - el Ter - 68 (17 199 B03),516241,4654366,4488103,Fosfats (aigua de mar)
after_2007,0004,0008,F006290,Torroella de Montgrí - el Ter - 68 (17 199 B03),516241,4654366,4488935,Silicats (aigua de mar)
after_2007,0004,0008,F006290,Torroella de Montgrí - el Ter - 68 (17 199 B03),516241,4654366,4535827,Conductivitat
after_2007,0004,0008,F006291,Vilanova i la Geltrú - R23 (08 307 R01),391752,4562695,3002118,Silicats
after_2007,0004,0008,F006291,Vilanova i la Geltrú - R23 (08 307 R01),391752,4562695,3002120,Nitrats
after_2007,0004,0008,F006291,Vilanova i la Geltrú - R23 (08 307 R01),391752,4562695,3002121,Nitrits
after_2007,0004,0008,F006291,Vilanova i la Geltrú - R23 (08 307 R01),391752,4562695,3002122,Amoni
after_2007,0004,0008,F006291,Vilanova i la Geltrú - R23 (08 307 R01),391752,4562695,3002123,Fosfats
after_2007,0004,0008,F006291,Vilanova i la Geltrú - R23 (08 307 R01),391752,4562695,3015667,Salinitat (mostra)
after_2007,0004,0008,F006291,Vilanova i la Geltrú - R23 (08 307 R01),391752,4562695,3015671,Temperatura aigua (mostra)
after_2007,0004,0008,F006291,Vilanova i la Geltrú - R23 (08 307 R01),391752,4562695,4485608,Nitrats (aigua de mar)
after_2007,0004,0008,F006291,Vilanova i la Geltrú - R23 (08 307 R01),391752,4562695,4486440,Nitrits (aigua de mar)
after_2007,0004,0008,F006291,Vilanova i la Geltrú - R23 (08 307 R01),391752,4562695,4487272,Amoni (aigua de mar)
after_2007,0004,0008,F006291,Vilanova i la Geltrú - R23 (08 307 R01),391752,4562695,4488104,Fosfats (aigua de mar)
after_2007,0004,0008,F006291,Vilanova i la Geltrú - R23 (08 307 R01),391752,4562695,4488936,Silicats (aigua de mar)
after_2007,0004,0008,F006305,Begur - Blanes - 73 (17 181 C01),498393,4623076,3002190,Silicats
after_2007,0004,0008,F006305,Begur - Blanes - 73 (17 181 C01),498393,4623076,3002192,Nitrats
after_2007,0004,0008,F006305,Begur - Blanes - 73 (17 181 C01),498393,4623076,3002193,Nitrits
after_2007,0004,0008,F006305,Begur - Blanes - 73 (17 181 C01),498393,4623076,3002194,Amoni
after_2007,0004,0008,F006305,Begur - Blanes - 73 (17 181 C01),498393,4623076,3002195,Fosfats
after_2007,0004,0008,F006305,Begur - Blanes - 73 (17 181 C01),498393,4623076,3016633,Salinitat (mostra)
after_2007,0004,0008,F006305,Begur - Blanes - 73 (17 181 C01),498393,4623076,3016637,Temperatura aigua (mostra)
after_2007,0004,0008,F006305,Begur - Blanes - 73 (17 181 C01),498393,4623076,4485609,Nitrats (aigua de mar)
after_2007,0004,0008,F006305,Begur - Blanes - 73 (17 181 C01),498393,4623076,4486441,Nitrits (aigua de mar)
after_2007,0004,0008,F006305,Begur - Blanes - 73 (17 181 C01),498393,4623076,4487273,Amoni (aigua de mar)
after_2007,0004,0008,F006305,Begur - Blanes - 73 (17 181 C01),498393,4623076,4488105,Fosfats (aigua de mar)
after_2007,0004,0008,F006305,Begur - Blanes - 73 (17 181 C01),498393,4623076,4488937,Silicats (aigua de mar)
after_2007,0004,0008,F006306,Badia de El Port de la Selva - 75 (17 140 A01),516659,4687110,3002196,Silicats
after_2007,0004,0008,F006306,Badia de El Port de la Selva - 75 (17 140 A01),516659,4687110,3002198,Nitrats
after_2007,0004,0008,F006306,Badia de El Port de la Selva - 75 (17 140 A01),516659,4687110,3002199,Nitrits
after_2007,0004,0008,F006306,Badia de El Port de la Selva - 75 (17 140 A01),516659,4687110,3002200,Amoni
after_2007,0004,0008,F006306,Badia de El Port de la Selva - 75 (17 140 A01),516659,4687110,3002201,Fosfats
after_2007,0004,0008,F006306,Badia de El Port de la Selva - 75 (17 140 A01),516659,4687110,3016702,Salinitat (mostra)
after_2007,0004,0008,F006306,Badia de El Port de la Selva - 75 (17 140 A01),516659,4687110,3016706,Temperatura aigua (mostra)
after_2007,0004,0008,F006306,Badia de El Port de la Selva - 75 (17 140 A01),516659,4687110,4485610,Nitrats (aigua de mar)
after_2007,0004,0008,F006306,Badia de El Port de la Selva - 75 (17 140 A01),516659,4687110,4486442,Nitrits (aigua de mar)
after_2007,0004,0008,F006306,Badia de El Port de la Selva - 75 (17 140 A01),516659,4687110,4487274,Amoni (aigua de mar)
after_2007,0004,0008,F006306,Badia de El Port de la Selva - 75 (17 140 A01),516659,4687110,4488106,Fosfats (aigua de mar)
after_2007,0004,0008,F006306,Badia de El Port de la Selva - 75 (17 140 A01),516659,4687110,4488938,Silicats (aigua de mar)
after_2007,0004,0008,F006306,Badia de El Port de la Selva - 75 (17 140 A01),516659,4687110,4535706,Conductivitat
after_2007,0004,0008,F006307,Portbou - Llançà - R24 (17 054 R01),513142,4692978,3002202,Silicats
after_2007,0004,0008,F006307,Portbou - Llançà - R24 (17 054 R01),513142,4692978,3002204,Nitrats
after_2007,0004,0008,F006307,Portbou - Llançà - R24 (17 054 R01),513142,4692978,3002205,Nitrits
after_2007,0004,0008,F006307,Portbou - Llançà - R24 (17 054 R01),513142,4692978,3002206,Amoni
after_2007,0004,0008,F006307,Portbou - Llançà - R24 (17 054 R01),513142,4692978,3002207,Fosfats
after_2007,0004,0008,F006307,Portbou - Llançà - R24 (17 054 R01),513142,4692978,3016771,Salinitat (mostra)
after_2007,0004,0008,F006307,Portbou - Llançà - R24 (17 054 R01),513142,4692978,3016775,Temperatura aigua (mostra)
after_2007,0004,0008,F006307,Portbou - Llançà - R24 (17 054 R01),513142,4692978,4485611,Nitrats (aigua de mar)
after_2007,0004,0008,F006307,Portbou - Llançà - R24 (17 054 R01),513142,4692978,4486443,Nitrits (aigua de mar)
after_2007,0004,0008,F006307,Portbou - Llançà - R24 (17 054 R01),513142,4692978,4487275,Amoni (aigua de mar)
after_2007,0004,0008,F006307,Portbou - Llançà - R24 (17 054 R01),513142,4692978,4488107,Fosfats (aigua de mar)
after_2007,0004,0008,F006307,Portbou - Llançà - R24 (17 054 R01),513142,4692978,4488939,Silicats (aigua de mar)
after_2007,0004,0008,F006309,Pineda de Mar - Mataró - R25 (08 197 R01),457579,4600173,3002214,Silicats
after_2007,0004,0008,F006309,Pineda de Mar - Mataró - R25 (08 197 R01),457579,4600173,3002216,Nitrats
after_2007,0004,0008,F006309,Pineda de Mar - Mataró - R25 (08 197 R01),457579,4600173,3002217,Nitrits
after_2007,0004,0008,F006309,Pineda de Mar - Mataró - R25 (08 197 R01),457579,4600173,3002218,Amoni
after_2007,0004,0008,F006309,Pineda de Mar - Mataró - R25 (08 197 R01),457579,4600173,3002219,Fosfats
after_2007,0004,0008,F006309,Pineda de Mar - Mataró - R25 (08 197 R01),457579,4600173,3016909,Salinitat (mostra)
after_2007,0004,0008,F006309,Pineda de Mar - Mataró - R25 (08 197 R01),457579,4600173,3016913,Temperatura aigua (mostra)
after_2007,0004,0008,F006309,Pineda de Mar - Mataró - R25 (08 197 R01),457579,4600173,4485613,Nitrats (aigua de mar)
after_2007,0004,0008,F006309,Pineda de Mar - Mataró - R25 (08 197 R01),457579,4600173,4486445,Nitrits (aigua de mar)
after_2007,0004,0008,F006309,Pineda de Mar - Mataró - R25 (08 197 R01),457579,4600173,4487277,Amoni (aigua de mar)
after_2007,0004,0008,F006309,Pineda de Mar - Mataró - R25 (08 197 R01),457579,4600173,4488109,Fosfats (aigua de mar)
after_2007,0004,0008,F006309,Pineda de Mar - Mataró - R25 (08 197 R01),457579,4600173,4488941,Silicats (aigua de mar)
after_2007,0004,0008,F006309,Pineda de Mar - Mataró - R25 (08 197 R01),457579,4600173,4535907,Conductivitat
after_2007,0004,0008,F006310,Sitges - 77 (08 270 B01),408221,4567550,3002220,Silicats
after_2007,0004,0008,F006310,Sitges - 77 (08 270 B01),408221,4567550,3002222,Nitrats
after_2007,0004,0008,F006310,Sitges - 77 (08 270 B01),408221,4567550,3002223,Nitrits
after_2007,0004,0008,F006310,Sitges - 77 (08 270 B01),408221,4567550,3002224,Amoni
after_2007,0004,0008,F006310,Sitges - 77 (08 270 B01),408221,4567550,3002225,Fosfats
after_2007,0004,0008,F006310,Sitges - 77 (08 270 B01),408221,4567550,3016978,Salinitat (mostra)
after_2007,0004,0008,F006310,Sitges - 77 (08 270 B01),408221,4567550,3016982,Temperatura aigua (mostra)
after_2007,0004,0008,F006310,Sitges - 77 (08 270 B01),408221,4567550,4485614,Nitrats (aigua de mar)
after_2007,0004,0008,F006310,Sitges - 77 (08 270 B01),408221,4567550,4486446,Nitrits (aigua de mar)
after_2007,0004,0008,F006310,Sitges - 77 (08 270 B01),408221,4567550,4487278,Amoni (aigua de mar)
after_2007,0004,0008,F006310,Sitges - 77 (08 270 B01),408221,4567550,4488110,Fosfats (aigua de mar)
after_2007,0004,0008,F006310,Sitges - 77 (08 270 B01),408221,4567550,4488942,Silicats (aigua de mar)
after_2007,0004,0008,F006310,Sitges - 77 (08 270 B01),408221,4567550,4535997,Conductivitat
after_2007,0004,0008,F006311,El Fangar - 78 (43 901 F01),312917,4515859,3002226,Silicats
after_2007,0004,0008,F006311,El Fangar - 78 (43 901 F01),312917,4515859,3002228,Nitrats
after_2007,0004,0008,F006311,El Fangar - 78 (43 901 F01),312917,4515859,3002229,Nitrits
after_2007,0004,0008,F006311,El Fangar - 78 (43 901 F01),312917,4515859,3002230,Amoni
after_2007,0004,0008,F006311,El Fangar - 78 (43 901 F01),312917,4515859,3002231,Fosfats
after_2007,0004,0008,F006311,El Fangar - 78 (43 901 F01),312917,4515859,3017047,Salinitat (mostra)
after_2007,0004,0008,F006311,El Fangar - 78 (43 901 F01),312917,4515859,3017051,Temperatura aigua (mostra)
after_2007,0004,0008,F006311,El Fangar - 78 (43 901 F01),312917,4515859,4485615,Nitrats (aigua de mar)
after_2007,0004,0008,F006311,El Fangar - 78 (43 901 F01),312917,4515859,4486447,Nitrits (aigua de mar)
after_2007,0004,0008,F006311,El Fangar - 78 (43 901 F01),312917,4515859,4487279,Amoni (aigua de mar)
after_2007,0004,0008,F006311,El Fangar - 78 (43 901 F01),312917,4515859,4488111,Fosfats (aigua de mar)
after_2007,0004,0008,F006311,El Fangar - 78 (43 901 F01),312917,4515859,4488943,Silicats (aigua de mar)
after_2007,0004,0008,F006312,Delta Nord - 79 (43 901 A02),314174,4514650,3002232,Silicats
after_2007,0004,0008,F006312,Delta Nord - 79 (43 901 A02),314174,4514650,3002234,Nitrats
after_2007,0004,0008,F006312,Delta Nord - 79 (43 901 A02),314174,4514650,3002235,Nitrits
after_2007,0004,0008,F006312,Delta Nord - 79 (43 901 A02),314174,4514650,3002236,Amoni
after_2007,0004,0008,F006312,Delta Nord - 79 (43 901 A02),314174,4514650,3002237,Fosfats
after_2007,0004,0008,F006312,Delta Nord - 79 (43 901 A02),314174,4514650,3017116,Salinitat (mostra)
after_2007,0004,0008,F006312,Delta Nord - 79 (43 901 A02),314174,4514650,3017120,Temperatura aigua (mostra)
after_2007,0004,0008,F006312,Delta Nord - 79 (43 901 A02),314174,4514650,4485616,Nitrats (aigua de mar)
after_2007,0004,0008,F006312,Delta Nord - 79 (43 901 A02),314174,4514650,4486448,Nitrits (aigua de mar)
after_2007,0004,0008,F006312,Delta Nord - 79 (43 901 A02),314174,4514650,4487280,Amoni (aigua de mar)
after_2007,0004,0008,F006312,Delta Nord - 79 (43 901 A02),314174,4514650,4488112,Fosfats (aigua de mar)
after_2007,0004,0008,F006312,Delta Nord - 79 (43 901 A02),314174,4514650,4488944,Silicats (aigua de mar)
after_2007,0004,0008,F006312,Delta Nord - 79 (43 901 A02),314174,4514650,4536140,Conductivitat
after_2007,0004,0008,F006313,Els Alfacs - 80 (43 136 F01),302028,4499958,3002238,Silicats
after_2007,0004,0008,F006313,Els Alfacs - 80 (43 136 F01),302028,4499958,3002240,Nitrats
after_2007,0004,0008,F006313,Els Alfacs - 80 (43 136 F01),302028,4499958,3002241,Nitrits
after_2007,0004,0008,F006313,Els Alfacs - 80 (43 136 F01),302028,4499958,3002242,Amoni
after_2007,0004,0008,F006313,Els Alfacs - 80 (43 136 F01),302028,4499958,3002243,Fosfats
after_2007,0004,0008,F006313,Els Alfacs - 80 (43 136 F01),302028,4499958,3017185,Salinitat (mostra)
after_2007,0004,0008,F006313,Els Alfacs - 80 (43 136 F01),302028,4499958,3017189,Temperatura aigua (mostra)
after_2007,0004,0008,F006313,Els Alfacs - 80 (43 136 F01),302028,4499958,4485617,Nitrats (aigua de mar)
after_2007,0004,0008,F006313,Els Alfacs - 80 (43 136 F01),302028,4499958,4486449,Nitrits (aigua de mar)
after_2007,0004,0008,F006313,Els Alfacs - 80 (43 136 F01),302028,4499958,4487281,Amoni (aigua de mar)
after_2007,0004,0008,F006313,Els Alfacs - 80 (43 136 F01),302028,4499958,4488113,Fosfats (aigua de mar)
after_2007,0004,0008,F006313,Els Alfacs - 80 (43 136 F01),302028,4499958,4488945,Silicats (aigua de mar)
after_2007,0004,0008,F006313,Els Alfacs - 80 (43 136 F01),302028,4499958,4536201,Conductivitat
after_2007,0004,0008,F006314,Begur - Blanes - 81 (17 013 C01),519043,4645409,3002244,Silicats
after_2007,0004,0008,F006314,Begur - Blanes - 81 (17 013 C01),519043,4645409,3002246,Nitrats
after_2007,0004,0008,F006314,Begur - Blanes - 81 (17 013 C01),519043,4645409,3002247,Nitrits
after_2007,0004,0008,F006314,Begur - Blanes - 81 (17 013 C01),519043,4645409,3002248,Amoni
after_2007,0004,0008,F006314,Begur - Blanes - 81 (17 013 C01),519043,4645409,3002249,Fosfats
after_2007,0004,0008,F006314,Begur - Blanes - 81 (17 013 C01),519043,4645409,3017254,Salinitat (mostra)
after_2007,0004,0008,F006314,Begur - Blanes - 81 (17 013 C01),519043,4645409,3017258,Temperatura aigua (mostra)
after_2007,0004,0008,F006314,Begur - Blanes - 81 (17 013 C01),519043,4645409,4485618,Nitrats (aigua de mar)
after_2007,0004,0008,F006314,Begur - Blanes - 81 (17 013 C01),519043,4645409,4486450,Nitrits (aigua de mar)
after_2007,0004,0008,F006314,Begur - Blanes - 81 (17 013 C01),519043,4645409,4487282,Amoni (aigua de mar)
after_2007,0004,0008,F006314,Begur - Blanes - 81 (17 013 C01),519043,4645409,4488114,Fosfats (aigua de mar)
after_2007,0004,0008,F006314,Begur - Blanes - 81 (17 013 C01),519043,4645409,4488946,Silicats (aigua de mar)
after_2007,0004,0008,F006314,Begur - Blanes - 81 (17 013 C01),519043,4645409,4535855,Conductivitat
after_2007,0004,0008,F006315,Llobregat - 82 (08 169 F01),426701,4571948,3002250,Silicats
after_2007,0004,0008,F006315,Llobregat - 82 (08 169 F01),426701,4571948,3002252,Nitrats
after_2007,0004,0008,F006315,Llobregat - 82 (08 169 F01),426701,4571948,3002253,Nitrits
after_2007,0004,0008,F006315,Llobregat - 82 (08 169 F01),426701,4571948,3002254,Amoni
after_2007,0004,0008,F006315,Llobregat - 82 (08 169 F01),426701,4571948,3002255,Fosfats
after_2007,0004,0008,F006315,Llobregat - 82 (08 169 F01),426701,4571948,3017323,Salinitat (mostra)
after_2007,0004,0008,F006315,Llobregat - 82 (08 169 F01),426701,4571948,3017327,Temperatura aigua (mostra)
after_2007,0004,0008,F006315,Llobregat - 82 (08 169 F01),426701,4571948,4485619,Nitrats (aigua de mar)
after_2007,0004,0008,F006315,Llobregat - 82 (08 169 F01),426701,4571948,4486451,Nitrits (aigua de mar)
after_2007,0004,0008,F006315,Llobregat - 82 (08 169 F01),426701,4571948,4487283,Amoni (aigua de mar)
after_2007,0004,0008,F006315,Llobregat - 82 (08 169 F01),426701,4571948,4488115,Fosfats (aigua de mar)
after_2007,0004,0008,F006315,Llobregat - 82 (08 169 F01),426701,4571948,4488947,Silicats (aigua de mar)
after_2007,0004,0008,F006315,Llobregat - 82 (08 169 F01),426701,4571948,4535967,Conductivitat
after_2007,0004,0008,F006850,Sant Pere Pescador - Fluvià - 83 (17 047 E02),509144,4672266,3040254,Temperatura aigua (mostra)
after_2007,0004,0008,F006850,Sant Pere Pescador - Fluvià - 83 (17 047 E02),509144,4672266,3040258,Salinitat (mostra)
after_2007,0004,0008,F006850,Sant Pere Pescador - Fluvià - 83 (17 047 E02),509144,4672266,3118830,Amoni
after_2007,0004,0008,F006850,Sant Pere Pescador - Fluvià - 83 (17 047 E02),509144,4672266,3118833,Fosfats
after_2007,0004,0008,F006850,Sant Pere Pescador - Fluvià - 83 (17 047 E02),509144,4672266,3118834,Nitrats
after_2007,0004,0008,F006850,Sant Pere Pescador - Fluvià - 83 (17 047 E02),509144,4672266,3118835,Nitrits
after_2007,0004,0008,F006850,Sant Pere Pescador - Fluvià - 83 (17 047 E02),509144,4672266,3118836,Silicats
after_2007,0004,0008,F006850,Sant Pere Pescador - Fluvià - 83 (17 047 E02),509144,4672266,4473085,% Saturació d'oxigen (lab)
after_2007,0004,0008,F006850,Sant Pere Pescador - Fluvià - 83 (17 047 E02),509144,4672266,4473086,Oxigen dissolt (camp)
after_2007,0004,0008,F006850,Sant Pere Pescador - Fluvià - 83 (17 047 E02),509144,4672266,4473087,pH (camp)
after_2007,0004,0008,F006850,Sant Pere Pescador - Fluvià - 83 (17 047 E02),509144,4672266,4485278,Nitrats (aigua de mar)
after_2007,0004,0008,F006850,Sant Pere Pescador - Fluvià - 83 (17 047 E02),509144,4672266,4486110,Nitrits (aigua de mar)
after_2007,0004,0008,F006850,Sant Pere Pescador - Fluvià - 83 (17 047 E02),509144,4672266,4486942,Amoni (aigua de mar)
after_2007,0004,0008,F006850,Sant Pere Pescador - Fluvià - 83 (17 047 E02),509144,4672266,4487774,Fosfats (aigua de mar)
after_2007,0004,0008,F006850,Sant Pere Pescador - Fluvià - 83 (17 047 E02),509144,4672266,4488606,Silicats (aigua de mar)
after_2007,0004,0008,F006850,Sant Pere Pescador - Fluvià - 83 (17 047 E02),509144,4672266,4535791,Conductivitat
after_2007,0004,0008,F006851,L'Escala - 84 (17 062 G01),510683,4663879,3040313,Temperatura aigua (mostra)
after_2007,0004,0008,F006851,L'Escala - 84 (17 062 G01),510683,4663879,3040317,Salinitat (mostra)
after_2007,0004,0008,F006851,L'Escala - 84 (17 062 G01),510683,4663879,3118851,Amoni
after_2007,0004,0008,F006851,L'Escala - 84 (17 062 G01),510683,4663879,3118854,Fosfats
after_2007,0004,0008,F006851,L'Escala - 84 (17 062 G01),510683,4663879,3118855,Nitrats
after_2007,0004,0008,F006851,L'Escala - 84 (17 062 G01),510683,4663879,3118856,Nitrits
after_2007,0004,0008,F006851,L'Escala - 84 (17 062 G01),510683,4663879,3118857,Silicats
after_2007,0004,0008,F006851,L'Escala - 84 (17 062 G01),510683,4663879,4485620,Nitrats (aigua de mar)
after_2007,0004,0008,F006851,L'Escala - 84 (17 062 G01),510683,4663879,4486452,Nitrits (aigua de mar)
after_2007,0004,0008,F006851,L'Escala - 84 (17 062 G01),510683,4663879,4487284,Amoni (aigua de mar)
after_2007,0004,0008,F006851,L'Escala - 84 (17 062 G01),510683,4663879,4488116,Fosfats (aigua de mar)
after_2007,0004,0008,F006851,L'Escala - 84 (17 062 G01),510683,4663879,4488948,Silicats (aigua de mar)
after_2007,0004,0008,F006851,L'Escala - 84 (17 062 G01),510683,4663879,4535801,Conductivitat
after_2007,0004,0008,F006852,Pals - Sa Riera - R27 (17 013 R02),517423,4646940,3040364,Temperatura aigua (mostra)
after_2007,0004,0008,F006852,Pals - Sa Riera - R27 (17 013 R02),517423,4646940,3040368,Salinitat (mostra)
after_2007,0004,0008,F006852,Pals - Sa Riera - R27 (17 013 R02),517423,4646940,3118837,Amoni
after_2007,0004,0008,F006852,Pals - Sa Riera - R27 (17 013 R02),517423,4646940,3118840,Fosfats
after_2007,0004,0008,F006852,Pals - Sa Riera - R27 (17 013 R02),517423,4646940,3118841,Nitrats
after_2007,0004,0008,F006852,Pals - Sa Riera - R27 (17 013 R02),517423,4646940,3118842,Nitrits
after_2007,0004,0008,F006852,Pals - Sa Riera - R27 (17 013 R02),517423,4646940,3118843,Silicats
after_2007,0004,0008,F006852,Pals - Sa Riera - R27 (17 013 R02),517423,4646940,4485211,Nitrats (aigua de mar)
after_2007,0004,0008,F006852,Pals - Sa Riera - R27 (17 013 R02),517423,4646940,4486043,Nitrits (aigua de mar)
after_2007,0004,0008,F006852,Pals - Sa Riera - R27 (17 013 R02),517423,4646940,4486875,Amoni (aigua de mar)
after_2007,0004,0008,F006852,Pals - Sa Riera - R27 (17 013 R02),517423,4646940,4487707,Fosfats (aigua de mar)
after_2007,0004,0008,F006852,Pals - Sa Riera - R27 (17 013 R02),517423,4646940,4488539,Silicats (aigua de mar)
after_2007,0004,0008,F006853,Pineda de Mar - Mataró - R29 (08 121 R02),456336,4599762,3040408,Temperatura aigua (mostra)
after_2007,0004,0008,F006853,Pineda de Mar - Mataró - R29 (08 121 R02),456336,4599762,3040412,Salinitat (mostra)
after_2007,0004,0008,F006853,Pineda de Mar - Mataró - R29 (08 121 R02),456336,4599762,3118844,Amoni
after_2007,0004,0008,F006853,Pineda de Mar - Mataró - R29 (08 121 R02),456336,4599762,3118847,Fosfats
after_2007,0004,0008,F006853,Pineda de Mar - Mataró - R29 (08 121 R02),456336,4599762,3118848,Nitrats
after_2007,0004,0008,F006853,Pineda de Mar - Mataró - R29 (08 121 R02),456336,4599762,3118849,Nitrits
after_2007,0004,0008,F006853,Pineda de Mar - Mataró - R29 (08 121 R02),456336,4599762,3118850,Silicats
after_2007,0004,0008,F006853,Pineda de Mar - Mataró - R29 (08 121 R02),456336,4599762,4485212,Nitrats (aigua de mar)
after_2007,0004,0008,F006853,Pineda de Mar - Mataró - R29 (08 121 R02),456336,4599762,4486044,Nitrits (aigua de mar)
after_2007,0004,0008,F006853,Pineda de Mar - Mataró - R29 (08 121 R02),456336,4599762,4486876,Amoni (aigua de mar)
after_2007,0004,0008,F006853,Pineda de Mar - Mataró - R29 (08 121 R02),456336,4599762,4487708,Fosfats (aigua de mar)
after_2007,0004,0008,F006853,Pineda de Mar - Mataró - R29 (08 121 R02),456336,4599762,4488540,Silicats (aigua de mar)
after_2007,0004,0008,F010176,Delta Sud - 89 (43 014 C01),313349,4502875,3112425,Temperatura aigua (mostra)
after_2007,0004,0008,F010176,Delta Sud - 89 (43 014 C01),313349,4502875,3112434,Salinitat (mostra)
after_2007,0004,0008,F010176,Delta Sud - 89 (43 014 C01),313349,4502875,3118865,Amoni
after_2007,0004,0008,F010176,Delta Sud - 89 (43 014 C01),313349,4502875,3118868,Fosfats
after_2007,0004,0008,F010176,Delta Sud - 89 (43 014 C01),313349,4502875,3118869,Nitrats
after_2007,0004,0008,F010176,Delta Sud - 89 (43 014 C01),313349,4502875,3118870,Nitrits
after_2007,0004,0008,F010176,Delta Sud - 89 (43 014 C01),313349,4502875,3118871,Silicats
after_2007,0004,0008,F010176,Delta Sud - 89 (43 014 C01),313349,4502875,4485624,Nitrats (aigua de mar)
after_2007,0004,0008,F010176,Delta Sud - 89 (43 014 C01),313349,4502875,4486456,Nitrits (aigua de mar)
after_2007,0004,0008,F010176,Delta Sud - 89 (43 014 C01),313349,4502875,4487288,Amoni (aigua de mar)
after_2007,0004,0008,F010176,Delta Sud - 89 (43 014 C01),313349,4502875,4488120,Fosfats (aigua de mar)
after_2007,0004,0008,F010176,Delta Sud - 89 (43 014 C01),313349,4502875,4488952,Silicats (aigua de mar)
after_2007,0004,0008,F010176,Delta Sud - 89 (43 014 C01),313349,4502875,4536151,Conductivitat
after_2007,0004,0008,F010177,Montgat - Badalona - MITC101000180 - BAD05 CM,439416,4589231,3108629,Temperatura aigua (mostra)
after_2007,0004,0008,F010177,Montgat - Badalona - MITC101000180 - BAD05 CM,439416,4589231,3108634,Transparència (disc de Secchi)
after_2007,0004,0008,F010177,Montgat - Badalona - MITC101000180 - BAD05 CM,439416,4589231,3108638,Salinitat (mostra)
after_2007,0004,0008,F010177,Montgat - Badalona - MITC101000180 - BAD05 CM,439416,4589231,3119274,Amoni
after_2007,0004,0008,F010177,Montgat - Badalona - MITC101000180 - BAD05 CM,439416,4589231,3119276,Fosfats
after_2007,0004,0008,F010177,Montgat - Badalona - MITC101000180 - BAD05 CM,439416,4589231,3119277,Nitrats
after_2007,0004,0008,F010177,Montgat - Badalona - MITC101000180 - BAD05 CM,439416,4589231,3119278,Nitrits
after_2007,0004,0008,F010177,Montgat - Badalona - MITC101000180 - BAD05 CM,439416,4589231,3119279,Silicats
after_2007,0004,0008,F010177,Montgat - Badalona - MITC101000180 - BAD05 CM,439416,4589231,4485625,Nitrats (aigua de mar)
after_2007,0004,0008,F010177,Montgat - Badalona - MITC101000180 - BAD05 CM,439416,4589231,4486457,Nitrits (aigua de mar)
after_2007,0004,0008,F010177,Montgat - Badalona - MITC101000180 - BAD05 CM,439416,4589231,4487289,Amoni (aigua de mar)
after_2007,0004,0008,F010177,Montgat - Badalona - MITC101000180 - BAD05 CM,439416,4589231,4488121,Fosfats (aigua de mar)
after_2007,0004,0008,F010177,Montgat - Badalona - MITC101000180 - BAD05 CM,439416,4589231,4488953,Silicats (aigua de mar)
after_2007,0004,0008,F010177,Montgat - Badalona - MITC101000180 - BAD05 CM,439416,4589231,4530396,pH
after_2007,0004,0008,F010177,Montgat - Badalona - MITC101000180 - BAD05 CM,439416,4589231,4535924,Conductivitat
after_2007,0004,0008,F010177,Montgat - Badalona - MITC101000180 - BAD05 CM,439416,4589231,4536457,pH (CTD)
after_2007,0004,0008,F010177,Montgat - Badalona - MITC101000180 - BAD05 CM,439416,4589231,4592213,% Saturació d'oxigen (CTD)
after_2007,0004,0008,F010177,Montgat - Badalona - MITC101000180 - BAD05 CM,439416,4589231,4592295,Oxigen dissolt (CTD)
after_2007,0004,0008,F010178,Pals - Sa Riera - R30 (17 013 R03),517469,4647268,3112863,Temperatura aigua (mostra)
after_2007,0004,0008,F010178,Pals - Sa Riera - R30 (17 013 R03),517469,4647268,3112872,Salinitat (mostra)
after_2007,0004,0008,F010178,Pals - Sa Riera - R30 (17 013 R03),517469,4647268,3120785,Nitrats
after_2007,0004,0008,F010178,Pals - Sa Riera - R30 (17 013 R03),517469,4647268,3120966,Nitrits
after_2007,0004,0008,F010178,Pals - Sa Riera - R30 (17 013 R03),517469,4647268,3120967,Amoni
after_2007,0004,0008,F010178,Pals - Sa Riera - R30 (17 013 R03),517469,4647268,3120968,Fosfats
after_2007,0004,0008,F010178,Pals - Sa Riera - R30 (17 013 R03),517469,4647268,3120969,Silicats
after_2007,0004,0008,F010178,Pals - Sa Riera - R30 (17 013 R03),517469,4647268,4485626,Nitrats (aigua de mar)
after_2007,0004,0008,F010178,Pals - Sa Riera - R30 (17 013 R03),517469,4647268,4486458,Nitrits (aigua de mar)
after_2007,0004,0008,F010178,Pals - Sa Riera - R30 (17 013 R03),517469,4647268,4487290,Amoni (aigua de mar)
after_2007,0004,0008,F010178,Pals - Sa Riera - R30 (17 013 R03),517469,4647268,4488122,Fosfats (aigua de mar)
after_2007,0004,0008,F010178,Pals - Sa Riera - R30 (17 013 R03),517469,4647268,4488954,Silicats (aigua de mar)
after_2007,0004,0008,F010179,Badia de Cadaqués - MITC101000040 - CAD01,523457,4680933,3109067,Temperatura aigua (mostra)
after_2007,0004,0008,F010179,Badia de Cadaqués - MITC101000040 - CAD01,523457,4680933,3109072,Transparència (disc de Secchi)
after_2007,0004,0008,F010179,Badia de Cadaqués - MITC101000040 - CAD01,523457,4680933,3109076,Salinitat (mostra)
after_2007,0004,0008,F010179,Badia de Cadaqués - MITC101000040 - CAD01,523457,4680933,3119196,Amoni
after_2007,0004,0008,F010179,Badia de Cadaqués - MITC101000040 - CAD01,523457,4680933,3119198,Fosfats
after_2007,0004,0008,F010179,Badia de Cadaqués - MITC101000040 - CAD01,523457,4680933,3119199,Nitrats
after_2007,0004,0008,F010179,Badia de Cadaqués - MITC101000040 - CAD01,523457,4680933,3119200,Nitrits
after_2007,0004,0008,F010179,Badia de Cadaqués - MITC101000040 - CAD01,523457,4680933,3119201,Silicats
after_2007,0004,0008,F010179,Badia de Cadaqués - MITC101000040 - CAD01,523457,4680933,4485627,Nitrats (aigua de mar)
after_2007,0004,0008,F010179,Badia de Cadaqués - MITC101000040 - CAD01,523457,4680933,4486459,Nitrits (aigua de mar)
after_2007,0004,0008,F010179,Badia de Cadaqués - MITC101000040 - CAD01,523457,4680933,4487291,Amoni (aigua de mar)
after_2007,0004,0008,F010179,Badia de Cadaqués - MITC101000040 - CAD01,523457,4680933,4488123,Fosfats (aigua de mar)
after_2007,0004,0008,F010179,Badia de Cadaqués - MITC101000040 - CAD01,523457,4680933,4488955,Silicats (aigua de mar)
after_2007,0004,0008,F010179,Badia de Cadaqués - MITC101000040 - CAD01,523457,4680933,4530235,pH
after_2007,0004,0008,F010179,Badia de Cadaqués - MITC101000040 - CAD01,523457,4680933,4535735,Conductivitat
after_2007,0004,0008,F010179,Badia de Cadaqués - MITC101000040 - CAD01,523457,4680933,4536268,pH (CTD)
after_2007,0004,0008,F010179,Badia de Cadaqués - MITC101000040 - CAD01,523457,4680933,4592219,% Saturació d'oxigen (CTD)
after_2007,0004,0008,F010179,Badia de Cadaqués - MITC101000040 - CAD01,523457,4680933,4592301,Oxigen dissolt (CTD)
after_2007,0004,0008,F010180,Barceloneta - Zona II Port Barcelona - MITC101000200,433461,4580866,3108702,Temperatura aigua (mostra)
after_2007,0004,0008,F010180,Barceloneta - Zona II Port Barcelona - MITC101000200,433461,4580866,3108707,Transparència (disc de Secchi)
after_2007,0004,0008,F010180,Barceloneta - Zona II Port Barcelona - MITC101000200,433461,4580866,3108711,Salinitat (mostra)
after_2007,0004,0008,F010180,Barceloneta - Zona II Port Barcelona - MITC101000200,433461,4580866,3119178,Amoni
after_2007,0004,0008,F010180,Barceloneta - Zona II Port Barcelona - MITC101000200,433461,4580866,3119180,Fosfats
after_2007,0004,0008,F010180,Barceloneta - Zona II Port Barcelona - MITC101000200,433461,4580866,3119181,Nitrats
after_2007,0004,0008,F010180,Barceloneta - Zona II Port Barcelona - MITC101000200,433461,4580866,3119182,Nitrits
after_2007,0004,0008,F010180,Barceloneta - Zona II Port Barcelona - MITC101000200,433461,4580866,3119183,Silicats
after_2007,0004,0008,F010180,Barceloneta - Zona II Port Barcelona - MITC101000200,433461,4580866,4485628,Nitrats (aigua de mar)
after_2007,0004,0008,F010180,Barceloneta - Zona II Port Barcelona - MITC101000200,433461,4580866,4486460,Nitrits (aigua de mar)
after_2007,0004,0008,F010180,Barceloneta - Zona II Port Barcelona - MITC101000200,433461,4580866,4487292,Amoni (aigua de mar)
after_2007,0004,0008,F010180,Barceloneta - Zona II Port Barcelona - MITC101000200,433461,4580866,4488124,Fosfats (aigua de mar)
after_2007,0004,0008,F010180,Barceloneta - Zona II Port Barcelona - MITC101000200,433461,4580866,4488956,Silicats (aigua de mar)
after_2007,0004,0008,F010181,Cap Norfeu - MITC101000050,522807,4677075,3109140,Temperatura aigua (mostra)
after_2007,0004,0008,F010181,Cap Norfeu - MITC101000050,522807,4677075,3109145,Transparència (disc de Secchi)
after_2007,0004,0008,F010181,Cap Norfeu - MITC101000050,522807,4677075,3109149,Salinitat (mostra)
after_2007,0004,0008,F010181,Cap Norfeu - MITC101000050,522807,4677075,3119202,Amoni
after_2007,0004,0008,F010181,Cap Norfeu - MITC101000050,522807,4677075,3119204,Fosfats
after_2007,0004,0008,F010181,Cap Norfeu - MITC101000050,522807,4677075,3119205,Nitrats
after_2007,0004,0008,F010181,Cap Norfeu - MITC101000050,522807,4677075,3119206,Nitrits
after_2007,0004,0008,F010181,Cap Norfeu - MITC101000050,522807,4677075,3119207,Silicats
after_2007,0004,0008,F010181,Cap Norfeu - MITC101000050,522807,4677075,4485629,Nitrats (aigua de mar)
after_2007,0004,0008,F010181,Cap Norfeu - MITC101000050,522807,4677075,4486461,Nitrits (aigua de mar)
after_2007,0004,0008,F010181,Cap Norfeu - MITC101000050,522807,4677075,4487293,Amoni (aigua de mar)
after_2007,0004,0008,F010181,Cap Norfeu - MITC101000050,522807,4677075,4488125,Fosfats (aigua de mar)
after_2007,0004,0008,F010181,Cap Norfeu - MITC101000050,522807,4677075,4488957,Silicats (aigua de mar)
after_2007,0004,0008,F010181,Cap Norfeu - MITC101000050,522807,4677075,4530245,pH
after_2007,0004,0008,F010181,Cap Norfeu - MITC101000050,522807,4677075,4535746,Conductivitat
after_2007,0004,0008,F010181,Cap Norfeu - MITC101000050,522807,4677075,4536279,pH (CTD)
after_2007,0004,0008,F010181,Cap Norfeu - MITC101000050,522807,4677075,4592221,% Saturació d'oxigen (CTD)
after_2007,0004,0008,F010181,Cap Norfeu - MITC101000050,522807,4677075,4592303,Oxigen dissolt (CTD)
after_2007,0004,0008,F010182,Roses - Castelló d'Empúries - MITC101000070,512077,4676870,3109213,Temperatura aigua (mostra)
after_2007,0004,0008,F010182,Roses - Castelló d'Empúries - MITC101000070,512077,4676870,3109218,Transparència (disc de Secchi)
after_2007,0004,0008,F010182,Roses - Castelló d'Empúries - MITC101000070,512077,4676870,3109222,Salinitat (mostra)
after_2007,0004,0008,F010182,Roses - Castelló d'Empúries - MITC101000070,512077,4676870,3119214,Amoni
after_2007,0004,0008,F010182,Roses - Castelló d'Empúries - MITC101000070,512077,4676870,3119216,Fosfats
after_2007,0004,0008,F010182,Roses - Castelló d'Empúries - MITC101000070,512077,4676870,3119217,Nitrats
after_2007,0004,0008,F010182,Roses - Castelló d'Empúries - MITC101000070,512077,4676870,3119218,Nitrits
after_2007,0004,0008,F010182,Roses - Castelló d'Empúries - MITC101000070,512077,4676870,3119219,Silicats
after_2007,0004,0008,F010182,Roses - Castelló d'Empúries - MITC101000070,512077,4676870,4485630,Nitrats (aigua de mar)
after_2007,0004,0008,F010182,Roses - Castelló d'Empúries - MITC101000070,512077,4676870,4486462,Nitrits (aigua de mar)
after_2007,0004,0008,F010182,Roses - Castelló d'Empúries - MITC101000070,512077,4676870,4487294,Amoni (aigua de mar)
after_2007,0004,0008,F010182,Roses - Castelló d'Empúries - MITC101000070,512077,4676870,4488126,Fosfats (aigua de mar)
after_2007,0004,0008,F010182,Roses - Castelló d'Empúries - MITC101000070,512077,4676870,4488958,Silicats (aigua de mar)
after_2007,0004,0008,F010182,Roses - Castelló d'Empúries - MITC101000070,512077,4676870,4530274,pH
after_2007,0004,0008,F010182,Roses - Castelló d'Empúries - MITC101000070,512077,4676870,4535778,Conductivitat
after_2007,0004,0008,F010182,Roses - Castelló d'Empúries - MITC101000070,512077,4676870,4536311,pH (CTD)
after_2007,0004,0008,F010182,Roses - Castelló d'Empúries - MITC101000070,512077,4676870,4592222,% Saturació d'oxigen (CTD)
after_2007,0004,0008,F010182,Roses - Castelló d'Empúries - MITC101000070,512077,4676870,4592304,Oxigen dissolt (CTD)
after_2007,0004,0008,F010183,Roses - Castelló d'Empúries - 90 (17 047 A01),511514,4677739,3112498,Temperatura aigua (mostra)
after_2007,0004,0008,F010183,Roses - Castelló d'Empúries - 90 (17 047 A01),511514,4677739,3112507,Salinitat (mostra)
after_2007,0004,0008,F010183,Roses - Castelló d'Empúries - 90 (17 047 A01),511514,4677739,4473094,% Saturació d'oxigen (lab)
after_2007,0004,0008,F010183,Roses - Castelló d'Empúries - 90 (17 047 A01),511514,4677739,4473095,Oxigen dissolt (camp)
after_2007,0004,0008,F010183,Roses - Castelló d'Empúries - 90 (17 047 A01),511514,4677739,4473096,pH (camp)
after_2007,0004,0008,F010183,Roses - Castelló d'Empúries - 90 (17 047 A01),511514,4677739,4485631,Nitrats (aigua de mar)
after_2007,0004,0008,F010183,Roses - Castelló d'Empúries - 90 (17 047 A01),511514,4677739,4486463,Nitrits (aigua de mar)
after_2007,0004,0008,F010183,Roses - Castelló d'Empúries - 90 (17 047 A01),511514,4677739,4487295,Amoni (aigua de mar)
after_2007,0004,0008,F010183,Roses - Castelló d'Empúries - 90 (17 047 A01),511514,4677739,4488127,Fosfats (aigua de mar)
after_2007,0004,0008,F010183,Roses - Castelló d'Empúries - 90 (17 047 A01),511514,4677739,4488959,Silicats (aigua de mar)
after_2007,0004,0008,F010183,Roses - Castelló d'Empúries - 90 (17 047 A01),511514,4677739,4535781,Conductivitat
after_2007,0004,0008,F010184,Delta Nord - MITC091000330,316275,4513501,3109359,Temperatura aigua (mostra)
after_2007,0004,0008,F010184,Delta Nord - MITC091000330,316275,4513501,3109364,Transparència (disc de Secchi)
after_2007,0004,0008,F010184,Delta Nord - MITC091000330,316275,4513501,3109368,Salinitat (mostra)
after_2007,0004,0008,F010184,Delta Nord - MITC091000330,316275,4513501,3119118,Amoni
after_2007,0004,0008,F010184,Delta Nord - MITC091000330,316275,4513501,3119120,Fosfats
after_2007,0004,0008,F010184,Delta Nord - MITC091000330,316275,4513501,3119121,Nitrats
after_2007,0004,0008,F010184,Delta Nord - MITC091000330,316275,4513501,3119122,Nitrits
after_2007,0004,0008,F010184,Delta Nord - MITC091000330,316275,4513501,3119123,Silicats
after_2007,0004,0008,F010184,Delta Nord - MITC091000330,316275,4513501,4485632,Nitrats (aigua de mar)
after_2007,0004,0008,F010184,Delta Nord - MITC091000330,316275,4513501,4486464,Nitrits (aigua de mar)
after_2007,0004,0008,F010184,Delta Nord - MITC091000330,316275,4513501,4487296,Amoni (aigua de mar)
after_2007,0004,0008,F010184,Delta Nord - MITC091000330,316275,4513501,4488128,Fosfats (aigua de mar)
after_2007,0004,0008,F010184,Delta Nord - MITC091000330,316275,4513501,4488960,Silicats (aigua de mar)
after_2007,0004,0008,F010184,Delta Nord - MITC091000330,316275,4513501,4530578,pH
after_2007,0004,0008,F010184,Delta Nord - MITC091000330,316275,4513501,4536143,Conductivitat
after_2007,0004,0008,F010184,Delta Nord - MITC091000330,316275,4513501,4536676,pH (CTD)
after_2007,0004,0008,F010184,Delta Nord - MITC091000330,316275,4513501,4592227,% Saturació d'oxigen (CTD)
after_2007,0004,0008,F010184,Delta Nord - MITC091000330,316275,4513501,4592309,Oxigen dissolt (CTD)
after_2007,0004,0008,F010186,Badia de El Port de la Selva - MITC101000020 - PDS02,516067,4688024,3109651,Temperatura aigua (mostra)
after_2007,0004,0008,F010186,Badia de El Port de la Selva - MITC101000020 - PDS02,516067,4688024,3109656,Transparència (disc de Secchi)
after_2007,0004,0008,F010186,Badia de El Port de la Selva - MITC101000020 - PDS02,516067,4688024,3109660,Salinitat (mostra)
after_2007,0004,0008,F010186,Badia de El Port de la Selva - MITC101000020 - PDS02,516067,4688024,3119190,Amoni
after_2007,0004,0008,F010186,Badia de El Port de la Selva - MITC101000020 - PDS02,516067,4688024,3119192,Fosfats
after_2007,0004,0008,F010186,Badia de El Port de la Selva - MITC101000020 - PDS02,516067,4688024,3119193,Nitrats
after_2007,0004,0008,F010186,Badia de El Port de la Selva - MITC101000020 - PDS02,516067,4688024,3119194,Nitrits
after_2007,0004,0008,F010186,Badia de El Port de la Selva - MITC101000020 - PDS02,516067,4688024,3119195,Silicats
after_2007,0004,0008,F010186,Badia de El Port de la Selva - MITC101000020 - PDS02,516067,4688024,4485634,Nitrats (aigua de mar)
after_2007,0004,0008,F010186,Badia de El Port de la Selva - MITC101000020 - PDS02,516067,4688024,4486466,Nitrits (aigua de mar)
after_2007,0004,0008,F010186,Badia de El Port de la Selva - MITC101000020 - PDS02,516067,4688024,4487298,Amoni (aigua de mar)
after_2007,0004,0008,F010186,Badia de El Port de la Selva - MITC101000020 - PDS02,516067,4688024,4488130,Fosfats (aigua de mar)
after_2007,0004,0008,F010186,Badia de El Port de la Selva - MITC101000020 - PDS02,516067,4688024,4488962,Silicats (aigua de mar)
after_2007,0004,0008,F010186,Badia de El Port de la Selva - MITC101000020 - PDS02,516067,4688024,4530209,pH
after_2007,0004,0008,F010186,Badia de El Port de la Selva - MITC101000020 - PDS02,516067,4688024,4535709,Conductivitat
after_2007,0004,0008,F010186,Badia de El Port de la Selva - MITC101000020 - PDS02,516067,4688024,4536242,pH (CTD)
after_2007,0004,0008,F010186,Badia de El Port de la Selva - MITC101000020 - PDS02,516067,4688024,4592228,% Saturació d'oxigen (CTD)
after_2007,0004,0008,F010186,Badia de El Port de la Selva - MITC101000020 - PDS02,516067,4688024,4592310,Oxigen dissolt (CTD)
after_2007,0004,0008,F010187,Cubelles - Altafulla  - MITC101000250,376496,4558766,3109797,Temperatura aigua (mostra)
after_2007,0004,0008,F010187,Cubelles - Altafulla  - MITC101000250,376496,4558766,3109802,Transparència (disc de Secchi)
after_2007,0004,0008,F010187,Cubelles - Altafulla  - MITC101000250,376496,4558766,3109806,Salinitat (mostra)
after_2007,0004,0008,F010187,Cubelles - Altafulla  - MITC101000250,376496,4558766,3119148,Amoni
after_2007,0004,0008,F010187,Cubelles - Altafulla  - MITC101000250,376496,4558766,3119150,Fosfats
after_2007,0004,0008,F010187,Cubelles - Altafulla  - MITC101000250,376496,4558766,3119151,Nitrats
after_2007,0004,0008,F010187,Cubelles - Altafulla  - MITC101000250,376496,4558766,3119152,Nitrits
after_2007,0004,0008,F010187,Cubelles - Altafulla  - MITC101000250,376496,4558766,3119153,Silicats
after_2007,0004,0008,F010187,Cubelles - Altafulla  - MITC101000250,376496,4558766,4485635,Nitrats (aigua de mar)
after_2007,0004,0008,F010187,Cubelles - Altafulla  - MITC101000250,376496,4558766,4486467,Nitrits (aigua de mar)
after_2007,0004,0008,F010187,Cubelles - Altafulla  - MITC101000250,376496,4558766,4487299,Amoni (aigua de mar)
after_2007,0004,0008,F010187,Cubelles - Altafulla  - MITC101000250,376496,4558766,4488131,Fosfats (aigua de mar)
after_2007,0004,0008,F010187,Cubelles - Altafulla  - MITC101000250,376496,4558766,4488963,Silicats (aigua de mar)
after_2007,0004,0008,F010187,Cubelles - Altafulla  - MITC101000250,376496,4558766,4500494,pH (camp)
after_2007,0004,0008,F010187,Cubelles - Altafulla  - MITC101000250,376496,4558766,4530486,pH
after_2007,0004,0008,F010187,Cubelles - Altafulla  - MITC101000250,376496,4558766,4536035,Conductivitat
after_2007,0004,0008,F010187,Cubelles - Altafulla  - MITC101000250,376496,4558766,4536568,pH (CTD)
after_2007,0004,0008,F010187,Cubelles - Altafulla  - MITC101000250,376496,4558766,4592235,% Saturació d'oxigen (CTD)
after_2007,0004,0008,F010187,Cubelles - Altafulla  - MITC101000250,376496,4558766,4592317,Oxigen dissolt (CTD)
after_2007,0004,0008,F010188,El Prat de Llobregat - Castelldefels - MITC101000220 - GAV01,418656,4567876,3109870,Temperatura aigua (mostra)
after_2007,0004,0008,F010188,El Prat de Llobregat - Castelldefels - MITC101000220 - GAV01,418656,4567876,3109875,Transparència (disc de Secchi)
after_2007,0004,0008,F010188,El Prat de Llobregat - Castelldefels - MITC101000220 - GAV01,418656,4567876,3109879,Salinitat (mostra)
after_2007,0004,0008,F010188,El Prat de Llobregat - Castelldefels - MITC101000220 - GAV01,418656,4567876,3119166,Amoni
after_2007,0004,0008,F010188,El Prat de Llobregat - Castelldefels - MITC101000220 - GAV01,418656,4567876,3119168,Fosfats
after_2007,0004,0008,F010188,El Prat de Llobregat - Castelldefels - MITC101000220 - GAV01,418656,4567876,3119169,Nitrats
after_2007,0004,0008,F010188,El Prat de Llobregat - Castelldefels - MITC101000220 - GAV01,418656,4567876,3119170,Nitrits
after_2007,0004,0008,F010188,El Prat de Llobregat - Castelldefels - MITC101000220 - GAV01,418656,4567876,3119171,Silicats
after_2007,0004,0008,F010188,El Prat de Llobregat - Castelldefels - MITC101000220 - GAV01,418656,4567876,4485636,Nitrats (aigua de mar)
after_2007,0004,0008,F010188,El Prat de Llobregat - Castelldefels - MITC101000220 - GAV01,418656,4567876,4486468,Nitrits (aigua de mar)
after_2007,0004,0008,F010188,El Prat de Llobregat - Castelldefels - MITC101000220 - GAV01,418656,4567876,4487300,Amoni (aigua de mar)
after_2007,0004,0008,F010188,El Prat de Llobregat - Castelldefels - MITC101000220 - GAV01,418656,4567876,4488132,Fosfats (aigua de mar)
after_2007,0004,0008,F010188,El Prat de Llobregat - Castelldefels - MITC101000220 - GAV01,418656,4567876,4488964,Silicats (aigua de mar)
after_2007,0004,0008,F010188,El Prat de Llobregat - Castelldefels - MITC101000220 - GAV01,418656,4567876,4530448,pH
after_2007,0004,0008,F010188,El Prat de Llobregat - Castelldefels - MITC101000220 - GAV01,418656,4567876,4535992,Conductivitat
after_2007,0004,0008,F010188,El Prat de Llobregat - Castelldefels - MITC101000220 - GAV01,418656,4567876,4536525,pH (CTD)
after_2007,0004,0008,F010188,El Prat de Llobregat - Castelldefels - MITC101000220 - GAV01,418656,4567876,4592236,% Saturació d'oxigen (CTD)
after_2007,0004,0008,F010188,El Prat de Llobregat - Castelldefels - MITC101000220 - GAV01,418656,4567876,4592318,Oxigen dissolt (CTD)
after_2007,0004,0008,F010189,L'Ametlla de Mar - MITC101000320,314436,4525475,3110089,Temperatura aigua (mostra)
after_2007,0004,0008,F010189,L'Ametlla de Mar - MITC101000320,314436,4525475,3110094,Transparència (disc de Secchi)
after_2007,0004,0008,F010189,L'Ametlla de Mar - MITC101000320,314436,4525475,3110098,Salinitat (mostra)
after_2007,0004,0008,F010189,L'Ametlla de Mar - MITC101000320,314436,4525475,3119106,Amoni
after_2007,0004,0008,F010189,L'Ametlla de Mar - MITC101000320,314436,4525475,3119108,Fosfats
after_2007,0004,0008,F010189,L'Ametlla de Mar - MITC101000320,314436,4525475,3119109,Nitrats
after_2007,0004,0008,F010189,L'Ametlla de Mar - MITC101000320,314436,4525475,3119110,Nitrits
after_2007,0004,0008,F010189,L'Ametlla de Mar - MITC101000320,314436,4525475,3119111,Silicats
after_2007,0004,0008,F010189,L'Ametlla de Mar - MITC101000320,314436,4525475,4485637,Nitrats (aigua de mar)
after_2007,0004,0008,F010189,L'Ametlla de Mar - MITC101000320,314436,4525475,4486469,Nitrits (aigua de mar)
after_2007,0004,0008,F010189,L'Ametlla de Mar - MITC101000320,314436,4525475,4487301,Amoni (aigua de mar)
after_2007,0004,0008,F010189,L'Ametlla de Mar - MITC101000320,314436,4525475,4488133,Fosfats (aigua de mar)
after_2007,0004,0008,F010189,L'Ametlla de Mar - MITC101000320,314436,4525475,4488965,Silicats (aigua de mar)
after_2007,0004,0008,F010189,L'Ametlla de Mar - MITC101000320,314436,4525475,4500496,pH (camp)
after_2007,0004,0008,F010189,L'Ametlla de Mar - MITC101000320,314436,4525475,4530561,pH
after_2007,0004,0008,F010189,L'Ametlla de Mar - MITC101000320,314436,4525475,4536122,Conductivitat
after_2007,0004,0008,F010189,L'Ametlla de Mar - MITC101000320,314436,4525475,4536655,pH (CTD)
after_2007,0004,0008,F010189,L'Ametlla de Mar - MITC101000320,314436,4525475,4592241,% Saturació d'oxigen (CTD)
after_2007,0004,0008,F010189,L'Ametlla de Mar - MITC101000320,314436,4525475,4592323,Oxigen dissolt (CTD)
after_2007,0004,0008,F010190,L'Escala - MITC101000090,511952,4664375,3110162,Temperatura aigua (mostra)
after_2007,0004,0008,F010190,L'Escala - MITC101000090,511952,4664375,3110167,Transparència (disc de Secchi)
after_2007,0004,0008,F010190,L'Escala - MITC101000090,511952,4664375,3110171,Salinitat (mostra)
after_2007,0004,0008,F010190,L'Escala - MITC101000090,511952,4664375,3119226,Amoni
after_2007,0004,0008,F010190,L'Escala - MITC101000090,511952,4664375,3119228,Fosfats
after_2007,0004,0008,F010190,L'Escala - MITC101000090,511952,4664375,3119229,Nitrats
after_2007,0004,0008,F010190,L'Escala - MITC101000090,511952,4664375,3119230,Nitrits
after_2007,0004,0008,F010190,L'Escala - MITC101000090,511952,4664375,3119231,Silicats
after_2007,0004,0008,F010190,L'Escala - MITC101000090,511952,4664375,4485638,Nitrats (aigua de mar)
after_2007,0004,0008,F010190,L'Escala - MITC101000090,511952,4664375,4486470,Nitrits (aigua de mar)
after_2007,0004,0008,F010190,L'Escala - MITC101000090,511952,4664375,4487302,Amoni (aigua de mar)
after_2007,0004,0008,F010190,L'Escala - MITC101000090,511952,4664375,4488134,Fosfats (aigua de mar)
after_2007,0004,0008,F010190,L'Escala - MITC101000090,511952,4664375,4488966,Silicats (aigua de mar)
after_2007,0004,0008,F010190,L'Escala - MITC101000090,511952,4664375,4530290,pH
after_2007,0004,0008,F010190,L'Escala - MITC101000090,511952,4664375,4535798,Conductivitat
after_2007,0004,0008,F010190,L'Escala - MITC101000090,511952,4664375,4536331,pH (CTD)
after_2007,0004,0008,F010190,L'Escala - MITC101000090,511952,4664375,4592243,% Saturació d'oxigen (CTD)
after_2007,0004,0008,F010190,L'Escala - MITC101000090,511952,4664375,4592325,Oxigen dissolt (CTD)
after_2007,0004,0008,F010191,Blanes - Pineda de Mar - MITC101000150,479521,4609310,3110235,Temperatura aigua (mostra)
after_2007,0004,0008,F010191,Blanes - Pineda de Mar - MITC101000150,479521,4609310,3110240,Transparència (disc de Secchi)
after_2007,0004,0008,F010191,Blanes - Pineda de Mar - MITC101000150,479521,4609310,3110244,Salinitat (mostra)
after_2007,0004,0008,F010191,Blanes - Pineda de Mar - MITC101000150,479521,4609310,3119256,Amoni
after_2007,0004,0008,F010191,Blanes - Pineda de Mar - MITC101000150,479521,4609310,3119258,Fosfats
after_2007,0004,0008,F010191,Blanes - Pineda de Mar - MITC101000150,479521,4609310,3119259,Nitrats
after_2007,0004,0008,F010191,Blanes - Pineda de Mar - MITC101000150,479521,4609310,3119260,Nitrits
after_2007,0004,0008,F010191,Blanes - Pineda de Mar - MITC101000150,479521,4609310,3119261,Silicats
after_2007,0004,0008,F010191,Blanes - Pineda de Mar - MITC101000150,479521,4609310,4485639,Nitrats (aigua de mar)
after_2007,0004,0008,F010191,Blanes - Pineda de Mar - MITC101000150,479521,4609310,4486471,Nitrits (aigua de mar)
after_2007,0004,0008,F010191,Blanes - Pineda de Mar - MITC101000150,479521,4609310,4487303,Amoni (aigua de mar)
after_2007,0004,0008,F010191,Blanes - Pineda de Mar - MITC101000150,479521,4609310,4488135,Fosfats (aigua de mar)
after_2007,0004,0008,F010191,Blanes - Pineda de Mar - MITC101000150,479521,4609310,4488967,Silicats (aigua de mar)
after_2007,0004,0008,F010191,Blanes - Pineda de Mar - MITC101000150,479521,4609310,4530374,pH
after_2007,0004,0008,F010191,Blanes - Pineda de Mar - MITC101000150,479521,4609310,4535895,Conductivitat
after_2007,0004,0008,F010191,Blanes - Pineda de Mar - MITC101000150,479521,4609310,4536428,pH (CTD)
after_2007,0004,0008,F010191,Blanes - Pineda de Mar - MITC101000150,479521,4609310,4592245,% Saturació d'oxigen (CTD)
after_2007,0004,0008,F010191,Blanes - Pineda de Mar - MITC101000150,479521,4609310,4592327,Oxigen dissolt (CTD)
after_2007,0004,0008,F010192,Pineda de Mar - Mataró - R31 (08 121 R03),455651,4599502,3112936,Temperatura aigua (mostra)
after_2007,0004,0008,F010192,Pineda de Mar - Mataró - R31 (08 121 R03),455651,4599502,3112945,Salinitat (mostra)
after_2007,0004,0008,F010192,Pineda de Mar - Mataró - R31 (08 121 R03),455651,4599502,3120786,Nitrats
after_2007,0004,0008,F010192,Pineda de Mar - Mataró - R31 (08 121 R03),455651,4599502,3121001,Nitrits
after_2007,0004,0008,F010192,Pineda de Mar - Mataró - R31 (08 121 R03),455651,4599502,3121002,Amoni
after_2007,0004,0008,F010192,Pineda de Mar - Mataró - R31 (08 121 R03),455651,4599502,3121003,Fosfats
after_2007,0004,0008,F010192,Pineda de Mar - Mataró - R31 (08 121 R03),455651,4599502,3121004,Silicats
after_2007,0004,0008,F010192,Pineda de Mar - Mataró - R31 (08 121 R03),455651,4599502,4485640,Nitrats (aigua de mar)
after_2007,0004,0008,F010192,Pineda de Mar - Mataró - R31 (08 121 R03),455651,4599502,4486472,Nitrits (aigua de mar)
after_2007,0004,0008,F010192,Pineda de Mar - Mataró - R31 (08 121 R03),455651,4599502,4487304,Amoni (aigua de mar)
after_2007,0004,0008,F010192,Pineda de Mar - Mataró - R31 (08 121 R03),455651,4599502,4488136,Fosfats (aigua de mar)
after_2007,0004,0008,F010192,Pineda de Mar - Mataró - R31 (08 121 R03),455651,4599502,4488968,Silicats (aigua de mar)
after_2007,0004,0008,F010193,Cambrils - Mont-roig del Camp - MITC101000300,334500,4545686,3110308,Temperatura aigua (mostra)
after_2007,0004,0008,F010193,Cambrils - Mont-roig del Camp - MITC101000300,334500,4545686,3110313,Transparència (disc de Secchi)
after_2007,0004,0008,F010193,Cambrils - Mont-roig del Camp - MITC101000300,334500,4545686,3110317,Salinitat (mostra)
after_2007,0004,0008,F010193,Cambrils - Mont-roig del Camp - MITC101000300,334500,4545686,3119094,Amoni
after_2007,0004,0008,F010193,Cambrils - Mont-roig del Camp - MITC101000300,334500,4545686,3119096,Fosfats
after_2007,0004,0008,F010193,Cambrils - Mont-roig del Camp - MITC101000300,334500,4545686,3119097,Nitrats
after_2007,0004,0008,F010193,Cambrils - Mont-roig del Camp - MITC101000300,334500,4545686,3119098,Nitrits
after_2007,0004,0008,F010193,Cambrils - Mont-roig del Camp - MITC101000300,334500,4545686,3119099,Silicats
after_2007,0004,0008,F010193,Cambrils - Mont-roig del Camp - MITC101000300,334500,4545686,4485641,Nitrats (aigua de mar)
after_2007,0004,0008,F010193,Cambrils - Mont-roig del Camp - MITC101000300,334500,4545686,4486473,Nitrits (aigua de mar)
after_2007,0004,0008,F010193,Cambrils - Mont-roig del Camp - MITC101000300,334500,4545686,4487305,Amoni (aigua de mar)
after_2007,0004,0008,F010193,Cambrils - Mont-roig del Camp - MITC101000300,334500,4545686,4488137,Fosfats (aigua de mar)
after_2007,0004,0008,F010193,Cambrils - Mont-roig del Camp - MITC101000300,334500,4545686,4488969,Silicats (aigua de mar)
after_2007,0004,0008,F010193,Cambrils - Mont-roig del Camp - MITC101000300,334500,4545686,4500499,pH (camp)
after_2007,0004,0008,F010193,Cambrils - Mont-roig del Camp - MITC101000300,334500,4545686,4530540,pH
after_2007,0004,0008,F010193,Cambrils - Mont-roig del Camp - MITC101000300,334500,4545686,4536098,Conductivitat
after_2007,0004,0008,F010193,Cambrils - Mont-roig del Camp - MITC101000300,334500,4545686,4536631,pH (CTD)
after_2007,0004,0008,F010193,Cambrils - Mont-roig del Camp - MITC101000300,334500,4545686,4592247,% Saturació d'oxigen (CTD)
after_2007,0004,0008,F010193,Cambrils - Mont-roig del Camp - MITC101000300,334500,4545686,4592329,Oxigen dissolt (CTD)
after_2007,0004,0008,F010194,Cambrils - Mont-roig del Camp - 87 (43 092 A03),332236,4545507,3112571,Temperatura aigua (mostra)
after_2007,0004,0008,F010194,Cambrils - Mont-roig del Camp - 87 (43 092 A03),332236,4545507,3112580,Salinitat (mostra)
after_2007,0004,0008,F010194,Cambrils - Mont-roig del Camp - 87 (43 092 A03),332236,4545507,3118886,Amoni
after_2007,0004,0008,F010194,Cambrils - Mont-roig del Camp - 87 (43 092 A03),332236,4545507,3118889,Fosfats
after_2007,0004,0008,F010194,Cambrils - Mont-roig del Camp - 87 (43 092 A03),332236,4545507,3118890,Nitrats
after_2007,0004,0008,F010194,Cambrils - Mont-roig del Camp - 87 (43 092 A03),332236,4545507,3118891,Nitrits
after_2007,0004,0008,F010194,Cambrils - Mont-roig del Camp - 87 (43 092 A03),332236,4545507,3118892,Silicats
after_2007,0004,0008,F010194,Cambrils - Mont-roig del Camp - 87 (43 092 A03),332236,4545507,4485642,Nitrats (aigua de mar)
after_2007,0004,0008,F010194,Cambrils - Mont-roig del Camp - 87 (43 092 A03),332236,4545507,4486474,Nitrits (aigua de mar)
after_2007,0004,0008,F010194,Cambrils - Mont-roig del Camp - 87 (43 092 A03),332236,4545507,4487306,Amoni (aigua de mar)
after_2007,0004,0008,F010194,Cambrils - Mont-roig del Camp - 87 (43 092 A03),332236,4545507,4488138,Fosfats (aigua de mar)
after_2007,0004,0008,F010194,Cambrils - Mont-roig del Camp - 87 (43 092 A03),332236,4545507,4488970,Silicats (aigua de mar)
after_2007,0004,0008,F010194,Cambrils - Mont-roig del Camp - 87 (43 092 A03),332236,4545507,4536095,Conductivitat
after_2007,0004,0008,F010200,Begur - Blanes - MITC101000140,514506,4633625,3110527,Temperatura aigua (mostra)
after_2007,0004,0008,F010200,Begur - Blanes - MITC101000140,514506,4633625,3110532,Transparència (disc de Secchi)
after_2007,0004,0008,F010200,Begur - Blanes - MITC101000140,514506,4633625,3110536,Salinitat (mostra)
after_2007,0004,0008,F010200,Begur - Blanes - MITC101000140,514506,4633625,3119250,Amoni
after_2007,0004,0008,F010200,Begur - Blanes - MITC101000140,514506,4633625,3119252,Fosfats
after_2007,0004,0008,F010200,Begur - Blanes - MITC101000140,514506,4633625,3119253,Nitrats
after_2007,0004,0008,F010200,Begur - Blanes - MITC101000140,514506,4633625,3119254,Nitrits
after_2007,0004,0008,F010200,Begur - Blanes - MITC101000140,514506,4633625,3119255,Silicats
after_2007,0004,0008,F010200,Begur - Blanes - MITC101000140,514506,4633625,4485643,Nitrats (aigua de mar)
after_2007,0004,0008,F010200,Begur - Blanes - MITC101000140,514506,4633625,4486475,Nitrits (aigua de mar)
after_2007,0004,0008,F010200,Begur - Blanes - MITC101000140,514506,4633625,4487307,Amoni (aigua de mar)
after_2007,0004,0008,F010200,Begur - Blanes - MITC101000140,514506,4633625,4488139,Fosfats (aigua de mar)
after_2007,0004,0008,F010200,Begur - Blanes - MITC101000140,514506,4633625,4488971,Silicats (aigua de mar)
after_2007,0004,0008,F010200,Begur - Blanes - MITC101000140,514506,4633625,4530344,pH
after_2007,0004,0008,F010200,Begur - Blanes - MITC101000140,514506,4633625,4535863,Conductivitat
after_2007,0004,0008,F010200,Begur - Blanes - MITC101000140,514506,4633625,4536396,pH (CTD)
after_2007,0004,0008,F010200,Begur - Blanes - MITC101000140,514506,4633625,4592248,% Saturació d'oxigen (CTD)
after_2007,0004,0008,F010200,Begur - Blanes - MITC101000140,514506,4633625,4592330,Oxigen dissolt (CTD)
after_2007,0004,0008,F010201,Pals - Sa Riera - MITC101000120,517832,4648795,3110600,Temperatura aigua (mostra)
after_2007,0004,0008,F010201,Pals - Sa Riera - MITC101000120,517832,4648795,3110605,Transparència (disc de Secchi)
after_2007,0004,0008,F010201,Pals - Sa Riera - MITC101000120,517832,4648795,3110609,Salinitat (mostra)
after_2007,0004,0008,F010201,Pals - Sa Riera - MITC101000120,517832,4648795,3119244,Amoni
after_2007,0004,0008,F010201,Pals - Sa Riera - MITC101000120,517832,4648795,3119246,Fosfats
after_2007,0004,0008,F010201,Pals - Sa Riera - MITC101000120,517832,4648795,3119247,Nitrats
after_2007,0004,0008,F010201,Pals - Sa Riera - MITC101000120,517832,4648795,3119248,Nitrits
after_2007,0004,0008,F010201,Pals - Sa Riera - MITC101000120,517832,4648795,3119249,Silicats
after_2007,0004,0008,F010201,Pals - Sa Riera - MITC101000120,517832,4648795,4485644,Nitrats (aigua de mar)
after_2007,0004,0008,F010201,Pals - Sa Riera - MITC101000120,517832,4648795,4486476,Nitrits (aigua de mar)
after_2007,0004,0008,F010201,Pals - Sa Riera - MITC101000120,517832,4648795,4487308,Amoni (aigua de mar)
after_2007,0004,0008,F010201,Pals - Sa Riera - MITC101000120,517832,4648795,4488140,Fosfats (aigua de mar)
after_2007,0004,0008,F010201,Pals - Sa Riera - MITC101000120,517832,4648795,4488972,Silicats (aigua de mar)
after_2007,0004,0008,F010201,Pals - Sa Riera - MITC101000120,517832,4648795,4530326,pH
after_2007,0004,0008,F010201,Pals - Sa Riera - MITC101000120,517832,4648795,4535841,Conductivitat
after_2007,0004,0008,F010201,Pals - Sa Riera - MITC101000120,517832,4648795,4536374,pH (CTD)
after_2007,0004,0008,F010201,Pals - Sa Riera - MITC101000120,517832,4648795,4592249,% Saturació d'oxigen (CTD)
after_2007,0004,0008,F010201,Pals - Sa Riera - MITC101000120,517832,4648795,4592331,Oxigen dissolt (CTD)
after_2007,0004,0008,F010202,Mataró - Montgat - MITC101000170 - PRE01 CM,446021,4591896,3110673,Temperatura aigua (mostra)
after_2007,0004,0008,F010202,Mataró - Montgat - MITC101000170 - PRE01 CM,446021,4591896,3110678,Transparència (disc de Secchi)
after_2007,0004,0008,F010202,Mataró - Montgat - MITC101000170 - PRE01 CM,446021,4591896,3110682,Salinitat (mostra)
after_2007,0004,0008,F010202,Mataró - Montgat - MITC101000170 - PRE01 CM,446021,4591896,3119268,Amoni
after_2007,0004,0008,F010202,Mataró - Montgat - MITC101000170 - PRE01 CM,446021,4591896,3119270,Fosfats
after_2007,0004,0008,F010202,Mataró - Montgat - MITC101000170 - PRE01 CM,446021,4591896,3119271,Nitrats
after_2007,0004,0008,F010202,Mataró - Montgat - MITC101000170 - PRE01 CM,446021,4591896,3119272,Nitrits
after_2007,0004,0008,F010202,Mataró - Montgat - MITC101000170 - PRE01 CM,446021,4591896,3119273,Silicats
after_2007,0004,0008,F010202,Mataró - Montgat - MITC101000170 - PRE01 CM,446021,4591896,4485645,Nitrats (aigua de mar)
after_2007,0004,0008,F010202,Mataró - Montgat - MITC101000170 - PRE01 CM,446021,4591896,4486477,Nitrits (aigua de mar)
after_2007,0004,0008,F010202,Mataró - Montgat - MITC101000170 - PRE01 CM,446021,4591896,4487309,Amoni (aigua de mar)
after_2007,0004,0008,F010202,Mataró - Montgat - MITC101000170 - PRE01 CM,446021,4591896,4488141,Fosfats (aigua de mar)
after_2007,0004,0008,F010202,Mataró - Montgat - MITC101000170 - PRE01 CM,446021,4591896,4488973,Silicats (aigua de mar)
after_2007,0004,0008,F010202,Mataró - Montgat - MITC101000170 - PRE01 CM,446021,4591896,4530389,pH
after_2007,0004,0008,F010202,Mataró - Montgat - MITC101000170 - PRE01 CM,446021,4591896,4535916,Conductivitat
after_2007,0004,0008,F010202,Mataró - Montgat - MITC101000170 - PRE01 CM,446021,4591896,4536449,pH (CTD)
after_2007,0004,0008,F010202,Mataró - Montgat - MITC101000170 - PRE01 CM,446021,4591896,4592250,% Saturació d'oxigen (CTD)
after_2007,0004,0008,F010202,Mataró - Montgat - MITC101000170 - PRE01 CM,446021,4591896,4592332,Oxigen dissolt (CTD)
after_2007,0004,0008,F010203,Canyelles - MITC101000060,516017,4675795,3110892,Temperatura aigua (mostra)
after_2007,0004,0008,F010203,Canyelles - MITC101000060,516017,4675795,3110897,Transparència (disc de Secchi)
after_2007,0004,0008,F010203,Canyelles - MITC101000060,516017,4675795,3110901,Salinitat (mostra)
after_2007,0004,0008,F010203,Canyelles - MITC101000060,516017,4675795,3119208,Amoni
after_2007,0004,0008,F010203,Canyelles - MITC101000060,516017,4675795,3119210,Fosfats
after_2007,0004,0008,F010203,Canyelles - MITC101000060,516017,4675795,3119211,Nitrats
after_2007,0004,0008,F010203,Canyelles - MITC101000060,516017,4675795,3119212,Nitrits
after_2007,0004,0008,F010203,Canyelles - MITC101000060,516017,4675795,3119213,Silicats
after_2007,0004,0008,F010203,Canyelles - MITC101000060,516017,4675795,4485646,Nitrats (aigua de mar)
after_2007,0004,0008,F010203,Canyelles - MITC101000060,516017,4675795,4486478,Nitrits (aigua de mar)
after_2007,0004,0008,F010203,Canyelles - MITC101000060,516017,4675795,4487310,Amoni (aigua de mar)
after_2007,0004,0008,F010203,Canyelles - MITC101000060,516017,4675795,4488142,Fosfats (aigua de mar)
after_2007,0004,0008,F010203,Canyelles - MITC101000060,516017,4675795,4488974,Silicats (aigua de mar)
after_2007,0004,0008,F010203,Canyelles - MITC101000060,516017,4675795,4500503,pH (camp)
after_2007,0004,0008,F010203,Canyelles - MITC101000060,516017,4675795,4530260,pH
after_2007,0004,0008,F010203,Canyelles - MITC101000060,516017,4675795,4535762,Conductivitat
after_2007,0004,0008,F010203,Canyelles - MITC101000060,516017,4675795,4536295,pH (CTD)
after_2007,0004,0008,F010203,Canyelles - MITC101000060,516017,4675795,4592253,% Saturació d'oxigen (CTD)
after_2007,0004,0008,F010203,Canyelles - MITC101000060,516017,4675795,4592335,Oxigen dissolt (CTD)
after_2007,0004,0008,F010204,Cap de Salou - MITC101000280 - SAL01,347005,4545716,3110965,Temperatura aigua (mostra)
after_2007,0004,0008,F010204,Cap de Salou - MITC101000280 - SAL01,347005,4545716,3110970,Transparència (disc de Secchi)
after_2007,0004,0008,F010204,Cap de Salou - MITC101000280 - SAL01,347005,4545716,3110974,Salinitat (mostra)
after_2007,0004,0008,F010204,Cap de Salou - MITC101000280 - SAL01,347005,4545716,3119082,Amoni
after_2007,0004,0008,F010204,Cap de Salou - MITC101000280 - SAL01,347005,4545716,3119084,Fosfats
after_2007,0004,0008,F010204,Cap de Salou - MITC101000280 - SAL01,347005,4545716,3119085,Nitrats
after_2007,0004,0008,F010204,Cap de Salou - MITC101000280 - SAL01,347005,4545716,3119086,Nitrits
after_2007,0004,0008,F010204,Cap de Salou - MITC101000280 - SAL01,347005,4545716,3119087,Silicats
after_2007,0004,0008,F010204,Cap de Salou - MITC101000280 - SAL01,347005,4545716,4485647,Nitrats (aigua de mar)
after_2007,0004,0008,F010204,Cap de Salou - MITC101000280 - SAL01,347005,4545716,4486479,Nitrits (aigua de mar)
after_2007,0004,0008,F010204,Cap de Salou - MITC101000280 - SAL01,347005,4545716,4487311,Amoni (aigua de mar)
after_2007,0004,0008,F010204,Cap de Salou - MITC101000280 - SAL01,347005,4545716,4488143,Fosfats (aigua de mar)
after_2007,0004,0008,F010204,Cap de Salou - MITC101000280 - SAL01,347005,4545716,4488975,Silicats (aigua de mar)
after_2007,0004,0008,F010204,Cap de Salou - MITC101000280 - SAL01,347005,4545716,4530519,pH
after_2007,0004,0008,F010204,Cap de Salou - MITC101000280 - SAL01,347005,4545716,4536073,Conductivitat
after_2007,0004,0008,F010204,Cap de Salou - MITC101000280 - SAL01,347005,4545716,4536606,pH (CTD)
after_2007,0004,0008,F010204,Cap de Salou - MITC101000280 - SAL01,347005,4545716,4592254,% Saturació d'oxigen (CTD)
after_2007,0004,0008,F010204,Cap de Salou - MITC101000280 - SAL01,347005,4545716,4592336,Oxigen dissolt (CTD)
after_2007,0004,0008,F010205,Salou - Cambrils - MITC101000290,342540,4547751,3111038,Temperatura aigua (mostra)
after_2007,0004,0008,F010205,Salou - Cambrils - MITC101000290,342540,4547751,3111043,Transparència (disc de Secchi)
after_2007,0004,0008,F010205,Salou - Cambrils - MITC101000290,342540,4547751,3111047,Salinitat (mostra)
after_2007,0004,0008,F010205,Salou - Cambrils - MITC101000290,342540,4547751,3119088,Amoni
after_2007,0004,0008,F010205,Salou - Cambrils - MITC101000290,342540,4547751,3119090,Fosfats
after_2007,0004,0008,F010205,Salou - Cambrils - MITC101000290,342540,4547751,3119091,Nitrats
after_2007,0004,0008,F010205,Salou - Cambrils - MITC101000290,342540,4547751,3119092,Nitrits
after_2007,0004,0008,F010205,Salou - Cambrils - MITC101000290,342540,4547751,3119093,Silicats
after_2007,0004,0008,F010205,Salou - Cambrils - MITC101000290,342540,4547751,4485648,Nitrats (aigua de mar)
after_2007,0004,0008,F010205,Salou - Cambrils - MITC101000290,342540,4547751,4486480,Nitrits (aigua de mar)
after_2007,0004,0008,F010205,Salou - Cambrils - MITC101000290,342540,4547751,4487312,Amoni (aigua de mar)
after_2007,0004,0008,F010205,Salou - Cambrils - MITC101000290,342540,4547751,4488144,Fosfats (aigua de mar)
after_2007,0004,0008,F010205,Salou - Cambrils - MITC101000290,342540,4547751,4488976,Silicats (aigua de mar)
after_2007,0004,0008,F010205,Salou - Cambrils - MITC101000290,342540,4547751,4500894,pH (camp)
after_2007,0004,0008,F010205,Salou - Cambrils - MITC101000290,342540,4547751,4530531,pH
after_2007,0004,0008,F010205,Salou - Cambrils - MITC101000290,342540,4547751,4536087,Conductivitat
after_2007,0004,0008,F010205,Salou - Cambrils - MITC101000290,342540,4547751,4536620,pH (CTD)
after_2007,0004,0008,F010205,Salou - Cambrils - MITC101000290,342540,4547751,4592255,% Saturació d'oxigen (CTD)
after_2007,0004,0008,F010205,Salou - Cambrils - MITC101000290,342540,4547751,4592337,Oxigen dissolt (CTD)
after_2007,0004,0008,F010206,Salou - Cambrils - 86 (43 905 F03),342060,4548683,3112644,Temperatura aigua (mostra)
after_2007,0004,0008,F010206,Salou - Cambrils - 86 (43 905 F03),342060,4548683,3112653,Salinitat (mostra)
after_2007,0004,0008,F010206,Salou - Cambrils - 86 (43 905 F03),342060,4548683,3118858,Amoni
after_2007,0004,0008,F010206,Salou - Cambrils - 86 (43 905 F03),342060,4548683,3118861,Fosfats
after_2007,0004,0008,F010206,Salou - Cambrils - 86 (43 905 F03),342060,4548683,3118862,Nitrats
after_2007,0004,0008,F010206,Salou - Cambrils - 86 (43 905 F03),342060,4548683,3118863,Nitrits
after_2007,0004,0008,F010206,Salou - Cambrils - 86 (43 905 F03),342060,4548683,3118864,Silicats
after_2007,0004,0008,F010206,Salou - Cambrils - 86 (43 905 F03),342060,4548683,4485649,Nitrats (aigua de mar)
after_2007,0004,0008,F010206,Salou - Cambrils - 86 (43 905 F03),342060,4548683,4486481,Nitrits (aigua de mar)
after_2007,0004,0008,F010206,Salou - Cambrils - 86 (43 905 F03),342060,4548683,4487313,Amoni (aigua de mar)
after_2007,0004,0008,F010206,Salou - Cambrils - 86 (43 905 F03),342060,4548683,4488145,Fosfats (aigua de mar)
after_2007,0004,0008,F010206,Salou - Cambrils - 86 (43 905 F03),342060,4548683,4488977,Silicats (aigua de mar)
after_2007,0004,0008,F010206,Salou - Cambrils - 86 (43 905 F03),342060,4548683,4536083,Conductivitat
after_2007,0004,0008,F010207,Delta Sud - MITC091000340,309150,4498256,3111330,Temperatura aigua (mostra)
after_2007,0004,0008,F010207,Delta Sud - MITC091000340,309150,4498256,3111335,Transparència (disc de Secchi)
after_2007,0004,0008,F010207,Delta Sud - MITC091000340,309150,4498256,3111339,Salinitat (mostra)
after_2007,0004,0008,F010207,Delta Sud - MITC091000340,309150,4498256,3119124,Amoni
after_2007,0004,0008,F010207,Delta Sud - MITC091000340,309150,4498256,3119126,Fosfats
after_2007,0004,0008,F010207,Delta Sud - MITC091000340,309150,4498256,3119127,Nitrats
after_2007,0004,0008,F010207,Delta Sud - MITC091000340,309150,4498256,3119128,Nitrits
after_2007,0004,0008,F010207,Delta Sud - MITC091000340,309150,4498256,3119129,Silicats
after_2007,0004,0008,F010207,Delta Sud - MITC091000340,309150,4498256,4485650,Nitrats (aigua de mar)
after_2007,0004,0008,F010207,Delta Sud - MITC091000340,309150,4498256,4486482,Nitrits (aigua de mar)
after_2007,0004,0008,F010207,Delta Sud - MITC091000340,309150,4498256,4487314,Amoni (aigua de mar)
after_2007,0004,0008,F010207,Delta Sud - MITC091000340,309150,4498256,4488146,Fosfats (aigua de mar)
after_2007,0004,0008,F010207,Delta Sud - MITC091000340,309150,4498256,4488978,Silicats (aigua de mar)
after_2007,0004,0008,F010207,Delta Sud - MITC091000340,309150,4498256,4530586,pH
after_2007,0004,0008,F010207,Delta Sud - MITC091000340,309150,4498256,4536153,Conductivitat
after_2007,0004,0008,F010207,Delta Sud - MITC091000340,309150,4498256,4536686,pH (CTD)
after_2007,0004,0008,F010207,Delta Sud - MITC091000340,309150,4498256,4592240,% Saturació d'oxigen (CTD)
after_2007,0004,0008,F010207,Delta Sud - MITC091000340,309150,4498256,4592322,Oxigen dissolt (CTD)
after_2007,0004,0008,F010208,Els Alfacs - MITB091000030 - BAL04 CM - BAL04,301730,4498381,3111403,Temperatura aigua (mostra)
after_2007,0004,0008,F010208,Els Alfacs - MITB091000030 - BAL04 CM - BAL04,301730,4498381,3111408,Transparència (disc de Secchi)
after_2007,0004,0008,F010208,Els Alfacs - MITB091000030 - BAL04 CM - BAL04,301730,4498381,3111412,Salinitat (mostra)
after_2007,0004,0008,F010208,Els Alfacs - MITB091000030 - BAL04 CM - BAL04,301730,4498381,3119136,Amoni
after_2007,0004,0008,F010208,Els Alfacs - MITB091000030 - BAL04 CM - BAL04,301730,4498381,3119138,Fosfats
after_2007,0004,0008,F010208,Els Alfacs - MITB091000030 - BAL04 CM - BAL04,301730,4498381,3119139,Nitrats
after_2007,0004,0008,F010208,Els Alfacs - MITB091000030 - BAL04 CM - BAL04,301730,4498381,3119140,Nitrits
after_2007,0004,0008,F010208,Els Alfacs - MITB091000030 - BAL04 CM - BAL04,301730,4498381,3119141,Silicats
after_2007,0004,0008,F010208,Els Alfacs - MITB091000030 - BAL04 CM - BAL04,301730,4498381,4485651,Nitrats (aigua de mar)
after_2007,0004,0008,F010208,Els Alfacs - MITB091000030 - BAL04 CM - BAL04,301730,4498381,4486483,Nitrits (aigua de mar)
after_2007,0004,0008,F010208,Els Alfacs - MITB091000030 - BAL04 CM - BAL04,301730,4498381,4487315,Amoni (aigua de mar)
after_2007,0004,0008,F010208,Els Alfacs - MITB091000030 - BAL04 CM - BAL04,301730,4498381,4488147,Fosfats (aigua de mar)
after_2007,0004,0008,F010208,Els Alfacs - MITB091000030 - BAL04 CM - BAL04,301730,4498381,4488979,Silicats (aigua de mar)
after_2007,0004,0008,F010208,Els Alfacs - MITB091000030 - BAL04 CM - BAL04,301730,4498381,4530621,pH
after_2007,0004,0008,F010208,Els Alfacs - MITB091000030 - BAL04 CM - BAL04,301730,4498381,4536202,Conductivitat
after_2007,0004,0008,F010208,Els Alfacs - MITB091000030 - BAL04 CM - BAL04,301730,4498381,4536735,pH (CTD)
after_2007,0004,0008,F010208,Els Alfacs - MITB091000030 - BAL04 CM - BAL04,301730,4498381,4592238,% Saturació d'oxigen (CTD)
after_2007,0004,0008,F010208,Els Alfacs - MITB091000030 - BAL04 CM - BAL04,301730,4498381,4592320,Oxigen dissolt (CTD)
after_2007,0004,0008,F010209,Sant Pere Pescador - Fluvià - MITC101000080,510302,4668405,3111476,Temperatura aigua (mostra)
after_2007,0004,0008,F010209,Sant Pere Pescador - Fluvià - MITC101000080,510302,4668405,3111481,Transparència (disc de Secchi)
after_2007,0004,0008,F010209,Sant Pere Pescador - Fluvià - MITC101000080,510302,4668405,3111485,Salinitat (mostra)
after_2007,0004,0008,F010209,Sant Pere Pescador - Fluvià - MITC101000080,510302,4668405,3119220,Amoni
after_2007,0004,0008,F010209,Sant Pere Pescador - Fluvià - MITC101000080,510302,4668405,3119222,Fosfats
after_2007,0004,0008,F010209,Sant Pere Pescador - Fluvià - MITC101000080,510302,4668405,3119223,Nitrats
after_2007,0004,0008,F010209,Sant Pere Pescador - Fluvià - MITC101000080,510302,4668405,3119224,Nitrits
after_2007,0004,0008,F010209,Sant Pere Pescador - Fluvià - MITC101000080,510302,4668405,3119225,Silicats
after_2007,0004,0008,F010209,Sant Pere Pescador - Fluvià - MITC101000080,510302,4668405,4485652,Nitrats (aigua de mar)
after_2007,0004,0008,F010209,Sant Pere Pescador - Fluvià - MITC101000080,510302,4668405,4486484,Nitrits (aigua de mar)
after_2007,0004,0008,F010209,Sant Pere Pescador - Fluvià - MITC101000080,510302,4668405,4487316,Amoni (aigua de mar)
after_2007,0004,0008,F010209,Sant Pere Pescador - Fluvià - MITC101000080,510302,4668405,4488148,Fosfats (aigua de mar)
after_2007,0004,0008,F010209,Sant Pere Pescador - Fluvià - MITC101000080,510302,4668405,4488980,Silicats (aigua de mar)
after_2007,0004,0008,F010209,Sant Pere Pescador - Fluvià - MITC101000080,510302,4668405,4530284,pH
after_2007,0004,0008,F010209,Sant Pere Pescador - Fluvià - MITC101000080,510302,4668405,4535790,Conductivitat
after_2007,0004,0008,F010209,Sant Pere Pescador - Fluvià - MITC101000080,510302,4668405,4536323,pH (CTD)
after_2007,0004,0008,F010209,Sant Pere Pescador - Fluvià - MITC101000080,510302,4668405,4592260,% Saturació d'oxigen (CTD)
after_2007,0004,0008,F010209,Sant Pere Pescador - Fluvià - MITC101000080,510302,4668405,4592342,Oxigen dissolt (CTD)
after_2007,0004,0008,F010210,Tarragona Nord - MITC101000260,358606,4553481,3111914,Temperatura aigua (mostra)
after_2007,0004,0008,F010210,Tarragona Nord - MITC101000260,358606,4553481,3111919,Transparència (disc de Secchi)
after_2007,0004,0008,F010210,Tarragona Nord - MITC101000260,358606,4553481,3111923,Salinitat (mostra)
after_2007,0004,0008,F010210,Tarragona Nord - MITC101000260,358606,4553481,3119142,Amoni
after_2007,0004,0008,F010210,Tarragona Nord - MITC101000260,358606,4553481,3119144,Fosfats
after_2007,0004,0008,F010210,Tarragona Nord - MITC101000260,358606,4553481,3119145,Nitrats
after_2007,0004,0008,F010210,Tarragona Nord - MITC101000260,358606,4553481,3119146,Nitrits
after_2007,0004,0008,F010210,Tarragona Nord - MITC101000260,358606,4553481,3119147,Silicats
after_2007,0004,0008,F010210,Tarragona Nord - MITC101000260,358606,4553481,4485653,Nitrats (aigua de mar)
after_2007,0004,0008,F010210,Tarragona Nord - MITC101000260,358606,4553481,4486485,Nitrits (aigua de mar)
after_2007,0004,0008,F010210,Tarragona Nord - MITC101000260,358606,4553481,4487317,Amoni (aigua de mar)
after_2007,0004,0008,F010210,Tarragona Nord - MITC101000260,358606,4553481,4488149,Fosfats (aigua de mar)
after_2007,0004,0008,F010210,Tarragona Nord - MITC101000260,358606,4553481,4488981,Silicats (aigua de mar)
after_2007,0004,0008,F010210,Tarragona Nord - MITC101000260,358606,4553481,4530501,pH
after_2007,0004,0008,F010210,Tarragona Nord - MITC101000260,358606,4553481,4536051,Conductivitat
after_2007,0004,0008,F010210,Tarragona Nord - MITC101000260,358606,4553481,4536584,pH (CTD)
after_2007,0004,0008,F010210,Tarragona Nord - MITC101000260,358606,4553481,4592263,% Saturació d'oxigen (CTD)
after_2007,0004,0008,F010210,Tarragona Nord - MITC101000260,358606,4553481,4592345,Oxigen dissolt (CTD)
after_2007,0004,0008,F010211,Montgrí  - MITC101000100,518587,4657500,3111987,Temperatura aigua (mostra)
after_2007,0004,0008,F010211,Montgrí  - MITC101000100,518587,4657500,3111992,Transparència (disc de Secchi)
after_2007,0004,0008,F010211,Montgrí  - MITC101000100,518587,4657500,3111996,Salinitat (mostra)
after_2007,0004,0008,F010211,Montgrí  - MITC101000100,518587,4657500,3119232,Amoni
after_2007,0004,0008,F010211,Montgrí  - MITC101000100,518587,4657500,3119234,Fosfats
after_2007,0004,0008,F010211,Montgrí  - MITC101000100,518587,4657500,3119235,Nitrats
after_2007,0004,0008,F010211,Montgrí  - MITC101000100,518587,4657500,3119236,Nitrits
after_2007,0004,0008,F010211,Montgrí  - MITC101000100,518587,4657500,3119237,Silicats
after_2007,0004,0008,F010211,Montgrí  - MITC101000100,518587,4657500,4485654,Nitrats (aigua de mar)
after_2007,0004,0008,F010211,Montgrí  - MITC101000100,518587,4657500,4486486,Nitrits (aigua de mar)
after_2007,0004,0008,F010211,Montgrí  - MITC101000100,518587,4657500,4487318,Amoni (aigua de mar)
after_2007,0004,0008,F010211,Montgrí  - MITC101000100,518587,4657500,4488150,Fosfats (aigua de mar)
after_2007,0004,0008,F010211,Montgrí  - MITC101000100,518587,4657500,4488982,Silicats (aigua de mar)
after_2007,0004,0008,F010211,Montgrí  - MITC101000100,518587,4657500,4530303,pH
after_2007,0004,0008,F010211,Montgrí  - MITC101000100,518587,4657500,4535812,Conductivitat
after_2007,0004,0008,F010211,Montgrí  - MITC101000100,518587,4657500,4536345,pH (CTD)
after_2007,0004,0008,F010211,Montgrí  - MITC101000100,518587,4657500,4592264,% Saturació d'oxigen (CTD)
after_2007,0004,0008,F010211,Montgrí  - MITC101000100,518587,4657500,4592346,Oxigen dissolt (CTD)
after_2007,0004,0008,F010212,Torroella de Montgrí - el Ter - MITC101000110,517107,4653235,3112060,Temperatura aigua (mostra)
after_2007,0004,0008,F010212,Torroella de Montgrí - el Ter - MITC101000110,517107,4653235,3112065,Transparència (disc de Secchi)
after_2007,0004,0008,F010212,Torroella de Montgrí - el Ter - MITC101000110,517107,4653235,3112069,Salinitat (mostra)
after_2007,0004,0008,F010212,Torroella de Montgrí - el Ter - MITC101000110,517107,4653235,3119238,Amoni
after_2007,0004,0008,F010212,Torroella de Montgrí - el Ter - MITC101000110,517107,4653235,3119240,Fosfats
after_2007,0004,0008,F010212,Torroella de Montgrí - el Ter - MITC101000110,517107,4653235,3119241,Nitrats
after_2007,0004,0008,F010212,Torroella de Montgrí - el Ter - MITC101000110,517107,4653235,3119242,Nitrits
after_2007,0004,0008,F010212,Torroella de Montgrí - el Ter - MITC101000110,517107,4653235,3119243,Silicats
after_2007,0004,0008,F010212,Torroella de Montgrí - el Ter - MITC101000110,517107,4653235,4485817,Nitrats (aigua de mar)
after_2007,0004,0008,F010212,Torroella de Montgrí - el Ter - MITC101000110,517107,4653235,4486649,Nitrits (aigua de mar)
after_2007,0004,0008,F010212,Torroella de Montgrí - el Ter - MITC101000110,517107,4653235,4487481,Amoni (aigua de mar)
after_2007,0004,0008,F010212,Torroella de Montgrí - el Ter - MITC101000110,517107,4653235,4488313,Fosfats (aigua de mar)
after_2007,0004,0008,F010212,Torroella de Montgrí - el Ter - MITC101000110,517107,4653235,4489145,Silicats (aigua de mar)
after_2007,0004,0008,F010212,Torroella de Montgrí - el Ter - MITC101000110,517107,4653235,4530318,pH
after_2007,0004,0008,F010212,Torroella de Montgrí - el Ter - MITC101000110,517107,4653235,4535831,Conductivitat
after_2007,0004,0008,F010212,Torroella de Montgrí - el Ter - MITC101000110,517107,4653235,4536364,pH (CTD)
after_2007,0004,0008,F010212,Torroella de Montgrí - el Ter - MITC101000110,517107,4653235,4592265,% Saturació d'oxigen (CTD)
after_2007,0004,0008,F010212,Torroella de Montgrí - el Ter - MITC101000110,517107,4653235,4592347,Oxigen dissolt (CTD)
after_2007,0004,0008,F010213,Vandellós i l'Hospitalet de l'Infant - MITC101000310,324095,4537576,3112133,Temperatura aigua (mostra)
after_2007,0004,0008,F010213,Vandellós i l'Hospitalet de l'Infant - MITC101000310,324095,4537576,3112138,Transparència (disc de Secchi)
after_2007,0004,0008,F010213,Vandellós i l'Hospitalet de l'Infant - MITC101000310,324095,4537576,3112142,Salinitat (mostra)
after_2007,0004,0008,F010213,Vandellós i l'Hospitalet de l'Infant - MITC101000310,324095,4537576,3119100,Amoni
after_2007,0004,0008,F010213,Vandellós i l'Hospitalet de l'Infant - MITC101000310,324095,4537576,3119102,Fosfats
after_2007,0004,0008,F010213,Vandellós i l'Hospitalet de l'Infant - MITC101000310,324095,4537576,3119103,Nitrats
after_2007,0004,0008,F010213,Vandellós i l'Hospitalet de l'Infant - MITC101000310,324095,4537576,3119104,Nitrits
after_2007,0004,0008,F010213,Vandellós i l'Hospitalet de l'Infant - MITC101000310,324095,4537576,3119105,Silicats
after_2007,0004,0008,F010213,Vandellós i l'Hospitalet de l'Infant - MITC101000310,324095,4537576,4485818,Nitrats (aigua de mar)
after_2007,0004,0008,F010213,Vandellós i l'Hospitalet de l'Infant - MITC101000310,324095,4537576,4486650,Nitrits (aigua de mar)
after_2007,0004,0008,F010213,Vandellós i l'Hospitalet de l'Infant - MITC101000310,324095,4537576,4487482,Amoni (aigua de mar)
after_2007,0004,0008,F010213,Vandellós i l'Hospitalet de l'Infant - MITC101000310,324095,4537576,4488314,Fosfats (aigua de mar)
after_2007,0004,0008,F010213,Vandellós i l'Hospitalet de l'Infant - MITC101000310,324095,4537576,4489146,Silicats (aigua de mar)
after_2007,0004,0008,F010213,Vandellós i l'Hospitalet de l'Infant - MITC101000310,324095,4537576,4530549,pH
after_2007,0004,0008,F010213,Vandellós i l'Hospitalet de l'Infant - MITC101000310,324095,4537576,4536109,Conductivitat
after_2007,0004,0008,F010213,Vandellós i l'Hospitalet de l'Infant - MITC101000310,324095,4537576,4536642,pH (CTD)
after_2007,0004,0008,F010213,Vandellós i l'Hospitalet de l'Infant - MITC101000310,324095,4537576,4592266,% Saturació d'oxigen (CTD)
after_2007,0004,0008,F010213,Vandellós i l'Hospitalet de l'Infant - MITC101000310,324095,4537576,4592348,Oxigen dissolt (CTD)
after_2007,0004,0008,F010214,Vandellós i l'Hospitalet de l'Infant - 88 (43 162 D01),319680,4534215,3112717,Temperatura aigua (mostra)
after_2007,0004,0008,F010214,Vandellós i l'Hospitalet de l'Infant - 88 (43 162 D01),319680,4534215,3112726,Salinitat (mostra)
after_2007,0004,0008,F010214,Vandellós i l'Hospitalet de l'Infant - 88 (43 162 D01),319680,4534215,3118879,Amoni
after_2007,0004,0008,F010214,Vandellós i l'Hospitalet de l'Infant - 88 (43 162 D01),319680,4534215,3118882,Fosfats
after_2007,0004,0008,F010214,Vandellós i l'Hospitalet de l'Infant - 88 (43 162 D01),319680,4534215,3118883,Nitrats
after_2007,0004,0008,F010214,Vandellós i l'Hospitalet de l'Infant - 88 (43 162 D01),319680,4534215,3118884,Nitrits
after_2007,0004,0008,F010214,Vandellós i l'Hospitalet de l'Infant - 88 (43 162 D01),319680,4534215,3118885,Silicats
after_2007,0004,0008,F010214,Vandellós i l'Hospitalet de l'Infant - 88 (43 162 D01),319680,4534215,4485819,Nitrats (aigua de mar)
after_2007,0004,0008,F010214,Vandellós i l'Hospitalet de l'Infant - 88 (43 162 D01),319680,4534215,4486651,Nitrits (aigua de mar)
after_2007,0004,0008,F010214,Vandellós i l'Hospitalet de l'Infant - 88 (43 162 D01),319680,4534215,4487483,Amoni (aigua de mar)
after_2007,0004,0008,F010214,Vandellós i l'Hospitalet de l'Infant - 88 (43 162 D01),319680,4534215,4488315,Fosfats (aigua de mar)
after_2007,0004,0008,F010214,Vandellós i l'Hospitalet de l'Infant - 88 (43 162 D01),319680,4534215,4489147,Silicats (aigua de mar)
after_2007,0004,0008,F010214,Vandellós i l'Hospitalet de l'Infant - 88 (43 162 D01),319680,4534215,4536106,Conductivitat
after_2007,0004,0008,F010215,Mataró - Montgat - 85 (08 219 C01),448656,4594213,3112206,Temperatura aigua (mostra)
after_2007,0004,0008,F010215,Mataró - Montgat - 85 (08 219 C01),448656,4594213,3112215,Salinitat (mostra)
after_2007,0004,0008,F010215,Mataró - Montgat - 85 (08 219 C01),448656,4594213,3118872,Amoni
after_2007,0004,0008,F010215,Mataró - Montgat - 85 (08 219 C01),448656,4594213,3118875,Fosfats
after_2007,0004,0008,F010215,Mataró - Montgat - 85 (08 219 C01),448656,4594213,3118876,Nitrats
after_2007,0004,0008,F010215,Mataró - Montgat - 85 (08 219 C01),448656,4594213,3118877,Nitrits
after_2007,0004,0008,F010215,Mataró - Montgat - 85 (08 219 C01),448656,4594213,3118878,Silicats
after_2007,0004,0008,F010215,Mataró - Montgat - 85 (08 219 C01),448656,4594213,4485820,Nitrats (aigua de mar)
after_2007,0004,0008,F010215,Mataró - Montgat - 85 (08 219 C01),448656,4594213,4486652,Nitrits (aigua de mar)
after_2007,0004,0008,F010215,Mataró - Montgat - 85 (08 219 C01),448656,4594213,4487484,Amoni (aigua de mar)
after_2007,0004,0008,F010215,Mataró - Montgat - 85 (08 219 C01),448656,4594213,4488316,Fosfats (aigua de mar)
after_2007,0004,0008,F010215,Mataró - Montgat - 85 (08 219 C01),448656,4594213,4489148,Silicats (aigua de mar)
after_2007,0004,0008,F010215,Mataró - Montgat - 85 (08 219 C01),448656,4594213,4535914,Conductivitat
after_2007,0004,0008,F010216,Vilanova i la Geltrú - MITC101000240,394606,4562366,3112790,Temperatura aigua (mostra)
after_2007,0004,0008,F010216,Vilanova i la Geltrú - MITC101000240,394606,4562366,3112795,Transparència (disc de Secchi)
after_2007,0004,0008,F010216,Vilanova i la Geltrú - MITC101000240,394606,4562366,3112799,Salinitat (mostra)
after_2007,0004,0008,F010216,Vilanova i la Geltrú - MITC101000240,394606,4562366,3119154,Amoni
after_2007,0004,0008,F010216,Vilanova i la Geltrú - MITC101000240,394606,4562366,3119156,Fosfats
after_2007,0004,0008,F010216,Vilanova i la Geltrú - MITC101000240,394606,4562366,3119157,Nitrats
after_2007,0004,0008,F010216,Vilanova i la Geltrú - MITC101000240,394606,4562366,3119158,Nitrits
after_2007,0004,0008,F010216,Vilanova i la Geltrú - MITC101000240,394606,4562366,3119159,Silicats
after_2007,0004,0008,F010216,Vilanova i la Geltrú - MITC101000240,394606,4562366,4485821,Nitrats (aigua de mar)
after_2007,0004,0008,F010216,Vilanova i la Geltrú - MITC101000240,394606,4562366,4486653,Nitrits (aigua de mar)
after_2007,0004,0008,F010216,Vilanova i la Geltrú - MITC101000240,394606,4562366,4487485,Amoni (aigua de mar)
after_2007,0004,0008,F010216,Vilanova i la Geltrú - MITC101000240,394606,4562366,4488317,Fosfats (aigua de mar)
after_2007,0004,0008,F010216,Vilanova i la Geltrú - MITC101000240,394606,4562366,4489149,Silicats (aigua de mar)
after_2007,0004,0008,F010216,Vilanova i la Geltrú - MITC101000240,394606,4562366,4500512,pH (camp)
after_2007,0004,0008,F010216,Vilanova i la Geltrú - MITC101000240,394606,4562366,4530473,pH
after_2007,0004,0008,F010216,Vilanova i la Geltrú - MITC101000240,394606,4562366,4536020,Conductivitat
after_2007,0004,0008,F010216,Vilanova i la Geltrú - MITC101000240,394606,4562366,4536553,pH (CTD)
after_2007,0004,0008,F010216,Vilanova i la Geltrú - MITC101000240,394606,4562366,4592267,% Saturació d'oxigen (CTD)
after_2007,0004,0008,F010216,Vilanova i la Geltrú - MITC101000240,394606,4562366,4592349,Oxigen dissolt (CTD)
after_2007,0004,0008,F010217,Tarragona - Vila-seca - MITC101000270,348941,4549431,3112279,Temperatura aigua (mostra)
after_2007,0004,0008,F010217,Tarragona - Vila-seca - MITC101000270,348941,4549431,3112284,Transparència (disc de Secchi)
after_2007,0004,0008,F010217,Tarragona - Vila-seca - MITC101000270,348941,4549431,3112288,Salinitat (mostra)
after_2007,0004,0008,F010217,Tarragona - Vila-seca - MITC101000270,348941,4549431,3119076,Amoni
after_2007,0004,0008,F010217,Tarragona - Vila-seca - MITC101000270,348941,4549431,3119078,Fosfats
after_2007,0004,0008,F010217,Tarragona - Vila-seca - MITC101000270,348941,4549431,3119079,Nitrats
after_2007,0004,0008,F010217,Tarragona - Vila-seca - MITC101000270,348941,4549431,3119080,Nitrits
after_2007,0004,0008,F010217,Tarragona - Vila-seca - MITC101000270,348941,4549431,3119081,Silicats
after_2007,0004,0008,F010217,Tarragona - Vila-seca - MITC101000270,348941,4549431,4485822,Nitrats (aigua de mar)
after_2007,0004,0008,F010217,Tarragona - Vila-seca - MITC101000270,348941,4549431,4486654,Nitrits (aigua de mar)
after_2007,0004,0008,F010217,Tarragona - Vila-seca - MITC101000270,348941,4549431,4487486,Amoni (aigua de mar)
after_2007,0004,0008,F010217,Tarragona - Vila-seca - MITC101000270,348941,4549431,4488318,Fosfats (aigua de mar)
after_2007,0004,0008,F010217,Tarragona - Vila-seca - MITC101000270,348941,4549431,4489150,Silicats (aigua de mar)
after_2007,0004,0008,F010217,Tarragona - Vila-seca - MITC101000270,348941,4549431,4530512,pH
after_2007,0004,0008,F010217,Tarragona - Vila-seca - MITC101000270,348941,4549431,4536064,Conductivitat
after_2007,0004,0008,F010217,Tarragona - Vila-seca - MITC101000270,348941,4549431,4536597,pH (CTD)
after_2007,0004,0008,F010217,Tarragona - Vila-seca - MITC101000270,348941,4549431,4592269,% Saturació d'oxigen (CTD)
after_2007,0004,0008,F010217,Tarragona - Vila-seca - MITC101000270,348941,4549431,4592351,Oxigen dissolt (CTD)
after_2007,0004,0008,F010220,Pineda de Mar - Mataró - MITC101000160,462356,4601675,3108556,Temperatura aigua (mostra)
after_2007,0004,0008,F010220,Pineda de Mar - Mataró - MITC101000160,462356,4601675,3108561,Transparència (disc de Secchi)
after_2007,0004,0008,F010220,Pineda de Mar - Mataró - MITC101000160,462356,4601675,3108565,Salinitat (mostra)
after_2007,0004,0008,F010220,Pineda de Mar - Mataró - MITC101000160,462356,4601675,3119262,Amoni
after_2007,0004,0008,F010220,Pineda de Mar - Mataró - MITC101000160,462356,4601675,3119264,Fosfats
after_2007,0004,0008,F010220,Pineda de Mar - Mataró - MITC101000160,462356,4601675,3119265,Nitrats
after_2007,0004,0008,F010220,Pineda de Mar - Mataró - MITC101000160,462356,4601675,3119266,Nitrits
after_2007,0004,0008,F010220,Pineda de Mar - Mataró - MITC101000160,462356,4601675,3119267,Silicats
after_2007,0004,0008,F010220,Pineda de Mar - Mataró - MITC101000160,462356,4601675,4485825,Nitrats (aigua de mar)
after_2007,0004,0008,F010220,Pineda de Mar - Mataró - MITC101000160,462356,4601675,4486657,Nitrits (aigua de mar)
after_2007,0004,0008,F010220,Pineda de Mar - Mataró - MITC101000160,462356,4601675,4487489,Amoni (aigua de mar)
after_2007,0004,0008,F010220,Pineda de Mar - Mataró - MITC101000160,462356,4601675,4488321,Fosfats (aigua de mar)
after_2007,0004,0008,F010220,Pineda de Mar - Mataró - MITC101000160,462356,4601675,4489153,Silicats (aigua de mar)
after_2007,0004,0008,F010220,Pineda de Mar - Mataró - MITC101000160,462356,4601675,4530380,pH
after_2007,0004,0008,F010220,Pineda de Mar - Mataró - MITC101000160,462356,4601675,4535904,Conductivitat
after_2007,0004,0008,F010220,Pineda de Mar - Mataró - MITC101000160,462356,4601675,4536437,pH (CTD)
after_2007,0004,0008,F010220,Pineda de Mar - Mataró - MITC101000160,462356,4601675,4592212,% Saturació d'oxigen (CTD)
after_2007,0004,0008,F010220,Pineda de Mar - Mataró - MITC101000160,462356,4601675,4592294,Oxigen dissolt (CTD)
after_2007,0004,0008,F010224,Cap de Creus - MITC101000030,526031,4686022,3108921,Temperatura aigua (mostra)
after_2007,0004,0008,F010224,Cap de Creus - MITC101000030,526031,4686022,3108926,Transparència (disc de Secchi)
after_2007,0004,0008,F010224,Cap de Creus - MITC101000030,526031,4686022,3108930,Salinitat (mostra)
after_2007,0004,0008,F010224,Cap de Creus - MITC101000030,526031,4686022,3118741,Amoni
after_2007,0004,0008,F010224,Cap de Creus - MITC101000030,526031,4686022,3118743,Fosfats
after_2007,0004,0008,F010224,Cap de Creus - MITC101000030,526031,4686022,3118744,Nitrats
after_2007,0004,0008,F010224,Cap de Creus - MITC101000030,526031,4686022,3118745,Nitrits
after_2007,0004,0008,F010224,Cap de Creus - MITC101000030,526031,4686022,3118746,Silicats
after_2007,0004,0008,F010224,Cap de Creus - MITC101000030,526031,4686022,4485829,Nitrats (aigua de mar)
after_2007,0004,0008,F010224,Cap de Creus - MITC101000030,526031,4686022,4486661,Nitrits (aigua de mar)
after_2007,0004,0008,F010224,Cap de Creus - MITC101000030,526031,4686022,4487493,Amoni (aigua de mar)
after_2007,0004,0008,F010224,Cap de Creus - MITC101000030,526031,4686022,4488325,Fosfats (aigua de mar)
after_2007,0004,0008,F010224,Cap de Creus - MITC101000030,526031,4686022,4489157,Silicats (aigua de mar)
after_2007,0004,0008,F010224,Cap de Creus - MITC101000030,526031,4686022,4530215,pH
after_2007,0004,0008,F010224,Cap de Creus - MITC101000030,526031,4686022,4535715,Conductivitat
after_2007,0004,0008,F010224,Cap de Creus - MITC101000030,526031,4686022,4536248,pH (CTD)
after_2007,0004,0008,F010224,Cap de Creus - MITC101000030,526031,4686022,4592220,% Saturació d'oxigen (CTD)
after_2007,0004,0008,F010224,Cap de Creus - MITC101000030,526031,4686022,4592302,Oxigen dissolt (CTD)
after_2007,0004,0008,F010225,Portbou - Llançà - MITC101000010 - GAR01,514377,4693680,3109286,Temperatura aigua (mostra)
after_2007,0004,0008,F010225,Portbou - Llançà - MITC101000010 - GAR01,514377,4693680,3109291,Transparència (disc de Secchi)
after_2007,0004,0008,F010225,Portbou - Llançà - MITC101000010 - GAR01,514377,4693680,3109295,Salinitat (mostra)
after_2007,0004,0008,F010225,Portbou - Llançà - MITC101000010 - GAR01,514377,4693680,3119184,Amoni
after_2007,0004,0008,F010225,Portbou - Llançà - MITC101000010 - GAR01,514377,4693680,3119186,Fosfats
after_2007,0004,0008,F010225,Portbou - Llançà - MITC101000010 - GAR01,514377,4693680,3119187,Nitrats
after_2007,0004,0008,F010225,Portbou - Llançà - MITC101000010 - GAR01,514377,4693680,3119188,Nitrits
after_2007,0004,0008,F010225,Portbou - Llançà - MITC101000010 - GAR01,514377,4693680,3119189,Silicats
after_2007,0004,0008,F010225,Portbou - Llançà - MITC101000010 - GAR01,514377,4693680,4485830,Nitrats (aigua de mar)
after_2007,0004,0008,F010225,Portbou - Llançà - MITC101000010 - GAR01,514377,4693680,4486662,Nitrits (aigua de mar)
after_2007,0004,0008,F010225,Portbou - Llançà - MITC101000010 - GAR01,514377,4693680,4487494,Amoni (aigua de mar)
after_2007,0004,0008,F010225,Portbou - Llançà - MITC101000010 - GAR01,514377,4693680,4488326,Fosfats (aigua de mar)
after_2007,0004,0008,F010225,Portbou - Llançà - MITC101000010 - GAR01,514377,4693680,4489158,Silicats (aigua de mar)
after_2007,0004,0008,F010225,Portbou - Llançà - MITC101000010 - GAR01,514377,4693680,4530194,pH
after_2007,0004,0008,F010225,Portbou - Llançà - MITC101000010 - GAR01,514377,4693680,4535692,Conductivitat
after_2007,0004,0008,F010225,Portbou - Llançà - MITC101000010 - GAR01,514377,4693680,4536225,pH (CTD)
after_2007,0004,0008,F010225,Portbou - Llançà - MITC101000010 - GAR01,514377,4693680,4592223,% Saturació d'oxigen (CTD)
after_2007,0004,0008,F010225,Portbou - Llançà - MITC101000010 - GAR01,514377,4693680,4592305,Oxigen dissolt (CTD)
after_2007,0004,0008,F010228,Llobregat - MITC101000210,428276,4571181,3109724,Temperatura aigua (mostra)
after_2007,0004,0008,F010228,Llobregat - MITC101000210,428276,4571181,3109729,Transparència (disc de Secchi)
after_2007,0004,0008,F010228,Llobregat - MITC101000210,428276,4571181,3109733,Salinitat (mostra)
after_2007,0004,0008,F010228,Llobregat - MITC101000210,428276,4571181,3119172,Amoni
after_2007,0004,0008,F010228,Llobregat - MITC101000210,428276,4571181,3119174,Fosfats
after_2007,0004,0008,F010228,Llobregat - MITC101000210,428276,4571181,3119175,Nitrats
after_2007,0004,0008,F010228,Llobregat - MITC101000210,428276,4571181,3119176,Nitrits
after_2007,0004,0008,F010228,Llobregat - MITC101000210,428276,4571181,3119177,Silicats
after_2007,0004,0008,F010228,Llobregat - MITC101000210,428276,4571181,4485833,Nitrats (aigua de mar)
after_2007,0004,0008,F010228,Llobregat - MITC101000210,428276,4571181,4486665,Nitrits (aigua de mar)
after_2007,0004,0008,F010228,Llobregat - MITC101000210,428276,4571181,4487497,Amoni (aigua de mar)
after_2007,0004,0008,F010228,Llobregat - MITC101000210,428276,4571181,4488329,Fosfats (aigua de mar)
after_2007,0004,0008,F010228,Llobregat - MITC101000210,428276,4571181,4489161,Silicats (aigua de mar)
after_2007,0004,0008,F010228,Llobregat - MITC101000210,428276,4571181,4500517,pH (camp)
after_2007,0004,0008,F010228,Llobregat - MITC101000210,428276,4571181,4530439,pH
after_2007,0004,0008,F010228,Llobregat - MITC101000210,428276,4571181,4535977,Conductivitat
after_2007,0004,0008,F010228,Llobregat - MITC101000210,428276,4571181,4536510,pH (CTD)
after_2007,0004,0008,F010228,Llobregat - MITC101000210,428276,4571181,4592231,% Saturació d'oxigen (CTD)
after_2007,0004,0008,F010228,Llobregat - MITC101000210,428276,4571181,4592313,Oxigen dissolt (CTD)
after_2007,0004,0008,F010235,Sant Adrià de Besòs - Barceloneta - MITC101000190,436796,4585271,3111111,Temperatura aigua (mostra)
after_2007,0004,0008,F010235,Sant Adrià de Besòs - Barceloneta - MITC101000190,436796,4585271,3111116,Transparència (disc de Secchi)
after_2007,0004,0008,F010235,Sant Adrià de Besòs - Barceloneta - MITC101000190,436796,4585271,3111120,Salinitat (mostra)
after_2007,0004,0008,F010235,Sant Adrià de Besòs - Barceloneta - MITC101000190,436796,4585271,3119280,Amoni
after_2007,0004,0008,F010235,Sant Adrià de Besòs - Barceloneta - MITC101000190,436796,4585271,3119282,Fosfats
after_2007,0004,0008,F010235,Sant Adrià de Besòs - Barceloneta - MITC101000190,436796,4585271,3119283,Nitrats
after_2007,0004,0008,F010235,Sant Adrià de Besòs - Barceloneta - MITC101000190,436796,4585271,3119284,Nitrits
after_2007,0004,0008,F010235,Sant Adrià de Besòs - Barceloneta - MITC101000190,436796,4585271,3119285,Silicats
after_2007,0004,0008,F010235,Sant Adrià de Besòs - Barceloneta - MITC101000190,436796,4585271,4485840,Nitrats (aigua de mar)
after_2007,0004,0008,F010235,Sant Adrià de Besòs - Barceloneta - MITC101000190,436796,4585271,4486672,Nitrits (aigua de mar)
after_2007,0004,0008,F010235,Sant Adrià de Besòs - Barceloneta - MITC101000190,436796,4585271,4487504,Amoni (aigua de mar)
after_2007,0004,0008,F010235,Sant Adrià de Besòs - Barceloneta - MITC101000190,436796,4585271,4488336,Fosfats (aigua de mar)
after_2007,0004,0008,F010235,Sant Adrià de Besòs - Barceloneta - MITC101000190,436796,4585271,4489168,Silicats (aigua de mar)
after_2007,0004,0008,F010235,Sant Adrià de Besòs - Barceloneta - MITC101000190,436796,4585271,4500518,pH (camp)
after_2007,0004,0008,F010235,Sant Adrià de Besòs - Barceloneta - MITC101000190,436796,4585271,4530414,pH
after_2007,0004,0008,F010235,Sant Adrià de Besòs - Barceloneta - MITC101000190,436796,4585271,4535949,Conductivitat
after_2007,0004,0008,F010235,Sant Adrià de Besòs - Barceloneta - MITC101000190,436796,4585271,4536482,pH (CTD)
after_2007,0004,0008,F010235,Sant Adrià de Besòs - Barceloneta - MITC101000190,436796,4585271,4592259,% Saturació d'oxigen (CTD)
after_2007,0004,0008,F010235,Sant Adrià de Besòs - Barceloneta - MITC101000190,436796,4585271,4592341,Oxigen dissolt (CTD)
after_2007,0004,0008,F010240,Sitges - MITC101000230,404631,4564576,3111695,Temperatura aigua (mostra)
after_2007,0004,0008,F010240,Sitges - MITC101000230,404631,4564576,3111700,Transparència (disc de Secchi)
after_2007,0004,0008,F010240,Sitges - MITC101000230,404631,4564576,3111704,Salinitat (mostra)
after_2007,0004,0008,F010240,Sitges - MITC101000230,404631,4564576,3119160,Amoni
after_2007,0004,0008,F010240,Sitges - MITC101000230,404631,4564576,3119162,Fosfats
after_2007,0004,0008,F010240,Sitges - MITC101000230,404631,4564576,3119163,Nitrats
after_2007,0004,0008,F010240,Sitges - MITC101000230,404631,4564576,3119164,Nitrits
after_2007,0004,0008,F010240,Sitges - MITC101000230,404631,4564576,3119165,Silicats
after_2007,0004,0008,F010240,Sitges - MITC101000230,404631,4564576,4485845,Nitrats (aigua de mar)
after_2007,0004,0008,F010240,Sitges - MITC101000230,404631,4564576,4486677,Nitrits (aigua de mar)
after_2007,0004,0008,F010240,Sitges - MITC101000230,404631,4564576,4487509,Amoni (aigua de mar)
after_2007,0004,0008,F010240,Sitges - MITC101000230,404631,4564576,4488341,Fosfats (aigua de mar)
after_2007,0004,0008,F010240,Sitges - MITC101000230,404631,4564576,4489173,Silicats (aigua de mar)
after_2007,0004,0008,F010240,Sitges - MITC101000230,404631,4564576,4500519,pH (camp)
after_2007,0004,0008,F010240,Sitges - MITC101000230,404631,4564576,4530458,pH
after_2007,0004,0008,F010240,Sitges - MITC101000230,404631,4564576,4536004,Conductivitat
after_2007,0004,0008,F010240,Sitges - MITC101000230,404631,4564576,4536537,pH (CTD)
after_2007,0004,0008,F010240,Sitges - MITC101000230,404631,4564576,4592261,% Saturació d'oxigen (CTD)
after_2007,0004,0008,F010240,Sitges - MITC101000230,404631,4564576,4592343,Oxigen dissolt (CTD)
after_2007,0004,0008,F011292,Alcanar - MITC091000350,291720,4491347,3112352,Temperatura aigua (mostra)
after_2007,0004,0008,F011292,Alcanar - MITC091000350,291720,4491347,3112357,Transparència (disc de Secchi)
after_2007,0004,0008,F011292,Alcanar - MITC091000350,291720,4491347,3112361,Salinitat (mostra)
after_2007,0004,0008,F011292,Alcanar - MITC091000350,291720,4491347,3119130,Amoni
after_2007,0004,0008,F011292,Alcanar - MITC091000350,291720,4491347,3119132,Fosfats
after_2007,0004,0008,F011292,Alcanar - MITC091000350,291720,4491347,3119133,Nitrats
after_2007,0004,0008,F011292,Alcanar - MITC091000350,291720,4491347,3119134,Nitrits
after_2007,0004,0008,F011292,Alcanar - MITC091000350,291720,4491347,3119135,Silicats
after_2007,0004,0008,F011292,Alcanar - MITC091000350,291720,4491347,4485669,Nitrats (aigua de mar)
after_2007,0004,0008,F011292,Alcanar - MITC091000350,291720,4491347,4486501,Nitrits (aigua de mar)
after_2007,0004,0008,F011292,Alcanar - MITC091000350,291720,4491347,4487333,Amoni (aigua de mar)
after_2007,0004,0008,F011292,Alcanar - MITC091000350,291720,4491347,4488165,Fosfats (aigua de mar)
after_2007,0004,0008,F011292,Alcanar - MITC091000350,291720,4491347,4488997,Silicats (aigua de mar)
after_2007,0004,0008,F011292,Alcanar - MITC091000350,291720,4491347,4530592,pH
after_2007,0004,0008,F011292,Alcanar - MITC091000350,291720,4491347,4536160,Conductivitat
after_2007,0004,0008,F011292,Alcanar - MITC091000350,291720,4491347,4536693,pH (CTD)
after_2007,0004,0008,F011292,Alcanar - MITC091000350,291720,4491347,4592211,% Saturació d'oxigen (CTD)
after_2007,0004,0008,F011292,Alcanar - MITC091000350,291720,4491347,4592293,Oxigen dissolt (CTD)
after_2007,0004,0008,F011300,El Fangar - 91 (43 901 G01),309450,4515220,3155862,Amoni
after_2007,0004,0008,F011300,El Fangar - 91 (43 901 G01),309450,4515220,3155949,Fosfats
after_2007,0004,0008,F011300,El Fangar - 91 (43 901 G01),309450,4515220,3155957,Nitrats
after_2007,0004,0008,F011300,El Fangar - 91 (43 901 G01),309450,4515220,3155958,Nitrits
after_2007,0004,0008,F011300,El Fangar - 91 (43 901 G01),309450,4515220,3155972,Salinitat (mostra)
after_2007,0004,0008,F011300,El Fangar - 91 (43 901 G01),309450,4515220,3155974,Silicats
after_2007,0004,0008,F011300,El Fangar - 91 (43 901 G01),309450,4515220,3155990,Temperatura aigua (mostra)
after_2007,0004,0008,F011300,El Fangar - 91 (43 901 G01),309450,4515220,4485670,Nitrats (aigua de mar)
after_2007,0004,0008,F011300,El Fangar - 91 (43 901 G01),309450,4515220,4486502,Nitrits (aigua de mar)
after_2007,0004,0008,F011300,El Fangar - 91 (43 901 G01),309450,4515220,4487334,Amoni (aigua de mar)
after_2007,0004,0008,F011300,El Fangar - 91 (43 901 G01),309450,4515220,4488166,Fosfats (aigua de mar)
after_2007,0004,0008,F011300,El Fangar - 91 (43 901 G01),309450,4515220,4488998,Silicats (aigua de mar)
after_2007,0004,0008,F011300,El Fangar - 91 (43 901 G01),309450,4515220,4536179,Conductivitat
after_2007,0004,0008,F012222,Llobregat - NLL21 CMFI,429436,4570402,4485529,Nitrats (aigua de mar)
after_2007,0004,0008,F012222,Llobregat - NLL21 CMFI,429436,4570402,4486361,Nitrits (aigua de mar)
after_2007,0004,0008,F012222,Llobregat - NLL21 CMFI,429436,4570402,4487193,Amoni (aigua de mar)
after_2007,0004,0008,F012222,Llobregat - NLL21 CMFI,429436,4570402,4488025,Fosfats (aigua de mar)
after_2007,0004,0008,F012222,Llobregat - NLL21 CMFI,429436,4570402,4488857,Silicats (aigua de mar)
after_2007,0004,0008,F012223,Llobregat - NLL22 CMFI,428954,4570060,4485530,Nitrats (aigua de mar)
after_2007,0004,0008,F012223,Llobregat - NLL22 CMFI,428954,4570060,4486362,Nitrits (aigua de mar)
after_2007,0004,0008,F012223,Llobregat - NLL22 CMFI,428954,4570060,4487194,Amoni (aigua de mar)
after_2007,0004,0008,F012223,Llobregat - NLL22 CMFI,428954,4570060,4488026,Fosfats (aigua de mar)
after_2007,0004,0008,F012223,Llobregat - NLL22 CMFI,428954,4570060,4488858,Silicats (aigua de mar)
after_2007,0004,0008,F015979,Llobregat - LLE00  CMFI - LLE00,429523,4570235,4485220,Nitrats (aigua de mar)
after_2007,0004,0008,F015979,Llobregat - LLE00  CMFI - LLE00,429523,4570235,4486052,Nitrits (aigua de mar)
after_2007,0004,0008,F015979,Llobregat - LLE00  CMFI - LLE00,429523,4570235,4486884,Amoni (aigua de mar)
after_2007,0004,0008,F015979,Llobregat - LLE00  CMFI - LLE00,429523,4570235,4487716,Fosfats (aigua de mar)
after_2007,0004,0008,F015979,Llobregat - LLE00  CMFI - LLE00,429523,4570235,4488548,Silicats (aigua de mar)
after_2007,0004,0008,F015998,Cubelles - Altafulla  - DSF_Emissari,387812,4559642,3362331,Transparència (disc de Secchi)
after_2007,0004,0008,F015998,Cubelles - Altafulla  - DSF_Emissari,387812,4559642,3362334,Temperatura aigua (mostra)
after_2007,0004,0008,F015998,Cubelles - Altafulla  - DSF_Emissari,387812,4559642,4135238,Salinitat (mostra)
after_2007,0004,0008,F015998,Cubelles - Altafulla  - DSF_Emissari,387812,4559642,4485232,Nitrats (aigua de mar)
after_2007,0004,0008,F015998,Cubelles - Altafulla  - DSF_Emissari,387812,4559642,4486064,Nitrits (aigua de mar)
after_2007,0004,0008,F015998,Cubelles - Altafulla  - DSF_Emissari,387812,4559642,4486896,Amoni (aigua de mar)
after_2007,0004,0008,F015998,Cubelles - Altafulla  - DSF_Emissari,387812,4559642,4487728,Fosfats (aigua de mar)
after_2007,0004,0008,F015998,Cubelles - Altafulla  - DSF_Emissari,387812,4559642,4488560,Silicats (aigua de mar)
after_2007,0004,0008,F015998,Cubelles - Altafulla  - DSF_Emissari,387812,4559642,4530484,pH
after_2007,0004,0008,F018780,Canyelles - 94 (17 152 B01),516207,4677205,3964617,Salinitat (mostra)
after_2007,0004,0008,F018780,Canyelles - 94 (17 152 B01),516207,4677205,3964619,Temperatura aigua (mostra)
after_2007,0004,0008,F018780,Canyelles - 94 (17 152 B01),516207,4677205,3964635,Amoni
after_2007,0004,0008,F018780,Canyelles - 94 (17 152 B01),516207,4677205,3964638,Fosfats
after_2007,0004,0008,F018780,Canyelles - 94 (17 152 B01),516207,4677205,3964639,Nitrats
after_2007,0004,0008,F018780,Canyelles - 94 (17 152 B01),516207,4677205,3964640,Nitrits
after_2007,0004,0008,F018780,Canyelles - 94 (17 152 B01),516207,4677205,3964641,Silicats
after_2007,0004,0008,F018780,Canyelles - 94 (17 152 B01),516207,4677205,4485243,Nitrats (aigua de mar)
after_2007,0004,0008,F018780,Canyelles - 94 (17 152 B01),516207,4677205,4486075,Nitrits (aigua de mar)
after_2007,0004,0008,F018780,Canyelles - 94 (17 152 B01),516207,4677205,4486907,Amoni (aigua de mar)
after_2007,0004,0008,F018780,Canyelles - 94 (17 152 B01),516207,4677205,4487739,Fosfats (aigua de mar)
after_2007,0004,0008,F018780,Canyelles - 94 (17 152 B01),516207,4677205,4488571,Silicats (aigua de mar)
after_2007,0004,0008,F018781,Pineda de Mar - Mataró - 96 (08 006 B01),462763,4602971,3964710,Salinitat (mostra)
after_2007,0004,0008,F018781,Pineda de Mar - Mataró - 96 (08 006 B01),462763,4602971,3964712,Temperatura aigua (mostra)
after_2007,0004,0008,F018781,Pineda de Mar - Mataró - 96 (08 006 B01),462763,4602971,3964728,Amoni
after_2007,0004,0008,F018781,Pineda de Mar - Mataró - 96 (08 006 B01),462763,4602971,3964731,Fosfats
after_2007,0004,0008,F018781,Pineda de Mar - Mataró - 96 (08 006 B01),462763,4602971,3964732,Nitrats
after_2007,0004,0008,F018781,Pineda de Mar - Mataró - 96 (08 006 B01),462763,4602971,3964733,Nitrits
after_2007,0004,0008,F018781,Pineda de Mar - Mataró - 96 (08 006 B01),462763,4602971,3964734,Silicats
after_2007,0004,0008,F018781,Pineda de Mar - Mataró - 96 (08 006 B01),462763,4602971,4473149,pH (camp)
after_2007,0004,0008,F018781,Pineda de Mar - Mataró - 96 (08 006 B01),462763,4602971,4485244,Nitrats (aigua de mar)
after_2007,0004,0008,F018781,Pineda de Mar - Mataró - 96 (08 006 B01),462763,4602971,4486076,Nitrits (aigua de mar)
after_2007,0004,0008,F018781,Pineda de Mar - Mataró - 96 (08 006 B01),462763,4602971,4486908,Amoni (aigua de mar)
after_2007,0004,0008,F018781,Pineda de Mar - Mataró - 96 (08 006 B01),462763,4602971,4487740,Fosfats (aigua de mar)
after_2007,0004,0008,F018781,Pineda de Mar - Mataró - 96 (08 006 B01),462763,4602971,4488572,Silicats (aigua de mar)
after_2007,0004,0008,F018781,Pineda de Mar - Mataró - 96 (08 006 B01),462763,4602971,4535902,Conductivitat
after_2007,0004,0008,F018782,Sant Pere Pescador - Fluvià - 95 (17 062 L01),509632,4665961,3964803,Salinitat (mostra)
after_2007,0004,0008,F018782,Sant Pere Pescador - Fluvià - 95 (17 062 L01),509632,4665961,3964805,Temperatura aigua (mostra)
after_2007,0004,0008,F018782,Sant Pere Pescador - Fluvià - 95 (17 062 L01),509632,4665961,3964821,Amoni
after_2007,0004,0008,F018782,Sant Pere Pescador - Fluvià - 95 (17 062 L01),509632,4665961,3964824,Fosfats
after_2007,0004,0008,F018782,Sant Pere Pescador - Fluvià - 95 (17 062 L01),509632,4665961,3964825,Nitrats
after_2007,0004,0008,F018782,Sant Pere Pescador - Fluvià - 95 (17 062 L01),509632,4665961,3964826,Nitrits
after_2007,0004,0008,F018782,Sant Pere Pescador - Fluvià - 95 (17 062 L01),509632,4665961,3964827,Silicats
after_2007,0004,0008,F018782,Sant Pere Pescador - Fluvià - 95 (17 062 L01),509632,4665961,4485245,Nitrats (aigua de mar)
after_2007,0004,0008,F018782,Sant Pere Pescador - Fluvià - 95 (17 062 L01),509632,4665961,4486077,Nitrits (aigua de mar)
after_2007,0004,0008,F018782,Sant Pere Pescador - Fluvià - 95 (17 062 L01),509632,4665961,4486909,Amoni (aigua de mar)
after_2007,0004,0008,F018782,Sant Pere Pescador - Fluvià - 95 (17 062 L01),509632,4665961,4487741,Fosfats (aigua de mar)
after_2007,0004,0008,F018782,Sant Pere Pescador - Fluvià - 95 (17 062 L01),509632,4665961,4488573,Silicats (aigua de mar)
after_2007,0004,0008,F018782,Sant Pere Pescador - Fluvià - 95 (17 062 L01),509632,4665961,4535792,Conductivitat
after_2007,0004,0008,F018783,Cambrils - Mont-roig del Camp - 97 (43 038 L01),336660,4547642,3964896,Salinitat (mostra)
after_2007,0004,0008,F018783,Cambrils - Mont-roig del Camp - 97 (43 038 L01),336660,4547642,3964898,Temperatura aigua (mostra)
after_2007,0004,0008,F018783,Cambrils - Mont-roig del Camp - 97 (43 038 L01),336660,4547642,3964914,Amoni
after_2007,0004,0008,F018783,Cambrils - Mont-roig del Camp - 97 (43 038 L01),336660,4547642,3964917,Fosfats
after_2007,0004,0008,F018783,Cambrils - Mont-roig del Camp - 97 (43 038 L01),336660,4547642,3964918,Nitrats
after_2007,0004,0008,F018783,Cambrils - Mont-roig del Camp - 97 (43 038 L01),336660,4547642,3964919,Nitrits
after_2007,0004,0008,F018783,Cambrils - Mont-roig del Camp - 97 (43 038 L01),336660,4547642,3964920,Silicats
after_2007,0004,0008,F018783,Cambrils - Mont-roig del Camp - 97 (43 038 L01),336660,4547642,4485667,Nitrats (aigua de mar)
after_2007,0004,0008,F018783,Cambrils - Mont-roig del Camp - 97 (43 038 L01),336660,4547642,4486499,Nitrits (aigua de mar)
after_2007,0004,0008,F018783,Cambrils - Mont-roig del Camp - 97 (43 038 L01),336660,4547642,4487331,Amoni (aigua de mar)
after_2007,0004,0008,F018783,Cambrils - Mont-roig del Camp - 97 (43 038 L01),336660,4547642,4488163,Fosfats (aigua de mar)
after_2007,0004,0008,F018783,Cambrils - Mont-roig del Camp - 97 (43 038 L01),336660,4547642,4488995,Silicats (aigua de mar)
after_2007,0004,0008,F018783,Cambrils - Mont-roig del Camp - 97 (43 038 L01),336660,4547642,4536096,Conductivitat
after_2007,0004,0008,F020370,Cap Norfeu - 98 (17 152 G01),518793,4677675,4043299,Salinitat (mostra)
after_2007,0004,0008,F020370,Cap Norfeu - 98 (17 152 G01),518793,4677675,4043302,Temperatura aigua (mostra)
after_2007,0004,0008,F020370,Cap Norfeu - 98 (17 152 G01),518793,4677675,4043317,Amoni
after_2007,0004,0008,F020370,Cap Norfeu - 98 (17 152 G01),518793,4677675,4043320,Fosfats
after_2007,0004,0008,F020370,Cap Norfeu - 98 (17 152 G01),518793,4677675,4043321,Nitrats
after_2007,0004,0008,F020370,Cap Norfeu - 98 (17 152 G01),518793,4677675,4043322,Nitrits
after_2007,0004,0008,F020370,Cap Norfeu - 98 (17 152 G01),518793,4677675,4043323,Silicats
after_2007,0004,0008,F020370,Cap Norfeu - 98 (17 152 G01),518793,4677675,4485668,Nitrats (aigua de mar)
after_2007,0004,0008,F020370,Cap Norfeu - 98 (17 152 G01),518793,4677675,4486500,Nitrits (aigua de mar)
after_2007,0004,0008,F020370,Cap Norfeu - 98 (17 152 G01),518793,4677675,4487332,Amoni (aigua de mar)
after_2007,0004,0008,F020370,Cap Norfeu - 98 (17 152 G01),518793,4677675,4488164,Fosfats (aigua de mar)
after_2007,0004,0008,F020370,Cap Norfeu - 98 (17 152 G01),518793,4677675,4488996,Silicats (aigua de mar)
after_2007,0004,0008,F020370,Cap Norfeu - 98 (17 152 G01),518793,4677675,4535748,Conductivitat
after_2007,0004,0008,F029917,Cubelles - Altafulla  - 99 (08 074 X01),388934,4561642,4352558,Salinitat (mostra)
after_2007,0004,0008,F029917,Cubelles - Altafulla  - 99 (08 074 X01),388934,4561642,4352563,Temperatura aigua (mostra)
after_2007,0004,0008,F029917,Cubelles - Altafulla  - 99 (08 074 X01),388934,4561642,4485858,Nitrats (aigua de mar)
after_2007,0004,0008,F029917,Cubelles - Altafulla  - 99 (08 074 X01),388934,4561642,4486690,Nitrits (aigua de mar)
after_2007,0004,0008,F029917,Cubelles - Altafulla  - 99 (08 074 X01),388934,4561642,4487522,Amoni (aigua de mar)
after_2007,0004,0008,F029917,Cubelles - Altafulla  - 99 (08 074 X01),388934,4561642,4488354,Fosfats (aigua de mar)
after_2007,0004,0008,F029917,Cubelles - Altafulla  - 99 (08 074 X01),388934,4561642,4489186,Silicats (aigua de mar)
after_2007,0004,0008,F029917,Cubelles - Altafulla  - 99 (08 074 X01),388934,4561642,4536032,Conductivitat
after_2007,0004,0008,F029918,Tarragona - Vila-seca - FRA38 CMFI - FRA38,350435,4548738,4352149,Transparència (disc de Secchi)
after_2007,0004,0008,F029918,Tarragona - Vila-seca - FRA38 CMFI - FRA38,350435,4548738,4352189,Salinitat (mostra)
after_2007,0004,0008,F029918,Tarragona - Vila-seca - FRA38 CMFI - FRA38,350435,4548738,4352194,Temperatura aigua (mostra)
after_2007,0004,0008,F029919,Cap de Salou - R32 (43 905 R02),346214,4546438,4347179,Amoni
after_2007,0004,0008,F029919,Cap de Salou - R32 (43 905 R02),346214,4546438,4347181,Fosfats
after_2007,0004,0008,F029919,Cap de Salou - R32 (43 905 R02),346214,4546438,4347182,Nitrats
after_2007,0004,0008,F029919,Cap de Salou - R32 (43 905 R02),346214,4546438,4347183,Nitrits
after_2007,0004,0008,F029919,Cap de Salou - R32 (43 905 R02),346214,4546438,4347184,Silicats
after_2007,0004,0008,F029919,Cap de Salou - R32 (43 905 R02),346214,4546438,4347266,Salinitat (mostra)
after_2007,0004,0008,F029919,Cap de Salou - R32 (43 905 R02),346214,4546438,4347271,Temperatura aigua (mostra)
after_2007,0004,0008,F029919,Cap de Salou - R32 (43 905 R02),346214,4546438,4485860,Nitrats (aigua de mar)
after_2007,0004,0008,F029919,Cap de Salou - R32 (43 905 R02),346214,4546438,4486692,Nitrits (aigua de mar)
after_2007,0004,0008,F029919,Cap de Salou - R32 (43 905 R02),346214,4546438,4487524,Amoni (aigua de mar)
after_2007,0004,0008,F029919,Cap de Salou - R32 (43 905 R02),346214,4546438,4488356,Fosfats (aigua de mar)
after_2007,0004,0008,F029919,Cap de Salou - R32 (43 905 R02),346214,4546438,4489188,Silicats (aigua de mar)
after_2007,0004,0008,F029965,Delta Sud - 280 (43 136 A01),309075,4499864,4349190,Amoni
after_2007,0004,0008,F029965,Delta Sud - 280 (43 136 A01),309075,4499864,4349192,Fosfats
after_2007,0004,0008,F029965,Delta Sud - 280 (43 136 A01),309075,4499864,4349193,Nitrats
after_2007,0004,0008,F029965,Delta Sud - 280 (43 136 A01),309075,4499864,4349194,Nitrits
after_2007,0004,0008,F029965,Delta Sud - 280 (43 136 A01),309075,4499864,4349195,Silicats
after_2007,0004,0008,F029965,Delta Sud - 280 (43 136 A01),309075,4499864,4349277,Salinitat (mostra)
after_2007,0004,0008,F029965,Delta Sud - 280 (43 136 A01),309075,4499864,4349282,Temperatura aigua (mostra)
after_2007,0004,0008,F029965,Delta Sud - 280 (43 136 A01),309075,4499864,4485883,Nitrats (aigua de mar)
after_2007,0004,0008,F029965,Delta Sud - 280 (43 136 A01),309075,4499864,4486715,Nitrits (aigua de mar)
after_2007,0004,0008,F029965,Delta Sud - 280 (43 136 A01),309075,4499864,4487547,Amoni (aigua de mar)
after_2007,0004,0008,F029965,Delta Sud - 280 (43 136 A01),309075,4499864,4488379,Fosfats (aigua de mar)
after_2007,0004,0008,F029965,Delta Sud - 280 (43 136 A01),309075,4499864,4489211,Silicats (aigua de mar)
after_2007,0004,0008,F029965,Delta Sud - 280 (43 136 A01),309075,4499864,4536150,Conductivitat
after_2007,0004,0008,F029966,Els Alfacs - 281 (43 136 B01),308904,4499989,4349197,Amoni
after_2007,0004,0008,F029966,Els Alfacs - 281 (43 136 B01),308904,4499989,4349199,Fosfats
after_2007,0004,0008,F029966,Els Alfacs - 281 (43 136 B01),308904,4499989,4349200,Nitrats
after_2007,0004,0008,F029966,Els Alfacs - 281 (43 136 B01),308904,4499989,4349201,Nitrits
after_2007,0004,0008,F029966,Els Alfacs - 281 (43 136 B01),308904,4499989,4349202,Silicats
after_2007,0004,0008,F029966,Els Alfacs - 281 (43 136 B01),308904,4499989,4349369,Salinitat (mostra)
after_2007,0004,0008,F029966,Els Alfacs - 281 (43 136 B01),308904,4499989,4349374,Temperatura aigua (mostra)
after_2007,0004,0008,F029966,Els Alfacs - 281 (43 136 B01),308904,4499989,4485884,Nitrats (aigua de mar)
after_2007,0004,0008,F029966,Els Alfacs - 281 (43 136 B01),308904,4499989,4486716,Nitrits (aigua de mar)
after_2007,0004,0008,F029966,Els Alfacs - 281 (43 136 B01),308904,4499989,4487548,Amoni (aigua de mar)
after_2007,0004,0008,F029966,Els Alfacs - 281 (43 136 B01),308904,4499989,4488380,Fosfats (aigua de mar)
after_2007,0004,0008,F029966,Els Alfacs - 281 (43 136 B01),308904,4499989,4489212,Silicats (aigua de mar)
after_2007,0004,0008,F029966,Els Alfacs - 281 (43 136 B01),308904,4499989,4536197,Conductivitat
after_2007,0004,0008,F040081,Portbou - Llançà - 159 (17 054 B01),512567,4693484,4473163,Temperatura aigua (mostra)
after_2007,0004,0008,F040081,Portbou - Llançà - 159 (17 054 B01),512567,4693484,4485901,Nitrats (aigua de mar)
after_2007,0004,0008,F040081,Portbou - Llançà - 159 (17 054 B01),512567,4693484,4486733,Nitrits (aigua de mar)
after_2007,0004,0008,F040081,Portbou - Llançà - 159 (17 054 B01),512567,4693484,4487565,Amoni (aigua de mar)
after_2007,0004,0008,F040081,Portbou - Llançà - 159 (17 054 B01),512567,4693484,4488397,Fosfats (aigua de mar)
after_2007,0004,0008,F040081,Portbou - Llançà - 159 (17 054 B01),512567,4693484,4489229,Silicats (aigua de mar)
after_2007,0004,0008,F040081,Portbou - Llançà - 159 (17 054 B01),512567,4693484,4500524,pH (camp)
after_2007,0004,0008,F040081,Portbou - Llançà - 159 (17 054 B01),512567,4693484,4500556,Oxigen dissolt (camp)
after_2007,0004,0008,F040081,Portbou - Llançà - 159 (17 054 B01),512567,4693484,4500585,% Saturació d'oxigen (camp)
after_2007,0004,0008,F040081,Portbou - Llançà - 159 (17 054 B01),512567,4693484,4506248,Salinitat (mostra)
after_2007,0004,0008,F040081,Portbou - Llançà - 159 (17 054 B01),512567,4693484,4529374,Oxigen dissolt
after_2007,0004,0008,F040081,Portbou - Llançà - 159 (17 054 B01),512567,4693484,4529781,% Saturació d'oxigen
after_2007,0004,0008,F040081,Portbou - Llançà - 159 (17 054 B01),512567,4693484,4530195,pH
after_2007,0004,0008,F040081,Portbou - Llançà - 159 (17 054 B01),512567,4693484,4535694,Conductivitat
after_2007,0004,0008,F040082,Cap de Creus - 211 (17 140 C01),517266,4687967,4473156,Temperatura aigua (mostra)
after_2007,0004,0008,F040082,Cap de Creus - 211 (17 140 C01),517266,4687967,4485902,Nitrats (aigua de mar)
after_2007,0004,0008,F040082,Cap de Creus - 211 (17 140 C01),517266,4687967,4486734,Nitrits (aigua de mar)
after_2007,0004,0008,F040082,Cap de Creus - 211 (17 140 C01),517266,4687967,4487566,Amoni (aigua de mar)
after_2007,0004,0008,F040082,Cap de Creus - 211 (17 140 C01),517266,4687967,4488398,Fosfats (aigua de mar)
after_2007,0004,0008,F040082,Cap de Creus - 211 (17 140 C01),517266,4687967,4489230,Silicats (aigua de mar)
after_2007,0004,0008,F040082,Cap de Creus - 211 (17 140 C01),517266,4687967,4500525,pH (camp)
after_2007,0004,0008,F040082,Cap de Creus - 211 (17 140 C01),517266,4687967,4500557,Oxigen dissolt (camp)
after_2007,0004,0008,F040082,Cap de Creus - 211 (17 140 C01),517266,4687967,4500586,% Saturació d'oxigen (camp)
after_2007,0004,0008,F040082,Cap de Creus - 211 (17 140 C01),517266,4687967,4506249,Salinitat (mostra)
after_2007,0004,0008,F040082,Cap de Creus - 211 (17 140 C01),517266,4687967,4529396,Oxigen dissolt
after_2007,0004,0008,F040082,Cap de Creus - 211 (17 140 C01),517266,4687967,4529803,% Saturació d'oxigen
after_2007,0004,0008,F040082,Cap de Creus - 211 (17 140 C01),517266,4687967,4530219,pH
after_2007,0004,0008,F040082,Cap de Creus - 211 (17 140 C01),517266,4687967,4535719,Conductivitat
after_2007,0004,0008,F040083,Cap de Creus - R35 (17 032 R03),525390,4685689,4485903,Nitrats (aigua de mar)
after_2007,0004,0008,F040083,Cap de Creus - R35 (17 032 R03),525390,4685689,4486735,Nitrits (aigua de mar)
after_2007,0004,0008,F040083,Cap de Creus - R35 (17 032 R03),525390,4685689,4487567,Amoni (aigua de mar)
after_2007,0004,0008,F040083,Cap de Creus - R35 (17 032 R03),525390,4685689,4488399,Fosfats (aigua de mar)
after_2007,0004,0008,F040083,Cap de Creus - R35 (17 032 R03),525390,4685689,4489231,Silicats (aigua de mar)
after_2007,0004,0008,F040083,Cap de Creus - R35 (17 032 R03),525390,4685689,4489770,Temperatura aigua (mostra)
after_2007,0004,0008,F040083,Cap de Creus - R35 (17 032 R03),525390,4685689,4500526,pH (camp)
after_2007,0004,0008,F040083,Cap de Creus - R35 (17 032 R03),525390,4685689,4500558,Oxigen dissolt (camp)
after_2007,0004,0008,F040083,Cap de Creus - R35 (17 032 R03),525390,4685689,4500587,% Saturació d'oxigen (camp)
after_2007,0004,0008,F040083,Cap de Creus - R35 (17 032 R03),525390,4685689,4506257,Salinitat (mostra)
after_2007,0004,0008,F040083,Cap de Creus - R35 (17 032 R03),525390,4685689,4529402,Oxigen dissolt
after_2007,0004,0008,F040083,Cap de Creus - R35 (17 032 R03),525390,4685689,4529809,% Saturació d'oxigen
after_2007,0004,0008,F040083,Cap de Creus - R35 (17 032 R03),525390,4685689,4530225,pH
after_2007,0004,0008,F040083,Cap de Creus - R35 (17 032 R03),525390,4685689,4535725,Conductivitat
after_2007,0004,0008,F040084,Cap de Creus - 284 (17 032 D01),523785,4682827,4485904,Nitrats (aigua de mar)
after_2007,0004,0008,F040084,Cap de Creus - 284 (17 032 D01),523785,4682827,4486736,Nitrits (aigua de mar)
after_2007,0004,0008,F040084,Cap de Creus - 284 (17 032 D01),523785,4682827,4487568,Amoni (aigua de mar)
after_2007,0004,0008,F040084,Cap de Creus - 284 (17 032 D01),523785,4682827,4488400,Fosfats (aigua de mar)
after_2007,0004,0008,F040084,Cap de Creus - 284 (17 032 D01),523785,4682827,4489232,Silicats (aigua de mar)
after_2007,0004,0008,F040084,Cap de Creus - 284 (17 032 D01),523785,4682827,4489753,Temperatura aigua (mostra)
after_2007,0004,0008,F040084,Cap de Creus - 284 (17 032 D01),523785,4682827,4500527,pH (camp)
after_2007,0004,0008,F040084,Cap de Creus - 284 (17 032 D01),523785,4682827,4500559,Oxigen dissolt (camp)
after_2007,0004,0008,F040084,Cap de Creus - 284 (17 032 D01),523785,4682827,4500588,% Saturació d'oxigen (camp)
after_2007,0004,0008,F040084,Cap de Creus - 284 (17 032 D01),523785,4682827,4506258,Salinitat (mostra)
after_2007,0004,0008,F040084,Cap de Creus - 284 (17 032 D01),523785,4682827,4529397,Oxigen dissolt
after_2007,0004,0008,F040084,Cap de Creus - 284 (17 032 D01),523785,4682827,4529804,% Saturació d'oxigen
after_2007,0004,0008,F040084,Cap de Creus - 284 (17 032 D01),523785,4682827,4530220,pH
after_2007,0004,0008,F040084,Cap de Creus - 284 (17 032 D01),523785,4682827,4535720,Conductivitat
after_2007,0004,0008,F040085,Canyelles - 165 (17 152 A01),517091,4676533,4485905,Nitrats (aigua de mar)
after_2007,0004,0008,F040085,Canyelles - 165 (17 152 A01),517091,4676533,4486737,Nitrits (aigua de mar)
after_2007,0004,0008,F040085,Canyelles - 165 (17 152 A01),517091,4676533,4487569,Amoni (aigua de mar)
after_2007,0004,0008,F040085,Canyelles - 165 (17 152 A01),517091,4676533,4488401,Fosfats (aigua de mar)
after_2007,0004,0008,F040085,Canyelles - 165 (17 152 A01),517091,4676533,4489233,Silicats (aigua de mar)
after_2007,0004,0008,F040085,Canyelles - 165 (17 152 A01),517091,4676533,4489762,Temperatura aigua (mostra)
after_2007,0004,0008,F040085,Canyelles - 165 (17 152 A01),517091,4676533,4500528,pH (camp)
after_2007,0004,0008,F040085,Canyelles - 165 (17 152 A01),517091,4676533,4500560,Oxigen dissolt (camp)
after_2007,0004,0008,F040085,Canyelles - 165 (17 152 A01),517091,4676533,4500589,% Saturació d'oxigen (camp)
after_2007,0004,0008,F040085,Canyelles - 165 (17 152 A01),517091,4676533,4506259,Salinitat (mostra)
after_2007,0004,0008,F040085,Canyelles - 165 (17 152 A01),517091,4676533,4529432,Oxigen dissolt
after_2007,0004,0008,F040085,Canyelles - 165 (17 152 A01),517091,4676533,4529839,% Saturació d'oxigen
after_2007,0004,0008,F040085,Canyelles - 165 (17 152 A01),517091,4676533,4530257,pH
after_2007,0004,0008,F040085,Canyelles - 165 (17 152 A01),517091,4676533,4535759,Conductivitat
after_2007,0004,0008,F040086,Canyelles - R38 (17 152 R03),515281,4677049,4485906,Nitrats (aigua de mar)
after_2007,0004,0008,F040086,Canyelles - R38 (17 152 R03),515281,4677049,4486738,Nitrits (aigua de mar)
after_2007,0004,0008,F040086,Canyelles - R38 (17 152 R03),515281,4677049,4487570,Amoni (aigua de mar)
after_2007,0004,0008,F040086,Canyelles - R38 (17 152 R03),515281,4677049,4488402,Fosfats (aigua de mar)
after_2007,0004,0008,F040086,Canyelles - R38 (17 152 R03),515281,4677049,4489234,Silicats (aigua de mar)
after_2007,0004,0008,F040086,Canyelles - R38 (17 152 R03),515281,4677049,4489780,Temperatura aigua (mostra)
after_2007,0004,0008,F040086,Canyelles - R38 (17 152 R03),515281,4677049,4500529,pH (camp)
after_2007,0004,0008,F040086,Canyelles - R38 (17 152 R03),515281,4677049,4500561,Oxigen dissolt (camp)
after_2007,0004,0008,F040086,Canyelles - R38 (17 152 R03),515281,4677049,4500590,% Saturació d'oxigen (camp)
after_2007,0004,0008,F040086,Canyelles - R38 (17 152 R03),515281,4677049,4506260,Salinitat (mostra)
after_2007,0004,0008,F040086,Canyelles - R38 (17 152 R03),515281,4677049,4529440,Oxigen dissolt
after_2007,0004,0008,F040086,Canyelles - R38 (17 152 R03),515281,4677049,4529847,% Saturació d'oxigen
after_2007,0004,0008,F040086,Canyelles - R38 (17 152 R03),515281,4677049,4530266,pH
after_2007,0004,0008,F040086,Canyelles - R38 (17 152 R03),515281,4677049,4535768,Conductivitat
after_2007,0004,0008,F040087,L'Escala - 164 (17 062 E01),510295,4663959,4473074,Temperatura aigua (mostra)
after_2007,0004,0008,F040087,L'Escala - 164 (17 062 E01),510295,4663959,4473075,% Saturació d'oxigen (lab)
after_2007,0004,0008,F040087,L'Escala - 164 (17 062 E01),510295,4663959,4473076,Oxigen dissolt (camp)
after_2007,0004,0008,F040087,L'Escala - 164 (17 062 E01),510295,4663959,4473077,pH (camp)
after_2007,0004,0008,F040087,L'Escala - 164 (17 062 E01),510295,4663959,4485907,Nitrats (aigua de mar)
after_2007,0004,0008,F040087,L'Escala - 164 (17 062 E01),510295,4663959,4486739,Nitrits (aigua de mar)
after_2007,0004,0008,F040087,L'Escala - 164 (17 062 E01),510295,4663959,4487571,Amoni (aigua de mar)
after_2007,0004,0008,F040087,L'Escala - 164 (17 062 E01),510295,4663959,4488403,Fosfats (aigua de mar)
after_2007,0004,0008,F040087,L'Escala - 164 (17 062 E01),510295,4663959,4489235,Silicats (aigua de mar)
after_2007,0004,0008,F040087,L'Escala - 164 (17 062 E01),510295,4663959,4506253,Salinitat (mostra)
after_2007,0004,0008,F040087,L'Escala - 164 (17 062 E01),510295,4663959,4529460,Oxigen dissolt
after_2007,0004,0008,F040087,L'Escala - 164 (17 062 E01),510295,4663959,4529867,% Saturació d'oxigen
after_2007,0004,0008,F040087,L'Escala - 164 (17 062 E01),510295,4663959,4530288,pH
after_2007,0004,0008,F040087,L'Escala - 164 (17 062 E01),510295,4663959,4535796,Conductivitat
after_2007,0004,0008,F040088,L'Escala - 175 (17 062 D01),511620,4662556,4473233,Temperatura aigua (mostra)
after_2007,0004,0008,F040088,L'Escala - 175 (17 062 D01),511620,4662556,4473234,% Saturació d'oxigen (lab)
after_2007,0004,0008,F040088,L'Escala - 175 (17 062 D01),511620,4662556,4473235,Oxigen dissolt (camp)
after_2007,0004,0008,F040088,L'Escala - 175 (17 062 D01),511620,4662556,4473236,pH (camp)
after_2007,0004,0008,F040088,L'Escala - 175 (17 062 D01),511620,4662556,4485908,Nitrats (aigua de mar)
after_2007,0004,0008,F040088,L'Escala - 175 (17 062 D01),511620,4662556,4486740,Nitrits (aigua de mar)
after_2007,0004,0008,F040088,L'Escala - 175 (17 062 D01),511620,4662556,4487572,Amoni (aigua de mar)
after_2007,0004,0008,F040088,L'Escala - 175 (17 062 D01),511620,4662556,4488404,Fosfats (aigua de mar)
after_2007,0004,0008,F040088,L'Escala - 175 (17 062 D01),511620,4662556,4489236,Silicats (aigua de mar)
after_2007,0004,0008,F040088,L'Escala - 175 (17 062 D01),511620,4662556,4506254,Salinitat (mostra)
after_2007,0004,0008,F040088,L'Escala - 175 (17 062 D01),511620,4662556,4529463,Oxigen dissolt
after_2007,0004,0008,F040088,L'Escala - 175 (17 062 D01),511620,4662556,4529870,% Saturació d'oxigen
after_2007,0004,0008,F040088,L'Escala - 175 (17 062 D01),511620,4662556,4530292,pH
after_2007,0004,0008,F040088,L'Escala - 175 (17 062 D01),511620,4662556,4535800,Conductivitat
after_2007,0004,0008,F040089,Pals - Sa Riera - 185 (17 013 B01),517489,4646826,4473170,Temperatura aigua (mostra)
after_2007,0004,0008,F040089,Pals - Sa Riera - 185 (17 013 B01),517489,4646826,4485909,Nitrats (aigua de mar)
after_2007,0004,0008,F040089,Pals - Sa Riera - 185 (17 013 B01),517489,4646826,4486741,Nitrits (aigua de mar)
after_2007,0004,0008,F040089,Pals - Sa Riera - 185 (17 013 B01),517489,4646826,4487573,Amoni (aigua de mar)
after_2007,0004,0008,F040089,Pals - Sa Riera - 185 (17 013 B01),517489,4646826,4488405,Fosfats (aigua de mar)
after_2007,0004,0008,F040089,Pals - Sa Riera - 185 (17 013 B01),517489,4646826,4489237,Silicats (aigua de mar)
after_2007,0004,0008,F040089,Pals - Sa Riera - 185 (17 013 B01),517489,4646826,4500530,pH (camp)
after_2007,0004,0008,F040089,Pals - Sa Riera - 185 (17 013 B01),517489,4646826,4500562,Oxigen dissolt (camp)
after_2007,0004,0008,F040089,Pals - Sa Riera - 185 (17 013 B01),517489,4646826,4500591,% Saturació d'oxigen (camp)
after_2007,0004,0008,F040089,Pals - Sa Riera - 185 (17 013 B01),517489,4646826,4506247,Salinitat (mostra)
after_2007,0004,0008,F040089,Pals - Sa Riera - 185 (17 013 B01),517489,4646826,4529492,Oxigen dissolt
after_2007,0004,0008,F040089,Pals - Sa Riera - 185 (17 013 B01),517489,4646826,4529899,% Saturació d'oxigen
after_2007,0004,0008,F040089,Pals - Sa Riera - 185 (17 013 B01),517489,4646826,4530323,pH
after_2007,0004,0008,F040089,Pals - Sa Riera - 185 (17 013 B01),517489,4646826,4535836,Conductivitat
after_2007,0004,0008,F040090,Begur - Blanes - 173 (17 034 D01),509622,4632977,4473180,Temperatura aigua (mostra)
after_2007,0004,0008,F040090,Begur - Blanes - 173 (17 034 D01),509622,4632977,4485910,Nitrats (aigua de mar)
after_2007,0004,0008,F040090,Begur - Blanes - 173 (17 034 D01),509622,4632977,4486742,Nitrits (aigua de mar)
after_2007,0004,0008,F040090,Begur - Blanes - 173 (17 034 D01),509622,4632977,4487574,Amoni (aigua de mar)
after_2007,0004,0008,F040090,Begur - Blanes - 173 (17 034 D01),509622,4632977,4488406,Fosfats (aigua de mar)
after_2007,0004,0008,F040090,Begur - Blanes - 173 (17 034 D01),509622,4632977,4489238,Silicats (aigua de mar)
after_2007,0004,0008,F040090,Begur - Blanes - 173 (17 034 D01),509622,4632977,4500531,pH (camp)
after_2007,0004,0008,F040090,Begur - Blanes - 173 (17 034 D01),509622,4632977,4500563,Oxigen dissolt (camp)
after_2007,0004,0008,F040090,Begur - Blanes - 173 (17 034 D01),509622,4632977,4500592,% Saturació d'oxigen (camp)
after_2007,0004,0008,F040090,Begur - Blanes - 173 (17 034 D01),509622,4632977,4506246,Salinitat (mostra)
after_2007,0004,0008,F040090,Begur - Blanes - 173 (17 034 D01),509622,4632977,4529504,Oxigen dissolt
after_2007,0004,0008,F040090,Begur - Blanes - 173 (17 034 D01),509622,4632977,4529911,% Saturació d'oxigen
after_2007,0004,0008,F040090,Begur - Blanes - 173 (17 034 D01),509622,4632977,4530336,pH
after_2007,0004,0008,F040090,Begur - Blanes - 173 (17 034 D01),509622,4632977,4535853,Conductivitat
after_2007,0004,0008,F040091,Montgat - Badalona - 125 (08 126 A01),440407,4590965,4473119,Temperatura aigua (mostra)
after_2007,0004,0008,F040091,Montgat - Badalona - 125 (08 126 A01),440407,4590965,4473120,% Saturació d'oxigen (lab)
after_2007,0004,0008,F040091,Montgat - Badalona - 125 (08 126 A01),440407,4590965,4473121,Oxigen dissolt (camp)
after_2007,0004,0008,F040091,Montgat - Badalona - 125 (08 126 A01),440407,4590965,4473122,pH (camp)
after_2007,0004,0008,F040091,Montgat - Badalona - 125 (08 126 A01),440407,4590965,4485911,Nitrats (aigua de mar)
after_2007,0004,0008,F040091,Montgat - Badalona - 125 (08 126 A01),440407,4590965,4486743,Nitrits (aigua de mar)
after_2007,0004,0008,F040091,Montgat - Badalona - 125 (08 126 A01),440407,4590965,4487575,Amoni (aigua de mar)
after_2007,0004,0008,F040091,Montgat - Badalona - 125 (08 126 A01),440407,4590965,4488407,Fosfats (aigua de mar)
after_2007,0004,0008,F040091,Montgat - Badalona - 125 (08 126 A01),440407,4590965,4489239,Silicats (aigua de mar)
after_2007,0004,0008,F040091,Montgat - Badalona - 125 (08 126 A01),440407,4590965,4506251,Salinitat (mostra)
after_2007,0004,0008,F040091,Montgat - Badalona - 125 (08 126 A01),440407,4590965,4529557,Oxigen dissolt
after_2007,0004,0008,F040091,Montgat - Badalona - 125 (08 126 A01),440407,4590965,4529964,% Saturació d'oxigen
after_2007,0004,0008,F040091,Montgat - Badalona - 125 (08 126 A01),440407,4590965,4530394,pH
after_2007,0004,0008,F040091,Montgat - Badalona - 125 (08 126 A01),440407,4590965,4535921,Conductivitat
after_2007,0004,0008,F040093,Barceloneta - Zona II Port Barcelona - 248 (08 019 L01),432237,4580407,4473191,Temperatura aigua (mostra)
after_2007,0004,0008,F040093,Barceloneta - Zona II Port Barcelona - 248 (08 019 L01),432237,4580407,4473192,% Saturació d'oxigen (lab)
after_2007,0004,0008,F040093,Barceloneta - Zona II Port Barcelona - 248 (08 019 L01),432237,4580407,4473193,Oxigen dissolt (camp)
after_2007,0004,0008,F040093,Barceloneta - Zona II Port Barcelona - 248 (08 019 L01),432237,4580407,4473194,pH (camp)
after_2007,0004,0008,F040093,Barceloneta - Zona II Port Barcelona - 248 (08 019 L01),432237,4580407,4485913,Nitrats (aigua de mar)
after_2007,0004,0008,F040093,Barceloneta - Zona II Port Barcelona - 248 (08 019 L01),432237,4580407,4486745,Nitrits (aigua de mar)
after_2007,0004,0008,F040093,Barceloneta - Zona II Port Barcelona - 248 (08 019 L01),432237,4580407,4487577,Amoni (aigua de mar)
after_2007,0004,0008,F040093,Barceloneta - Zona II Port Barcelona - 248 (08 019 L01),432237,4580407,4488409,Fosfats (aigua de mar)
after_2007,0004,0008,F040093,Barceloneta - Zona II Port Barcelona - 248 (08 019 L01),432237,4580407,4489241,Silicats (aigua de mar)
after_2007,0004,0008,F040093,Barceloneta - Zona II Port Barcelona - 248 (08 019 L01),432237,4580407,4506256,Salinitat (mostra)
after_2007,0004,0008,F040093,Barceloneta - Zona II Port Barcelona - 248 (08 019 L01),432237,4580407,4529581,Oxigen dissolt
after_2007,0004,0008,F040093,Barceloneta - Zona II Port Barcelona - 248 (08 019 L01),432237,4580407,4529988,% Saturació d'oxigen
after_2007,0004,0008,F040093,Barceloneta - Zona II Port Barcelona - 248 (08 019 L01),432237,4580407,4530420,pH
after_2007,0004,0008,F040093,Barceloneta - Zona II Port Barcelona - 248 (08 019 L01),432237,4580407,4535955,Conductivitat
after_2007,0004,0008,F040094,Sitges - R39 (08 270 R03),407172,4567004,4485914,Nitrats (aigua de mar)
after_2007,0004,0008,F040094,Sitges - R39 (08 270 R03),407172,4567004,4486746,Nitrits (aigua de mar)
after_2007,0004,0008,F040094,Sitges - R39 (08 270 R03),407172,4567004,4487578,Amoni (aigua de mar)
after_2007,0004,0008,F040094,Sitges - R39 (08 270 R03),407172,4567004,4488410,Fosfats (aigua de mar)
after_2007,0004,0008,F040094,Sitges - R39 (08 270 R03),407172,4567004,4489242,Silicats (aigua de mar)
after_2007,0004,0008,F040094,Sitges - R39 (08 270 R03),407172,4567004,4489784,Temperatura aigua (mostra)
after_2007,0004,0008,F040094,Sitges - R39 (08 270 R03),407172,4567004,4500532,pH (camp)
after_2007,0004,0008,F040094,Sitges - R39 (08 270 R03),407172,4567004,4500564,Oxigen dissolt (camp)
after_2007,0004,0008,F040094,Sitges - R39 (08 270 R03),407172,4567004,4500593,% Saturació d'oxigen (camp)
after_2007,0004,0008,F040094,Sitges - R39 (08 270 R03),407172,4567004,4506265,Salinitat (mostra)
after_2007,0004,0008,F040094,Sitges - R39 (08 270 R03),407172,4567004,4529617,Oxigen dissolt
after_2007,0004,0008,F040094,Sitges - R39 (08 270 R03),407172,4567004,4530024,% Saturació d'oxigen
after_2007,0004,0008,F040094,Sitges - R39 (08 270 R03),407172,4567004,4530460,pH
after_2007,0004,0008,F040094,Sitges - R39 (08 270 R03),407172,4567004,4531389,Transparència (disc de Secchi)
after_2007,0004,0008,F040094,Sitges - R39 (08 270 R03),407172,4567004,4532364,Sigma T
after_2007,0004,0008,F040094,Sitges - R39 (08 270 R03),407172,4567004,4532855,Temperatura aigua (CTD)
after_2007,0004,0008,F040094,Sitges - R39 (08 270 R03),407172,4567004,4533346,Salinitat (CTD)
after_2007,0004,0008,F040094,Sitges - R39 (08 270 R03),407172,4567004,4536006,Conductivitat
after_2007,0004,0008,F040094,Sitges - R39 (08 270 R03),407172,4567004,4536539,pH (CTD)
after_2007,0004,0008,F040094,Sitges - R39 (08 270 R03),407172,4567004,4592195,Terbolesa (CTD)
after_2007,0004,0008,F040094,Sitges - R39 (08 270 R03),407172,4567004,4592286,% Saturació d'oxigen (CTD)
after_2007,0004,0008,F040094,Sitges - R39 (08 270 R03),407172,4567004,4592368,Oxigen dissolt (CTD)
after_2007,0004,0008,F040095,Vilanova i la Geltrú - 234 (08 307 A01),394280,4563446,4472819,Temperatura aigua (mostra)
after_2007,0004,0008,F040095,Vilanova i la Geltrú - 234 (08 307 A01),394280,4563446,4485915,Nitrats (aigua de mar)
after_2007,0004,0008,F040095,Vilanova i la Geltrú - 234 (08 307 A01),394280,4563446,4486747,Nitrits (aigua de mar)
after_2007,0004,0008,F040095,Vilanova i la Geltrú - 234 (08 307 A01),394280,4563446,4487579,Amoni (aigua de mar)
after_2007,0004,0008,F040095,Vilanova i la Geltrú - 234 (08 307 A01),394280,4563446,4488411,Fosfats (aigua de mar)
after_2007,0004,0008,F040095,Vilanova i la Geltrú - 234 (08 307 A01),394280,4563446,4489243,Silicats (aigua de mar)
after_2007,0004,0008,F040095,Vilanova i la Geltrú - 234 (08 307 A01),394280,4563446,4500533,pH (camp)
after_2007,0004,0008,F040095,Vilanova i la Geltrú - 234 (08 307 A01),394280,4563446,4500565,Oxigen dissolt (camp)
after_2007,0004,0008,F040095,Vilanova i la Geltrú - 234 (08 307 A01),394280,4563446,4500594,% Saturació d'oxigen (camp)
after_2007,0004,0008,F040095,Vilanova i la Geltrú - 234 (08 307 A01),394280,4563446,4506239,Salinitat (mostra)
after_2007,0004,0008,F040095,Vilanova i la Geltrú - 234 (08 307 A01),394280,4563446,4529625,Oxigen dissolt
after_2007,0004,0008,F040095,Vilanova i la Geltrú - 234 (08 307 A01),394280,4563446,4530032,% Saturació d'oxigen
after_2007,0004,0008,F040095,Vilanova i la Geltrú - 234 (08 307 A01),394280,4563446,4530468,pH
after_2007,0004,0008,F040095,Vilanova i la Geltrú - 234 (08 307 A01),394280,4563446,4536014,Conductivitat
after_2007,0004,0008,F040096,Vilanova i la Geltrú - 261 (08 307 D01),389808,4562185,4472810,Temperatura aigua (mostra)
after_2007,0004,0008,F040096,Vilanova i la Geltrú - 261 (08 307 D01),389808,4562185,4485916,Nitrats (aigua de mar)
after_2007,0004,0008,F040096,Vilanova i la Geltrú - 261 (08 307 D01),389808,4562185,4486748,Nitrits (aigua de mar)
after_2007,0004,0008,F040096,Vilanova i la Geltrú - 261 (08 307 D01),389808,4562185,4487580,Amoni (aigua de mar)
after_2007,0004,0008,F040096,Vilanova i la Geltrú - 261 (08 307 D01),389808,4562185,4488412,Fosfats (aigua de mar)
after_2007,0004,0008,F040096,Vilanova i la Geltrú - 261 (08 307 D01),389808,4562185,4489244,Silicats (aigua de mar)
after_2007,0004,0008,F040096,Vilanova i la Geltrú - 261 (08 307 D01),389808,4562185,4506240,Salinitat (mostra)
after_2007,0004,0008,F040096,Vilanova i la Geltrú - 261 (08 307 D01),389808,4562185,4529626,Oxigen dissolt
after_2007,0004,0008,F040096,Vilanova i la Geltrú - 261 (08 307 D01),389808,4562185,4530033,% Saturació d'oxigen
after_2007,0004,0008,F040096,Vilanova i la Geltrú - 261 (08 307 D01),389808,4562185,4530469,pH
after_2007,0004,0008,F040096,Vilanova i la Geltrú - 261 (08 307 D01),389808,4562185,4536015,Conductivitat
after_2007,0004,0008,F040097,Cubelles - Altafulla  - 276 (08 074 C 01),386467,4561287,4472858,Temperatura aigua (mostra)
after_2007,0004,0008,F040097,Cubelles - Altafulla  - 276 (08 074 C 01),386467,4561287,4485917,Nitrats (aigua de mar)
after_2007,0004,0008,F040097,Cubelles - Altafulla  - 276 (08 074 C 01),386467,4561287,4486749,Nitrits (aigua de mar)
after_2007,0004,0008,F040097,Cubelles - Altafulla  - 276 (08 074 C 01),386467,4561287,4487581,Amoni (aigua de mar)
after_2007,0004,0008,F040097,Cubelles - Altafulla  - 276 (08 074 C 01),386467,4561287,4488413,Fosfats (aigua de mar)
after_2007,0004,0008,F040097,Cubelles - Altafulla  - 276 (08 074 C 01),386467,4561287,4489245,Silicats (aigua de mar)
after_2007,0004,0008,F040097,Cubelles - Altafulla  - 276 (08 074 C 01),386467,4561287,4500534,pH (camp)
after_2007,0004,0008,F040097,Cubelles - Altafulla  - 276 (08 074 C 01),386467,4561287,4500566,Oxigen dissolt (camp)
after_2007,0004,0008,F040097,Cubelles - Altafulla  - 276 (08 074 C 01),386467,4561287,4500595,% Saturació d'oxigen (camp)
after_2007,0004,0008,F040097,Cubelles - Altafulla  - 276 (08 074 C 01),386467,4561287,4506236,Salinitat (mostra)
after_2007,0004,0008,F040097,Cubelles - Altafulla  - 276 (08 074 C 01),386467,4561287,4529638,Oxigen dissolt
after_2007,0004,0008,F040097,Cubelles - Altafulla  - 276 (08 074 C 01),386467,4561287,4530045,% Saturació d'oxigen
after_2007,0004,0008,F040097,Cubelles - Altafulla  - 276 (08 074 C 01),386467,4561287,4530482,pH
after_2007,0004,0008,F040097,Cubelles - Altafulla  - 276 (08 074 C 01),386467,4561287,4536029,Conductivitat
after_2007,0004,0008,F040098,Cubelles - Altafulla  - 277 (43 163 S01),378276,4560118,4472850,Temperatura aigua (mostra)
after_2007,0004,0008,F040098,Cubelles - Altafulla  - 277 (43 163 S01),378276,4560118,4485918,Nitrats (aigua de mar)
after_2007,0004,0008,F040098,Cubelles - Altafulla  - 277 (43 163 S01),378276,4560118,4486750,Nitrits (aigua de mar)
after_2007,0004,0008,F040098,Cubelles - Altafulla  - 277 (43 163 S01),378276,4560118,4487582,Amoni (aigua de mar)
after_2007,0004,0008,F040098,Cubelles - Altafulla  - 277 (43 163 S01),378276,4560118,4488414,Fosfats (aigua de mar)
after_2007,0004,0008,F040098,Cubelles - Altafulla  - 277 (43 163 S01),378276,4560118,4489246,Silicats (aigua de mar)
after_2007,0004,0008,F040098,Cubelles - Altafulla  - 277 (43 163 S01),378276,4560118,4500535,pH (camp)
after_2007,0004,0008,F040098,Cubelles - Altafulla  - 277 (43 163 S01),378276,4560118,4500567,Oxigen dissolt (camp)
after_2007,0004,0008,F040098,Cubelles - Altafulla  - 277 (43 163 S01),378276,4560118,4500596,% Saturació d'oxigen (camp)
after_2007,0004,0008,F040098,Cubelles - Altafulla  - 277 (43 163 S01),378276,4560118,4506237,Salinitat (mostra)
after_2007,0004,0008,F040098,Cubelles - Altafulla  - 277 (43 163 S01),378276,4560118,4529639,Oxigen dissolt
after_2007,0004,0008,F040098,Cubelles - Altafulla  - 277 (43 163 S01),378276,4560118,4530046,% Saturació d'oxigen
after_2007,0004,0008,F040098,Cubelles - Altafulla  - 277 (43 163 S01),378276,4560118,4530483,pH
after_2007,0004,0008,F040098,Cubelles - Altafulla  - 277 (43 163 S01),378276,4560118,4536030,Conductivitat
after_2007,0004,0008,F040099,Tarragona Nord - 278 (43 148 S01),363018,4554611,4472801,Temperatura aigua (mostra)
after_2007,0004,0008,F040099,Tarragona Nord - 278 (43 148 S01),363018,4554611,4485919,Nitrats (aigua de mar)
after_2007,0004,0008,F040099,Tarragona Nord - 278 (43 148 S01),363018,4554611,4486751,Nitrits (aigua de mar)
after_2007,0004,0008,F040099,Tarragona Nord - 278 (43 148 S01),363018,4554611,4487583,Amoni (aigua de mar)
after_2007,0004,0008,F040099,Tarragona Nord - 278 (43 148 S01),363018,4554611,4488415,Fosfats (aigua de mar)
after_2007,0004,0008,F040099,Tarragona Nord - 278 (43 148 S01),363018,4554611,4489247,Silicats (aigua de mar)
after_2007,0004,0008,F040099,Tarragona Nord - 278 (43 148 S01),363018,4554611,4500536,pH (camp)
after_2007,0004,0008,F040099,Tarragona Nord - 278 (43 148 S01),363018,4554611,4500568,Oxigen dissolt (camp)
after_2007,0004,0008,F040099,Tarragona Nord - 278 (43 148 S01),363018,4554611,4500597,% Saturació d'oxigen (camp)
after_2007,0004,0008,F040099,Tarragona Nord - 278 (43 148 S01),363018,4554611,4506241,Salinitat (mostra)
after_2007,0004,0008,F040099,Tarragona Nord - 278 (43 148 S01),363018,4554611,4529652,Oxigen dissolt
after_2007,0004,0008,F040099,Tarragona Nord - 278 (43 148 S01),363018,4554611,4530059,% Saturació d'oxigen
after_2007,0004,0008,F040099,Tarragona Nord - 278 (43 148 S01),363018,4554611,4530498,pH
after_2007,0004,0008,F040099,Tarragona Nord - 278 (43 148 S01),363018,4554611,4536047,Conductivitat
after_2007,0004,0008,F040100,Cap de Salou - R34 (43 905 R03),346489,4546758,4472838,Temperatura aigua (mostra)
after_2007,0004,0008,F040100,Cap de Salou - R34 (43 905 R03),346489,4546758,4485920,Nitrats (aigua de mar)
after_2007,0004,0008,F040100,Cap de Salou - R34 (43 905 R03),346489,4546758,4486752,Nitrits (aigua de mar)
after_2007,0004,0008,F040100,Cap de Salou - R34 (43 905 R03),346489,4546758,4487584,Amoni (aigua de mar)
after_2007,0004,0008,F040100,Cap de Salou - R34 (43 905 R03),346489,4546758,4488416,Fosfats (aigua de mar)
after_2007,0004,0008,F040100,Cap de Salou - R34 (43 905 R03),346489,4546758,4489248,Silicats (aigua de mar)
after_2007,0004,0008,F040100,Cap de Salou - R34 (43 905 R03),346489,4546758,4500537,pH (camp)
after_2007,0004,0008,F040100,Cap de Salou - R34 (43 905 R03),346489,4546758,4500569,Oxigen dissolt (camp)
after_2007,0004,0008,F040100,Cap de Salou - R34 (43 905 R03),346489,4546758,4500598,% Saturació d'oxigen (camp)
after_2007,0004,0008,F040100,Cap de Salou - R34 (43 905 R03),346489,4546758,4506238,Salinitat (mostra)
after_2007,0004,0008,F040100,Cap de Salou - R34 (43 905 R03),346489,4546758,4529673,Oxigen dissolt
after_2007,0004,0008,F040100,Cap de Salou - R34 (43 905 R03),346489,4546758,4530080,% Saturació d'oxigen
after_2007,0004,0008,F040100,Cap de Salou - R34 (43 905 R03),346489,4546758,4530522,pH
after_2007,0004,0008,F040100,Cap de Salou - R34 (43 905 R03),346489,4546758,4536076,Conductivitat
after_2007,0004,0008,F040101,L'Ametlla de Mar - R33 (43 104 S01),310443,4524021,4472787,Nitrats
after_2007,0004,0008,F040101,L'Ametlla de Mar - R33 (43 104 S01),310443,4524021,4472788,Nitrits
after_2007,0004,0008,F040101,L'Ametlla de Mar - R33 (43 104 S01),310443,4524021,4472789,Amoni
after_2007,0004,0008,F040101,L'Ametlla de Mar - R33 (43 104 S01),310443,4524021,4472790,Fosfats
after_2007,0004,0008,F040101,L'Ametlla de Mar - R33 (43 104 S01),310443,4524021,4472791,Silicats
after_2007,0004,0008,F040101,L'Ametlla de Mar - R33 (43 104 S01),310443,4524021,4472792,Temperatura aigua (mostra)
after_2007,0004,0008,F040101,L'Ametlla de Mar - R33 (43 104 S01),310443,4524021,4485921,Nitrats (aigua de mar)
after_2007,0004,0008,F040101,L'Ametlla de Mar - R33 (43 104 S01),310443,4524021,4486753,Nitrits (aigua de mar)
after_2007,0004,0008,F040101,L'Ametlla de Mar - R33 (43 104 S01),310443,4524021,4487585,Amoni (aigua de mar)
after_2007,0004,0008,F040101,L'Ametlla de Mar - R33 (43 104 S01),310443,4524021,4488417,Fosfats (aigua de mar)
after_2007,0004,0008,F040101,L'Ametlla de Mar - R33 (43 104 S01),310443,4524021,4489249,Silicats (aigua de mar)
after_2007,0004,0008,F040101,L'Ametlla de Mar - R33 (43 104 S01),310443,4524021,4500538,pH (camp)
after_2007,0004,0008,F040101,L'Ametlla de Mar - R33 (43 104 S01),310443,4524021,4500570,Oxigen dissolt (camp)
after_2007,0004,0008,F040101,L'Ametlla de Mar - R33 (43 104 S01),310443,4524021,4500599,% Saturació d'oxigen (camp)
after_2007,0004,0008,F040101,L'Ametlla de Mar - R33 (43 104 S01),310443,4524021,4506242,Salinitat (mostra)
after_2007,0004,0008,F040101,L'Ametlla de Mar - R33 (43 104 S01),310443,4524021,4529712,Oxigen dissolt
after_2007,0004,0008,F040101,L'Ametlla de Mar - R33 (43 104 S01),310443,4524021,4530119,% Saturació d'oxigen
after_2007,0004,0008,F040101,L'Ametlla de Mar - R33 (43 104 S01),310443,4524021,4530565,pH
after_2007,0004,0008,F040101,L'Ametlla de Mar - R33 (43 104 S01),310443,4524021,4536127,Conductivitat
after_2007,0004,0008,F040102,El Fangar - 279 (43 906 H01),307832,4516511,4472783,Temperatura aigua (mostra)
after_2007,0004,0008,F040102,El Fangar - 279 (43 906 H01),307832,4516511,4485922,Nitrats (aigua de mar)
after_2007,0004,0008,F040102,El Fangar - 279 (43 906 H01),307832,4516511,4486754,Nitrits (aigua de mar)
after_2007,0004,0008,F040102,El Fangar - 279 (43 906 H01),307832,4516511,4487586,Amoni (aigua de mar)
after_2007,0004,0008,F040102,El Fangar - 279 (43 906 H01),307832,4516511,4488418,Fosfats (aigua de mar)
after_2007,0004,0008,F040102,El Fangar - 279 (43 906 H01),307832,4516511,4489250,Silicats (aigua de mar)
after_2007,0004,0008,F040102,El Fangar - 279 (43 906 H01),307832,4516511,4500539,pH (camp)
after_2007,0004,0008,F040102,El Fangar - 279 (43 906 H01),307832,4516511,4500571,Oxigen dissolt (camp)
after_2007,0004,0008,F040102,El Fangar - 279 (43 906 H01),307832,4516511,4500600,% Saturació d'oxigen (camp)
after_2007,0004,0008,F040102,El Fangar - 279 (43 906 H01),307832,4516511,4506243,Salinitat (mostra)
after_2007,0004,0008,F040102,El Fangar - 279 (43 906 H01),307832,4516511,4530152,% Saturació d'oxigen
after_2007,0004,0008,F040102,El Fangar - 279 (43 906 H01),307832,4516511,4530600,pH
after_2007,0004,0008,F040103,Els Alfacs - 282 (43 014 M01),304418,4500798,4472771,Temperatura aigua (mostra)
after_2007,0004,0008,F040103,Els Alfacs - 282 (43 014 M01),304418,4500798,4485923,Nitrats (aigua de mar)
after_2007,0004,0008,F040103,Els Alfacs - 282 (43 014 M01),304418,4500798,4486755,Nitrits (aigua de mar)
after_2007,0004,0008,F040103,Els Alfacs - 282 (43 014 M01),304418,4500798,4487587,Amoni (aigua de mar)
after_2007,0004,0008,F040103,Els Alfacs - 282 (43 014 M01),304418,4500798,4488419,Fosfats (aigua de mar)
after_2007,0004,0008,F040103,Els Alfacs - 282 (43 014 M01),304418,4500798,4489251,Silicats (aigua de mar)
after_2007,0004,0008,F040103,Els Alfacs - 282 (43 014 M01),304418,4500798,4500540,pH (camp)
after_2007,0004,0008,F040103,Els Alfacs - 282 (43 014 M01),304418,4500798,4500572,Oxigen dissolt (camp)
after_2007,0004,0008,F040103,Els Alfacs - 282 (43 014 M01),304418,4500798,4500601,% Saturació d'oxigen (camp)
after_2007,0004,0008,F040103,Els Alfacs - 282 (43 014 M01),304418,4500798,4506244,Salinitat (mostra)
after_2007,0004,0008,F040103,Els Alfacs - 282 (43 014 M01),304418,4500798,4529763,Oxigen dissolt
after_2007,0004,0008,F040103,Els Alfacs - 282 (43 014 M01),304418,4500798,4530171,% Saturació d'oxigen
after_2007,0004,0008,F040103,Els Alfacs - 282 (43 014 M01),304418,4500798,4530619,pH
after_2007,0004,0008,F040103,Els Alfacs - 282 (43 014 M01),304418,4500798,4536198,Conductivitat
after_2007,0004,0008,F040104,Els Alfacs - 283 (43 136 I01),299097,4499546,4472760,Temperatura aigua (mostra)
after_2007,0004,0008,F040104,Els Alfacs - 283 (43 136 I01),299097,4499546,4485924,Nitrats (aigua de mar)
after_2007,0004,0008,F040104,Els Alfacs - 283 (43 136 I01),299097,4499546,4486756,Nitrits (aigua de mar)
after_2007,0004,0008,F040104,Els Alfacs - 283 (43 136 I01),299097,4499546,4487588,Amoni (aigua de mar)
after_2007,0004,0008,F040104,Els Alfacs - 283 (43 136 I01),299097,4499546,4488420,Fosfats (aigua de mar)
after_2007,0004,0008,F040104,Els Alfacs - 283 (43 136 I01),299097,4499546,4489252,Silicats (aigua de mar)
after_2007,0004,0008,F040104,Els Alfacs - 283 (43 136 I01),299097,4499546,4500541,pH (camp)
after_2007,0004,0008,F040104,Els Alfacs - 283 (43 136 I01),299097,4499546,4500573,Oxigen dissolt (camp)
after_2007,0004,0008,F040104,Els Alfacs - 283 (43 136 I01),299097,4499546,4500602,% Saturació d'oxigen (camp)
after_2007,0004,0008,F040104,Els Alfacs - 283 (43 136 I01),299097,4499546,4506245,Salinitat (mostra)
after_2007,0004,0008,F040104,Els Alfacs - 283 (43 136 I01),299097,4499546,4529764,Oxigen dissolt
after_2007,0004,0008,F040104,Els Alfacs - 283 (43 136 I01),299097,4499546,4530172,% Saturació d'oxigen
after_2007,0004,0008,F040104,Els Alfacs - 283 (43 136 I01),299097,4499546,4530620,pH
after_2007,0004,0008,F040104,Els Alfacs - 283 (43 136 I01),299097,4499546,4536199,Conductivitat
after_2007,0004,0008,F040105,Canyelles - MITC101000061 - CRO03 CMFI - CRO03,514995,4676473,4485925,Nitrats (aigua de mar)
after_2007,0004,0008,F040105,Canyelles - MITC101000061 - CRO03 CMFI - CRO03,514995,4676473,4486757,Nitrits (aigua de mar)
after_2007,0004,0008,F040105,Canyelles - MITC101000061 - CRO03 CMFI - CRO03,514995,4676473,4487589,Amoni (aigua de mar)
after_2007,0004,0008,F040105,Canyelles - MITC101000061 - CRO03 CMFI - CRO03,514995,4676473,4488421,Fosfats (aigua de mar)
after_2007,0004,0008,F040105,Canyelles - MITC101000061 - CRO03 CMFI - CRO03,514995,4676473,4489253,Silicats (aigua de mar)
after_2007,0004,0008,F040105,Canyelles - MITC101000061 - CRO03 CMFI - CRO03,514995,4676473,4489672,Temperatura aigua (mostra)
after_2007,0004,0008,F040105,Canyelles - MITC101000061 - CRO03 CMFI - CRO03,514995,4676473,4506261,Salinitat (mostra)
after_2007,0004,0008,F040105,Canyelles - MITC101000061 - CRO03 CMFI - CRO03,514995,4676473,4529439,Oxigen dissolt
after_2007,0004,0008,F040105,Canyelles - MITC101000061 - CRO03 CMFI - CRO03,514995,4676473,4529846,% Saturació d'oxigen
after_2007,0004,0008,F040105,Canyelles - MITC101000061 - CRO03 CMFI - CRO03,514995,4676473,4530265,pH
after_2007,0004,0008,F040105,Canyelles - MITC101000061 - CRO03 CMFI - CRO03,514995,4676473,4531175,Transparència (disc de Secchi)
after_2007,0004,0008,F040105,Canyelles - MITC101000061 - CRO03 CMFI - CRO03,514995,4676473,4532142,Sigma T
after_2007,0004,0008,F040105,Canyelles - MITC101000061 - CRO03 CMFI - CRO03,514995,4676473,4532633,Temperatura aigua (CTD)
after_2007,0004,0008,F040105,Canyelles - MITC101000061 - CRO03 CMFI - CRO03,514995,4676473,4533124,Salinitat (CTD)
after_2007,0004,0008,F040105,Canyelles - MITC101000061 - CRO03 CMFI - CRO03,514995,4676473,4535767,Conductivitat
after_2007,0004,0008,F040105,Canyelles - MITC101000061 - CRO03 CMFI - CRO03,514995,4676473,4536300,pH (CTD)
after_2007,0004,0008,F040105,Canyelles - MITC101000061 - CRO03 CMFI - CRO03,514995,4676473,4592196,Terbolesa (CTD)
after_2007,0004,0008,F040105,Canyelles - MITC101000061 - CRO03 CMFI - CRO03,514995,4676473,4592252,% Saturació d'oxigen (CTD)
after_2007,0004,0008,F040105,Canyelles - MITC101000061 - CRO03 CMFI - CRO03,514995,4676473,4592334,Oxigen dissolt (CTD)
after_2007,0004,0008,F040106,Roses - Castelló d'Empúries - MITC101000071 - ROS01 CM,513550,4677589,4485926,Nitrats (aigua de mar)
after_2007,0004,0008,F040106,Roses - Castelló d'Empúries - MITC101000071 - ROS01 CM,513550,4677589,4486758,Nitrits (aigua de mar)
after_2007,0004,0008,F040106,Roses - Castelló d'Empúries - MITC101000071 - ROS01 CM,513550,4677589,4487590,Amoni (aigua de mar)
after_2007,0004,0008,F040106,Roses - Castelló d'Empúries - MITC101000071 - ROS01 CM,513550,4677589,4488422,Fosfats (aigua de mar)
after_2007,0004,0008,F040106,Roses - Castelló d'Empúries - MITC101000071 - ROS01 CM,513550,4677589,4489254,Silicats (aigua de mar)
after_2007,0004,0008,F040106,Roses - Castelló d'Empúries - MITC101000071 - ROS01 CM,513550,4677589,4489671,Temperatura aigua (mostra)
after_2007,0004,0008,F040106,Roses - Castelló d'Empúries - MITC101000071 - ROS01 CM,513550,4677589,4500543,pH (camp)
after_2007,0004,0008,F040106,Roses - Castelló d'Empúries - MITC101000071 - ROS01 CM,513550,4677589,4500575,Oxigen dissolt (camp)
after_2007,0004,0008,F040106,Roses - Castelló d'Empúries - MITC101000071 - ROS01 CM,513550,4677589,4500604,% Saturació d'oxigen (camp)
after_2007,0004,0008,F040106,Roses - Castelló d'Empúries - MITC101000071 - ROS01 CM,513550,4677589,4506262,Salinitat (mostra)
after_2007,0004,0008,F040106,Roses - Castelló d'Empúries - MITC101000071 - ROS01 CM,513550,4677589,4529448,Oxigen dissolt
after_2007,0004,0008,F040106,Roses - Castelló d'Empúries - MITC101000071 - ROS01 CM,513550,4677589,4529855,% Saturació d'oxigen
after_2007,0004,0008,F040106,Roses - Castelló d'Empúries - MITC101000071 - ROS01 CM,513550,4677589,4530275,pH
after_2007,0004,0008,F040106,Roses - Castelló d'Empúries - MITC101000071 - ROS01 CM,513550,4677589,4531186,Transparència (disc de Secchi)
after_2007,0004,0008,F040106,Roses - Castelló d'Empúries - MITC101000071 - ROS01 CM,513550,4677589,4532153,Sigma T
after_2007,0004,0008,F040106,Roses - Castelló d'Empúries - MITC101000071 - ROS01 CM,513550,4677589,4532644,Temperatura aigua (CTD)
after_2007,0004,0008,F040106,Roses - Castelló d'Empúries - MITC101000071 - ROS01 CM,513550,4677589,4533135,Salinitat (CTD)
after_2007,0004,0008,F040106,Roses - Castelló d'Empúries - MITC101000071 - ROS01 CM,513550,4677589,4535779,Conductivitat
after_2007,0004,0008,F040106,Roses - Castelló d'Empúries - MITC101000071 - ROS01 CM,513550,4677589,4536312,pH (CTD)
after_2007,0004,0008,F040106,Roses - Castelló d'Empúries - MITC101000071 - ROS01 CM,513550,4677589,4592197,Terbolesa (CTD)
after_2007,0004,0008,F040106,Roses - Castelló d'Empúries - MITC101000071 - ROS01 CM,513550,4677589,4592251,% Saturació d'oxigen (CTD)
after_2007,0004,0008,F040106,Roses - Castelló d'Empúries - MITC101000071 - ROS01 CM,513550,4677589,4592333,Oxigen dissolt (CTD)
after_2007,0004,0008,F040107,Begur - Blanes - MITC101000141,487356,4614786,4485927,Nitrats (aigua de mar)
after_2007,0004,0008,F040107,Begur - Blanes - MITC101000141,487356,4614786,4486759,Nitrits (aigua de mar)
after_2007,0004,0008,F040107,Begur - Blanes - MITC101000141,487356,4614786,4487591,Amoni (aigua de mar)
after_2007,0004,0008,F040107,Begur - Blanes - MITC101000141,487356,4614786,4488423,Fosfats (aigua de mar)
after_2007,0004,0008,F040107,Begur - Blanes - MITC101000141,487356,4614786,4489255,Silicats (aigua de mar)
after_2007,0004,0008,F040107,Begur - Blanes - MITC101000141,487356,4614786,4489539,Temperatura aigua (mostra)
after_2007,0004,0008,F040107,Begur - Blanes - MITC101000141,487356,4614786,4506263,Salinitat (mostra)
after_2007,0004,0008,F040107,Begur - Blanes - MITC101000141,487356,4614786,4529513,Oxigen dissolt
after_2007,0004,0008,F040107,Begur - Blanes - MITC101000141,487356,4614786,4529920,% Saturació d'oxigen
after_2007,0004,0008,F040107,Begur - Blanes - MITC101000141,487356,4614786,4530346,pH
after_2007,0004,0008,F040107,Begur - Blanes - MITC101000141,487356,4614786,4531266,Transparència (disc de Secchi)
after_2007,0004,0008,F040107,Begur - Blanes - MITC101000141,487356,4614786,4532233,Sigma T
after_2007,0004,0008,F040107,Begur - Blanes - MITC101000141,487356,4614786,4532724,Temperatura aigua (CTD)
after_2007,0004,0008,F040107,Begur - Blanes - MITC101000141,487356,4614786,4533215,Salinitat (CTD)
after_2007,0004,0008,F040107,Begur - Blanes - MITC101000141,487356,4614786,4535865,Conductivitat
after_2007,0004,0008,F040107,Begur - Blanes - MITC101000141,487356,4614786,4536398,pH (CTD)
after_2007,0004,0008,F040107,Begur - Blanes - MITC101000141,487356,4614786,4592198,Terbolesa (CTD)
after_2007,0004,0008,F040107,Begur - Blanes - MITC101000141,487356,4614786,4592244,% Saturació d'oxigen (CTD)
after_2007,0004,0008,F040107,Begur - Blanes - MITC101000141,487356,4614786,4592326,Oxigen dissolt (CTD)
after_2007,0004,0008,F040109,El Fangar - MITB091000012 - AMP01,307460,4519307,4485928,Nitrats (aigua de mar)
after_2007,0004,0008,F040109,El Fangar - MITB091000012 - AMP01,307460,4519307,4486760,Nitrits (aigua de mar)
after_2007,0004,0008,F040109,El Fangar - MITB091000012 - AMP01,307460,4519307,4487592,Amoni (aigua de mar)
after_2007,0004,0008,F040109,El Fangar - MITB091000012 - AMP01,307460,4519307,4488424,Fosfats (aigua de mar)
after_2007,0004,0008,F040109,El Fangar - MITB091000012 - AMP01,307460,4519307,4489256,Silicats (aigua de mar)
after_2007,0004,0008,F040109,El Fangar - MITB091000012 - AMP01,307460,4519307,4489510,Temperatura aigua (mostra)
after_2007,0004,0008,F040109,El Fangar - MITB091000012 - AMP01,307460,4519307,4506268,Salinitat (mostra)
after_2007,0004,0008,F040109,El Fangar - MITB091000012 - AMP01,307460,4519307,4529747,Oxigen dissolt
after_2007,0004,0008,F040109,El Fangar - MITB091000012 - AMP01,307460,4519307,4530155,% Saturació d'oxigen
after_2007,0004,0008,F040109,El Fangar - MITB091000012 - AMP01,307460,4519307,4530603,pH
after_2007,0004,0008,F040109,El Fangar - MITB091000012 - AMP01,307460,4519307,4531546,Transparència (disc de Secchi)
after_2007,0004,0008,F040109,El Fangar - MITB091000012 - AMP01,307460,4519307,4532526,Sigma T
after_2007,0004,0008,F040109,El Fangar - MITB091000012 - AMP01,307460,4519307,4533017,Temperatura aigua (CTD)
after_2007,0004,0008,F040109,El Fangar - MITB091000012 - AMP01,307460,4519307,4533508,Salinitat (CTD)
after_2007,0004,0008,F040109,El Fangar - MITB091000012 - AMP01,307460,4519307,4536181,Conductivitat
after_2007,0004,0008,F040109,El Fangar - MITB091000012 - AMP01,307460,4519307,4536714,pH (CTD)
after_2007,0004,0008,F040109,El Fangar - MITB091000012 - AMP01,307460,4519307,4592199,Terbolesa (CTD)
after_2007,0004,0008,F040109,El Fangar - MITB091000012 - AMP01,307460,4519307,4592242,% Saturació d'oxigen (CTD)
after_2007,0004,0008,F040109,El Fangar - MITB091000012 - AMP01,307460,4519307,4592324,Oxigen dissolt (CTD)
after_2007,0004,0008,F040276,Blanes - Pineda de Mar - 285 (08 110 F01),481183,4610766,4485891,Nitrats (aigua de mar)
after_2007,0004,0008,F040276,Blanes - Pineda de Mar - 285 (08 110 F01),481183,4610766,4486723,Nitrits (aigua de mar)
after_2007,0004,0008,F040276,Blanes - Pineda de Mar - 285 (08 110 F01),481183,4610766,4487555,Amoni (aigua de mar)
after_2007,0004,0008,F040276,Blanes - Pineda de Mar - 285 (08 110 F01),481183,4610766,4488387,Fosfats (aigua de mar)
after_2007,0004,0008,F040276,Blanes - Pineda de Mar - 285 (08 110 F01),481183,4610766,4489219,Silicats (aigua de mar)
after_2007,0004,0008,F040276,Blanes - Pineda de Mar - 285 (08 110 F01),481183,4610766,4489757,Temperatura aigua (mostra)
after_2007,0004,0008,F040276,Blanes - Pineda de Mar - 285 (08 110 F01),481183,4610766,4500547,pH (camp)
after_2007,0004,0008,F040276,Blanes - Pineda de Mar - 285 (08 110 F01),481183,4610766,4500579,Oxigen dissolt (camp)
after_2007,0004,0008,F040276,Blanes - Pineda de Mar - 285 (08 110 F01),481183,4610766,4500608,% Saturació d'oxigen (camp)
after_2007,0004,0008,F040276,Blanes - Pineda de Mar - 285 (08 110 F01),481183,4610766,4506271,Salinitat (mostra)
after_2007,0004,0008,F040276,Blanes - Pineda de Mar - 285 (08 110 F01),481183,4610766,4529534,Oxigen dissolt
after_2007,0004,0008,F040276,Blanes - Pineda de Mar - 285 (08 110 F01),481183,4610766,4529941,% Saturació d'oxigen
after_2007,0004,0008,F040276,Blanes - Pineda de Mar - 285 (08 110 F01),481183,4610766,4530367,pH
after_2007,0004,0008,F040276,Blanes - Pineda de Mar - 285 (08 110 F01),481183,4610766,4535888,Conductivitat
after_2007,0004,0008,F040277,Mataró - Montgat - R40 (08 029 F01),451088,4595936,4485892,Nitrats (aigua de mar)
after_2007,0004,0008,F040277,Mataró - Montgat - R40 (08 029 F01),451088,4595936,4486724,Nitrits (aigua de mar)
after_2007,0004,0008,F040277,Mataró - Montgat - R40 (08 029 F01),451088,4595936,4487556,Amoni (aigua de mar)
after_2007,0004,0008,F040277,Mataró - Montgat - R40 (08 029 F01),451088,4595936,4488388,Fosfats (aigua de mar)
after_2007,0004,0008,F040277,Mataró - Montgat - R40 (08 029 F01),451088,4595936,4489220,Silicats (aigua de mar)
after_2007,0004,0008,F040277,Mataró - Montgat - R40 (08 029 F01),451088,4595936,4489769,Temperatura aigua (mostra)
after_2007,0004,0008,F040277,Mataró - Montgat - R40 (08 029 F01),451088,4595936,4500548,pH (camp)
after_2007,0004,0008,F040277,Mataró - Montgat - R40 (08 029 F01),451088,4595936,4500580,Oxigen dissolt (camp)
after_2007,0004,0008,F040277,Mataró - Montgat - R40 (08 029 F01),451088,4595936,4500609,% Saturació d'oxigen (camp)
after_2007,0004,0008,F040277,Mataró - Montgat - R40 (08 029 F01),451088,4595936,4506270,Salinitat (mostra)
after_2007,0004,0008,F040277,Mataró - Montgat - R40 (08 029 F01),451088,4595936,4529554,Oxigen dissolt
after_2007,0004,0008,F040277,Mataró - Montgat - R40 (08 029 F01),451088,4595936,4529961,% Saturació d'oxigen
after_2007,0004,0008,F040277,Mataró - Montgat - R40 (08 029 F01),451088,4595936,4530391,pH
after_2007,0004,0008,F040277,Mataró - Montgat - R40 (08 029 F01),451088,4595936,4535918,Conductivitat
after_2007,0004,0008,F040278,Sant Adrià de Besòs - Barceloneta - 286 (08 015 F01),436554,4586969,4473104,Temperatura aigua (mostra)
after_2007,0004,0008,F040278,Sant Adrià de Besòs - Barceloneta - 286 (08 015 F01),436554,4586969,4473105,% Saturació d'oxigen (lab)
after_2007,0004,0008,F040278,Sant Adrià de Besòs - Barceloneta - 286 (08 015 F01),436554,4586969,4473106,Oxigen dissolt (camp)
after_2007,0004,0008,F040278,Sant Adrià de Besòs - Barceloneta - 286 (08 015 F01),436554,4586969,4473107,pH (camp)
after_2007,0004,0008,F040278,Sant Adrià de Besòs - Barceloneta - 286 (08 015 F01),436554,4586969,4485893,Nitrats (aigua de mar)
after_2007,0004,0008,F040278,Sant Adrià de Besòs - Barceloneta - 286 (08 015 F01),436554,4586969,4486725,Nitrits (aigua de mar)
after_2007,0004,0008,F040278,Sant Adrià de Besòs - Barceloneta - 286 (08 015 F01),436554,4586969,4487557,Amoni (aigua de mar)
after_2007,0004,0008,F040278,Sant Adrià de Besòs - Barceloneta - 286 (08 015 F01),436554,4586969,4488389,Fosfats (aigua de mar)
after_2007,0004,0008,F040278,Sant Adrià de Besòs - Barceloneta - 286 (08 015 F01),436554,4586969,4489221,Silicats (aigua de mar)
after_2007,0004,0008,F040278,Sant Adrià de Besòs - Barceloneta - 286 (08 015 F01),436554,4586969,4506252,Salinitat (mostra)
after_2007,0004,0008,F040278,Sant Adrià de Besòs - Barceloneta - 286 (08 015 F01),436554,4586969,4529562,Oxigen dissolt
after_2007,0004,0008,F040278,Sant Adrià de Besòs - Barceloneta - 286 (08 015 F01),436554,4586969,4529969,% Saturació d'oxigen
after_2007,0004,0008,F040278,Sant Adrià de Besòs - Barceloneta - 286 (08 015 F01),436554,4586969,4530400,pH
after_2007,0004,0008,F040278,Sant Adrià de Besòs - Barceloneta - 286 (08 015 F01),436554,4586969,4535928,Conductivitat
after_2007,0004,0008,F040280,El Prat de Llobregat - Castelldefels - D10 (08 089 Z01),420069,4569261,4473222,Temperatura aigua (mostra)
after_2007,0004,0008,F040280,El Prat de Llobregat - Castelldefels - D10 (08 089 Z01),420069,4569261,4473223,% Saturació d'oxigen (lab)
after_2007,0004,0008,F040280,El Prat de Llobregat - Castelldefels - D10 (08 089 Z01),420069,4569261,4473224,Oxigen dissolt (camp)
after_2007,0004,0008,F040280,El Prat de Llobregat - Castelldefels - D10 (08 089 Z01),420069,4569261,4473225,pH (camp)
after_2007,0004,0008,F040280,El Prat de Llobregat - Castelldefels - D10 (08 089 Z01),420069,4569261,4485895,Nitrats (aigua de mar)
after_2007,0004,0008,F040280,El Prat de Llobregat - Castelldefels - D10 (08 089 Z01),420069,4569261,4486727,Nitrits (aigua de mar)
after_2007,0004,0008,F040280,El Prat de Llobregat - Castelldefels - D10 (08 089 Z01),420069,4569261,4487559,Amoni (aigua de mar)
after_2007,0004,0008,F040280,El Prat de Llobregat - Castelldefels - D10 (08 089 Z01),420069,4569261,4488391,Fosfats (aigua de mar)
after_2007,0004,0008,F040280,El Prat de Llobregat - Castelldefels - D10 (08 089 Z01),420069,4569261,4489223,Silicats (aigua de mar)
after_2007,0004,0008,F040280,El Prat de Llobregat - Castelldefels - D10 (08 089 Z01),420069,4569261,4506255,Salinitat (mostra)
after_2007,0004,0008,F042125,Barceloneta - Zona II Port Barcelona - MITC101000201 - BCN CMFI,431736,4576156,4044011,Amoni
after_2007,0004,0008,F042125,Barceloneta - Zona II Port Barcelona - MITC101000201 - BCN CMFI,431736,4576156,4044013,Fosfats
after_2007,0004,0008,F042125,Barceloneta - Zona II Port Barcelona - MITC101000201 - BCN CMFI,431736,4576156,4044014,Nitrats
after_2007,0004,0008,F042125,Barceloneta - Zona II Port Barcelona - MITC101000201 - BCN CMFI,431736,4576156,4044015,Nitrits
after_2007,0004,0008,F042125,Barceloneta - Zona II Port Barcelona - MITC101000201 - BCN CMFI,431736,4576156,4044016,Silicats
after_2007,0004,0008,F042125,Barceloneta - Zona II Port Barcelona - MITC101000201 - BCN CMFI,431736,4576156,4485897,Nitrats (aigua de mar)
after_2007,0004,0008,F042125,Barceloneta - Zona II Port Barcelona - MITC101000201 - BCN CMFI,431736,4576156,4486729,Nitrits (aigua de mar)
after_2007,0004,0008,F042125,Barceloneta - Zona II Port Barcelona - MITC101000201 - BCN CMFI,431736,4576156,4487561,Amoni (aigua de mar)
after_2007,0004,0008,F042125,Barceloneta - Zona II Port Barcelona - MITC101000201 - BCN CMFI,431736,4576156,4488393,Fosfats (aigua de mar)
after_2007,0004,0008,F042125,Barceloneta - Zona II Port Barcelona - MITC101000201 - BCN CMFI,431736,4576156,4489225,Silicats (aigua de mar)
after_2007,0004,0008,F042125,Barceloneta - Zona II Port Barcelona - MITC101000201 - BCN CMFI,431736,4576156,4489296,Temperatura aigua (mostra)
after_2007,0004,0008,F042125,Barceloneta - Zona II Port Barcelona - MITC101000201 - BCN CMFI,431736,4576156,4506264,Salinitat (mostra)
after_2007,0004,0008,F042125,Barceloneta - Zona II Port Barcelona - MITC101000201 - BCN CMFI,431736,4576156,4529589,Oxigen dissolt
after_2007,0004,0008,F042125,Barceloneta - Zona II Port Barcelona - MITC101000201 - BCN CMFI,431736,4576156,4529996,% Saturació d'oxigen
after_2007,0004,0008,F042125,Barceloneta - Zona II Port Barcelona - MITC101000201 - BCN CMFI,431736,4576156,4530428,pH
after_2007,0004,0008,F042125,Barceloneta - Zona II Port Barcelona - MITC101000201 - BCN CMFI,431736,4576156,4531355,Transparència (disc de Secchi)
after_2007,0004,0008,F042125,Barceloneta - Zona II Port Barcelona - MITC101000201 - BCN CMFI,431736,4576156,4532326,Sigma T
after_2007,0004,0008,F042125,Barceloneta - Zona II Port Barcelona - MITC101000201 - BCN CMFI,431736,4576156,4532817,Temperatura aigua (CTD)
after_2007,0004,0008,F042125,Barceloneta - Zona II Port Barcelona - MITC101000201 - BCN CMFI,431736,4576156,4533308,Salinitat (CTD)
after_2007,0004,0008,F042125,Barceloneta - Zona II Port Barcelona - MITC101000201 - BCN CMFI,431736,4576156,4535964,Conductivitat
after_2007,0004,0008,F042125,Barceloneta - Zona II Port Barcelona - MITC101000201 - BCN CMFI,431736,4576156,4536497,pH (CTD)
after_2007,0004,0008,F042125,Barceloneta - Zona II Port Barcelona - MITC101000201 - BCN CMFI,431736,4576156,4592200,Terbolesa (CTD)
after_2007,0004,0008,F042125,Barceloneta - Zona II Port Barcelona - MITC101000201 - BCN CMFI,431736,4576156,4592217,% Saturació d'oxigen (CTD)
after_2007,0004,0008,F042125,Barceloneta - Zona II Port Barcelona - MITC101000201 - BCN CMFI,431736,4576156,4592299,Oxigen dissolt (CTD)
after_2007,0004,0008,F042126,El Fangar - MITB091000011 - BFA02 CM - BFA02,309775,4516226,3119112,Amoni
after_2007,0004,0008,F042126,El Fangar - MITB091000011 - BFA02 CM - BFA02,309775,4516226,3119114,Fosfats
after_2007,0004,0008,F042126,El Fangar - MITB091000011 - BFA02 CM - BFA02,309775,4516226,3119115,Nitrats
after_2007,0004,0008,F042126,El Fangar - MITB091000011 - BFA02 CM - BFA02,309775,4516226,3119116,Nitrits
after_2007,0004,0008,F042126,El Fangar - MITB091000011 - BFA02 CM - BFA02,309775,4516226,3119117,Silicats
after_2007,0004,0008,F042126,El Fangar - MITB091000011 - BFA02 CM - BFA02,309775,4516226,4485898,Nitrats (aigua de mar)
after_2007,0004,0008,F042126,El Fangar - MITB091000011 - BFA02 CM - BFA02,309775,4516226,4486730,Nitrits (aigua de mar)
after_2007,0004,0008,F042126,El Fangar - MITB091000011 - BFA02 CM - BFA02,309775,4516226,4487562,Amoni (aigua de mar)
after_2007,0004,0008,F042126,El Fangar - MITB091000011 - BFA02 CM - BFA02,309775,4516226,4488394,Fosfats (aigua de mar)
after_2007,0004,0008,F042126,El Fangar - MITB091000011 - BFA02 CM - BFA02,309775,4516226,4489226,Silicats (aigua de mar)
after_2007,0004,0008,F042126,El Fangar - MITB091000011 - BFA02 CM - BFA02,309775,4516226,4489359,Temperatura aigua (mostra)
after_2007,0004,0008,F042126,El Fangar - MITB091000011 - BFA02 CM - BFA02,309775,4516226,4500550,pH (camp)
after_2007,0004,0008,F042126,El Fangar - MITB091000011 - BFA02 CM - BFA02,309775,4516226,4500582,Oxigen dissolt (camp)
after_2007,0004,0008,F042126,El Fangar - MITB091000011 - BFA02 CM - BFA02,309775,4516226,4500611,% Saturació d'oxigen (camp)
after_2007,0004,0008,F042126,El Fangar - MITB091000011 - BFA02 CM - BFA02,309775,4516226,4506267,Salinitat (mostra)
after_2007,0004,0008,F042126,El Fangar - MITB091000011 - BFA02 CM - BFA02,309775,4516226,4529746,Oxigen dissolt
after_2007,0004,0008,F042126,El Fangar - MITB091000011 - BFA02 CM - BFA02,309775,4516226,4530154,% Saturació d'oxigen
after_2007,0004,0008,F042126,El Fangar - MITB091000011 - BFA02 CM - BFA02,309775,4516226,4530602,pH
after_2007,0004,0008,F042126,El Fangar - MITB091000011 - BFA02 CM - BFA02,309775,4516226,4531545,Transparència (disc de Secchi)
after_2007,0004,0008,F042126,El Fangar - MITB091000011 - BFA02 CM - BFA02,309775,4516226,4532034,Fluorescència nova
after_2007,0004,0008,F042126,El Fangar - MITB091000011 - BFA02 CM - BFA02,309775,4516226,4532525,Sigma T
after_2007,0004,0008,F042126,El Fangar - MITB091000011 - BFA02 CM - BFA02,309775,4516226,4533016,Temperatura aigua (CTD)
after_2007,0004,0008,F042126,El Fangar - MITB091000011 - BFA02 CM - BFA02,309775,4516226,4533507,Salinitat (CTD)
after_2007,0004,0008,F042126,El Fangar - MITB091000011 - BFA02 CM - BFA02,309775,4516226,4533998,Terbolesa (CTD)
after_2007,0004,0008,F042126,El Fangar - MITB091000011 - BFA02 CM - BFA02,309775,4516226,4536180,Conductivitat
after_2007,0004,0008,F042126,El Fangar - MITB091000011 - BFA02 CM - BFA02,309775,4516226,4536713,pH (CTD)
after_2007,0004,0008,F042126,El Fangar - MITB091000011 - BFA02 CM - BFA02,309775,4516226,4592226,% Saturació d'oxigen (CTD)
after_2007,0004,0008,F042126,El Fangar - MITB091000011 - BFA02 CM - BFA02,309775,4516226,4592308,Oxigen dissolt (CTD)
after_2007,0004,0008,F042127,Els Alfacs - MITB091000031 - BAL03 CM - BAL03,295270,4495430,4485899,Nitrats (aigua de mar)
after_2007,0004,0008,F042127,Els Alfacs - MITB091000031 - BAL03 CM - BAL03,295270,4495430,4486731,Nitrits (aigua de mar)
after_2007,0004,0008,F042127,Els Alfacs - MITB091000031 - BAL03 CM - BAL03,295270,4495430,4487563,Amoni (aigua de mar)
after_2007,0004,0008,F042127,Els Alfacs - MITB091000031 - BAL03 CM - BAL03,295270,4495430,4488395,Fosfats (aigua de mar)
after_2007,0004,0008,F042127,Els Alfacs - MITB091000031 - BAL03 CM - BAL03,295270,4495430,4489227,Silicats (aigua de mar)
after_2007,0004,0008,F042127,Els Alfacs - MITB091000031 - BAL03 CM - BAL03,295270,4495430,4489511,Temperatura aigua (mostra)
after_2007,0004,0008,F042127,Els Alfacs - MITB091000031 - BAL03 CM - BAL03,295270,4495430,4500551,pH (camp)
after_2007,0004,0008,F042127,Els Alfacs - MITB091000031 - BAL03 CM - BAL03,295270,4495430,4500583,Oxigen dissolt (camp)
after_2007,0004,0008,F042127,Els Alfacs - MITB091000031 - BAL03 CM - BAL03,295270,4495430,4500612,% Saturació d'oxigen (camp)
after_2007,0004,0008,F042127,Els Alfacs - MITB091000031 - BAL03 CM - BAL03,295270,4495430,4506269,Salinitat (mostra)
after_2007,0004,0008,F042127,Els Alfacs - MITB091000031 - BAL03 CM - BAL03,295270,4495430,4529765,Oxigen dissolt
after_2007,0004,0008,F042127,Els Alfacs - MITB091000031 - BAL03 CM - BAL03,295270,4495430,4530173,% Saturació d'oxigen
after_2007,0004,0008,F042127,Els Alfacs - MITB091000031 - BAL03 CM - BAL03,295270,4495430,4530622,pH
after_2007,0004,0008,F042127,Els Alfacs - MITB091000031 - BAL03 CM - BAL03,295270,4495430,4531566,Transparència (disc de Secchi)
after_2007,0004,0008,F042127,Els Alfacs - MITB091000031 - BAL03 CM - BAL03,295270,4495430,4532547,Sigma T
after_2007,0004,0008,F042127,Els Alfacs - MITB091000031 - BAL03 CM - BAL03,295270,4495430,4533038,Temperatura aigua (CTD)
after_2007,0004,0008,F042127,Els Alfacs - MITB091000031 - BAL03 CM - BAL03,295270,4495430,4533529,Salinitat (CTD)
after_2007,0004,0008,F042127,Els Alfacs - MITB091000031 - BAL03 CM - BAL03,295270,4495430,4536203,Conductivitat
after_2007,0004,0008,F042127,Els Alfacs - MITB091000031 - BAL03 CM - BAL03,295270,4495430,4536736,pH (CTD)
after_2007,0004,0008,F042127,Els Alfacs - MITB091000031 - BAL03 CM - BAL03,295270,4495430,4592201,Terbolesa (CTD)
after_2007,0004,0008,F042127,Els Alfacs - MITB091000031 - BAL03 CM - BAL03,295270,4495430,4592239,% Saturació d'oxigen (CTD)
after_2007,0004,0008,F042127,Els Alfacs - MITB091000031 - BAL03 CM - BAL03,295270,4495430,4592321,Oxigen dissolt (CTD)
after_2007,0004,0008,F043659,El Fangar - 1211 (43 906 H01),308107,4516136,4485900,Nitrats (aigua de mar)
after_2007,0004,0008,F043659,El Fangar - 1211 (43 906 H01),308107,4516136,4486732,Nitrits (aigua de mar)
after_2007,0004,0008,F043659,El Fangar - 1211 (43 906 H01),308107,4516136,4487564,Amoni (aigua de mar)
after_2007,0004,0008,F043659,El Fangar - 1211 (43 906 H01),308107,4516136,4488396,Fosfats (aigua de mar)
after_2007,0004,0008,F043659,El Fangar - 1211 (43 906 H01),308107,4516136,4489228,Silicats (aigua de mar)
after_2007,0004,0008,F043659,El Fangar - 1211 (43 906 H01),308107,4516136,4489754,Temperatura aigua (mostra)
after_2007,0004,0008,F043659,El Fangar - 1211 (43 906 H01),308107,4516136,4529343,Salinitat (mostra)
after_2007,0004,0008,F043659,El Fangar - 1211 (43 906 H01),308107,4516136,4529745,Oxigen dissolt
after_2007,0004,0008,F043659,El Fangar - 1211 (43 906 H01),308107,4516136,4530153,% Saturació d'oxigen
after_2007,0004,0008,F043659,El Fangar - 1211 (43 906 H01),308107,4516136,4530601,pH
after_2007,0004,0008,F043659,El Fangar - 1211 (43 906 H01),308107,4516136,4536177,Conductivitat
after_2007,0004,0008,F047667,Port de Barcelona - APB-36B1,430833,4578396,4569870,Amoni (aigua de mar)
after_2007,0004,0008,F047667,Port de Barcelona - APB-36B1,430833,4578396,4569873,Transparència (disc de Secchi)
after_2007,0004,0008,F047667,Port de Barcelona - APB-36B1,430833,4578396,4569874,Fluorescència nova
after_2007,0004,0008,F047667,Port de Barcelona - APB-36B1,430833,4578396,4569875,Fosfats (aigua de mar)
after_2007,0004,0008,F047667,Port de Barcelona - APB-36B1,430833,4578396,4569881,Nitrats (aigua de mar)
after_2007,0004,0008,F047667,Port de Barcelona - APB-36B1,430833,4578396,4569882,Nitrits (aigua de mar)
after_2007,0004,0008,F047667,Port de Barcelona - APB-36B1,430833,4578396,4569883,Oxigen dissolt
after_2007,0004,0008,F047667,Port de Barcelona - APB-36B1,430833,4578396,4569887,Salinitat (mostra)
after_2007,0004,0008,F047667,Port de Barcelona - APB-36B1,430833,4578396,4569888,Sigma T
after_2007,0004,0008,F047667,Port de Barcelona - APB-36B1,430833,4578396,4569889,Silicats (aigua de mar)
after_2007,0004,0008,F047667,Port de Barcelona - APB-36B1,430833,4578396,4569890,Temperatura aigua (mostra)
after_2007,0004,0008,F047667,Port de Barcelona - APB-36B1,430833,4578396,4569891,Terbolesa (CTD)
after_2007,0004,0008,F047667,Port de Barcelona - APB-36B1,430833,4578396,4592275,% Saturació d'oxigen (CTD)
after_2007,0004,0008,F047667,Port de Barcelona - APB-36B1,430833,4578396,4592357,Oxigen dissolt (CTD)
after_2007,0004,0008,F047667,Port de Barcelona - APB-36B1,430833,4578396,4592654,Temperatura aigua (CTD)
after_2007,0004,0008,F047667,Port de Barcelona - APB-36B1,430833,4578396,4592671,Salinitat (CTD)
after_2007,0004,0008,F047668,Port de Barcelona - APB-36B2,430280,4576252,4570051,Amoni (aigua de mar)
after_2007,0004,0008,F047668,Port de Barcelona - APB-36B2,430280,4576252,4570054,Transparència (disc de Secchi)
after_2007,0004,0008,F047668,Port de Barcelona - APB-36B2,430280,4576252,4570055,Fluorescència nova
after_2007,0004,0008,F047668,Port de Barcelona - APB-36B2,430280,4576252,4570056,Fosfats (aigua de mar)
after_2007,0004,0008,F047668,Port de Barcelona - APB-36B2,430280,4576252,4570062,Nitrats (aigua de mar)
after_2007,0004,0008,F047668,Port de Barcelona - APB-36B2,430280,4576252,4570063,Nitrits (aigua de mar)
after_2007,0004,0008,F047668,Port de Barcelona - APB-36B2,430280,4576252,4570064,Oxigen dissolt
after_2007,0004,0008,F047668,Port de Barcelona - APB-36B2,430280,4576252,4570068,Salinitat (mostra)
after_2007,0004,0008,F047668,Port de Barcelona - APB-36B2,430280,4576252,4570069,Sigma T
after_2007,0004,0008,F047668,Port de Barcelona - APB-36B2,430280,4576252,4570070,Silicats (aigua de mar)
after_2007,0004,0008,F047668,Port de Barcelona - APB-36B2,430280,4576252,4570071,Temperatura aigua (mostra)
after_2007,0004,0008,F047668,Port de Barcelona - APB-36B2,430280,4576252,4570072,Terbolesa (CTD)
after_2007,0004,0008,F047668,Port de Barcelona - APB-36B2,430280,4576252,4592276,% Saturació d'oxigen (CTD)
after_2007,0004,0008,F047668,Port de Barcelona - APB-36B2,430280,4576252,4592358,Oxigen dissolt (CTD)
after_2007,0004,0008,F047668,Port de Barcelona - APB-36B2,430280,4576252,4592655,Temperatura aigua (CTD)
after_2007,0004,0008,F047668,Port de Barcelona - APB-36B2,430280,4576252,4592672,Salinitat (CTD)
after_2007,0004,0008,F047669,Port de Barcelona - APB-36C,429257,4577096,4570079,Transparència (disc de Secchi)
after_2007,0004,0008,F047670,Port de Barcelona - APB-36D,429755,4573776,4570104,Amoni (aigua de mar)
after_2007,0004,0008,F047670,Port de Barcelona - APB-36D,429755,4573776,4570107,Transparència (disc de Secchi)
after_2007,0004,0008,F047670,Port de Barcelona - APB-36D,429755,4573776,4570108,Fluorescència nova
after_2007,0004,0008,F047670,Port de Barcelona - APB-36D,429755,4573776,4570109,Fosfats (aigua de mar)
after_2007,0004,0008,F047670,Port de Barcelona - APB-36D,429755,4573776,4570115,Nitrats (aigua de mar)
after_2007,0004,0008,F047670,Port de Barcelona - APB-36D,429755,4573776,4570116,Nitrits (aigua de mar)
after_2007,0004,0008,F047670,Port de Barcelona - APB-36D,429755,4573776,4570117,Oxigen dissolt
after_2007,0004,0008,F047670,Port de Barcelona - APB-36D,429755,4573776,4570121,Salinitat (mostra)
after_2007,0004,0008,F047670,Port de Barcelona - APB-36D,429755,4573776,4570122,Sigma T
after_2007,0004,0008,F047670,Port de Barcelona - APB-36D,429755,4573776,4570123,Silicats (aigua de mar)
after_2007,0004,0008,F047670,Port de Barcelona - APB-36D,429755,4573776,4570124,Temperatura aigua (mostra)
after_2007,0004,0008,F047670,Port de Barcelona - APB-36D,429755,4573776,4570125,Terbolesa (CTD)
after_2007,0004,0008,F047670,Port de Barcelona - APB-36D,429755,4573776,4592278,% Saturació d'oxigen (CTD)
after_2007,0004,0008,F047670,Port de Barcelona - APB-36D,429755,4573776,4592360,Oxigen dissolt (CTD)
after_2007,0004,0008,F047670,Port de Barcelona - APB-36D,429755,4573776,4592657,Temperatura aigua (CTD)
after_2007,0004,0008,F047670,Port de Barcelona - APB-36D,429755,4573776,4592674,Salinitat (CTD)
after_2007,0004,0008,F047671,Port de Tarragona - APT-PT07,350411,4551014,4570131,% Saturació d'oxigen
after_2007,0004,0008,F047671,Port de Tarragona - APT-PT07,350411,4551014,4570132,Amoni (aigua de mar)
after_2007,0004,0008,F047671,Port de Tarragona - APT-PT07,350411,4551014,4570135,Transparència (disc de Secchi)
after_2007,0004,0008,F047671,Port de Tarragona - APT-PT07,350411,4551014,4570137,Fosfats (aigua de mar)
after_2007,0004,0008,F047671,Port de Tarragona - APT-PT07,350411,4551014,4570143,Nitrats (aigua de mar)
after_2007,0004,0008,F047671,Port de Tarragona - APT-PT07,350411,4551014,4570144,Nitrits (aigua de mar)
after_2007,0004,0008,F047671,Port de Tarragona - APT-PT07,350411,4551014,4570145,Oxigen dissolt
after_2007,0004,0008,F047671,Port de Tarragona - APT-PT07,350411,4551014,4570147,pH
after_2007,0004,0008,F047671,Port de Tarragona - APT-PT07,350411,4551014,4570149,Salinitat (mostra)
after_2007,0004,0008,F047671,Port de Tarragona - APT-PT07,350411,4551014,4570151,Silicats (aigua de mar)
after_2007,0004,0008,F047671,Port de Tarragona - APT-PT07,350411,4551014,4570152,Temperatura aigua (mostra)
after_2007,0004,0008,F047671,Port de Tarragona - APT-PT07,350411,4551014,4570153,Terbolesa (CTD)
after_2007,0004,0008,F047671,Port de Tarragona - APT-PT07,350411,4551014,4572090,Carboni orgànic (en sediment)
after_2007,0004,0008,F047672,Port de Tarragona - APT-PT10,350408,4550015,4570159,% Saturació d'oxigen
after_2007,0004,0008,F047672,Port de Tarragona - APT-PT10,350408,4550015,4570160,Amoni (aigua de mar)
after_2007,0004,0008,F047672,Port de Tarragona - APT-PT10,350408,4550015,4570163,Transparència (disc de Secchi)
after_2007,0004,0008,F047672,Port de Tarragona - APT-PT10,350408,4550015,4570165,Fosfats (aigua de mar)
after_2007,0004,0008,F047672,Port de Tarragona - APT-PT10,350408,4550015,4570171,Nitrats (aigua de mar)
after_2007,0004,0008,F047672,Port de Tarragona - APT-PT10,350408,4550015,4570172,Nitrits (aigua de mar)
after_2007,0004,0008,F047672,Port de Tarragona - APT-PT10,350408,4550015,4570173,Oxigen dissolt
after_2007,0004,0008,F047672,Port de Tarragona - APT-PT10,350408,4550015,4570175,pH
after_2007,0004,0008,F047672,Port de Tarragona - APT-PT10,350408,4550015,4570177,Salinitat
after_2007,0004,0008,F047672,Port de Tarragona - APT-PT10,350408,4550015,4570179,Silicats (aigua de mar)
after_2007,0004,0008,F047672,Port de Tarragona - APT-PT10,350408,4550015,4570180,Temperatura de l'aigua (mostra)
after_2007,0004,0008,F047672,Port de Tarragona - APT-PT10,350408,4550015,4570181,Terbolesa (CTD)
after_2007,0004,0008,F047672,Port de Tarragona - APT-PT10,350408,4550015,4572234,Carboni orgànic (en sediment)
after_2007,0004,0008,F047673,Port de Tarragona - APT-PT11,352824,4552175,4570187,% Saturació d'oxigen
after_2007,0004,0008,F047673,Port de Tarragona - APT-PT11,352824,4552175,4570188,Amoni (aigua de mar)
after_2007,0004,0008,F047673,Port de Tarragona - APT-PT11,352824,4552175,4570191,Transparència (disc de Secchi)
after_2007,0004,0008,F047673,Port de Tarragona - APT-PT11,352824,4552175,4570193,Fosfats (aigua de mar)
after_2007,0004,0008,F047673,Port de Tarragona - APT-PT11,352824,4552175,4570199,Nitrats (aigua de mar)
after_2007,0004,0008,F047673,Port de Tarragona - APT-PT11,352824,4552175,4570200,Nitrits (aigua de mar)
after_2007,0004,0008,F047673,Port de Tarragona - APT-PT11,352824,4552175,4570201,Oxigen dissolt
after_2007,0004,0008,F047673,Port de Tarragona - APT-PT11,352824,4552175,4570203,pH
after_2007,0004,0008,F047673,Port de Tarragona - APT-PT11,352824,4552175,4570205,Salinitat (mostra)
after_2007,0004,0008,F047673,Port de Tarragona - APT-PT11,352824,4552175,4570207,Silicats (aigua de mar)
after_2007,0004,0008,F047673,Port de Tarragona - APT-PT11,352824,4552175,4570208,Temperatura aigua (mostra)
after_2007,0004,0008,F047673,Port de Tarragona - APT-PT11,352824,4552175,4570209,Terbolesa (CTD)
after_2007,0004,0008,F047673,Port de Tarragona - APT-PT11,352824,4552175,4572378,Carboni orgànic (en sediment)
after_2007,0004,0008,F047674,Port de Tarragona - APT-PT12,351225,4551528,4570212,% Saturació d'oxigen
after_2007,0004,0008,F047674,Port de Tarragona - APT-PT12,351225,4551528,4570213,Amoni (aigua de mar)
after_2007,0004,0008,F047674,Port de Tarragona - APT-PT12,351225,4551528,4570216,Transparència (disc de Secchi)
after_2007,0004,0008,F047674,Port de Tarragona - APT-PT12,351225,4551528,4570218,Fosfats (aigua de mar)
after_2007,0004,0008,F047674,Port de Tarragona - APT-PT12,351225,4551528,4570224,Nitrats (aigua de mar)
after_2007,0004,0008,F047674,Port de Tarragona - APT-PT12,351225,4551528,4570225,Nitrits (aigua de mar)
after_2007,0004,0008,F047674,Port de Tarragona - APT-PT12,351225,4551528,4570226,Oxigen dissolt
after_2007,0004,0008,F047674,Port de Tarragona - APT-PT12,351225,4551528,4570228,pH
after_2007,0004,0008,F047674,Port de Tarragona - APT-PT12,351225,4551528,4570230,Salinitat (mostra)
after_2007,0004,0008,F047674,Port de Tarragona - APT-PT12,351225,4551528,4570232,Silicats (aigua de mar)
after_2007,0004,0008,F047674,Port de Tarragona - APT-PT12,351225,4551528,4570233,Temperatura aigua (mostra)
after_2007,0004,0008,F047674,Port de Tarragona - APT-PT12,351225,4551528,4570234,Terbolesa (CTD)
after_2007,0004,0008,F047674,Port de Tarragona - APT-PT12,351225,4551528,4572522,Carboni orgànic (en sediment)
