period,network,subnetwork,station,station_name,x,y,variable_id,variable_name
after_2007,0006,0014,F000187,Bloc del Gaià-Bonastre - 43030-0014,370156,4563119,4259422,Nitrits
after_2007,0006,0014,F000187,Bloc del Gaià-Bonastre - 43030-0014,370156,4563119,4259423,Nitrats
after_2007,0006,0014,F000187,Bloc del Gaià-Bonastre - 43030-0014,370156,4563119,4259428,Amoni
after_2007,0006,0014,F000187,Bloc del Gaià-Bonastre - 43030-0014,370156,4563119,4259434,Fosfats
after_2007,0006,0014,F000573,Mesozoic de la Galera - 43052-0018,284270.24,4527006.68,4112816,Nitrits
after_2007,0006,0014,F000573,Mesozoic de la Galera - 43052-0018,284270.24,4527006.68,4112817,Nitrats
after_2007,0006,0014,F000573,Mesozoic de la Galera - 43052-0018,284270.24,4527006.68,4112818,Amoni
after_2007,0006,0014,F000573,Mesozoic de la Galera - 43052-0018,284270.24,4527006.68,4112819,Fosfats
after_2007,0006,0014,F002136,Tremp-Isona - 25098-0017,328175.36,4665824.56,1669436,Amoni
after_2007,0006,0014,F002136,Tremp-Isona - 25098-0017,328175.36,4665824.56,1690301,Nitrats
after_2007,0006,0014,F002136,Tremp-Isona - 25098-0017,328175.36,4665824.56,2679302,Nitrits
after_2007,0006,0014,F002136,Tremp-Isona - 25098-0017,328175.36,4665824.56,4362655,Fosfats
after_2007,0006,0014,F002171,N/D - Subterrània - 43146-0002,337381,4595021,1669830,Amoni
after_2007,0006,0014,F002171,N/D - Subterrània - 43146-0002,337381,4595021,1690695,Nitrats
after_2007,0006,0014,F002171,N/D - Subterrània - 43146-0002,337381,4595021,2679696,Nitrits
after_2007,0006,0014,F002171,N/D - Subterrània - 43146-0002,337381,4595021,4498204,Fosfats
after_2007,0006,0014,F002173,Plioquaternari de l'Onyar - 17233-0021,479311,4639595,1669832,Amoni
after_2007,0006,0014,F002173,Plioquaternari de l'Onyar - 17233-0021,479311,4639595,1690697,Nitrats
after_2007,0006,0014,F002173,Plioquaternari de l'Onyar - 17233-0021,479311,4639595,2679698,Nitrits
after_2007,0006,0014,F002173,Plioquaternari de l'Onyar - 17233-0021,479311,4639595,3113678,Fosfats
after_2007,0006,0014,F002180,Calcàries de Tàrrega - 43159-0002,354006.93,4602804.26,1669839,Amoni
after_2007,0006,0014,F002180,Calcàries de Tàrrega - 43159-0002,354006.93,4602804.26,1690704,Nitrats
after_2007,0006,0014,F002180,Calcàries de Tàrrega - 43159-0002,354006.93,4602804.26,2679705,Nitrits
after_2007,0006,0014,F002180,Calcàries de Tàrrega - 43159-0002,354006.93,4602804.26,3115258,Fosfats
after_2007,0006,0014,F002189,Calcàries de Tàrrega - 43159-0003,352896,4602846,1669848,Amoni
after_2007,0006,0014,F002189,Calcàries de Tàrrega - 43159-0003,352896,4602846,1690713,Nitrats
after_2007,0006,0014,F002189,Calcàries de Tàrrega - 43159-0003,352896,4602846,2679714,Nitrits
after_2007,0006,0014,F002189,Calcàries de Tàrrega - 43159-0003,352896,4602846,3115259,Fosfats
after_2007,0006,0014,F002247,Fluviodeltaic del Baix Ter - 17025-0007,491307,4654745,3078158,Amoni
after_2007,0006,0014,F002247,Fluviodeltaic del Baix Ter - 17025-0007,491307,4654745,3078159,Nitrats
after_2007,0006,0014,F002247,Fluviodeltaic del Baix Ter - 17025-0007,491307,4654745,3078160,Nitrits
after_2007,0006,0014,F002247,Fluviodeltaic del Baix Ter - 17025-0007,491307,4654745,3225161,Fosfats
after_2007,0006,0014,F002255,Alta Anoia - 08031-0005,376153,4621468,1669913,Amoni
after_2007,0006,0014,F002255,Alta Anoia - 08031-0005,376153,4621468,1690778,Nitrats
after_2007,0006,0014,F002255,Alta Anoia - 08031-0005,376153,4621468,2679779,Nitrits
after_2007,0006,0014,F002255,Alta Anoia - 08031-0005,376153,4621468,3114023,Fosfats
after_2007,0006,0014,F002257,Alta Anoia - 08008-0008,369265.98,4606746.16,1669915,Amoni
after_2007,0006,0014,F002257,Alta Anoia - 08008-0008,369265.98,4606746.16,1690780,Nitrats
after_2007,0006,0014,F002257,Alta Anoia - 08008-0008,369265.98,4606746.16,2679781,Nitrits
after_2007,0006,0014,F002257,Alta Anoia - 08008-0008,369265.98,4606746.16,4372136,Fosfats
after_2007,0006,0014,F002261,Baix Camp - 43005-0087,346394.66,4569314.27,1669919,Amoni
after_2007,0006,0014,F002261,Baix Camp - 43005-0087,346394.66,4569314.27,1690784,Nitrats
after_2007,0006,0014,F002261,Baix Camp - 43005-0087,346394.66,4569314.27,2679785,Nitrits
after_2007,0006,0014,F002261,Baix Camp - 43005-0087,346394.66,4569314.27,3114747,Fosfats
after_2007,0006,0014,F002282,Plana de Vic - Collsacabra - 08265-0013,440156,4657746,1669939,Amoni
after_2007,0006,0014,F002282,Plana de Vic - Collsacabra - 08265-0013,440156,4657746,1690804,Nitrats
after_2007,0006,0014,F002282,Plana de Vic - Collsacabra - 08265-0013,440156,4657746,2679805,Nitrits
after_2007,0006,0014,F002282,Plana de Vic - Collsacabra - 08265-0013,440156,4657746,3114047,Fosfats
after_2007,0006,0014,F002303,Montseny-Guilleries - 17180-0020,471839,4633943,1669959,Amoni
after_2007,0006,0014,F002303,Montseny-Guilleries - 17180-0020,471839,4633943,1690824,Nitrats
after_2007,0006,0014,F002303,Montseny-Guilleries - 17180-0020,471839,4633943,2679825,Nitrits
after_2007,0006,0014,F002303,Montseny-Guilleries - 17180-0020,471839,4633943,4157202,Fosfats
after_2007,0006,0014,F002341,Prelitoral del Vallès - 08269-0013,436386.24,4627743.68,1669995,Amoni
after_2007,0006,0014,F002341,Prelitoral del Vallès - 08269-0013,436386.24,4627743.68,1690860,Nitrats
after_2007,0006,0014,F002341,Prelitoral del Vallès - 08269-0013,436386.24,4627743.68,2679861,Nitrits
after_2007,0006,0014,F002341,Prelitoral del Vallès - 08269-0013,436386.24,4627743.68,3113466,Fosfats
after_2007,0006,0014,F002344,Montseny-Guilleries - 17220-0065,450052.3,4632373.58,1669998,Amoni
after_2007,0006,0014,F002344,Montseny-Guilleries - 17220-0065,450052.3,4632373.58,1690863,Nitrats
after_2007,0006,0014,F002344,Montseny-Guilleries - 17220-0065,450052.3,4632373.58,2679864,Nitrits
after_2007,0006,0014,F002344,Montseny-Guilleries - 17220-0065,450052.3,4632373.58,3120794,Fosfats
after_2007,0006,0014,F002347,Montseny-Guilleries - 17063-0001,452685,4635770.8,1670001,Amoni
after_2007,0006,0014,F002347,Montseny-Guilleries - 17063-0001,452685,4635770.8,1690866,Nitrats
after_2007,0006,0014,F002347,Montseny-Guilleries - 17063-0001,452685,4635770.8,2679867,Nitrits
after_2007,0006,0014,F002347,Montseny-Guilleries - 17063-0001,452685,4635770.8,3280098,Fosfats
after_2007,0006,0014,F002364,Montseny-Guilleries - 17180-0068,472297,4633404,1670017,Amoni
after_2007,0006,0014,F002364,Montseny-Guilleries - 17180-0068,472297,4633404,1690882,Nitrats
after_2007,0006,0014,F002364,Montseny-Guilleries - 17180-0068,472297,4633404,2679883,Nitrits
after_2007,0006,0014,F002364,Montseny-Guilleries - 17180-0068,472297,4633404,4044100,Fosfats
after_2007,0006,0014,F002369,Al·luvials de la baixa i delta de la Tordera - 08110-0148,480062,4611344,1670021,Amoni
after_2007,0006,0014,F002369,Al·luvials de la baixa i delta de la Tordera - 08110-0148,480062,4611344,1690886,Nitrats
after_2007,0006,0014,F002369,Al·luvials de la baixa i delta de la Tordera - 08110-0148,480062,4611344,2679887,Nitrits
after_2007,0006,0014,F002369,Al·luvials de la baixa i delta de la Tordera - 08110-0148,480062,4611344,4286580,Fosfats
after_2007,0006,0014,F002372,Fluviodeltaic del Baix Ter - 17081-0008,508947.6,4653316.1,1670024,Amoni
after_2007,0006,0014,F002372,Fluviodeltaic del Baix Ter - 17081-0008,508947.6,4653316.1,1690889,Nitrats
after_2007,0006,0014,F002372,Fluviodeltaic del Baix Ter - 17081-0008,508947.6,4653316.1,2679890,Nitrits
after_2007,0006,0014,F002372,Fluviodeltaic del Baix Ter - 17081-0008,508947.6,4653316.1,3113445,Fosfats
after_2007,0006,0014,F002385,Llaberia - Prades meridional - 43167-0049,326409.41,4553282,1690902,Nitrats
after_2007,0006,0014,F002385,Llaberia - Prades meridional - 43167-0049,326409.41,4553282,4041133,Nitrits
after_2007,0006,0014,F002385,Llaberia - Prades meridional - 43167-0049,326409.41,4553282,4041134,Amoni
after_2007,0006,0014,F002385,Llaberia - Prades meridional - 43167-0049,326409.41,4553282,4041150,Fosfats
after_2007,0006,0014,F002394,Al·luvials de la baixa i delta de la Tordera - 08110-0149,481177,4611401,3988955,Nitrats
after_2007,0006,0014,F002394,Al·luvials de la baixa i delta de la Tordera - 08110-0149,481177,4611401,4286581,Nitrits
after_2007,0006,0014,F002394,Al·luvials de la baixa i delta de la Tordera - 08110-0149,481177,4611401,4286582,Amoni
after_2007,0006,0014,F002394,Al·luvials de la baixa i delta de la Tordera - 08110-0149,481177,4611401,4286583,Fosfats
after_2007,0006,0014,F002395,Al·luvials de la baixa i delta de la Tordera - 08110-0010,480891,4611195,1665873,Fosfats
after_2007,0006,0014,F002395,Al·luvials de la baixa i delta de la Tordera - 08110-0010,480891,4611195,1670046,Amoni
after_2007,0006,0014,F002395,Al·luvials de la baixa i delta de la Tordera - 08110-0010,480891,4611195,1690911,Nitrats
after_2007,0006,0014,F002395,Al·luvials de la baixa i delta de la Tordera - 08110-0010,480891,4611195,2679912,Nitrits
after_2007,0006,0014,F002405,Montseny-Guilleries - 08241-0006,448699.35,4639186.6,1672898,Amoni
after_2007,0006,0014,F002405,Montseny-Guilleries - 08241-0006,448699.35,4639186.6,1693763,Nitrats
after_2007,0006,0014,F002405,Montseny-Guilleries - 08241-0006,448699.35,4639186.6,2682764,Nitrits
after_2007,0006,0014,F002405,Montseny-Guilleries - 08241-0006,448699.35,4639186.6,3280385,Fosfats
after_2007,0006,0014,F002439,Al·luvials del Vallès - 08902-0028,439967.04,4600584.61,1670087,Amoni
after_2007,0006,0014,F002439,Al·luvials del Vallès - 08902-0028,439967.04,4600584.61,1690952,Nitrats
after_2007,0006,0014,F002439,Al·luvials del Vallès - 08902-0028,439967.04,4600584.61,2679953,Nitrits
after_2007,0006,0014,F002439,Al·luvials del Vallès - 08902-0028,439967.04,4600584.61,3231751,Fosfats
after_2007,0006,0014,F002451,Calcàries de Tàrrega - 08176-0001,369393,4619744,3046774,Nitrits
after_2007,0006,0014,F002451,Calcàries de Tàrrega - 08176-0001,369393,4619744,3046775,Nitrats
after_2007,0006,0014,F002451,Calcàries de Tàrrega - 08176-0001,369393,4619744,3046780,Amoni
after_2007,0006,0014,F002451,Calcàries de Tàrrega - 08176-0001,369393,4619744,3234843,Fosfats
after_2007,0006,0014,F002453,Serres marginals catalanes - 25094-0004 superficial,332578,4640982,1670101,Amoni
after_2007,0006,0014,F002453,Serres marginals catalanes - 25094-0004 superficial,332578,4640982,1690966,Nitrats
after_2007,0006,0014,F002453,Serres marginals catalanes - 25094-0004 superficial,332578,4640982,2679967,Nitrits
after_2007,0006,0014,F002453,Serres marginals catalanes - 25094-0004 superficial,332578,4640982,3120232,Fosfats
after_2007,0006,0014,F002455,Detrític neogen del Vallès - 08198-0047,450212.15,4613189.55,1670102,Amoni
after_2007,0006,0014,F002455,Detrític neogen del Vallès - 08198-0047,450212.15,4613189.55,1690967,Nitrats
after_2007,0006,0014,F002455,Detrític neogen del Vallès - 08198-0047,450212.15,4613189.55,2679968,Nitrits
after_2007,0006,0014,F002455,Detrític neogen del Vallès - 08198-0047,450212.15,4613189.55,3234846,Fosfats
after_2007,0006,0014,F002457,Detrític neogen del Vallès - 08198-0033,449966.15,4613296.55,1670104,Amoni
after_2007,0006,0014,F002457,Detrític neogen del Vallès - 08198-0033,449966.15,4613296.55,1690969,Nitrats
after_2007,0006,0014,F002457,Detrític neogen del Vallès - 08198-0033,449966.15,4613296.55,2679970,Nitrits
after_2007,0006,0014,F002457,Detrític neogen del Vallès - 08198-0033,449966.15,4613296.55,3113684,Fosfats
after_2007,0006,0014,F002458,Al·luvials del Vallès - 08248-0020,436215.13,4612637.66,3062037,Nitrits
after_2007,0006,0014,F002458,Al·luvials del Vallès - 08248-0020,436215.13,4612637.66,3062038,Nitrats
after_2007,0006,0014,F002458,Al·luvials del Vallès - 08248-0020,436215.13,4612637.66,3062039,Amoni
after_2007,0006,0014,F002458,Al·luvials del Vallès - 08248-0020,436215.13,4612637.66,3114115,Fosfats
after_2007,0006,0014,F002459,Al·luvials del Vallès - 08136-0099,439615,4600198,3279019,Nitrits
after_2007,0006,0014,F002459,Al·luvials del Vallès - 08136-0099,439615,4600198,3279020,Nitrats
after_2007,0006,0014,F002459,Al·luvials del Vallès - 08136-0099,439615,4600198,3279021,Amoni
after_2007,0006,0014,F002459,Al·luvials del Vallès - 08136-0099,439615,4600198,3279022,Fosfats
after_2007,0006,0014,F002461,Detrític neogen del Vallès - 08042-0015,446485.17,4616147.58,1670108,Amoni
after_2007,0006,0014,F002461,Detrític neogen del Vallès - 08042-0015,446485.17,4616147.58,1690973,Nitrats
after_2007,0006,0014,F002461,Detrític neogen del Vallès - 08042-0015,446485.17,4616147.58,2679974,Nitrits
after_2007,0006,0014,F002461,Detrític neogen del Vallès - 08042-0015,446485.17,4616147.58,3113680,Fosfats
after_2007,0006,0014,F002462,Al·luvials del Vallès - 08135-0022,438069.04,4600575.62,1670109,Amoni
after_2007,0006,0014,F002462,Al·luvials del Vallès - 08135-0022,438069.04,4600575.62,1690974,Nitrats
after_2007,0006,0014,F002462,Al·luvials del Vallès - 08135-0022,438069.04,4600575.62,2679975,Nitrits
after_2007,0006,0014,F002462,Al·luvials del Vallès - 08135-0022,438069.04,4600575.62,3113661,Fosfats
after_2007,0006,0014,F002463,Al·luvials del Vallès - 08135-0021,438791.05,4601865.62,1670110,Amoni
after_2007,0006,0014,F002463,Al·luvials del Vallès - 08135-0021,438791.05,4601865.62,1690975,Nitrats
after_2007,0006,0014,F002463,Al·luvials del Vallès - 08135-0021,438791.05,4601865.62,2679976,Nitrits
after_2007,0006,0014,F002463,Al·luvials del Vallès - 08135-0021,438791.05,4601865.62,3113660,Fosfats
after_2007,0006,0014,F002464,Al·luvials del Vallès - 08108-0028,433949.05,4603183.66,1670111,Amoni
after_2007,0006,0014,F002464,Al·luvials del Vallès - 08108-0028,433949.05,4603183.66,1690976,Nitrats
after_2007,0006,0014,F002464,Al·luvials del Vallès - 08108-0028,433949.05,4603183.66,2679977,Nitrits
after_2007,0006,0014,F002464,Al·luvials del Vallès - 08108-0028,433949.05,4603183.66,3113659,Fosfats
after_2007,0006,0014,F002465,Al·luvials del Vallès - 08159-0039,436728,4602073,1670112,Amoni
after_2007,0006,0014,F002465,Al·luvials del Vallès - 08159-0039,436728,4602073,1690977,Nitrats
after_2007,0006,0014,F002465,Al·luvials del Vallès - 08159-0039,436728,4602073,2679978,Nitrits
after_2007,0006,0014,F002465,Al·luvials del Vallès - 08159-0039,436728,4602073,3113743,Fosfats
after_2007,0006,0014,F002473,Alta Anoia - 08008-0006,370156,4605276,1669551,Amoni
after_2007,0006,0014,F002473,Alta Anoia - 08008-0006,370156,4605276,1690416,Nitrats
after_2007,0006,0014,F002473,Alta Anoia - 08008-0006,370156,4605276,2679417,Nitrits
after_2007,0006,0014,F002473,Alta Anoia - 08008-0006,370156,4605276,4058050,Fosfats
after_2007,0006,0014,F002474,Garraf - 43024-0010,380464.69,4566406.01,1669552,Amoni
after_2007,0006,0014,F002474,Garraf - 43024-0010,380464.69,4566406.01,1690417,Nitrats
after_2007,0006,0014,F002474,Garraf - 43024-0010,380464.69,4566406.01,2679418,Nitrits
after_2007,0006,0014,F002474,Garraf - 43024-0010,380464.69,4566406.01,3114751,Fosfats
after_2007,0006,0014,F002476,Bloc del Gaià-Bonastre - 43002-0012,373929,4567671,1669554,Amoni
after_2007,0006,0014,F002476,Bloc del Gaià-Bonastre - 43002-0012,373929,4567671,1690419,Nitrats
after_2007,0006,0014,F002476,Bloc del Gaià-Bonastre - 43002-0012,373929,4567671,2679420,Nitrits
after_2007,0006,0014,F002476,Bloc del Gaià-Bonastre - 43002-0012,373929,4567671,3114758,Fosfats
after_2007,0006,0014,F002481,Calcàries de Tàrrega - 08176-0002,371245,4618575.2,3046781,Nitrits
after_2007,0006,0014,F002481,Calcàries de Tàrrega - 08176-0002,371245,4618575.2,3046782,Nitrats
after_2007,0006,0014,F002481,Calcàries de Tàrrega - 08176-0002,371245,4618575.2,3046787,Amoni
after_2007,0006,0014,F002481,Calcàries de Tàrrega - 08176-0002,371245,4618575.2,3114025,Fosfats
after_2007,0006,0014,F002484,Al·luvials del Vallès - 08033-0006,431656.1,4609870.69,1669562,Amoni
after_2007,0006,0014,F002484,Al·luvials del Vallès - 08033-0006,431656.1,4609870.69,1690427,Nitrats
after_2007,0006,0014,F002484,Al·luvials del Vallès - 08033-0006,431656.1,4609870.69,2679428,Nitrits
after_2007,0006,0014,F002484,Al·luvials del Vallès - 08033-0006,431656.1,4609870.69,3232215,Fosfats
after_2007,0006,0014,F002491,N/D - Subterrània - 43073-0009,360401,4600472,1669569,Amoni
after_2007,0006,0014,F002491,N/D - Subterrània - 43073-0009,360401,4600472,1690434,Nitrats
after_2007,0006,0014,F002491,N/D - Subterrània - 43073-0009,360401,4600472,2679435,Nitrits
after_2007,0006,0014,F002491,N/D - Subterrània - 43073-0009,360401,4600472,3115811,Fosfats
after_2007,0006,0014,F002492,Calcàries de Tàrrega - 08060-0004,369781,4623494,3046761,Nitrits
after_2007,0006,0014,F002492,Calcàries de Tàrrega - 08060-0004,369781,4623494,3046762,Nitrats
after_2007,0006,0014,F002492,Calcàries de Tàrrega - 08060-0004,369781,4623494,3046767,Amoni
after_2007,0006,0014,F002492,Calcàries de Tàrrega - 08060-0004,369781,4623494,3115793,Fosfats
after_2007,0006,0014,F002495,N/D - Subterrània - 43143-0003,355180.91,4600101.25,1669573,Amoni
after_2007,0006,0014,F002495,N/D - Subterrània - 43143-0003,355180.91,4600101.25,1690438,Nitrats
after_2007,0006,0014,F002495,N/D - Subterrània - 43143-0003,355180.91,4600101.25,2679439,Nitrits
after_2007,0006,0014,F002495,N/D - Subterrània - 43143-0003,355180.91,4600101.25,3115812,Fosfats
after_2007,0006,0014,F002496,N/D - Subterrània - 25035-0003,322408,4630904,1669574,Amoni
after_2007,0006,0014,F002496,N/D - Subterrània - 25035-0003,322408,4630904,1690439,Nitrats
after_2007,0006,0014,F002496,N/D - Subterrània - 25035-0003,322408,4630904,2679440,Nitrits
after_2007,0006,0014,F002496,N/D - Subterrània - 25035-0003,322408,4630904,3116714,Fosfats
after_2007,0006,0014,F002498,N/D - Subterrània - 08902-0011,443037,4599049,3045832,Nitrits
after_2007,0006,0014,F002498,N/D - Subterrània - 08902-0011,443037,4599049,3045833,Nitrats
after_2007,0006,0014,F002498,N/D - Subterrània - 08902-0011,443037,4599049,3045835,Amoni
after_2007,0006,0014,F002498,N/D - Subterrània - 08902-0011,443037,4599049,3113658,Fosfats
after_2007,0006,0014,F002499,Al·luvials del Vallès - 08159-0063,434783,4601188,1669577,Amoni
after_2007,0006,0014,F002499,Al·luvials del Vallès - 08159-0063,434783,4601188,1690442,Nitrats
after_2007,0006,0014,F002499,Al·luvials del Vallès - 08159-0063,434783,4601188,2679443,Nitrits
after_2007,0006,0014,F002499,Al·luvials del Vallès - 08159-0063,434783,4601188,3113954,Fosfats
after_2007,0006,0014,F002500,Al·luvials del Vallès - 08181-0031,445649.09,4606209.57,1669578,Amoni
after_2007,0006,0014,F002500,Al·luvials del Vallès - 08181-0031,445649.09,4606209.57,1690443,Nitrats
after_2007,0006,0014,F002500,Al·luvials del Vallès - 08181-0031,445649.09,4606209.57,2679444,Nitrits
after_2007,0006,0014,F002500,Al·luvials del Vallès - 08181-0031,445649.09,4606209.57,3235459,Fosfats
after_2007,0006,0014,F002501,Detrític neogen del Vallès - 08086-0061,444299.14,4613206.6,1672903,Amoni
after_2007,0006,0014,F002501,Detrític neogen del Vallès - 08086-0061,444299.14,4613206.6,1693768,Nitrats
after_2007,0006,0014,F002501,Detrític neogen del Vallès - 08086-0061,444299.14,4613206.6,2682769,Nitrits
after_2007,0006,0014,F002501,Detrític neogen del Vallès - 08086-0061,444299.14,4613206.6,3231745,Fosfats
after_2007,0006,0014,F002502,Detrític neogen del Vallès - 08086-0062,444341.15,4613344.6,1669579,Amoni
after_2007,0006,0014,F002502,Detrític neogen del Vallès - 08086-0062,444341.15,4613344.6,1690444,Nitrats
after_2007,0006,0014,F002502,Detrític neogen del Vallès - 08086-0062,444341.15,4613344.6,2679445,Nitrits
after_2007,0006,0014,F002502,Detrític neogen del Vallès - 08086-0062,444341.15,4613344.6,3232226,Fosfats
after_2007,0006,0014,F002504,Conca alta de la Muga - 17051-0009,486100.73,4682045.39,1669581,Amoni
after_2007,0006,0014,F002504,Conca alta de la Muga - 17051-0009,486100.73,4682045.39,1690446,Nitrats
after_2007,0006,0014,F002504,Conca alta de la Muga - 17051-0009,486100.73,4682045.39,2679447,Nitrits
after_2007,0006,0014,F002504,Conca alta de la Muga - 17051-0009,486100.73,4682045.39,3231755,Fosfats
after_2007,0006,0014,F002506,Al·luvials del Vallès - 08181-0023,444566.7,4604688.3,1669583,Amoni
after_2007,0006,0014,F002506,Al·luvials del Vallès - 08181-0023,444566.7,4604688.3,1690448,Nitrats
after_2007,0006,0014,F002506,Al·luvials del Vallès - 08181-0023,444566.7,4604688.3,2679449,Nitrits
after_2007,0006,0014,F002506,Al·luvials del Vallès - 08181-0023,444566.7,4604688.3,3231750,Fosfats
after_2007,0006,0014,F002507,Al·luvials del Vallès - 08107-0043,436907,4607409,1669584,Amoni
after_2007,0006,0014,F002507,Al·luvials del Vallès - 08107-0043,436907,4607409,1690449,Nitrats
after_2007,0006,0014,F002507,Al·luvials del Vallès - 08107-0043,436907,4607409,2679450,Nitrits
after_2007,0006,0014,F002507,Al·luvials del Vallès - 08107-0043,436907,4607409,3231747,Fosfats
after_2007,0006,0014,F002509,Detrític neogen del Vallès - 08234-0012,449580.16,4614140.56,1669586,Amoni
after_2007,0006,0014,F002509,Detrític neogen del Vallès - 08234-0012,449580.16,4614140.56,1690451,Nitrats
after_2007,0006,0014,F002509,Detrític neogen del Vallès - 08234-0012,449580.16,4614140.56,2679452,Nitrits
after_2007,0006,0014,F002509,Detrític neogen del Vallès - 08234-0012,449580.16,4614140.56,3113685,Fosfats
after_2007,0006,0014,F002512,Al·luvials del Vallès - 08902-0027,440512,4600700,3045836,Nitrits
after_2007,0006,0014,F002512,Al·luvials del Vallès - 08902-0027,440512,4600700,3045837,Nitrats
after_2007,0006,0014,F002512,Al·luvials del Vallès - 08902-0027,440512,4600700,3045839,Amoni
after_2007,0006,0014,F002512,Al·luvials del Vallès - 08902-0027,440512,4600700,3113662,Fosfats
after_2007,0006,0014,F002514,Detrític neogen de l'Empordà - 17228-0012,491595,4677950,1669591,Amoni
after_2007,0006,0014,F002514,Detrític neogen de l'Empordà - 17228-0012,491595,4677950,1690456,Nitrats
after_2007,0006,0014,F002514,Detrític neogen de l'Empordà - 17228-0012,491595,4677950,2679457,Nitrits
after_2007,0006,0014,F002514,Detrític neogen de l'Empordà - 17228-0012,491595,4677950,3113451,Fosfats
after_2007,0006,0014,F002516,Al·luvials del Vallès - 08041-0021,440096.1,4607598.62,3045871,Nitrits
after_2007,0006,0014,F002516,Al·luvials del Vallès - 08041-0021,440096.1,4607598.62,3045872,Nitrats
after_2007,0006,0014,F002516,Al·luvials del Vallès - 08041-0021,440096.1,4607598.62,3045874,Amoni
after_2007,0006,0014,F002516,Al·luvials del Vallès - 08041-0021,440096.1,4607598.62,3231728,Fosfats
after_2007,0006,0014,F002518,Plioquaternari de la Riera Santa Coloma - 17101-0102,470982,4624375,1665422,Fosfats
after_2007,0006,0014,F002518,Plioquaternari de la Riera Santa Coloma - 17101-0102,470982,4624375,1669595,Amoni
after_2007,0006,0014,F002518,Plioquaternari de la Riera Santa Coloma - 17101-0102,470982,4624375,1690460,Nitrats
after_2007,0006,0014,F002518,Plioquaternari de la Riera Santa Coloma - 17101-0102,470982,4624375,2679461,Nitrits
after_2007,0006,0014,F002519,Al·luvials del Vallès - 08181-0016,443988.08,4604730.59,1669596,Amoni
after_2007,0006,0014,F002519,Al·luvials del Vallès - 08181-0016,443988.08,4604730.59,1690461,Nitrats
after_2007,0006,0014,F002519,Al·luvials del Vallès - 08181-0016,443988.08,4604730.59,2679462,Nitrits
after_2007,0006,0014,F002519,Al·luvials del Vallès - 08181-0016,443988.08,4604730.59,3231749,Fosfats
after_2007,0006,0014,F002521,Detrític neogen de l'Empordà - 17051-0008,487336.7,4677172.37,3047570,Nitrits
after_2007,0006,0014,F002521,Detrític neogen de l'Empordà - 17051-0008,487336.7,4677172.37,3047571,Nitrats
after_2007,0006,0014,F002521,Detrític neogen de l'Empordà - 17051-0008,487336.7,4677172.37,3047577,Amoni
after_2007,0006,0014,F002521,Detrític neogen de l'Empordà - 17051-0008,487336.7,4677172.37,3231754,Fosfats
after_2007,0006,0014,F002522,Al·luvials del Vallès - 08023-0063,434893.1,4613232,3046789,Nitrits
after_2007,0006,0014,F002522,Al·luvials del Vallès - 08023-0063,434893.1,4613232,3046790,Nitrats
after_2007,0006,0014,F002522,Al·luvials del Vallès - 08023-0063,434893.1,4613232,3046792,Amoni
after_2007,0006,0014,F002522,Al·luvials del Vallès - 08023-0063,434893.1,4613232,3114111,Fosfats
after_2007,0006,0014,F002524,Detrític neogen del Vallès - 08046-0016,446686.14,4611590.58,1669600,Amoni
after_2007,0006,0014,F002524,Detrític neogen del Vallès - 08046-0016,446686.14,4611590.58,1690465,Nitrats
after_2007,0006,0014,F002524,Detrític neogen del Vallès - 08046-0016,446686.14,4611590.58,2679466,Nitrits
after_2007,0006,0014,F002524,Detrític neogen del Vallès - 08046-0016,446686.14,4611590.58,3113681,Fosfats
after_2007,0006,0014,F002526,Detrític neogen del Vallès - 08234-0033,451801.16,4614173.54,1669602,Amoni
after_2007,0006,0014,F002526,Detrític neogen del Vallès - 08234-0033,451801.16,4614173.54,1690467,Nitrats
after_2007,0006,0014,F002526,Detrític neogen del Vallès - 08234-0033,451801.16,4614173.54,2679468,Nitrits
after_2007,0006,0014,F002526,Detrític neogen del Vallès - 08234-0033,451801.16,4614173.54,3113881,Fosfats
after_2007,0006,0014,F002527,Al·luvials del Vallès - 08023-0026,435631.13,4613075.66,3045821,Nitrits
after_2007,0006,0014,F002527,Al·luvials del Vallès - 08023-0026,435631.13,4613075.66,3045822,Nitrats
after_2007,0006,0014,F002527,Al·luvials del Vallès - 08023-0026,435631.13,4613075.66,3045824,Amoni
after_2007,0006,0014,F002527,Al·luvials del Vallès - 08023-0026,435631.13,4613075.66,3114110,Fosfats
after_2007,0006,0014,F002528,Al·luvials del Vallès - 08096-0027,440719.08,4605384.61,3045863,Nitrits
after_2007,0006,0014,F002528,Al·luvials del Vallès - 08096-0027,440719.08,4605384.61,3045864,Nitrats
after_2007,0006,0014,F002528,Al·luvials del Vallès - 08096-0027,440719.08,4605384.61,3045866,Amoni
after_2007,0006,0014,F002528,Al·luvials del Vallès - 08096-0027,440719.08,4605384.61,3231746,Fosfats
after_2007,0006,0014,F002529,Al·luvials del Vallès - 08096-0028,440286.08,4605867.61,3045867,Nitrits
after_2007,0006,0014,F002529,Al·luvials del Vallès - 08096-0028,440286.08,4605867.61,3045868,Nitrats
after_2007,0006,0014,F002529,Al·luvials del Vallès - 08096-0028,440286.08,4605867.61,3045870,Amoni
after_2007,0006,0014,F002529,Al·luvials del Vallès - 08096-0028,440286.08,4605867.61,3232227,Fosfats
after_2007,0006,0014,F002530,Al·luvials del Vallès - 08136-0098,439415,4600135,1669606,Amoni
after_2007,0006,0014,F002530,Al·luvials del Vallès - 08136-0098,439415,4600135,1690471,Nitrats
after_2007,0006,0014,F002530,Al·luvials del Vallès - 08136-0098,439415,4600135,2679472,Nitrits
after_2007,0006,0014,F002530,Al·luvials del Vallès - 08136-0098,439415,4600135,3235457,Fosfats
after_2007,0006,0014,F002532,Detrític neogen del Vallès - 08046-0004,445848.13,4611030.58,1669608,Amoni
after_2007,0006,0014,F002532,Detrític neogen del Vallès - 08046-0004,445848.13,4611030.58,1690473,Nitrats
after_2007,0006,0014,F002532,Detrític neogen del Vallès - 08046-0004,445848.13,4611030.58,2679474,Nitrits
after_2007,0006,0014,F002532,Detrític neogen del Vallès - 08046-0004,445848.13,4611030.58,3234807,Fosfats
after_2007,0006,0014,F002533,Prelitoral del Vallès - 08033-0055,431443,4609612,1669609,Amoni
after_2007,0006,0014,F002533,Prelitoral del Vallès - 08033-0055,431443,4609612,1690474,Nitrats
after_2007,0006,0014,F002533,Prelitoral del Vallès - 08033-0055,431443,4609612,2679475,Nitrits
after_2007,0006,0014,F002533,Prelitoral del Vallès - 08033-0055,431443,4609612,3113946,Fosfats
after_2007,0006,0014,F002534,Baixa Garrotxa-Pla de l'Estany - 17190-0009,478956.62,4668204.42,1669610,Amoni
after_2007,0006,0014,F002534,Baixa Garrotxa-Pla de l'Estany - 17190-0009,478956.62,4668204.42,1690475,Nitrats
after_2007,0006,0014,F002534,Baixa Garrotxa-Pla de l'Estany - 17190-0009,478956.62,4668204.42,2679476,Nitrits
after_2007,0006,0014,F002534,Baixa Garrotxa-Pla de l'Estany - 17190-0009,478956.62,4668204.42,3158668,Fosfats
after_2007,0006,0014,F002535,Detrític neogen de l'Empordà - 17111-0016,486686.69,4675895.37,1669611,Amoni
after_2007,0006,0014,F002535,Detrític neogen de l'Empordà - 17111-0016,486686.69,4675895.37,1690476,Nitrats
after_2007,0006,0014,F002535,Detrític neogen de l'Empordà - 17111-0016,486686.69,4675895.37,2679477,Nitrits
after_2007,0006,0014,F002535,Detrític neogen de l'Empordà - 17111-0016,486686.69,4675895.37,3113446,Fosfats
after_2007,0006,0014,F002536,Detrític neogen del Vallès - 08234-0034,449745.17,4615669.56,1669612,Amoni
after_2007,0006,0014,F002536,Detrític neogen del Vallès - 08234-0034,449745.17,4615669.56,1690477,Nitrats
after_2007,0006,0014,F002536,Detrític neogen del Vallès - 08234-0034,449745.17,4615669.56,2679478,Nitrits
after_2007,0006,0014,F002536,Detrític neogen del Vallès - 08234-0034,449745.17,4615669.56,3113882,Fosfats
after_2007,0006,0014,F002538,Alt Urgell - 25203-0011,373897,4690748,1669614,Amoni
after_2007,0006,0014,F002538,Alt Urgell - 25203-0011,373897,4690748,1690479,Nitrats
after_2007,0006,0014,F002538,Alt Urgell - 25203-0011,373897,4690748,2679480,Nitrits
after_2007,0006,0014,F002538,Alt Urgell - 25203-0011,373897,4690748,3156123,Fosfats
after_2007,0006,0014,F002541,Massís Axial Pirenaic_Cat - 25185-0018,366207,4687296,1672905,Amoni
after_2007,0006,0014,F002541,Massís Axial Pirenaic_Cat - 25185-0018,366207,4687296,1693770,Nitrats
after_2007,0006,0014,F002541,Massís Axial Pirenaic_Cat - 25185-0018,366207,4687296,2682771,Nitrits
after_2007,0006,0014,F002541,Massís Axial Pirenaic_Cat - 25185-0018,366207,4687296,3156122,Fosfats
after_2007,0006,0014,F002542,Alt Urgell - 25185-0014,365527,4684895,1669617,Amoni
after_2007,0006,0014,F002542,Alt Urgell - 25185-0014,365527,4684895,1690482,Nitrats
after_2007,0006,0014,F002542,Alt Urgell - 25185-0014,365527,4684895,2679483,Nitrits
after_2007,0006,0014,F002542,Alt Urgell - 25185-0014,365527,4684895,3156121,Fosfats
after_2007,0006,0014,F002549,La Cerdanya - 25051-0027,402084,4690831,1669624,Amoni
after_2007,0006,0014,F002549,La Cerdanya - 25051-0027,402084,4690831,1690489,Nitrats
after_2007,0006,0014,F002549,La Cerdanya - 25051-0027,402084,4690831,2679490,Nitrits
after_2007,0006,0014,F002549,La Cerdanya - 25051-0027,402084,4690831,4482309,Fosfats
after_2007,0006,0014,F002552,La Cerdanya - 25051-0024,399057.67,4691521.06,1669627,Amoni
after_2007,0006,0014,F002552,La Cerdanya - 25051-0024,399057.67,4691521.06,1690492,Nitrats
after_2007,0006,0014,F002552,La Cerdanya - 25051-0024,399057.67,4691521.06,2679493,Nitrits
after_2007,0006,0014,F002552,La Cerdanya - 25051-0024,399057.67,4691521.06,3157818,Fosfats
after_2007,0006,0014,F002561,La Cerdanya - 25913-0003,403446.42,4689084.92,1672787,Amoni
after_2007,0006,0014,F002561,La Cerdanya - 25913-0003,403446.42,4689084.92,1693652,Nitrats
after_2007,0006,0014,F002561,La Cerdanya - 25913-0003,403446.42,4689084.92,2682653,Nitrits
after_2007,0006,0014,F002561,La Cerdanya - 25913-0003,403446.42,4689084.92,3157820,Fosfats
after_2007,0006,0014,F002564,La Cerdanya - 17078-0004,406256.7,4697146,1669637,Amoni
after_2007,0006,0014,F002564,La Cerdanya - 17078-0004,406256.7,4697146,1690502,Nitrats
after_2007,0006,0014,F002564,La Cerdanya - 17078-0004,406256.7,4697146,2679503,Nitrits
after_2007,0006,0014,F002564,La Cerdanya - 17078-0004,406256.7,4697146,3283890,Fosfats
after_2007,0006,0014,F002585,Conca alta de Cardener i Llobregat - 08268-0014,405651,4666548,3044640,Nitrits
after_2007,0006,0014,F002585,Conca alta de Cardener i Llobregat - 08268-0014,405651,4666548,3044641,Nitrats
after_2007,0006,0014,F002585,Conca alta de Cardener i Llobregat - 08268-0014,405651,4666548,3044664,Amoni
after_2007,0006,0014,F002585,Conca alta de Cardener i Llobregat - 08268-0014,405651,4666548,3120897,Fosfats
after_2007,0006,0014,F002589,Tremp-Isona - 25171-0008,332981.18,4679764.7,1669661,Amoni
after_2007,0006,0014,F002589,Tremp-Isona - 25171-0008,332981.18,4679764.7,1690526,Nitrats
after_2007,0006,0014,F002589,Tremp-Isona - 25171-0008,332981.18,4679764.7,2679527,Nitrits
after_2007,0006,0014,F002589,Tremp-Isona - 25171-0008,332981.18,4679764.7,3156120,Fosfats
after_2007,0006,0014,F002591,Tremp-Isona - 25001-0002,340906,4666796,1669663,Amoni
after_2007,0006,0014,F002591,Tremp-Isona - 25001-0002,340906,4666796,1690528,Nitrats
after_2007,0006,0014,F002591,Tremp-Isona - 25001-0002,340906,4666796,2679529,Nitrits
after_2007,0006,0014,F002591,Tremp-Isona - 25001-0002,340906,4666796,3156049,Fosfats
after_2007,0006,0014,F002593,Tremp-Isona - 25128-0003,327987.33,4661847.55,1669665,Amoni
after_2007,0006,0014,F002593,Tremp-Isona - 25128-0003,327987.33,4661847.55,1690530,Nitrats
after_2007,0006,0014,F002593,Tremp-Isona - 25128-0003,327987.33,4661847.55,2679531,Nitrits
after_2007,0006,0014,F002593,Tremp-Isona - 25128-0003,327987.33,4661847.55,3155687,Fosfats
after_2007,0006,0014,F002594,Tremp-Isona - 25115-0021,335208,4666775,1669666,Amoni
after_2007,0006,0014,F002594,Tremp-Isona - 25115-0021,335208,4666775,1690531,Nitrats
after_2007,0006,0014,F002594,Tremp-Isona - 25115-0021,335208,4666775,2679532,Nitrits
after_2007,0006,0014,F002594,Tremp-Isona - 25115-0021,335208,4666775,3156085,Fosfats
after_2007,0006,0014,F002598,Tremp-Isona - 25904-0006,324840,4659547,1669669,Amoni
after_2007,0006,0014,F002598,Tremp-Isona - 25904-0006,324840,4659547,1690534,Nitrats
after_2007,0006,0014,F002598,Tremp-Isona - 25904-0006,324840,4659547,2679535,Nitrits
after_2007,0006,0014,F002598,Tremp-Isona - 25904-0006,324840,4659547,3156126,Fosfats
after_2007,0006,0014,F002600,Tremp-Isona - 25115-0012,339345,4665145,1669671,Amoni
after_2007,0006,0014,F002600,Tremp-Isona - 25115-0012,339345,4665145,1690536,Nitrats
after_2007,0006,0014,F002600,Tremp-Isona - 25115-0012,339345,4665145,2679537,Nitrits
after_2007,0006,0014,F002600,Tremp-Isona - 25115-0012,339345,4665145,3156084,Fosfats
after_2007,0006,0014,F002601,Tremp-Isona - 25196-0004,314863.11,4660872.55,3155540,Amoni
after_2007,0006,0014,F002601,Tremp-Isona - 25196-0004,314863.11,4660872.55,3155547,Fosfats
after_2007,0006,0014,F002601,Tremp-Isona - 25196-0004,314863.11,4660872.55,3155564,Nitrats
after_2007,0006,0014,F002601,Tremp-Isona - 25196-0004,314863.11,4660872.55,3155565,Nitrits
after_2007,0006,0014,F002602,Tremp-Isona - 25234-0013,331306,4669297,1669673,Amoni
after_2007,0006,0014,F002602,Tremp-Isona - 25234-0013,331306,4669297,1690538,Nitrats
after_2007,0006,0014,F002602,Tremp-Isona - 25234-0013,331306,4669297,2679539,Nitrits
after_2007,0006,0014,F002602,Tremp-Isona - 25234-0013,331306,4669297,3156124,Fosfats
after_2007,0006,0014,F002603,Tremp-Isona - 25234-0023,326905.23,4670765.42,1669674,Amoni
after_2007,0006,0014,F002603,Tremp-Isona - 25234-0023,326905.23,4670765.42,1690539,Nitrats
after_2007,0006,0014,F002603,Tremp-Isona - 25234-0023,326905.23,4670765.42,2679540,Nitrits
after_2007,0006,0014,F002603,Tremp-Isona - 25234-0023,326905.23,4670765.42,3156125,Fosfats
after_2007,0006,0014,F002604,Tremp-Isona - 25171-0006,332806,4680547,1669675,Amoni
after_2007,0006,0014,F002604,Tremp-Isona - 25171-0006,332806,4680547,1690540,Nitrats
after_2007,0006,0014,F002604,Tremp-Isona - 25171-0006,332806,4680547,2679541,Nitrits
after_2007,0006,0014,F002604,Tremp-Isona - 25171-0006,332806,4680547,3223570,Fosfats
after_2007,0006,0014,F002609,Detrític neogen de l'Empordà - 17016-0015,493472,4667980,1669680,Amoni
after_2007,0006,0014,F002609,Detrític neogen de l'Empordà - 17016-0015,493472,4667980,1690545,Nitrats
after_2007,0006,0014,F002609,Detrític neogen de l'Empordà - 17016-0015,493472,4667980,2679546,Nitrits
after_2007,0006,0014,F002609,Detrític neogen de l'Empordà - 17016-0015,493472,4667980,3229610,Fosfats
after_2007,0006,0014,F002612,Detrític neogen de l'Empordà - 17031-0021,486988.65,4670766.36,1669683,Amoni
after_2007,0006,0014,F002612,Detrític neogen de l'Empordà - 17031-0021,486988.65,4670766.36,1690548,Nitrats
after_2007,0006,0014,F002612,Detrític neogen de l'Empordà - 17031-0021,486988.65,4670766.36,2679549,Nitrits
after_2007,0006,0014,F002612,Detrític neogen de l'Empordà - 17031-0021,486988.65,4670766.36,3229612,Fosfats
after_2007,0006,0014,F002617,Detrític neogen de l'Empordà - 17119-0005,497015.65,4669431.28,1672909,Amoni
after_2007,0006,0014,F002617,Detrític neogen de l'Empordà - 17119-0005,497015.65,4669431.28,1693774,Nitrats
after_2007,0006,0014,F002617,Detrític neogen de l'Empordà - 17119-0005,497015.65,4669431.28,2682775,Nitrits
after_2007,0006,0014,F002617,Detrític neogen de l'Empordà - 17119-0005,497015.65,4669431.28,3231340,Fosfats
after_2007,0006,0014,F002621,Detrític neogen de l'Empordà - 17031-0023,483161.66,4673635.39,1669691,Amoni
after_2007,0006,0014,F002621,Detrític neogen de l'Empordà - 17031-0023,483161.66,4673635.39,1690556,Nitrats
after_2007,0006,0014,F002621,Detrític neogen de l'Empordà - 17031-0023,483161.66,4673635.39,2679557,Nitrits
after_2007,0006,0014,F002621,Detrític neogen de l'Empordà - 17031-0023,483161.66,4673635.39,3113443,Fosfats
after_2007,0006,0014,F002623,Detrític neogen de l'Empordà - 17056-0012,483895.58,4661945.37,1669693,Amoni
after_2007,0006,0014,F002623,Detrític neogen de l'Empordà - 17056-0012,483895.58,4661945.37,1690558,Nitrats
after_2007,0006,0014,F002623,Detrític neogen de l'Empordà - 17056-0012,483895.58,4661945.37,2679559,Nitrits
after_2007,0006,0014,F002623,Detrític neogen de l'Empordà - 17056-0012,483895.58,4661945.37,3270423,Fosfats
after_2007,0006,0014,F002645,Detrític neogen de l'Empordà - 17031-0002,484836.67,4674365.38,1669711,Amoni
after_2007,0006,0014,F002645,Detrític neogen de l'Empordà - 17031-0002,484836.67,4674365.38,1690576,Nitrats
after_2007,0006,0014,F002645,Detrític neogen de l'Empordà - 17031-0002,484836.67,4674365.38,2679577,Nitrits
after_2007,0006,0014,F002645,Detrític neogen de l'Empordà - 17031-0002,484836.67,4674365.38,3229611,Fosfats
after_2007,0006,0014,F002653,Detrític neogen de l'Empordà - 17226-0004,498666.7,4675395.28,1669719,Amoni
after_2007,0006,0014,F002653,Detrític neogen de l'Empordà - 17226-0004,498666.7,4675395.28,1690584,Nitrats
after_2007,0006,0014,F002653,Detrític neogen de l'Empordà - 17226-0004,498666.7,4675395.28,2679585,Nitrits
after_2007,0006,0014,F002653,Detrític neogen de l'Empordà - 17226-0004,498666.7,4675395.28,3113450,Fosfats
after_2007,0006,0014,F002655,Fluviodeltaic del Baix Ter - 17173-0007,494129,4651827,1669721,Amoni
after_2007,0006,0014,F002655,Fluviodeltaic del Baix Ter - 17173-0007,494129,4651827,1690586,Nitrats
after_2007,0006,0014,F002655,Fluviodeltaic del Baix Ter - 17173-0007,494129,4651827,2679587,Nitrits
after_2007,0006,0014,F002655,Fluviodeltaic del Baix Ter - 17173-0007,494129,4651827,3225137,Fosfats
after_2007,0006,0014,F002665,Detrític neogen de l'Empordà - 17218-0018,490601.61,4665244.33,1669730,Amoni
after_2007,0006,0014,F002665,Detrític neogen de l'Empordà - 17218-0018,490601.61,4665244.33,1690595,Nitrats
after_2007,0006,0014,F002665,Detrític neogen de l'Empordà - 17218-0018,490601.61,4665244.33,2679596,Nitrits
after_2007,0006,0014,F002665,Detrític neogen de l'Empordà - 17218-0018,490601.61,4665244.33,3225149,Fosfats
after_2007,0006,0014,F002666,Detrític neogen de l'Empordà - 17218-0021,486161,4666843,1669731,Amoni
after_2007,0006,0014,F002666,Detrític neogen de l'Empordà - 17218-0021,486161,4666843,1690596,Nitrats
after_2007,0006,0014,F002666,Detrític neogen de l'Empordà - 17218-0021,486161,4666843,2679597,Nitrits
after_2007,0006,0014,F002666,Detrític neogen de l'Empordà - 17218-0021,486161,4666843,3225148,Fosfats
after_2007,0006,0014,F002667,Detrític neogen de l'Empordà - 17218-0023,488100,4664990,1669732,Amoni
after_2007,0006,0014,F002667,Detrític neogen de l'Empordà - 17218-0023,488100,4664990,1690597,Nitrats
after_2007,0006,0014,F002667,Detrític neogen de l'Empordà - 17218-0023,488100,4664990,2679598,Nitrits
after_2007,0006,0014,F002667,Detrític neogen de l'Empordà - 17218-0023,488100,4664990,3225150,Fosfats
after_2007,0006,0014,F002673,Baixa Garrotxa-Pla de l'Estany - 17137-0009,479271.59,4665355.41,1665565,Fosfats
after_2007,0006,0014,F002673,Baixa Garrotxa-Pla de l'Estany - 17137-0009,479271.59,4665355.41,1669738,Amoni
after_2007,0006,0014,F002673,Baixa Garrotxa-Pla de l'Estany - 17137-0009,479271.59,4665355.41,1690603,Nitrats
after_2007,0006,0014,F002673,Baixa Garrotxa-Pla de l'Estany - 17137-0009,479271.59,4665355.41,2679604,Nitrits
after_2007,0006,0014,F002674,Detrític neogen de l'Empordà - 17218-0012,489330,4666507,1669739,Amoni
after_2007,0006,0014,F002674,Detrític neogen de l'Empordà - 17218-0012,489330,4666507,1690604,Nitrats
after_2007,0006,0014,F002674,Detrític neogen de l'Empordà - 17218-0012,489330,4666507,2679605,Nitrits
after_2007,0006,0014,F002674,Detrític neogen de l'Empordà - 17218-0012,489330,4666507,3272556,Fosfats
after_2007,0006,0014,F002680,Fluviodeltaic del Baix Ter - 17126-0005,504087,4652335,1672913,Amoni
after_2007,0006,0014,F002680,Fluviodeltaic del Baix Ter - 17126-0005,504087,4652335,1693778,Nitrats
after_2007,0006,0014,F002680,Fluviodeltaic del Baix Ter - 17126-0005,504087,4652335,2682779,Nitrits
after_2007,0006,0014,F002680,Fluviodeltaic del Baix Ter - 17126-0005,504087,4652335,3229058,Fosfats
after_2007,0006,0014,F002682,Baixa Garrotxa-Pla de l'Estany - 17071-0007,480741.6,4666288.4,1669746,Amoni
after_2007,0006,0014,F002682,Baixa Garrotxa-Pla de l'Estany - 17071-0007,480741.6,4666288.4,1690611,Nitrats
after_2007,0006,0014,F002682,Baixa Garrotxa-Pla de l'Estany - 17071-0007,480741.6,4666288.4,2679612,Nitrits
after_2007,0006,0014,F002682,Baixa Garrotxa-Pla de l'Estany - 17071-0007,480741.6,4666288.4,3158664,Fosfats
after_2007,0006,0014,F002685,Baixa Garrotxa-Pla de l'Estany - 17065-0015,481545,4668970,1669749,Amoni
after_2007,0006,0014,F002685,Baixa Garrotxa-Pla de l'Estany - 17065-0015,481545,4668970,1690614,Nitrats
after_2007,0006,0014,F002685,Baixa Garrotxa-Pla de l'Estany - 17065-0015,481545,4668970,2679615,Nitrits
after_2007,0006,0014,F002685,Baixa Garrotxa-Pla de l'Estany - 17065-0015,481545,4668970,3223479,Fosfats
after_2007,0006,0014,F002690,Detrític neogen de l'Empordà - 17111-0010,488894.58,4674684.86,1669754,Amoni
after_2007,0006,0014,F002690,Detrític neogen de l'Empordà - 17111-0010,488894.58,4674684.86,1690619,Nitrats
after_2007,0006,0014,F002690,Detrític neogen de l'Empordà - 17111-0010,488894.58,4674684.86,2679620,Nitrits
after_2007,0006,0014,F002690,Detrític neogen de l'Empordà - 17111-0010,488894.58,4674684.86,3158667,Fosfats
after_2007,0006,0014,F002693,Detrític neogen de l'Empordà - 17218-0013,489334.58,4661496.33,1669757,Amoni
after_2007,0006,0014,F002693,Detrític neogen de l'Empordà - 17218-0013,489334.58,4661496.33,1690622,Nitrats
after_2007,0006,0014,F002693,Detrític neogen de l'Empordà - 17218-0013,489334.58,4661496.33,2679623,Nitrits
after_2007,0006,0014,F002693,Detrític neogen de l'Empordà - 17218-0013,489334.58,4661496.33,3225146,Fosfats
after_2007,0006,0014,F002697,Detrític neogen de l'Empordà - 17216-0018,494334.58,4661022.29,1669760,Amoni
after_2007,0006,0014,F002697,Detrític neogen de l'Empordà - 17216-0018,494334.58,4661022.29,1690625,Nitrats
after_2007,0006,0014,F002697,Detrític neogen de l'Empordà - 17216-0018,494334.58,4661022.29,2679626,Nitrits
after_2007,0006,0014,F002697,Detrític neogen de l'Empordà - 17216-0018,494334.58,4661022.29,3225144,Fosfats
after_2007,0006,0014,F002699,Detrític neogen de l'Empordà - 17052-0012,499385.8,4672977.1,1669762,Amoni
after_2007,0006,0014,F002699,Detrític neogen de l'Empordà - 17052-0012,499385.8,4672977.1,1690627,Nitrats
after_2007,0006,0014,F002699,Detrític neogen de l'Empordà - 17052-0012,499385.8,4672977.1,2679628,Nitrits
after_2007,0006,0014,F002699,Detrític neogen de l'Empordà - 17052-0012,499385.8,4672977.1,3235466,Fosfats
after_2007,0006,0014,F002700,Detrític neogen de l'Empordà - 17226-0010,497806.69,4673695.28,1669763,Amoni
after_2007,0006,0014,F002700,Detrític neogen de l'Empordà - 17226-0010,497806.69,4673695.28,1690628,Nitrats
after_2007,0006,0014,F002700,Detrític neogen de l'Empordà - 17226-0010,497806.69,4673695.28,2679629,Nitrits
after_2007,0006,0014,F002700,Detrític neogen de l'Empordà - 17226-0010,497806.69,4673695.28,3225160,Fosfats
after_2007,0006,0014,F002702,Paleògens del Baix Ter - 17121-0027,508839.51,4648143.16,1669764,Amoni
after_2007,0006,0014,F002702,Paleògens del Baix Ter - 17121-0027,508839.51,4648143.16,1690629,Nitrats
after_2007,0006,0014,F002702,Paleògens del Baix Ter - 17121-0027,508839.51,4648143.16,2679630,Nitrits
after_2007,0006,0014,F002702,Paleògens del Baix Ter - 17121-0027,508839.51,4648143.16,3231341,Fosfats
after_2007,0006,0014,F002703,Detrític neogen de l'Empordà - 17218-0014,484406.61,4666595.37,1669765,Amoni
after_2007,0006,0014,F002703,Detrític neogen de l'Empordà - 17218-0014,484406.61,4666595.37,1690630,Nitrats
after_2007,0006,0014,F002703,Detrític neogen de l'Empordà - 17218-0014,484406.61,4666595.37,2679631,Nitrits
after_2007,0006,0014,F002710,Paleògens del Baix Ter - 17087-0001,492941.51,4652105.29,1669771,Amoni
after_2007,0006,0014,F002710,Paleògens del Baix Ter - 17087-0001,492941.51,4652105.29,1690636,Nitrats
after_2007,0006,0014,F002710,Paleògens del Baix Ter - 17087-0001,492941.51,4652105.29,2679637,Nitrits
after_2007,0006,0014,F002710,Paleògens del Baix Ter - 17087-0001,492941.51,4652105.29,3225132,Fosfats
after_2007,0006,0014,F002711,Paleògens del Baix Ter - 17087-0010,492936.52,4652135.29,1669772,Amoni
after_2007,0006,0014,F002711,Paleògens del Baix Ter - 17087-0010,492936.52,4652135.29,1690637,Nitrats
after_2007,0006,0014,F002711,Paleògens del Baix Ter - 17087-0010,492936.52,4652135.29,2679638,Nitrits
after_2007,0006,0014,F002711,Paleògens del Baix Ter - 17087-0010,492936.52,4652135.29,3225134,Fosfats
after_2007,0006,0014,F002712,Fluviodeltaic del Baix Ter - 17087-0004,493082,4653700,1669773,Amoni
after_2007,0006,0014,F002712,Fluviodeltaic del Baix Ter - 17087-0004,493082,4653700,1690638,Nitrats
after_2007,0006,0014,F002712,Fluviodeltaic del Baix Ter - 17087-0004,493082,4653700,2679639,Nitrits
after_2007,0006,0014,F002712,Fluviodeltaic del Baix Ter - 17087-0004,493082,4653700,3225133,Fosfats
after_2007,0006,0014,F002713,Paleògens del Baix Ter - 17168-0007,495066.53,4654195.27,1669774,Amoni
after_2007,0006,0014,F002713,Paleògens del Baix Ter - 17168-0007,495066.53,4654195.27,1690639,Nitrats
after_2007,0006,0014,F002713,Paleògens del Baix Ter - 17168-0007,495066.53,4654195.27,2679640,Nitrits
after_2007,0006,0014,F002713,Paleògens del Baix Ter - 17168-0007,495066.53,4654195.27,3225135,Fosfats
after_2007,0006,0014,F002732,Detrític neogen de l'Empordà - 17075-0004,495456.66,4671245.3,1669792,Amoni
after_2007,0006,0014,F002732,Detrític neogen de l'Empordà - 17075-0004,495456.66,4671245.3,1690657,Nitrats
after_2007,0006,0014,F002732,Detrític neogen de l'Empordà - 17075-0004,495456.66,4671245.3,2679658,Nitrits
after_2007,0006,0014,F002732,Detrític neogen de l'Empordà - 17075-0004,495456.66,4671245.3,3158666,Fosfats
after_2007,0006,0014,F002734,Baixa Garrotxa-Pla de l'Estany - 17065-0002,481385,4669003,1665621,Fosfats
after_2007,0006,0014,F002734,Baixa Garrotxa-Pla de l'Estany - 17065-0002,481385,4669003,1669794,Amoni
after_2007,0006,0014,F002734,Baixa Garrotxa-Pla de l'Estany - 17065-0002,481385,4669003,1690659,Nitrats
after_2007,0006,0014,F002734,Baixa Garrotxa-Pla de l'Estany - 17065-0002,481385,4669003,2679660,Nitrits
after_2007,0006,0014,F002739,Detrític neogen de l'Empordà - 17056-0052,487226.55,4657895.34,1672916,Amoni
after_2007,0006,0014,F002739,Detrític neogen de l'Empordà - 17056-0052,487226.55,4657895.34,1693781,Nitrats
after_2007,0006,0014,F002739,Detrític neogen de l'Empordà - 17056-0052,487226.55,4657895.34,2682782,Nitrits
after_2007,0006,0014,F002739,Detrític neogen de l'Empordà - 17056-0052,487226.55,4657895.34,3270785,Fosfats
after_2007,0006,0014,F002740,Detrític neogen de l'Empordà - 17056-0051,485321,4661391,1669799,Amoni
after_2007,0006,0014,F002740,Detrític neogen de l'Empordà - 17056-0051,485321,4661391,1690664,Nitrats
after_2007,0006,0014,F002740,Detrític neogen de l'Empordà - 17056-0051,485321,4661391,2679665,Nitrits
after_2007,0006,0014,F002740,Detrític neogen de l'Empordà - 17056-0051,485321,4661391,3158662,Fosfats
after_2007,0006,0014,F002741,Detrític neogen de l'Empordà - 17056-0045,483852.56,4659991.37,1669800,Amoni
after_2007,0006,0014,F002741,Detrític neogen de l'Empordà - 17056-0045,483852.56,4659991.37,1690665,Nitrats
after_2007,0006,0014,F002741,Detrític neogen de l'Empordà - 17056-0045,483852.56,4659991.37,2679666,Nitrits
after_2007,0006,0014,F002741,Detrític neogen de l'Empordà - 17056-0045,483852.56,4659991.37,3270424,Fosfats
after_2007,0006,0014,F002746,Detrític neogen de l'Empordà - 17218-0022,490465,4668459,1669805,Amoni
after_2007,0006,0014,F002746,Detrític neogen de l'Empordà - 17218-0022,490465,4668459,1690670,Nitrats
after_2007,0006,0014,F002746,Detrític neogen de l'Empordà - 17218-0022,490465,4668459,2679671,Nitrits
after_2007,0006,0014,F002746,Detrític neogen de l'Empordà - 17218-0022,490465,4668459,3273905,Fosfats
after_2007,0006,0014,F002748,Fluviodeltaic del Baix Ter - 17166-0004,496036.56,4657392.27,1665634,Fosfats
after_2007,0006,0014,F002748,Fluviodeltaic del Baix Ter - 17166-0004,496036.56,4657392.27,1669807,Amoni
after_2007,0006,0014,F002748,Fluviodeltaic del Baix Ter - 17166-0004,496036.56,4657392.27,1690672,Nitrats
after_2007,0006,0014,F002748,Fluviodeltaic del Baix Ter - 17166-0004,496036.56,4657392.27,2679673,Nitrits
after_2007,0006,0014,F002754,Detrític neogen de l'Empordà - 17016-0010,493345,4667758,1669813,Amoni
after_2007,0006,0014,F002754,Detrític neogen de l'Empordà - 17016-0010,493345,4667758,1690678,Nitrats
after_2007,0006,0014,F002754,Detrític neogen de l'Empordà - 17016-0010,493345,4667758,2679679,Nitrits
after_2007,0006,0014,F002754,Detrític neogen de l'Empordà - 17016-0010,493345,4667758,3272551,Fosfats
after_2007,0006,0014,F002755,Detrític neogen de l'Empordà - 17026-0011,493206.69,4674561.32,1669814,Amoni
after_2007,0006,0014,F002755,Detrític neogen de l'Empordà - 17026-0011,493206.69,4674561.32,1690679,Nitrats
after_2007,0006,0014,F002755,Detrític neogen de l'Empordà - 17026-0011,493206.69,4674561.32,2679680,Nitrits
after_2007,0006,0014,F002755,Detrític neogen de l'Empordà - 17026-0011,493206.69,4674561.32,3231752,Fosfats
after_2007,0006,0014,F002756,Detrític neogen de l'Empordà - 17111-0007,488709.68,4674628.35,1669815,Amoni
after_2007,0006,0014,F002756,Detrític neogen de l'Empordà - 17111-0007,488709.68,4674628.35,1690680,Nitrats
after_2007,0006,0014,F002756,Detrític neogen de l'Empordà - 17111-0007,488709.68,4674628.35,2679681,Nitrits
after_2007,0006,0014,F002756,Detrític neogen de l'Empordà - 17111-0007,488709.68,4674628.35,3223707,Fosfats
after_2007,0006,0014,F002759,Detrític neogen de l'Empordà - 17221-0016,495010,4677382,1672917,Amoni
after_2007,0006,0014,F002759,Detrític neogen de l'Empordà - 17221-0016,495010,4677382,1693782,Nitrats
after_2007,0006,0014,F002759,Detrític neogen de l'Empordà - 17221-0016,495010,4677382,2682783,Nitrits
after_2007,0006,0014,F002759,Detrític neogen de l'Empordà - 17221-0016,495010,4677382,3232316,Fosfats
after_2007,0006,0014,F002762,Detrític neogen de l'Empordà - 17226-0008,496887.7,4675159.29,1669820,Amoni
after_2007,0006,0014,F002762,Detrític neogen de l'Empordà - 17226-0008,496887.7,4675159.29,1690685,Nitrats
after_2007,0006,0014,F002762,Detrític neogen de l'Empordà - 17226-0008,496887.7,4675159.29,2679686,Nitrits
after_2007,0006,0014,F002762,Detrític neogen de l'Empordà - 17226-0008,496887.7,4675159.29,3225159,Fosfats
after_2007,0006,0014,F002771,Detrític neogen de l'Empordà - 17187-0006,498230.62,4664441.27,1670466,Amoni
after_2007,0006,0014,F002771,Detrític neogen de l'Empordà - 17187-0006,498230.62,4664441.27,1691331,Nitrats
after_2007,0006,0014,F002771,Detrític neogen de l'Empordà - 17187-0006,498230.62,4664441.27,2680332,Nitrits
after_2007,0006,0014,F002771,Detrític neogen de l'Empordà - 17187-0006,498230.62,4664441.27,3225139,Fosfats
after_2007,0006,0014,F002774,Detrític neogen de l'Empordà - 17218-0019,490464.6,4668459.3,1670468,Amoni
after_2007,0006,0014,F002774,Detrític neogen de l'Empordà - 17218-0019,490464.6,4668459.3,1691333,Nitrats
after_2007,0006,0014,F002774,Detrític neogen de l'Empordà - 17218-0019,490464.6,4668459.3,2680334,Nitrits
after_2007,0006,0014,F002774,Detrític neogen de l'Empordà - 17218-0019,490464.6,4668459.3,4167536,Fosfats
after_2007,0006,0014,F002779,Fluviodeltaic del Baix Ter - 17022-0027,503478,4647694,1666300,Fosfats
after_2007,0006,0014,F002779,Fluviodeltaic del Baix Ter - 17022-0027,503478,4647694,1670473,Amoni
after_2007,0006,0014,F002779,Fluviodeltaic del Baix Ter - 17022-0027,503478,4647694,1691338,Nitrats
after_2007,0006,0014,F002779,Fluviodeltaic del Baix Ter - 17022-0027,503478,4647694,2680339,Nitrits
after_2007,0006,0014,F002780,Detrític neogen de l'Empordà - 17187-0012,494725.61,4663913.29,1670474,Amoni
after_2007,0006,0014,F002780,Detrític neogen de l'Empordà - 17187-0012,494725.61,4663913.29,1691339,Nitrats
after_2007,0006,0014,F002780,Detrític neogen de l'Empordà - 17187-0012,494725.61,4663913.29,2680340,Nitrits
after_2007,0006,0014,F002780,Detrític neogen de l'Empordà - 17187-0012,494725.61,4663913.29,3225152,Fosfats
after_2007,0006,0014,F002792,Fluviodeltaic del Baix Ter - 17049-0007,489034,4653489,1666311,Fosfats
after_2007,0006,0014,F002792,Fluviodeltaic del Baix Ter - 17049-0007,489034,4653489,1670484,Amoni
after_2007,0006,0014,F002792,Fluviodeltaic del Baix Ter - 17049-0007,489034,4653489,1691349,Nitrats
after_2007,0006,0014,F002792,Fluviodeltaic del Baix Ter - 17049-0007,489034,4653489,2680350,Nitrits
after_2007,0006,0014,F002793,Detrític neogen de l'Empordà - 17221-0026,494837.71,4676877.31,1670485,Amoni
after_2007,0006,0014,F002793,Detrític neogen de l'Empordà - 17221-0026,494837.71,4676877.31,1691350,Nitrats
after_2007,0006,0014,F002793,Detrític neogen de l'Empordà - 17221-0026,494837.71,4676877.31,2680351,Nitrits
after_2007,0006,0014,F002793,Detrític neogen de l'Empordà - 17221-0026,494837.71,4676877.31,3229704,Fosfats
after_2007,0006,0014,F002800,Paleògens del Baix Ter - 17055-0008,498976.58,4659700.25,1670492,Amoni
after_2007,0006,0014,F002800,Paleògens del Baix Ter - 17055-0008,498976.58,4659700.25,1691357,Nitrats
after_2007,0006,0014,F002800,Paleògens del Baix Ter - 17055-0008,498976.58,4659700.25,2680358,Nitrits
after_2007,0006,0014,F002800,Paleògens del Baix Ter - 17055-0008,498976.58,4659700.25,3225163,Fosfats
after_2007,0006,0014,F002804,Paleògens del Baix Ter - 17055-0005,498889.58,4659145.25,1670496,Amoni
after_2007,0006,0014,F002804,Paleògens del Baix Ter - 17055-0005,498889.58,4659145.25,1691361,Nitrats
after_2007,0006,0014,F002804,Paleògens del Baix Ter - 17055-0005,498889.58,4659145.25,2680362,Nitrits
after_2007,0006,0014,F002807,Fluviodeltaic del Baix Ter - 17049-0024,489264.53,4654694.32,1666326,Fosfats
after_2007,0006,0014,F002807,Fluviodeltaic del Baix Ter - 17049-0024,489264.53,4654694.32,1670499,Amoni
after_2007,0006,0014,F002807,Fluviodeltaic del Baix Ter - 17049-0024,489264.53,4654694.32,1691364,Nitrats
after_2007,0006,0014,F002807,Fluviodeltaic del Baix Ter - 17049-0024,489264.53,4654694.32,2680365,Nitrits
after_2007,0006,0014,F002813,Detrític neogen de l'Empordà - 17058-0003,482923,4670402,1670504,Amoni
after_2007,0006,0014,F002813,Detrític neogen de l'Empordà - 17058-0003,482923,4670402,1691369,Nitrats
after_2007,0006,0014,F002813,Detrític neogen de l'Empordà - 17058-0003,482923,4670402,2680370,Nitrits
after_2007,0006,0014,F002813,Detrític neogen de l'Empordà - 17058-0003,482923,4670402,3231756,Fosfats
after_2007,0006,0014,F002819,Paleògens del Baix Ter - 17187-0009,498066.61,4663025.27,1670510,Amoni
after_2007,0006,0014,F002819,Paleògens del Baix Ter - 17187-0009,498066.61,4663025.27,1691375,Nitrats
after_2007,0006,0014,F002819,Paleògens del Baix Ter - 17187-0009,498066.61,4663025.27,2680376,Nitrits
after_2007,0006,0014,F002819,Paleògens del Baix Ter - 17187-0009,498066.61,4663025.27,3225140,Fosfats
after_2007,0006,0014,F002826,Detrític neogen de l'Empordà - 17015-0009,481713,4663519,1670517,Amoni
after_2007,0006,0014,F002826,Detrític neogen de l'Empordà - 17015-0009,481713,4663519,1691382,Nitrats
after_2007,0006,0014,F002826,Detrític neogen de l'Empordà - 17015-0009,481713,4663519,2680383,Nitrits
after_2007,0006,0014,F002826,Detrític neogen de l'Empordà - 17015-0009,481713,4663519,3158222,Fosfats
after_2007,0006,0014,F002829,Detrític neogen de l'Empordà - 17222-0008,496058,4666225,1670520,Amoni
after_2007,0006,0014,F002829,Detrític neogen de l'Empordà - 17222-0008,496058,4666225,1691385,Nitrats
after_2007,0006,0014,F002829,Detrític neogen de l'Empordà - 17222-0008,496058,4666225,2680386,Nitrits
after_2007,0006,0014,F002829,Detrític neogen de l'Empordà - 17222-0008,496058,4666225,3225151,Fosfats
after_2007,0006,0014,F002835,Detrític neogen de l'Empordà - 17015-0006,481606.58,4663190.39,1670525,Amoni
after_2007,0006,0014,F002835,Detrític neogen de l'Empordà - 17015-0006,481606.58,4663190.39,1691390,Nitrats
after_2007,0006,0014,F002835,Detrític neogen de l'Empordà - 17015-0006,481606.58,4663190.39,2680391,Nitrits
after_2007,0006,0014,F002835,Detrític neogen de l'Empordà - 17015-0006,481606.58,4663190.39,3158182,Fosfats
after_2007,0006,0014,F002840,Detrític neogen de l'Empordà - 17056-0047,482686.57,4660965.38,1670530,Amoni
after_2007,0006,0014,F002840,Detrític neogen de l'Empordà - 17056-0047,482686.57,4660965.38,1691395,Nitrats
after_2007,0006,0014,F002840,Detrític neogen de l'Empordà - 17056-0047,482686.57,4660965.38,2680396,Nitrits
after_2007,0006,0014,F002840,Detrític neogen de l'Empordà - 17056-0047,482686.57,4660965.38,3270425,Fosfats
after_2007,0006,0014,F002849,Detrític neogen de l'Empordà - 17216-0014,492255.89,4661883.41,1670538,Amoni
after_2007,0006,0014,F002849,Detrític neogen de l'Empordà - 17216-0014,492255.89,4661883.41,1691403,Nitrats
after_2007,0006,0014,F002849,Detrític neogen de l'Empordà - 17216-0014,492255.89,4661883.41,2680404,Nitrits
after_2007,0006,0014,F002849,Detrític neogen de l'Empordà - 17216-0014,492255.89,4661883.41,3223499,Fosfats
after_2007,0006,0014,F002851,Fluviodeltaic del Baix Ter - 17067-0013,495923,4655242,1670540,Amoni
after_2007,0006,0014,F002851,Fluviodeltaic del Baix Ter - 17067-0013,495923,4655242,1691405,Nitrats
after_2007,0006,0014,F002851,Fluviodeltaic del Baix Ter - 17067-0013,495923,4655242,2680406,Nitrits
after_2007,0006,0014,F002851,Fluviodeltaic del Baix Ter - 17067-0013,495923,4655242,3223480,Fosfats
after_2007,0006,0014,F002856,Fluviodeltaic del Baix Ter - 17057-0009,503562,4650115,1670544,Amoni
after_2007,0006,0014,F002856,Fluviodeltaic del Baix Ter - 17057-0009,503562,4650115,1691409,Nitrats
after_2007,0006,0014,F002856,Fluviodeltaic del Baix Ter - 17057-0009,503562,4650115,2680410,Nitrits
after_2007,0006,0014,F002856,Fluviodeltaic del Baix Ter - 17057-0009,503562,4650115,3235467,Fosfats
after_2007,0006,0014,F002874,Baixa Garrotxa-Pla de l'Estany - 17071-0014,480663,4666250,1670560,Amoni
after_2007,0006,0014,F002874,Baixa Garrotxa-Pla de l'Estany - 17071-0014,480663,4666250,1691425,Nitrats
after_2007,0006,0014,F002874,Baixa Garrotxa-Pla de l'Estany - 17071-0014,480663,4666250,2680426,Nitrits
after_2007,0006,0014,F002874,Baixa Garrotxa-Pla de l'Estany - 17071-0014,480663,4666250,3158226,Fosfats
after_2007,0006,0014,F002886,Fluviodeltaic del Baix Ter - 17166-0005,496033.56,4657392.27,1670571,Amoni
after_2007,0006,0014,F002886,Fluviodeltaic del Baix Ter - 17166-0005,496033.56,4657392.27,1691436,Nitrats
after_2007,0006,0014,F002886,Fluviodeltaic del Baix Ter - 17166-0005,496033.56,4657392.27,2680437,Nitrits
after_2007,0006,0014,F002886,Fluviodeltaic del Baix Ter - 17166-0005,496033.56,4657392.27,4181519,Fosfats
after_2007,0006,0014,F002894,Detrític neogen de l'Empordà - 17216-0017,494112,4660328,1670579,Amoni
after_2007,0006,0014,F002894,Detrític neogen de l'Empordà - 17216-0017,494112,4660328,1691444,Nitrats
after_2007,0006,0014,F002894,Detrític neogen de l'Empordà - 17216-0017,494112,4660328,2680445,Nitrits
after_2007,0006,0014,F002894,Detrític neogen de l'Empordà - 17216-0017,494112,4660328,3223500,Fosfats
after_2007,0006,0014,F002917,Detrític neogen de l'Empordà - 17012-0014,493362,4675539,1670116,Amoni
after_2007,0006,0014,F002917,Detrític neogen de l'Empordà - 17012-0014,493362,4675539,1690981,Nitrats
after_2007,0006,0014,F002917,Detrític neogen de l'Empordà - 17012-0014,493362,4675539,2679982,Nitrits
after_2007,0006,0014,F002917,Detrític neogen de l'Empordà - 17012-0014,493362,4675539,3158223,Fosfats
after_2007,0006,0014,F002920,Detrític neogen de l'Empordà - 17026-0014,495161.69,4674715.31,1670119,Amoni
after_2007,0006,0014,F002920,Detrític neogen de l'Empordà - 17026-0014,495161.69,4674715.31,1690984,Nitrats
after_2007,0006,0014,F002920,Detrític neogen de l'Empordà - 17026-0014,495161.69,4674715.31,2679985,Nitrits
after_2007,0006,0014,F002920,Detrític neogen de l'Empordà - 17026-0014,495161.69,4674715.31,3231753,Fosfats
after_2007,0006,0014,F002934,Detrític neogen de l'Empordà - 17123-0006,484036.54,4657605.36,1670132,Amoni
after_2007,0006,0014,F002934,Detrític neogen de l'Empordà - 17123-0006,484036.54,4657605.36,1690997,Nitrats
after_2007,0006,0014,F002934,Detrític neogen de l'Empordà - 17123-0006,484036.54,4657605.36,2679998,Nitrits
after_2007,0006,0014,F002934,Detrític neogen de l'Empordà - 17123-0006,484036.54,4657605.36,3113447,Fosfats
after_2007,0006,0014,F002947,Detrític neogen de l'Empordà - 17012-0021,493026.71,4677445.33,1670143,Amoni
after_2007,0006,0014,F002947,Detrític neogen de l'Empordà - 17012-0021,493026.71,4677445.33,1691008,Nitrats
after_2007,0006,0014,F002947,Detrític neogen de l'Empordà - 17012-0021,493026.71,4677445.33,2680009,Nitrits
after_2007,0006,0014,F002947,Detrític neogen de l'Empordà - 17012-0021,493026.71,4677445.33,3158224,Fosfats
after_2007,0006,0014,F002954,Detrític neogen de l'Empordà - 17075-0012,496246.58,4670965.34,1670149,Amoni
after_2007,0006,0014,F002954,Detrític neogen de l'Empordà - 17075-0012,496246.58,4670965.34,1691014,Nitrats
after_2007,0006,0014,F002954,Detrític neogen de l'Empordà - 17075-0012,496246.58,4670965.34,2680015,Nitrits
after_2007,0006,0014,F002954,Detrític neogen de l'Empordà - 17075-0012,496246.58,4670965.34,3158227,Fosfats
after_2007,0006,0014,F002968,Fluviodeltaic del Baix Ter - 17050-0021,492717,4657249,1665990,Fosfats
after_2007,0006,0014,F002968,Fluviodeltaic del Baix Ter - 17050-0021,492717,4657249,1670163,Amoni
after_2007,0006,0014,F002968,Fluviodeltaic del Baix Ter - 17050-0021,492717,4657249,1691028,Nitrats
after_2007,0006,0014,F002968,Fluviodeltaic del Baix Ter - 17050-0021,492717,4657249,2680029,Nitrits
after_2007,0006,0014,F002969,Detrític neogen de l'Empordà - 17218-0016,489634,4662555,1670164,Amoni
after_2007,0006,0014,F002969,Detrític neogen de l'Empordà - 17218-0016,489634,4662555,1691029,Nitrats
after_2007,0006,0014,F002969,Detrític neogen de l'Empordà - 17218-0016,489634,4662555,2680030,Nitrits
after_2007,0006,0014,F002969,Detrític neogen de l'Empordà - 17218-0016,489634,4662555,3225147,Fosfats
after_2007,0006,0014,F002971,Detrític neogen de l'Empordà - 17016-0006,492319,4663900,1672927,Amoni
after_2007,0006,0014,F002971,Detrític neogen de l'Empordà - 17016-0006,492319,4663900,1693792,Nitrats
after_2007,0006,0014,F002971,Detrític neogen de l'Empordà - 17016-0006,492319,4663900,2682793,Nitrits
after_2007,0006,0014,F002971,Detrític neogen de l'Empordà - 17016-0006,492319,4663900,3229609,Fosfats
after_2007,0006,0014,F002980,Fluviodeltaic del Baix Ter - 17025-0005,492989,4653923,1670174,Amoni
after_2007,0006,0014,F002980,Fluviodeltaic del Baix Ter - 17025-0005,492989,4653923,1691039,Nitrats
after_2007,0006,0014,F002980,Fluviodeltaic del Baix Ter - 17025-0005,492989,4653923,2680040,Nitrits
after_2007,0006,0014,F002980,Fluviodeltaic del Baix Ter - 17025-0005,492989,4653923,3223478,Fosfats
after_2007,0006,0014,F002996,Fluviovolcànic de la Garrotxa - 17114-0020,456531,4669174,1670189,Amoni
after_2007,0006,0014,F002996,Fluviovolcànic de la Garrotxa - 17114-0020,456531,4669174,1691054,Nitrats
after_2007,0006,0014,F002996,Fluviovolcànic de la Garrotxa - 17114-0020,456531,4669174,2680055,Nitrits
after_2007,0006,0014,F002996,Fluviovolcànic de la Garrotxa - 17114-0020,456531,4669174,4139925,Fosfats
after_2007,0006,0014,F003032,Fluviovolcànic de la Garrotxa - 17046-0002,461870.5,4674146,1672930,Amoni
after_2007,0006,0014,F003032,Fluviovolcànic de la Garrotxa - 17046-0002,461870.5,4674146,1693795,Nitrats
after_2007,0006,0014,F003032,Fluviovolcànic de la Garrotxa - 17046-0002,461870.5,4674146,2682796,Nitrits
after_2007,0006,0014,F003032,Fluviovolcànic de la Garrotxa - 17046-0002,461870.5,4674146,4139923,Fosfats
after_2007,0006,0014,F003035,Fluviovolcànic de la Garrotxa - 17184-0026,461137,4666371,1670226,Amoni
after_2007,0006,0014,F003035,Fluviovolcànic de la Garrotxa - 17184-0026,461137,4666371,1691091,Nitrats
after_2007,0006,0014,F003035,Fluviovolcànic de la Garrotxa - 17184-0026,461137,4666371,2680092,Nitrits
after_2007,0006,0014,F003035,Fluviovolcànic de la Garrotxa - 17184-0026,461137,4666371,4139608,Fosfats
after_2007,0006,0014,F003043,Fluviovolcànic de la Garrotxa - 17207-0004,453046.56,4666579.61,1670234,Amoni
after_2007,0006,0014,F003043,Fluviovolcànic de la Garrotxa - 17207-0004,453046.56,4666579.61,1691099,Nitrats
after_2007,0006,0014,F003043,Fluviovolcànic de la Garrotxa - 17207-0004,453046.56,4666579.61,2680100,Nitrits
after_2007,0006,0014,F003043,Fluviovolcànic de la Garrotxa - 17207-0004,453046.56,4666579.61,4141322,Fosfats
after_2007,0006,0014,F003050,Baixa Garrotxa-Pla de l'Estany - 17174-0015,473907.57,4663782.45,1670241,Amoni
after_2007,0006,0014,F003050,Baixa Garrotxa-Pla de l'Estany - 17174-0015,473907.57,4663782.45,1691106,Nitrats
after_2007,0006,0014,F003050,Baixa Garrotxa-Pla de l'Estany - 17174-0015,473907.57,4663782.45,2680107,Nitrits
after_2007,0006,0014,F003050,Baixa Garrotxa-Pla de l'Estany - 17174-0015,473907.57,4663782.45,3295009,Fosfats
after_2007,0006,0014,F003052,Baixa Garrotxa-Pla de l'Estany - 17174-0012,474131.57,4663245.45,1666070,Fosfats
after_2007,0006,0014,F003052,Baixa Garrotxa-Pla de l'Estany - 17174-0012,474131.57,4663245.45,1670243,Amoni
after_2007,0006,0014,F003052,Baixa Garrotxa-Pla de l'Estany - 17174-0012,474131.57,4663245.45,1691108,Nitrats
after_2007,0006,0014,F003052,Baixa Garrotxa-Pla de l'Estany - 17174-0012,474131.57,4663245.45,2680109,Nitrits
after_2007,0006,0014,F003080,Plana de Vic - Collsacabra - 08112-0023,442095,4652244,1666234,Fosfats
after_2007,0006,0014,F003080,Plana de Vic - Collsacabra - 08112-0023,442095,4652244,1670407,Amoni
after_2007,0006,0014,F003080,Plana de Vic - Collsacabra - 08112-0023,442095,4652244,1691272,Nitrats
after_2007,0006,0014,F003080,Plana de Vic - Collsacabra - 08112-0023,442095,4652244,2680273,Nitrits
after_2007,0006,0014,F003082,Moianès-Sant Llorenç del Munt - 08017-0010,436506,4629596,1670409,Amoni
after_2007,0006,0014,F003082,Moianès-Sant Llorenç del Munt - 08017-0010,436506,4629596,1691274,Nitrats
after_2007,0006,0014,F003082,Moianès-Sant Llorenç del Munt - 08017-0010,436506,4629596,2680275,Nitrits
after_2007,0006,0014,F003082,Moianès-Sant Llorenç del Munt - 08017-0010,436506,4629596,3114020,Fosfats
after_2007,0006,0014,F003086,Plana de Vic - Collsacabra - 08111-0006,438171,4638596,1668626,Fosfats
after_2007,0006,0014,F003086,Plana de Vic - Collsacabra - 08111-0006,438171,4638596,1672799,Amoni
after_2007,0006,0014,F003086,Plana de Vic - Collsacabra - 08111-0006,438171,4638596,1693664,Nitrats
after_2007,0006,0014,F003086,Plana de Vic - Collsacabra - 08111-0006,438171,4638596,2682665,Nitrits
after_2007,0006,0014,F003090,N/D - Subterrània - 08199-0021,429456.41,4650870.77,1670416,Amoni
after_2007,0006,0014,F003090,N/D - Subterrània - 08199-0021,429456.41,4650870.77,1691281,Nitrats
after_2007,0006,0014,F003090,N/D - Subterrània - 08199-0021,429456.41,4650870.77,2680282,Nitrits
after_2007,0006,0014,F003092,Plana de Vic - Collsacabra - 08116-0004,445081.4,4647295.64,1670418,Amoni
after_2007,0006,0014,F003092,Plana de Vic - Collsacabra - 08116-0004,445081.4,4647295.64,1691283,Nitrats
after_2007,0006,0014,F003092,Plana de Vic - Collsacabra - 08116-0004,445081.4,4647295.64,2680284,Nitrits
after_2007,0006,0014,F003092,Plana de Vic - Collsacabra - 08116-0004,445081.4,4647295.64,3114358,Fosfats
after_2007,0006,0014,F003102,Plana de Vic - Collsacabra - 08247-0004,431666,4640496,1670426,Amoni
after_2007,0006,0014,F003102,Plana de Vic - Collsacabra - 08247-0004,431666,4640496,1691291,Nitrats
after_2007,0006,0014,F003102,Plana de Vic - Collsacabra - 08247-0004,431666,4640496,2680292,Nitrits
after_2007,0006,0014,F003102,Plana de Vic - Collsacabra - 08247-0004,431666,4640496,3113465,Fosfats
after_2007,0006,0014,F003103,Plana de Vic - Collsacabra - 08100-0014,439819,4645853,1666254,Fosfats
after_2007,0006,0014,F003103,Plana de Vic - Collsacabra - 08100-0014,439819,4645853,1670427,Amoni
after_2007,0006,0014,F003103,Plana de Vic - Collsacabra - 08100-0014,439819,4645853,1691292,Nitrats
after_2007,0006,0014,F003103,Plana de Vic - Collsacabra - 08100-0014,439819,4645853,2680293,Nitrits
after_2007,0006,0014,F003104,Prelitoral del Vallès - 08067-0029,436071.24,4627508.68,1670428,Amoni
after_2007,0006,0014,F003104,Prelitoral del Vallès - 08067-0029,436071.24,4627508.68,1691293,Nitrats
after_2007,0006,0014,F003104,Prelitoral del Vallès - 08067-0029,436071.24,4627508.68,2680294,Nitrits
after_2007,0006,0014,F003104,Prelitoral del Vallès - 08067-0029,436071.24,4627508.68,3114356,Fosfats
after_2007,0006,0014,F003105,Plana de Vic - Collsacabra - 08111-0008,437905.93,4639308.58,1670429,Amoni
after_2007,0006,0014,F003105,Plana de Vic - Collsacabra - 08111-0008,437905.93,4639308.58,1691294,Nitrats
after_2007,0006,0014,F003105,Plana de Vic - Collsacabra - 08111-0008,437905.93,4639308.58,2680295,Nitrits
after_2007,0006,0014,F003105,Plana de Vic - Collsacabra - 08111-0008,437905.93,4639308.58,3113460,Fosfats
after_2007,0006,0014,F003106,Moianès-Sant Llorenç del Munt - 08269-0007,436977,4632427,1670430,Amoni
after_2007,0006,0014,F003106,Moianès-Sant Llorenç del Munt - 08269-0007,436977,4632427,1691295,Nitrats
after_2007,0006,0014,F003106,Moianès-Sant Llorenç del Munt - 08269-0007,436977,4632427,2680296,Nitrits
after_2007,0006,0014,F003106,Moianès-Sant Llorenç del Munt - 08269-0007,436977,4632427,3114501,Fosfats
after_2007,0006,0014,F003107,Plana de Vic - Collsacabra - 08083-0005,443456,4643046,1670431,Amoni
after_2007,0006,0014,F003107,Plana de Vic - Collsacabra - 08083-0005,443456,4643046,1691296,Nitrats
after_2007,0006,0014,F003107,Plana de Vic - Collsacabra - 08083-0005,443456,4643046,2680297,Nitrits
after_2007,0006,0014,F003107,Plana de Vic - Collsacabra - 08083-0005,443456,4643046,3113949,Fosfats
after_2007,0006,0014,F003109,Plana de Vic - Collsacabra - 08278-0004,440806.31,4636345.66,1670433,Amoni
after_2007,0006,0014,F003109,Plana de Vic - Collsacabra - 08278-0004,440806.31,4636345.66,1691298,Nitrats
after_2007,0006,0014,F003109,Plana de Vic - Collsacabra - 08278-0004,440806.31,4636345.66,2680299,Nitrits
after_2007,0006,0014,F003109,Plana de Vic - Collsacabra - 08278-0004,440806.31,4636345.66,3114302,Fosfats
after_2007,0006,0014,F003110,Plana de Vic - Collsacabra - 08100-0013,436256,4645996,1670434,Amoni
after_2007,0006,0014,F003110,Plana de Vic - Collsacabra - 08100-0013,436256,4645996,1691299,Nitrats
after_2007,0006,0014,F003110,Plana de Vic - Collsacabra - 08100-0013,436256,4645996,2680300,Nitrits
after_2007,0006,0014,F003110,Plana de Vic - Collsacabra - 08100-0013,436256,4645996,3113950,Fosfats
after_2007,0006,0014,F003111,Plana de Vic - Collsacabra - 08129-0010,431106,4637146,1670435,Amoni
after_2007,0006,0014,F003111,Plana de Vic - Collsacabra - 08129-0010,431106,4637146,1691300,Nitrats
after_2007,0006,0014,F003111,Plana de Vic - Collsacabra - 08129-0010,431106,4637146,2680301,Nitrits
after_2007,0006,0014,F003111,Plana de Vic - Collsacabra - 08129-0010,431106,4637146,3113462,Fosfats
after_2007,0006,0014,F003112,Moianès-Sant Llorenç del Munt - 08269-0002,437194,4632220,1670436,Amoni
after_2007,0006,0014,F003112,Moianès-Sant Llorenç del Munt - 08269-0002,437194,4632220,1691301,Nitrats
after_2007,0006,0014,F003112,Moianès-Sant Llorenç del Munt - 08269-0002,437194,4632220,2680302,Nitrits
after_2007,0006,0014,F003112,Moianès-Sant Llorenç del Munt - 08269-0002,437194,4632220,3114301,Fosfats
after_2007,0006,0014,F003116,Plana de Vic - Collsacabra - 08129-0011,435652,4636555,1670439,Amoni
after_2007,0006,0014,F003116,Plana de Vic - Collsacabra - 08129-0011,435652,4636555,1691304,Nitrats
after_2007,0006,0014,F003116,Plana de Vic - Collsacabra - 08129-0011,435652,4636555,2680305,Nitrits
after_2007,0006,0014,F003116,Plana de Vic - Collsacabra - 08129-0011,435652,4636555,3113463,Fosfats
after_2007,0006,0014,F003117,Plana de Vic - Collsacabra - 08083-0004,443356,4643046,1670440,Amoni
after_2007,0006,0014,F003117,Plana de Vic - Collsacabra - 08083-0004,443356,4643046,1691305,Nitrats
after_2007,0006,0014,F003117,Plana de Vic - Collsacabra - 08083-0004,443356,4643046,2680306,Nitrits
after_2007,0006,0014,F003117,Plana de Vic - Collsacabra - 08083-0004,443356,4643046,3113948,Fosfats
after_2007,0006,0014,F003118,Plana de Vic - Collsacabra - 08254-0041,447806,4655746,1670441,Amoni
after_2007,0006,0014,F003118,Plana de Vic - Collsacabra - 08254-0041,447806,4655746,1691306,Nitrats
after_2007,0006,0014,F003118,Plana de Vic - Collsacabra - 08254-0041,447806,4655746,2680307,Nitrits
after_2007,0006,0014,F003118,Plana de Vic - Collsacabra - 08254-0041,447806,4655746,3113554,Fosfats
after_2007,0006,0014,F003119,N/D - Subterrània - 08201-0008,427556,4654496,1670442,Amoni
after_2007,0006,0014,F003119,N/D - Subterrània - 08201-0008,427556,4654496,1691307,Nitrats
after_2007,0006,0014,F003119,N/D - Subterrània - 08201-0008,427556,4654496,2680308,Nitrits
after_2007,0006,0014,F003119,N/D - Subterrània - 08201-0008,427556,4654496,3113548,Fosfats
after_2007,0006,0014,F003120,Plana de Vic - Collsacabra - 08271-0003,430966,4653632,1670443,Amoni
after_2007,0006,0014,F003120,Plana de Vic - Collsacabra - 08271-0003,430966,4653632,1691308,Nitrats
after_2007,0006,0014,F003120,Plana de Vic - Collsacabra - 08271-0003,430966,4653632,2680309,Nitrits
after_2007,0006,0014,F003120,Plana de Vic - Collsacabra - 08271-0003,430966,4653632,3113555,Fosfats
after_2007,0006,0014,F003122,Plana de Vic - Collsacabra - 08116-0002,441656,4648496,1670445,Amoni
after_2007,0006,0014,F003122,Plana de Vic - Collsacabra - 08116-0002,441656,4648496,1691310,Nitrats
after_2007,0006,0014,F003122,Plana de Vic - Collsacabra - 08116-0002,441656,4648496,2680311,Nitrits
after_2007,0006,0014,F003122,Plana de Vic - Collsacabra - 08116-0002,441656,4648496,3114357,Fosfats
after_2007,0006,0014,F003124,Plana de Vic - Collsacabra - 08117-0004,437126,4653171,1670447,Amoni
after_2007,0006,0014,F003124,Plana de Vic - Collsacabra - 08117-0004,437126,4653171,1691312,Nitrats
after_2007,0006,0014,F003124,Plana de Vic - Collsacabra - 08117-0004,437126,4653171,2680313,Nitrits
after_2007,0006,0014,F003124,Plana de Vic - Collsacabra - 08117-0004,437126,4653171,3114279,Fosfats
after_2007,0006,0014,F003125,Plana de Vic - Collsacabra - 08100-0012,437689,4648467,1670448,Amoni
after_2007,0006,0014,F003125,Plana de Vic - Collsacabra - 08100-0012,437689,4648467,1691313,Nitrats
after_2007,0006,0014,F003125,Plana de Vic - Collsacabra - 08100-0012,437689,4648467,2680314,Nitrits
after_2007,0006,0014,F003125,Plana de Vic - Collsacabra - 08100-0012,437689,4648467,3113459,Fosfats
after_2007,0006,0014,F003126,Plana de Vic - Collsacabra - 08183-0002,443431,4648546,1670449,Amoni
after_2007,0006,0014,F003126,Plana de Vic - Collsacabra - 08183-0002,443431,4648546,1691314,Nitrats
after_2007,0006,0014,F003126,Plana de Vic - Collsacabra - 08183-0002,443431,4648546,2680315,Nitrits
after_2007,0006,0014,F003126,Plana de Vic - Collsacabra - 08183-0002,443431,4648546,3114359,Fosfats
after_2007,0006,0014,F003128,Plana de Vic - Collsacabra - 08254-0038,451356,4655296,1670451,Amoni
after_2007,0006,0014,F003128,Plana de Vic - Collsacabra - 08254-0038,451356,4655296,1691316,Nitrats
after_2007,0006,0014,F003128,Plana de Vic - Collsacabra - 08254-0038,451356,4655296,2680317,Nitrits
after_2007,0006,0014,F003128,Plana de Vic - Collsacabra - 08254-0038,451356,4655296,4167537,Fosfats
after_2007,0006,0014,F003129,Plana de Vic - Collsacabra - 08254-0040,451756.47,4654595.6,1670452,Amoni
after_2007,0006,0014,F003129,Plana de Vic - Collsacabra - 08254-0040,451756.47,4654595.6,1691317,Nitrats
after_2007,0006,0014,F003129,Plana de Vic - Collsacabra - 08254-0040,451756.47,4654595.6,2680318,Nitrits
after_2007,0006,0014,F003129,Plana de Vic - Collsacabra - 08254-0040,451756.47,4654595.6,3113553,Fosfats
after_2007,0006,0014,F003131,Plana de Vic - Collsacabra - 08117-0018,437202,4653311,1670454,Amoni
after_2007,0006,0014,F003131,Plana de Vic - Collsacabra - 08117-0018,437202,4653311,1691319,Nitrats
after_2007,0006,0014,F003131,Plana de Vic - Collsacabra - 08117-0018,437202,4653311,2680320,Nitrits
after_2007,0006,0014,F003131,Plana de Vic - Collsacabra - 08117-0018,437202,4653311,3114281,Fosfats
after_2007,0006,0014,F003132,Plana de Vic - Collsacabra - 08100-0010,436505.39,4646724.71,1666282,Fosfats
after_2007,0006,0014,F003132,Plana de Vic - Collsacabra - 08100-0010,436505.39,4646724.71,1670455,Amoni
after_2007,0006,0014,F003132,Plana de Vic - Collsacabra - 08100-0010,436505.39,4646724.71,1691320,Nitrats
after_2007,0006,0014,F003132,Plana de Vic - Collsacabra - 08100-0010,436505.39,4646724.71,2680321,Nitrits
after_2007,0006,0014,F003134,Plana de Vic - Collsacabra - 08280-0005,451768,4651682,1670456,Amoni
after_2007,0006,0014,F003134,Plana de Vic - Collsacabra - 08280-0005,451768,4651682,1691321,Nitrats
after_2007,0006,0014,F003134,Plana de Vic - Collsacabra - 08280-0005,451768,4651682,2680322,Nitrits
after_2007,0006,0014,F003134,Plana de Vic - Collsacabra - 08280-0005,451768,4651682,3114304,Fosfats
after_2007,0006,0014,F003135,Plana de Vic - Collsacabra - 08246-0009,439674,4640003,1666284,Fosfats
after_2007,0006,0014,F003135,Plana de Vic - Collsacabra - 08246-0009,439674,4640003,1670457,Amoni
after_2007,0006,0014,F003135,Plana de Vic - Collsacabra - 08246-0009,439674,4640003,1691322,Nitrats
after_2007,0006,0014,F003135,Plana de Vic - Collsacabra - 08246-0009,439674,4640003,2680323,Nitrits
after_2007,0006,0014,F003136,Plana de Vic - Collsacabra - 08278-0003,440581.3,4634895.66,1666285,Fosfats
after_2007,0006,0014,F003136,Plana de Vic - Collsacabra - 08278-0003,440581.3,4634895.66,1670458,Amoni
after_2007,0006,0014,F003136,Plana de Vic - Collsacabra - 08278-0003,440581.3,4634895.66,1691323,Nitrats
after_2007,0006,0014,F003136,Plana de Vic - Collsacabra - 08278-0003,440581.3,4634895.66,2680324,Nitrits
after_2007,0006,0014,F003140,Plana de Vic - Collsacabra - 08233-0004,441856,4657146,1666289,Fosfats
after_2007,0006,0014,F003140,Plana de Vic - Collsacabra - 08233-0004,441856,4657146,1670462,Amoni
after_2007,0006,0014,F003140,Plana de Vic - Collsacabra - 08233-0004,441856,4657146,1691327,Nitrats
after_2007,0006,0014,F003140,Plana de Vic - Collsacabra - 08233-0004,441856,4657146,2680328,Nitrits
after_2007,0006,0014,F003141,Plana de Vic - Collsacabra - 08233-0002,441956.49,4658945.68,1666082,Fosfats
after_2007,0006,0014,F003141,Plana de Vic - Collsacabra - 08233-0002,441956.49,4658945.68,1670255,Amoni
after_2007,0006,0014,F003141,Plana de Vic - Collsacabra - 08233-0002,441956.49,4658945.68,1691120,Nitrats
after_2007,0006,0014,F003141,Plana de Vic - Collsacabra - 08233-0002,441956.49,4658945.68,2680121,Nitrits
after_2007,0006,0014,F003142,Plana de Vic - Collsacabra - 08283-0016,436613,4634437,1670256,Amoni
after_2007,0006,0014,F003142,Plana de Vic - Collsacabra - 08283-0016,436613,4634437,1691121,Nitrats
after_2007,0006,0014,F003142,Plana de Vic - Collsacabra - 08283-0016,436613,4634437,2680122,Nitrits
after_2007,0006,0014,F003142,Plana de Vic - Collsacabra - 08283-0016,436613,4634437,3312665,Fosfats
after_2007,0006,0014,F003143,Plana de Vic - Collsacabra - 08243-0002,435088,4649462,1666084,Fosfats
after_2007,0006,0014,F003143,Plana de Vic - Collsacabra - 08243-0002,435088,4649462,1670257,Amoni
after_2007,0006,0014,F003143,Plana de Vic - Collsacabra - 08243-0002,435088,4649462,1691122,Nitrats
after_2007,0006,0014,F003143,Plana de Vic - Collsacabra - 08243-0002,435088,4649462,2680123,Nitrits
after_2007,0006,0014,F003145,N/D - Subterrània - 08160-0007,426660,4654682,1670259,Amoni
after_2007,0006,0014,F003145,N/D - Subterrània - 08160-0007,426660,4654682,1691124,Nitrats
after_2007,0006,0014,F003145,N/D - Subterrània - 08160-0007,426660,4654682,2680125,Nitrits
after_2007,0006,0014,F003145,N/D - Subterrània - 08160-0007,426660,4654682,3113481,Fosfats
after_2007,0006,0014,F003146,Plana de Vic - Collsacabra - 08195-0003,427706.45,4657245.79,1670260,Amoni
after_2007,0006,0014,F003146,Plana de Vic - Collsacabra - 08195-0003,427706.45,4657245.79,1691125,Nitrats
after_2007,0006,0014,F003146,Plana de Vic - Collsacabra - 08195-0003,427706.45,4657245.79,2680126,Nitrits
after_2007,0006,0014,F003146,Plana de Vic - Collsacabra - 08195-0003,427706.45,4657245.79,3113547,Fosfats
after_2007,0006,0014,F003147,Plana de Vic - Collsacabra - 08265-0010,438148,4656795,1670261,Amoni
after_2007,0006,0014,F003147,Plana de Vic - Collsacabra - 08265-0010,438148,4656795,1691126,Nitrats
after_2007,0006,0014,F003147,Plana de Vic - Collsacabra - 08265-0010,438148,4656795,2680127,Nitrits
after_2007,0006,0014,F003147,Plana de Vic - Collsacabra - 08265-0010,438148,4656795,3114046,Fosfats
after_2007,0006,0014,F003152,Plana de Vic - Collsacabra - 08183-0001,442723,4648744,1666092,Fosfats
after_2007,0006,0014,F003152,Plana de Vic - Collsacabra - 08183-0001,442723,4648744,1670265,Amoni
after_2007,0006,0014,F003152,Plana de Vic - Collsacabra - 08183-0001,442723,4648744,1691130,Nitrats
after_2007,0006,0014,F003152,Plana de Vic - Collsacabra - 08183-0001,442723,4648744,2680131,Nitrits
after_2007,0006,0014,F003154,Prelitoral del Vallès - 08269-0016,436656.24,4627295.68,1672936,Amoni
after_2007,0006,0014,F003154,Prelitoral del Vallès - 08269-0016,436656.24,4627295.68,1693801,Nitrats
after_2007,0006,0014,F003154,Prelitoral del Vallès - 08269-0016,436656.24,4627295.68,2682802,Nitrits
after_2007,0006,0014,F003154,Prelitoral del Vallès - 08269-0016,436656.24,4627295.68,3114360,Fosfats
after_2007,0006,0014,F003157,Plana de Vic - Collsacabra - 08247-0003,432468.32,4639329.73,1670269,Amoni
after_2007,0006,0014,F003157,Plana de Vic - Collsacabra - 08247-0003,432468.32,4639329.73,1691134,Nitrats
after_2007,0006,0014,F003157,Plana de Vic - Collsacabra - 08247-0003,432468.32,4639329.73,2680135,Nitrits
after_2007,0006,0014,F003157,Plana de Vic - Collsacabra - 08247-0003,432468.32,4639329.73,3113464,Fosfats
after_2007,0006,0014,F003158,Plana de Vic - Collsacabra - 08183-0005,442282,4647247,1666097,Fosfats
after_2007,0006,0014,F003158,Plana de Vic - Collsacabra - 08183-0005,442282,4647247,1670270,Amoni
after_2007,0006,0014,F003158,Plana de Vic - Collsacabra - 08183-0005,442282,4647247,1691135,Nitrats
after_2007,0006,0014,F003158,Plana de Vic - Collsacabra - 08183-0005,442282,4647247,2680136,Nitrits
after_2007,0006,0014,F003161,Plana de Vic - Collsacabra - 08278-0008,441231,4637121,1672802,Amoni
after_2007,0006,0014,F003161,Plana de Vic - Collsacabra - 08278-0008,441231,4637121,1693667,Nitrats
after_2007,0006,0014,F003161,Plana de Vic - Collsacabra - 08278-0008,441231,4637121,2682668,Nitrits
after_2007,0006,0014,F003161,Plana de Vic - Collsacabra - 08278-0008,441231,4637121,3114303,Fosfats
after_2007,0006,0014,F003162,Plana de Vic - Collsacabra - 08037-0004,443263,4641474,1670273,Amoni
after_2007,0006,0014,F003162,Plana de Vic - Collsacabra - 08037-0004,443263,4641474,1691138,Nitrats
after_2007,0006,0014,F003162,Plana de Vic - Collsacabra - 08037-0004,443263,4641474,2680139,Nitrits
after_2007,0006,0014,F003162,Plana de Vic - Collsacabra - 08037-0004,443263,4641474,3113480,Fosfats
after_2007,0006,0014,F003164,Plana de Vic - Collsacabra - 08220-0005,443475.36,4641950.65,1666102,Fosfats
after_2007,0006,0014,F003164,Plana de Vic - Collsacabra - 08220-0005,443475.36,4641950.65,1670275,Amoni
after_2007,0006,0014,F003164,Plana de Vic - Collsacabra - 08220-0005,443475.36,4641950.65,1691140,Nitrats
after_2007,0006,0014,F003164,Plana de Vic - Collsacabra - 08220-0005,443475.36,4641950.65,2680141,Nitrits
after_2007,0006,0014,F003169,Plana de Vic - Collsacabra - 08298-0009,438281,4643619,1670280,Amoni
after_2007,0006,0014,F003169,Plana de Vic - Collsacabra - 08298-0009,438281,4643619,1691145,Nitrats
after_2007,0006,0014,F003169,Plana de Vic - Collsacabra - 08298-0009,438281,4643619,2680146,Nitrits
after_2007,0006,0014,F003170,Plana de Vic - Collsacabra - 08269-0011,440386,4631956,1666108,Fosfats
after_2007,0006,0014,F003170,Plana de Vic - Collsacabra - 08269-0011,440386,4631956,1670281,Amoni
after_2007,0006,0014,F003170,Plana de Vic - Collsacabra - 08269-0011,440386,4631956,1691146,Nitrats
after_2007,0006,0014,F003170,Plana de Vic - Collsacabra - 08269-0011,440386,4631956,2680147,Nitrits
after_2007,0006,0014,F003173,Plana de Vic - Collsacabra - 08150-0006,438026.46,4656280.71,1670284,Amoni
after_2007,0006,0014,F003173,Plana de Vic - Collsacabra - 08150-0006,438026.46,4656280.71,1691149,Nitrats
after_2007,0006,0014,F003173,Plana de Vic - Collsacabra - 08150-0006,438026.46,4656280.71,2680150,Nitrits
after_2007,0006,0014,F003173,Plana de Vic - Collsacabra - 08150-0006,438026.46,4656280.71,3114285,Fosfats
after_2007,0006,0014,F003175,Plana de Vic - Collsacabra - 08201-0005,430216.57,4656749.4,1670285,Amoni
after_2007,0006,0014,F003175,Plana de Vic - Collsacabra - 08201-0005,430216.57,4656749.4,1691150,Nitrats
after_2007,0006,0014,F003175,Plana de Vic - Collsacabra - 08201-0005,430216.57,4656749.4,2680151,Nitrits
after_2007,0006,0014,F003180,Plana de Vic - Collsacabra - 08298-0008,435916.35,4641445.7,1666116,Fosfats
after_2007,0006,0014,F003180,Plana de Vic - Collsacabra - 08298-0008,435916.35,4641445.7,1670289,Amoni
after_2007,0006,0014,F003180,Plana de Vic - Collsacabra - 08298-0008,435916.35,4641445.7,1691154,Nitrats
after_2007,0006,0014,F003180,Plana de Vic - Collsacabra - 08298-0008,435916.35,4641445.7,2680155,Nitrits
after_2007,0006,0014,F003181,Plana de Vic - Collsacabra - 08117-0017,437221,4653221,1670290,Amoni
after_2007,0006,0014,F003181,Plana de Vic - Collsacabra - 08117-0017,437221,4653221,1691155,Nitrats
after_2007,0006,0014,F003181,Plana de Vic - Collsacabra - 08117-0017,437221,4653221,2680156,Nitrits
after_2007,0006,0014,F003181,Plana de Vic - Collsacabra - 08117-0017,437221,4653221,3114280,Fosfats
after_2007,0006,0014,F003182,Moianès-Sant Llorenç del Munt - 08067-0026,435701,4626034,1670291,Amoni
after_2007,0006,0014,F003182,Moianès-Sant Llorenç del Munt - 08067-0026,435701,4626034,1691156,Nitrats
after_2007,0006,0014,F003182,Moianès-Sant Llorenç del Munt - 08067-0026,435701,4626034,2680157,Nitrits
after_2007,0006,0014,F003182,Moianès-Sant Llorenç del Munt - 08067-0026,435701,4626034,3114355,Fosfats
after_2007,0006,0014,F003185,Plana de Vic - Collsacabra - 08220-0002,443590,4637818,1672938,Amoni
after_2007,0006,0014,F003185,Plana de Vic - Collsacabra - 08220-0002,443590,4637818,1693803,Nitrats
after_2007,0006,0014,F003185,Plana de Vic - Collsacabra - 08220-0002,443590,4637818,2682804,Nitrits
after_2007,0006,0014,F003185,Plana de Vic - Collsacabra - 08220-0002,443590,4637818,3113549,Fosfats
after_2007,0006,0014,F003186,Plana de Vic - Collsacabra - 08285-0005,438765.15,4654991.9,1670294,Amoni
after_2007,0006,0014,F003186,Plana de Vic - Collsacabra - 08285-0005,438765.15,4654991.9,1691159,Nitrats
after_2007,0006,0014,F003186,Plana de Vic - Collsacabra - 08285-0005,438765.15,4654991.9,2680160,Nitrits
after_2007,0006,0014,F003186,Plana de Vic - Collsacabra - 08285-0005,438765.15,4654991.9,3114048,Fosfats
after_2007,0006,0014,F003190,Plana de Vic - Collsacabra - 08283-0007,439331.3,4634635.67,1670298,Amoni
after_2007,0006,0014,F003190,Plana de Vic - Collsacabra - 08283-0007,439331.3,4634635.67,1691163,Nitrats
after_2007,0006,0014,F003190,Plana de Vic - Collsacabra - 08283-0007,439331.3,4634635.67,2680164,Nitrits
after_2007,0006,0014,F003190,Plana de Vic - Collsacabra - 08283-0007,439331.3,4634635.67,3114306,Fosfats
after_2007,0006,0014,F003192,Moianès-Sant Llorenç del Munt - 08283-0015,433456.27,4632170.71,1666127,Fosfats
after_2007,0006,0014,F003192,Moianès-Sant Llorenç del Munt - 08283-0015,433456.27,4632170.71,1670300,Amoni
after_2007,0006,0014,F003192,Moianès-Sant Llorenç del Munt - 08283-0015,433456.27,4632170.71,1691165,Nitrats
after_2007,0006,0014,F003192,Moianès-Sant Llorenç del Munt - 08283-0015,433456.27,4632170.71,2680166,Nitrits
after_2007,0006,0014,F003194,Plana de Vic - Collsacabra - 08285-0021,439227,4655606,1666129,Fosfats
after_2007,0006,0014,F003194,Plana de Vic - Collsacabra - 08285-0021,439227,4655606,1670302,Amoni
after_2007,0006,0014,F003194,Plana de Vic - Collsacabra - 08285-0021,439227,4655606,1691167,Nitrats
after_2007,0006,0014,F003194,Plana de Vic - Collsacabra - 08285-0021,439227,4655606,2680168,Nitrits
after_2007,0006,0014,F003196,Plana de Vic - Collsacabra - 08285-0022,438486,4655336,1670304,Amoni
after_2007,0006,0014,F003196,Plana de Vic - Collsacabra - 08285-0022,438486,4655336,1691169,Nitrats
after_2007,0006,0014,F003196,Plana de Vic - Collsacabra - 08285-0022,438486,4655336,2680170,Nitrits
after_2007,0006,0014,F003196,Plana de Vic - Collsacabra - 08285-0022,438486,4655336,3114106,Fosfats
after_2007,0006,0014,F003197,Plana de Vic - Collsacabra - 08285-0019,438576.45,4655220.7,1670305,Amoni
after_2007,0006,0014,F003197,Plana de Vic - Collsacabra - 08285-0019,438576.45,4655220.7,1691170,Nitrats
after_2007,0006,0014,F003197,Plana de Vic - Collsacabra - 08285-0019,438576.45,4655220.7,2680171,Nitrits
after_2007,0006,0014,F003197,Plana de Vic - Collsacabra - 08285-0019,438576.45,4655220.7,3114078,Fosfats
after_2007,0006,0014,F003198,Plana de Vic - Collsacabra - 08278-0009,441206,4638846,1670306,Amoni
after_2007,0006,0014,F003198,Plana de Vic - Collsacabra - 08278-0009,441206,4638846,1691171,Nitrats
after_2007,0006,0014,F003198,Plana de Vic - Collsacabra - 08278-0009,441206,4638846,2680172,Nitrits
after_2007,0006,0014,F003198,Plana de Vic - Collsacabra - 08278-0009,441206,4638846,3113468,Fosfats
after_2007,0006,0014,F003199,Plana de Vic - Collsacabra - 08112-0021,441856,4651796,1670307,Amoni
after_2007,0006,0014,F003199,Plana de Vic - Collsacabra - 08112-0021,441856,4651796,1691172,Nitrats
after_2007,0006,0014,F003199,Plana de Vic - Collsacabra - 08112-0021,441856,4651796,2680173,Nitrits
after_2007,0006,0014,F003199,Plana de Vic - Collsacabra - 08112-0021,441856,4651796,3231748,Fosfats
after_2007,0006,0014,F003200,Plana de Vic - Collsacabra - 08112-0022,441769,4650024,1670308,Amoni
after_2007,0006,0014,F003200,Plana de Vic - Collsacabra - 08112-0022,441769,4650024,1691173,Nitrats
after_2007,0006,0014,F003200,Plana de Vic - Collsacabra - 08112-0022,441769,4650024,2680174,Nitrits
after_2007,0006,0014,F003200,Plana de Vic - Collsacabra - 08112-0022,441769,4650024,3113461,Fosfats
after_2007,0006,0014,F003201,Plana de Vic - Collsacabra - 08285-0027,438688,4653003,1666136,Fosfats
after_2007,0006,0014,F003201,Plana de Vic - Collsacabra - 08285-0027,438688,4653003,1670309,Amoni
after_2007,0006,0014,F003201,Plana de Vic - Collsacabra - 08285-0027,438688,4653003,1691174,Nitrats
after_2007,0006,0014,F003201,Plana de Vic - Collsacabra - 08285-0027,438688,4653003,2680175,Nitrits
after_2007,0006,0014,F003202,Plana de Vic - Collsacabra - 08285-0031,440404,4654251,1666137,Fosfats
after_2007,0006,0014,F003202,Plana de Vic - Collsacabra - 08285-0031,440404,4654251,1670310,Amoni
after_2007,0006,0014,F003202,Plana de Vic - Collsacabra - 08285-0031,440404,4654251,1691175,Nitrats
after_2007,0006,0014,F003202,Plana de Vic - Collsacabra - 08285-0031,440404,4654251,2680176,Nitrits
after_2007,0006,0014,F003203,Plana de Vic - Collsacabra - 08275-0009,443856,4644796,1670311,Amoni
after_2007,0006,0014,F003203,Plana de Vic - Collsacabra - 08275-0009,443856,4644796,1691176,Nitrats
after_2007,0006,0014,F003203,Plana de Vic - Collsacabra - 08275-0009,443856,4644796,2680177,Nitrits
after_2007,0006,0014,F003203,Plana de Vic - Collsacabra - 08275-0009,443856,4644796,3113467,Fosfats
after_2007,0006,0014,F003204,Plana de Vic - Collsacabra - 08283-0004,436691,4634601,1670312,Amoni
after_2007,0006,0014,F003204,Plana de Vic - Collsacabra - 08283-0004,436691,4634601,1691177,Nitrats
after_2007,0006,0014,F003204,Plana de Vic - Collsacabra - 08283-0004,436691,4634601,2680178,Nitrits
after_2007,0006,0014,F003204,Plana de Vic - Collsacabra - 08283-0004,436691,4634601,3114305,Fosfats
after_2007,0006,0014,F003206,Plana de Vic - Collsacabra - 08037-0005,441806.36,4641895.66,1666140,Fosfats
after_2007,0006,0014,F003206,Plana de Vic - Collsacabra - 08037-0005,441806.36,4641895.66,1670313,Amoni
after_2007,0006,0014,F003206,Plana de Vic - Collsacabra - 08037-0005,441806.36,4641895.66,1691178,Nitrats
after_2007,0006,0014,F003206,Plana de Vic - Collsacabra - 08037-0005,441806.36,4641895.66,2680179,Nitrits
after_2007,0006,0014,F003207,Plana de Vic - Collsacabra - 08117-0003,437346,4652986,1670314,Amoni
after_2007,0006,0014,F003207,Plana de Vic - Collsacabra - 08117-0003,437346,4652986,1691179,Nitrats
after_2007,0006,0014,F003207,Plana de Vic - Collsacabra - 08117-0003,437346,4652986,2680180,Nitrits
after_2007,0006,0014,F003207,Plana de Vic - Collsacabra - 08117-0003,437346,4652986,3114278,Fosfats
after_2007,0006,0014,F003210,Al·luvials del Vallès - 08088-0025,440147.15,4614973.63,3045806,Nitrits
after_2007,0006,0014,F003210,Al·luvials del Vallès - 08088-0025,440147.15,4614973.63,3045807,Nitrats
after_2007,0006,0014,F003210,Al·luvials del Vallès - 08088-0025,440147.15,4614973.63,3045809,Amoni
after_2007,0006,0014,F003210,Al·luvials del Vallès - 08088-0025,440147.15,4614973.63,3114113,Fosfats
after_2007,0006,0014,F003244,Al·luvials del Vallès - 08088-0016,440153.15,4614989.63,3045810,Nitrits
after_2007,0006,0014,F003244,Al·luvials del Vallès - 08088-0016,440153.15,4614989.63,3045811,Nitrats
after_2007,0006,0014,F003244,Al·luvials del Vallès - 08088-0016,440153.15,4614989.63,3045813,Amoni
after_2007,0006,0014,F003244,Al·luvials del Vallès - 08088-0016,440153.15,4614989.63,3114112,Fosfats
after_2007,0006,0014,F003265,Conca alta de Cardener i Llobregat - 08022-0008,403467.9,4662946.4,1670367,Amoni
after_2007,0006,0014,F003265,Conca alta de Cardener i Llobregat - 08022-0008,403467.9,4662946.4,1691232,Nitrats
after_2007,0006,0014,F003265,Conca alta de Cardener i Llobregat - 08022-0008,403467.9,4662946.4,2680233,Nitrits
after_2007,0006,0014,F003265,Conca alta de Cardener i Llobregat - 08022-0008,403467.9,4662946.4,3155672,Fosfats
after_2007,0006,0014,F003269,N/D - Subterrània - 08177-0001,413506,4661966,1670371,Amoni
after_2007,0006,0014,F003269,N/D - Subterrània - 08177-0001,413506,4661966,1691236,Nitrats
after_2007,0006,0014,F003269,N/D - Subterrània - 08177-0001,413506,4661966,2680237,Nitrits
after_2007,0006,0014,F003269,N/D - Subterrània - 08177-0001,413506,4661966,3293143,Fosfats
after_2007,0006,0014,F003271,N/D - Subterrània - 08022-0014,405856.45,4661980.96,3370801,Nitrits
after_2007,0006,0014,F003271,N/D - Subterrània - 08022-0014,405856.45,4661980.96,3370802,Nitrats
after_2007,0006,0014,F003271,N/D - Subterrània - 08022-0014,405856.45,4661980.96,3370803,Amoni
after_2007,0006,0014,F003271,N/D - Subterrània - 08022-0014,405856.45,4661980.96,3370804,Fosfats
after_2007,0006,0014,F003272,N/D - Subterrània - 25166-0002,369206,4645496,1670374,Amoni
after_2007,0006,0014,F003272,N/D - Subterrània - 25166-0002,369206,4645496,1691239,Nitrats
after_2007,0006,0014,F003272,N/D - Subterrània - 25166-0002,369206,4645496,2680240,Nitrits
after_2007,0006,0014,F003272,N/D - Subterrània - 25166-0002,369206,4645496,3293371,Fosfats
after_2007,0006,0014,F003283,Conca alta de Cardener i Llobregat - 08045-0010,395156.44,4662466.04,1670384,Amoni
after_2007,0006,0014,F003283,Conca alta de Cardener i Llobregat - 08045-0010,395156.44,4662466.04,1691249,Nitrats
after_2007,0006,0014,F003283,Conca alta de Cardener i Llobregat - 08045-0010,395156.44,4662466.04,2680250,Nitrits
after_2007,0006,0014,F003283,Conca alta de Cardener i Llobregat - 08045-0010,395156.44,4662466.04,3363348,Fosfats
after_2007,0006,0014,F003284,N/D - Subterrània - 08045-0002,397815,4658379,1670385,Amoni
after_2007,0006,0014,F003284,N/D - Subterrània - 08045-0002,397815,4658379,1691250,Nitrats
after_2007,0006,0014,F003284,N/D - Subterrània - 08045-0002,397815,4658379,2680251,Nitrits
after_2007,0006,0014,F003284,N/D - Subterrània - 08045-0002,397815,4658379,3293023,Fosfats
after_2007,0006,0014,F003286,Al·luvial d'Urgell - 25041-0005,334931,4616287,1666214,Fosfats
after_2007,0006,0014,F003286,Al·luvial d'Urgell - 25041-0005,334931,4616287,1670387,Amoni
after_2007,0006,0014,F003286,Al·luvial d'Urgell - 25041-0005,334931,4616287,1691252,Nitrats
after_2007,0006,0014,F003286,Al·luvial d'Urgell - 25041-0005,334931,4616287,2680253,Nitrits
after_2007,0006,0014,F003288,Al·luvial del baix Segre_Cat - 25220-0002,314342,4621714,1670389,Amoni
after_2007,0006,0014,F003288,Al·luvial del baix Segre_Cat - 25220-0002,314342,4621714,1691254,Nitrats
after_2007,0006,0014,F003288,Al·luvial del baix Segre_Cat - 25220-0002,314342,4621714,2680255,Nitrits
after_2007,0006,0014,F003288,Al·luvial del baix Segre_Cat - 25220-0002,314342,4621714,3120513,Fosfats
after_2007,0006,0014,F003294,N/D - Subterrània - 25079-0002,333725,4634635,1670879,Amoni
after_2007,0006,0014,F003294,N/D - Subterrània - 25079-0002,333725,4634635,1691744,Nitrats
after_2007,0006,0014,F003294,N/D - Subterrània - 25079-0002,333725,4634635,2680745,Nitrits
after_2007,0006,0014,F003294,N/D - Subterrània - 25079-0002,333725,4634635,3116047,Fosfats
after_2007,0006,0014,F003295,N/D - Subterrània - 25145-0002,342726,4602871,1670880,Amoni
after_2007,0006,0014,F003295,N/D - Subterrània - 25145-0002,342726,4602871,1691745,Nitrats
after_2007,0006,0014,F003295,N/D - Subterrània - 25145-0002,342726,4602871,2680746,Nitrits
after_2007,0006,0014,F003295,N/D - Subterrània - 25145-0002,342726,4602871,3231794,Fosfats
after_2007,0006,0014,F003296,Calcàries de Tàrrega - 25907-0024,354706.5,4626324.7,1670881,Amoni
after_2007,0006,0014,F003296,Calcàries de Tàrrega - 25907-0024,354706.5,4626324.7,1691746,Nitrats
after_2007,0006,0014,F003296,Calcàries de Tàrrega - 25907-0024,354706.5,4626324.7,2680747,Nitrits
after_2007,0006,0014,F003296,Calcàries de Tàrrega - 25907-0024,354706.5,4626324.7,3114042,Fosfats
after_2007,0006,0014,F003302,Serres marginals catalanes - 25015-0002,305789,4634849,1670886,Amoni
after_2007,0006,0014,F003302,Serres marginals catalanes - 25015-0002,305789,4634849,1691751,Nitrats
after_2007,0006,0014,F003302,Serres marginals catalanes - 25015-0002,305789,4634849,2680752,Nitrits
after_2007,0006,0014,F003302,Serres marginals catalanes - 25015-0002,305789,4634849,3386108,Fosfats
after_2007,0006,0014,F003306,Al·luvial del baix Segre_Cat - 25220-0004,314406,4621797,1670890,Amoni
after_2007,0006,0014,F003306,Al·luvial del baix Segre_Cat - 25220-0004,314406,4621797,1691755,Nitrats
after_2007,0006,0014,F003306,Al·luvial del baix Segre_Cat - 25220-0004,314406,4621797,2680756,Nitrits
after_2007,0006,0014,F003306,Al·luvial del baix Segre_Cat - 25220-0004,314406,4621797,3119850,Fosfats
after_2007,0006,0014,F003310,Calcàries de Tàrrega - 25219-0002,357956,4621796,1670894,Amoni
after_2007,0006,0014,F003310,Calcàries de Tàrrega - 25219-0002,357956,4621796,1691759,Nitrats
after_2007,0006,0014,F003310,Calcàries de Tàrrega - 25219-0002,357956,4621796,2680760,Nitrits
after_2007,0006,0014,F003310,Calcàries de Tàrrega - 25219-0002,357956,4621796,3115806,Fosfats
after_2007,0006,0014,F003312,Calcàries de Tàrrega - 25907-0016,356474,4624166,1670896,Amoni
after_2007,0006,0014,F003312,Calcàries de Tàrrega - 25907-0016,356474,4624166,1691761,Nitrats
after_2007,0006,0014,F003312,Calcàries de Tàrrega - 25907-0016,356474,4624166,2680762,Nitrits
after_2007,0006,0014,F003312,Calcàries de Tàrrega - 25907-0016,356474,4624166,3114039,Fosfats
after_2007,0006,0014,F003313,Calcàries de Tàrrega - 25907-0023,355556,4621446,1670897,Amoni
after_2007,0006,0014,F003313,Calcàries de Tàrrega - 25907-0023,355556,4621446,1691762,Nitrats
after_2007,0006,0014,F003313,Calcàries de Tàrrega - 25907-0023,355556,4621446,2680763,Nitrits
after_2007,0006,0014,F003313,Calcàries de Tàrrega - 25907-0023,355556,4621446,3114041,Fosfats
after_2007,0006,0014,F003314,Calcàries de Tàrrega - 25907-0004,357705.6,4624145.5,1670898,Amoni
after_2007,0006,0014,F003314,Calcàries de Tàrrega - 25907-0004,357705.6,4624145.5,1691763,Nitrats
after_2007,0006,0014,F003314,Calcàries de Tàrrega - 25907-0004,357705.6,4624145.5,2680764,Nitrits
after_2007,0006,0014,F003314,Calcàries de Tàrrega - 25907-0004,357705.6,4624145.5,3116053,Fosfats
after_2007,0006,0014,F003316,Al·luvial d'Urgell - 25096-0008,335260,4619778,1666727,Fosfats
after_2007,0006,0014,F003316,Al·luvial d'Urgell - 25096-0008,335260,4619778,1670900,Amoni
after_2007,0006,0014,F003316,Al·luvial d'Urgell - 25096-0008,335260,4619778,1691765,Nitrats
after_2007,0006,0014,F003316,Al·luvial d'Urgell - 25096-0008,335260,4619778,2680766,Nitrits
after_2007,0006,0014,F003318,Al·luvial d'Urgell - 25093-0001,323736,4610945,1670901,Amoni
after_2007,0006,0014,F003318,Al·luvial d'Urgell - 25093-0001,323736,4610945,1691766,Nitrats
after_2007,0006,0014,F003318,Al·luvial d'Urgell - 25093-0001,323736,4610945,2680767,Nitrits
after_2007,0006,0014,F003321,N/D - Subterrània - 25015-0003,301609,4632906,1670903,Amoni
after_2007,0006,0014,F003321,N/D - Subterrània - 25015-0003,301609,4632906,1691768,Nitrats
after_2007,0006,0014,F003321,N/D - Subterrània - 25015-0003,301609,4632906,2680769,Nitrits
after_2007,0006,0014,F003321,N/D - Subterrània - 25015-0003,301609,4632906,3386570,Fosfats
after_2007,0006,0014,F003327,Al·luvial d'Urgell - 25052-0002,318292,4615027,1668635,Fosfats
after_2007,0006,0014,F003327,Al·luvial d'Urgell - 25052-0002,318292,4615027,1672808,Amoni
after_2007,0006,0014,F003327,Al·luvial d'Urgell - 25052-0002,318292,4615027,1693673,Nitrats
after_2007,0006,0014,F003327,Al·luvial d'Urgell - 25052-0002,318292,4615027,2682674,Nitrits
after_2007,0006,0014,F003330,Al·luvial del baix Segre_Cat - 25102-0001,278378,4589163,1670911,Amoni
after_2007,0006,0014,F003330,Al·luvial del baix Segre_Cat - 25102-0001,278378,4589163,1691776,Nitrats
after_2007,0006,0014,F003330,Al·luvial del baix Segre_Cat - 25102-0001,278378,4589163,2680777,Nitrits
after_2007,0006,0014,F003330,Al·luvial del baix Segre_Cat - 25102-0001,278378,4589163,3119845,Fosfats
after_2007,0006,0014,F003331,Serres marginals catalanes - 25069-0008,311187.1,4634645.6,1670912,Amoni
after_2007,0006,0014,F003331,Serres marginals catalanes - 25069-0008,311187.1,4634645.6,1691777,Nitrats
after_2007,0006,0014,F003331,Serres marginals catalanes - 25069-0008,311187.1,4634645.6,2680778,Nitrits
after_2007,0006,0014,F003331,Serres marginals catalanes - 25069-0008,311187.1,4634645.6,3386140,Fosfats
after_2007,0006,0014,F003333,N/D - Subterrània - 25069-0005,309380,4628359,1670914,Amoni
after_2007,0006,0014,F003333,N/D - Subterrània - 25069-0005,309380,4628359,1691779,Nitrats
after_2007,0006,0014,F003333,N/D - Subterrània - 25069-0005,309380,4628359,2680780,Nitrits
after_2007,0006,0014,F003333,N/D - Subterrània - 25069-0005,309380,4628359,3386135,Fosfats
after_2007,0006,0014,F003338,N/D - Subterrània - 25120-0021,286936,4620082,1670918,Amoni
after_2007,0006,0014,F003338,N/D - Subterrània - 25120-0021,286936,4620082,1691783,Nitrats
after_2007,0006,0014,F003338,N/D - Subterrània - 25120-0021,286936,4620082,2680784,Nitrits
after_2007,0006,0014,F003338,N/D - Subterrània - 25120-0021,286936,4620082,3386158,Fosfats
after_2007,0006,0014,F003339,Al·luvial del baix Segre_Cat - 25120-0020,297835,4606041,1670919,Amoni
after_2007,0006,0014,F003339,Al·luvial del baix Segre_Cat - 25120-0020,297835,4606041,1691784,Nitrats
after_2007,0006,0014,F003339,Al·luvial del baix Segre_Cat - 25120-0020,297835,4606041,2680785,Nitrits
after_2007,0006,0014,F003339,Al·luvial del baix Segre_Cat - 25120-0020,297835,4606041,3119846,Fosfats
after_2007,0006,0014,F003340,Al·luvial del baix Segre_Cat - 25210-0001,291154,4602567,1670920,Amoni
after_2007,0006,0014,F003340,Al·luvial del baix Segre_Cat - 25210-0001,291154,4602567,1691785,Nitrats
after_2007,0006,0014,F003340,Al·luvial del baix Segre_Cat - 25210-0001,291154,4602567,2680786,Nitrits
after_2007,0006,0014,F003340,Al·luvial del baix Segre_Cat - 25210-0001,291154,4602567,3386314,Fosfats
after_2007,0006,0014,F003346,N/D - Subterrània - 25019-0003,291175,4620226,1670926,Amoni
after_2007,0006,0014,F003346,N/D - Subterrània - 25019-0003,291175,4620226,1691791,Nitrats
after_2007,0006,0014,F003346,N/D - Subterrània - 25019-0003,291175,4620226,2680792,Nitrits
after_2007,0006,0014,F003346,N/D - Subterrània - 25019-0003,291175,4620226,4058188,Fosfats
after_2007,0006,0014,F003347,Calcàries de Tàrrega - 25907-0020,354642.6,4625835.4,1670927,Amoni
after_2007,0006,0014,F003347,Calcàries de Tàrrega - 25907-0020,354642.6,4625835.4,1691792,Nitrats
after_2007,0006,0014,F003347,Calcàries de Tàrrega - 25907-0020,354642.6,4625835.4,2680793,Nitrits
after_2007,0006,0014,F003347,Calcàries de Tàrrega - 25907-0020,354642.6,4625835.4,3114040,Fosfats
after_2007,0006,0014,F003348,Al·luvial d'Urgell - 25225-0002,337156,4617746,1670928,Amoni
after_2007,0006,0014,F003348,Al·luvial d'Urgell - 25225-0002,337156,4617746,1691793,Nitrats
after_2007,0006,0014,F003348,Al·luvial d'Urgell - 25225-0002,337156,4617746,2680794,Nitrits
after_2007,0006,0014,F003348,Al·luvial d'Urgell - 25225-0002,337156,4617746,3116051,Fosfats
after_2007,0006,0014,F003349,Al·luvial d'Urgell - 25225-0015,337879.11,4617660.91,1670929,Amoni
after_2007,0006,0014,F003349,Al·luvial d'Urgell - 25225-0015,337879.11,4617660.91,1691794,Nitrats
after_2007,0006,0014,F003349,Al·luvial d'Urgell - 25225-0015,337879.11,4617660.91,2680795,Nitrits
after_2007,0006,0014,F003349,Al·luvial d'Urgell - 25225-0015,337879.11,4617660.91,3116043,Fosfats
after_2007,0006,0014,F003350,Al·luvial d'Urgell - 25225-0004,337956,4616746,1670930,Amoni
after_2007,0006,0014,F003350,Al·luvial d'Urgell - 25225-0004,337956,4616746,1691795,Nitrats
after_2007,0006,0014,F003350,Al·luvial d'Urgell - 25225-0004,337956,4616746,2680796,Nitrits
after_2007,0006,0014,F003350,Al·luvial d'Urgell - 25225-0004,337956,4616746,3116052,Fosfats
after_2007,0006,0014,F003352,Al·luvial d'Urgell - 25158-0005,323056,4612647,1670932,Amoni
after_2007,0006,0014,F003352,Al·luvial d'Urgell - 25158-0005,323056,4612647,1691797,Nitrats
after_2007,0006,0014,F003352,Al·luvial d'Urgell - 25158-0005,323056,4612647,2680798,Nitrits
after_2007,0006,0014,F003352,Al·luvial d'Urgell - 25158-0005,323056,4612647,3117409,Fosfats
after_2007,0006,0014,F003353,Al·luvial d'Urgell - 25248-0004,327285,4606183,1666760,Fosfats
after_2007,0006,0014,F003353,Al·luvial d'Urgell - 25248-0004,327285,4606183,1670933,Amoni
after_2007,0006,0014,F003353,Al·luvial d'Urgell - 25248-0004,327285,4606183,1691798,Nitrats
after_2007,0006,0014,F003353,Al·luvial d'Urgell - 25248-0004,327285,4606183,2680799,Nitrits
after_2007,0006,0014,F003354,Al·luvial d'Urgell - 25052-0003,320456,4614817,1670934,Amoni
after_2007,0006,0014,F003354,Al·luvial d'Urgell - 25052-0003,320456,4614817,1691799,Nitrats
after_2007,0006,0014,F003354,Al·luvial d'Urgell - 25052-0003,320456,4614817,2680800,Nitrits
after_2007,0006,0014,F003354,Al·luvial d'Urgell - 25052-0003,320456,4614817,3116718,Fosfats
after_2007,0006,0014,F003355,Al·luvial d'Urgell - 25158-0004,322256,4612897,1670935,Amoni
after_2007,0006,0014,F003355,Al·luvial d'Urgell - 25158-0004,322256,4612897,1691800,Nitrats
after_2007,0006,0014,F003355,Al·luvial d'Urgell - 25158-0004,322256,4612897,2680801,Nitrits
after_2007,0006,0014,F003355,Al·luvial d'Urgell - 25158-0004,322256,4612897,3117190,Fosfats
after_2007,0006,0014,F003356,N/D - Subterrània - 25019-0001,292378,4619513,1670936,Amoni
after_2007,0006,0014,F003356,N/D - Subterrània - 25019-0001,292378,4619513,1691801,Nitrats
after_2007,0006,0014,F003356,N/D - Subterrània - 25019-0001,292378,4619513,2680802,Nitrits
after_2007,0006,0014,F003356,N/D - Subterrània - 25019-0001,292378,4619513,3386119,Fosfats
after_2007,0006,0014,F003358,Al·luvial del baix Segre_Cat - 25254-0003,310768.98,4618433.62,1670937,Amoni
after_2007,0006,0014,F003358,Al·luvial del baix Segre_Cat - 25254-0003,310768.98,4618433.62,1691802,Nitrats
after_2007,0006,0014,F003358,Al·luvial del baix Segre_Cat - 25254-0003,310768.98,4618433.62,2680803,Nitrits
after_2007,0006,0014,F003358,Al·luvial del baix Segre_Cat - 25254-0003,310768.98,4618433.62,3117194,Fosfats
after_2007,0006,0014,F003360,Calcàries de Tàrrega - 25132-0002,359621,4628976,1670939,Amoni
after_2007,0006,0014,F003360,Calcàries de Tàrrega - 25132-0002,359621,4628976,1691804,Nitrats
after_2007,0006,0014,F003360,Calcàries de Tàrrega - 25132-0002,359621,4628976,2680805,Nitrits
after_2007,0006,0014,F003360,Calcàries de Tàrrega - 25132-0002,359621,4628976,3279784,Fosfats
after_2007,0006,0014,F003361,Al·luvial d'Urgell - 25027-0004,337106,4616896,1670940,Amoni
after_2007,0006,0014,F003361,Al·luvial d'Urgell - 25027-0004,337106,4616896,1691805,Nitrats
after_2007,0006,0014,F003361,Al·luvial d'Urgell - 25027-0004,337106,4616896,2680806,Nitrits
after_2007,0006,0014,F003361,Al·luvial d'Urgell - 25027-0004,337106,4616896,3116042,Fosfats
after_2007,0006,0014,F003369,Al·luvial del baix Segre_Cat - 25231-0003,308092,4619350,1670948,Amoni
after_2007,0006,0014,F003369,Al·luvial del baix Segre_Cat - 25231-0003,308092,4619350,1691813,Nitrats
after_2007,0006,0014,F003369,Al·luvial del baix Segre_Cat - 25231-0003,308092,4619350,2680814,Nitrits
after_2007,0006,0014,F003369,Al·luvial del baix Segre_Cat - 25231-0003,308092,4619350,3120242,Fosfats
after_2007,0006,0014,F003373,Al·luvial d'Urgell - 25068-0009,329956,4611846,1670952,Amoni
after_2007,0006,0014,F003373,Al·luvial d'Urgell - 25068-0009,329956,4611846,1691817,Nitrats
after_2007,0006,0014,F003373,Al·luvial d'Urgell - 25068-0009,329956,4611846,2680818,Nitrits
after_2007,0006,0014,F003373,Al·luvial d'Urgell - 25068-0009,329956,4611846,3116046,Fosfats
after_2007,0006,0014,F003377,N/D - Subterrània - 25135-0012,322756,4607899,1672946,Amoni
after_2007,0006,0014,F003377,N/D - Subterrània - 25135-0012,322756,4607899,1693811,Nitrats
after_2007,0006,0014,F003377,N/D - Subterrània - 25135-0012,322756,4607899,2682812,Nitrits
after_2007,0006,0014,F003377,N/D - Subterrània - 25135-0012,322756,4607899,3117189,Fosfats
after_2007,0006,0014,F003380,N/D - Subterrània - 25049-0001,330011.05,4624708.48,1670958,Amoni
after_2007,0006,0014,F003380,N/D - Subterrània - 25049-0001,330011.05,4624708.48,1691823,Nitrats
after_2007,0006,0014,F003380,N/D - Subterrània - 25049-0001,330011.05,4624708.48,2680824,Nitrits
after_2007,0006,0014,F003380,N/D - Subterrània - 25049-0001,330011.05,4624708.48,3116045,Fosfats
after_2007,0006,0014,F003381,Calcàries de Tàrrega - 25907-0011,355866,4624796,1670959,Amoni
after_2007,0006,0014,F003381,Calcàries de Tàrrega - 25907-0011,355866,4624796,1691824,Nitrats
after_2007,0006,0014,F003381,Calcàries de Tàrrega - 25907-0011,355866,4624796,2680825,Nitrits
after_2007,0006,0014,F003381,Calcàries de Tàrrega - 25907-0011,355866,4624796,3319971,Fosfats
after_2007,0006,0014,F003384,Calcàries de Tàrrega - 25907-0007,355856,4627996,1670962,Amoni
after_2007,0006,0014,F003384,Calcàries de Tàrrega - 25907-0007,355856,4627996,1691827,Nitrats
after_2007,0006,0014,F003384,Calcàries de Tàrrega - 25907-0007,355856,4627996,2680828,Nitrits
after_2007,0006,0014,F003384,Calcàries de Tàrrega - 25907-0007,355856,4627996,3115808,Fosfats
after_2007,0006,0014,F003386,N/D - Subterrània - 25047-0001,325421,4626547,1670964,Amoni
after_2007,0006,0014,F003386,N/D - Subterrània - 25047-0001,325421,4626547,1691829,Nitrats
after_2007,0006,0014,F003386,N/D - Subterrània - 25047-0001,325421,4626547,2680830,Nitrits
after_2007,0006,0014,F003386,N/D - Subterrània - 25047-0001,325421,4626547,3116044,Fosfats
after_2007,0006,0014,F003389,Calcàries de Tàrrega - 25132-0001,360006,4629946,1670967,Amoni
after_2007,0006,0014,F003389,Calcàries de Tàrrega - 25132-0001,360006,4629946,1691832,Nitrats
after_2007,0006,0014,F003389,Calcàries de Tàrrega - 25132-0001,360006,4629946,2680833,Nitrits
after_2007,0006,0014,F003389,Calcàries de Tàrrega - 25132-0001,360006,4629946,3115794,Fosfats
after_2007,0006,0014,F003391,N/D - Subterrània - 25048-0002,314006,4607842,1672810,Amoni
after_2007,0006,0014,F003391,N/D - Subterrània - 25048-0002,314006,4607842,1693675,Nitrats
after_2007,0006,0014,F003391,N/D - Subterrània - 25048-0002,314006,4607842,2682676,Nitrits
after_2007,0006,0014,F003391,N/D - Subterrània - 25048-0002,314006,4607842,3116715,Fosfats
after_2007,0006,0014,F003392,Calcàries de Tàrrega - 25907-0025,356256,4626746,1670969,Amoni
after_2007,0006,0014,F003392,Calcàries de Tàrrega - 25907-0025,356256,4626746,1691834,Nitrats
after_2007,0006,0014,F003392,Calcàries de Tàrrega - 25907-0025,356256,4626746,2680835,Nitrits
after_2007,0006,0014,F003392,Calcàries de Tàrrega - 25907-0025,356256,4626746,3116054,Fosfats
after_2007,0006,0014,F003396,Al·luvial d'Urgell - 25027-0008,337156,4615796,1670973,Amoni
after_2007,0006,0014,F003396,Al·luvial d'Urgell - 25027-0008,337156,4615796,1691838,Nitrats
after_2007,0006,0014,F003396,Al·luvial d'Urgell - 25027-0008,337156,4615796,2680839,Nitrits
after_2007,0006,0014,F003396,Al·luvial d'Urgell - 25027-0008,337156,4615796,3116751,Fosfats
after_2007,0006,0014,F003398,N/D - Subterrània - 25113-0003,330767,4615722,1670975,Amoni
after_2007,0006,0014,F003398,N/D - Subterrània - 25113-0003,330767,4615722,1691840,Nitrats
after_2007,0006,0014,F003398,N/D - Subterrània - 25113-0003,330767,4615722,2680841,Nitrits
after_2007,0006,0014,F003398,N/D - Subterrània - 25113-0003,330767,4615722,3116048,Fosfats
after_2007,0006,0014,F003399,Serres marginals catalanes - 25094-0003,334922,4639920,1672947,Amoni
after_2007,0006,0014,F003399,Serres marginals catalanes - 25094-0003,334922,4639920,1693812,Nitrats
after_2007,0006,0014,F003399,Serres marginals catalanes - 25094-0003,334922,4639920,2682813,Nitrits
after_2007,0006,0014,F003399,Serres marginals catalanes - 25094-0003,334922,4639920,3120231,Fosfats
after_2007,0006,0014,F003402,Al·luvial d'Urgell - 25093-0003,323596,4610897,1670978,Amoni
after_2007,0006,0014,F003402,Al·luvial d'Urgell - 25093-0003,323596,4610897,1691843,Nitrats
after_2007,0006,0014,F003402,Al·luvial d'Urgell - 25093-0003,323596,4610897,2680844,Nitrits
after_2007,0006,0014,F003402,Al·luvial d'Urgell - 25093-0003,323596,4610897,3117183,Fosfats
after_2007,0006,0014,F003403,Calcàries de Tàrrega - 25911-0027,350406,4624296,1670979,Amoni
after_2007,0006,0014,F003403,Calcàries de Tàrrega - 25911-0027,350406,4624296,1691844,Nitrats
after_2007,0006,0014,F003403,Calcàries de Tàrrega - 25911-0027,350406,4624296,2680845,Nitrits
after_2007,0006,0014,F003403,Calcàries de Tàrrega - 25911-0027,350406,4624296,3115792,Fosfats
after_2007,0006,0014,F003405,Calcàries de Tàrrega - 25157-0008,345577,4625300,1670980,Amoni
after_2007,0006,0014,F003405,Calcàries de Tàrrega - 25157-0008,345577,4625300,1691845,Nitrats
after_2007,0006,0014,F003405,Calcàries de Tàrrega - 25157-0008,345577,4625300,2680846,Nitrits
after_2007,0006,0014,F003405,Calcàries de Tàrrega - 25157-0008,345577,4625300,3115253,Fosfats
after_2007,0006,0014,F003410,Calcàries de Tàrrega - 25110-0004,358684,4627028,1670985,Amoni
after_2007,0006,0014,F003410,Calcàries de Tàrrega - 25110-0004,358684,4627028,1691850,Nitrats
after_2007,0006,0014,F003410,Calcàries de Tàrrega - 25110-0004,358684,4627028,2680851,Nitrits
after_2007,0006,0014,F003410,Calcàries de Tàrrega - 25110-0004,358684,4627028,3115257,Fosfats
after_2007,0006,0014,F003417,Al·luvial d'Urgell - 25048-0003,316006,4611852,1670991,Amoni
after_2007,0006,0014,F003417,Al·luvial d'Urgell - 25048-0003,316006,4611852,1691856,Nitrats
after_2007,0006,0014,F003417,Al·luvial d'Urgell - 25048-0003,316006,4611852,2680857,Nitrits
after_2007,0006,0014,F003417,Al·luvial d'Urgell - 25048-0003,316006,4611852,3116716,Fosfats
after_2007,0006,0014,F003418,Al·luvial d'Urgell - 25252-0004,324816,4612277,1670992,Amoni
after_2007,0006,0014,F003418,Al·luvial d'Urgell - 25252-0004,324816,4612277,1691857,Nitrats
after_2007,0006,0014,F003418,Al·luvial d'Urgell - 25252-0004,324816,4612277,2680858,Nitrits
after_2007,0006,0014,F003419,Al·luvial d'Urgell - 25248-0005,329821,4608510,1666820,Fosfats
after_2007,0006,0014,F003419,Al·luvial d'Urgell - 25248-0005,329821,4608510,1670993,Amoni
after_2007,0006,0014,F003419,Al·luvial d'Urgell - 25248-0005,329821,4608510,1691858,Nitrats
after_2007,0006,0014,F003419,Al·luvial d'Urgell - 25248-0005,329821,4608510,2680859,Nitrits
after_2007,0006,0014,F003420,N/D - Subterrània - 25003-0004,334956,4626346,1670994,Amoni
after_2007,0006,0014,F003420,N/D - Subterrània - 25003-0004,334956,4626346,1691859,Nitrats
after_2007,0006,0014,F003420,N/D - Subterrània - 25003-0004,334956,4626346,2680860,Nitrits
after_2007,0006,0014,F003420,N/D - Subterrània - 25003-0004,334956,4626346,3116039,Fosfats
after_2007,0006,0014,F003423,Calcàries de Tàrrega - 25157-0003,346998.58,4624594.25,1670997,Amoni
after_2007,0006,0014,F003423,Calcàries de Tàrrega - 25157-0003,346998.58,4624594.25,1691862,Nitrats
after_2007,0006,0014,F003423,Calcàries de Tàrrega - 25157-0003,346998.58,4624594.25,2680863,Nitrits
after_2007,0006,0014,F003423,Calcàries de Tàrrega - 25157-0003,346998.58,4624594.25,3115250,Fosfats
after_2007,0006,0014,F003424,N/D - Subterrània - 25177-0003,335974,4629599,1672948,Amoni
after_2007,0006,0014,F003424,N/D - Subterrània - 25177-0003,335974,4629599,1693813,Nitrats
after_2007,0006,0014,F003424,N/D - Subterrània - 25177-0003,335974,4629599,2682814,Nitrits
after_2007,0006,0014,F003424,N/D - Subterrània - 25177-0003,335974,4629599,3116050,Fosfats
after_2007,0006,0014,F003425,Al·luvial del baix Segre_Cat - 25211-0001,297039,4604345,1670998,Amoni
after_2007,0006,0014,F003425,Al·luvial del baix Segre_Cat - 25211-0001,297039,4604345,1691863,Nitrats
after_2007,0006,0014,F003425,Al·luvial del baix Segre_Cat - 25211-0001,297039,4604345,2680864,Nitrits
after_2007,0006,0014,F003425,Al·luvial del baix Segre_Cat - 25211-0001,297039,4604345,3119848,Fosfats
after_2007,0006,0014,F003426,N/D - Subterrània - 25150-0003,352611,4636320,1670999,Amoni
after_2007,0006,0014,F003426,N/D - Subterrània - 25150-0003,352611,4636320,1691864,Nitrats
after_2007,0006,0014,F003426,N/D - Subterrània - 25150-0003,352611,4636320,2680865,Nitrits
after_2007,0006,0014,F003426,N/D - Subterrània - 25150-0003,352611,4636320,3284154,Fosfats
after_2007,0006,0014,F003429,N/D - Subterrània - 25055-0004,363662,4632875,1671002,Amoni
after_2007,0006,0014,F003429,N/D - Subterrània - 25055-0004,363662,4632875,1691867,Nitrats
after_2007,0006,0014,F003429,N/D - Subterrània - 25055-0004,363662,4632875,2680868,Nitrits
after_2007,0006,0014,F003429,N/D - Subterrània - 25055-0004,363662,4632875,3284061,Fosfats
after_2007,0006,0014,F003435,Calcàries de Tàrrega - 25157-0007,348073.88,4624132.34,1671008,Amoni
after_2007,0006,0014,F003435,Calcàries de Tàrrega - 25157-0007,348073.88,4624132.34,1691873,Nitrats
after_2007,0006,0014,F003435,Calcàries de Tàrrega - 25157-0007,348073.88,4624132.34,2680874,Nitrits
after_2007,0006,0014,F003435,Calcàries de Tàrrega - 25157-0007,348073.88,4624132.34,3115252,Fosfats
after_2007,0006,0014,F003436,N/D - Subterrània - 25004-0003,312036,4608907,1671009,Amoni
after_2007,0006,0014,F003436,N/D - Subterrània - 25004-0003,312036,4608907,1691874,Nitrats
after_2007,0006,0014,F003436,N/D - Subterrània - 25004-0003,312036,4608907,2680875,Nitrits
after_2007,0006,0014,F003436,N/D - Subterrània - 25004-0003,312036,4608907,3116041,Fosfats
after_2007,0006,0014,F003439,Calcàries de Tàrrega - 25907-0026,356985.66,4632560.89,1671012,Amoni
after_2007,0006,0014,F003439,Calcàries de Tàrrega - 25907-0026,356985.66,4632560.89,1691877,Nitrats
after_2007,0006,0014,F003439,Calcàries de Tàrrega - 25907-0026,356985.66,4632560.89,2680878,Nitrits
after_2007,0006,0014,F003439,Calcàries de Tàrrega - 25907-0026,356985.66,4632560.89,3114043,Fosfats
after_2007,0006,0014,F003444,Al·luvial d'Urgell - 25093-0002,321416,4610547,1672949,Amoni
after_2007,0006,0014,F003444,Al·luvial d'Urgell - 25093-0002,321416,4610547,1693814,Nitrats
after_2007,0006,0014,F003444,Al·luvial d'Urgell - 25093-0002,321416,4610547,2682815,Nitrits
after_2007,0006,0014,F003444,Al·luvial d'Urgell - 25093-0002,321416,4610547,3117408,Fosfats
after_2007,0006,0014,F003449,Al·luvial d'Urgell - 25225-0003,338579.02,4618834.41,1666848,Fosfats
after_2007,0006,0014,F003449,Al·luvial d'Urgell - 25225-0003,338579.02,4618834.41,1671021,Amoni
after_2007,0006,0014,F003449,Al·luvial d'Urgell - 25225-0003,338579.02,4618834.41,1691886,Nitrats
after_2007,0006,0014,F003449,Al·luvial d'Urgell - 25225-0003,338579.02,4618834.41,2680887,Nitrits
after_2007,0006,0014,F003450,Al·luvial d'Urgell - 25168-0003,320687,4616752,1666849,Fosfats
after_2007,0006,0014,F003450,Al·luvial d'Urgell - 25168-0003,320687,4616752,1671022,Amoni
after_2007,0006,0014,F003450,Al·luvial d'Urgell - 25168-0003,320687,4616752,1691887,Nitrats
after_2007,0006,0014,F003450,Al·luvial d'Urgell - 25168-0003,320687,4616752,2680888,Nitrits
after_2007,0006,0014,F003451,N/D - Subterrània - 25003-0006,341906,4624796,1671023,Amoni
after_2007,0006,0014,F003451,N/D - Subterrània - 25003-0006,341906,4624796,1691888,Nitrats
after_2007,0006,0014,F003451,N/D - Subterrània - 25003-0006,341906,4624796,2680889,Nitrits
after_2007,0006,0014,F003451,N/D - Subterrània - 25003-0006,341906,4624796,3116040,Fosfats
after_2007,0006,0014,F003452,Al·luvial d'Urgell - 25050-0009,330904,4609808,1671024,Amoni
after_2007,0006,0014,F003452,Al·luvial d'Urgell - 25050-0009,330904,4609808,1691889,Nitrats
after_2007,0006,0014,F003452,Al·luvial d'Urgell - 25050-0009,330904,4609808,2680890,Nitrits
after_2007,0006,0014,F003452,Al·luvial d'Urgell - 25050-0009,330904,4609808,3116717,Fosfats
after_2007,0006,0014,F003453,Calcàries de Tàrrega - 25907-0019,356506,4624396,1666852,Fosfats
after_2007,0006,0014,F003453,Calcàries de Tàrrega - 25907-0019,356506,4624396,1671025,Amoni
after_2007,0006,0014,F003453,Calcàries de Tàrrega - 25907-0019,356506,4624396,1691890,Nitrats
after_2007,0006,0014,F003453,Calcàries de Tàrrega - 25907-0019,356506,4624396,2680891,Nitrits
after_2007,0006,0014,F003454,Al·luvial d'Urgell - 25158-0003,323745,4612839,1671026,Amoni
after_2007,0006,0014,F003454,Al·luvial d'Urgell - 25158-0003,323745,4612839,1691891,Nitrats
after_2007,0006,0014,F003454,Al·luvial d'Urgell - 25158-0003,323745,4612839,2680892,Nitrits
after_2007,0006,0014,F003454,Al·luvial d'Urgell - 25158-0003,323745,4612839,3119847,Fosfats
after_2007,0006,0014,F003456,Al·luvial d'Urgell - 25248-0003,328356,4607936,1671028,Amoni
after_2007,0006,0014,F003456,Al·luvial d'Urgell - 25248-0003,328356,4607936,1691893,Nitrats
after_2007,0006,0014,F003456,Al·luvial d'Urgell - 25248-0003,328356,4607936,2680894,Nitrits
after_2007,0006,0014,F003456,Al·luvial d'Urgell - 25248-0003,328356,4607936,3117193,Fosfats
after_2007,0006,0014,F003457,Al·luvial d'Urgell - 25248-0002,328276,4606116,1671029,Amoni
after_2007,0006,0014,F003457,Al·luvial d'Urgell - 25248-0002,328276,4606116,1691894,Nitrats
after_2007,0006,0014,F003457,Al·luvial d'Urgell - 25248-0002,328276,4606116,2680895,Nitrits
after_2007,0006,0014,F003457,Al·luvial d'Urgell - 25248-0002,328276,4606116,3117410,Fosfats
after_2007,0006,0014,F003458,N/D - Subterrània - 25003-0003,334788.3,4626695.2,1671030,Amoni
after_2007,0006,0014,F003458,N/D - Subterrània - 25003-0003,334788.3,4626695.2,1691895,Nitrats
after_2007,0006,0014,F003458,N/D - Subterrània - 25003-0003,334788.3,4626695.2,2680896,Nitrits
after_2007,0006,0014,F003458,N/D - Subterrània - 25003-0003,334788.3,4626695.2,4139878,Fosfats
after_2007,0006,0014,F003459,Calcàries de Tàrrega - 25907-0027,354671,4621338,1671031,Amoni
after_2007,0006,0014,F003459,Calcàries de Tàrrega - 25907-0027,354671,4621338,1691896,Nitrats
after_2007,0006,0014,F003459,Calcàries de Tàrrega - 25907-0027,354671,4621338,2680897,Nitrits
after_2007,0006,0014,F003459,Calcàries de Tàrrega - 25907-0027,354671,4621338,3114044,Fosfats
after_2007,0006,0014,F003462,Calcàries de Tàrrega - 25907-0021,359171,4623496,1671034,Amoni
after_2007,0006,0014,F003462,Calcàries de Tàrrega - 25907-0021,359171,4623496,1691899,Nitrats
after_2007,0006,0014,F003462,Calcàries de Tàrrega - 25907-0021,359171,4623496,2680900,Nitrits
after_2007,0006,0014,F003462,Calcàries de Tàrrega - 25907-0021,359171,4623496,3311574,Fosfats
after_2007,0006,0014,F003464,Al·luvial d'Urgell - 25099-0002,328121,4608687,1671036,Amoni
after_2007,0006,0014,F003464,Al·luvial d'Urgell - 25099-0002,328121,4608687,1691901,Nitrats
after_2007,0006,0014,F003464,Al·luvial d'Urgell - 25099-0002,328121,4608687,2680902,Nitrits
after_2007,0006,0014,F003464,Al·luvial d'Urgell - 25099-0002,328121,4608687,3117184,Fosfats
after_2007,0006,0014,F003486,N/D - Subterrània - 25170-0002,310206,4578497,1672951,Amoni
after_2007,0006,0014,F003486,N/D - Subterrània - 25170-0002,310206,4578497,1693816,Nitrats
after_2007,0006,0014,F003486,N/D - Subterrània - 25170-0002,310206,4578497,2682817,Nitrits
after_2007,0006,0014,F003486,N/D - Subterrània - 25170-0002,310206,4578497,4293927,Fosfats
after_2007,0006,0014,F003517,Moianès-Sant Llorenç del Munt - 08034-0003,410561.18,4624255.87,1671084,Amoni
after_2007,0006,0014,F003517,Moianès-Sant Llorenç del Munt - 08034-0003,410561.18,4624255.87,1691949,Nitrats
after_2007,0006,0014,F003517,Moianès-Sant Llorenç del Munt - 08034-0003,410561.18,4624255.87,2680950,Nitrits
after_2007,0006,0014,F003517,Moianès-Sant Llorenç del Munt - 08034-0003,410561.18,4624255.87,3120795,Fosfats
after_2007,0006,0014,F003518,Moianès-Sant Llorenç del Munt - 08034-0012,410461.18,4624405.87,1671085,Amoni
after_2007,0006,0014,F003518,Moianès-Sant Llorenç del Munt - 08034-0012,410461.18,4624405.87,1691950,Nitrats
after_2007,0006,0014,F003518,Moianès-Sant Llorenç del Munt - 08034-0012,410461.18,4624405.87,2680951,Nitrits
after_2007,0006,0014,F003518,Moianès-Sant Llorenç del Munt - 08034-0012,410461.18,4624405.87,3119939,Fosfats
after_2007,0006,0014,F003522,N/D - Subterrània - 25902-0006,339057,4602678,1673231,Amoni
after_2007,0006,0014,F003522,N/D - Subterrània - 25902-0006,339057,4602678,1694096,Nitrats
after_2007,0006,0014,F003522,N/D - Subterrània - 25902-0006,339057,4602678,2683097,Nitrits
after_2007,0006,0014,F003522,N/D - Subterrània - 25902-0006,339057,4602678,3115266,Fosfats
after_2007,0006,0014,F003523,N/D - Subterrània - 25902-0005,339047,4602678,1671089,Amoni
after_2007,0006,0014,F003523,N/D - Subterrània - 25902-0005,339047,4602678,1691954,Nitrats
after_2007,0006,0014,F003523,N/D - Subterrània - 25902-0005,339047,4602678,2680955,Nitrits
after_2007,0006,0014,F003523,N/D - Subterrània - 25902-0005,339047,4602678,3115265,Fosfats
after_2007,0006,0014,F003524,N/D - Subterrània - 25130-0004,336999,4602283,1671090,Amoni
after_2007,0006,0014,F003524,N/D - Subterrània - 25130-0004,336999,4602283,1691955,Nitrats
after_2007,0006,0014,F003524,N/D - Subterrània - 25130-0004,336999,4602283,2680956,Nitrits
after_2007,0006,0014,F003524,N/D - Subterrània - 25130-0004,336999,4602283,3115786,Fosfats
after_2007,0006,0014,F003526,Calcàries de Tàrrega - 25152-0012,361689.04,4615967.23,1671092,Amoni
after_2007,0006,0014,F003526,Calcàries de Tàrrega - 25152-0012,361689.04,4615967.23,1691957,Nitrats
after_2007,0006,0014,F003526,Calcàries de Tàrrega - 25152-0012,361689.04,4615967.23,2680958,Nitrits
after_2007,0006,0014,F003526,Calcàries de Tàrrega - 25152-0012,361689.04,4615967.23,3115795,Fosfats
after_2007,0006,0014,F003530,Calcàries de Tàrrega - 25152-0006,362296.4,4617128.6,1671096,Amoni
after_2007,0006,0014,F003530,Calcàries de Tàrrega - 25152-0006,362296.4,4617128.6,1691961,Nitrats
after_2007,0006,0014,F003530,Calcàries de Tàrrega - 25152-0006,362296.4,4617128.6,2680962,Nitrits
after_2007,0006,0014,F003530,Calcàries de Tàrrega - 25152-0006,362296.4,4617128.6,3117201,Fosfats
after_2007,0006,0014,F003531,Calcàries de Tàrrega - 25907-0014,354743,4618698,1671097,Amoni
after_2007,0006,0014,F003531,Calcàries de Tàrrega - 25907-0014,354743,4618698,1691962,Nitrats
after_2007,0006,0014,F003531,Calcàries de Tàrrega - 25907-0014,354743,4618698,2680963,Nitrits
after_2007,0006,0014,F003531,Calcàries de Tàrrega - 25907-0014,354743,4618698,3114038,Fosfats
after_2007,0006,0014,F003533,Calcàries de Tàrrega - 25085-0003,364081,4618946,1671099,Amoni
after_2007,0006,0014,F003533,Calcàries de Tàrrega - 25085-0003,364081,4618946,1691964,Nitrats
after_2007,0006,0014,F003533,Calcàries de Tàrrega - 25085-0003,364081,4618946,2680965,Nitrits
after_2007,0006,0014,F003533,Calcàries de Tàrrega - 25085-0003,364081,4618946,3114028,Fosfats
after_2007,0006,0014,F003534,Calcàries de Tàrrega - 25192-0004,364980,4610919,1666927,Fosfats
after_2007,0006,0014,F003534,Calcàries de Tàrrega - 25192-0004,364980,4610919,1671100,Amoni
after_2007,0006,0014,F003534,Calcàries de Tàrrega - 25192-0004,364980,4610919,1691965,Nitrats
after_2007,0006,0014,F003534,Calcàries de Tàrrega - 25192-0004,364980,4610919,2680966,Nitrits
after_2007,0006,0014,F003535,Calcàries de Tàrrega - 25194-0010,364412,4620840,1671101,Amoni
after_2007,0006,0014,F003535,Calcàries de Tàrrega - 25194-0010,364412,4620840,1691966,Nitrats
after_2007,0006,0014,F003535,Calcàries de Tàrrega - 25194-0010,364412,4620840,2680967,Nitrits
after_2007,0006,0014,F003535,Calcàries de Tàrrega - 25194-0010,364412,4620840,3115797,Fosfats
after_2007,0006,0014,F003536,Calcàries de Tàrrega - 25911-0013,351904,4618958,1671102,Amoni
after_2007,0006,0014,F003536,Calcàries de Tàrrega - 25911-0013,351904,4618958,1691967,Nitrats
after_2007,0006,0014,F003536,Calcàries de Tàrrega - 25911-0013,351904,4618958,2680968,Nitrits
after_2007,0006,0014,F003536,Calcàries de Tàrrega - 25911-0013,351904,4618958,3115809,Fosfats
after_2007,0006,0014,F003537,Calcàries de Tàrrega - 25217-0008,349895,4619708,1671103,Amoni
after_2007,0006,0014,F003537,Calcàries de Tàrrega - 25217-0008,349895,4619708,1691968,Nitrats
after_2007,0006,0014,F003537,Calcàries de Tàrrega - 25217-0008,349895,4619708,2680969,Nitrits
after_2007,0006,0014,F003537,Calcàries de Tàrrega - 25217-0008,349895,4619708,3114738,Fosfats
after_2007,0006,0014,F003538,Calcàries de Tàrrega - 25103-0009,352614.7,4614254.6,1671104,Amoni
after_2007,0006,0014,F003538,Calcàries de Tàrrega - 25103-0009,352614.7,4614254.6,1691969,Nitrats
after_2007,0006,0014,F003538,Calcàries de Tàrrega - 25103-0009,352614.7,4614254.6,2680970,Nitrits
after_2007,0006,0014,F003538,Calcàries de Tàrrega - 25103-0009,352614.7,4614254.6,3114741,Fosfats
after_2007,0006,0014,F003539,N/D - Subterrània - 25216-0012,365061,4604077,1671105,Amoni
after_2007,0006,0014,F003539,N/D - Subterrània - 25216-0012,365061,4604077,1691970,Nitrats
after_2007,0006,0014,F003539,N/D - Subterrània - 25216-0012,365061,4604077,2680971,Nitrits
after_2007,0006,0014,F003539,N/D - Subterrània - 25216-0012,365061,4604077,3115802,Fosfats
after_2007,0006,0014,F003542,Calcàries de Tàrrega - 25905-0012,359721,4611360,1671107,Amoni
after_2007,0006,0014,F003542,Calcàries de Tàrrega - 25905-0012,359721,4611360,1691972,Nitrats
after_2007,0006,0014,F003542,Calcàries de Tàrrega - 25905-0012,359721,4611360,2680973,Nitrits
after_2007,0006,0014,F003542,Calcàries de Tàrrega - 25905-0012,359721,4611360,3114037,Fosfats
after_2007,0006,0014,F003544,Calcàries de Tàrrega - 25911-0028,353427,4618092,1671108,Amoni
after_2007,0006,0014,F003544,Calcàries de Tàrrega - 25911-0028,353427,4618092,1691973,Nitrats
after_2007,0006,0014,F003544,Calcàries de Tàrrega - 25911-0028,353427,4618092,2680974,Nitrits
after_2007,0006,0014,F003544,Calcàries de Tàrrega - 25911-0028,353427,4618092,3115810,Fosfats
after_2007,0006,0014,F003545,Calcàries de Tàrrega - 25197-0008,362510,4623123,1671109,Amoni
after_2007,0006,0014,F003545,Calcàries de Tàrrega - 25197-0008,362510,4623123,1691974,Nitrats
after_2007,0006,0014,F003545,Calcàries de Tàrrega - 25197-0008,362510,4623123,2680975,Nitrits
after_2007,0006,0014,F003545,Calcàries de Tàrrega - 25197-0008,362510,4623123,3115272,Fosfats
after_2007,0006,0014,F003546,Calcàries de Tàrrega - 25911-0025,350853,4616595,1671110,Amoni
after_2007,0006,0014,F003546,Calcàries de Tàrrega - 25911-0025,350853,4616595,1691975,Nitrats
after_2007,0006,0014,F003546,Calcàries de Tàrrega - 25911-0025,350853,4616595,2680976,Nitrits
after_2007,0006,0014,F003546,Calcàries de Tàrrega - 25911-0025,350853,4616595,3231560,Fosfats
after_2007,0006,0014,F003547,Calcàries de Tàrrega - 25085-0009,365214,4616547,1671111,Amoni
after_2007,0006,0014,F003547,Calcàries de Tàrrega - 25085-0009,365214,4616547,1691976,Nitrats
after_2007,0006,0014,F003547,Calcàries de Tàrrega - 25085-0009,365214,4616547,2680977,Nitrits
after_2007,0006,0014,F003547,Calcàries de Tàrrega - 25085-0009,365214,4616547,3114735,Fosfats
after_2007,0006,0014,F003548,Calcàries de Tàrrega - 25109-0002,349344.92,4602926.3,1671112,Amoni
after_2007,0006,0014,F003548,Calcàries de Tàrrega - 25109-0002,349344.92,4602926.3,1691977,Nitrats
after_2007,0006,0014,F003548,Calcàries de Tàrrega - 25109-0002,349344.92,4602926.3,2680978,Nitrits
after_2007,0006,0014,F003548,Calcàries de Tàrrega - 25109-0002,349344.92,4602926.3,3115263,Fosfats
after_2007,0006,0014,F003549,N/D - Subterrània - 25192-0007,365884.2,4610396.39,1671113,Amoni
after_2007,0006,0014,F003549,N/D - Subterrània - 25192-0007,365884.2,4610396.39,1691978,Nitrats
after_2007,0006,0014,F003549,N/D - Subterrània - 25192-0007,365884.2,4610396.39,2680979,Nitrits
after_2007,0006,0014,F003549,N/D - Subterrània - 25192-0007,365884.2,4610396.39,3115254,Fosfats
after_2007,0006,0014,F003551,Calcàries de Tàrrega - 25217-0004,348511,4617904,1672816,Amoni
after_2007,0006,0014,F003551,Calcàries de Tàrrega - 25217-0004,348511,4617904,1693681,Nitrats
after_2007,0006,0014,F003551,Calcàries de Tàrrega - 25217-0004,348511,4617904,2682682,Nitrits
after_2007,0006,0014,F003551,Calcàries de Tàrrega - 25217-0004,348511,4617904,3115779,Fosfats
after_2007,0006,0014,F003558,Calcàries de Tàrrega - 25197-0009,360718,4624702,1671121,Amoni
after_2007,0006,0014,F003558,Calcàries de Tàrrega - 25197-0009,360718,4624702,1691986,Nitrats
after_2007,0006,0014,F003558,Calcàries de Tàrrega - 25197-0009,360718,4624702,2680987,Nitrits
after_2007,0006,0014,F003558,Calcàries de Tàrrega - 25197-0009,360718,4624702,3115799,Fosfats
after_2007,0006,0014,F003559,Calcàries de Tàrrega - 25194-0014,362707.78,4621857.13,1671122,Amoni
after_2007,0006,0014,F003559,Calcàries de Tàrrega - 25194-0014,362707.78,4621857.13,1691987,Nitrats
after_2007,0006,0014,F003559,Calcàries de Tàrrega - 25194-0014,362707.78,4621857.13,2680988,Nitrits
after_2007,0006,0014,F003559,Calcàries de Tàrrega - 25194-0014,362707.78,4621857.13,3115798,Fosfats
after_2007,0006,0014,F003562,Calcàries de Tàrrega - 08036-0001,374335,4621523,3046224,Nitrats
after_2007,0006,0014,F003562,Calcàries de Tàrrega - 08036-0001,374335,4621523,3046768,Nitrits
after_2007,0006,0014,F003562,Calcàries de Tàrrega - 08036-0001,374335,4621523,3046773,Amoni
after_2007,0006,0014,F003562,Calcàries de Tàrrega - 08036-0001,374335,4621523,3114024,Fosfats
after_2007,0006,0014,F003570,N/D - Subterrània - 25081-0004,333771,4595711,1671131,Amoni
after_2007,0006,0014,F003570,N/D - Subterrània - 25081-0004,333771,4595711,1691996,Nitrats
after_2007,0006,0014,F003570,N/D - Subterrània - 25081-0004,333771,4595711,2680997,Nitrits
after_2007,0006,0014,F003570,N/D - Subterrània - 25081-0004,333771,4595711,3115785,Fosfats
after_2007,0006,0014,F003571,N/D - Subterrània - 25081-0001,335577,4596079,1671132,Amoni
after_2007,0006,0014,F003571,N/D - Subterrània - 25081-0001,335577,4596079,1691997,Nitrats
after_2007,0006,0014,F003571,N/D - Subterrània - 25081-0001,335577,4596079,2680998,Nitrits
after_2007,0006,0014,F003571,N/D - Subterrània - 25081-0001,335577,4596079,3115783,Fosfats
after_2007,0006,0014,F003572,N/D - Subterrània - 25154-0003,339325.85,4595887.37,1671133,Amoni
after_2007,0006,0014,F003572,N/D - Subterrània - 25154-0003,339325.85,4595887.37,1691998,Nitrats
after_2007,0006,0014,F003572,N/D - Subterrània - 25154-0003,339325.85,4595887.37,2680999,Nitrits
after_2007,0006,0014,F003572,N/D - Subterrània - 25154-0003,339325.85,4595887.37,3116049,Fosfats
after_2007,0006,0014,F003575,Calcàries de Tàrrega - 25103-0006,350567,4613142,1671136,Amoni
after_2007,0006,0014,F003575,Calcàries de Tàrrega - 25103-0006,350567,4613142,1692001,Nitrats
after_2007,0006,0014,F003575,Calcàries de Tàrrega - 25103-0006,350567,4613142,2681002,Nitrits
after_2007,0006,0014,F003575,Calcàries de Tàrrega - 25103-0006,350567,4613142,3115260,Fosfats
after_2007,0006,0014,F003576,Calcàries de Tàrrega - 25902-0018,340655,4602600,1671137,Amoni
after_2007,0006,0014,F003576,Calcàries de Tàrrega - 25902-0018,340655,4602600,1692002,Nitrats
after_2007,0006,0014,F003576,Calcàries de Tàrrega - 25902-0018,340655,4602600,2681003,Nitrits
after_2007,0006,0014,F003576,Calcàries de Tàrrega - 25902-0018,340655,4602600,3115269,Fosfats
after_2007,0006,0014,F003577,Calcàries de Tàrrega - 25217-0009,346912,4612011,1671138,Amoni
after_2007,0006,0014,F003577,Calcàries de Tàrrega - 25217-0009,346912,4612011,1692003,Nitrats
after_2007,0006,0014,F003577,Calcàries de Tàrrega - 25217-0009,346912,4612011,2681004,Nitrits
after_2007,0006,0014,F003577,Calcàries de Tàrrega - 25217-0009,346912,4612011,3114739,Fosfats
after_2007,0006,0014,F003579,Calcàries de Tàrrega - 25141-0006,356856,4607246,1671140,Amoni
after_2007,0006,0014,F003579,Calcàries de Tàrrega - 25141-0006,356856,4607246,1692005,Nitrats
after_2007,0006,0014,F003579,Calcàries de Tàrrega - 25141-0006,356856,4607246,2681006,Nitrits
after_2007,0006,0014,F003579,Calcàries de Tàrrega - 25141-0006,356856,4607246,3115244,Fosfats
after_2007,0006,0014,F003585,Calcàries de Tàrrega - 25152-0008,360500.82,4617245.71,1671145,Amoni
after_2007,0006,0014,F003585,Calcàries de Tàrrega - 25152-0008,360500.82,4617245.71,1692010,Nitrats
after_2007,0006,0014,F003585,Calcàries de Tàrrega - 25152-0008,360500.82,4617245.71,2681011,Nitrits
after_2007,0006,0014,F003585,Calcàries de Tàrrega - 25152-0008,360500.82,4617245.71,3114027,Fosfats
after_2007,0006,0014,F003589,N/D - Subterrània - 25074-0003,345507.91,4602874.33,1671149,Amoni
after_2007,0006,0014,F003589,N/D - Subterrània - 25074-0003,345507.91,4602874.33,1692014,Nitrats
after_2007,0006,0014,F003589,N/D - Subterrània - 25074-0003,345507.91,4602874.33,2681015,Nitrits
after_2007,0006,0014,F003589,N/D - Subterrània - 25074-0003,345507.91,4602874.33,3115242,Fosfats
after_2007,0006,0014,F003590,Calcàries de Tàrrega - 25217-0007,346106,4612896,1671150,Amoni
after_2007,0006,0014,F003590,Calcàries de Tàrrega - 25217-0007,346106,4612896,1692015,Nitrats
after_2007,0006,0014,F003590,Calcàries de Tàrrega - 25217-0007,346106,4612896,2681016,Nitrits
after_2007,0006,0014,F003590,Calcàries de Tàrrega - 25217-0007,346106,4612896,3115788,Fosfats
after_2007,0006,0014,F003591,Prades - Alt Francolí - 43147-0003,349410.4,4589875.4,1666978,Fosfats
after_2007,0006,0014,F003591,Prades - Alt Francolí - 43147-0003,349410.4,4589875.4,1671151,Amoni
after_2007,0006,0014,F003591,Prades - Alt Francolí - 43147-0003,349410.4,4589875.4,1692016,Nitrats
after_2007,0006,0014,F003591,Prades - Alt Francolí - 43147-0003,349410.4,4589875.4,2681017,Nitrits
after_2007,0006,0014,F003593,Calcàries de Tàrrega - 25072-0009,358412,4618963,1666428,Fosfats
after_2007,0006,0014,F003593,Calcàries de Tàrrega - 25072-0009,358412,4618963,1670601,Amoni
after_2007,0006,0014,F003593,Calcàries de Tàrrega - 25072-0009,358412,4618963,1691466,Nitrats
after_2007,0006,0014,F003593,Calcàries de Tàrrega - 25072-0009,358412,4618963,2680467,Nitrits
after_2007,0006,0014,F003594,Calcàries de Tàrrega - 25905-0006,361006,4610046,1670602,Amoni
after_2007,0006,0014,F003594,Calcàries de Tàrrega - 25905-0006,361006,4610046,1691467,Nitrats
after_2007,0006,0014,F003594,Calcàries de Tàrrega - 25905-0006,361006,4610046,2680468,Nitrits
after_2007,0006,0014,F003594,Calcàries de Tàrrega - 25905-0006,361006,4610046,3231555,Fosfats
after_2007,0006,0014,F003595,Calcàries de Tàrrega - 25217-0005,345106,4614986,1670603,Amoni
after_2007,0006,0014,F003595,Calcàries de Tàrrega - 25217-0005,345106,4614986,1691468,Nitrats
after_2007,0006,0014,F003595,Calcàries de Tàrrega - 25217-0005,345106,4614986,2680469,Nitrits
after_2007,0006,0014,F003595,Calcàries de Tàrrega - 25217-0005,345106,4614986,3114737,Fosfats
after_2007,0006,0014,F003597,Calcàries de Tàrrega - 25217-0010,345086,4614946,1670605,Amoni
after_2007,0006,0014,F003597,Calcàries de Tàrrega - 25217-0010,345086,4614946,1691470,Nitrats
after_2007,0006,0014,F003597,Calcàries de Tàrrega - 25217-0010,345086,4614946,2680471,Nitrits
after_2007,0006,0014,F003597,Calcàries de Tàrrega - 25217-0010,345086,4614946,3114740,Fosfats
after_2007,0006,0014,F003598,N/D - Subterrània - 43142-0016,354330,4587612,1666433,Fosfats
after_2007,0006,0014,F003598,N/D - Subterrània - 43142-0016,354330,4587612,1670606,Amoni
after_2007,0006,0014,F003598,N/D - Subterrània - 43142-0016,354330,4587612,1691471,Nitrats
after_2007,0006,0014,F003598,N/D - Subterrània - 43142-0016,354330,4587612,2680472,Nitrits
after_2007,0006,0014,F003605,Calcàries de Tàrrega - 25217-0002,345096,4612866,1670612,Amoni
after_2007,0006,0014,F003605,Calcàries de Tàrrega - 25217-0002,345096,4612866,1691477,Nitrats
after_2007,0006,0014,F003605,Calcàries de Tàrrega - 25217-0002,345096,4612866,2680478,Nitrits
after_2007,0006,0014,F003605,Calcàries de Tàrrega - 25217-0002,345096,4612866,3115787,Fosfats
after_2007,0006,0014,F003606,N/D - Subterrània - 25902-0008,337806,4602051,1670613,Amoni
after_2007,0006,0014,F003606,N/D - Subterrània - 25902-0008,337806,4602051,1691478,Nitrats
after_2007,0006,0014,F003606,N/D - Subterrània - 25902-0008,337806,4602051,2680479,Nitrits
after_2007,0006,0014,F003606,N/D - Subterrània - 25902-0008,337806,4602051,3115267,Fosfats
after_2007,0006,0014,F003607,N/D - Subterrània - 25902-0010,335406,4602796,1670614,Amoni
after_2007,0006,0014,F003607,N/D - Subterrània - 25902-0010,335406,4602796,1691479,Nitrats
after_2007,0006,0014,F003607,N/D - Subterrània - 25902-0010,335406,4602796,2680480,Nitrits
after_2007,0006,0014,F003607,N/D - Subterrània - 25902-0010,335406,4602796,3115268,Fosfats
after_2007,0006,0014,F003612,N/D - Subterrània - 25081-0002,333761,4595711,1670619,Amoni
after_2007,0006,0014,F003612,N/D - Subterrània - 25081-0002,333761,4595711,1691484,Nitrats
after_2007,0006,0014,F003612,N/D - Subterrània - 25081-0002,333761,4595711,2680485,Nitrits
after_2007,0006,0014,F003612,N/D - Subterrània - 25081-0002,333761,4595711,3115784,Fosfats
after_2007,0006,0014,F003616,Calcàries de Tàrrega - 25194-0007,365656,4622296,1670623,Amoni
after_2007,0006,0014,F003616,Calcàries de Tàrrega - 25194-0007,365656,4622296,1691488,Nitrats
after_2007,0006,0014,F003616,Calcàries de Tàrrega - 25194-0007,365656,4622296,2680489,Nitrits
after_2007,0006,0014,F003616,Calcàries de Tàrrega - 25194-0007,365656,4622296,3115796,Fosfats
after_2007,0006,0014,F003617,Calcàries de Tàrrega - 25085-0001,365506,4616091,1670624,Amoni
after_2007,0006,0014,F003617,Calcàries de Tàrrega - 25085-0001,365506,4616091,1691489,Nitrats
after_2007,0006,0014,F003617,Calcàries de Tàrrega - 25085-0001,365506,4616091,2680490,Nitrits
after_2007,0006,0014,F003617,Calcàries de Tàrrega - 25085-0001,365506,4616091,3279779,Fosfats
after_2007,0006,0014,F003618,Calcàries de Tàrrega - 25085-0004,365998,4616451,1670625,Amoni
after_2007,0006,0014,F003618,Calcàries de Tàrrega - 25085-0004,365998,4616451,1691490,Nitrats
after_2007,0006,0014,F003618,Calcàries de Tàrrega - 25085-0004,365998,4616451,2680491,Nitrits
after_2007,0006,0014,F003618,Calcàries de Tàrrega - 25085-0004,365998,4616451,3114734,Fosfats
after_2007,0006,0014,F003620,Calcàries de Tàrrega - 25103-0003,351616,4615147,1670627,Amoni
after_2007,0006,0014,F003620,Calcàries de Tàrrega - 25103-0003,351616,4615147,1691492,Nitrats
after_2007,0006,0014,F003620,Calcàries de Tàrrega - 25103-0003,351616,4615147,2680493,Nitrits
after_2007,0006,0014,F003621,Calcàries de Tàrrega - 25143-0008,352426,4607596,1670628,Amoni
after_2007,0006,0014,F003621,Calcàries de Tàrrega - 25143-0008,352426,4607596,1691493,Nitrats
after_2007,0006,0014,F003621,Calcàries de Tàrrega - 25143-0008,352426,4607596,2680494,Nitrits
after_2007,0006,0014,F003621,Calcàries de Tàrrega - 25143-0008,352426,4607596,3115249,Fosfats
after_2007,0006,0014,F003625,Calcàries de Tàrrega - 25143-0007,349856,4607396,1670630,Amoni
after_2007,0006,0014,F003625,Calcàries de Tàrrega - 25143-0007,349856,4607396,1691495,Nitrats
after_2007,0006,0014,F003625,Calcàries de Tàrrega - 25143-0007,349856,4607396,2680496,Nitrits
after_2007,0006,0014,F003625,Calcàries de Tàrrega - 25143-0007,349856,4607396,3115248,Fosfats
after_2007,0006,0014,F003626,Calcàries de Tàrrega - 25072-0013,354886,4615796,1670631,Amoni
after_2007,0006,0014,F003626,Calcàries de Tàrrega - 25072-0013,354886,4615796,1691496,Nitrats
after_2007,0006,0014,F003626,Calcàries de Tàrrega - 25072-0013,354886,4615796,2680497,Nitrits
after_2007,0006,0014,F003627,Calcàries de Tàrrega - 25911-0005,349856,4616496,1670632,Amoni
after_2007,0006,0014,F003627,Calcàries de Tàrrega - 25911-0005,349856,4616496,1691497,Nitrats
after_2007,0006,0014,F003627,Calcàries de Tàrrega - 25911-0005,349856,4616496,2680498,Nitrits
after_2007,0006,0014,F003627,Calcàries de Tàrrega - 25911-0005,349856,4616496,3231795,Fosfats
after_2007,0006,0014,F003630,Calcàries de Tàrrega - 25141-0011,353556,4604146,1670635,Amoni
after_2007,0006,0014,F003630,Calcàries de Tàrrega - 25141-0011,353556,4604146,1691500,Nitrats
after_2007,0006,0014,F003630,Calcàries de Tàrrega - 25141-0011,353556,4604146,2680501,Nitrits
after_2007,0006,0014,F003630,Calcàries de Tàrrega - 25141-0011,353556,4604146,3115778,Fosfats
after_2007,0006,0014,F003633,Prades - Alt Francolí - 43086-0045,351795,4582145,1668646,Fosfats
after_2007,0006,0014,F003633,Prades - Alt Francolí - 43086-0045,351795,4582145,1672819,Amoni
after_2007,0006,0014,F003633,Prades - Alt Francolí - 43086-0045,351795,4582145,1693684,Nitrats
after_2007,0006,0014,F003633,Prades - Alt Francolí - 43086-0045,351795,4582145,2682685,Nitrits
after_2007,0006,0014,F003634,Prades - Alt Francolí - 43054-0008,340341.75,4582769.34,1666465,Fosfats
after_2007,0006,0014,F003634,Prades - Alt Francolí - 43054-0008,340341.75,4582769.34,1670638,Amoni
after_2007,0006,0014,F003634,Prades - Alt Francolí - 43054-0008,340341.75,4582769.34,1691503,Nitrats
after_2007,0006,0014,F003634,Prades - Alt Francolí - 43054-0008,340341.75,4582769.34,2680504,Nitrits
after_2007,0006,0014,F003635,Prades - Alt Francolí - 43029-0004,346228,4587899,1666466,Fosfats
after_2007,0006,0014,F003635,Prades - Alt Francolí - 43029-0004,346228,4587899,1670639,Amoni
after_2007,0006,0014,F003635,Prades - Alt Francolí - 43029-0004,346228,4587899,1691504,Nitrats
after_2007,0006,0014,F003635,Prades - Alt Francolí - 43029-0004,346228,4587899,2680505,Nitrits
after_2007,0006,0014,F003636,Calcàries de Tàrrega - 25143-0003,352897,4607176,1670640,Amoni
after_2007,0006,0014,F003636,Calcàries de Tàrrega - 25143-0003,352897,4607176,1691505,Nitrats
after_2007,0006,0014,F003636,Calcàries de Tàrrega - 25143-0003,352897,4607176,2680506,Nitrits
after_2007,0006,0014,F003636,Calcàries de Tàrrega - 25143-0003,352897,4607176,3115247,Fosfats
after_2007,0006,0014,F003637,Prades - Alt Francolí - 43130-0005,356367,4593424,1666468,Fosfats
after_2007,0006,0014,F003637,Prades - Alt Francolí - 43130-0005,356367,4593424,1670641,Amoni
after_2007,0006,0014,F003637,Prades - Alt Francolí - 43130-0005,356367,4593424,1691506,Nitrats
after_2007,0006,0014,F003637,Prades - Alt Francolí - 43130-0005,356367,4593424,2680507,Nitrits
after_2007,0006,0014,F003642,N/D - Subterrània - 25216-0011,362016,4604946,1670646,Amoni
after_2007,0006,0014,F003642,N/D - Subterrània - 25216-0011,362016,4604946,1691511,Nitrats
after_2007,0006,0014,F003642,N/D - Subterrània - 25216-0011,362016,4604946,2680512,Nitrits
after_2007,0006,0014,F003642,N/D - Subterrània - 25216-0011,362016,4604946,3115801,Fosfats
after_2007,0006,0014,F003643,N/D - Subterrània - 25216-0009,362006,4604946,1670647,Amoni
after_2007,0006,0014,F003643,N/D - Subterrània - 25216-0009,362006,4604946,1691512,Nitrats
after_2007,0006,0014,F003643,N/D - Subterrània - 25216-0009,362006,4604946,2680513,Nitrits
after_2007,0006,0014,F003643,N/D - Subterrània - 25216-0009,362006,4604946,3115800,Fosfats
after_2007,0006,0014,F003645,Calcàries de Tàrrega - 25905-0003,359956,4608846,1670648,Amoni
after_2007,0006,0014,F003645,Calcàries de Tàrrega - 25905-0003,359956,4608846,1691513,Nitrats
after_2007,0006,0014,F003645,Calcàries de Tàrrega - 25905-0003,359956,4608846,2680514,Nitrits
after_2007,0006,0014,F003645,Calcàries de Tàrrega - 25905-0003,359956,4608846,3114034,Fosfats
after_2007,0006,0014,F003646,N/D - Subterrània - 25902-0015,339009,4602681,1670649,Amoni
after_2007,0006,0014,F003646,N/D - Subterrània - 25902-0015,339009,4602681,1691514,Nitrats
after_2007,0006,0014,F003646,N/D - Subterrània - 25902-0015,339009,4602681,2680515,Nitrits
after_2007,0006,0014,F003646,N/D - Subterrània - 25902-0015,339009,4602681,3115807,Fosfats
after_2007,0006,0014,F003648,Calcàries de Tàrrega - 25905-0002,362021.99,4609682.81,1670651,Amoni
after_2007,0006,0014,F003648,Calcàries de Tàrrega - 25905-0002,362021.99,4609682.81,1691516,Nitrats
after_2007,0006,0014,F003648,Calcàries de Tàrrega - 25905-0002,362021.99,4609682.81,2680517,Nitrits
after_2007,0006,0014,F003648,Calcàries de Tàrrega - 25905-0002,362021.99,4609682.81,3114032,Fosfats
after_2007,0006,0014,F003649,Calcàries de Tàrrega - 25905-0010,361856,4610746,1670652,Amoni
after_2007,0006,0014,F003649,Calcàries de Tàrrega - 25905-0010,361856,4610746,1691517,Nitrats
after_2007,0006,0014,F003649,Calcàries de Tàrrega - 25905-0010,361856,4610746,2680518,Nitrits
after_2007,0006,0014,F003649,Calcàries de Tàrrega - 25905-0010,361856,4610746,3114036,Fosfats
after_2007,0006,0014,F003650,Calcàries de Tàrrega - 25905-0005,354856,4608806,1670653,Amoni
after_2007,0006,0014,F003650,Calcàries de Tàrrega - 25905-0005,354856,4608806,1691518,Nitrats
after_2007,0006,0014,F003650,Calcàries de Tàrrega - 25905-0005,354856,4608806,2680519,Nitrits
after_2007,0006,0014,F003650,Calcàries de Tàrrega - 25905-0005,354856,4608806,3114033,Fosfats
after_2007,0006,0014,F003651,Calcàries de Tàrrega - 25141-0007,357606,4605146,1670654,Amoni
after_2007,0006,0014,F003651,Calcàries de Tàrrega - 25141-0007,357606,4605146,1691519,Nitrats
after_2007,0006,0014,F003651,Calcàries de Tàrrega - 25141-0007,357606,4605146,2680520,Nitrits
after_2007,0006,0014,F003651,Calcàries de Tàrrega - 25141-0007,357606,4605146,3115245,Fosfats
after_2007,0006,0014,F003652,Calcàries de Tàrrega - 25141-0008,358903,4604750,1670655,Amoni
after_2007,0006,0014,F003652,Calcàries de Tàrrega - 25141-0008,358903,4604750,1691520,Nitrats
after_2007,0006,0014,F003652,Calcàries de Tàrrega - 25141-0008,358903,4604750,2680521,Nitrits
after_2007,0006,0014,F003652,Calcàries de Tàrrega - 25141-0008,358903,4604750,3115246,Fosfats
after_2007,0006,0014,F003653,Alta Anoia - 25216-0016,366556,4606046,1670656,Amoni
after_2007,0006,0014,F003653,Alta Anoia - 25216-0016,366556,4606046,1691521,Nitrats
after_2007,0006,0014,F003653,Alta Anoia - 25216-0016,366556,4606046,2680522,Nitrits
after_2007,0006,0014,F003653,Alta Anoia - 25216-0016,366556,4606046,3115805,Fosfats
after_2007,0006,0014,F003654,Calcàries de Tàrrega - 25242-0007,345424.06,4608628.94,1670657,Amoni
after_2007,0006,0014,F003654,Calcàries de Tàrrega - 25242-0007,345424.06,4608628.94,1691522,Nitrats
after_2007,0006,0014,F003654,Calcàries de Tàrrega - 25242-0007,345424.06,4608628.94,2680523,Nitrits
after_2007,0006,0014,F003654,Calcàries de Tàrrega - 25242-0007,345424.06,4608628.94,3115255,Fosfats
after_2007,0006,0014,F003658,Calcàries de Tàrrega - 25152-0004,360450,4617173,1670661,Amoni
after_2007,0006,0014,F003658,Calcàries de Tàrrega - 25152-0004,360450,4617173,1691526,Nitrats
after_2007,0006,0014,F003658,Calcàries de Tàrrega - 25152-0004,360450,4617173,2680527,Nitrits
after_2007,0006,0014,F003658,Calcàries de Tàrrega - 25152-0004,360450,4617173,3114026,Fosfats
after_2007,0006,0014,F003661,Calcàries de Tàrrega - 25176-0002,340056,4605646,1673237,Amoni
after_2007,0006,0014,F003661,Calcàries de Tàrrega - 25176-0002,340056,4605646,1694102,Nitrats
after_2007,0006,0014,F003661,Calcàries de Tàrrega - 25176-0002,340056,4605646,2683103,Nitrits
after_2007,0006,0014,F003669,N/D - Subterrània - 25020-0001,284006,4576897,1670671,Amoni
after_2007,0006,0014,F003669,N/D - Subterrània - 25020-0001,284006,4576897,1691536,Nitrats
after_2007,0006,0014,F003669,N/D - Subterrània - 25020-0001,284006,4576897,2680537,Nitrits
after_2007,0006,0014,F003669,N/D - Subterrània - 25020-0001,284006,4576897,4294612,Fosfats
after_2007,0006,0014,F003672,N/D - Subterrània - 25058-0005,321906,4595546,1670674,Amoni
after_2007,0006,0014,F003672,N/D - Subterrània - 25058-0005,321906,4595546,1691539,Nitrats
after_2007,0006,0014,F003672,N/D - Subterrània - 25058-0005,321906,4595546,2680540,Nitrits
after_2007,0006,0014,F003672,N/D - Subterrània - 25058-0005,321906,4595546,3386573,Fosfats
after_2007,0006,0014,F003686,Ports de Beseit (CHE)_Cat - 43071-0041,274158.23,4527096.65,1670687,Amoni
after_2007,0006,0014,F003686,Ports de Beseit (CHE)_Cat - 43071-0041,274158.23,4527096.65,1691552,Nitrats
after_2007,0006,0014,F003686,Ports de Beseit (CHE)_Cat - 43071-0041,274158.23,4527096.65,2680553,Nitrits
after_2007,0006,0014,F003686,Ports de Beseit (CHE)_Cat - 43071-0041,274158.23,4527096.65,3295586,Fosfats
after_2007,0006,0014,F003687,Ports de Beseit (CHE)_Cat - 43071-0040,273619.24,4528479.46,1670688,Amoni
after_2007,0006,0014,F003687,Ports de Beseit (CHE)_Cat - 43071-0040,273619.24,4528479.46,1691553,Nitrats
after_2007,0006,0014,F003687,Ports de Beseit (CHE)_Cat - 43071-0040,273619.24,4528479.46,2680554,Nitrits
after_2007,0006,0014,F003687,Ports de Beseit (CHE)_Cat - 43071-0040,273619.24,4528479.46,3295585,Fosfats
after_2007,0006,0014,F003691,Al·luvials de l'alta i mitjana Tordera - 17103-0008,474439.9,4621253.3,1666519,Fosfats
after_2007,0006,0014,F003691,Al·luvials de l'alta i mitjana Tordera - 17103-0008,474439.9,4621253.3,1670692,Amoni
after_2007,0006,0014,F003691,Al·luvials de l'alta i mitjana Tordera - 17103-0008,474439.9,4621253.3,1691557,Nitrats
after_2007,0006,0014,F003691,Al·luvials de l'alta i mitjana Tordera - 17103-0008,474439.9,4621253.3,2680558,Nitrits
after_2007,0006,0014,F003728,Al·luvials de l'alta i mitjana Tordera - 08082-0019,472834.25,4621055.39,1669067,Fosfats
after_2007,0006,0014,F003728,Al·luvials de l'alta i mitjana Tordera - 08082-0019,472834.25,4621055.39,1673240,Amoni
after_2007,0006,0014,F003728,Al·luvials de l'alta i mitjana Tordera - 08082-0019,472834.25,4621055.39,1694105,Nitrats
after_2007,0006,0014,F003728,Al·luvials de l'alta i mitjana Tordera - 08082-0019,472834.25,4621055.39,2683106,Nitrits
after_2007,0006,0014,F003742,Plioquaternari de l'Onyar - 17073-0024,483244,4642178,1670739,Amoni
after_2007,0006,0014,F003742,Plioquaternari de l'Onyar - 17073-0024,483244,4642178,1691604,Nitrats
after_2007,0006,0014,F003742,Plioquaternari de l'Onyar - 17073-0024,483244,4642178,2680605,Nitrits
after_2007,0006,0014,F003742,Plioquaternari de l'Onyar - 17073-0024,483244,4642178,3114310,Fosfats
after_2007,0006,0014,F003745,Plioquaternari de l'Onyar - 17044-0060,490266,4635245,1670742,Amoni
after_2007,0006,0014,F003745,Plioquaternari de l'Onyar - 17044-0060,490266,4635245,1691607,Nitrats
after_2007,0006,0014,F003745,Plioquaternari de l'Onyar - 17044-0060,490266,4635245,2680608,Nitrits
after_2007,0006,0014,F003745,Plioquaternari de l'Onyar - 17044-0060,490266,4635245,3114308,Fosfats
after_2007,0006,0014,F003751,Plioquaternari de l'Onyar - 17033-0072,485224.2,4632852.6,1666574,Fosfats
after_2007,0006,0014,F003751,Plioquaternari de l'Onyar - 17033-0072,485224.2,4632852.6,1670747,Amoni
after_2007,0006,0014,F003751,Plioquaternari de l'Onyar - 17033-0072,485224.2,4632852.6,1691612,Nitrats
after_2007,0006,0014,F003751,Plioquaternari de l'Onyar - 17033-0072,485224.2,4632852.6,2680613,Nitrits
after_2007,0006,0014,F003755,N/D - Subterrània - 17002-0015,480172,4643039,1670751,Amoni
after_2007,0006,0014,F003755,N/D - Subterrània - 17002-0015,480172,4643039,1691616,Nitrats
after_2007,0006,0014,F003755,N/D - Subterrània - 17002-0015,480172,4643039,2680617,Nitrits
after_2007,0006,0014,F003755,N/D - Subterrània - 17002-0015,480172,4643039,3113941,Fosfats
after_2007,0006,0014,F003756,Plioquaternari de la Riera Santa Coloma - 17148-0060,475561,4630397,1666579,Fosfats
after_2007,0006,0014,F003756,Plioquaternari de la Riera Santa Coloma - 17148-0060,475561,4630397,1670752,Amoni
after_2007,0006,0014,F003756,Plioquaternari de la Riera Santa Coloma - 17148-0060,475561,4630397,1691617,Nitrats
after_2007,0006,0014,F003756,Plioquaternari de la Riera Santa Coloma - 17148-0060,475561,4630397,2680618,Nitrits
after_2007,0006,0014,F003758,Plioquaternari de l'Onyar - 17233-0022,479116,4636895,1666581,Fosfats
after_2007,0006,0014,F003758,Plioquaternari de l'Onyar - 17233-0022,479116,4636895,1670754,Amoni
after_2007,0006,0014,F003758,Plioquaternari de l'Onyar - 17233-0022,479116,4636895,1691619,Nitrats
after_2007,0006,0014,F003758,Plioquaternari de l'Onyar - 17233-0022,479116,4636895,2680620,Nitrits
after_2007,0006,0014,F003768,Plioquaternari de la Riera Santa Coloma - 17193-0035,480486.6,4629254.5,1666591,Fosfats
after_2007,0006,0014,F003768,Plioquaternari de la Riera Santa Coloma - 17193-0035,480486.6,4629254.5,1670764,Amoni
after_2007,0006,0014,F003768,Plioquaternari de la Riera Santa Coloma - 17193-0035,480486.6,4629254.5,1691629,Nitrats
after_2007,0006,0014,F003768,Plioquaternari de la Riera Santa Coloma - 17193-0035,480486.6,4629254.5,2680630,Nitrits
after_2007,0006,0014,F003774,Montseny-Guilleries - 17164-0006,459256.35,4637275.52,1666596,Fosfats
after_2007,0006,0014,F003774,Montseny-Guilleries - 17164-0006,459256.35,4637275.52,1670769,Amoni
after_2007,0006,0014,F003774,Montseny-Guilleries - 17164-0006,459256.35,4637275.52,1691634,Nitrats
after_2007,0006,0014,F003774,Montseny-Guilleries - 17164-0006,459256.35,4637275.52,2680635,Nitrits
after_2007,0006,0014,F003775,Fluviodeltaic del Baix Ter - 17049-0009,489177,4652825,1670770,Amoni
after_2007,0006,0014,F003775,Fluviodeltaic del Baix Ter - 17049-0009,489177,4652825,1691635,Nitrats
after_2007,0006,0014,F003775,Fluviodeltaic del Baix Ter - 17049-0009,489177,4652825,2680636,Nitrits
after_2007,0006,0014,F003775,Fluviodeltaic del Baix Ter - 17049-0009,489177,4652825,3225162,Fosfats
after_2007,0006,0014,F003785,"Al·luvials del Ter Mig, Brugent i Llémena - 17020-0026",478839,4646385,1666607,Fosfats
after_2007,0006,0014,F003785,"Al·luvials del Ter Mig, Brugent i Llémena - 17020-0026",478839,4646385,1670780,Amoni
after_2007,0006,0014,F003785,"Al·luvials del Ter Mig, Brugent i Llémena - 17020-0026",478839,4646385,1691645,Nitrats
after_2007,0006,0014,F003785,"Al·luvials del Ter Mig, Brugent i Llémena - 17020-0026",478839,4646385,2680646,Nitrits
after_2007,0006,0014,F003793,Fluviodeltaic del Baix Ter - 17049-0016,489642.53,4654165.32,1670786,Amoni
after_2007,0006,0014,F003793,Fluviodeltaic del Baix Ter - 17049-0016,489642.53,4654165.32,1691651,Nitrats
after_2007,0006,0014,F003793,Fluviodeltaic del Baix Ter - 17049-0016,489642.53,4654165.32,2680652,Nitrits
after_2007,0006,0014,F003793,Fluviodeltaic del Baix Ter - 17049-0016,489642.53,4654165.32,3225422,Fosfats
after_2007,0006,0014,F003794,Al·luvials de la Baixa Costa Brava - 17034-0031,508024.4,4633399.14,1670787,Amoni
after_2007,0006,0014,F003794,Al·luvials de la Baixa Costa Brava - 17034-0031,508024.4,4633399.14,1691652,Nitrats
after_2007,0006,0014,F003794,Al·luvials de la Baixa Costa Brava - 17034-0031,508024.4,4633399.14,2680653,Nitrits
after_2007,0006,0014,F003794,Al·luvials de la Baixa Costa Brava - 17034-0031,508024.4,4633399.14,3229613,Fosfats
after_2007,0006,0014,F003816,Al·luvials de la Baixa Costa Brava - 17118-0023,510809.8,4634486,1670809,Amoni
after_2007,0006,0014,F003816,Al·luvials de la Baixa Costa Brava - 17118-0023,510809.8,4634486,1691674,Nitrats
after_2007,0006,0014,F003816,Al·luvials de la Baixa Costa Brava - 17118-0023,510809.8,4634486,2680675,Nitrits
after_2007,0006,0014,F003816,Al·luvials de la Baixa Costa Brava - 17118-0023,510809.8,4634486,3229623,Fosfats
after_2007,0006,0014,F003846,Detrític neogen del Vallès - 08107-0035,432686.07,4606046.67,1670837,Amoni
after_2007,0006,0014,F003846,Detrític neogen del Vallès - 08107-0035,432686.07,4606046.67,1691702,Nitrats
after_2007,0006,0014,F003846,Detrític neogen del Vallès - 08107-0035,432686.07,4606046.67,2680703,Nitrits
after_2007,0006,0014,F003904,Al·luvials del Vallès - 08156-0025,431150,4601918,1671511,Amoni
after_2007,0006,0014,F003904,Al·luvials del Vallès - 08156-0025,431150,4601918,1692376,Nitrats
after_2007,0006,0014,F003904,Al·luvials del Vallès - 08156-0025,431150,4601918,2681377,Nitrits
after_2007,0006,0014,F003904,Al·luvials del Vallès - 08156-0025,431150,4601918,3113742,Fosfats
after_2007,0006,0014,F003906,Al·luvials de l'alta i mitjana Tordera - 08202-0101,463301.22,4618827.46,4164896,Nitrits
after_2007,0006,0014,F003906,Al·luvials de l'alta i mitjana Tordera - 08202-0101,463301.22,4618827.46,4164897,Nitrats
after_2007,0006,0014,F003906,Al·luvials de l'alta i mitjana Tordera - 08202-0101,463301.22,4618827.46,4164902,Amoni
after_2007,0006,0014,F003906,Al·luvials de l'alta i mitjana Tordera - 08202-0101,463301.22,4618827.46,4164914,Fosfats
after_2007,0006,0014,F003915,Al·luvials del Vallès - 08902-0033,440541.05,4600977.61,1671522,Amoni
after_2007,0006,0014,F003915,Al·luvials del Vallès - 08902-0033,440541.05,4600977.61,1692387,Nitrats
after_2007,0006,0014,F003915,Al·luvials del Vallès - 08902-0033,440541.05,4600977.61,2681388,Nitrits
after_2007,0006,0014,F003915,Al·luvials del Vallès - 08902-0033,440541.05,4600977.61,3234892,Fosfats
after_2007,0006,0014,F003958,Prelitoral del Vallès - 08051-0028,422269,4609263,1671561,Amoni
after_2007,0006,0014,F003958,Prelitoral del Vallès - 08051-0028,422269,4609263,1692426,Nitrats
after_2007,0006,0014,F003958,Prelitoral del Vallès - 08051-0028,422269,4609263,4362775,Nitrits
after_2007,0006,0014,F003958,Prelitoral del Vallès - 08051-0028,422269,4609263,4362776,Fosfats
after_2007,0006,0014,F003967,Detrític neogen del Vallès - 08107-0020,437564.3,4605830.4,4476863,Nitrits
after_2007,0006,0014,F003967,Detrític neogen del Vallès - 08107-0020,437564.3,4605830.4,4476864,Nitrats
after_2007,0006,0014,F003967,Detrític neogen del Vallès - 08107-0020,437564.3,4605830.4,4476869,Amoni
after_2007,0006,0014,F003967,Detrític neogen del Vallès - 08107-0020,437564.3,4605830.4,4476904,Fosfats
after_2007,0006,0014,F003976,Al·luvials del Vallès - 08136-0027,436720.03,4599340.63,1671578,Amoni
after_2007,0006,0014,F003976,Al·luvials del Vallès - 08136-0027,436720.03,4599340.63,1692443,Nitrats
after_2007,0006,0014,F003976,Al·luvials del Vallès - 08136-0027,436720.03,4599340.63,2681444,Nitrits
after_2007,0006,0014,F003976,Al·luvials del Vallès - 08136-0027,436720.03,4599340.63,3113580,Fosfats
after_2007,0006,0014,F003982,Al·luvials del Vallès - 08248-0024,435899,4612259,1692449,Nitrats
after_2007,0006,0014,F003982,Al·luvials del Vallès - 08248-0024,435899,4612259,3045825,Nitrits
after_2007,0006,0014,F003982,Al·luvials del Vallès - 08248-0024,435899,4612259,3045827,Amoni
after_2007,0006,0014,F003982,Al·luvials del Vallès - 08248-0024,435899,4612259,3114116,Fosfats
after_2007,0006,0014,F004009,Al·luvials del Vallès - 08041-0023,440300.11,4609350.62,1671610,Amoni
after_2007,0006,0014,F004009,Al·luvials del Vallès - 08041-0023,440300.11,4609350.62,1692475,Nitrats
after_2007,0006,0014,F004009,Al·luvials del Vallès - 08041-0023,440300.11,4609350.62,2681476,Nitrits
after_2007,0006,0014,F004009,Al·luvials del Vallès - 08041-0023,440300.11,4609350.62,3231729,Fosfats
after_2007,0006,0014,F004011,Al·luvials de l'alta i mitjana Tordera - 17159-0039,464804,4619350,1667439,Fosfats
after_2007,0006,0014,F004011,Al·luvials de l'alta i mitjana Tordera - 17159-0039,464804,4619350,1671612,Amoni
after_2007,0006,0014,F004011,Al·luvials de l'alta i mitjana Tordera - 17159-0039,464804,4619350,1692477,Nitrats
after_2007,0006,0014,F004011,Al·luvials de l'alta i mitjana Tordera - 17159-0039,464804,4619350,2681478,Nitrits
after_2007,0006,0014,F004012,Al·luvials del Vallès - 08096-0057,440268.08,4605201.61,1668654,Fosfats
after_2007,0006,0014,F004012,Al·luvials del Vallès - 08096-0057,440268.08,4605201.61,1672827,Amoni
after_2007,0006,0014,F004012,Al·luvials del Vallès - 08096-0057,440268.08,4605201.61,1693692,Nitrats
after_2007,0006,0014,F004012,Al·luvials del Vallès - 08096-0057,440268.08,4605201.61,2682693,Nitrits
after_2007,0006,0014,F004013,Al·luvials del Vallès - 08096-0104,439664.08,4606015.62,1667440,Fosfats
after_2007,0006,0014,F004013,Al·luvials del Vallès - 08096-0104,439664.08,4606015.62,1671613,Amoni
after_2007,0006,0014,F004013,Al·luvials del Vallès - 08096-0104,439664.08,4606015.62,1692478,Nitrats
after_2007,0006,0014,F004013,Al·luvials del Vallès - 08096-0104,439664.08,4606015.62,2681479,Nitrits
after_2007,0006,0014,F004045,Al·luvials del Vallès - 08033-0022,431544.07,4606178.68,1671152,Amoni
after_2007,0006,0014,F004045,Al·luvials del Vallès - 08033-0022,431544.07,4606178.68,1692017,Nitrats
after_2007,0006,0014,F004045,Al·luvials del Vallès - 08033-0022,431544.07,4606178.68,2681018,Nitrits
after_2007,0006,0014,F004045,Al·luvials del Vallès - 08033-0022,431544.07,4606178.68,3232216,Fosfats
after_2007,0006,0014,F004049,Al·luvials del Vallès - 08041-0013,440374.1,4607997.62,1666983,Fosfats
after_2007,0006,0014,F004049,Al·luvials del Vallès - 08041-0013,440374.1,4607997.62,1671156,Amoni
after_2007,0006,0014,F004049,Al·luvials del Vallès - 08041-0013,440374.1,4607997.62,1692021,Nitrats
after_2007,0006,0014,F004049,Al·luvials del Vallès - 08041-0013,440374.1,4607997.62,2681022,Nitrits
after_2007,0006,0014,F004084,Detrític neogen del Vallès - 08279-0035,421584.3,4601526.2,1671189,Amoni
after_2007,0006,0014,F004084,Detrític neogen del Vallès - 08279-0035,421584.3,4601526.2,1692054,Nitrats
after_2007,0006,0014,F004084,Detrític neogen del Vallès - 08279-0035,421584.3,4601526.2,2681055,Nitrits
after_2007,0006,0014,F004084,Detrític neogen del Vallès - 08279-0035,421584.3,4601526.2,3234886,Fosfats
after_2007,0006,0014,F004090,Al·luvials del Vallès - 08108-0009,437035.07,4604805.64,1671194,Amoni
after_2007,0006,0014,F004090,Al·luvials del Vallès - 08108-0009,437035.07,4604805.64,1692059,Nitrats
after_2007,0006,0014,F004090,Al·luvials del Vallès - 08108-0009,437035.07,4604805.64,2681060,Nitrits
after_2007,0006,0014,F004090,Al·luvials del Vallès - 08108-0009,437035.07,4604805.64,3114114,Fosfats
after_2007,0006,0014,F004107,Al·luvials del Vallès - 08106-0041,447565.11,4608190.56,1667036,Fosfats
after_2007,0006,0014,F004107,Al·luvials del Vallès - 08106-0041,447565.11,4608190.56,1671209,Amoni
after_2007,0006,0014,F004107,Al·luvials del Vallès - 08106-0041,447565.11,4608190.56,1692074,Nitrats
after_2007,0006,0014,F004107,Al·luvials del Vallès - 08106-0041,447565.11,4608190.56,2681075,Nitrits
after_2007,0006,0014,F004110,Detrític neogen del Vallès - 08106-0046,450679.13,4609897.54,1668659,Fosfats
after_2007,0006,0014,F004110,Detrític neogen del Vallès - 08106-0046,450679.13,4609897.54,1672832,Amoni
after_2007,0006,0014,F004110,Detrític neogen del Vallès - 08106-0046,450679.13,4609897.54,1693697,Nitrats
after_2007,0006,0014,F004110,Detrític neogen del Vallès - 08106-0046,450679.13,4609897.54,2682698,Nitrits
after_2007,0006,0014,F004127,Maresme - 08029-0029,450366.02,4595805.52,1671226,Amoni
after_2007,0006,0014,F004127,Maresme - 08029-0029,450366.02,4595805.52,1692091,Nitrats
after_2007,0006,0014,F004127,Maresme - 08029-0029,450366.02,4595805.52,2681092,Nitrits
after_2007,0006,0014,F004127,Maresme - 08029-0029,450366.02,4595805.52,3235309,Fosfats
after_2007,0006,0014,F004128,Maresme - 08121-0102,453056.06,4600095.51,1671227,Amoni
after_2007,0006,0014,F004128,Maresme - 08121-0102,453056.06,4600095.51,1692092,Nitrats
after_2007,0006,0014,F004128,Maresme - 08121-0102,453056.06,4600095.51,2681093,Nitrits
after_2007,0006,0014,F004128,Maresme - 08121-0102,453056.06,4600095.51,3114283,Fosfats
after_2007,0006,0014,F004130,Maresme - 08121-0117,454726.06,4599485.5,1671229,Amoni
after_2007,0006,0014,F004130,Maresme - 08121-0117,454726.06,4599485.5,1692094,Nitrats
after_2007,0006,0014,F004130,Maresme - 08121-0117,454726.06,4599485.5,2681095,Nitrits
after_2007,0006,0014,F004130,Maresme - 08121-0117,454726.06,4599485.5,3229601,Fosfats
after_2007,0006,0014,F004132,Maresme - 08121-0112,451785.4,4597694.9,1671231,Amoni
after_2007,0006,0014,F004132,Maresme - 08121-0112,451785.4,4597694.9,1692096,Nitrats
after_2007,0006,0014,F004132,Maresme - 08121-0112,451785.4,4597694.9,2681097,Nitrits
after_2007,0006,0014,F004132,Maresme - 08121-0112,451785.4,4597694.9,3229599,Fosfats
after_2007,0006,0014,F004140,Maresme - 08235-0041,467046.13,4606605.41,1673262,Amoni
after_2007,0006,0014,F004140,Maresme - 08235-0041,467046.13,4606605.41,1694127,Nitrats
after_2007,0006,0014,F004140,Maresme - 08235-0041,467046.13,4606605.41,2683128,Nitrits
after_2007,0006,0014,F004140,Maresme - 08235-0041,467046.13,4606605.41,3229045,Fosfats
after_2007,0006,0014,F004146,Maresme - 08029-0022,451073.03,4597038.52,1671244,Amoni
after_2007,0006,0014,F004146,Maresme - 08029-0022,451073.03,4597038.52,1692109,Nitrats
after_2007,0006,0014,F004146,Maresme - 08029-0022,451073.03,4597038.52,2681110,Nitrits
after_2007,0006,0014,F004146,Maresme - 08029-0022,451073.03,4597038.52,3228893,Fosfats
after_2007,0006,0014,F004149,Maresme - 08029-0031,450256.03,4596595.52,1671247,Amoni
after_2007,0006,0014,F004149,Maresme - 08029-0031,450256.03,4596595.52,1692112,Nitrats
after_2007,0006,0014,F004149,Maresme - 08029-0031,450256.03,4596595.52,2681113,Nitrits
after_2007,0006,0014,F004149,Maresme - 08029-0031,450256.03,4596595.52,3235310,Fosfats
after_2007,0006,0014,F004150,Maresme - 08009-0060,450856.05,4599755.53,1671248,Amoni
after_2007,0006,0014,F004150,Maresme - 08009-0060,450856.05,4599755.53,1692113,Nitrats
after_2007,0006,0014,F004150,Maresme - 08009-0060,450856.05,4599755.53,2681114,Nitrits
after_2007,0006,0014,F004150,Maresme - 08009-0060,450856.05,4599755.53,3229594,Fosfats
after_2007,0006,0014,F004151,Maresme - 08009-0061,449281,4602345,1671249,Amoni
after_2007,0006,0014,F004151,Maresme - 08009-0061,449281,4602345,1692114,Nitrats
after_2007,0006,0014,F004151,Maresme - 08009-0061,449281,4602345,2681115,Nitrits
after_2007,0006,0014,F004151,Maresme - 08009-0061,449281,4602345,3228637,Fosfats
after_2007,0006,0014,F004152,Maresme - 08009-0031,450582,4600683,1671250,Amoni
after_2007,0006,0014,F004152,Maresme - 08009-0031,450582,4600683,1692115,Nitrats
after_2007,0006,0014,F004152,Maresme - 08009-0031,450582,4600683,2681116,Nitrits
after_2007,0006,0014,F004152,Maresme - 08009-0031,450582,4600683,3228634,Fosfats
after_2007,0006,0014,F004153,Maresme - 08006-0017,461796.09,4602705.45,1671251,Amoni
after_2007,0006,0014,F004153,Maresme - 08006-0017,461796.09,4602705.45,1692116,Nitrats
after_2007,0006,0014,F004153,Maresme - 08006-0017,461796.09,4602705.45,2681117,Nitrits
after_2007,0006,0014,F004153,Maresme - 08006-0017,461796.09,4602705.45,3271622,Fosfats
after_2007,0006,0014,F004155,Maresme - 08163-0015,474515.16,4608543.36,1671253,Amoni
after_2007,0006,0014,F004155,Maresme - 08163-0015,474515.16,4608543.36,1692118,Nitrats
after_2007,0006,0014,F004155,Maresme - 08163-0015,474515.16,4608543.36,2681119,Nitrits
after_2007,0006,0014,F004155,Maresme - 08163-0015,474515.16,4608543.36,3231494,Fosfats
after_2007,0006,0014,F004158,Maresme - 08003-0029,441941.98,4592661.58,1671256,Amoni
after_2007,0006,0014,F004158,Maresme - 08003-0029,441941.98,4592661.58,1692121,Nitrats
after_2007,0006,0014,F004158,Maresme - 08003-0029,441941.98,4592661.58,2681122,Nitrits
after_2007,0006,0014,F004158,Maresme - 08003-0029,441941.98,4592661.58,3234788,Fosfats
after_2007,0006,0014,F004162,Maresme - 08219-0029,448514.01,4595275.54,1671259,Amoni
after_2007,0006,0014,F004162,Maresme - 08219-0029,448514.01,4595275.54,1692124,Nitrats
after_2007,0006,0014,F004162,Maresme - 08219-0029,448514.01,4595275.54,2681125,Nitrits
after_2007,0006,0014,F004162,Maresme - 08219-0029,448514.01,4595275.54,3228693,Fosfats
after_2007,0006,0014,F004164,Maresme - 08006-0016,464038.1,4603670.43,1671261,Amoni
after_2007,0006,0014,F004164,Maresme - 08006-0016,464038.1,4603670.43,1692126,Nitrats
after_2007,0006,0014,F004164,Maresme - 08006-0016,464038.1,4603670.43,2681127,Nitrits
after_2007,0006,0014,F004164,Maresme - 08006-0016,464038.1,4603670.43,3229040,Fosfats
after_2007,0006,0014,F004166,Maresme - 08163-0012,473554.15,4608355.37,1671263,Amoni
after_2007,0006,0014,F004166,Maresme - 08163-0012,473554.15,4608355.37,1692128,Nitrats
after_2007,0006,0014,F004166,Maresme - 08163-0012,473554.15,4608355.37,2681129,Nitrits
after_2007,0006,0014,F004166,Maresme - 08163-0012,473554.15,4608355.37,3229053,Fosfats
after_2007,0006,0014,F004169,Maresme - 08163-0011,473366.15,4607655.37,3296098,Nitrits
after_2007,0006,0014,F004169,Maresme - 08163-0011,473366.15,4607655.37,3296099,Nitrats
after_2007,0006,0014,F004169,Maresme - 08163-0011,473366.15,4607655.37,3296105,Amoni
after_2007,0006,0014,F004169,Maresme - 08163-0011,473366.15,4607655.37,3296124,Fosfats
after_2007,0006,0014,F004171,Maresme - 08121-0101,452214.5,4601021.7,1671268,Amoni
after_2007,0006,0014,F004171,Maresme - 08121-0101,452214.5,4601021.7,1692133,Nitrats
after_2007,0006,0014,F004171,Maresme - 08121-0101,452214.5,4601021.7,2681134,Nitrits
after_2007,0006,0014,F004171,Maresme - 08121-0101,452214.5,4601021.7,3114282,Fosfats
after_2007,0006,0014,F004174,Maresme - 08163-0013,474103.15,4608340.36,1671270,Amoni
after_2007,0006,0014,F004174,Maresme - 08163-0013,474103.15,4608340.36,1692135,Nitrats
after_2007,0006,0014,F004174,Maresme - 08163-0013,474103.15,4608340.36,2681136,Nitrits
after_2007,0006,0014,F004174,Maresme - 08163-0013,474103.15,4608340.36,3232350,Fosfats
after_2007,0006,0014,F004176,Maresme - 08121-0108,455776.06,4600055.49,1671272,Amoni
after_2007,0006,0014,F004176,Maresme - 08121-0108,455776.06,4600055.49,1692137,Nitrats
after_2007,0006,0014,F004176,Maresme - 08121-0108,455776.06,4600055.49,2681138,Nitrits
after_2007,0006,0014,F004176,Maresme - 08121-0108,455776.06,4600055.49,3113579,Fosfats
after_2007,0006,0014,F004178,Maresme - 08163-0019,474391.16,4608830.36,1671274,Amoni
after_2007,0006,0014,F004178,Maresme - 08163-0019,474391.16,4608830.36,1692139,Nitrats
after_2007,0006,0014,F004178,Maresme - 08163-0019,474391.16,4608830.36,2681140,Nitrits
after_2007,0006,0014,F004178,Maresme - 08163-0019,474391.16,4608830.36,3231496,Fosfats
after_2007,0006,0014,F004180,Maresme - 08126-0011,441075.98,4591585.59,1671275,Amoni
after_2007,0006,0014,F004180,Maresme - 08126-0011,441075.98,4591585.59,1692140,Nitrats
after_2007,0006,0014,F004180,Maresme - 08126-0011,441075.98,4591585.59,2681141,Nitrits
after_2007,0006,0014,F004180,Maresme - 08126-0011,441075.98,4591585.59,3228690,Fosfats
after_2007,0006,0014,F004184,Maresme - 08030-0019,448010.02,4596062.54,1671278,Amoni
after_2007,0006,0014,F004184,Maresme - 08030-0019,448010.02,4596062.54,1692143,Nitrats
after_2007,0006,0014,F004184,Maresme - 08030-0019,448010.02,4596062.54,2681144,Nitrits
after_2007,0006,0014,F004184,Maresme - 08030-0019,448010.02,4596062.54,3228645,Fosfats
after_2007,0006,0014,F004187,Maresme - 08163-0017,472428.15,4607703.37,1671281,Amoni
after_2007,0006,0014,F004187,Maresme - 08163-0017,472428.15,4607703.37,1692146,Nitrats
after_2007,0006,0014,F004187,Maresme - 08163-0017,472428.15,4607703.37,2681147,Nitrits
after_2007,0006,0014,F004187,Maresme - 08163-0017,472428.15,4607703.37,3231495,Fosfats
after_2007,0006,0014,F004188,Maresme - 08040-0016,464804.11,4604249.43,1671282,Amoni
after_2007,0006,0014,F004188,Maresme - 08040-0016,464804.11,4604249.43,1692147,Nitrats
after_2007,0006,0014,F004188,Maresme - 08040-0016,464804.11,4604249.43,2681148,Nitrits
after_2007,0006,0014,F004188,Maresme - 08040-0016,464804.11,4604249.43,3231491,Fosfats
after_2007,0006,0014,F004189,Maresme - 08040-0011,464499.11,4604484.43,1671283,Amoni
after_2007,0006,0014,F004189,Maresme - 08040-0011,464499.11,4604484.43,1692148,Nitrats
after_2007,0006,0014,F004189,Maresme - 08040-0011,464499.11,4604484.43,2681149,Nitrits
after_2007,0006,0014,F004189,Maresme - 08040-0011,464499.11,4604484.43,3231490,Fosfats
after_2007,0006,0014,F004195,Maresme - 08029-0023,450460.03,4596672.52,1671289,Amoni
after_2007,0006,0014,F004195,Maresme - 08029-0023,450460.03,4596672.52,1692154,Nitrats
after_2007,0006,0014,F004195,Maresme - 08029-0023,450460.03,4596672.52,2681155,Nitrits
after_2007,0006,0014,F004195,Maresme - 08029-0023,450460.03,4596672.52,3228894,Fosfats
after_2007,0006,0014,F004200,Maresme - 08040-0010,464134.95,4604500.12,1671431,Amoni
after_2007,0006,0014,F004200,Maresme - 08040-0010,464134.95,4604500.12,1692296,Nitrats
after_2007,0006,0014,F004200,Maresme - 08040-0010,464134.95,4604500.12,2681297,Nitrits
after_2007,0006,0014,F004200,Maresme - 08040-0010,464134.95,4604500.12,3231489,Fosfats
after_2007,0006,0014,F004202,Maresme - 08007-0033,461719.12,4606119.45,1671433,Amoni
after_2007,0006,0014,F004202,Maresme - 08007-0033,461719.12,4606119.45,1692298,Nitrats
after_2007,0006,0014,F004202,Maresme - 08007-0033,461719.12,4606119.45,2681299,Nitrits
after_2007,0006,0014,F004202,Maresme - 08007-0033,461719.12,4606119.45,3271623,Fosfats
after_2007,0006,0014,F004203,Maresme - 08007-0045,461908,4605043.8,1671434,Amoni
after_2007,0006,0014,F004203,Maresme - 08007-0045,461908,4605043.8,1692299,Nitrats
after_2007,0006,0014,F004203,Maresme - 08007-0045,461908,4605043.8,2681300,Nitrits
after_2007,0006,0014,F004203,Maresme - 08007-0045,461908,4605043.8,3234792,Fosfats
after_2007,0006,0014,F004205,Maresme - 08006-0021,462089.1,4603598.45,1671436,Amoni
after_2007,0006,0014,F004205,Maresme - 08006-0021,462089.1,4603598.45,1692301,Nitrats
after_2007,0006,0014,F004205,Maresme - 08006-0021,462089.1,4603598.45,2681302,Nitrits
after_2007,0006,0014,F004207,Maresme - 08007-0074,462479.13,4607744.45,1671438,Amoni
after_2007,0006,0014,F004207,Maresme - 08007-0074,462479.13,4607744.45,1692303,Nitrats
after_2007,0006,0014,F004207,Maresme - 08007-0074,462479.13,4607744.45,2681304,Nitrits
after_2007,0006,0014,F004207,Maresme - 08007-0074,462479.13,4607744.45,3234796,Fosfats
after_2007,0006,0014,F004211,Maresme - 08029-0043,450542.03,4596610.52,1671442,Amoni
after_2007,0006,0014,F004211,Maresme - 08029-0043,450542.03,4596610.52,1692307,Nitrats
after_2007,0006,0014,F004211,Maresme - 08029-0043,450542.03,4596610.52,2681308,Nitrits
after_2007,0006,0014,F004211,Maresme - 08029-0043,450542.03,4596610.52,3271989,Fosfats
after_2007,0006,0014,F004213,Maresme - 08075-0024,451677.1,4605495.53,1671444,Amoni
after_2007,0006,0014,F004213,Maresme - 08075-0024,451677.1,4605495.53,1692309,Nitrats
after_2007,0006,0014,F004213,Maresme - 08075-0024,451677.1,4605495.53,2681310,Nitrits
after_2007,0006,0014,F004213,Maresme - 08075-0024,451677.1,4605495.53,3234824,Fosfats
after_2007,0006,0014,F004214,Maresme - 08197-0043,457377.07,4601057.48,1671445,Amoni
after_2007,0006,0014,F004214,Maresme - 08197-0043,457377.07,4601057.48,1692310,Nitrats
after_2007,0006,0014,F004214,Maresme - 08197-0043,457377.07,4601057.48,2681311,Nitrits
after_2007,0006,0014,F004214,Maresme - 08197-0043,457377.07,4601057.48,3114293,Fosfats
after_2007,0006,0014,F004215,Maresme - 08197-0049,457734.07,4601298.48,1671446,Amoni
after_2007,0006,0014,F004215,Maresme - 08197-0049,457734.07,4601298.48,1692311,Nitrats
after_2007,0006,0014,F004215,Maresme - 08197-0049,457734.07,4601298.48,2681312,Nitrits
after_2007,0006,0014,F004215,Maresme - 08197-0049,457734.07,4601298.48,3114294,Fosfats
after_2007,0006,0014,F004216,Maresme - 08197-0040,457980,4601214,1671447,Amoni
after_2007,0006,0014,F004216,Maresme - 08197-0040,457980,4601214,1692312,Nitrats
after_2007,0006,0014,F004216,Maresme - 08197-0040,457980,4601214,2681313,Nitrits
after_2007,0006,0014,F004216,Maresme - 08197-0040,457980,4601214,3114292,Fosfats
after_2007,0006,0014,F004217,Maresme - 08197-0031,457871.08,4601309.47,1671448,Amoni
after_2007,0006,0014,F004217,Maresme - 08197-0031,457871.08,4601309.47,1692313,Nitrats
after_2007,0006,0014,F004217,Maresme - 08197-0031,457871.08,4601309.47,2681314,Nitrits
after_2007,0006,0014,F004217,Maresme - 08197-0031,457871.08,4601309.47,3114290,Fosfats
after_2007,0006,0014,F004218,Maresme - 08197-0039,457488.08,4601708.48,1671449,Amoni
after_2007,0006,0014,F004218,Maresme - 08197-0039,457488.08,4601708.48,1692314,Nitrats
after_2007,0006,0014,F004218,Maresme - 08197-0039,457488.08,4601708.48,2681315,Nitrits
after_2007,0006,0014,F004218,Maresme - 08197-0039,457488.08,4601708.48,3114291,Fosfats
after_2007,0006,0014,F004227,Maresme - 08261-0020,476530.17,4609692.35,1671457,Amoni
after_2007,0006,0014,F004227,Maresme - 08261-0020,476530.17,4609692.35,1692322,Nitrats
after_2007,0006,0014,F004227,Maresme - 08261-0020,476530.17,4609692.35,2681323,Nitrits
after_2007,0006,0014,F004227,Maresme - 08261-0020,476530.17,4609692.35,3231536,Fosfats
after_2007,0006,0014,F004229,Maresme - 08261-0015,476270.17,4609529.35,1671459,Amoni
after_2007,0006,0014,F004229,Maresme - 08261-0015,476270.17,4609529.35,1692324,Nitrats
after_2007,0006,0014,F004229,Maresme - 08261-0015,476270.17,4609529.35,2681325,Nitrits
after_2007,0006,0014,F004229,Maresme - 08261-0015,476270.17,4609529.35,3231535,Fosfats
after_2007,0006,0014,F004233,Maresme - 08009-0037,451844.07,4601759.52,1671463,Amoni
after_2007,0006,0014,F004233,Maresme - 08009-0037,451844.07,4601759.52,1692328,Nitrats
after_2007,0006,0014,F004233,Maresme - 08009-0037,451844.07,4601759.52,2681329,Nitrits
after_2007,0006,0014,F004233,Maresme - 08009-0037,451844.07,4601759.52,3228636,Fosfats
after_2007,0006,0014,F004234,Maresme - 08230-0020,446742,4594261.55,1671464,Amoni
after_2007,0006,0014,F004234,Maresme - 08230-0020,446742,4594261.55,1692329,Nitrats
after_2007,0006,0014,F004234,Maresme - 08230-0020,446742,4594261.55,2681330,Nitrits
after_2007,0006,0014,F004234,Maresme - 08230-0020,446742,4594261.55,3228695,Fosfats
after_2007,0006,0014,F004237,Maresme - 08118-0003,444223.99,4592754.56,1671467,Amoni
after_2007,0006,0014,F004237,Maresme - 08118-0003,444223.99,4592754.56,1692332,Nitrats
after_2007,0006,0014,F004237,Maresme - 08118-0003,444223.99,4592754.56,2681333,Nitrits
after_2007,0006,0014,F004237,Maresme - 08118-0003,444223.99,4592754.56,3229051,Fosfats
after_2007,0006,0014,F004238,Maresme - 08118-0019,445049.99,4593013.56,1671468,Amoni
after_2007,0006,0014,F004238,Maresme - 08118-0019,445049.99,4593013.56,1692333,Nitrats
after_2007,0006,0014,F004238,Maresme - 08118-0019,445049.99,4593013.56,2681334,Nitrits
after_2007,0006,0014,F004238,Maresme - 08118-0019,445049.99,4593013.56,3229052,Fosfats
after_2007,0006,0014,F004239,Maresme - 08214-0019,446631.02,4596589.55,1673267,Amoni
after_2007,0006,0014,F004239,Maresme - 08214-0019,446631.02,4596589.55,1694132,Nitrats
after_2007,0006,0014,F004239,Maresme - 08214-0019,446631.02,4596589.55,2683133,Nitrits
after_2007,0006,0014,F004239,Maresme - 08214-0019,446631.02,4596589.55,3229054,Fosfats
after_2007,0006,0014,F004240,Maresme - 08172-0002,445915,4594062.55,1671469,Amoni
after_2007,0006,0014,F004240,Maresme - 08172-0002,445915,4594062.55,1692334,Nitrats
after_2007,0006,0014,F004240,Maresme - 08172-0002,445915,4594062.55,2681335,Nitrits
after_2007,0006,0014,F004240,Maresme - 08172-0002,445915,4594062.55,3228691,Fosfats
after_2007,0006,0014,F004241,Maresme - 08172-0003,446939,4593650.55,1671470,Amoni
after_2007,0006,0014,F004241,Maresme - 08172-0003,446939,4593650.55,1692335,Nitrats
after_2007,0006,0014,F004241,Maresme - 08172-0003,446939,4593650.55,2681336,Nitrits
after_2007,0006,0014,F004241,Maresme - 08172-0003,446939,4593650.55,3228692,Fosfats
after_2007,0006,0014,F004242,Maresme - 08030-0021,447009.04,4598510.55,1671471,Amoni
after_2007,0006,0014,F004242,Maresme - 08030-0021,447009.04,4598510.55,1692336,Nitrats
after_2007,0006,0014,F004242,Maresme - 08030-0021,447009.04,4598510.55,2681337,Nitrits
after_2007,0006,0014,F004242,Maresme - 08030-0021,447009.04,4598510.55,3228896,Fosfats
after_2007,0006,0014,F004243,Maresme - 08030-0018,446208.03,4597853.56,1671472,Amoni
after_2007,0006,0014,F004243,Maresme - 08030-0018,446208.03,4597853.56,1692337,Nitrats
after_2007,0006,0014,F004243,Maresme - 08030-0018,446208.03,4597853.56,2681338,Nitrits
after_2007,0006,0014,F004243,Maresme - 08030-0018,446208.03,4597853.56,3228895,Fosfats
after_2007,0006,0014,F004244,Maresme - 08230-0018,445219.01,4594860.56,1672835,Amoni
after_2007,0006,0014,F004244,Maresme - 08230-0018,445219.01,4594860.56,1693700,Nitrats
after_2007,0006,0014,F004244,Maresme - 08230-0018,445219.01,4594860.56,2682701,Nitrits
after_2007,0006,0014,F004244,Maresme - 08230-0018,445219.01,4594860.56,3114297,Fosfats
after_2007,0006,0014,F004246,Maresme - 08230-0019,445599,4594563.56,1671474,Amoni
after_2007,0006,0014,F004246,Maresme - 08230-0019,445599,4594563.56,1692339,Nitrats
after_2007,0006,0014,F004246,Maresme - 08230-0019,445599,4594563.56,2681340,Nitrits
after_2007,0006,0014,F004246,Maresme - 08230-0019,445599,4594563.56,3114298,Fosfats
after_2007,0006,0014,F004247,Maresme - 08230-0024,444835.01,4595320.56,1671475,Amoni
after_2007,0006,0014,F004247,Maresme - 08230-0024,444835.01,4595320.56,1692340,Nitrats
after_2007,0006,0014,F004247,Maresme - 08230-0024,444835.01,4595320.56,2681341,Nitrits
after_2007,0006,0014,F004247,Maresme - 08230-0024,444835.01,4595320.56,3114300,Fosfats
after_2007,0006,0014,F004248,Maresme - 08035-0016,469936.15,4608571.39,1671476,Amoni
after_2007,0006,0014,F004248,Maresme - 08035-0016,469936.15,4608571.39,1692341,Nitrats
after_2007,0006,0014,F004248,Maresme - 08035-0016,469936.15,4608571.39,2681342,Nitrits
after_2007,0006,0014,F004248,Maresme - 08035-0016,469936.15,4608571.39,3229049,Fosfats
after_2007,0006,0014,F004249,Maresme - 08007-0040,460579.1,4604274.46,1671477,Amoni
after_2007,0006,0014,F004249,Maresme - 08007-0040,460579.1,4604274.46,1692342,Nitrats
after_2007,0006,0014,F004249,Maresme - 08007-0040,460579.1,4604274.46,2681343,Nitrits
after_2007,0006,0014,F004249,Maresme - 08007-0040,460579.1,4604274.46,3114272,Fosfats
after_2007,0006,0014,F004255,Al·luvials de la baixa i delta de la Tordera - 08110-0018,480114,4610739,1671482,Amoni
after_2007,0006,0014,F004255,Al·luvials de la baixa i delta de la Tordera - 08110-0018,480114,4610739,1692347,Nitrats
after_2007,0006,0014,F004255,Al·luvials de la baixa i delta de la Tordera - 08110-0018,480114,4610739,2681348,Nitrits
after_2007,0006,0014,F004255,Al·luvials de la baixa i delta de la Tordera - 08110-0018,480114,4610739,3229050,Fosfats
after_2007,0006,0014,F004256,Al·luvials de la baixa i delta de la Tordera - 08110-0021,479417,4610940,1671483,Amoni
after_2007,0006,0014,F004256,Al·luvials de la baixa i delta de la Tordera - 08110-0021,479417,4610940,1692348,Nitrats
after_2007,0006,0014,F004256,Al·luvials de la baixa i delta de la Tordera - 08110-0021,479417,4610940,2681349,Nitrits
after_2007,0006,0014,F004256,Al·luvials de la baixa i delta de la Tordera - 08110-0021,479417,4610940,3231493,Fosfats
after_2007,0006,0014,F004257,Maresme - 08110-0039,477562.17,4610015.34,1671484,Amoni
after_2007,0006,0014,F004257,Maresme - 08110-0039,477562.17,4610015.34,1692349,Nitrats
after_2007,0006,0014,F004257,Maresme - 08110-0039,477562.17,4610015.34,2681350,Nitrits
after_2007,0006,0014,F004257,Maresme - 08110-0039,477562.17,4610015.34,3114277,Fosfats
after_2007,0006,0014,F004258,Maresme - 08230-0021,445626.01,4594979.56,1671485,Amoni
after_2007,0006,0014,F004258,Maresme - 08230-0021,445626.01,4594979.56,1692350,Nitrats
after_2007,0006,0014,F004258,Maresme - 08230-0021,445626.01,4594979.56,2681351,Nitrits
after_2007,0006,0014,F004258,Maresme - 08230-0021,445626.01,4594979.56,3114299,Fosfats
after_2007,0006,0014,F004259,Maresme - 08193-0014,464222.16,4611647.44,1671486,Amoni
after_2007,0006,0014,F004259,Maresme - 08193-0014,464222.16,4611647.44,1692351,Nitrats
after_2007,0006,0014,F004259,Maresme - 08193-0014,464222.16,4611647.44,2681352,Nitrits
after_2007,0006,0014,F004260,Maresme - 08121-0111,453152.08,4602486.51,1671487,Amoni
after_2007,0006,0014,F004260,Maresme - 08121-0111,453152.08,4602486.51,1692352,Nitrats
after_2007,0006,0014,F004260,Maresme - 08121-0111,453152.08,4602486.51,2681353,Nitrits
after_2007,0006,0014,F004260,Maresme - 08121-0111,453152.08,4602486.51,3228688,Fosfats
after_2007,0006,0014,F004261,Maresme - 08007-0041,461305.12,4606963.46,1673268,Amoni
after_2007,0006,0014,F004261,Maresme - 08007-0041,461305.12,4606963.46,1694133,Nitrats
after_2007,0006,0014,F004261,Maresme - 08007-0041,461305.12,4606963.46,2683134,Nitrits
after_2007,0006,0014,F004261,Maresme - 08007-0041,461305.12,4606963.46,3234790,Fosfats
after_2007,0006,0014,F004265,Maresme - 08281-0028,443823,4594106.57,1672837,Amoni
after_2007,0006,0014,F004265,Maresme - 08281-0028,443823,4594106.57,1693702,Nitrats
after_2007,0006,0014,F004265,Maresme - 08281-0028,443823,4594106.57,2682703,Nitrits
after_2007,0006,0014,F004265,Maresme - 08281-0028,443823,4594106.57,3229057,Fosfats
after_2007,0006,0014,F004267,Maresme - 08007-0017,459699.11,4605091.47,1671492,Amoni
after_2007,0006,0014,F004267,Maresme - 08007-0017,459699.11,4605091.47,1692357,Nitrats
after_2007,0006,0014,F004267,Maresme - 08007-0017,459699.11,4605091.47,2681358,Nitrits
after_2007,0006,0014,F004267,Maresme - 08007-0017,459699.11,4605091.47,3234789,Fosfats
after_2007,0006,0014,F004269,Maresme - 08214-0020,447186.02,4595655.55,1671494,Amoni
after_2007,0006,0014,F004269,Maresme - 08214-0020,447186.02,4595655.55,1692359,Nitrats
after_2007,0006,0014,F004269,Maresme - 08214-0020,447186.02,4595655.55,2681360,Nitrits
after_2007,0006,0014,F004270,Maresme - 08029-0025,451462.23,4596716.82,1671495,Amoni
after_2007,0006,0014,F004270,Maresme - 08029-0025,451462.23,4596716.82,1692360,Nitrats
after_2007,0006,0014,F004270,Maresme - 08029-0025,451462.23,4596716.82,2681361,Nitrits
after_2007,0006,0014,F004270,Maresme - 08029-0025,451462.23,4596716.82,3113578,Fosfats
after_2007,0006,0014,F004271,Maresme - 08193-0019,463235.15,4609585.45,1671496,Amoni
after_2007,0006,0014,F004271,Maresme - 08193-0019,463235.15,4609585.45,1692361,Nitrats
after_2007,0006,0014,F004271,Maresme - 08193-0019,463235.15,4609585.45,2681362,Nitrits
after_2007,0006,0014,F004271,Maresme - 08193-0019,463235.15,4609585.45,3114289,Fosfats
after_2007,0006,0014,F004272,Maresme - 08007-0043,460697.12,4607235.46,1671497,Amoni
after_2007,0006,0014,F004272,Maresme - 08007-0043,460697.12,4607235.46,1692362,Nitrats
after_2007,0006,0014,F004272,Maresme - 08007-0043,460697.12,4607235.46,2681363,Nitrits
after_2007,0006,0014,F004272,Maresme - 08007-0043,460697.12,4607235.46,3234791,Fosfats
after_2007,0006,0014,F004273,Maresme - 08193-0016,464015.16,4611733.44,1671498,Amoni
after_2007,0006,0014,F004273,Maresme - 08193-0016,464015.16,4611733.44,1692363,Nitrats
after_2007,0006,0014,F004273,Maresme - 08193-0016,464015.16,4611733.44,2681364,Nitrits
after_2007,0006,0014,F004273,Maresme - 08193-0016,464015.16,4611733.44,3113582,Fosfats
after_2007,0006,0014,F004275,Maresme - 08203-0032,466979.13,4606759.41,1671292,Amoni
after_2007,0006,0014,F004275,Maresme - 08203-0032,466979.13,4606759.41,1692157,Nitrats
after_2007,0006,0014,F004275,Maresme - 08203-0032,466979.13,4606759.41,2681158,Nitrits
after_2007,0006,0014,F004275,Maresme - 08203-0032,466979.13,4606759.41,3114296,Fosfats
after_2007,0006,0014,F004276,Maresme - 08235-0031,467298.13,4606759.41,1673269,Amoni
after_2007,0006,0014,F004276,Maresme - 08235-0031,467298.13,4606759.41,1694134,Nitrats
after_2007,0006,0014,F004276,Maresme - 08235-0031,467298.13,4606759.41,2683135,Nitrits
after_2007,0006,0014,F004277,Maresme - 08203-0037,467203,4607525,1671293,Amoni
after_2007,0006,0014,F004277,Maresme - 08203-0037,467203,4607525,1692158,Nitrats
after_2007,0006,0014,F004277,Maresme - 08203-0037,467203,4607525,2681159,Nitrits
after_2007,0006,0014,F004277,Maresme - 08203-0037,467203,4607525,3113585,Fosfats
after_2007,0006,0014,F004279,Maresme - 08261-0016,474056.18,4611424.37,1671295,Amoni
after_2007,0006,0014,F004279,Maresme - 08261-0016,474056.18,4611424.37,1692160,Nitrats
after_2007,0006,0014,F004279,Maresme - 08261-0016,474056.18,4611424.37,2681161,Nitrits
after_2007,0006,0014,F004279,Maresme - 08261-0016,474056.18,4611424.37,3229055,Fosfats
after_2007,0006,0014,F004280,Maresme - 08155-0090,475950.18,4611564.35,1671296,Amoni
after_2007,0006,0014,F004280,Maresme - 08155-0090,475950.18,4611564.35,1692161,Nitrats
after_2007,0006,0014,F004280,Maresme - 08155-0090,475950.18,4611564.35,2681162,Nitrits
after_2007,0006,0014,F004281,Maresme - 08030-0020,447647.03,4597200.55,1671297,Amoni
after_2007,0006,0014,F004281,Maresme - 08030-0020,447647.03,4597200.55,1692162,Nitrats
after_2007,0006,0014,F004281,Maresme - 08030-0020,447647.03,4597200.55,2681163,Nitrits
after_2007,0006,0014,F004281,Maresme - 08030-0020,447647.03,4597200.55,3114273,Fosfats
after_2007,0006,0014,F004282,Maresme - 08230-0023,445803.01,4595510.56,1671298,Amoni
after_2007,0006,0014,F004282,Maresme - 08230-0023,445803.01,4595510.56,1692163,Nitrats
after_2007,0006,0014,F004282,Maresme - 08230-0023,445803.01,4595510.56,2681164,Nitrits
after_2007,0006,0014,F004282,Maresme - 08230-0023,445803.01,4595510.56,3228696,Fosfats
after_2007,0006,0014,F004284,Maresme - 08153-0001,446084,4600114,1671300,Amoni
after_2007,0006,0014,F004284,Maresme - 08153-0001,446084,4600114,1692165,Nitrats
after_2007,0006,0014,F004284,Maresme - 08153-0001,446084,4600114,2681166,Nitrits
after_2007,0006,0014,F004284,Maresme - 08153-0001,446084,4600114,3114286,Fosfats
after_2007,0006,0014,F004287,Maresme - 08197-0036,457353.07,4600397.48,1671303,Amoni
after_2007,0006,0014,F004287,Maresme - 08197-0036,457353.07,4600397.48,1692168,Nitrats
after_2007,0006,0014,F004287,Maresme - 08197-0036,457353.07,4600397.48,2681169,Nitrits
after_2007,0006,0014,F004287,Maresme - 08197-0036,457353.07,4600397.48,3234845,Fosfats
after_2007,0006,0014,F004288,Maresme - 08075-0019,450903.09,4604740.53,1671304,Amoni
after_2007,0006,0014,F004288,Maresme - 08075-0019,450903.09,4604740.53,1692169,Nitrats
after_2007,0006,0014,F004288,Maresme - 08075-0019,450903.09,4604740.53,2681170,Nitrits
after_2007,0006,0014,F004288,Maresme - 08075-0019,450903.09,4604740.53,3114276,Fosfats
after_2007,0006,0014,F004289,Maresme - 08197-0034,457095.07,4600754.48,1671305,Amoni
after_2007,0006,0014,F004289,Maresme - 08197-0034,457095.07,4600754.48,1692170,Nitrats
after_2007,0006,0014,F004289,Maresme - 08197-0034,457095.07,4600754.48,2681171,Nitrits
after_2007,0006,0014,F004289,Maresme - 08197-0034,457095.07,4600754.48,3113584,Fosfats
after_2007,0006,0014,F004291,Maresme - 08075-0009,451802.09,4605134.53,1671307,Amoni
after_2007,0006,0014,F004291,Maresme - 08075-0009,451802.09,4605134.53,1692172,Nitrats
after_2007,0006,0014,F004291,Maresme - 08075-0009,451802.09,4605134.53,2681173,Nitrits
after_2007,0006,0014,F004291,Maresme - 08075-0009,451802.09,4605134.53,3114275,Fosfats
after_2007,0006,0014,F004292,Maresme - 08153-0005,446280.05,4600657.56,1671308,Amoni
after_2007,0006,0014,F004292,Maresme - 08153-0005,446280.05,4600657.56,1692173,Nitrats
after_2007,0006,0014,F004292,Maresme - 08153-0005,446280.05,4600657.56,2681174,Nitrits
after_2007,0006,0014,F004292,Maresme - 08153-0005,446280.05,4600657.56,3114287,Fosfats
after_2007,0006,0014,F004293,Maresme - 08121-0116,451271.05,4599206.52,1671309,Amoni
after_2007,0006,0014,F004293,Maresme - 08121-0116,451271.05,4599206.52,1692174,Nitrats
after_2007,0006,0014,F004293,Maresme - 08121-0116,451271.05,4599206.52,2681175,Nitrits
after_2007,0006,0014,F004293,Maresme - 08121-0116,451271.05,4599206.52,3228689,Fosfats
after_2007,0006,0014,F004296,Maresme - 08282-0018,438923,4592617,1673270,Amoni
after_2007,0006,0014,F004296,Maresme - 08282-0018,438923,4592617,1694135,Nitrats
after_2007,0006,0014,F004296,Maresme - 08282-0018,438923,4592617,2683136,Nitrits
after_2007,0006,0014,F004296,Maresme - 08282-0018,438923,4592617,3234887,Fosfats
after_2007,0006,0014,F004297,Maresme - 08197-0050,456406.09,4603755.49,1671312,Amoni
after_2007,0006,0014,F004297,Maresme - 08197-0050,456406.09,4603755.49,1692177,Nitrats
after_2007,0006,0014,F004297,Maresme - 08197-0050,456406.09,4603755.49,2681178,Nitrits
after_2007,0006,0014,F004297,Maresme - 08197-0050,456406.09,4603755.49,3114295,Fosfats
after_2007,0006,0014,F004300,Maresme - 08203-0036,467086.14,4607455.41,1671315,Amoni
after_2007,0006,0014,F004300,Maresme - 08203-0036,467086.14,4607455.41,1692180,Nitrats
after_2007,0006,0014,F004300,Maresme - 08203-0036,467086.14,4607455.41,2681181,Nitrits
after_2007,0006,0014,F004300,Maresme - 08203-0036,467086.14,4607455.41,3232272,Fosfats
after_2007,0006,0014,F004301,Maresme - 08003-0021,441373.99,4593227.59,1671316,Amoni
after_2007,0006,0014,F004301,Maresme - 08003-0021,441373.99,4593227.59,1692181,Nitrats
after_2007,0006,0014,F004301,Maresme - 08003-0021,441373.99,4593227.59,2681182,Nitrits
after_2007,0006,0014,F004302,Maresme - 08075-0008,450407.09,4604734.54,1671317,Amoni
after_2007,0006,0014,F004302,Maresme - 08075-0008,450407.09,4604734.54,1692182,Nitrats
after_2007,0006,0014,F004302,Maresme - 08075-0008,450407.09,4604734.54,2681183,Nitrits
after_2007,0006,0014,F004302,Maresme - 08075-0008,450407.09,4604734.54,3114274,Fosfats
after_2007,0006,0014,F004304,Maresme - 08197-0033,458414.08,4601459.47,1671319,Amoni
after_2007,0006,0014,F004304,Maresme - 08197-0033,458414.08,4601459.47,1692184,Nitrats
after_2007,0006,0014,F004304,Maresme - 08197-0033,458414.08,4601459.47,2681185,Nitrits
after_2007,0006,0014,F004304,Maresme - 08197-0033,458414.08,4601459.47,3113583,Fosfats
after_2007,0006,0014,F004305,Maresme - 08230-0060,446816.01,4594515.55,1671320,Amoni
after_2007,0006,0014,F004305,Maresme - 08230-0060,446816.01,4594515.55,1692185,Nitrats
after_2007,0006,0014,F004305,Maresme - 08230-0060,446816.01,4594515.55,2681186,Nitrits
after_2007,0006,0014,F004305,Maresme - 08230-0060,446816.01,4594515.55,3113587,Fosfats
after_2007,0006,0014,F004308,Maresme - 08261-0014,475681.16,4608710.35,1671323,Amoni
after_2007,0006,0014,F004308,Maresme - 08261-0014,475681.16,4608710.35,1692188,Nitrats
after_2007,0006,0014,F004308,Maresme - 08261-0014,475681.16,4608710.35,2681189,Nitrits
after_2007,0006,0014,F004308,Maresme - 08261-0014,475681.16,4608710.35,3113588,Fosfats
after_2007,0006,0014,F004310,Maresme - 08235-0015,467765.12,4605554.41,1671325,Amoni
after_2007,0006,0014,F004310,Maresme - 08235-0015,467765.12,4605554.41,1692190,Nitrats
after_2007,0006,0014,F004310,Maresme - 08235-0015,467765.12,4605554.41,2681191,Nitrits
after_2007,0006,0014,F004310,Maresme - 08235-0015,467765.12,4605554.41,3355498,Fosfats
after_2007,0006,0014,F004316,Maresme - 08003-0022,441027.98,4592811.59,1671331,Amoni
after_2007,0006,0014,F004316,Maresme - 08003-0022,441027.98,4592811.59,1692196,Nitrats
after_2007,0006,0014,F004316,Maresme - 08003-0022,441027.98,4592811.59,2681197,Nitrits
after_2007,0006,0014,F004317,Maresme - 08219-0027,447806.01,4594915.54,1672838,Amoni
after_2007,0006,0014,F004317,Maresme - 08219-0027,447806.01,4594915.54,1693703,Nitrats
after_2007,0006,0014,F004317,Maresme - 08219-0027,447806.01,4594915.54,2682704,Nitrits
after_2007,0006,0014,F004317,Maresme - 08219-0027,447806.01,4594915.54,3113586,Fosfats
after_2007,0006,0014,F004321,Maresme - 08121-0106,453701.05,4599147.5,1671334,Amoni
after_2007,0006,0014,F004321,Maresme - 08121-0106,453701.05,4599147.5,1692199,Nitrats
after_2007,0006,0014,F004321,Maresme - 08121-0106,453701.05,4599147.5,2681200,Nitrits
after_2007,0006,0014,F004321,Maresme - 08121-0106,453701.05,4599147.5,3114284,Fosfats
after_2007,0006,0014,F004323,Maresme - 08219-0035,448776.02,4595845.53,1671336,Amoni
after_2007,0006,0014,F004323,Maresme - 08219-0035,448776.02,4595845.53,1692201,Nitrats
after_2007,0006,0014,F004323,Maresme - 08219-0035,448776.02,4595845.53,2681202,Nitrits
after_2007,0006,0014,F004323,Maresme - 08219-0035,448776.02,4595845.53,3228694,Fosfats
after_2007,0006,0014,F004325,Maresme - 08264-0034,460026.09,4603335.46,1671338,Amoni
after_2007,0006,0014,F004325,Maresme - 08264-0034,460026.09,4603335.46,1692203,Nitrats
after_2007,0006,0014,F004325,Maresme - 08264-0034,460026.09,4603335.46,2681204,Nitrits
after_2007,0006,0014,F004325,Maresme - 08264-0034,460026.09,4603335.46,3235464,Fosfats
after_2007,0006,0014,F004327,Maresme - 08219-0025,447815,4594140,1671340,Amoni
after_2007,0006,0014,F004327,Maresme - 08219-0025,447815,4594140,1692205,Nitrats
after_2007,0006,0014,F004327,Maresme - 08219-0025,447815,4594140,2681206,Nitrits
after_2007,0006,0014,F004327,Maresme - 08219-0025,447815,4594140,3229605,Fosfats
after_2007,0006,0014,F004328,Maresme - 08118-0016,442059.99,4593334.58,1671341,Amoni
after_2007,0006,0014,F004328,Maresme - 08118-0016,442059.99,4593334.58,1692206,Nitrats
after_2007,0006,0014,F004328,Maresme - 08118-0016,442059.99,4593334.58,2681207,Nitrits
after_2007,0006,0014,F004329,Maresme - 08261-0025,476516.16,4609145.34,1671342,Amoni
after_2007,0006,0014,F004329,Maresme - 08261-0025,476516.16,4609145.34,1692207,Nitrats
after_2007,0006,0014,F004329,Maresme - 08261-0025,476516.16,4609145.34,2681208,Nitrits
after_2007,0006,0014,F004329,Maresme - 08261-0025,476516.16,4609145.34,3229606,Fosfats
after_2007,0006,0014,F004330,Maresme - 08193-0017,463816.14,4608225.44,1672839,Amoni
after_2007,0006,0014,F004330,Maresme - 08193-0017,463816.14,4608225.44,1693704,Nitrats
after_2007,0006,0014,F004330,Maresme - 08193-0017,463816.14,4608225.44,2682705,Nitrits
after_2007,0006,0014,F004330,Maresme - 08193-0017,463816.14,4608225.44,3114288,Fosfats
after_2007,0006,0014,F004332,Maresme - 08009-0028,450031.06,4600546.53,1671344,Amoni
after_2007,0006,0014,F004332,Maresme - 08009-0028,450031.06,4600546.53,1692209,Nitrats
after_2007,0006,0014,F004332,Maresme - 08009-0028,450031.06,4600546.53,2681210,Nitrits
after_2007,0006,0014,F004332,Maresme - 08009-0028,450031.06,4600546.53,3234797,Fosfats
after_2007,0006,0014,F004333,Maresme - 08009-0039,450061.06,4601211.53,1671345,Amoni
after_2007,0006,0014,F004333,Maresme - 08009-0039,450061.06,4601211.53,1692210,Nitrats
after_2007,0006,0014,F004333,Maresme - 08009-0039,450061.06,4601211.53,2681211,Nitrits
after_2007,0006,0014,F004334,Maresme - 08193-0012,462706.15,4609795.45,1671346,Amoni
after_2007,0006,0014,F004334,Maresme - 08193-0012,462706.15,4609795.45,1692211,Nitrats
after_2007,0006,0014,F004334,Maresme - 08193-0012,462706.15,4609795.45,2681212,Nitrits
after_2007,0006,0014,F004334,Maresme - 08193-0012,462706.15,4609795.45,3113581,Fosfats
after_2007,0006,0014,F004338,Maresme - 08264-0019,459486.08,4601722.46,1671350,Amoni
after_2007,0006,0014,F004338,Maresme - 08264-0019,459486.08,4601722.46,1692215,Nitrats
after_2007,0006,0014,F004338,Maresme - 08264-0019,459486.08,4601722.46,2681216,Nitrits
after_2007,0006,0014,F004338,Maresme - 08264-0019,459486.08,4601722.46,3235463,Fosfats
after_2007,0006,0014,F004340,Maresme - 08035-0015,471081.15,4607995.38,1671351,Amoni
after_2007,0006,0014,F004340,Maresme - 08035-0015,471081.15,4607995.38,1692216,Nitrats
after_2007,0006,0014,F004340,Maresme - 08035-0015,471081.15,4607995.38,2681217,Nitrits
after_2007,0006,0014,F004340,Maresme - 08035-0015,471081.15,4607995.38,3273686,Fosfats
after_2007,0006,0014,F004342,Maresme - 08040-0017,464032.11,4605044.43,1671352,Amoni
after_2007,0006,0014,F004342,Maresme - 08040-0017,464032.11,4605044.43,1692217,Nitrats
after_2007,0006,0014,F004342,Maresme - 08040-0017,464032.11,4605044.43,2681218,Nitrits
after_2007,0006,0014,F004342,Maresme - 08040-0017,464032.11,4605044.43,3229595,Fosfats
after_2007,0006,0014,F004343,Maresme - 08007-0064,461875.11,4604511.45,1671353,Amoni
after_2007,0006,0014,F004343,Maresme - 08007-0064,461875.11,4604511.45,1692218,Nitrats
after_2007,0006,0014,F004343,Maresme - 08007-0064,461875.11,4604511.45,2681219,Nitrits
after_2007,0006,0014,F004343,Maresme - 08007-0064,461875.11,4604511.45,3234794,Fosfats
after_2007,0006,0014,F004344,Maresme - 08007-0053,460678.12,4607196.46,1671354,Amoni
after_2007,0006,0014,F004344,Maresme - 08007-0053,460678.12,4607196.46,1692219,Nitrats
after_2007,0006,0014,F004344,Maresme - 08007-0053,460678.12,4607196.46,2681220,Nitrits
after_2007,0006,0014,F004344,Maresme - 08007-0053,460678.12,4607196.46,3234793,Fosfats
after_2007,0006,0014,F004345,Maresme - 08007-0068,460441.12,4607210.46,1671355,Amoni
after_2007,0006,0014,F004345,Maresme - 08007-0068,460441.12,4607210.46,1692220,Nitrats
after_2007,0006,0014,F004345,Maresme - 08007-0068,460441.12,4607210.46,2681221,Nitrits
after_2007,0006,0014,F004345,Maresme - 08007-0068,460441.12,4607210.46,3234795,Fosfats
after_2007,0006,0014,F004346,Maresme - 08264-0025,459336,4601709,1671356,Amoni
after_2007,0006,0014,F004346,Maresme - 08264-0025,459336,4601709,1692221,Nitrats
after_2007,0006,0014,F004346,Maresme - 08264-0025,459336,4601709,2681222,Nitrits
after_2007,0006,0014,F004346,Maresme - 08264-0025,459336,4601709,3234885,Fosfats
after_2007,0006,0014,F004354,Maresme - 08219-0005,449206.01,4595107.53,1671364,Amoni
after_2007,0006,0014,F004354,Maresme - 08219-0005,449206.01,4595107.53,1692229,Nitrats
after_2007,0006,0014,F004354,Maresme - 08219-0005,449206.01,4595107.53,2681230,Nitrits
after_2007,0006,0014,F004354,Maresme - 08219-0005,449206.01,4595107.53,3231338,Fosfats
after_2007,0006,0014,F004356,Maresme - 08009-0030,449442.07,4601950.54,1671366,Amoni
after_2007,0006,0014,F004356,Maresme - 08009-0030,449442.07,4601950.54,1692231,Nitrats
after_2007,0006,0014,F004356,Maresme - 08009-0030,449442.07,4601950.54,2681232,Nitrits
after_2007,0006,0014,F004358,Maresme - 08009-0040,449432.07,4601950.54,1671368,Amoni
after_2007,0006,0014,F004358,Maresme - 08009-0040,449432.07,4601950.54,1692233,Nitrats
after_2007,0006,0014,F004358,Maresme - 08009-0040,449432.07,4601950.54,2681234,Nitrits
after_2007,0006,0014,F004369,Carme-Capellades - 08028-0002,390332,4596935,1671378,Amoni
after_2007,0006,0014,F004369,Carme-Capellades - 08028-0002,390332,4596935,1692243,Nitrats
after_2007,0006,0014,F004369,Carme-Capellades - 08028-0002,390332,4596935,2681244,Nitrits
after_2007,0006,0014,F004369,Carme-Capellades - 08028-0002,390332,4596935,3055614,Amoni
after_2007,0006,0014,F004369,Carme-Capellades - 08028-0002,390332,4596935,3055620,Nitrats
after_2007,0006,0014,F004369,Carme-Capellades - 08028-0002,390332,4596935,3055621,Nitrits
after_2007,0006,0014,F004369,Carme-Capellades - 08028-0002,390332,4596935,3234802,Fosfats
after_2007,0006,0014,F004379,Detrític neogen del Penedès - 08288-0005,379289.82,4583537.04,1671388,Amoni
after_2007,0006,0014,F004379,Detrític neogen del Penedès - 08288-0005,379289.82,4583537.04,1692253,Nitrats
after_2007,0006,0014,F004379,Detrític neogen del Penedès - 08288-0005,379289.82,4583537.04,2681254,Nitrits
after_2007,0006,0014,F004379,Detrític neogen del Penedès - 08288-0005,379289.82,4583537.04,4433516,Fosfats
after_2007,0006,0014,F004383,Carme-Capellades - 08104-0002,376851,4592883,1671392,Amoni
after_2007,0006,0014,F004383,Carme-Capellades - 08104-0002,376851,4592883,1692257,Nitrats
after_2007,0006,0014,F004383,Carme-Capellades - 08104-0002,376851,4592883,2681258,Nitrits
after_2007,0006,0014,F004383,Carme-Capellades - 08104-0002,376851,4592883,4167531,Fosfats
after_2007,0006,0014,F004388,Carme-Capellades - 08152-0007,380884,4597636,1671396,Amoni
after_2007,0006,0014,F004388,Carme-Capellades - 08152-0007,380884,4597636,1692261,Nitrats
after_2007,0006,0014,F004388,Carme-Capellades - 08152-0007,380884,4597636,2681262,Nitrits
after_2007,0006,0014,F004388,Carme-Capellades - 08152-0007,380884,4597636,3055564,Amoni
after_2007,0006,0014,F004388,Carme-Capellades - 08152-0007,380884,4597636,3055570,Nitrats
after_2007,0006,0014,F004388,Carme-Capellades - 08152-0007,380884,4597636,3055571,Nitrits
after_2007,0006,0014,F004388,Carme-Capellades - 08152-0007,380884,4597636,3234830,Fosfats
after_2007,0006,0014,F004389,Calcàries de l'Alt Foix-Gaià - 08168-0004,375164,4586748,1671397,Amoni
after_2007,0006,0014,F004389,Calcàries de l'Alt Foix-Gaià - 08168-0004,375164,4586748,1692262,Nitrats
after_2007,0006,0014,F004389,Calcàries de l'Alt Foix-Gaià - 08168-0004,375164,4586748,2681263,Nitrits
after_2007,0006,0014,F004389,Calcàries de l'Alt Foix-Gaià - 08168-0004,375164,4586748,4042134,Fosfats
after_2007,0006,0014,F004391,Carme-Capellades - 08122-0014,383838.6,4593006,1671399,Amoni
after_2007,0006,0014,F004391,Carme-Capellades - 08122-0014,383838.6,4593006,1692264,Nitrats
after_2007,0006,0014,F004391,Carme-Capellades - 08122-0014,383838.6,4593006,2681265,Nitrits
after_2007,0006,0014,F004391,Carme-Capellades - 08122-0014,383838.6,4593006,4166396,Fosfats
after_2007,0006,0014,F004395,Carme-Capellades - 08236-0003,387646.89,4591234.99,1671403,Amoni
after_2007,0006,0014,F004395,Carme-Capellades - 08236-0003,387646.89,4591234.99,1692268,Nitrats
after_2007,0006,0014,F004395,Carme-Capellades - 08236-0003,387646.89,4591234.99,2681269,Nitrits
after_2007,0006,0014,F004395,Carme-Capellades - 08236-0003,387646.89,4591234.99,3234884,Fosfats
after_2007,0006,0014,F004400,Carme-Capellades - 08286-0013,388287,4598460,1671408,Amoni
after_2007,0006,0014,F004400,Carme-Capellades - 08286-0013,388287,4598460,1692273,Nitrats
after_2007,0006,0014,F004400,Carme-Capellades - 08286-0013,388287,4598460,2681274,Nitrits
after_2007,0006,0014,F004400,Carme-Capellades - 08286-0013,388287,4598460,3234888,Fosfats
after_2007,0006,0014,F004402,Carme-Capellades - 08104-0013,376860.89,4592881.08,1671410,Amoni
after_2007,0006,0014,F004402,Carme-Capellades - 08104-0013,376860.89,4592881.08,1692275,Nitrats
after_2007,0006,0014,F004402,Carme-Capellades - 08104-0013,376860.89,4592881.08,2681276,Nitrits
after_2007,0006,0014,F004402,Carme-Capellades - 08104-0013,376860.89,4592881.08,4043516,Fosfats
after_2007,0006,0014,F004420,Detrític neogen del Penedès - 08287-0023,393594.89,4589971.94,1671425,Amoni
after_2007,0006,0014,F004420,Detrític neogen del Penedès - 08287-0023,393594.89,4589971.94,1692290,Nitrats
after_2007,0006,0014,F004420,Detrític neogen del Penedès - 08287-0023,393594.89,4589971.94,2681291,Nitrits
after_2007,0006,0014,F004420,Detrític neogen del Penedès - 08287-0023,393594.89,4589971.94,4468366,Fosfats
after_2007,0006,0014,F004424,Sorres de Santa Oliva - 43020-0059,380588.72,4569971.01,1667256,Fosfats
after_2007,0006,0014,F004424,Sorres de Santa Oliva - 43020-0059,380588.72,4569971.01,1671429,Amoni
after_2007,0006,0014,F004424,Sorres de Santa Oliva - 43020-0059,380588.72,4569971.01,1692294,Nitrats
after_2007,0006,0014,F004424,Sorres de Santa Oliva - 43020-0059,380588.72,4569971.01,2681295,Nitrits
after_2007,0006,0014,F004428,Sorres de Santa Oliva - 43020-0069,379046.71,4569719.02,1669103,Fosfats
after_2007,0006,0014,F004428,Sorres de Santa Oliva - 43020-0069,379046.71,4569719.02,1673276,Amoni
after_2007,0006,0014,F004428,Sorres de Santa Oliva - 43020-0069,379046.71,4569719.02,1694141,Nitrats
after_2007,0006,0014,F004428,Sorres de Santa Oliva - 43020-0069,379046.71,4569719.02,2683142,Nitrits
after_2007,0006,0014,F004429,Sorres de Santa Oliva - 43020-0054,380305.72,4569886.01,1671917,Amoni
after_2007,0006,0014,F004429,Sorres de Santa Oliva - 43020-0054,380305.72,4569886.01,1692782,Nitrats
after_2007,0006,0014,F004429,Sorres de Santa Oliva - 43020-0054,380305.72,4569886.01,2681783,Nitrits
after_2007,0006,0014,F004429,Sorres de Santa Oliva - 43020-0054,380305.72,4569886.01,3115240,Fosfats
after_2007,0006,0014,F004430,Sorres de Santa Oliva - 43020-0052,380645.72,4569921.01,1671918,Amoni
after_2007,0006,0014,F004430,Sorres de Santa Oliva - 43020-0052,380645.72,4569921.01,1692783,Nitrats
after_2007,0006,0014,F004430,Sorres de Santa Oliva - 43020-0052,380645.72,4569921.01,2681784,Nitrits
after_2007,0006,0014,F004430,Sorres de Santa Oliva - 43020-0052,380645.72,4569921.01,3115230,Fosfats
after_2007,0006,0014,F004431,Garraf - 43024-0035,380415.69,4566301.51,1667746,Fosfats
after_2007,0006,0014,F004431,Garraf - 43024-0035,380415.69,4566301.51,1671919,Amoni
after_2007,0006,0014,F004431,Garraf - 43024-0035,380415.69,4566301.51,1692784,Nitrats
after_2007,0006,0014,F004431,Garraf - 43024-0035,380415.69,4566301.51,2681785,Nitrits
after_2007,0006,0014,F004432,Sorres de Santa Oliva - 43024-0069,380425.69,4566396.01,1667747,Fosfats
after_2007,0006,0014,F004432,Sorres de Santa Oliva - 43024-0069,380425.69,4566396.01,1671920,Amoni
after_2007,0006,0014,F004432,Sorres de Santa Oliva - 43024-0069,380425.69,4566396.01,1692785,Nitrats
after_2007,0006,0014,F004432,Sorres de Santa Oliva - 43024-0069,380425.69,4566396.01,2681786,Nitrits
after_2007,0006,0014,F004435,Sorres de Santa Oliva - 43028-0029,373113,4571100,1667750,Fosfats
after_2007,0006,0014,F004435,Sorres de Santa Oliva - 43028-0029,373113,4571100,1671923,Amoni
after_2007,0006,0014,F004435,Sorres de Santa Oliva - 43028-0029,373113,4571100,1692788,Nitrats
after_2007,0006,0014,F004435,Sorres de Santa Oliva - 43028-0029,373113,4571100,2681789,Nitrits
after_2007,0006,0014,F004436,Sorres de Santa Oliva - 43074-0052,378655.73,4571496.03,1671924,Amoni
after_2007,0006,0014,F004436,Sorres de Santa Oliva - 43074-0052,378655.73,4571496.03,1692789,Nitrats
after_2007,0006,0014,F004436,Sorres de Santa Oliva - 43074-0052,378655.73,4571496.03,2681790,Nitrits
after_2007,0006,0014,F004436,Sorres de Santa Oliva - 43074-0052,378655.73,4571496.03,3115241,Fosfats
after_2007,0006,0014,F004437,Sorres de Santa Oliva - 43074-0056,378338.73,4571725.03,1667752,Fosfats
after_2007,0006,0014,F004437,Sorres de Santa Oliva - 43074-0056,378338.73,4571725.03,1671925,Amoni
after_2007,0006,0014,F004437,Sorres de Santa Oliva - 43074-0056,378338.73,4571725.03,1692790,Nitrats
after_2007,0006,0014,F004437,Sorres de Santa Oliva - 43074-0056,378338.73,4571725.03,2681791,Nitrits
after_2007,0006,0014,F004439,Sorres de Santa Oliva - 43020-0065,380816.72,4570449.01,1667754,Fosfats
after_2007,0006,0014,F004439,Sorres de Santa Oliva - 43020-0065,380816.72,4570449.01,1671927,Amoni
after_2007,0006,0014,F004439,Sorres de Santa Oliva - 43020-0065,380816.72,4570449.01,1692792,Nitrats
after_2007,0006,0014,F004439,Sorres de Santa Oliva - 43020-0065,380816.72,4570449.01,2681793,Nitrits
after_2007,0006,0014,F004441,Detrític neogen del Penedès - 08058-0024,383227.1,4572034.9,1673277,Amoni
after_2007,0006,0014,F004441,Detrític neogen del Penedès - 08058-0024,383227.1,4572034.9,1694142,Nitrats
after_2007,0006,0014,F004441,Detrític neogen del Penedès - 08058-0024,383227.1,4572034.9,2683143,Nitrits
after_2007,0006,0014,F004441,Detrític neogen del Penedès - 08058-0024,383227.1,4572034.9,3115777,Fosfats
after_2007,0006,0014,F004443,Detrític neogen del Penedès - 08066-0008,408094.92,4590788.84,1671930,Amoni
after_2007,0006,0014,F004443,Detrític neogen del Penedès - 08066-0008,408094.92,4590788.84,1692795,Nitrats
after_2007,0006,0014,F004443,Detrític neogen del Penedès - 08066-0008,408094.92,4590788.84,2681796,Nitrits
after_2007,0006,0014,F004443,Detrític neogen del Penedès - 08066-0008,408094.92,4590788.84,3113453,Fosfats
after_2007,0006,0014,F004448,Detrític neogen del Penedès - 08119-0026,402226.95,4596098.89,1671935,Amoni
after_2007,0006,0014,F004448,Detrític neogen del Penedès - 08119-0026,402226.95,4596098.89,1692800,Nitrats
after_2007,0006,0014,F004448,Detrític neogen del Penedès - 08119-0026,402226.95,4596098.89,2681801,Nitrits
after_2007,0006,0014,F004448,Detrític neogen del Penedès - 08119-0026,402226.95,4596098.89,4490542,Fosfats
after_2007,0006,0014,F004452,Detrític neogen del Penedès - 08236-0004,390106.53,4590448.68,1671939,Amoni
after_2007,0006,0014,F004452,Detrític neogen del Penedès - 08236-0004,390106.53,4590448.68,1692804,Nitrats
after_2007,0006,0014,F004452,Detrític neogen del Penedès - 08236-0004,390106.53,4590448.68,2681805,Nitrits
after_2007,0006,0014,F004452,Detrític neogen del Penedès - 08236-0004,390106.53,4590448.68,4468280,Fosfats
after_2007,0006,0014,F004458,Detrític neogen del Penedès - 08161-0008,395911.62,4590789.6,1671945,Amoni
after_2007,0006,0014,F004458,Detrític neogen del Penedès - 08161-0008,395911.62,4590789.6,1692810,Nitrats
after_2007,0006,0014,F004458,Detrític neogen del Penedès - 08161-0008,395911.62,4590789.6,2681811,Nitrits
after_2007,0006,0014,F004458,Detrític neogen del Penedès - 08161-0008,395911.62,4590789.6,3113955,Fosfats
after_2007,0006,0014,F004461,Detrític neogen del Penedès - 08162-0029,399611.2,4599726.8,1673278,Amoni
after_2007,0006,0014,F004461,Detrític neogen del Penedès - 08162-0029,399611.2,4599726.8,1694143,Nitrats
after_2007,0006,0014,F004461,Detrític neogen del Penedès - 08162-0029,399611.2,4599726.8,2683144,Nitrits
after_2007,0006,0014,F004461,Detrític neogen del Penedès - 08162-0029,399611.2,4599726.8,3113840,Fosfats
after_2007,0006,0014,F004465,Sorres de Santa Oliva - 43020-0056,379075.7,4568264.02,1667778,Fosfats
after_2007,0006,0014,F004465,Sorres de Santa Oliva - 43020-0056,379075.7,4568264.02,1671951,Amoni
after_2007,0006,0014,F004465,Sorres de Santa Oliva - 43020-0056,379075.7,4568264.02,1692816,Nitrats
after_2007,0006,0014,F004465,Sorres de Santa Oliva - 43020-0056,379075.7,4568264.02,2681817,Nitrits
after_2007,0006,0014,F004497,Sorres de Santa Oliva - 43140-0078,376211.71,4569384.04,1667807,Fosfats
after_2007,0006,0014,F004497,Sorres de Santa Oliva - 43140-0078,376211.71,4569384.04,1671980,Amoni
after_2007,0006,0014,F004497,Sorres de Santa Oliva - 43140-0078,376211.71,4569384.04,1692845,Nitrats
after_2007,0006,0014,F004497,Sorres de Santa Oliva - 43140-0078,376211.71,4569384.04,2681846,Nitrits
after_2007,0006,0014,F004501,Sorres de Santa Oliva - 43020-0074,378674.71,4569446.03,1667811,Fosfats
after_2007,0006,0014,F004501,Sorres de Santa Oliva - 43020-0074,378674.71,4569446.03,1671984,Amoni
after_2007,0006,0014,F004501,Sorres de Santa Oliva - 43020-0074,378674.71,4569446.03,1692849,Nitrats
after_2007,0006,0014,F004501,Sorres de Santa Oliva - 43020-0074,378674.71,4569446.03,2681850,Nitrits
after_2007,0006,0014,F004546,Sorres de Santa Oliva - 43020-0073,381055.72,4570546.01,1672025,Amoni
after_2007,0006,0014,F004546,Sorres de Santa Oliva - 43020-0073,381055.72,4570546.01,1692890,Nitrats
after_2007,0006,0014,F004546,Sorres de Santa Oliva - 43020-0073,381055.72,4570546.01,2681891,Nitrits
after_2007,0006,0014,F004546,Sorres de Santa Oliva - 43020-0073,381055.72,4570546.01,3115235,Fosfats
after_2007,0006,0014,F004574,Detrític neogen del Penedès - 08065-0003,386580.77,4575165.97,1672051,Amoni
after_2007,0006,0014,F004574,Detrític neogen del Penedès - 08065-0003,386580.77,4575165.97,1692916,Nitrats
after_2007,0006,0014,F004574,Detrític neogen del Penedès - 08065-0003,386580.77,4575165.97,2681917,Nitrits
after_2007,0006,0014,F004574,Detrític neogen del Penedès - 08065-0003,386580.77,4575165.97,3115234,Fosfats
after_2007,0006,0014,F004607,Garraf - 43140-0065,378905,4566450,1672080,Amoni
after_2007,0006,0014,F004607,Garraf - 43140-0065,378905,4566450,1692945,Nitrats
after_2007,0006,0014,F004607,Garraf - 43140-0065,378905,4566450,2681946,Nitrits
after_2007,0006,0014,F004607,Garraf - 43140-0065,378905,4566450,3114756,Fosfats
after_2007,0006,0014,F004633,Garraf - 43140-0082,378837,4566410,1672105,Amoni
after_2007,0006,0014,F004633,Garraf - 43140-0082,378837,4566410,1692970,Nitrats
after_2007,0006,0014,F004633,Garraf - 43140-0082,378837,4566410,2681971,Nitrits
after_2007,0006,0014,F004633,Garraf - 43140-0082,378837,4566410,3114754,Fosfats
after_2007,0006,0014,F004640,Sorres de Santa Oliva - 43074-0063,378170.73,4572061.03,1672112,Amoni
after_2007,0006,0014,F004640,Sorres de Santa Oliva - 43074-0063,378170.73,4572061.03,1692977,Nitrats
after_2007,0006,0014,F004640,Sorres de Santa Oliva - 43074-0063,378170.73,4572061.03,2681978,Nitrits
after_2007,0006,0014,F004640,Sorres de Santa Oliva - 43074-0063,378170.73,4572061.03,3115239,Fosfats
after_2007,0006,0014,F004667,Bloc del Gaià-Bonastre - 43028-0021,371230.72,4571571.09,1672136,Amoni
after_2007,0006,0014,F004667,Bloc del Gaià-Bonastre - 43028-0021,371230.72,4571571.09,1693001,Nitrats
after_2007,0006,0014,F004667,Bloc del Gaià-Bonastre - 43028-0021,371230.72,4571571.09,2682002,Nitrits
after_2007,0006,0014,F004667,Bloc del Gaià-Bonastre - 43028-0021,371230.72,4571571.09,3114749,Fosfats
after_2007,0006,0014,F004673,Garraf - 08231-0023,397205.72,4566895.88,1672142,Amoni
after_2007,0006,0014,F004673,Garraf - 08231-0023,397205.72,4566895.88,1693007,Nitrats
after_2007,0006,0014,F004673,Garraf - 08231-0023,397205.72,4566895.88,2682008,Nitrits
after_2007,0006,0014,F004673,Garraf - 08231-0023,397205.72,4566895.88,4285533,Fosfats
after_2007,0006,0014,F004694,Bloc del Gaià-Bonastre - 08154-0004,388648.8,4578847.96,1672162,Amoni
after_2007,0006,0014,F004694,Bloc del Gaià-Bonastre - 08154-0004,388648.8,4578847.96,1693027,Nitrats
after_2007,0006,0014,F004694,Bloc del Gaià-Bonastre - 08154-0004,388648.8,4578847.96,2682028,Nitrits
after_2007,0006,0014,F004694,Bloc del Gaià-Bonastre - 08154-0004,388648.8,4578847.96,3234831,Fosfats
after_2007,0006,0014,F004707,Garraf - 08270-0020,404613.7,4566791.8,1672174,Amoni
after_2007,0006,0014,F004707,Garraf - 08270-0020,404613.7,4566791.8,1693039,Nitrats
after_2007,0006,0014,F004707,Garraf - 08270-0020,404613.7,4566791.8,2682040,Nitrits
after_2007,0006,0014,F004707,Garraf - 08270-0020,404613.7,4566791.8,3296943,Fosfats
after_2007,0006,0014,F004718,Garraf - 08270-0023,405068.7,4567422.8,3387777,Nitrats
after_2007,0006,0014,F004718,Garraf - 08270-0023,405068.7,4567422.8,4583276,Fosfats
after_2007,0006,0014,F004718,Garraf - 08270-0023,405068.7,4567422.8,4583277,Amoni
after_2007,0006,0014,F004718,Garraf - 08270-0023,405068.7,4567422.8,4583353,Nitrits
after_2007,0006,0014,F004718,Garraf - 08270-0023,405068.7,4567422.8,4585830,Nitrats
after_2007,0006,0014,F004719,Bloc del Gaià-Bonastre - 08227-0012,384950.81,4580961,1672186,Amoni
after_2007,0006,0014,F004719,Bloc del Gaià-Bonastre - 08227-0012,384950.81,4580961,1693051,Nitrats
after_2007,0006,0014,F004719,Bloc del Gaià-Bonastre - 08227-0012,384950.81,4580961,2682052,Nitrits
after_2007,0006,0014,F004719,Bloc del Gaià-Bonastre - 08227-0012,384950.81,4580961,3234883,Fosfats
after_2007,0006,0014,F004731,Bloc del Gaià-Bonastre - 43122-0015,360413,4564191,1672851,Amoni
after_2007,0006,0014,F004731,Bloc del Gaià-Bonastre - 43122-0015,360413,4564191,1693716,Nitrats
after_2007,0006,0014,F004731,Bloc del Gaià-Bonastre - 43122-0015,360413,4564191,2682717,Nitrits
after_2007,0006,0014,F004731,Bloc del Gaià-Bonastre - 43122-0015,360413,4564191,3232326,Fosfats
after_2007,0006,0014,F004773,Bloc del Gaià-Bonastre - 43050-0004,367465.63,4561595.1,3047101,Nitrits
after_2007,0006,0014,F004773,Bloc del Gaià-Bonastre - 43050-0004,367465.63,4561595.1,3047102,Nitrats
after_2007,0006,0014,F004773,Bloc del Gaià-Bonastre - 43050-0004,367465.63,4561595.1,3047125,Amoni
after_2007,0006,0014,F004773,Bloc del Gaià-Bonastre - 43050-0004,367465.63,4561595.1,3308492,Fosfats
after_2007,0006,0014,F004811,Bloc del Gaià-Bonastre - 43135-0003,361810.65,4565121.15,1671715,Amoni
after_2007,0006,0014,F004811,Bloc del Gaià-Bonastre - 43135-0003,361810.65,4565121.15,1692580,Nitrats
after_2007,0006,0014,F004811,Bloc del Gaià-Bonastre - 43135-0003,361810.65,4565121.15,2681581,Nitrits
after_2007,0006,0014,F004811,Bloc del Gaià-Bonastre - 43135-0003,361810.65,4565121.15,3308495,Fosfats
after_2007,0006,0014,F004816,Bloc del Gaià-Bonastre - 43079-0005,369133.69,4568345.1,1671719,Amoni
after_2007,0006,0014,F004816,Bloc del Gaià-Bonastre - 43079-0005,369133.69,4568345.1,1692584,Nitrats
after_2007,0006,0014,F004816,Bloc del Gaià-Bonastre - 43079-0005,369133.69,4568345.1,2681585,Nitrits
after_2007,0006,0014,F004816,Bloc del Gaià-Bonastre - 43079-0005,369133.69,4568345.1,3232325,Fosfats
after_2007,0006,0014,F004827,Bloc del Gaià-Bonastre - 43030-0020,369571,4563257,1671730,Amoni
after_2007,0006,0014,F004827,Bloc del Gaià-Bonastre - 43030-0020,369571,4563257,1692595,Nitrats
after_2007,0006,0014,F004827,Bloc del Gaià-Bonastre - 43030-0020,369571,4563257,2681596,Nitrits
after_2007,0006,0014,F004827,Bloc del Gaià-Bonastre - 43030-0020,369571,4563257,3234906,Fosfats
after_2007,0006,0014,F004853,Baix Camp - 43129-0135,336074,4556206,1671755,Amoni
after_2007,0006,0014,F004853,Baix Camp - 43129-0135,336074,4556206,1692620,Nitrats
after_2007,0006,0014,F004853,Baix Camp - 43129-0135,336074,4556206,2681621,Nitrits
after_2007,0006,0014,F004853,Baix Camp - 43129-0135,336074,4556206,3114000,Fosfats
after_2007,0006,0014,F004857,Alt Camp - 43098-0022,356126,4567746,1671758,Amoni
after_2007,0006,0014,F004857,Alt Camp - 43098-0022,356126,4567746,1692623,Nitrats
after_2007,0006,0014,F004857,Alt Camp - 43098-0022,356126,4567746,2681624,Nitrits
after_2007,0006,0014,F004857,Alt Camp - 43098-0022,356126,4567746,3113997,Fosfats
after_2007,0006,0014,F004858,Calcàries de l'Alt Foix-Gaià - 43113-0004,363335.79,4582916.16,1671759,Amoni
after_2007,0006,0014,F004858,Calcàries de l'Alt Foix-Gaià - 43113-0004,363335.79,4582916.16,1692624,Nitrats
after_2007,0006,0014,F004858,Calcàries de l'Alt Foix-Gaià - 43113-0004,363335.79,4582916.16,2681625,Nitrits
after_2007,0006,0014,F004879,Bloc del Gaià-Bonastre - 43137-0031,378003.75,4575059.04,1671778,Amoni
after_2007,0006,0014,F004879,Bloc del Gaià-Bonastre - 43137-0031,378003.75,4575059.04,1692643,Nitrats
after_2007,0006,0014,F004879,Bloc del Gaià-Bonastre - 43137-0031,378003.75,4575059.04,2681644,Nitrits
after_2007,0006,0014,F004879,Bloc del Gaià-Bonastre - 43137-0031,378003.75,4575059.04,3115781,Fosfats
after_2007,0006,0014,F004894,Baix Camp - 43005-0083,348972.67,4569830.25,1671792,Amoni
after_2007,0006,0014,F004894,Baix Camp - 43005-0083,348972.67,4569830.25,1692657,Nitrats
after_2007,0006,0014,F004894,Baix Camp - 43005-0083,348972.67,4569830.25,2681658,Nitrits
after_2007,0006,0014,F004894,Baix Camp - 43005-0083,348972.67,4569830.25,3231566,Fosfats
after_2007,0006,0014,F004899,Cadí-Port del Comte - 25185-0008,365209.24,4682104.1,1671796,Amoni
after_2007,0006,0014,F004899,Cadí-Port del Comte - 25185-0008,365209.24,4682104.1,1692661,Nitrats
after_2007,0006,0014,F004899,Cadí-Port del Comte - 25185-0008,365209.24,4682104.1,2681662,Nitrits
after_2007,0006,0014,F004899,Cadí-Port del Comte - 25185-0008,365209.24,4682104.1,3155721,Fosfats
after_2007,0006,0014,F004905,Llaberia - Prades meridional - 43031-0006,332452,4561160,1671802,Amoni
after_2007,0006,0014,F004905,Llaberia - Prades meridional - 43031-0006,332452,4561160,1692667,Nitrats
after_2007,0006,0014,F004905,Llaberia - Prades meridional - 43031-0006,332452,4561160,2681668,Nitrits
after_2007,0006,0014,F004905,Llaberia - Prades meridional - 43031-0006,332452,4561160,3231607,Fosfats
after_2007,0006,0014,F004918,Baix Camp - 43047-0030,347173.58,4558266.25,1671814,Amoni
after_2007,0006,0014,F004918,Baix Camp - 43047-0030,347173.58,4558266.25,1692679,Nitrats
after_2007,0006,0014,F004918,Baix Camp - 43047-0030,347173.58,4558266.25,2681680,Nitrits
after_2007,0006,0014,F004918,Baix Camp - 43047-0030,347173.58,4558266.25,3231798,Fosfats
after_2007,0006,0014,F004934,Baix Francolí - 43171-0055,347117,4550454,1671829,Amoni
after_2007,0006,0014,F004934,Baix Francolí - 43171-0055,347117,4550454,1692694,Nitrats
after_2007,0006,0014,F004934,Baix Francolí - 43171-0055,347117,4550454,2681695,Nitrits
after_2007,0006,0014,F004934,Baix Francolí - 43171-0055,347117,4550454,3235011,Fosfats
after_2007,0006,0014,F004938,Baix Camp - 43145-0017,343939,4563462,1671833,Amoni
after_2007,0006,0014,F004938,Baix Camp - 43145-0017,343939,4563462,1692698,Nitrats
after_2007,0006,0014,F004938,Baix Camp - 43145-0017,343939,4563462,2681699,Nitrits
after_2007,0006,0014,F004938,Baix Camp - 43145-0017,343939,4563462,3232327,Fosfats
after_2007,0006,0014,F004939,Baix Camp - 43145-0026,346422.6,4561850.26,1671834,Amoni
after_2007,0006,0014,F004939,Baix Camp - 43145-0026,346422.6,4561850.26,1692699,Nitrats
after_2007,0006,0014,F004939,Baix Camp - 43145-0026,346422.6,4561850.26,2681700,Nitrits
after_2007,0006,0014,F004939,Baix Camp - 43145-0026,346422.6,4561850.26,3232329,Fosfats
after_2007,0006,0014,F004940,Baix Camp - 43005-0084,346651.64,4566747.26,1671835,Amoni
after_2007,0006,0014,F004940,Baix Camp - 43005-0084,346651.64,4566747.26,1692700,Nitrats
after_2007,0006,0014,F004940,Baix Camp - 43005-0084,346651.64,4566747.26,2681701,Nitrits
after_2007,0006,0014,F004940,Baix Camp - 43005-0084,346651.64,4566747.26,3307796,Fosfats
after_2007,0006,0014,F004941,Baix Camp - 43161-0148,351040.66,4568531.23,1671836,Amoni
after_2007,0006,0014,F004941,Baix Camp - 43161-0148,351040.66,4568531.23,1692701,Nitrats
after_2007,0006,0014,F004941,Baix Camp - 43161-0148,351040.66,4568531.23,2681702,Nitrits
after_2007,0006,0014,F004941,Baix Camp - 43161-0148,351040.66,4568531.23,3232330,Fosfats
after_2007,0006,0014,F004942,Baix Camp - 43005-0067,347866.65,4568051.26,1671837,Amoni
after_2007,0006,0014,F004942,Baix Camp - 43005-0067,347866.65,4568051.26,1692702,Nitrats
after_2007,0006,0014,F004942,Baix Camp - 43005-0067,347866.65,4568051.26,2681703,Nitrits
after_2007,0006,0014,F004942,Baix Camp - 43005-0067,347866.65,4568051.26,3231565,Fosfats
after_2007,0006,0014,F004944,Alt Camp - 43161-0137,355705,4573692,1671839,Amoni
after_2007,0006,0014,F004944,Alt Camp - 43161-0137,355705,4573692,1692704,Nitrats
after_2007,0006,0014,F004944,Alt Camp - 43161-0137,355705,4573692,2681705,Nitrits
after_2007,0006,0014,F004944,Alt Camp - 43161-0137,355705,4573692,3114003,Fosfats
after_2007,0006,0014,F004945,Alt Camp - 43160-0042,353956,4568656,1671840,Amoni
after_2007,0006,0014,F004945,Alt Camp - 43160-0042,353956,4568656,1692705,Nitrats
after_2007,0006,0014,F004945,Alt Camp - 43160-0042,353956,4568656,2681706,Nitrits
after_2007,0006,0014,F004945,Alt Camp - 43160-0042,353956,4568656,3114016,Fosfats
after_2007,0006,0014,F004946,Alt Camp - 43160-0046,353355.66,4567796.22,1672859,Amoni
after_2007,0006,0014,F004946,Alt Camp - 43160-0046,353355.66,4567796.22,1693724,Nitrats
after_2007,0006,0014,F004946,Alt Camp - 43160-0046,353355.66,4567796.22,2682725,Nitrits
after_2007,0006,0014,F004946,Alt Camp - 43160-0046,353355.66,4567796.22,4289746,Fosfats
after_2007,0006,0014,F004947,Alt Camp - 43160-0048,353215.66,4567521.22,1671841,Amoni
after_2007,0006,0014,F004947,Alt Camp - 43160-0048,353215.66,4567521.22,1692706,Nitrats
after_2007,0006,0014,F004947,Alt Camp - 43160-0048,353215.66,4567521.22,2681707,Nitrits
after_2007,0006,0014,F004947,Alt Camp - 43160-0048,353215.66,4567521.22,3114018,Fosfats
after_2007,0006,0014,F004952,Alt Camp - 43161-0178,354856,4575176,1671845,Amoni
after_2007,0006,0014,F004952,Alt Camp - 43161-0178,354856,4575176,1692710,Nitrats
after_2007,0006,0014,F004952,Alt Camp - 43161-0178,354856,4575176,2681711,Nitrits
after_2007,0006,0014,F004952,Alt Camp - 43161-0178,354856,4575176,3114006,Fosfats
after_2007,0006,0014,F004955,Alt Camp - 43161-0145,353850,4572752,1671848,Amoni
after_2007,0006,0014,F004955,Alt Camp - 43161-0145,353850,4572752,1692713,Nitrats
after_2007,0006,0014,F004955,Alt Camp - 43161-0145,353850,4572752,2681714,Nitrits
after_2007,0006,0014,F004955,Alt Camp - 43161-0145,353850,4572752,3114005,Fosfats
after_2007,0006,0014,F004956,Alt Camp - 43161-0129,353641,4572682,1671849,Amoni
after_2007,0006,0014,F004956,Alt Camp - 43161-0129,353641,4572682,1692714,Nitrats
after_2007,0006,0014,F004956,Alt Camp - 43161-0129,353641,4572682,2681715,Nitrits
after_2007,0006,0014,F004956,Alt Camp - 43161-0129,353641,4572682,3114019,Fosfats
after_2007,0006,0014,F004959,Baix Camp - 43007-0110,336321,4560703,1671851,Amoni
after_2007,0006,0014,F004959,Baix Camp - 43007-0110,336321,4560703,1692716,Nitrats
after_2007,0006,0014,F004959,Baix Camp - 43007-0110,336321,4560703,2681717,Nitrits
after_2007,0006,0014,F004972,Alt Camp - 43161-0136,355482,4573110,1671862,Amoni
after_2007,0006,0014,F004972,Alt Camp - 43161-0136,355482,4573110,1692727,Nitrats
after_2007,0006,0014,F004972,Alt Camp - 43161-0136,355482,4573110,2681728,Nitrits
after_2007,0006,0014,F004972,Alt Camp - 43161-0136,355482,4573110,3114002,Fosfats
after_2007,0006,0014,F004973,Baix Camp - 43095-0012,349530.61,4561646.23,1671863,Amoni
after_2007,0006,0014,F004973,Baix Camp - 43095-0012,349530.61,4561646.23,1692728,Nitrats
after_2007,0006,0014,F004973,Baix Camp - 43095-0012,349530.61,4561646.23,2681729,Nitrits
after_2007,0006,0014,F004973,Baix Camp - 43095-0012,349530.61,4561646.23,3231802,Fosfats
after_2007,0006,0014,F004978,Alt Camp - 43108-0043,358026,4581526,1671867,Amoni
after_2007,0006,0014,F004978,Alt Camp - 43108-0043,358026,4581526,1692732,Nitrats
after_2007,0006,0014,F004978,Alt Camp - 43108-0043,358026,4581526,2681733,Nitrits
after_2007,0006,0014,F004978,Alt Camp - 43108-0043,358026,4581526,3231804,Fosfats
after_2007,0006,0014,F004981,Baix Camp - 43092-0136,328505,4550646,1671870,Amoni
after_2007,0006,0014,F004981,Baix Camp - 43092-0136,328505,4550646,1692735,Nitrats
after_2007,0006,0014,F004981,Baix Camp - 43092-0136,328505,4550646,2681736,Nitrits
after_2007,0006,0014,F004981,Baix Camp - 43092-0136,328505,4550646,3113475,Fosfats
after_2007,0006,0014,F004984,Baix Camp - 43092-0137,329561,4548457,1671873,Amoni
after_2007,0006,0014,F004984,Baix Camp - 43092-0137,329561,4548457,1692738,Nitrats
after_2007,0006,0014,F004984,Baix Camp - 43092-0137,329561,4548457,2681739,Nitrits
after_2007,0006,0014,F004984,Baix Camp - 43092-0137,329561,4548457,3113476,Fosfats
after_2007,0006,0014,F004985,Baix Camp - 43092-0128,332105,4546190,1671874,Amoni
after_2007,0006,0014,F004985,Baix Camp - 43092-0128,332105,4546190,1692739,Nitrats
after_2007,0006,0014,F004985,Baix Camp - 43092-0128,332105,4546190,2681740,Nitrits
after_2007,0006,0014,F004985,Baix Camp - 43092-0128,332105,4546190,3113472,Fosfats
after_2007,0006,0014,F004986,Alt Camp - 43160-0047,353505.66,4568046.21,1671875,Amoni
after_2007,0006,0014,F004986,Alt Camp - 43160-0047,353505.66,4568046.21,1692740,Nitrats
after_2007,0006,0014,F004986,Alt Camp - 43160-0047,353505.66,4568046.21,2681741,Nitrits
after_2007,0006,0014,F004986,Alt Camp - 43160-0047,353505.66,4568046.21,3114017,Fosfats
after_2007,0006,0014,F004995,Baix Francolí - 43148-0006,350321,4552467,1671884,Amoni
after_2007,0006,0014,F004995,Baix Francolí - 43148-0006,350321,4552467,1692749,Nitrats
after_2007,0006,0014,F004995,Baix Francolí - 43148-0006,350321,4552467,2681750,Nitrits
after_2007,0006,0014,F004995,Baix Francolí - 43148-0006,350321,4552467,3235515,Fosfats
after_2007,0006,0014,F005005,Bloc del Gaià-Bonastre - 43137-0009,376395.93,4572782.75,1671893,Amoni
after_2007,0006,0014,F005005,Bloc del Gaià-Bonastre - 43137-0009,376395.93,4572782.75,1692758,Nitrats
after_2007,0006,0014,F005005,Bloc del Gaià-Bonastre - 43137-0009,376395.93,4572782.75,2681759,Nitrits
after_2007,0006,0014,F005005,Bloc del Gaià-Bonastre - 43137-0009,376395.93,4572782.75,3115776,Fosfats
after_2007,0006,0014,F005006,Baix Gaià - 43103-0020,353899,4561532,1671894,Amoni
after_2007,0006,0014,F005006,Baix Gaià - 43103-0020,353899,4561532,1692759,Nitrats
after_2007,0006,0014,F005006,Baix Gaià - 43103-0020,353899,4561532,2681760,Nitrits
after_2007,0006,0014,F005006,Baix Gaià - 43103-0020,353899,4561532,3279249,Fosfats
after_2007,0006,0014,F005007,Baix Camp - 43109-0015,349068.6,4561284.24,1671895,Amoni
after_2007,0006,0014,F005007,Baix Camp - 43109-0015,349068.6,4561284.24,1692760,Nitrats
after_2007,0006,0014,F005007,Baix Camp - 43109-0015,349068.6,4561284.24,2681761,Nitrits
after_2007,0006,0014,F005007,Baix Camp - 43109-0015,349068.6,4561284.24,3279250,Fosfats
after_2007,0006,0014,F005009,Alt Camp - 43066-0002,352959.62,4563350.21,1671897,Amoni
after_2007,0006,0014,F005009,Alt Camp - 43066-0002,352959.62,4563350.21,1692762,Nitrats
after_2007,0006,0014,F005009,Alt Camp - 43066-0002,352959.62,4563350.21,2681763,Nitrits
after_2007,0006,0014,F005009,Alt Camp - 43066-0002,352959.62,4563350.21,3114009,Fosfats
after_2007,0006,0014,F005010,Baix Gaià - 43144-0005,355739,4561497,1671898,Amoni
after_2007,0006,0014,F005010,Baix Gaià - 43144-0005,355739,4561497,1692763,Nitrats
after_2007,0006,0014,F005010,Baix Gaià - 43144-0005,355739,4561497,2681764,Nitrits
after_2007,0006,0014,F005010,Baix Gaià - 43144-0005,355739,4561497,3231809,Fosfats
after_2007,0006,0014,F005011,Sorres de Santa Oliva - 43137-0007,378882.74,4573244.03,1671899,Amoni
after_2007,0006,0014,F005011,Sorres de Santa Oliva - 43137-0007,378882.74,4573244.03,1692764,Nitrats
after_2007,0006,0014,F005011,Sorres de Santa Oliva - 43137-0007,378882.74,4573244.03,2681765,Nitrits
after_2007,0006,0014,F005011,Sorres de Santa Oliva - 43137-0007,378882.74,4573244.03,3115775,Fosfats
after_2007,0006,0014,F005013,Alt Camp - 43010-0016,357904.71,4573906.19,1671901,Amoni
after_2007,0006,0014,F005013,Alt Camp - 43010-0016,357904.71,4573906.19,1692766,Nitrats
after_2007,0006,0014,F005013,Alt Camp - 43010-0016,357904.71,4573906.19,2681767,Nitrits
after_2007,0006,0014,F005013,Alt Camp - 43010-0016,357904.71,4573906.19,3113990,Fosfats
after_2007,0006,0014,F005015,Baix Camp - 43092-0142,328723,4544392,1671903,Amoni
after_2007,0006,0014,F005015,Baix Camp - 43092-0142,328723,4544392,1692768,Nitrats
after_2007,0006,0014,F005015,Baix Camp - 43092-0142,328723,4544392,2681769,Nitrits
after_2007,0006,0014,F005021,Baix Camp - 43145-0105,347013.62,4564125.26,1671908,Amoni
after_2007,0006,0014,F005021,Baix Camp - 43145-0105,347013.62,4564125.26,1692773,Nitrats
after_2007,0006,0014,F005021,Baix Camp - 43145-0105,347013.62,4564125.26,2681774,Nitrits
after_2007,0006,0014,F005021,Baix Camp - 43145-0105,347013.62,4564125.26,3231810,Fosfats
after_2007,0006,0014,F005022,Baix Camp - 43038-0016,333471,4552337,1671909,Amoni
after_2007,0006,0014,F005022,Baix Camp - 43038-0016,333471,4552337,1692774,Nitrats
after_2007,0006,0014,F005022,Baix Camp - 43038-0016,333471,4552337,2681775,Nitrits
after_2007,0006,0014,F005024,Alt Camp - 43160-0038,353330,4568915,1671911,Amoni
after_2007,0006,0014,F005024,Alt Camp - 43160-0038,353330,4568915,1692776,Nitrats
after_2007,0006,0014,F005024,Alt Camp - 43160-0038,353330,4568915,2681777,Nitrits
after_2007,0006,0014,F005024,Alt Camp - 43160-0038,353330,4568915,3114015,Fosfats
after_2007,0006,0014,F005025,Alt Camp - 43160-0037,353328,4568915.22,1671912,Amoni
after_2007,0006,0014,F005025,Alt Camp - 43160-0037,353328,4568915.22,1692777,Nitrats
after_2007,0006,0014,F005025,Alt Camp - 43160-0037,353328,4568915.22,2681778,Nitrits
after_2007,0006,0014,F005025,Alt Camp - 43160-0037,353328,4568915.22,3114014,Fosfats
after_2007,0006,0014,F005038,Baix Camp - 43007-0107,337602,4561055,1672546,Amoni
after_2007,0006,0014,F005038,Baix Camp - 43007-0107,337602,4561055,1693411,Nitrats
after_2007,0006,0014,F005038,Baix Camp - 43007-0107,337602,4561055,2682412,Nitrits
after_2007,0006,0014,F005038,Baix Camp - 43007-0107,337602,4561055,3275655,Fosfats
after_2007,0006,0014,F005039,Baix Camp - 43080-0015,351019.65,4567087.23,1673307,Amoni
after_2007,0006,0014,F005039,Baix Camp - 43080-0015,351019.65,4567087.23,1694172,Nitrats
after_2007,0006,0014,F005039,Baix Camp - 43080-0015,351019.65,4567087.23,2683173,Nitrits
after_2007,0006,0014,F005039,Baix Camp - 43080-0015,351019.65,4567087.23,3114010,Fosfats
after_2007,0006,0014,F005040,Bloc del Gaià-Bonastre - 43165-0006,361692,4566546,1672863,Amoni
after_2007,0006,0014,F005040,Bloc del Gaià-Bonastre - 43165-0006,361692,4566546,1693728,Nitrats
after_2007,0006,0014,F005040,Bloc del Gaià-Bonastre - 43165-0006,361692,4566546,2682729,Nitrits
after_2007,0006,0014,F005040,Bloc del Gaià-Bonastre - 43165-0006,361692,4566546,3235010,Fosfats
after_2007,0006,0014,F005044,Alt Camp - 43098-0017,355302,4569435,1672550,Amoni
after_2007,0006,0014,F005044,Alt Camp - 43098-0017,355302,4569435,1693415,Nitrats
after_2007,0006,0014,F005044,Alt Camp - 43098-0017,355302,4569435,2682416,Nitrits
after_2007,0006,0014,F005050,Baix Francolí - 43047-0033,351472,4557590,1672556,Amoni
after_2007,0006,0014,F005050,Baix Francolí - 43047-0033,351472,4557590,1693421,Nitrats
after_2007,0006,0014,F005050,Baix Francolí - 43047-0033,351472,4557590,2682422,Nitrits
after_2007,0006,0014,F005050,Baix Francolí - 43047-0033,351472,4557590,3232324,Fosfats
after_2007,0006,0014,F005051,Alt Camp - 43034-0002,360136,4570326,1672557,Amoni
after_2007,0006,0014,F005051,Alt Camp - 43034-0002,360136,4570326,1693422,Nitrats
after_2007,0006,0014,F005051,Alt Camp - 43034-0002,360136,4570326,2682423,Nitrits
after_2007,0006,0014,F005051,Alt Camp - 43034-0002,360136,4570326,3113992,Fosfats
after_2007,0006,0014,F005052,Alt Camp - 43034-0003,360806,4570421,1672558,Amoni
after_2007,0006,0014,F005052,Alt Camp - 43034-0003,360806,4570421,1693423,Nitrats
after_2007,0006,0014,F005052,Alt Camp - 43034-0003,360806,4570421,2682424,Nitrits
after_2007,0006,0014,F005052,Alt Camp - 43034-0003,360806,4570421,3113993,Fosfats
after_2007,0006,0014,F005055,Baix Camp - 43038-0017,335579,4549527,1672561,Amoni
after_2007,0006,0014,F005055,Baix Camp - 43038-0017,335579,4549527,1693426,Nitrats
after_2007,0006,0014,F005055,Baix Camp - 43038-0017,335579,4549527,2682427,Nitrits
after_2007,0006,0014,F005055,Baix Camp - 43038-0017,335579,4549527,3113994,Fosfats
after_2007,0006,0014,F005058,Alt Camp - 43098-0020,356350,4568570,1672564,Amoni
after_2007,0006,0014,F005058,Alt Camp - 43098-0020,356350,4568570,1693429,Nitrats
after_2007,0006,0014,F005058,Alt Camp - 43098-0020,356350,4568570,2682430,Nitrits
after_2007,0006,0014,F005059,Alt Camp - 43119-0016,357056,4571106,1672565,Amoni
after_2007,0006,0014,F005059,Alt Camp - 43119-0016,357056,4571106,1693430,Nitrats
after_2007,0006,0014,F005059,Alt Camp - 43119-0016,357056,4571106,2682431,Nitrits
after_2007,0006,0014,F005059,Alt Camp - 43119-0016,357056,4571106,3113998,Fosfats
after_2007,0006,0014,F005068,Baix Camp - 43092-0140,329137,4550184,1672573,Amoni
after_2007,0006,0014,F005068,Baix Camp - 43092-0140,329137,4550184,1693438,Nitrats
after_2007,0006,0014,F005068,Baix Camp - 43092-0140,329137,4550184,2682439,Nitrits
after_2007,0006,0014,F005068,Baix Camp - 43092-0140,329137,4550184,3113477,Fosfats
after_2007,0006,0014,F005069,Baix Camp - 43092-0130,329115,4549952,1672574,Amoni
after_2007,0006,0014,F005069,Baix Camp - 43092-0130,329115,4549952,1693439,Nitrats
after_2007,0006,0014,F005069,Baix Camp - 43092-0130,329115,4549952,2682440,Nitrits
after_2007,0006,0014,F005069,Baix Camp - 43092-0130,329115,4549952,3113474,Fosfats
after_2007,0006,0014,F005070,Llaberia - Prades meridional - 43092-0129,327433,4551330,1672575,Amoni
after_2007,0006,0014,F005070,Llaberia - Prades meridional - 43092-0129,327433,4551330,1693440,Nitrats
after_2007,0006,0014,F005070,Llaberia - Prades meridional - 43092-0129,327433,4551330,2682441,Nitrits
after_2007,0006,0014,F005070,Llaberia - Prades meridional - 43092-0129,327433,4551330,3113473,Fosfats
after_2007,0006,0014,F005074,Baix Camp - 43092-0097,329221,4544572,1693444,Nitrats
after_2007,0006,0014,F005074,Baix Camp - 43092-0097,329221,4544572,3231799,Nitrits
after_2007,0006,0014,F005074,Baix Camp - 43092-0097,329221,4544572,3231800,Amoni
after_2007,0006,0014,F005074,Baix Camp - 43092-0097,329221,4544572,3231801,Fosfats
after_2007,0006,0014,F005075,Baix Camp - 43083-0016,349655.65,4568046.24,1672580,Amoni
after_2007,0006,0014,F005075,Baix Camp - 43083-0016,349655.65,4568046.24,1693445,Nitrats
after_2007,0006,0014,F005075,Baix Camp - 43083-0016,349655.65,4568046.24,2682446,Nitrits
after_2007,0006,0014,F005075,Baix Camp - 43083-0016,349655.65,4568046.24,3114011,Fosfats
after_2007,0006,0014,F005080,Baix Camp - 43095-0014,349905.61,4561646.23,1672585,Amoni
after_2007,0006,0014,F005080,Baix Camp - 43095-0014,349905.61,4561646.23,1693450,Nitrats
after_2007,0006,0014,F005080,Baix Camp - 43095-0014,349905.61,4561646.23,2682451,Nitrits
after_2007,0006,0014,F005080,Baix Camp - 43095-0014,349905.61,4561646.23,3231803,Fosfats
after_2007,0006,0014,F005081,Baix Francolí - 43095-0011,351241,4563391,1672586,Amoni
after_2007,0006,0014,F005081,Baix Francolí - 43095-0011,351241,4563391,1693451,Nitrats
after_2007,0006,0014,F005081,Baix Francolí - 43095-0011,351241,4563391,2682452,Nitrits
after_2007,0006,0014,F005081,Baix Francolí - 43095-0011,351241,4563391,3231609,Fosfats
after_2007,0006,0014,F005083,Baix Camp - 43171-0060,341415.51,4551144.28,1693453,Nitrats
after_2007,0006,0014,F005083,Baix Camp - 43171-0060,341415.51,4551144.28,3061344,Nitrits
after_2007,0006,0014,F005083,Baix Camp - 43171-0060,341415.51,4551144.28,3061365,Amoni
after_2007,0006,0014,F005083,Baix Camp - 43171-0060,341415.51,4551144.28,3229870,Fosfats
after_2007,0006,0014,F005089,Baix Camp - 43047-0016,346775.58,4559116.25,1672593,Amoni
after_2007,0006,0014,F005089,Baix Camp - 43047-0016,346775.58,4559116.25,1693458,Nitrats
after_2007,0006,0014,F005089,Baix Camp - 43047-0016,346775.58,4559116.25,2682459,Nitrits
after_2007,0006,0014,F005089,Baix Camp - 43047-0016,346775.58,4559116.25,3232322,Fosfats
after_2007,0006,0014,F005090,Baix Camp - 43123-0169,341558.57,4558486.29,1672594,Amoni
after_2007,0006,0014,F005090,Baix Camp - 43123-0169,341558.57,4558486.29,1693459,Nitrats
after_2007,0006,0014,F005090,Baix Camp - 43123-0169,341558.57,4558486.29,2682460,Nitrits
after_2007,0006,0014,F005090,Baix Camp - 43123-0169,341558.57,4558486.29,3113656,Fosfats
after_2007,0006,0014,F005091,Baix Camp - 43047-0014,345294.58,4559170.26,1672595,Amoni
after_2007,0006,0014,F005091,Baix Camp - 43047-0014,345294.58,4559170.26,1693460,Nitrats
after_2007,0006,0014,F005091,Baix Camp - 43047-0014,345294.58,4559170.26,2682461,Nitrits
after_2007,0006,0014,F005091,Baix Camp - 43047-0014,345294.58,4559170.26,3232321,Fosfats
after_2007,0006,0014,F005092,Baix Camp - 43047-0032,346365.57,4557576.25,1672596,Amoni
after_2007,0006,0014,F005092,Baix Camp - 43047-0032,346365.57,4557576.25,1693461,Nitrats
after_2007,0006,0014,F005092,Baix Camp - 43047-0032,346365.57,4557576.25,2682462,Nitrits
after_2007,0006,0014,F005092,Baix Camp - 43047-0032,346365.57,4557576.25,3234908,Fosfats
after_2007,0006,0014,F005096,Baix Camp - 43171-0013,343933.53,4552969.26,1672600,Amoni
after_2007,0006,0014,F005096,Baix Camp - 43171-0013,343933.53,4552969.26,1693465,Nitrats
after_2007,0006,0014,F005096,Baix Camp - 43171-0013,343933.53,4552969.26,2682466,Nitrits
after_2007,0006,0014,F005096,Baix Camp - 43171-0013,343933.53,4552969.26,3114045,Fosfats
after_2007,0006,0014,F005104,Baix Francolí - 43905-0005,343379,4549307,1693472,Nitrats
after_2007,0006,0014,F005104,Baix Francolí - 43905-0005,343379,4549307,3061373,Nitrits
after_2007,0006,0014,F005104,Baix Francolí - 43905-0005,343379,4549307,3061394,Amoni
after_2007,0006,0014,F005104,Baix Francolí - 43905-0005,343379,4549307,3114319,Fosfats
after_2007,0006,0014,F005108,Baix Camp - 43038-0011,333456,4551996,1672610,Amoni
after_2007,0006,0014,F005108,Baix Camp - 43038-0011,333456,4551996,1693475,Nitrats
after_2007,0006,0014,F005108,Baix Camp - 43038-0011,333456,4551996,2682476,Nitrits
after_2007,0006,0014,F005108,Baix Camp - 43038-0011,333456,4551996,3231796,Fosfats
after_2007,0006,0014,F005111,Baix Camp - 43129-0136,336181,4556396,1672613,Amoni
after_2007,0006,0014,F005111,Baix Camp - 43129-0136,336181,4556396,1693478,Nitrats
after_2007,0006,0014,F005111,Baix Camp - 43129-0136,336181,4556396,2682479,Nitrits
after_2007,0006,0014,F005111,Baix Camp - 43129-0136,336181,4556396,3114001,Fosfats
after_2007,0006,0014,F005114,Baix Camp - 43129-0133,339081,4552238,1672865,Amoni
after_2007,0006,0014,F005114,Baix Camp - 43129-0133,339081,4552238,1693730,Nitrats
after_2007,0006,0014,F005114,Baix Camp - 43129-0133,339081,4552238,2682731,Nitrits
after_2007,0006,0014,F005114,Baix Camp - 43129-0133,339081,4552238,3231410,Fosfats
after_2007,0006,0014,F005120,Alt Camp - 43170-0012,361446,4573426,1672621,Amoni
after_2007,0006,0014,F005120,Alt Camp - 43170-0012,361446,4573426,1693486,Nitrats
after_2007,0006,0014,F005120,Alt Camp - 43170-0012,361446,4573426,2682487,Nitrits
after_2007,0006,0014,F005120,Alt Camp - 43170-0012,361446,4573426,3231635,Fosfats
after_2007,0006,0014,F005121,Baix Camp - 43123-0142,339395.6,4557396.3,1672622,Amoni
after_2007,0006,0014,F005121,Baix Camp - 43123-0142,339395.6,4557396.3,1693487,Nitrats
after_2007,0006,0014,F005121,Baix Camp - 43123-0142,339395.6,4557396.3,2682488,Nitrits
after_2007,0006,0014,F005121,Baix Camp - 43123-0142,339395.6,4557396.3,3113653,Fosfats
after_2007,0006,0014,F005125,Baix Camp - 43123-0162,339976,4557311,1672866,Amoni
after_2007,0006,0014,F005125,Baix Camp - 43123-0162,339976,4557311,1693731,Nitrats
after_2007,0006,0014,F005125,Baix Camp - 43123-0162,339976,4557311,2682732,Nitrits
after_2007,0006,0014,F005125,Baix Camp - 43123-0162,339976,4557311,3113655,Fosfats
after_2007,0006,0014,F005128,Baix Camp - 43123-0229,344858,4554523,1673311,Amoni
after_2007,0006,0014,F005128,Baix Camp - 43123-0229,344858,4554523,1694176,Nitrats
after_2007,0006,0014,F005128,Baix Camp - 43123-0229,344858,4554523,2683177,Nitrits
after_2007,0006,0014,F005128,Baix Camp - 43123-0229,344858,4554523,3231612,Fosfats
after_2007,0006,0014,F005130,Baix Camp - 43123-0145,340776,4558642,1672629,Amoni
after_2007,0006,0014,F005130,Baix Camp - 43123-0145,340776,4558642,1693494,Nitrats
after_2007,0006,0014,F005130,Baix Camp - 43123-0145,340776,4558642,2682495,Nitrits
after_2007,0006,0014,F005130,Baix Camp - 43123-0145,340776,4558642,3113654,Fosfats
after_2007,0006,0014,F005135,Baix Camp - 43166-0018,348144,4564044,1672633,Amoni
after_2007,0006,0014,F005135,Baix Camp - 43166-0018,348144,4564044,1693498,Nitrats
after_2007,0006,0014,F005135,Baix Camp - 43166-0018,348144,4564044,2682499,Nitrits
after_2007,0006,0014,F005135,Baix Camp - 43166-0018,348144,4564044,3114318,Fosfats
after_2007,0006,0014,F005136,Baix Camp - 43166-0017,348165,4564035,1672634,Amoni
after_2007,0006,0014,F005136,Baix Camp - 43166-0017,348165,4564035,1693499,Nitrats
after_2007,0006,0014,F005136,Baix Camp - 43166-0017,348165,4564035,2682500,Nitrits
after_2007,0006,0014,F005136,Baix Camp - 43166-0017,348165,4564035,3114317,Fosfats
after_2007,0006,0014,F005155,Baix Camp - 43047-0011,348945.57,4557066.23,1672652,Amoni
after_2007,0006,0014,F005155,Baix Camp - 43047-0011,348945.57,4557066.23,1693517,Nitrats
after_2007,0006,0014,F005155,Baix Camp - 43047-0011,348945.57,4557066.23,2682518,Nitrits
after_2007,0006,0014,F005155,Baix Camp - 43047-0011,348945.57,4557066.23,3279248,Fosfats
after_2007,0006,0014,F005164,Baix Camp - 43129-0035,336454,4556206,1672661,Amoni
after_2007,0006,0014,F005164,Baix Camp - 43129-0035,336454,4556206,1693526,Nitrats
after_2007,0006,0014,F005164,Baix Camp - 43129-0035,336454,4556206,2682527,Nitrits
after_2007,0006,0014,F005164,Baix Camp - 43129-0035,336454,4556206,3113999,Fosfats
after_2007,0006,0014,F005168,Baix Camp - 43134-0015,350655.64,4565346.23,1672665,Amoni
after_2007,0006,0014,F005168,Baix Camp - 43134-0015,350655.64,4565346.23,1693530,Nitrats
after_2007,0006,0014,F005168,Baix Camp - 43134-0015,350655.64,4565346.23,2682531,Nitrits
after_2007,0006,0014,F005168,Baix Camp - 43134-0015,350655.64,4565346.23,3114013,Fosfats
after_2007,0006,0014,F005171,Baix Camp - 43178-0019,335285,4553140,1672668,Amoni
after_2007,0006,0014,F005171,Baix Camp - 43178-0019,335285,4553140,1693533,Nitrats
after_2007,0006,0014,F005171,Baix Camp - 43178-0019,335285,4553140,2682534,Nitrits
after_2007,0006,0014,F005171,Baix Camp - 43178-0019,335285,4553140,3114007,Fosfats
after_2007,0006,0014,F005178,Baix Camp - 43033-0015,331803.54,4556617.36,1672194,Amoni
after_2007,0006,0014,F005178,Baix Camp - 43033-0015,331803.54,4556617.36,1693059,Nitrats
after_2007,0006,0014,F005178,Baix Camp - 43033-0015,331803.54,4556617.36,2682060,Nitrits
after_2007,0006,0014,F005178,Baix Camp - 43033-0015,331803.54,4556617.36,3113883,Fosfats
after_2007,0006,0014,F005184,Baix Camp - 43038-0019,333806,4552821,1672200,Amoni
after_2007,0006,0014,F005184,Baix Camp - 43038-0019,333806,4552821,1693065,Nitrats
after_2007,0006,0014,F005184,Baix Camp - 43038-0019,333806,4552821,2682066,Nitrits
after_2007,0006,0014,F005184,Baix Camp - 43038-0019,333806,4552821,3231797,Fosfats
after_2007,0006,0014,F005185,Baix Camp - 43005-0033,346408,4569708,1672867,Amoni
after_2007,0006,0014,F005185,Baix Camp - 43005-0033,346408,4569708,1693732,Nitrats
after_2007,0006,0014,F005185,Baix Camp - 43005-0033,346408,4569708,2682733,Nitrits
after_2007,0006,0014,F005185,Baix Camp - 43005-0033,346408,4569708,3114743,Fosfats
after_2007,0006,0014,F005186,Baix Camp - 43005-0070,346505.66,4569596.27,1672201,Amoni
after_2007,0006,0014,F005186,Baix Camp - 43005-0070,346505.66,4569596.27,1693066,Nitrats
after_2007,0006,0014,F005186,Baix Camp - 43005-0070,346505.66,4569596.27,2682067,Nitrits
after_2007,0006,0014,F005186,Baix Camp - 43005-0070,346505.66,4569596.27,3114745,Fosfats
after_2007,0006,0014,F005188,Baix Camp - 43005-0072,348812,4571068,1672203,Amoni
after_2007,0006,0014,F005188,Baix Camp - 43005-0072,348812,4571068,1693068,Nitrats
after_2007,0006,0014,F005188,Baix Camp - 43005-0072,348812,4571068,2682069,Nitrits
after_2007,0006,0014,F005188,Baix Camp - 43005-0072,348812,4571068,3232318,Fosfats
after_2007,0006,0014,F005189,Baix Camp - 43033-0019,331406,4555596,1672204,Amoni
after_2007,0006,0014,F005189,Baix Camp - 43033-0019,331406,4555596,1693069,Nitrats
after_2007,0006,0014,F005189,Baix Camp - 43033-0019,331406,4555596,2682070,Nitrits
after_2007,0006,0014,F005189,Baix Camp - 43033-0019,331406,4555596,3113884,Fosfats
after_2007,0006,0014,F005190,Baix Camp - 43088-0058,332388,4554164,1672205,Amoni
after_2007,0006,0014,F005190,Baix Camp - 43088-0058,332388,4554164,1693070,Nitrats
after_2007,0006,0014,F005190,Baix Camp - 43088-0058,332388,4554164,2682071,Nitrits
after_2007,0006,0014,F005190,Baix Camp - 43088-0058,332388,4554164,3113996,Fosfats
after_2007,0006,0014,F005199,Baix Camp - 43145-0025,346649.62,4564200.26,1672212,Amoni
after_2007,0006,0014,F005199,Baix Camp - 43145-0025,346649.62,4564200.26,1693077,Nitrats
after_2007,0006,0014,F005199,Baix Camp - 43145-0025,346649.62,4564200.26,2682078,Nitrits
after_2007,0006,0014,F005199,Baix Camp - 43145-0025,346649.62,4564200.26,3232328,Fosfats
after_2007,0006,0014,F005205,Baix Camp - 43178-0020,337248,4549431,1672218,Amoni
after_2007,0006,0014,F005205,Baix Camp - 43178-0020,337248,4549431,1693083,Nitrats
after_2007,0006,0014,F005205,Baix Camp - 43178-0020,337248,4549431,2682084,Nitrits
after_2007,0006,0014,F005205,Baix Camp - 43178-0020,337248,4549431,3114008,Fosfats
after_2007,0006,0014,F005206,Baix Camp - 43038-0028,332462,4548257,1693084,Nitrats
after_2007,0006,0014,F005206,Baix Camp - 43038-0028,332462,4548257,3231347,Nitrits
after_2007,0006,0014,F005206,Baix Camp - 43038-0028,332462,4548257,3231354,Amoni
after_2007,0006,0014,F005206,Baix Camp - 43038-0028,332462,4548257,3231373,Fosfats
after_2007,0006,0014,F005213,Baix Camp - 43038-0027,335672.49,4549680.32,1672226,Amoni
after_2007,0006,0014,F005213,Baix Camp - 43038-0027,335672.49,4549680.32,1693091,Nitrats
after_2007,0006,0014,F005213,Baix Camp - 43038-0027,335672.49,4549680.32,2682092,Nitrits
after_2007,0006,0014,F005213,Baix Camp - 43038-0027,335672.49,4549680.32,3231343,Fosfats
after_2007,0006,0014,F005226,Baix Camp - 43033-0016,330955.53,4554846.37,1672238,Amoni
after_2007,0006,0014,F005226,Baix Camp - 43033-0016,330955.53,4554846.37,1693103,Nitrats
after_2007,0006,0014,F005226,Baix Camp - 43033-0016,330955.53,4554846.37,2682104,Nitrits
after_2007,0006,0014,F005226,Baix Camp - 43033-0016,330955.53,4554846.37,3113991,Fosfats
after_2007,0006,0014,F005236,Baix Camp - 43038-0020,332485.48,4548286.34,1672248,Amoni
after_2007,0006,0014,F005236,Baix Camp - 43038-0020,332485.48,4548286.34,1693113,Nitrats
after_2007,0006,0014,F005236,Baix Camp - 43038-0020,332485.48,4548286.34,2682114,Nitrits
after_2007,0006,0014,F005236,Baix Camp - 43038-0020,332485.48,4548286.34,3231342,Fosfats
after_2007,0006,0014,F005239,Priorat - 43112-0007,318955.59,4566096.47,1672251,Amoni
after_2007,0006,0014,F005239,Priorat - 43112-0007,318955.59,4566096.47,1693116,Nitrats
after_2007,0006,0014,F005239,Priorat - 43112-0007,318955.59,4566096.47,2682117,Nitrits
after_2007,0006,0014,F005239,Priorat - 43112-0007,318955.59,4566096.47,3295591,Fosfats
after_2007,0006,0014,F005240,Priorat - 43069-0012,314219,4562753,1672252,Amoni
after_2007,0006,0014,F005240,Priorat - 43069-0012,314219,4562753,1693117,Nitrats
after_2007,0006,0014,F005240,Priorat - 43069-0012,314219,4562753,2682118,Nitrits
after_2007,0006,0014,F005240,Priorat - 43069-0012,314219,4562753,3295583,Fosfats
after_2007,0006,0014,F005242,Priorat - 43023-0007,313526.45,4558956.68,1672254,Amoni
after_2007,0006,0014,F005242,Priorat - 43023-0007,313526.45,4558956.68,1693119,Nitrats
after_2007,0006,0014,F005242,Priorat - 43023-0007,313526.45,4558956.68,2682120,Nitrits
after_2007,0006,0014,F005242,Priorat - 43023-0007,313526.45,4558956.68,3295504,Fosfats
after_2007,0006,0014,F005243,Priorat - 43055-0127,314451,4557641,1672255,Amoni
after_2007,0006,0014,F005243,Priorat - 43055-0127,314451,4557641,1693120,Nitrats
after_2007,0006,0014,F005243,Priorat - 43055-0127,314451,4557641,2682121,Nitrits
after_2007,0006,0014,F005243,Priorat - 43055-0127,314451,4557641,3295544,Fosfats
after_2007,0006,0014,F005245,Priorat - 43055-0016,316581,4557096,1672256,Amoni
after_2007,0006,0014,F005245,Priorat - 43055-0016,316581,4557096,1693121,Nitrats
after_2007,0006,0014,F005245,Priorat - 43055-0016,316581,4557096,2682122,Nitrits
after_2007,0006,0014,F005245,Priorat - 43055-0016,316581,4557096,3295542,Fosfats
after_2007,0006,0014,F005246,Priorat - 43040-0002,313755.5,4553877.5,1672257,Amoni
after_2007,0006,0014,F005246,Priorat - 43040-0002,313755.5,4553877.5,1693122,Nitrats
after_2007,0006,0014,F005246,Priorat - 43040-0002,313755.5,4553877.5,2682123,Nitrits
after_2007,0006,0014,F005246,Priorat - 43040-0002,313755.5,4553877.5,3295540,Fosfats
after_2007,0006,0014,F005247,Fossa de Móra - 43151-0006,321906,4554606,1672258,Amoni
after_2007,0006,0014,F005247,Fossa de Móra - 43151-0006,321906,4554606,1693123,Nitrats
after_2007,0006,0014,F005247,Fossa de Móra - 43151-0006,321906,4554606,2682124,Nitrits
after_2007,0006,0014,F005247,Fossa de Móra - 43151-0006,321906,4554606,3295605,Fosfats
after_2007,0006,0014,F005249,Fossa de Móra - 43067-0056,300202,4544143,1672260,Amoni
after_2007,0006,0014,F005249,Fossa de Móra - 43067-0056,300202,4544143,1693125,Nitrats
after_2007,0006,0014,F005249,Fossa de Móra - 43067-0056,300202,4544143,2682126,Nitrits
after_2007,0006,0014,F005249,Fossa de Móra - 43067-0056,300202,4544143,3295165,Fosfats
after_2007,0006,0014,F005252,Fossa de Móra - 43150-0029,308078.1,4551680.8,1668090,Fosfats
after_2007,0006,0014,F005252,Fossa de Móra - 43150-0029,308078.1,4551680.8,1672263,Amoni
after_2007,0006,0014,F005252,Fossa de Móra - 43150-0029,308078.1,4551680.8,1693128,Nitrats
after_2007,0006,0014,F005252,Fossa de Móra - 43150-0029,308078.1,4551680.8,2682129,Nitrits
after_2007,0006,0014,F005253,Fossa de Móra - 43065-0022,302642,4556380,1668091,Fosfats
after_2007,0006,0014,F005253,Fossa de Móra - 43065-0022,302642,4556380,1672264,Amoni
after_2007,0006,0014,F005253,Fossa de Móra - 43065-0022,302642,4556380,1693129,Nitrats
after_2007,0006,0014,F005253,Fossa de Móra - 43065-0022,302642,4556380,2682130,Nitrits
after_2007,0006,0014,F005255,Fossa de Móra - 43084-0105,298655,4545897,1668093,Fosfats
after_2007,0006,0014,F005255,Fossa de Móra - 43084-0105,298655,4545897,1672266,Amoni
after_2007,0006,0014,F005255,Fossa de Móra - 43084-0105,298655,4545897,1693131,Nitrats
after_2007,0006,0014,F005255,Fossa de Móra - 43084-0105,298655,4545897,2682132,Nitrits
after_2007,0006,0014,F005264,Fossa de Móra - 43026-0039,300461,4548292,1668696,Fosfats
after_2007,0006,0014,F005264,Fossa de Móra - 43026-0039,300461,4548292,1672869,Amoni
after_2007,0006,0014,F005264,Fossa de Móra - 43026-0039,300461,4548292,1693734,Nitrats
after_2007,0006,0014,F005264,Fossa de Móra - 43026-0039,300461,4548292,2682735,Nitrits
after_2007,0006,0014,F005268,Fossa de Móra - 43150-0012,303668,4549151,1668104,Fosfats
after_2007,0006,0014,F005268,Fossa de Móra - 43150-0012,303668,4549151,1672277,Amoni
after_2007,0006,0014,F005268,Fossa de Móra - 43150-0012,303668,4549151,1693142,Nitrats
after_2007,0006,0014,F005268,Fossa de Móra - 43150-0012,303668,4549151,2682143,Nitrits
after_2007,0006,0014,F005269,Fossa de Móra - 43094-0047,301934.47,4553550.58,1668105,Fosfats
after_2007,0006,0014,F005269,Fossa de Móra - 43094-0047,301934.47,4553550.58,1672278,Amoni
after_2007,0006,0014,F005269,Fossa de Móra - 43094-0047,301934.47,4553550.58,1693143,Nitrats
after_2007,0006,0014,F005269,Fossa de Móra - 43094-0047,301934.47,4553550.58,2682144,Nitrits
after_2007,0006,0014,F005270,Fossa de Móra - 43082-0012,309784,4555799,1668106,Fosfats
after_2007,0006,0014,F005270,Fossa de Móra - 43082-0012,309784,4555799,1672279,Amoni
after_2007,0006,0014,F005270,Fossa de Móra - 43082-0012,309784,4555799,1693144,Nitrats
after_2007,0006,0014,F005270,Fossa de Móra - 43082-0012,309784,4555799,2682145,Nitrits
after_2007,0006,0014,F005276,Fossa de Móra - 43121-0047,300620,4540572,1672285,Amoni
after_2007,0006,0014,F005276,Fossa de Móra - 43121-0047,300620,4540572,1693150,Nitrats
after_2007,0006,0014,F005276,Fossa de Móra - 43121-0047,300620,4540572,2682151,Nitrits
after_2007,0006,0014,F005276,Fossa de Móra - 43121-0047,300620,4540572,3295598,Fosfats
after_2007,0006,0014,F005277,Fossa de Móra - 43093-0079,302629.44,4549630.57,1668113,Fosfats
after_2007,0006,0014,F005277,Fossa de Móra - 43093-0079,302629.44,4549630.57,1672286,Amoni
after_2007,0006,0014,F005277,Fossa de Móra - 43093-0079,302629.44,4549630.57,1693151,Nitrats
after_2007,0006,0014,F005277,Fossa de Móra - 43093-0079,302629.44,4549630.57,2682152,Nitrits
after_2007,0006,0014,F005278,Fossa de Móra - 43084-0106,295880,4547572,1672287,Amoni
after_2007,0006,0014,F005278,Fossa de Móra - 43084-0106,295880,4547572,1693152,Nitrats
after_2007,0006,0014,F005278,Fossa de Móra - 43084-0106,295880,4547572,2682153,Nitrits
after_2007,0006,0014,F005278,Fossa de Móra - 43084-0106,295880,4547572,3295205,Fosfats
after_2007,0006,0014,F005282,Fossa de Móra - 43150-0026,303611,4549124,1668697,Fosfats
after_2007,0006,0014,F005282,Fossa de Móra - 43150-0026,303611,4549124,1672870,Amoni
after_2007,0006,0014,F005282,Fossa de Móra - 43150-0026,303611,4549124,1693735,Nitrats
after_2007,0006,0014,F005282,Fossa de Móra - 43150-0026,303611,4549124,2682736,Nitrits
after_2007,0006,0014,F005288,l'Ametlla de Mar- Perelló - 43906-0423,305976.24,4522367.5,4289775,Nitrits
after_2007,0006,0014,F005288,l'Ametlla de Mar- Perelló - 43906-0423,305976.24,4522367.5,4289776,Nitrats
after_2007,0006,0014,F005288,l'Ametlla de Mar- Perelló - 43906-0423,305976.24,4522367.5,4289781,Amoni
after_2007,0006,0014,F005288,l'Ametlla de Mar- Perelló - 43906-0423,305976.24,4522367.5,4289787,Fosfats
after_2007,0006,0014,F005291,l'Ametlla de Mar- Perelló - 43013-0171,312758,4530336,1672299,Amoni
after_2007,0006,0014,F005291,l'Ametlla de Mar- Perelló - 43013-0171,312758,4530336,1693164,Nitrats
after_2007,0006,0014,F005291,l'Ametlla de Mar- Perelló - 43013-0171,312758,4530336,2682165,Nitrits
after_2007,0006,0014,F005291,l'Ametlla de Mar- Perelló - 43013-0171,312758,4530336,3295421,Fosfats
after_2007,0006,0014,F005309,Cardó - Vandellòs - 43155-0217,293470,4522827,1672316,Amoni
after_2007,0006,0014,F005309,Cardó - Vandellòs - 43155-0217,293470,4522827,1693181,Nitrats
after_2007,0006,0014,F005309,Cardó - Vandellòs - 43155-0217,293470,4522827,2682182,Nitrits
after_2007,0006,0014,F005309,Cardó - Vandellòs - 43155-0217,293470,4522827,3295233,Fosfats
after_2007,0006,0014,F005310,l'Ametlla de Mar- Perelló - 43104-0050,306812,4527260,1672317,Amoni
after_2007,0006,0014,F005310,l'Ametlla de Mar- Perelló - 43104-0050,306812,4527260,1693182,Nitrats
after_2007,0006,0014,F005310,l'Ametlla de Mar- Perelló - 43104-0050,306812,4527260,2682183,Nitrits
after_2007,0006,0014,F005310,l'Ametlla de Mar- Perelló - 43104-0050,306812,4527260,3295588,Fosfats
after_2007,0006,0014,F005315,l'Ametlla de Mar- Perelló - 43906-0362,305175,4523107,1672322,Amoni
after_2007,0006,0014,F005315,l'Ametlla de Mar- Perelló - 43906-0362,305175,4523107,1693187,Nitrats
after_2007,0006,0014,F005315,l'Ametlla de Mar- Perelló - 43906-0362,305175,4523107,2682188,Nitrits
after_2007,0006,0014,F005315,l'Ametlla de Mar- Perelló - 43906-0362,305175,4523107,3295650,Fosfats
after_2007,0006,0014,F005324,l'Ametlla de Mar- Perelló - 43906-0159,306108,4520011,1672330,Amoni
after_2007,0006,0014,F005324,l'Ametlla de Mar- Perelló - 43906-0159,306108,4520011,1693195,Nitrats
after_2007,0006,0014,F005324,l'Ametlla de Mar- Perelló - 43906-0159,306108,4520011,2682196,Nitrits
after_2007,0006,0014,F005324,l'Ametlla de Mar- Perelló - 43906-0159,306108,4520011,4508714,Fosfats
after_2007,0006,0014,F005327,Cardó - Vandellòs - 43906-0388,304165,4519552,3295654,Nitrits
after_2007,0006,0014,F005327,Cardó - Vandellòs - 43906-0388,304165,4519552,3295655,Nitrats
after_2007,0006,0014,F005327,Cardó - Vandellòs - 43906-0388,304165,4519552,3295661,Amoni
after_2007,0006,0014,F005327,Cardó - Vandellòs - 43906-0388,304165,4519552,3295680,Fosfats
after_2007,0006,0014,F005328,l'Ametlla de Mar- Perelló - 43906-0161,305533,4520977,1672471,Amoni
after_2007,0006,0014,F005328,l'Ametlla de Mar- Perelló - 43906-0161,305533,4520977,1693336,Nitrats
after_2007,0006,0014,F005328,l'Ametlla de Mar- Perelló - 43906-0161,305533,4520977,2682337,Nitrits
after_2007,0006,0014,F005328,l'Ametlla de Mar- Perelló - 43906-0161,305533,4520977,3295649,Fosfats
after_2007,0006,0014,F005331,Serra del Montsià - 43136-0017,296480.07,4501496.54,1672474,Amoni
after_2007,0006,0014,F005331,Serra del Montsià - 43136-0017,296480.07,4501496.54,1693339,Nitrats
after_2007,0006,0014,F005331,Serra del Montsià - 43136-0017,296480.07,4501496.54,2682340,Nitrits
after_2007,0006,0014,F005331,Serra del Montsià - 43136-0017,296480.07,4501496.54,3295599,Fosfats
after_2007,0006,0014,F005332,Serra del Montsià - 43136-0008,293905.06,4500796.56,1672475,Amoni
after_2007,0006,0014,F005332,Serra del Montsià - 43136-0008,293905.06,4500796.56,1693340,Nitrats
after_2007,0006,0014,F005332,Serra del Montsià - 43136-0008,293905.06,4500796.56,2682341,Nitrits
after_2007,0006,0014,F005332,Serra del Montsià - 43136-0008,293905.06,4500796.56,3354294,Fosfats
after_2007,0006,0014,F005333,Serra del Montsià - 43136-0019,295885,4500343,1672476,Amoni
after_2007,0006,0014,F005333,Serra del Montsià - 43136-0019,295885,4500343,1693341,Nitrats
after_2007,0006,0014,F005333,Serra del Montsià - 43136-0019,295885,4500343,2682342,Nitrits
after_2007,0006,0014,F005333,Serra del Montsià - 43136-0019,295885,4500343,3295217,Fosfats
after_2007,0006,0014,F005334,Plana de Vinaròs_Cat - 43004-0235,288768,4489263,1672477,Amoni
after_2007,0006,0014,F005334,Plana de Vinaròs_Cat - 43004-0235,288768,4489263,1693342,Nitrats
after_2007,0006,0014,F005334,Plana de Vinaròs_Cat - 43004-0235,288768,4489263,2682343,Nitrits
after_2007,0006,0014,F005334,Plana de Vinaròs_Cat - 43004-0235,288768,4489263,3295070,Fosfats
after_2007,0006,0014,F005335,Serra del Montsià - 43062-0001,288945.08,4504821.61,1672478,Amoni
after_2007,0006,0014,F005335,Serra del Montsià - 43062-0001,288945.08,4504821.61,1693343,Nitrats
after_2007,0006,0014,F005335,Serra del Montsià - 43062-0001,288945.08,4504821.61,2682344,Nitrits
after_2007,0006,0014,F005335,Serra del Montsià - 43062-0001,288945.08,4504821.61,3295161,Fosfats
after_2007,0006,0014,F005336,Mesozoic de la Galera - 43156-0043,277530.03,4500741.69,1672871,Amoni
after_2007,0006,0014,F005336,Mesozoic de la Galera - 43156-0043,277530.03,4500741.69,1693736,Nitrats
after_2007,0006,0014,F005336,Mesozoic de la Galera - 43156-0043,277530.03,4500741.69,2682737,Nitrits
after_2007,0006,0014,F005336,Mesozoic de la Galera - 43156-0043,277530.03,4500741.69,3295248,Fosfats
after_2007,0006,0014,F005337,Mesozoic de la Galera - 43063-0006,284009.1,4508394.65,1672479,Amoni
after_2007,0006,0014,F005337,Mesozoic de la Galera - 43063-0006,284009.1,4508394.65,1693344,Nitrats
after_2007,0006,0014,F005337,Mesozoic de la Galera - 43063-0006,284009.1,4508394.65,2682345,Nitrits
after_2007,0006,0014,F005337,Mesozoic de la Galera - 43063-0006,284009.1,4508394.65,3295163,Fosfats
after_2007,0006,0014,F005339,Mesozoic de la Galera - 43068-0009,285410.08,4505436.63,1672481,Amoni
after_2007,0006,0014,F005339,Mesozoic de la Galera - 43068-0009,285410.08,4505436.63,1693346,Nitrats
after_2007,0006,0014,F005339,Mesozoic de la Galera - 43068-0009,285410.08,4505436.63,2682347,Nitrits
after_2007,0006,0014,F005339,Mesozoic de la Galera - 43068-0009,285410.08,4505436.63,3295166,Fosfats
after_2007,0006,0014,F005340,Plana d'Alcanar - 43004-0047,290304.99,4492606.58,1672482,Amoni
after_2007,0006,0014,F005340,Plana d'Alcanar - 43004-0047,290304.99,4492606.58,1693347,Nitrats
after_2007,0006,0014,F005340,Plana d'Alcanar - 43004-0047,290304.99,4492606.58,2682348,Nitrits
after_2007,0006,0014,F005340,Plana d'Alcanar - 43004-0047,290304.99,4492606.58,3296197,Fosfats
after_2007,0006,0014,F005343,Plana de la Galera - 43068-0017,282965.06,4502931.65,1673321,Amoni
after_2007,0006,0014,F005343,Plana de la Galera - 43068-0017,282965.06,4502931.65,1694186,Nitrats
after_2007,0006,0014,F005343,Plana de la Galera - 43068-0017,282965.06,4502931.65,2683187,Nitrits
after_2007,0006,0014,F005343,Plana de la Galera - 43068-0017,282965.06,4502931.65,3798822,Fosfats
after_2007,0006,0014,F005347,Plana de la Galera - 43078-0070,291592.13,4510712.6,1672872,Amoni
after_2007,0006,0014,F005347,Plana de la Galera - 43078-0070,291592.13,4510712.6,1693737,Nitrats
after_2007,0006,0014,F005347,Plana de la Galera - 43078-0070,291592.13,4510712.6,2682738,Nitrits
after_2007,0006,0014,F005347,Plana de la Galera - 43078-0070,291592.13,4510712.6,3387843,Fosfats
after_2007,0006,0014,F005352,Plana de la Galera - 43138-0002,288724,4512489,1672492,Amoni
after_2007,0006,0014,F005352,Plana de la Galera - 43138-0002,288724,4512489,1693357,Nitrats
after_2007,0006,0014,F005352,Plana de la Galera - 43138-0002,288724,4512489,2682358,Nitrits
after_2007,0006,0014,F005352,Plana de la Galera - 43138-0002,288724,4512489,3965356,Fosfats
after_2007,0006,0014,F005354,Mesozoic de la Galera - 43133-0344,282105.18,4519886.68,1672494,Amoni
after_2007,0006,0014,F005354,Mesozoic de la Galera - 43133-0344,282105.18,4519886.68,1693359,Nitrats
after_2007,0006,0014,F005354,Mesozoic de la Galera - 43133-0344,282105.18,4519886.68,2682360,Nitrits
after_2007,0006,0014,F005354,Mesozoic de la Galera - 43133-0344,282105.18,4519886.68,3295216,Fosfats
after_2007,0006,0014,F005360,Mesozoic de la Galera - 43044-0001,271355.05,4504871.74,1672499,Amoni
after_2007,0006,0014,F005360,Mesozoic de la Galera - 43044-0001,271355.05,4504871.74,1693364,Nitrats
after_2007,0006,0014,F005360,Mesozoic de la Galera - 43044-0001,271355.05,4504871.74,2682365,Nitrits
after_2007,0006,0014,F005360,Mesozoic de la Galera - 43044-0001,271355.05,4504871.74,3295160,Fosfats
after_2007,0006,0014,F005361,Plana de la Galera - 43078-0052,292654,4509555,1672500,Amoni
after_2007,0006,0014,F005361,Plana de la Galera - 43078-0052,292654,4509555,1693365,Nitrats
after_2007,0006,0014,F005361,Plana de la Galera - 43078-0052,292654,4509555,2682366,Nitrits
after_2007,0006,0014,F005361,Plana de la Galera - 43078-0052,292654,4509555,3295168,Fosfats
after_2007,0006,0014,F005362,Plana de la Galera - 43063-0027,284451.3,4506795.2,1672501,Amoni
after_2007,0006,0014,F005362,Plana de la Galera - 43063-0027,284451.3,4506795.2,1693366,Nitrats
after_2007,0006,0014,F005362,Plana de la Galera - 43063-0027,284451.3,4506795.2,2682367,Nitrits
after_2007,0006,0014,F005362,Plana de la Galera - 43063-0027,284451.3,4506795.2,3295164,Fosfats
after_2007,0006,0014,F005367,Cardó - Vandellòs - 43155-0268,292115,4527842,1672506,Amoni
after_2007,0006,0014,F005367,Cardó - Vandellòs - 43155-0268,292115,4527842,1693371,Nitrats
after_2007,0006,0014,F005367,Cardó - Vandellòs - 43155-0268,292115,4527842,2682372,Nitrits
after_2007,0006,0014,F005367,Cardó - Vandellòs - 43155-0268,292115,4527842,3295235,Fosfats
after_2007,0006,0014,F005368,Plana d'Alcanar - 43136-0031,295145.05,4500071.55,1672507,Amoni
after_2007,0006,0014,F005368,Plana d'Alcanar - 43136-0031,295145.05,4500071.55,1693372,Nitrats
after_2007,0006,0014,F005368,Plana d'Alcanar - 43136-0031,295145.05,4500071.55,2682373,Nitrits
after_2007,0006,0014,F005368,Plana d'Alcanar - 43136-0031,295145.05,4500071.55,3295223,Fosfats
after_2007,0006,0014,F005371,Mesozoic de la Galera - 43014-0519,293951.12,4509376.58,1672510,Amoni
after_2007,0006,0014,F005371,Mesozoic de la Galera - 43014-0519,293951.12,4509376.58,1693375,Nitrats
after_2007,0006,0014,F005371,Mesozoic de la Galera - 43014-0519,293951.12,4509376.58,2682376,Nitrits
after_2007,0006,0014,F005371,Mesozoic de la Galera - 43014-0519,293951.12,4509376.58,3387838,Fosfats
after_2007,0006,0014,F005372,Plana de la Sènia_Cat - 43156-0036,287245.02,4497086.61,1672511,Amoni
after_2007,0006,0014,F005372,Plana de la Sènia_Cat - 43156-0036,287245.02,4497086.61,1693376,Nitrats
after_2007,0006,0014,F005372,Plana de la Sènia_Cat - 43156-0036,287245.02,4497086.61,2682377,Nitrits
after_2007,0006,0014,F005372,Plana de la Sènia_Cat - 43156-0036,287245.02,4497086.61,3295247,Fosfats
after_2007,0006,0014,F005373,Plana de la Galera - 43155-1007,283580.23,4525271.68,1672512,Amoni
after_2007,0006,0014,F005373,Plana de la Galera - 43155-1007,283580.23,4525271.68,1693377,Nitrats
after_2007,0006,0014,F005373,Plana de la Galera - 43155-1007,283580.23,4525271.68,2682378,Nitrits
after_2007,0006,0014,F005373,Plana de la Galera - 43155-1007,283580.23,4525271.68,3295244,Fosfats
after_2007,0006,0014,F005376,Plana de la Sènia_Cat - 43156-0030,282665.01,4497291.64,1672514,Amoni
after_2007,0006,0014,F005376,Plana de la Sènia_Cat - 43156-0030,282665.01,4497291.64,1693379,Nitrats
after_2007,0006,0014,F005376,Plana de la Sènia_Cat - 43156-0030,282665.01,4497291.64,2682380,Nitrits
after_2007,0006,0014,F005376,Plana de la Sènia_Cat - 43156-0030,282665.01,4497291.64,3295245,Fosfats
after_2007,0006,0014,F005378,Ports de Tortosa - 43077-0007,277195.11,4511161.71,1672516,Amoni
after_2007,0006,0014,F005378,Ports de Tortosa - 43077-0007,277195.11,4511161.71,1693381,Nitrats
after_2007,0006,0014,F005378,Ports de Tortosa - 43077-0007,277195.11,4511161.71,2682382,Nitrits
after_2007,0006,0014,F005378,Ports de Tortosa - 43077-0007,277195.11,4511161.71,3295167,Fosfats
after_2007,0006,0014,F005379,Serra del Montsià - 43156-0080,288397.06,4502409.61,1672517,Amoni
after_2007,0006,0014,F005379,Serra del Montsià - 43156-0080,288397.06,4502409.61,1693382,Nitrats
after_2007,0006,0014,F005379,Serra del Montsià - 43156-0080,288397.06,4502409.61,2682383,Nitrits
after_2007,0006,0014,F005379,Serra del Montsià - 43156-0080,288397.06,4502409.61,3295607,Fosfats
after_2007,0006,0014,F005385,Detrític neogen de l'Empordà - 17030-0014,497094.77,4684926.31,1672523,Amoni
after_2007,0006,0014,F005385,Detrític neogen de l'Empordà - 17030-0014,497094.77,4684926.31,1693388,Nitrats
after_2007,0006,0014,F005385,Detrític neogen de l'Empordà - 17030-0014,497094.77,4684926.31,2682389,Nitrits
after_2007,0006,0014,F005385,Detrític neogen de l'Empordà - 17030-0014,497094.77,4684926.31,3225129,Fosfats
after_2007,0006,0014,F005386,Fluviodeltaic del Fluvià - Muga - 17074-0004,503672.71,4676214.24,1672524,Amoni
after_2007,0006,0014,F005386,Fluviodeltaic del Fluvià - Muga - 17074-0004,503672.71,4676214.24,1693389,Nitrats
after_2007,0006,0014,F005386,Fluviodeltaic del Fluvià - Muga - 17074-0004,503672.71,4676214.24,2682390,Nitrits
after_2007,0006,0014,F005386,Fluviodeltaic del Fluvià - Muga - 17074-0004,503672.71,4676214.24,3113444,Fosfats
after_2007,0006,0014,F005387,Fluviodeltaic del Fluvià - Muga - 17151-0003,503331.7,4674762.24,1672525,Amoni
after_2007,0006,0014,F005387,Fluviodeltaic del Fluvià - Muga - 17151-0003,503331.7,4674762.24,1693390,Nitrats
after_2007,0006,0014,F005387,Fluviodeltaic del Fluvià - Muga - 17151-0003,503331.7,4674762.24,2682391,Nitrits
after_2007,0006,0014,F005387,Fluviodeltaic del Fluvià - Muga - 17151-0003,503331.7,4674762.24,3283933,Fosfats
after_2007,0006,0014,F005388,Fluviodeltaic del Fluvià - Muga - 17074-0003,501780.72,4677182.26,1672526,Amoni
after_2007,0006,0014,F005388,Fluviodeltaic del Fluvià - Muga - 17074-0003,501780.72,4677182.26,1693391,Nitrats
after_2007,0006,0014,F005388,Fluviodeltaic del Fluvià - Muga - 17074-0003,501780.72,4677182.26,2682392,Nitrits
after_2007,0006,0014,F005388,Fluviodeltaic del Fluvià - Muga - 17074-0003,501780.72,4677182.26,3231540,Fosfats
after_2007,0006,0014,F005391,Fluviodeltaic del Fluvià - Muga - 17066-0013,499074.74,4680229.28,1672529,Amoni
after_2007,0006,0014,F005391,Fluviodeltaic del Fluvià - Muga - 17066-0013,499074.74,4680229.28,1693394,Nitrats
after_2007,0006,0014,F005391,Fluviodeltaic del Fluvià - Muga - 17066-0013,499074.74,4680229.28,2682395,Nitrits
after_2007,0006,0014,F005391,Fluviodeltaic del Fluvià - Muga - 17066-0013,499074.74,4680229.28,3292755,Fosfats
after_2007,0006,0014,F005393,Fluviodeltaic del Fluvià - Muga - 17047-0035,504819,4677781,1672531,Amoni
after_2007,0006,0014,F005393,Fluviodeltaic del Fluvià - Muga - 17047-0035,504819,4677781,1693396,Nitrats
after_2007,0006,0014,F005393,Fluviodeltaic del Fluvià - Muga - 17047-0035,504819,4677781,2682397,Nitrits
after_2007,0006,0014,F005393,Fluviodeltaic del Fluvià - Muga - 17047-0035,504819,4677781,3270784,Fosfats
after_2007,0006,0014,F005396,Fluviodeltaic del Fluvià - Muga - 17182-0007,497268.7,4676048.29,1673323,Amoni
after_2007,0006,0014,F005396,Fluviodeltaic del Fluvià - Muga - 17182-0007,497268.7,4676048.29,1694188,Nitrats
after_2007,0006,0014,F005396,Fluviodeltaic del Fluvià - Muga - 17182-0007,497268.7,4676048.29,2683189,Nitrits
after_2007,0006,0014,F005396,Fluviodeltaic del Fluvià - Muga - 17182-0007,497268.7,4676048.29,3113449,Fosfats
after_2007,0006,0014,F005401,Fluviodeltaic del Fluvià - Muga - 17030-0011,498139.77,4684123.3,1672333,Amoni
after_2007,0006,0014,F005401,Fluviodeltaic del Fluvià - Muga - 17030-0011,498139.77,4684123.3,1693198,Nitrats
after_2007,0006,0014,F005401,Fluviodeltaic del Fluvià - Muga - 17030-0011,498139.77,4684123.3,2682199,Nitrits
after_2007,0006,0014,F005401,Fluviodeltaic del Fluvià - Muga - 17030-0011,498139.77,4684123.3,3225128,Fosfats
after_2007,0006,0014,F005413,Detrític neogen de l'Empordà - 17210-0020,505636.63,4665075.21,1672344,Amoni
after_2007,0006,0014,F005413,Detrític neogen de l'Empordà - 17210-0020,505636.63,4665075.21,1693209,Nitrats
after_2007,0006,0014,F005413,Detrític neogen de l'Empordà - 17210-0020,505636.63,4665075.21,2682210,Nitrits
after_2007,0006,0014,F005413,Detrític neogen de l'Empordà - 17210-0020,505636.63,4665075.21,3225141,Fosfats
after_2007,0006,0014,F005421,Fluviodeltaic del Fluvià - Muga - 17176-0005,499406.65,4668345.26,1672351,Amoni
after_2007,0006,0014,F005421,Fluviodeltaic del Fluvià - Muga - 17176-0005,499406.65,4668345.26,1693216,Nitrats
after_2007,0006,0014,F005421,Fluviodeltaic del Fluvià - Muga - 17176-0005,499406.65,4668345.26,2682217,Nitrits
after_2007,0006,0014,F005421,Fluviodeltaic del Fluvià - Muga - 17176-0005,499406.65,4668345.26,3273904,Fosfats
after_2007,0006,0014,F005422,Fluviodeltaic del Baix Ter - 17004-0018,506437,4660850,1672352,Amoni
after_2007,0006,0014,F005422,Fluviodeltaic del Baix Ter - 17004-0018,506437,4660850,1693217,Nitrats
after_2007,0006,0014,F005422,Fluviodeltaic del Baix Ter - 17004-0018,506437,4660850,2682218,Nitrits
after_2007,0006,0014,F005422,Fluviodeltaic del Baix Ter - 17004-0018,506437,4660850,3232275,Fosfats
after_2007,0006,0014,F005434,Fluviodeltaic del Fluvià - Muga - 17198-0011,503376.66,4669170.23,1672876,Amoni
after_2007,0006,0014,F005434,Fluviodeltaic del Fluvià - Muga - 17198-0011,503376.66,4669170.23,1693741,Nitrats
after_2007,0006,0014,F005434,Fluviodeltaic del Fluvià - Muga - 17198-0011,503376.66,4669170.23,2682742,Nitrits
after_2007,0006,0014,F005434,Fluviodeltaic del Fluvià - Muga - 17198-0011,503376.66,4669170.23,3224775,Fosfats
after_2007,0006,0014,F005438,Fluviodeltaic del Fluvià - Muga - 17132-0004,500691.77,4684563.28,1672365,Amoni
after_2007,0006,0014,F005438,Fluviodeltaic del Fluvià - Muga - 17132-0004,500691.77,4684563.28,1693230,Nitrats
after_2007,0006,0014,F005438,Fluviodeltaic del Fluvià - Muga - 17132-0004,500691.77,4684563.28,2682231,Nitrits
after_2007,0006,0014,F005438,Fluviodeltaic del Fluvià - Muga - 17132-0004,500691.77,4684563.28,3270426,Fosfats
after_2007,0006,0014,F005447,Detrític neogen de l'Empordà - 17198-0008,501685.66,4669470.25,1672374,Amoni
after_2007,0006,0014,F005447,Detrític neogen de l'Empordà - 17198-0008,501685.66,4669470.25,1693239,Nitrats
after_2007,0006,0014,F005447,Detrític neogen de l'Empordà - 17198-0008,501685.66,4669470.25,2682240,Nitrits
after_2007,0006,0014,F005447,Detrític neogen de l'Empordà - 17198-0008,501685.66,4669470.25,3231550,Fosfats
after_2007,0006,0014,F005455,Fluviodeltaic del Fluvià - Muga - 17230-0009,501526.73,4679245.26,1672382,Amoni
after_2007,0006,0014,F005455,Fluviodeltaic del Fluvià - Muga - 17230-0009,501526.73,4679245.26,1693247,Nitrats
after_2007,0006,0014,F005455,Fluviodeltaic del Fluvià - Muga - 17230-0009,501526.73,4679245.26,2682248,Nitrits
after_2007,0006,0014,F005468,Fluviodeltaic del Fluvià - Muga - 17062-0006,508084.65,4666638.19,1672394,Amoni
after_2007,0006,0014,F005468,Fluviodeltaic del Fluvià - Muga - 17062-0006,508084.65,4666638.19,1693259,Nitrats
after_2007,0006,0014,F005468,Fluviodeltaic del Fluvià - Muga - 17062-0006,508084.65,4666638.19,2682260,Nitrits
after_2007,0006,0014,F005468,Fluviodeltaic del Fluvià - Muga - 17062-0006,508084.65,4666638.19,3225131,Fosfats
after_2007,0006,0014,F005470,Fluviodeltaic del Fluvià - Muga - 17178-0055,508234.7,4668752.2,1672396,Amoni
after_2007,0006,0014,F005470,Fluviodeltaic del Fluvià - Muga - 17178-0055,508234.7,4668752.2,1693261,Nitrats
after_2007,0006,0014,F005470,Fluviodeltaic del Fluvià - Muga - 17178-0055,508234.7,4668752.2,2682262,Nitrits
after_2007,0006,0014,F005470,Fluviodeltaic del Fluvià - Muga - 17178-0055,508234.7,4668752.2,3113448,Fosfats
after_2007,0006,0014,F005472,Fluviodeltaic del Fluvià - Muga - 17178-0054,508206.67,4669775.2,1693263,Nitrats
after_2007,0006,0014,F005472,Fluviodeltaic del Fluvià - Muga - 17178-0054,508206.67,4669775.2,3349234,Nitrits
after_2007,0006,0014,F005472,Fluviodeltaic del Fluvià - Muga - 17178-0054,508206.67,4669775.2,3349240,Amoni
after_2007,0006,0014,F005472,Fluviodeltaic del Fluvià - Muga - 17178-0054,508206.67,4669775.2,3349260,Fosfats
after_2007,0006,0014,F005474,Fluviodeltaic del Fluvià - Muga - 17178-0056,507286.68,4670455.21,1693265,Nitrats
after_2007,0006,0014,F005474,Fluviodeltaic del Fluvià - Muga - 17178-0056,507286.68,4670455.21,3358677,Nitrits
after_2007,0006,0014,F005474,Fluviodeltaic del Fluvià - Muga - 17178-0056,507286.68,4670455.21,3358678,Amoni
after_2007,0006,0014,F005474,Fluviodeltaic del Fluvià - Muga - 17178-0056,507286.68,4670455.21,3358679,Fosfats
after_2007,0006,0014,F005477,Fluviodeltaic del Fluvià - Muga - 17225-0009,504821.68,4671565.23,1672402,Amoni
after_2007,0006,0014,F005477,Fluviodeltaic del Fluvià - Muga - 17225-0009,504821.68,4671565.23,1693267,Nitrats
after_2007,0006,0014,F005477,Fluviodeltaic del Fluvià - Muga - 17225-0009,504821.68,4671565.23,2682268,Nitrits
after_2007,0006,0014,F005477,Fluviodeltaic del Fluvià - Muga - 17225-0009,504821.68,4671565.23,3319330,Fosfats
after_2007,0006,0014,F005478,Fluviodeltaic del Fluvià - Muga - 17210-0025,505656.64,4665995.21,1693268,Nitrats
after_2007,0006,0014,F005478,Fluviodeltaic del Fluvià - Muga - 17210-0025,505656.64,4665995.21,3295031,Nitrits
after_2007,0006,0014,F005478,Fluviodeltaic del Fluvià - Muga - 17210-0025,505656.64,4665995.21,3295037,Amoni
after_2007,0006,0014,F005478,Fluviodeltaic del Fluvià - Muga - 17210-0025,505656.64,4665995.21,3295056,Fosfats
after_2007,0006,0014,F005481,Fluviodeltaic del Fluvià - Muga - 17005-0015,499566.72,4677302.28,1672406,Amoni
after_2007,0006,0014,F005481,Fluviodeltaic del Fluvià - Muga - 17005-0015,499566.72,4677302.28,1693271,Nitrats
after_2007,0006,0014,F005481,Fluviodeltaic del Fluvià - Muga - 17005-0015,499566.72,4677302.28,2682272,Nitrits
after_2007,0006,0014,F005481,Fluviodeltaic del Fluvià - Muga - 17005-0015,499566.72,4677302.28,3225158,Fosfats
after_2007,0006,0014,F005482,Fluviodeltaic del Fluvià - Muga - 17005-0010,499464.72,4677600.28,1672407,Amoni
after_2007,0006,0014,F005482,Fluviodeltaic del Fluvià - Muga - 17005-0010,499464.72,4677600.28,1693272,Nitrats
after_2007,0006,0014,F005482,Fluviodeltaic del Fluvià - Muga - 17005-0010,499464.72,4677600.28,2682273,Nitrits
after_2007,0006,0014,F005484,Fluviodeltaic del Baix Ter - 17062-0004,508930,4662090,1672409,Amoni
after_2007,0006,0014,F005484,Fluviodeltaic del Baix Ter - 17062-0004,508930,4662090,1693274,Nitrats
after_2007,0006,0014,F005484,Fluviodeltaic del Baix Ter - 17062-0004,508930,4662090,2682275,Nitrits
after_2007,0006,0014,F005484,Fluviodeltaic del Baix Ter - 17062-0004,508930,4662090,3225130,Fosfats
after_2007,0006,0014,F005486,Detrític neogen de l'Empordà - 17210-0041,505641.63,4665072.21,1672411,Amoni
after_2007,0006,0014,F005486,Detrític neogen de l'Empordà - 17210-0041,505641.63,4665072.21,1693276,Nitrats
after_2007,0006,0014,F005486,Detrític neogen de l'Empordà - 17210-0041,505641.63,4665072.21,2682277,Nitrits
after_2007,0006,0014,F005486,Detrític neogen de l'Empordà - 17210-0041,505641.63,4665072.21,3225143,Fosfats
after_2007,0006,0014,F005487,Detrític neogen de l'Empordà - 17210-0034,502196.64,4666605.24,1672412,Amoni
after_2007,0006,0014,F005487,Detrític neogen de l'Empordà - 17210-0034,502196.64,4666605.24,1693277,Nitrats
after_2007,0006,0014,F005487,Detrític neogen de l'Empordà - 17210-0034,502196.64,4666605.24,2682278,Nitrits
after_2007,0006,0014,F005488,Fluviodeltaic del Fluvià - Muga - 17210-0023,500563.65,4668182.25,1672413,Amoni
after_2007,0006,0014,F005488,Fluviodeltaic del Fluvià - Muga - 17210-0023,500563.65,4668182.25,1693278,Nitrats
after_2007,0006,0014,F005488,Fluviodeltaic del Fluvià - Muga - 17210-0023,500563.65,4668182.25,2682279,Nitrits
after_2007,0006,0014,F005488,Fluviodeltaic del Fluvià - Muga - 17210-0023,500563.65,4668182.25,3225142,Fosfats
after_2007,0006,0014,F005491,Fluviodeltaic del Fluvià - Muga - 17178-0050,506466.69,4673068.22,1672877,Amoni
after_2007,0006,0014,F005491,Fluviodeltaic del Fluvià - Muga - 17178-0050,506466.69,4673068.22,1693742,Nitrats
after_2007,0006,0014,F005491,Fluviodeltaic del Fluvià - Muga - 17178-0050,506466.69,4673068.22,2682743,Nitrits
after_2007,0006,0014,F005491,Fluviodeltaic del Fluvià - Muga - 17178-0050,506466.69,4673068.22,3225138,Fosfats
after_2007,0006,0014,F005506,Fluviodeltaic del Fluvià - Muga - 17047-0029,507863,4679747,1672428,Amoni
after_2007,0006,0014,F005506,Fluviodeltaic del Fluvià - Muga - 17047-0029,507863,4679747,1693293,Nitrats
after_2007,0006,0014,F005506,Fluviodeltaic del Fluvià - Muga - 17047-0029,507863,4679747,2682294,Nitrits
after_2007,0006,0014,F005506,Fluviodeltaic del Fluvià - Muga - 17047-0029,507863,4679747,3224512,Fosfats
after_2007,0006,0014,F005514,Fluviodeltaic del Fluvià - Muga - 17047-0015,507376.73,4677195.22,1673329,Amoni
after_2007,0006,0014,F005514,Fluviodeltaic del Fluvià - Muga - 17047-0015,507376.73,4677195.22,1694194,Nitrats
after_2007,0006,0014,F005514,Fluviodeltaic del Fluvià - Muga - 17047-0015,507376.73,4677195.22,2683195,Nitrits
after_2007,0006,0014,F005514,Fluviodeltaic del Fluvià - Muga - 17047-0015,507376.73,4677195.22,3231539,Fosfats
after_2007,0006,0014,F005517,Fluviodeltaic del Baix Ter - 17018-0012,507455,4658402,1672438,Amoni
after_2007,0006,0014,F005517,Fluviodeltaic del Baix Ter - 17018-0012,507455,4658402,1693303,Nitrats
after_2007,0006,0014,F005517,Fluviodeltaic del Baix Ter - 17018-0012,507455,4658402,2682304,Nitrits
after_2007,0006,0014,F005517,Fluviodeltaic del Baix Ter - 17018-0012,507455,4658402,3231538,Fosfats
after_2007,0006,0014,F005522,Fluviodeltaic del Baix Ter - 17068-0050,501581,4656051,1672443,Amoni
after_2007,0006,0014,F005522,Fluviodeltaic del Baix Ter - 17068-0050,501581,4656051,1693308,Nitrats
after_2007,0006,0014,F005522,Fluviodeltaic del Baix Ter - 17068-0050,501581,4656051,2682309,Nitrits
after_2007,0006,0014,F005522,Fluviodeltaic del Baix Ter - 17068-0050,501581,4656051,3231339,Fosfats
after_2007,0006,0014,F005523,Paleògens del Baix Ter - 17070-0007,508726.53,4651105.17,1672444,Amoni
after_2007,0006,0014,F005523,Paleògens del Baix Ter - 17070-0007,508726.53,4651105.17,1693309,Nitrats
after_2007,0006,0014,F005523,Paleògens del Baix Ter - 17070-0007,508726.53,4651105.17,2682310,Nitrits
after_2007,0006,0014,F005523,Paleògens del Baix Ter - 17070-0007,508726.53,4651105.17,3158663,Fosfats
after_2007,0006,0014,F005525,Fluviodeltaic del Baix Ter - 17018-0013,507474.59,4658402.19,1672446,Amoni
after_2007,0006,0014,F005525,Fluviodeltaic del Baix Ter - 17018-0013,507474.59,4658402.19,1693311,Nitrats
after_2007,0006,0014,F005525,Fluviodeltaic del Baix Ter - 17018-0013,507474.59,4658402.19,2682312,Nitrits
after_2007,0006,0014,F005525,Fluviodeltaic del Baix Ter - 17018-0013,507474.59,4658402.19,3232315,Fosfats
after_2007,0006,0014,F005533,Fluviodeltaic del Baix Ter - 17070-0008,506916.54,4652525.18,1672454,Amoni
after_2007,0006,0014,F005533,Fluviodeltaic del Baix Ter - 17070-0008,506916.54,4652525.18,1693319,Nitrats
after_2007,0006,0014,F005533,Fluviodeltaic del Baix Ter - 17070-0008,506916.54,4652525.18,2682320,Nitrits
after_2007,0006,0014,F005533,Fluviodeltaic del Baix Ter - 17070-0008,506916.54,4652525.18,3158225,Fosfats
after_2007,0006,0014,F005545,Fluviodeltaic del Baix Ter - 17211-0025,503712,4656215,1672465,Amoni
after_2007,0006,0014,F005545,Fluviodeltaic del Baix Ter - 17211-0025,503712,4656215,1693330,Nitrats
after_2007,0006,0014,F005545,Fluviodeltaic del Baix Ter - 17211-0025,503712,4656215,2682331,Nitrits
after_2007,0006,0014,F005545,Fluviodeltaic del Baix Ter - 17211-0025,503712,4656215,3225181,Fosfats
after_2007,0006,0014,F005546,Fluviodeltaic del Baix Ter - 17085-0008,500731.57,4657870.24,1672466,Amoni
after_2007,0006,0014,F005546,Fluviodeltaic del Baix Ter - 17085-0008,500731.57,4657870.24,1693331,Nitrats
after_2007,0006,0014,F005546,Fluviodeltaic del Baix Ter - 17085-0008,500731.57,4657870.24,2682332,Nitrits
after_2007,0006,0014,F005546,Fluviodeltaic del Baix Ter - 17085-0008,500731.57,4657870.24,3225165,Fosfats
after_2007,0006,0014,F005555,Paleògens del Baix Ter - 17085-0012,500560,4658596,1673331,Amoni
after_2007,0006,0014,F005555,Paleògens del Baix Ter - 17085-0012,500560,4658596,1694196,Nitrats
after_2007,0006,0014,F005555,Paleògens del Baix Ter - 17085-0012,500560,4658596,2683197,Nitrits
after_2007,0006,0014,F005555,Paleògens del Baix Ter - 17085-0012,500560,4658596,3225166,Fosfats
after_2007,0006,0014,F005557,Paleògens del Baix Ter - 17085-0007,500756.57,4658195.24,1672959,Amoni
after_2007,0006,0014,F005557,Paleògens del Baix Ter - 17085-0007,500756.57,4658195.24,1693824,Nitrats
after_2007,0006,0014,F005557,Paleògens del Baix Ter - 17085-0007,500756.57,4658195.24,2682825,Nitrits
after_2007,0006,0014,F005557,Paleògens del Baix Ter - 17085-0007,500756.57,4658195.24,3225164,Fosfats
after_2007,0006,0014,F005564,Fluviodeltaic del Baix Ter - 17081-0004,508514.55,4653530.17,1672966,Amoni
after_2007,0006,0014,F005564,Fluviodeltaic del Baix Ter - 17081-0004,508514.55,4653530.17,1693831,Nitrats
after_2007,0006,0014,F005564,Fluviodeltaic del Baix Ter - 17081-0004,508514.55,4653530.17,2682832,Nitrits
after_2007,0006,0014,F005564,Fluviodeltaic del Baix Ter - 17081-0004,508514.55,4653530.17,3231548,Fosfats
after_2007,0006,0014,F005566,Fluviodeltaic del Baix Ter - 17018-0009,507679,4658131,1672968,Amoni
after_2007,0006,0014,F005566,Fluviodeltaic del Baix Ter - 17018-0009,507679,4658131,1693833,Nitrats
after_2007,0006,0014,F005566,Fluviodeltaic del Baix Ter - 17018-0009,507679,4658131,2682834,Nitrits
after_2007,0006,0014,F005566,Fluviodeltaic del Baix Ter - 17018-0009,507679,4658131,3224380,Fosfats
after_2007,0006,0014,F005581,Fluviodeltaic del Baix Ter - 17018-0014,509417,4660795,1672980,Amoni
after_2007,0006,0014,F005581,Fluviodeltaic del Baix Ter - 17018-0014,509417,4660795,1693845,Nitrats
after_2007,0006,0014,F005581,Fluviodeltaic del Baix Ter - 17018-0014,509417,4660795,2682846,Nitrits
after_2007,0006,0014,F005581,Fluviodeltaic del Baix Ter - 17018-0014,509417,4660795,3113442,Fosfats
after_2007,0006,0014,F005583,Fluviodeltaic del Baix Ter - 17199-0029,515786.54,4651312.11,1672982,Amoni
after_2007,0006,0014,F005583,Fluviodeltaic del Baix Ter - 17199-0029,515786.54,4651312.11,1693847,Nitrats
after_2007,0006,0014,F005583,Fluviodeltaic del Baix Ter - 17199-0029,515786.54,4651312.11,2682848,Nitrits
after_2007,0006,0014,F005583,Fluviodeltaic del Baix Ter - 17199-0029,515786.54,4651312.11,3223708,Fosfats
after_2007,0006,0014,F005588,Fluviodeltaic del Baix Ter - 17070-0014,512212,4649890,1672987,Amoni
after_2007,0006,0014,F005588,Fluviodeltaic del Baix Ter - 17070-0014,512212,4649890,1693852,Nitrats
after_2007,0006,0014,F005588,Fluviodeltaic del Baix Ter - 17070-0014,512212,4649890,2682853,Nitrits
after_2007,0006,0014,F005589,Fluviodeltaic del Baix Ter - 17199-0044,510868,4653863,1672988,Amoni
after_2007,0006,0014,F005589,Fluviodeltaic del Baix Ter - 17199-0044,510868,4653863,1693853,Nitrats
after_2007,0006,0014,F005589,Fluviodeltaic del Baix Ter - 17199-0044,510868,4653863,2682854,Nitrits
after_2007,0006,0014,F005589,Fluviodeltaic del Baix Ter - 17199-0044,510868,4653863,3223709,Fosfats
after_2007,0006,0014,F005590,Fluviodeltaic del Baix Ter - 17199-0031,514182,4652845,1672989,Amoni
after_2007,0006,0014,F005590,Fluviodeltaic del Baix Ter - 17199-0031,514182,4652845,1693854,Nitrats
after_2007,0006,0014,F005590,Fluviodeltaic del Baix Ter - 17199-0031,514182,4652845,2682855,Nitrits
after_2007,0006,0014,F005590,Fluviodeltaic del Baix Ter - 17199-0031,514182,4652845,3224915,Fosfats
after_2007,0006,0014,F005591,Fluviodeltaic del Baix Ter - 17004-0020,506153,4661672,1672990,Amoni
after_2007,0006,0014,F005591,Fluviodeltaic del Baix Ter - 17004-0020,506153,4661672,1693855,Nitrats
after_2007,0006,0014,F005591,Fluviodeltaic del Baix Ter - 17004-0020,506153,4661672,2682856,Nitrits
after_2007,0006,0014,F005591,Fluviodeltaic del Baix Ter - 17004-0020,506153,4661672,3283878,Fosfats
after_2007,0006,0014,F005594,Fluviodeltaic del Baix Ter - 17199-0028,514207,4651945,3376687,Nitrats
after_2007,0006,0014,F005606,Paleògens del Baix Ter - 17004-0008,506031.61,4661630.2,1673004,Amoni
after_2007,0006,0014,F005606,Paleògens del Baix Ter - 17004-0008,506031.61,4661630.2,1693869,Nitrats
after_2007,0006,0014,F005606,Paleògens del Baix Ter - 17004-0008,506031.61,4661630.2,2682870,Nitrits
after_2007,0006,0014,F005606,Paleògens del Baix Ter - 17004-0008,506031.61,4661630.2,3225127,Fosfats
after_2007,0006,0014,F005607,Fluviodeltaic del Baix Ter - 17191-0021,505732,4653176,1673005,Amoni
after_2007,0006,0014,F005607,Fluviodeltaic del Baix Ter - 17191-0021,505732,4653176,1693870,Nitrats
after_2007,0006,0014,F005607,Fluviodeltaic del Baix Ter - 17191-0021,505732,4653176,2682871,Nitrits
after_2007,0006,0014,F005607,Fluviodeltaic del Baix Ter - 17191-0021,505732,4653176,3229703,Fosfats
after_2007,0006,0014,F005613,Fluviodeltaic del Baix Ter - 17195-0028,506546.56,4655570.19,1673011,Amoni
after_2007,0006,0014,F005613,Fluviodeltaic del Baix Ter - 17195-0028,506546.56,4655570.19,1693876,Nitrats
after_2007,0006,0014,F005613,Fluviodeltaic del Baix Ter - 17195-0028,506546.56,4655570.19,2682877,Nitrits
after_2007,0006,0014,F005613,Fluviodeltaic del Baix Ter - 17195-0028,506546.56,4655570.19,3231549,Fosfats
after_2007,0006,0014,F005615,Fluviodeltaic del Baix Ter - 17070-0009,507227,4653526,1673013,Amoni
after_2007,0006,0014,F005615,Fluviodeltaic del Baix Ter - 17070-0009,507227,4653526,1693878,Nitrats
after_2007,0006,0014,F005615,Fluviodeltaic del Baix Ter - 17070-0009,507227,4653526,2682879,Nitrits
after_2007,0006,0014,F005615,Fluviodeltaic del Baix Ter - 17070-0009,507227,4653526,3229314,Fosfats
after_2007,0006,0014,F005617,Fluviodeltaic del Baix Ter - 17004-0007,508812,4661543,1673014,Amoni
after_2007,0006,0014,F005617,Fluviodeltaic del Baix Ter - 17004-0007,508812,4661543,1693879,Nitrats
after_2007,0006,0014,F005617,Fluviodeltaic del Baix Ter - 17004-0007,508812,4661543,2682880,Nitrits
after_2007,0006,0014,F005617,Fluviodeltaic del Baix Ter - 17004-0007,508812,4661543,3225126,Fosfats
after_2007,0006,0014,F005642,Al·luvials de la baixa i delta de la Tordera - 08155-0084,479419,4614675,1673038,Amoni
after_2007,0006,0014,F005642,Al·luvials de la baixa i delta de la Tordera - 08155-0084,479419,4614675,1693903,Nitrats
after_2007,0006,0014,F005642,Al·luvials de la baixa i delta de la Tordera - 08155-0084,479419,4614675,2682904,Nitrits
after_2007,0006,0014,F005642,Al·luvials de la baixa i delta de la Tordera - 08155-0084,479419,4614675,3228933,Fosfats
after_2007,0006,0014,F005645,Al·luvials de la baixa i delta de la Tordera - 08110-0025,480950.19,4611817.32,1668868,Fosfats
after_2007,0006,0014,F005645,Al·luvials de la baixa i delta de la Tordera - 08110-0025,480950.19,4611817.32,1673041,Amoni
after_2007,0006,0014,F005645,Al·luvials de la baixa i delta de la Tordera - 08110-0025,480950.19,4611817.32,1693906,Nitrats
after_2007,0006,0014,F005645,Al·luvials de la baixa i delta de la Tordera - 08110-0025,480950.19,4611817.32,2682907,Nitrits
after_2007,0006,0014,F005663,Maresme - 08284-0121,467384.16,4611028.42,1673056,Amoni
after_2007,0006,0014,F005663,Maresme - 08284-0121,467384.16,4611028.42,1693921,Nitrats
after_2007,0006,0014,F005663,Maresme - 08284-0121,467384.16,4611028.42,2682922,Nitrits
after_2007,0006,0014,F005663,Maresme - 08284-0121,467384.16,4611028.42,3229047,Fosfats
after_2007,0006,0014,F005667,Al·luvials de la baixa i delta de la Tordera - 08110-0140,479442,4611079,1668887,Fosfats
after_2007,0006,0014,F005667,Al·luvials de la baixa i delta de la Tordera - 08110-0140,479442,4611079,1673060,Amoni
after_2007,0006,0014,F005667,Al·luvials de la baixa i delta de la Tordera - 08110-0140,479442,4611079,1693925,Nitrats
after_2007,0006,0014,F005667,Al·luvials de la baixa i delta de la Tordera - 08110-0140,479442,4611079,2682926,Nitrits
after_2007,0006,0014,F005670,Al·luvials de la baixa i delta de la Tordera - 08110-0013,480474,4612055,1668890,Fosfats
after_2007,0006,0014,F005670,Al·luvials de la baixa i delta de la Tordera - 08110-0013,480474,4612055,1673063,Amoni
after_2007,0006,0014,F005670,Al·luvials de la baixa i delta de la Tordera - 08110-0013,480474,4612055,1693928,Nitrats
after_2007,0006,0014,F005670,Al·luvials de la baixa i delta de la Tordera - 08110-0013,480474,4612055,2682929,Nitrits
after_2007,0006,0014,F005675,Al·luvials de la baixa i delta de la Tordera - 08110-0023,480318.19,4612501.32,1668894,Fosfats
after_2007,0006,0014,F005675,Al·luvials de la baixa i delta de la Tordera - 08110-0023,480318.19,4612501.32,1673067,Amoni
after_2007,0006,0014,F005675,Al·luvials de la baixa i delta de la Tordera - 08110-0023,480318.19,4612501.32,1693932,Nitrats
after_2007,0006,0014,F005675,Al·luvials de la baixa i delta de la Tordera - 08110-0023,480318.19,4612501.32,2682933,Nitrits
after_2007,0006,0014,F005698,Al·luvials de la baixa i delta de la Tordera - 08155-0096,479956,4612845,1668916,Fosfats
after_2007,0006,0014,F005698,Al·luvials de la baixa i delta de la Tordera - 08155-0096,479956,4612845,1673089,Amoni
after_2007,0006,0014,F005698,Al·luvials de la baixa i delta de la Tordera - 08155-0096,479956,4612845,1693954,Nitrats
after_2007,0006,0014,F005698,Al·luvials de la baixa i delta de la Tordera - 08155-0096,479956,4612845,2682955,Nitrits
after_2007,0006,0014,F005712,Maresme - 08284-0122,468338.16,4610806.41,1673102,Amoni
after_2007,0006,0014,F005712,Maresme - 08284-0122,468338.16,4610806.41,1693967,Nitrats
after_2007,0006,0014,F005712,Maresme - 08284-0122,468338.16,4610806.41,2682968,Nitrits
after_2007,0006,0014,F005712,Maresme - 08284-0122,468338.16,4610806.41,3229048,Fosfats
after_2007,0006,0014,F005713,Maresme - 08284-0106,468589.16,4610941.41,1673103,Amoni
after_2007,0006,0014,F005713,Maresme - 08284-0106,468589.16,4610941.41,1693968,Nitrats
after_2007,0006,0014,F005713,Maresme - 08284-0106,468589.16,4610941.41,2682969,Nitrits
after_2007,0006,0014,F005713,Maresme - 08284-0106,468589.16,4610941.41,3273796,Fosfats
after_2007,0006,0014,F005714,Maresme - 08284-0105,468385.17,4611193.41,1673104,Amoni
after_2007,0006,0014,F005714,Maresme - 08284-0105,468385.17,4611193.41,1693969,Nitrats
after_2007,0006,0014,F005714,Maresme - 08284-0105,468385.17,4611193.41,2682970,Nitrits
after_2007,0006,0014,F005714,Maresme - 08284-0105,468385.17,4611193.41,3229046,Fosfats
after_2007,0006,0014,F005717,Al·luvials de la baixa i delta de la Tordera - 08110-0185,480487,4611088,1668934,Fosfats
after_2007,0006,0014,F005717,Al·luvials de la baixa i delta de la Tordera - 08110-0185,480487,4611088,1673107,Amoni
after_2007,0006,0014,F005717,Al·luvials de la baixa i delta de la Tordera - 08110-0185,480487,4611088,1693972,Nitrats
after_2007,0006,0014,F005717,Al·luvials de la baixa i delta de la Tordera - 08110-0185,480487,4611088,2682973,Nitrits
after_2007,0006,0014,F005721,Al·luvials de la baixa i delta de la Tordera - 08110-0029,479935,4611027,1668938,Fosfats
after_2007,0006,0014,F005721,Al·luvials de la baixa i delta de la Tordera - 08110-0029,479935,4611027,1673111,Amoni
after_2007,0006,0014,F005721,Al·luvials de la baixa i delta de la Tordera - 08110-0029,479935,4611027,1693976,Nitrats
after_2007,0006,0014,F005721,Al·luvials de la baixa i delta de la Tordera - 08110-0029,479935,4611027,2682977,Nitrits
after_2007,0006,0014,F005728,Al·luvials de la baixa i delta de la Tordera - 08284-0097,474360,4618389,1673117,Amoni
after_2007,0006,0014,F005728,Al·luvials de la baixa i delta de la Tordera - 08284-0097,474360,4618389,1693982,Nitrats
after_2007,0006,0014,F005728,Al·luvials de la baixa i delta de la Tordera - 08284-0097,474360,4618389,2682983,Nitrits
after_2007,0006,0014,F005729,N/D - Subterrània - 08284-0104,470048.1,4616186.5,1673118,Amoni
after_2007,0006,0014,F005729,N/D - Subterrània - 08284-0104,470048.1,4616186.5,1693983,Nitrats
after_2007,0006,0014,F005729,N/D - Subterrània - 08284-0104,470048.1,4616186.5,2682984,Nitrits
after_2007,0006,0014,F005729,N/D - Subterrània - 08284-0104,470048.1,4616186.5,3231537,Fosfats
after_2007,0006,0014,F005730,N/D - Subterrània - 08284-0109,474050,4615690,1673119,Amoni
after_2007,0006,0014,F005730,N/D - Subterrània - 08284-0109,474050,4615690,1693984,Nitrats
after_2007,0006,0014,F005730,N/D - Subterrània - 08284-0109,474050,4615690,2682985,Nitrits
after_2007,0006,0014,F005730,N/D - Subterrània - 08284-0109,474050,4615690,3232274,Fosfats
after_2007,0006,0014,F005754,Al·luvials de la baixa i delta de la Tordera - 17023-0099,481226,4611835,1668967,Fosfats
after_2007,0006,0014,F005754,Al·luvials de la baixa i delta de la Tordera - 17023-0099,481226,4611835,1673140,Amoni
after_2007,0006,0014,F005754,Al·luvials de la baixa i delta de la Tordera - 17023-0099,481226,4611835,1694005,Nitrats
after_2007,0006,0014,F005754,Al·luvials de la baixa i delta de la Tordera - 17023-0099,481226,4611835,2683006,Nitrits
after_2007,0006,0014,F005755,Al·luvials de la baixa i delta de la Tordera - 17023-0076,481566,4612035,1668968,Fosfats
after_2007,0006,0014,F005755,Al·luvials de la baixa i delta de la Tordera - 17023-0076,481566,4612035,1673141,Amoni
after_2007,0006,0014,F005755,Al·luvials de la baixa i delta de la Tordera - 17023-0076,481566,4612035,1694006,Nitrats
after_2007,0006,0014,F005755,Al·luvials de la baixa i delta de la Tordera - 17023-0076,481566,4612035,2683007,Nitrits
after_2007,0006,0014,F005761,Al·luvials de la baixa i delta de la Tordera - 17023-0081,480006,4613855,1668974,Fosfats
after_2007,0006,0014,F005761,Al·luvials de la baixa i delta de la Tordera - 17023-0081,480006,4613855,1673147,Amoni
after_2007,0006,0014,F005761,Al·luvials de la baixa i delta de la Tordera - 17023-0081,480006,4613855,1694012,Nitrats
after_2007,0006,0014,F005761,Al·luvials de la baixa i delta de la Tordera - 17023-0081,480006,4613855,2683013,Nitrits
after_2007,0006,0014,F005765,Al·luvials de la baixa i delta de la Tordera - 08110-0142,480423,4612106,1673151,Amoni
after_2007,0006,0014,F005765,Al·luvials de la baixa i delta de la Tordera - 08110-0142,480423,4612106,1694016,Nitrats
after_2007,0006,0014,F005765,Al·luvials de la baixa i delta de la Tordera - 08110-0142,480423,4612106,2683017,Nitrits
after_2007,0006,0014,F005765,Al·luvials de la baixa i delta de la Tordera - 08110-0142,480423,4612106,4286579,Fosfats
after_2007,0006,0014,F005863,Vall baixa i Delta del Llobregat - 08089-0035,415670.78,4571456.75,1672687,Amoni
after_2007,0006,0014,F005863,Vall baixa i Delta del Llobregat - 08089-0035,415670.78,4571456.75,1693552,Nitrats
after_2007,0006,0014,F005863,Vall baixa i Delta del Llobregat - 08089-0035,415670.78,4571456.75,2682553,Nitrits
after_2007,0006,0014,F005863,Vall baixa i Delta del Llobregat - 08089-0035,415670.78,4571456.75,3119851,Fosfats
after_2007,0006,0014,F005866,Cubeta d'Abrera - 08076-0071,407941,4598584,1668517,Fosfats
after_2007,0006,0014,F005866,Cubeta d'Abrera - 08076-0071,407941,4598584,1672690,Amoni
after_2007,0006,0014,F005866,Cubeta d'Abrera - 08076-0071,407941,4598584,1693555,Nitrats
after_2007,0006,0014,F005866,Cubeta d'Abrera - 08076-0071,407941,4598584,2682556,Nitrits
after_2007,0006,0014,F005893,Vall baixa i Delta del Llobregat - 08301-0035,420296,4572886,1672714,Amoni
after_2007,0006,0014,F005893,Vall baixa i Delta del Llobregat - 08301-0035,420296,4572886,1693579,Nitrats
after_2007,0006,0014,F005893,Vall baixa i Delta del Llobregat - 08301-0035,420296,4572886,2682580,Nitrits
after_2007,0006,0014,F005893,Vall baixa i Delta del Llobregat - 08301-0035,420296,4572886,3119852,Fosfats
after_2007,0006,0014,F005926,Vall baixa i Delta del Llobregat - 08217-0004,420723,4579266,1672744,Amoni
after_2007,0006,0014,F005926,Vall baixa i Delta del Llobregat - 08217-0004,420723,4579266,1693609,Nitrats
after_2007,0006,0014,F005926,Vall baixa i Delta del Llobregat - 08217-0004,420723,4579266,2682610,Nitrits
after_2007,0006,0014,F005926,Vall baixa i Delta del Llobregat - 08217-0004,420723,4579266,3119856,Fosfats
after_2007,0006,0014,F005928,Vall baixa i Delta del Llobregat - 08123-0012,417546,4584666,1668573,Fosfats
after_2007,0006,0014,F005928,Vall baixa i Delta del Llobregat - 08123-0012,417546,4584666,1672746,Amoni
after_2007,0006,0014,F005928,Vall baixa i Delta del Llobregat - 08123-0012,417546,4584666,1693611,Nitrats
after_2007,0006,0014,F005928,Vall baixa i Delta del Llobregat - 08123-0012,417546,4584666,2682612,Nitrits
after_2007,0006,0014,F006913,N/D - Subterrània - 17002-0009,481357,4643140,3074464,Amoni
after_2007,0006,0014,F006913,N/D - Subterrània - 17002-0009,481357,4643140,3074465,Nitrats
after_2007,0006,0014,F006913,N/D - Subterrània - 17002-0009,481357,4643140,3074466,Nitrits
after_2007,0006,0014,F006913,N/D - Subterrània - 17002-0009,481357,4643140,3114307,Fosfats
after_2007,0006,0014,F006916,Al·luvials del Vallès - 08107-0030,436571.09,4607668.65,3064355,Amoni
after_2007,0006,0014,F006916,Al·luvials del Vallès - 08107-0030,436571.09,4607668.65,3064356,Nitrats
after_2007,0006,0014,F006916,Al·luvials del Vallès - 08107-0030,436571.09,4607668.65,3064357,Nitrits
after_2007,0006,0014,F006916,Al·luvials del Vallès - 08107-0030,436571.09,4607668.65,3113682,Fosfats
after_2007,0006,0014,F006919,Conca alta de la Muga - 17041-0002,494832.85,4696260.34,3075633,Amoni
after_2007,0006,0014,F006919,Conca alta de la Muga - 17041-0002,494832.85,4696260.34,3075656,Nitrats
after_2007,0006,0014,F006919,Conca alta de la Muga - 17041-0002,494832.85,4696260.34,3075657,Nitrits
after_2007,0006,0014,F006919,Conca alta de la Muga - 17041-0002,494832.85,4696260.34,3279706,Fosfats
after_2007,0006,0014,F006925,Bloc del Gaià-Bonastre - 43132-0006,369080.71,4570671.1,3047932,Nitrits
after_2007,0006,0014,F006925,Bloc del Gaià-Bonastre - 43132-0006,369080.71,4570671.1,3047933,Nitrats
after_2007,0006,0014,F006925,Bloc del Gaià-Bonastre - 43132-0006,369080.71,4570671.1,3047961,Amoni
after_2007,0006,0014,F006925,Bloc del Gaià-Bonastre - 43132-0006,369080.71,4570671.1,3234912,Fosfats
after_2007,0006,0014,F006926,Massís Axial Pirenaic_Cat - 25140-0035,357212,4698874,3155688,Amoni
after_2007,0006,0014,F006926,Massís Axial Pirenaic_Cat - 25140-0035,357212,4698874,3155694,Fosfats
after_2007,0006,0014,F006926,Massís Axial Pirenaic_Cat - 25140-0035,357212,4698874,3155711,Nitrats
after_2007,0006,0014,F006926,Massís Axial Pirenaic_Cat - 25140-0035,357212,4698874,3155712,Nitrits
after_2007,0006,0014,F006927,Calcàries de l'Alt Foix-Gaià - 43120-0013,366221,4587298,3047970,Nitrits
after_2007,0006,0014,F006927,Calcàries de l'Alt Foix-Gaià - 43120-0013,366221,4587298,3047971,Nitrats
after_2007,0006,0014,F006927,Calcàries de l'Alt Foix-Gaià - 43120-0013,366221,4587298,3047999,Amoni
after_2007,0006,0014,F006927,Calcàries de l'Alt Foix-Gaià - 43120-0013,366221,4587298,3234910,Fosfats
after_2007,0006,0014,F006931,Priorat - 43174-0011,312106,4565730,3225942,Amoni
after_2007,0006,0014,F006931,Priorat - 43174-0011,312106,4565730,3225967,Nitrats
after_2007,0006,0014,F006931,Priorat - 43174-0011,312106,4565730,3225968,Nitrits
after_2007,0006,0014,F006931,Priorat - 43174-0011,312106,4565730,3295608,Fosfats
after_2007,0006,0014,F006937,N/D - Subterrània - 17002-0013,481329,4643137,3073236,Amoni
after_2007,0006,0014,F006937,N/D - Subterrània - 17002-0013,481329,4643137,3073237,Nitrats
after_2007,0006,0014,F006937,N/D - Subterrània - 17002-0013,481329,4643137,3073238,Nitrits
after_2007,0006,0014,F006937,N/D - Subterrània - 17002-0013,481329,4643137,3113663,Fosfats
after_2007,0006,0014,F006938,La Cerdanya - 17006-0012,410903,4686319,3158520,Amoni
after_2007,0006,0014,F006938,La Cerdanya - 17006-0012,410903,4686319,3158527,Fosfats
after_2007,0006,0014,F006938,La Cerdanya - 17006-0012,410903,4686319,3158544,Nitrats
after_2007,0006,0014,F006938,La Cerdanya - 17006-0012,410903,4686319,3158545,Nitrits
after_2007,0006,0014,F006945,Conca alta de la Muga - 17031-0026,479544,4680317,3075162,Amoni
after_2007,0006,0014,F006945,Conca alta de la Muga - 17031-0026,479544,4680317,3075185,Nitrats
after_2007,0006,0014,F006945,Conca alta de la Muga - 17031-0026,479544,4680317,3075186,Nitrits
after_2007,0006,0014,F006945,Conca alta de la Muga - 17031-0026,479544,4680317,3120981,Fosfats
after_2007,0006,0014,F006952,Plioquaternari de l'Onyar - 17038-0011,486141.4,4637988.32,3070953,Amoni
after_2007,0006,0014,F006952,Plioquaternari de l'Onyar - 17038-0011,486141.4,4637988.32,3070954,Nitrats
after_2007,0006,0014,F006952,Plioquaternari de l'Onyar - 17038-0011,486141.4,4637988.32,3070955,Nitrits
after_2007,0006,0014,F006952,Plioquaternari de l'Onyar - 17038-0011,486141.4,4637988.32,3113669,Fosfats
after_2007,0006,0014,F006953,Plioquaternari de l'Onyar - 17038-0012,485950,4638270,3099543,Nitrits
after_2007,0006,0014,F006953,Plioquaternari de l'Onyar - 17038-0012,485950,4638270,3099544,Nitrats
after_2007,0006,0014,F006953,Plioquaternari de l'Onyar - 17038-0012,485950,4638270,3099545,Amoni
after_2007,0006,0014,F006953,Plioquaternari de l'Onyar - 17038-0012,485950,4638270,3113942,Fosfats
after_2007,0006,0014,F006954,Plioquaternari de l'Onyar - 17038-0013,486143.4,4637985.32,3113670,Amoni
after_2007,0006,0014,F006954,Plioquaternari de l'Onyar - 17038-0013,486143.4,4637985.32,3113671,Fosfats
after_2007,0006,0014,F006954,Plioquaternari de l'Onyar - 17038-0013,486143.4,4637985.32,3113672,Nitrats
after_2007,0006,0014,F006954,Plioquaternari de l'Onyar - 17038-0013,486143.4,4637985.32,3113673,Nitrits
after_2007,0006,0014,F006955,Conca alta del Fluvià - 17039-0007,456776,4685755,3068793,Nitrits
after_2007,0006,0014,F006955,Conca alta del Fluvià - 17039-0007,456776,4685755,3068794,Nitrats
after_2007,0006,0014,F006955,Conca alta del Fluvià - 17039-0007,456776,4685755,3068817,Amoni
after_2007,0006,0014,F006955,Conca alta del Fluvià - 17039-0007,456776,4685755,3119928,Fosfats
after_2007,0006,0014,F006962,N/D - Subterrània - 17090-0009,487538,4640950,3099540,Nitrits
after_2007,0006,0014,F006962,N/D - Subterrània - 17090-0009,487538,4640950,3099541,Nitrats
after_2007,0006,0014,F006962,N/D - Subterrània - 17090-0009,487538,4640950,3099542,Amoni
after_2007,0006,0014,F006962,N/D - Subterrània - 17090-0009,487538,4640950,3113943,Fosfats
after_2007,0006,0014,F006963,Plioquaternari de l'Onyar - 17142-0010,487595,4642040,3074327,Amoni
after_2007,0006,0014,F006963,Plioquaternari de l'Onyar - 17142-0010,487595,4642040,3074328,Nitrats
after_2007,0006,0014,F006963,Plioquaternari de l'Onyar - 17142-0010,487595,4642040,3074329,Nitrits
after_2007,0006,0014,F006963,Plioquaternari de l'Onyar - 17142-0010,487595,4642040,3235472,Fosfats
after_2007,0006,0014,F006964,Plioquaternari de l'Onyar - 17090-0010,487466,4640512,3077028,Amoni
after_2007,0006,0014,F006964,Plioquaternari de l'Onyar - 17090-0010,487466,4640512,3077029,Nitrats
after_2007,0006,0014,F006964,Plioquaternari de l'Onyar - 17090-0010,487466,4640512,3077030,Nitrits
after_2007,0006,0014,F006964,Plioquaternari de l'Onyar - 17090-0010,487466,4640512,3114313,Fosfats
after_2007,0006,0014,F006965,Conca alta de Freser i Ter  - 17091-0004,445334,4684259,3068826,Nitrits
after_2007,0006,0014,F006965,Conca alta de Freser i Ter  - 17091-0004,445334,4684259,3068827,Nitrats
after_2007,0006,0014,F006965,Conca alta de Freser i Ter  - 17091-0004,445334,4684259,3068850,Amoni
after_2007,0006,0014,F006965,Conca alta de Freser i Ter  - 17091-0004,445334,4684259,3119929,Fosfats
after_2007,0006,0014,F006966,Baixa Garrotxa-Pla de l'Estany - 17098-0010,478428.6,4672145.4,3078419,Amoni
after_2007,0006,0014,F006966,Baixa Garrotxa-Pla de l'Estany - 17098-0010,478428.6,4672145.4,3078442,Nitrats
after_2007,0006,0014,F006966,Baixa Garrotxa-Pla de l'Estany - 17098-0010,478428.6,4672145.4,3078443,Nitrits
after_2007,0006,0014,F006966,Baixa Garrotxa-Pla de l'Estany - 17098-0010,478428.6,4672145.4,3344682,Fosfats
after_2007,0006,0014,F006976,Conca alta de Freser i Ter  - 17112-0020,441230,4678570,3068859,Nitrits
after_2007,0006,0014,F006976,Conca alta de Freser i Ter  - 17112-0020,441230,4678570,3068860,Nitrats
after_2007,0006,0014,F006976,Conca alta de Freser i Ter  - 17112-0020,441230,4678570,3068883,Amoni
after_2007,0006,0014,F006976,Conca alta de Freser i Ter  - 17112-0020,441230,4678570,3119934,Fosfats
after_2007,0006,0014,F006982,Conca alta de Freser i Ter  - 17145-0002,431549.39,4685900.53,3070799,Amoni
after_2007,0006,0014,F006982,Conca alta de Freser i Ter  - 17145-0002,431549.39,4685900.53,3070822,Nitrats
after_2007,0006,0014,F006982,Conca alta de Freser i Ter  - 17145-0002,431549.39,4685900.53,3070823,Nitrits
after_2007,0006,0014,F006982,Conca alta de Freser i Ter  - 17145-0002,431549.39,4685900.53,3119931,Fosfats
after_2007,0006,0014,F006993,Plioquaternari de l'Onyar - 17157-0007,485527,4635665,3072323,Amoni
after_2007,0006,0014,F006993,Plioquaternari de l'Onyar - 17157-0007,485527,4635665,3072324,Nitrats
after_2007,0006,0014,F006993,Plioquaternari de l'Onyar - 17157-0007,485527,4635665,3072325,Nitrits
after_2007,0006,0014,F006993,Plioquaternari de l'Onyar - 17157-0007,485527,4635665,3114314,Fosfats
after_2007,0006,0014,F006994,Plioquaternari de l'Onyar - 17157-0008,485362,4635938,3072320,Amoni
after_2007,0006,0014,F006994,Plioquaternari de l'Onyar - 17157-0008,485362,4635938,3072321,Nitrats
after_2007,0006,0014,F006994,Plioquaternari de l'Onyar - 17157-0008,485362,4635938,3072322,Nitrits
after_2007,0006,0014,F006994,Plioquaternari de l'Onyar - 17157-0008,485362,4635938,3113944,Fosfats
after_2007,0006,0014,F007005,Fluviovolcànic de la Garrotxa - 17185-0015,458443,4673238.3,4139648,Nitrits
after_2007,0006,0014,F007005,Fluviovolcànic de la Garrotxa - 17185-0015,458443,4673238.3,4139649,Nitrats
after_2007,0006,0014,F007005,Fluviovolcànic de la Garrotxa - 17185-0015,458443,4673238.3,4139654,Amoni
after_2007,0006,0014,F007005,Fluviovolcànic de la Garrotxa - 17185-0015,458443,4673238.3,4139660,Fosfats
after_2007,0006,0014,F007006,Al·luvials de l'Albera i Cap de Creus - 17188-0004,515301,4685535,3075228,Amoni
after_2007,0006,0014,F007006,Al·luvials de l'Albera i Cap de Creus - 17188-0004,515301,4685535,3075251,Nitrats
after_2007,0006,0014,F007006,Al·luvials de l'Albera i Cap de Creus - 17188-0004,515301,4685535,3075252,Nitrits
after_2007,0006,0014,F007006,Al·luvials de l'Albera i Cap de Creus - 17188-0004,515301,4685535,3120792,Fosfats
after_2007,0006,0014,F007010,Plioquaternari de l'Onyar - 17215-0006,481171,4644989,3074330,Amoni
after_2007,0006,0014,F007010,Plioquaternari de l'Onyar - 17215-0006,481171,4644989,3074331,Nitrats
after_2007,0006,0014,F007010,Plioquaternari de l'Onyar - 17215-0006,481171,4644989,3074332,Nitrits
after_2007,0006,0014,F007010,Plioquaternari de l'Onyar - 17215-0006,481171,4644989,3114315,Fosfats
after_2007,0006,0014,F007011,Plioquaternari de l'Onyar - 17215-0007,482824,4644273,3074333,Amoni
after_2007,0006,0014,F007011,Plioquaternari de l'Onyar - 17215-0007,482824,4644273,3074334,Nitrats
after_2007,0006,0014,F007011,Plioquaternari de l'Onyar - 17215-0007,482824,4644273,3074335,Nitrits
after_2007,0006,0014,F007011,Plioquaternari de l'Onyar - 17215-0007,482824,4644273,3114316,Fosfats
after_2007,0006,0014,F007014,Conca alta de Freser i Ter  - 17224-0014,442631.05,4683798.87,3068892,Nitrits
after_2007,0006,0014,F007014,Conca alta de Freser i Ter  - 17224-0014,442631.05,4683798.87,3068893,Nitrats
after_2007,0006,0014,F007014,Conca alta de Freser i Ter  - 17224-0014,442631.05,4683798.87,3068916,Amoni
after_2007,0006,0014,F007014,Conca alta de Freser i Ter  - 17224-0014,442631.05,4683798.87,3119936,Fosfats
after_2007,0006,0014,F007015,N/D - Subterrània - 25007-0001,301438,4603535,3116706,Amoni
after_2007,0006,0014,F007015,N/D - Subterrània - 25007-0001,301438,4603535,3116707,Fosfats
after_2007,0006,0014,F007015,N/D - Subterrània - 25007-0001,301438,4603535,3116708,Nitrats
after_2007,0006,0014,F007015,N/D - Subterrània - 25007-0001,301438,4603535,3116709,Nitrits
after_2007,0006,0014,F007016,N/D - Subterrània - 25007-0002,301223,4605382,3116710,Amoni
after_2007,0006,0014,F007016,N/D - Subterrània - 25007-0002,301223,4605382,3116711,Fosfats
after_2007,0006,0014,F007016,N/D - Subterrània - 25007-0002,301223,4605382,3116712,Nitrats
after_2007,0006,0014,F007016,N/D - Subterrània - 25007-0002,301223,4605382,3116713,Nitrits
after_2007,0006,0014,F007021,N/D - Subterrània - 25013-0001,297196,4635987,3120227,Amoni
after_2007,0006,0014,F007021,N/D - Subterrània - 25013-0001,297196,4635987,3120228,Fosfats
after_2007,0006,0014,F007021,N/D - Subterrània - 25013-0001,297196,4635987,3120229,Nitrats
after_2007,0006,0014,F007021,N/D - Subterrània - 25013-0001,297196,4635987,3120230,Nitrits
after_2007,0006,0014,F007022,Massís Axial Pirenaic_Cat - 25024-0012,342141.82,4722947.54,3223501,Amoni
after_2007,0006,0014,F007022,Massís Axial Pirenaic_Cat - 25024-0012,342141.82,4722947.54,3223508,Fosfats
after_2007,0006,0014,F007022,Massís Axial Pirenaic_Cat - 25024-0012,342141.82,4722947.54,3223525,Nitrats
after_2007,0006,0014,F007022,Massís Axial Pirenaic_Cat - 25024-0012,342141.82,4722947.54,3223526,Nitrits
after_2007,0006,0014,F007023,Massís Axial Pirenaic_Cat - 25025-0008,325726,4727320,3223535,Amoni
after_2007,0006,0014,F007023,Massís Axial Pirenaic_Cat - 25025-0008,325726,4727320,3223542,Fosfats
after_2007,0006,0014,F007023,Massís Axial Pirenaic_Cat - 25025-0008,325726,4727320,3223559,Nitrats
after_2007,0006,0014,F007023,Massís Axial Pirenaic_Cat - 25025-0008,325726,4727320,3223560,Nitrits
after_2007,0006,0014,F007025,Massís Axial Pirenaic_Cat - 25030-0005,386911,4694610,3158040,Amoni
after_2007,0006,0014,F007025,Massís Axial Pirenaic_Cat - 25030-0005,386911,4694610,3158047,Fosfats
after_2007,0006,0014,F007025,Massís Axial Pirenaic_Cat - 25030-0005,386911,4694610,3158064,Nitrats
after_2007,0006,0014,F007025,Massís Axial Pirenaic_Cat - 25030-0005,386911,4694610,3158065,Nitrits
after_2007,0006,0014,F007027,Al·luvial del baix Segre_Cat - 25038-0003,288003,4596535,3081993,Amoni
after_2007,0006,0014,F007027,Al·luvial del baix Segre_Cat - 25038-0003,288003,4596535,3082016,Nitrats
after_2007,0006,0014,F007027,Al·luvial del baix Segre_Cat - 25038-0003,288003,4596535,3082017,Nitrits
after_2007,0006,0014,F007027,Al·luvial del baix Segre_Cat - 25038-0003,288003,4596535,3119843,Fosfats
after_2007,0006,0014,F007030,Massís Axial Pirenaic_Cat - 25043-0002,318248,4710027,3224847,Amoni
after_2007,0006,0014,F007030,Massís Axial Pirenaic_Cat - 25043-0002,318248,4710027,3224854,Fosfats
after_2007,0006,0014,F007030,Massís Axial Pirenaic_Cat - 25043-0002,318248,4710027,3224871,Nitrats
after_2007,0006,0014,F007030,Massís Axial Pirenaic_Cat - 25043-0002,318248,4710027,3224872,Nitrits
after_2007,0006,0014,F007032,Tremp-Isona - 25098-0016,328779.37,4666202.55,3155574,Amoni
after_2007,0006,0014,F007032,Tremp-Isona - 25098-0016,328779.37,4666202.55,3155581,Fosfats
after_2007,0006,0014,F007032,Tremp-Isona - 25098-0016,328779.37,4666202.55,3155598,Nitrats
after_2007,0006,0014,F007032,Tremp-Isona - 25098-0016,328779.37,4666202.55,3155599,Nitrits
after_2007,0006,0014,F007033,N/D - Subterrània - 25134-0001,312372,4624078,3117185,Amoni
after_2007,0006,0014,F007033,N/D - Subterrània - 25134-0001,312372,4624078,3117186,Fosfats
after_2007,0006,0014,F007033,N/D - Subterrània - 25134-0001,312372,4624078,3117187,Nitrats
after_2007,0006,0014,F007033,N/D - Subterrània - 25134-0001,312372,4624078,3117188,Nitrits
after_2007,0006,0014,F007034,Al·luvial del baix Segre_Cat - 25134-0002,313005,4621388,3070965,Amoni
after_2007,0006,0014,F007034,Al·luvial del baix Segre_Cat - 25134-0002,313005,4621388,3070966,Nitrats
after_2007,0006,0014,F007034,Al·luvial del baix Segre_Cat - 25134-0002,313005,4621388,3070967,Nitrits
after_2007,0006,0014,F007034,Al·luvial del baix Segre_Cat - 25134-0002,313005,4621388,3280206,Fosfats
after_2007,0006,0014,F007047,Serres marginals catalanes - 25156-0018,311982,4638790,3120233,Amoni
after_2007,0006,0014,F007047,Serres marginals catalanes - 25156-0018,311982,4638790,3120234,Fosfats
after_2007,0006,0014,F007047,Serres marginals catalanes - 25156-0018,311982,4638790,3120235,Nitrats
after_2007,0006,0014,F007047,Serres marginals catalanes - 25156-0018,311982,4638790,3120236,Nitrits
after_2007,0006,0014,F007060,Serres marginals catalanes - 25156-0023,311305,4638197,3120237,Amoni
after_2007,0006,0014,F007060,Serres marginals catalanes - 25156-0023,311305,4638197,3120238,Fosfats
after_2007,0006,0014,F007060,Serres marginals catalanes - 25156-0023,311305,4638197,3120239,Nitrats
after_2007,0006,0014,F007060,Serres marginals catalanes - 25156-0023,311305,4638197,3120240,Nitrits
after_2007,0006,0014,F007065,Tremp-Isona - 25173-0001,315810,4696091,3223571,Amoni
after_2007,0006,0014,F007065,Tremp-Isona - 25173-0001,315810,4696091,3223578,Fosfats
after_2007,0006,0014,F007065,Tremp-Isona - 25173-0001,315810,4696091,3223595,Nitrats
after_2007,0006,0014,F007065,Tremp-Isona - 25173-0001,315810,4696091,3223596,Nitrits
after_2007,0006,0014,F007067,Massís Axial Pirenaic_Cat - 25227-0020,333512,4699020,3226340,Amoni
after_2007,0006,0014,F007067,Massís Axial Pirenaic_Cat - 25227-0020,333512,4699020,3226347,Fosfats
after_2007,0006,0014,F007067,Massís Axial Pirenaic_Cat - 25227-0020,333512,4699020,3226364,Nitrats
after_2007,0006,0014,F007067,Massís Axial Pirenaic_Cat - 25227-0020,333512,4699020,3226365,Nitrits
after_2007,0006,0014,F007068,N/D - Subterrània - 25232-0003,292649,4600142,3073248,Amoni
after_2007,0006,0014,F007068,N/D - Subterrània - 25232-0003,292649,4600142,3073249,Nitrats
after_2007,0006,0014,F007068,N/D - Subterrània - 25232-0003,292649,4600142,3073250,Nitrits
after_2007,0006,0014,F007068,N/D - Subterrània - 25232-0003,292649,4600142,3117192,Fosfats
after_2007,0006,0014,F007075,N/D - Subterrània - 25232-0002,292949,4600180,3073245,Amoni
after_2007,0006,0014,F007075,N/D - Subterrània - 25232-0002,292949,4600180,3073246,Nitrats
after_2007,0006,0014,F007075,N/D - Subterrània - 25232-0002,292949,4600180,3073247,Nitrits
after_2007,0006,0014,F007075,N/D - Subterrània - 25232-0002,292949,4600180,3117191,Fosfats
after_2007,0006,0014,F007083,Massís Axial Pirenaic_Cat - 25243-0003,318319.84,4730703.73,3223639,Amoni
after_2007,0006,0014,F007083,Massís Axial Pirenaic_Cat - 25243-0003,318319.84,4730703.73,3223646,Fosfats
after_2007,0006,0014,F007083,Massís Axial Pirenaic_Cat - 25243-0003,318319.84,4730703.73,3223663,Nitrats
after_2007,0006,0014,F007083,Massís Axial Pirenaic_Cat - 25243-0003,318319.84,4730703.73,3223664,Nitrits
after_2007,0006,0014,F007085,Cadí-Port del Comte - 25908-0002,372340,4672856,3156127,Amoni
after_2007,0006,0014,F007085,Cadí-Port del Comte - 25908-0002,372340,4672856,3156134,Fosfats
after_2007,0006,0014,F007085,Cadí-Port del Comte - 25908-0002,372340,4672856,3156151,Nitrats
after_2007,0006,0014,F007085,Cadí-Port del Comte - 25908-0002,372340,4672856,3156152,Nitrits
after_2007,0006,0014,F007086,Cadí-Port del Comte - 25909-0001,378022,4682556,3155722,Amoni
after_2007,0006,0014,F007086,Cadí-Port del Comte - 25909-0001,378022,4682556,3155729,Fosfats
after_2007,0006,0014,F007086,Cadí-Port del Comte - 25909-0001,378022,4682556,3155746,Nitrats
after_2007,0006,0014,F007086,Cadí-Port del Comte - 25909-0001,378022,4682556,3155747,Nitrits
after_2007,0006,0014,F007087,Cadí-Port del Comte - 25910-0008,385184,4675824,3156161,Amoni
after_2007,0006,0014,F007087,Cadí-Port del Comte - 25910-0008,385184,4675824,3156168,Fosfats
after_2007,0006,0014,F007087,Cadí-Port del Comte - 25910-0008,385184,4675824,3156185,Nitrats
after_2007,0006,0014,F007087,Cadí-Port del Comte - 25910-0008,385184,4675824,3156186,Nitrits
after_2007,0006,0014,F007088,Cadí-Port del Comte - 25910-0003,384746,4675632,3155756,Amoni
after_2007,0006,0014,F007088,Cadí-Port del Comte - 25910-0003,384746,4675632,3155763,Fosfats
after_2007,0006,0014,F007088,Cadí-Port del Comte - 25910-0003,384746,4675632,3155780,Nitrats
after_2007,0006,0014,F007088,Cadí-Port del Comte - 25910-0003,384746,4675632,3155781,Nitrits
after_2007,0006,0014,F007089,Cadí-Port del Comte - 25910-0004,385672.71,4678721.98,3155790,Amoni
after_2007,0006,0014,F007089,Cadí-Port del Comte - 25910-0004,385672.71,4678721.98,3155797,Fosfats
after_2007,0006,0014,F007089,Cadí-Port del Comte - 25910-0004,385672.71,4678721.98,3155814,Nitrats
after_2007,0006,0014,F007089,Cadí-Port del Comte - 25910-0004,385672.71,4678721.98,3155815,Nitrits
after_2007,0006,0014,F007095,Ports de Tortosa - 43008-0011,277775.86,4526583.72,3075551,Amoni
after_2007,0006,0014,F007095,Ports de Tortosa - 43008-0011,277775.86,4526583.72,3075574,Nitrats
after_2007,0006,0014,F007095,Ports de Tortosa - 43008-0011,277775.86,4526583.72,3075575,Nitrits
after_2007,0006,0014,F007095,Ports de Tortosa - 43008-0011,277775.86,4526583.72,3295111,Fosfats
after_2007,0006,0014,F007106,Prades - Alt Francolí - 43054-0030,342343,4581215,4407160,Nitrits
after_2007,0006,0014,F007106,Prades - Alt Francolí - 43054-0030,342343,4581215,4407161,Nitrats
after_2007,0006,0014,F007106,Prades - Alt Francolí - 43054-0030,342343,4581215,4407166,Amoni
after_2007,0006,0014,F007106,Prades - Alt Francolí - 43054-0030,342343,4581215,4444101,Fosfats
after_2007,0006,0014,F007110,Ports de Tortosa - 43102-0004,284413.8,4533560.7,3075584,Amoni
after_2007,0006,0014,F007110,Ports de Tortosa - 43102-0004,284413.8,4533560.7,3075607,Nitrats
after_2007,0006,0014,F007110,Ports de Tortosa - 43102-0004,284413.8,4533560.7,3075608,Nitrits
after_2007,0006,0014,F007110,Ports de Tortosa - 43102-0004,284413.8,4533560.7,3295207,Fosfats
after_2007,0006,0014,F007111,Llaberia - Prades meridional - 43118-0009,321102.45,4547228.43,3055840,Nitrits
after_2007,0006,0014,F007111,Llaberia - Prades meridional - 43118-0009,321102.45,4547228.43,3055841,Nitrats
after_2007,0006,0014,F007111,Llaberia - Prades meridional - 43118-0009,321102.45,4547228.43,3055864,Amoni
after_2007,0006,0014,F007111,Llaberia - Prades meridional - 43118-0009,321102.45,4547228.43,3231807,Fosfats
after_2007,0006,0014,F007121,Calcàries de l'Alt Foix-Gaià - 43141-0011,361661,4589724,3055873,Nitrits
after_2007,0006,0014,F007121,Calcàries de l'Alt Foix-Gaià - 43141-0011,361661,4589724,3055874,Nitrats
after_2007,0006,0014,F007121,Calcàries de l'Alt Foix-Gaià - 43141-0011,361661,4589724,3055897,Amoni
after_2007,0006,0014,F007121,Calcàries de l'Alt Foix-Gaià - 43141-0011,361661,4589724,3234947,Fosfats
after_2007,0006,0014,F007122,Llaberia - Prades meridional - 43145-0104,342509,4565425,3055906,Nitrits
after_2007,0006,0014,F007122,Llaberia - Prades meridional - 43145-0104,342509,4565425,3055907,Nitrats
after_2007,0006,0014,F007122,Llaberia - Prades meridional - 43145-0104,342509,4565425,3055930,Amoni
after_2007,0006,0014,F007122,Llaberia - Prades meridional - 43145-0104,342509,4565425,3234948,Fosfats
after_2007,0006,0014,F007144,Prelitoral del Vallès - 08033-0054,432572.11,4610832.68,3064516,Amoni
after_2007,0006,0014,F007144,Prelitoral del Vallès - 08033-0054,432572.11,4610832.68,3064517,Nitrats
after_2007,0006,0014,F007144,Prelitoral del Vallès - 08033-0054,432572.11,4610832.68,3064518,Nitrits
after_2007,0006,0014,F007144,Prelitoral del Vallès - 08033-0054,432572.11,4610832.68,3115780,Fosfats
after_2007,0006,0014,F007150,Conca alta de Cardener i Llobregat - 08052-0001,418645.02,4681642.5,3068986,Nitrits
after_2007,0006,0014,F007150,Conca alta de Cardener i Llobregat - 08052-0001,418645.02,4681642.5,3068987,Nitrats
after_2007,0006,0014,F007150,Conca alta de Cardener i Llobregat - 08052-0001,418645.02,4681642.5,3069010,Amoni
after_2007,0006,0014,F007150,Conca alta de Cardener i Llobregat - 08052-0001,418645.02,4681642.5,3120894,Fosfats
after_2007,0006,0014,F007164,Conca alta de Cardener i Llobregat - 08093-0003,402060.39,4680228.22,3069019,Nitrits
after_2007,0006,0014,F007164,Conca alta de Cardener i Llobregat - 08093-0003,402060.39,4680228.22,3069020,Nitrats
after_2007,0006,0014,F007164,Conca alta de Cardener i Llobregat - 08093-0003,402060.39,4680228.22,3069043,Amoni
after_2007,0006,0014,F007164,Conca alta de Cardener i Llobregat - 08093-0003,402060.39,4680228.22,3120895,Fosfats
after_2007,0006,0014,F007168,Al·luvials del Vallès - 08107-0038,436494.1,4609024.65,3064358,Amoni
after_2007,0006,0014,F007168,Al·luvials del Vallès - 08107-0038,436494.1,4609024.65,3064359,Nitrats
after_2007,0006,0014,F007168,Al·luvials del Vallès - 08107-0038,436494.1,4609024.65,3064360,Nitrits
after_2007,0006,0014,F007168,Al·luvials del Vallès - 08107-0038,436494.1,4609024.65,3113683,Fosfats
after_2007,0006,0014,F007193,Alta Anoia - 08170-0008,376822,4618083,3370838,Nitrits
after_2007,0006,0014,F007193,Alta Anoia - 08170-0008,376822,4618083,3370839,Nitrats
after_2007,0006,0014,F007193,Alta Anoia - 08170-0008,376822,4618083,3370840,Amoni
after_2007,0006,0014,F007193,Alta Anoia - 08170-0008,376822,4618083,3370841,Fosfats
after_2007,0006,0014,F007225,Fluviodeltaic del Baix Ter - 17022-0044,503268,4647290,3099577,Nitrits
after_2007,0006,0014,F007225,Fluviodeltaic del Baix Ter - 17022-0044,503268,4647290,3099578,Nitrats
after_2007,0006,0014,F007225,Fluviodeltaic del Baix Ter - 17022-0044,503268,4647290,3099579,Amoni
after_2007,0006,0014,F007225,Fluviodeltaic del Baix Ter - 17022-0044,503268,4647290,3235465,Fosfats
after_2007,0006,0014,F007226,Plioquaternari de l'Onyar - 17033-0103,486509.37,4634223.31,3073224,Amoni
after_2007,0006,0014,F007226,Plioquaternari de l'Onyar - 17033-0103,486509.37,4634223.31,3073225,Nitrats
after_2007,0006,0014,F007226,Plioquaternari de l'Onyar - 17033-0103,486509.37,4634223.31,3073226,Nitrits
after_2007,0006,0014,F007226,Plioquaternari de l'Onyar - 17033-0103,486509.37,4634223.31,3113668,Fosfats
after_2007,0006,0014,F007227,Plioquaternari de l'Onyar - 17033-0102,486025.36,4633031.31,3113664,Amoni
after_2007,0006,0014,F007227,Plioquaternari de l'Onyar - 17033-0102,486025.36,4633031.31,3113665,Fosfats
after_2007,0006,0014,F007227,Plioquaternari de l'Onyar - 17033-0102,486025.36,4633031.31,3113666,Nitrats
after_2007,0006,0014,F007227,Plioquaternari de l'Onyar - 17033-0102,486025.36,4633031.31,3113667,Nitrits
after_2007,0006,0014,F007228,Plioquaternari de l'Onyar - 17044-0072,490019.38,4634839.28,3073227,Amoni
after_2007,0006,0014,F007228,Plioquaternari de l'Onyar - 17044-0072,490019.38,4634839.28,3073228,Nitrats
after_2007,0006,0014,F007228,Plioquaternari de l'Onyar - 17044-0072,490019.38,4634839.28,3073229,Nitrits
after_2007,0006,0014,F007228,Plioquaternari de l'Onyar - 17044-0072,490019.38,4634839.28,3114309,Fosfats
after_2007,0006,0014,F007230,Plioquaternari de l'Onyar - 17073-0023,484081.44,4643530.34,3074467,Amoni
after_2007,0006,0014,F007230,Plioquaternari de l'Onyar - 17073-0023,484081.44,4643530.34,3074468,Nitrats
after_2007,0006,0014,F007230,Plioquaternari de l'Onyar - 17073-0023,484081.44,4643530.34,3074469,Nitrits
after_2007,0006,0014,F007230,Plioquaternari de l'Onyar - 17073-0023,484081.44,4643530.34,3113674,Fosfats
after_2007,0006,0014,F007231,Plioquaternari de l'Onyar - 17089-0098,490498,4631014,3073233,Amoni
after_2007,0006,0014,F007231,Plioquaternari de l'Onyar - 17089-0098,490498,4631014,3073234,Nitrats
after_2007,0006,0014,F007231,Plioquaternari de l'Onyar - 17089-0098,490498,4631014,3073235,Nitrits
after_2007,0006,0014,F007231,Plioquaternari de l'Onyar - 17089-0098,490498,4631014,3114312,Fosfats
after_2007,0006,0014,F007232,Plioquaternari de l'Onyar - 17089-0097,491113,4629724,3073230,Amoni
after_2007,0006,0014,F007232,Plioquaternari de l'Onyar - 17089-0097,491113,4629724,3073231,Nitrats
after_2007,0006,0014,F007232,Plioquaternari de l'Onyar - 17089-0097,491113,4629724,3073232,Nitrits
after_2007,0006,0014,F007232,Plioquaternari de l'Onyar - 17089-0097,491113,4629724,3114311,Fosfats
after_2007,0006,0014,F007248,Conca alta de Freser i Ter  - 17145-0019,431155,4678354,3069085,Nitrits
after_2007,0006,0014,F007248,Conca alta de Freser i Ter  - 17145-0019,431155,4678354,3069086,Nitrats
after_2007,0006,0014,F007248,Conca alta de Freser i Ter  - 17145-0019,431155,4678354,3069109,Amoni
after_2007,0006,0014,F007248,Conca alta de Freser i Ter  - 17145-0019,431155,4678354,3119932,Fosfats
after_2007,0006,0014,F007251,Calcàries de Tàrrega - 25141-0002,353582,4605137,3234898,Nitrits
after_2007,0006,0014,F007251,Calcàries de Tàrrega - 25141-0002,353582,4605137,3234899,Nitrats
after_2007,0006,0014,F007251,Calcàries de Tàrrega - 25141-0002,353582,4605137,3234900,Amoni
after_2007,0006,0014,F007251,Calcàries de Tàrrega - 25141-0002,353582,4605137,3234901,Fosfats
after_2007,0006,0014,F007254,Plioquaternari de l'Onyar - 17150-0014,483440,4639250,3070956,Amoni
after_2007,0006,0014,F007254,Plioquaternari de l'Onyar - 17150-0014,483440,4639250,3070957,Nitrats
after_2007,0006,0014,F007254,Plioquaternari de l'Onyar - 17150-0014,483440,4639250,3070958,Nitrits
after_2007,0006,0014,F007257,Plioquaternari de l'Onyar - 17150-0015,483245,4639279,3070959,Amoni
after_2007,0006,0014,F007257,Plioquaternari de l'Onyar - 17150-0015,483245,4639279,3070960,Nitrats
after_2007,0006,0014,F007257,Plioquaternari de l'Onyar - 17150-0015,483245,4639279,3070961,Nitrits
after_2007,0006,0014,F007257,Plioquaternari de l'Onyar - 17150-0015,483245,4639279,3113676,Fosfats
after_2007,0006,0014,F007258,Conca alta de la Muga - 17234-0002,490269.78,4687546.36,3075195,Amoni
after_2007,0006,0014,F007258,Conca alta de la Muga - 17234-0002,490269.78,4687546.36,3075218,Nitrats
after_2007,0006,0014,F007258,Conca alta de la Muga - 17234-0002,490269.78,4687546.36,3075219,Nitrits
after_2007,0006,0014,F007258,Conca alta de la Muga - 17234-0002,490269.78,4687546.36,3120791,Fosfats
after_2007,0006,0014,F007259,Plioquaternari de l'Onyar - 17233-0015,478169.38,4637488.38,3070962,Amoni
after_2007,0006,0014,F007259,Plioquaternari de l'Onyar - 17233-0015,478169.38,4637488.38,3070963,Nitrats
after_2007,0006,0014,F007259,Plioquaternari de l'Onyar - 17233-0015,478169.38,4637488.38,3070964,Nitrits
after_2007,0006,0014,F007259,Plioquaternari de l'Onyar - 17233-0015,478169.38,4637488.38,3113677,Fosfats
after_2007,0006,0014,F007260,Al·luvials de l'alta i mitjana Tordera - 17083-0007,468568,4620645,3076869,Amoni
after_2007,0006,0014,F007260,Al·luvials de l'alta i mitjana Tordera - 17083-0007,468568,4620645,3076892,Nitrats
after_2007,0006,0014,F007260,Al·luvials de l'alta i mitjana Tordera - 17083-0007,468568,4620645,3076893,Nitrits
after_2007,0006,0014,F007260,Al·luvials de l'alta i mitjana Tordera - 17083-0007,468568,4620645,3119924,Fosfats
after_2007,0006,0014,F007271,Prades - Alt Francolí - 43124-0001,346064,4575437,3055149,Nitrits
after_2007,0006,0014,F007271,Prades - Alt Francolí - 43124-0001,346064,4575437,3055150,Nitrats
after_2007,0006,0014,F007271,Prades - Alt Francolí - 43124-0001,346064,4575437,3055173,Amoni
after_2007,0006,0014,F007271,Prades - Alt Francolí - 43124-0001,346064,4575437,3229725,Fosfats
after_2007,0006,0014,F007272,Prades - Alt Francolí - 43021-0001,352555,4586208,3055182,Nitrits
after_2007,0006,0014,F007272,Prades - Alt Francolí - 43021-0001,352555,4586208,3055183,Nitrats
after_2007,0006,0014,F007272,Prades - Alt Francolí - 43021-0001,352555,4586208,3055206,Amoni
after_2007,0006,0014,F007272,Prades - Alt Francolí - 43021-0001,352555,4586208,3231606,Fosfats
after_2007,0006,0014,F007349,Riu de Llastres i barranc de Santa Marina - 010001000,321471,4546195,3059338,Nitrits
after_2007,0006,0014,F007349,Riu de Llastres i barranc de Santa Marina - 010001000,321471,4546195,3059339,Nitrats
after_2007,0006,0014,F007349,Riu de Llastres i barranc de Santa Marina - 010001000,321471,4546195,3059341,Fosfats
after_2007,0006,0014,F007349,Riu de Llastres i barranc de Santa Marina - 010001000,321471,4546195,3059353,Amoni
after_2007,0006,0014,F007351,Riera d'Alforja i riera de Riudecols - 030001000,331384,4563515,3059361,Nitrits
after_2007,0006,0014,F007351,Riera d'Alforja i riera de Riudecols - 030001000,331384,4563515,3059362,Nitrats
after_2007,0006,0014,F007351,Riera d'Alforja i riera de Riudecols - 030001000,331384,4563515,3059364,Fosfats
after_2007,0006,0014,F007351,Riera d'Alforja i riera de Riudecols - 030001000,331384,4563515,3059376,Amoni
after_2007,0006,0014,F007352,Riera de Riudoms - 040001000,336201,4562567,3059384,Nitrits
after_2007,0006,0014,F007352,Riera de Riudoms - 040001000,336201,4562567,3059385,Nitrats
after_2007,0006,0014,F007352,Riera de Riudoms - 040001000,336201,4562567,3059399,Amoni
after_2007,0006,0014,F007352,Riera de Riudoms - 040001000,336201,4562567,3965449,Fosfats
after_2007,0006,0014,F007353,Riera de Boella i rasa del Mas de Sostres - 045001000,348483,4551785,3117578,Amoni
after_2007,0006,0014,F007353,Riera de Boella i rasa del Mas de Sostres - 045001000,348483,4551785,3117590,Fosfats
after_2007,0006,0014,F007353,Riera de Boella i rasa del Mas de Sostres - 045001000,348483,4551785,3117592,Nitrats
after_2007,0006,0014,F007353,Riera de Boella i rasa del Mas de Sostres - 045001000,348483,4551785,3117593,Nitrits
after_2007,0006,0014,F007354,Capçalera del Francolí fins a la confluència amb el riu Sec - 050001000,336212,4584370,3049675,Nitrits
after_2007,0006,0014,F007354,Capçalera del Francolí fins a la confluència amb el riu Sec - 050001000,336212,4584370,3049676,Nitrats
after_2007,0006,0014,F007354,Capçalera del Francolí fins a la confluència amb el riu Sec - 050001000,336212,4584370,3049692,Fosfats
after_2007,0006,0014,F007354,Capçalera del Francolí fins a la confluència amb el riu Sec - 050001000,336212,4584370,3049706,Amoni
after_2007,0006,0014,F007355,Riu Sec (Francolí) - 050002000,339532,4583652,3055971,Nitrits
after_2007,0006,0014,F007355,Riu Sec (Francolí) - 050002000,339532,4583652,3055972,Nitrats
after_2007,0006,0014,F007355,Riu Sec (Francolí) - 050002000,339532,4583652,3055974,Fosfats
after_2007,0006,0014,F007355,Riu Sec (Francolí) - 050002000,339532,4583652,3055986,Amoni
after_2007,0006,0014,F007356,El Francolí entre el riu Sec i el riu d'Anguera - 050003000,342725,4584018,3049714,Nitrits
after_2007,0006,0014,F007356,El Francolí entre el riu Sec i el riu d'Anguera - 050003000,342725,4584018,3049715,Nitrats
after_2007,0006,0014,F007356,El Francolí entre el riu Sec i el riu d'Anguera - 050003000,342725,4584018,3049717,Fosfats
after_2007,0006,0014,F007356,El Francolí entre el riu Sec i el riu d'Anguera - 050003000,342725,4584018,3049729,Amoni
after_2007,0006,0014,F007357,Conca del riu d'Anguera - 050004000,347483,4582290,3049737,Nitrits
after_2007,0006,0014,F007357,Conca del riu d'Anguera - 050004000,347483,4582290,3049738,Nitrats
after_2007,0006,0014,F007357,Conca del riu d'Anguera - 050004000,347483,4582290,3049755,Fosfats
after_2007,0006,0014,F007357,Conca del riu d'Anguera - 050004000,347483,4582290,3049770,Amoni
after_2007,0006,0014,F007358,El Francolí entre el riu d'Anguera i el Brugent - 050005000,347596,4577394,3049778,Nitrits
after_2007,0006,0014,F007358,El Francolí entre el riu d'Anguera i el Brugent - 050005000,347596,4577394,3049779,Nitrats
after_2007,0006,0014,F007358,El Francolí entre el riu d'Anguera i el Brugent - 050005000,347596,4577394,3049795,Fosfats
after_2007,0006,0014,F007358,El Francolí entre el riu d'Anguera i el Brugent - 050005000,347596,4577394,3049808,Amoníac no ionitzat
after_2007,0006,0014,F007358,El Francolí entre el riu d'Anguera i el Brugent - 050005000,347596,4577394,3049809,Amoni
after_2007,0006,0014,F007359,Riu Brugent - 050006000,343305,4574382,3049817,Nitrits
after_2007,0006,0014,F007359,Riu Brugent - 050006000,343305,4574382,3049818,Nitrats
after_2007,0006,0014,F007359,Riu Brugent - 050006000,343305,4574382,3049834,Fosfats
after_2007,0006,0014,F007359,Riu Brugent - 050006000,343305,4574382,3049847,Amoníac no ionitzat
after_2007,0006,0014,F007359,Riu Brugent - 050006000,343305,4574382,3049848,Amoni
after_2007,0006,0014,F007360,El Francolí entre el Brugent i el torrent del Puig - 050007000,351085,4569649,3049856,Nitrits
after_2007,0006,0014,F007360,El Francolí entre el Brugent i el torrent del Puig - 050007000,351085,4569649,3049857,Nitrats
after_2007,0006,0014,F007360,El Francolí entre el Brugent i el torrent del Puig - 050007000,351085,4569649,3049859,Fosfats
after_2007,0006,0014,F007360,El Francolí entre el Brugent i el torrent del Puig - 050007000,351085,4569649,3049871,Amoni
after_2007,0006,0014,F007361,Torrent del Puig - 050008000,351138,4569581,3049879,Nitrits
after_2007,0006,0014,F007361,Torrent del Puig - 050008000,351138,4569581,3049880,Nitrats
after_2007,0006,0014,F007361,Torrent del Puig - 050008000,351138,4569581,3049882,Fosfats
after_2007,0006,0014,F007361,Torrent del Puig - 050008000,351138,4569581,3049894,Amoni
after_2007,0006,0014,F007362,El Francolí entre el torrent del Puig i la riera de la Selva - 050009000,351833,4563715,3049902,Nitrits
after_2007,0006,0014,F007362,El Francolí entre el torrent del Puig i la riera de la Selva - 050009000,351833,4563715,3049903,Nitrats
after_2007,0006,0014,F007362,El Francolí entre el torrent del Puig i la riera de la Selva - 050009000,351833,4563715,3049919,Fosfats
after_2007,0006,0014,F007362,El Francolí entre el torrent del Puig i la riera de la Selva - 050009000,351833,4563715,3049932,Amoníac no ionitzat
after_2007,0006,0014,F007362,El Francolí entre el torrent del Puig i la riera de la Selva - 050009000,351833,4563715,3049933,Amoni
after_2007,0006,0014,F007363,Torrent de Vallmoll - 050010000,352778,4566207,3049941,Nitrits
after_2007,0006,0014,F007363,Torrent de Vallmoll - 050010000,352778,4566207,3049942,Nitrats
after_2007,0006,0014,F007363,Torrent de Vallmoll - 050010000,352778,4566207,3049944,Fosfats
after_2007,0006,0014,F007363,Torrent de Vallmoll - 050010000,352778,4566207,3049956,Amoni
after_2007,0006,0014,F007364,Capçalera de la Glorieta fins a l'EDAR d'Alcover - 050011000,345969,4569372,3056546,Nitrits
after_2007,0006,0014,F007364,Capçalera de la Glorieta fins a l'EDAR d'Alcover - 050011000,345969,4569372,3056547,Nitrats
after_2007,0006,0014,F007364,Capçalera de la Glorieta fins a l'EDAR d'Alcover - 050011000,345969,4569372,3056549,Fosfats
after_2007,0006,0014,F007364,Capçalera de la Glorieta fins a l'EDAR d'Alcover - 050011000,345969,4569372,3056561,Amoni
after_2007,0006,0014,F007365,Riu Glorieta des de l'EDAR d'Alcover fins al Francolí - 050012000,350132,4564838,3065647,Amoni
after_2007,0006,0014,F007365,Riu Glorieta des de l'EDAR d'Alcover fins al Francolí - 050012000,350132,4564838,3065657,Fosfats
after_2007,0006,0014,F007365,Riu Glorieta des de l'EDAR d'Alcover fins al Francolí - 050012000,350132,4564838,3065659,Nitrats
after_2007,0006,0014,F007365,Riu Glorieta des de l'EDAR d'Alcover fins al Francolí - 050012000,350132,4564838,3065660,Nitrits
after_2007,0006,0014,F007366,Riera de la Selva - 050013000,348586,4564187,3381518,Nitrits
after_2007,0006,0014,F007366,Riera de la Selva - 050013000,348586,4564187,3381519,Nitrats
after_2007,0006,0014,F007366,Riera de la Selva - 050013000,348586,4564187,3381525,Amoni
after_2007,0006,0014,F007366,Riera de la Selva - 050013000,348586,4564187,3381531,Fosfats
after_2007,0006,0014,F007367,El Francolí des de la confluència de la riera de la Selva fins al mar - 050014000,351762,4557528,3049964,Nitrits
after_2007,0006,0014,F007367,El Francolí des de la confluència de la riera de la Selva fins al mar - 050014000,351762,4557528,3049965,Nitrats
after_2007,0006,0014,F007367,El Francolí des de la confluència de la riera de la Selva fins al mar - 050014000,351762,4557528,3049981,Fosfats
after_2007,0006,0014,F007367,El Francolí des de la confluència de la riera de la Selva fins al mar - 050014000,351762,4557528,3049994,Amoníac no ionitzat
after_2007,0006,0014,F007367,El Francolí des de la confluència de la riera de la Selva fins al mar - 050014000,351762,4557528,3049995,Amoni
after_2007,0006,0014,F007368,Barranc dels Garidells - 050014500,352827,4562473,3101684,Nitrits
after_2007,0006,0014,F007368,Barranc dels Garidells - 050014500,352827,4562473,3101685,Nitrats
after_2007,0006,0014,F007368,Barranc dels Garidells - 050014500,352827,4562473,3101687,Fosfats
after_2007,0006,0014,F007368,Barranc dels Garidells - 050014500,352827,4562473,3101699,Amoni
after_2007,0006,0014,F007369,"Capçalera del Gaià fins a Pontils, inclòs el riu de Boix - 060001000",365596,4592912,3050003,Nitrits
after_2007,0006,0014,F007369,"Capçalera del Gaià fins a Pontils, inclòs el riu de Boix - 060001000",365596,4592912,3050004,Nitrats
after_2007,0006,0014,F007369,"Capçalera del Gaià fins a Pontils, inclòs el riu de Boix - 060001000",365596,4592912,3050021,Fosfats
after_2007,0006,0014,F007369,"Capçalera del Gaià fins a Pontils, inclòs el riu de Boix - 060001000",365596,4592912,3050034,Amoníac no ionitzat
after_2007,0006,0014,F007369,"Capçalera del Gaià fins a Pontils, inclòs el riu de Boix - 060001000",365596,4592912,3050035,Amoni
after_2007,0006,0014,F007370,El Gaià des de Pontils a la cua de  l'embassament del Catllar - 060002000,362265,4569517,3050043,Nitrits
after_2007,0006,0014,F007370,El Gaià des de Pontils a la cua de  l'embassament del Catllar - 060002000,362265,4569517,3050044,Nitrats
after_2007,0006,0014,F007370,El Gaià des de Pontils a la cua de  l'embassament del Catllar - 060002000,362265,4569517,3050061,Fosfats
after_2007,0006,0014,F007370,El Gaià des de Pontils a la cua de  l'embassament del Catllar - 060002000,362265,4569517,3050074,Amoníac no ionitzat
after_2007,0006,0014,F007370,El Gaià des de Pontils a la cua de  l'embassament del Catllar - 060002000,362265,4569517,3050075,Amoni
after_2007,0006,0014,F007371,Torrent de Rupit - 060003000,360158,4584928,3056674,Nitrits
after_2007,0006,0014,F007371,Torrent de Rupit - 060003000,360158,4584928,3056675,Nitrats
after_2007,0006,0014,F007371,Torrent de Rupit - 060003000,360158,4584928,3056677,Fosfats
after_2007,0006,0014,F007371,Torrent de Rupit - 060003000,360158,4584928,3056689,Amoni
after_2007,0006,0014,F007372,Torrent de Rubió - 060004000,362916,4577718,3056697,Nitrits
after_2007,0006,0014,F007372,Torrent de Rubió - 060004000,362916,4577718,3056698,Nitrats
after_2007,0006,0014,F007372,Torrent de Rubió - 060004000,362916,4577718,3056700,Fosfats
after_2007,0006,0014,F007372,Torrent de Rubió - 060004000,362916,4577718,3056712,Amoni
after_2007,0006,0014,F007373,Torrent de les Pinetelles (o barranc de Pedrafita) - 060005000,364707,4573514,3106305,Amoni
after_2007,0006,0014,F007373,Torrent de les Pinetelles (o barranc de Pedrafita) - 060005000,364707,4573514,3106318,Nitrats
after_2007,0006,0014,F007373,Torrent de les Pinetelles (o barranc de Pedrafita) - 060005000,364707,4573514,3106319,Nitrits
after_2007,0006,0014,F007373,Torrent de les Pinetelles (o barranc de Pedrafita) - 060005000,364707,4573514,3115771,Fosfats
after_2007,0006,0014,F007377,Conca de la riera de la Bisbal - 070001000,380411,4571470,3062213,Nitrits
after_2007,0006,0014,F007377,Conca de la riera de la Bisbal - 070001000,380411,4571470,3062214,Nitrats
after_2007,0006,0014,F007377,Conca de la riera de la Bisbal - 070001000,380411,4571470,3062216,Fosfats
after_2007,0006,0014,F007377,Conca de la riera de la Bisbal - 070001000,380411,4571470,3062228,Amoni
after_2007,0006,0014,F007378,Capçalera del Foix fins a Sant Martí Sarroca - 080001000,384217,4583397,3048177,Nitrits
after_2007,0006,0014,F007378,Capçalera del Foix fins a Sant Martí Sarroca - 080001000,384217,4583397,3048178,Nitrats
after_2007,0006,0014,F007378,Capçalera del Foix fins a Sant Martí Sarroca - 080001000,384217,4583397,3048195,Fosfats
after_2007,0006,0014,F007378,Capçalera del Foix fins a Sant Martí Sarroca - 080001000,384217,4583397,3048208,Amoníac no ionitzat
after_2007,0006,0014,F007378,Capçalera del Foix fins a Sant Martí Sarroca - 080001000,384217,4583397,3048209,Amoni
after_2007,0006,0014,F007379,El Foix i la riera de Pontons des de Sant Martí Sarroca fins a la conlfuència de la riera de Llitrà - 080002000,388035,4577998,3048217,Nitrits
after_2007,0006,0014,F007379,El Foix i la riera de Pontons des de Sant Martí Sarroca fins a la conlfuència de la riera de Llitrà - 080002000,388035,4577998,3048218,Nitrats
after_2007,0006,0014,F007379,El Foix i la riera de Pontons des de Sant Martí Sarroca fins a la conlfuència de la riera de Llitrà - 080002000,388035,4577998,3048220,Fosfats
after_2007,0006,0014,F007379,El Foix i la riera de Pontons des de Sant Martí Sarroca fins a la conlfuència de la riera de Llitrà - 080002000,388035,4577998,3048232,Amoni
after_2007,0006,0014,F007380,Capçalera de la riera de Pontons fins a Sant Martí Sarroca - 080003000,376901,4585725,3062236,Nitrits
after_2007,0006,0014,F007380,Capçalera de la riera de Pontons fins a Sant Martí Sarroca - 080003000,376901,4585725,3062237,Nitrats
after_2007,0006,0014,F007380,Capçalera de la riera de Pontons fins a Sant Martí Sarroca - 080003000,376901,4585725,3062251,Amoni
after_2007,0006,0014,F007380,Capçalera de la riera de Pontons fins a Sant Martí Sarroca - 080003000,376901,4585725,3986090,Fosfats
after_2007,0006,0014,F007381,Capçalera de la riera de Llitrà fins a l'EDAR de Vilafranca - 080004000,389422,4578327,3059159,Nitrits
after_2007,0006,0014,F007381,Capçalera de la riera de Llitrà fins a l'EDAR de Vilafranca - 080004000,389422,4578327,3059160,Nitrats
after_2007,0006,0014,F007381,Capçalera de la riera de Llitrà fins a l'EDAR de Vilafranca - 080004000,389422,4578327,3059177,Fosfats
after_2007,0006,0014,F007381,Capçalera de la riera de Llitrà fins a l'EDAR de Vilafranca - 080004000,389422,4578327,3059190,Amoníac no ionitzat
after_2007,0006,0014,F007381,Capçalera de la riera de Llitrà fins a l'EDAR de Vilafranca - 080004000,389422,4578327,3059191,Amoni
after_2007,0006,0014,F007382,"El Foix des de la confluència de la riera de Llitrà fins a la cua de l'embassament de Foix, inclòs el tram baix de la riera de Llitrà des de l'EDAR de Vilafranca - 080005000",385967,4570563,3048240,Nitrits
after_2007,0006,0014,F007382,"El Foix des de la confluència de la riera de Llitrà fins a la cua de l'embassament de Foix, inclòs el tram baix de la riera de Llitrà des de l'EDAR de Vilafranca - 080005000",385967,4570563,3048241,Nitrats
after_2007,0006,0014,F007382,"El Foix des de la confluència de la riera de Llitrà fins a la cua de l'embassament de Foix, inclòs el tram baix de la riera de Llitrà des de l'EDAR de Vilafranca - 080005000",385967,4570563,3048243,Fosfats
after_2007,0006,0014,F007382,"El Foix des de la confluència de la riera de Llitrà fins a la cua de l'embassament de Foix, inclòs el tram baix de la riera de Llitrà des de l'EDAR de Vilafranca - 080005000",385967,4570563,3048255,Amoni
after_2007,0006,0014,F007383,Riera de Marmellar - 080006000,384949,4569847,3098744,Nitrits
after_2007,0006,0014,F007383,Riera de Marmellar - 080006000,384949,4569847,3098745,Nitrats
after_2007,0006,0014,F007383,Riera de Marmellar - 080006000,384949,4569847,3098747,Fosfats
after_2007,0006,0014,F007383,Riera de Marmellar - 080006000,384949,4569847,3098759,Amoni
after_2007,0006,0014,F007384,El Foix des de la presa de Foix fins al mar - 080008000,387994,4565815,3237245,Nitrits
after_2007,0006,0014,F007384,El Foix des de la presa de Foix fins al mar - 080008000,387994,4565815,3237246,Nitrats
after_2007,0006,0014,F007384,El Foix des de la presa de Foix fins al mar - 080008000,387994,4565815,3237252,Amoni
after_2007,0006,0014,F007384,El Foix des de la presa de Foix fins al mar - 080008000,387994,4565815,3237258,Fosfats
after_2007,0006,0014,F007385,"Capçalera de la riera de Ribes (o riera de Begues) fins a la confluència de la riera de Vilafranca, incloses les rieres dels Vidrers, de Vilafranca i de Jafre - 090001000",399683,4573861,3322271,Nitrits
after_2007,0006,0014,F007385,"Capçalera de la riera de Ribes (o riera de Begues) fins a la confluència de la riera de Vilafranca, incloses les rieres dels Vidrers, de Vilafranca i de Jafre - 090001000",399683,4573861,3322272,Nitrats
after_2007,0006,0014,F007385,"Capçalera de la riera de Ribes (o riera de Begues) fins a la confluència de la riera de Vilafranca, incloses les rieres dels Vidrers, de Vilafranca i de Jafre - 090001000",399683,4573861,3322278,Amoni
after_2007,0006,0014,F007385,"Capçalera de la riera de Ribes (o riera de Begues) fins a la confluència de la riera de Vilafranca, incloses les rieres dels Vidrers, de Vilafranca i de Jafre - 090001000",399683,4573861,3322284,Fosfats
after_2007,0006,0014,F007386,Riera de Ribes (o riera de Begues) des de la confluència de la riera de Vilafranca fins al mar - 090002000,396585,4568258,3277357,Nitrits
after_2007,0006,0014,F007386,Riera de Ribes (o riera de Begues) des de la confluència de la riera de Vilafranca fins al mar - 090002000,396585,4568258,3277358,Nitrats
after_2007,0006,0014,F007386,Riera de Ribes (o riera de Begues) des de la confluència de la riera de Vilafranca fins al mar - 090002000,396585,4568258,3277364,Amoni
after_2007,0006,0014,F007386,Riera de Ribes (o riera de Begues) des de la confluència de la riera de Vilafranca fins al mar - 090002000,396585,4568258,3277370,Fosfats
after_2007,0006,0014,F007388,Capçaleres del Llobregat i l'Arija fins a la confluència entre tots dos  - 100001000,415484,4678967,3066839,Nitrits
after_2007,0006,0014,F007388,Capçaleres del Llobregat i l'Arija fins a la confluència entre tots dos  - 100001000,415484,4678967,3066840,Nitrats
after_2007,0006,0014,F007388,Capçaleres del Llobregat i l'Arija fins a la confluència entre tots dos  - 100001000,415484,4678967,3066842,Fosfats
after_2007,0006,0014,F007388,Capçaleres del Llobregat i l'Arija fins a la confluència entre tots dos  - 100001000,415484,4678967,3066854,Amoni
after_2007,0006,0014,F007389,El Llobregat entre l'Arija i el Bastareny - 100002000,408727,4676390,3050098,Amoníac no ionitzat
after_2007,0006,0014,F007389,El Llobregat entre l'Arija i el Bastareny - 100002000,408727,4676390,3050099,Amoni
after_2007,0006,0014,F007389,El Llobregat entre l'Arija i el Bastareny - 100002000,408727,4676390,3050106,Nitrits
after_2007,0006,0014,F007389,El Llobregat entre l'Arija i el Bastareny - 100002000,408727,4676390,3050107,Nitrats
after_2007,0006,0014,F007389,El Llobregat entre l'Arija i el Bastareny - 100002000,408727,4676390,3050109,Fosfats
after_2007,0006,0014,F007390,Riu Bastareny i riu de Gréixer - 100004000,405280,4680163,3066862,Nitrits
after_2007,0006,0014,F007390,Riu Bastareny i riu de Gréixer - 100004000,405280,4680163,3066863,Nitrats
after_2007,0006,0014,F007390,Riu Bastareny i riu de Gréixer - 100004000,405280,4680163,3066865,Fosfats
after_2007,0006,0014,F007390,Riu Bastareny i riu de Gréixer - 100004000,405280,4680163,3066877,Amoni
after_2007,0006,0014,F007391,El Llobregat des de la confluència del Bastareny fins a la cua de l'embassament de La Baells - 100005000,406731,4674365,3050138,Amoníac no ionitzat
after_2007,0006,0014,F007391,El Llobregat des de la confluència del Bastareny fins a la cua de l'embassament de La Baells - 100005000,406731,4674365,3050139,Amoni
after_2007,0006,0014,F007391,El Llobregat des de la confluència del Bastareny fins a la cua de l'embassament de La Baells - 100005000,406731,4674365,3050146,Nitrits
after_2007,0006,0014,F007391,El Llobregat des de la confluència del Bastareny fins a la cua de l'embassament de La Baells - 100005000,406731,4674365,3050147,Nitrats
after_2007,0006,0014,F007391,El Llobregat des de la confluència del Bastareny fins a la cua de l'embassament de La Baells - 100005000,406731,4674365,3050150,Fosfats
after_2007,0006,0014,F007392,Riu de Saldes - 100006000,406469,4674394,3066887,Nitrits
after_2007,0006,0014,F007392,Riu de Saldes - 100006000,406469,4674394,3066888,Nitrats
after_2007,0006,0014,F007392,Riu de Saldes - 100006000,406469,4674394,3066890,Fosfats
after_2007,0006,0014,F007392,Riu de Saldes - 100006000,406469,4674394,3066902,Amoni
after_2007,0006,0014,F007393,Riu de Peguera - 100008000,405487,4666801,3066910,Nitrits
after_2007,0006,0014,F007393,Riu de Peguera - 100008000,405487,4666801,3066911,Nitrats
after_2007,0006,0014,F007393,Riu de Peguera - 100008000,405487,4666801,3066913,Fosfats
after_2007,0006,0014,F007393,Riu de Peguera - 100008000,405487,4666801,3066925,Amoni
after_2007,0006,0014,F007394,Riu Merdançol i riera de Vilada - 100009000,412515,4664689,3066933,Nitrits
after_2007,0006,0014,F007394,Riu Merdançol i riera de Vilada - 100009000,412515,4664689,3066934,Nitrats
after_2007,0006,0014,F007394,Riu Merdançol i riera de Vilada - 100009000,412515,4664689,3066936,Fosfats
after_2007,0006,0014,F007394,Riu Merdançol i riera de Vilada - 100009000,412515,4664689,3066948,Amoni
after_2007,0006,0014,F007395,El Llobregat des de la presa de La Baells fins a la Colònia Rosal - 100011000,407469,4662114,3066956,Nitrits
after_2007,0006,0014,F007395,El Llobregat des de la presa de La Baells fins a la Colònia Rosal - 100011000,407469,4662114,3066957,Nitrats
after_2007,0006,0014,F007395,El Llobregat des de la presa de La Baells fins a la Colònia Rosal - 100011000,407469,4662114,3066959,Fosfats
after_2007,0006,0014,F007395,El Llobregat des de la presa de La Baells fins a la Colònia Rosal - 100011000,407469,4662114,3066971,Amoni
after_2007,0006,0014,F007396,Riu Demetge - 100012000,403873,4662638,3066979,Nitrits
after_2007,0006,0014,F007396,Riu Demetge - 100012000,403873,4662638,3066980,Nitrats
after_2007,0006,0014,F007396,Riu Demetge - 100012000,403873,4662638,3066982,Fosfats
after_2007,0006,0014,F007396,Riu Demetge - 100012000,403873,4662638,3066994,Amoni
after_2007,0006,0014,F007397,El Llobregat des de la Colònia Rosal fins a l'EDAR de Balsareny - 100013000,407500,4641747,3050221,Nitrits
after_2007,0006,0014,F007397,El Llobregat des de la Colònia Rosal fins a l'EDAR de Balsareny - 100013000,407500,4641747,3050222,Nitrats
after_2007,0006,0014,F007397,El Llobregat des de la Colònia Rosal fins a l'EDAR de Balsareny - 100013000,407500,4641747,3050240,Fosfats
after_2007,0006,0014,F007397,El Llobregat des de la Colònia Rosal fins a l'EDAR de Balsareny - 100013000,407500,4641747,3050259,Amoníac no ionitzat
after_2007,0006,0014,F007397,El Llobregat des de la Colònia Rosal fins a l'EDAR de Balsareny - 100013000,407500,4641747,3050260,Amoni
after_2007,0006,0014,F007399,Riera de Graugés - 100016000,404022,4657011,3067002,Nitrits
after_2007,0006,0014,F007399,Riera de Graugés - 100016000,404022,4657011,3067003,Nitrats
after_2007,0006,0014,F007399,Riera de Graugés - 100016000,404022,4657011,3067005,Fosfats
after_2007,0006,0014,F007399,Riera de Graugés - 100016000,404022,4657011,3067017,Amoni
after_2007,0006,0014,F007400,Riera de la Riba - 100017000,408947,4655910,3067993,Nitrits
after_2007,0006,0014,F007400,Riera de la Riba - 100017000,408947,4655910,3067994,Nitrats
after_2007,0006,0014,F007400,Riera de la Riba - 100017000,408947,4655910,3068012,Fosfats
after_2007,0006,0014,F007400,Riera de la Riba - 100017000,408947,4655910,3068027,Amoni
after_2007,0006,0014,F007401,Riera de Biure - 100018000,409456,4652047,3067025,Nitrits
after_2007,0006,0014,F007401,Riera de Biure - 100018000,409456,4652047,3067026,Nitrats
after_2007,0006,0014,F007401,Riera de Biure - 100018000,409456,4652047,3067028,Fosfats
after_2007,0006,0014,F007401,Riera de Biure - 100018000,409456,4652047,3067040,Amoni
after_2007,0006,0014,F007402,Riera de Clarà - 100019000,405521,4652425,3067048,Nitrits
after_2007,0006,0014,F007402,Riera de Clarà - 100019000,405521,4652425,3067049,Nitrats
after_2007,0006,0014,F007402,Riera de Clarà - 100019000,405521,4652425,3067051,Fosfats
after_2007,0006,0014,F007402,Riera de Clarà - 100019000,405521,4652425,3067063,Amoni
after_2007,0006,0014,F007403,Capçalera de la riera de Merlès fins a la confluència del torrent de Regatell - 100021000,416889,4653580,3050268,Nitrits
after_2007,0006,0014,F007403,Capçalera de la riera de Merlès fins a la confluència del torrent de Regatell - 100021000,416889,4653580,3050269,Nitrats
after_2007,0006,0014,F007403,Capçalera de la riera de Merlès fins a la confluència del torrent de Regatell - 100021000,416889,4653580,3050287,Fosfats
after_2007,0006,0014,F007403,Capçalera de la riera de Merlès fins a la confluència del torrent de Regatell - 100021000,416889,4653580,3050304,Amoni
after_2007,0006,0014,F007404,Riera de Merlès des de la confluència del torrent de Regatell fins al Llobregat - 100022000,407369,4642352,3050327,Amoníac no ionitzat
after_2007,0006,0014,F007404,Riera de Merlès des de la confluència del torrent de Regatell fins al Llobregat - 100022000,407369,4642352,3050328,Amoni
after_2007,0006,0014,F007404,Riera de Merlès des de la confluència del torrent de Regatell fins al Llobregat - 100022000,407369,4642352,3050335,Nitrits
after_2007,0006,0014,F007404,Riera de Merlès des de la confluència del torrent de Regatell fins al Llobregat - 100022000,407369,4642352,3050336,Nitrats
after_2007,0006,0014,F007404,Riera de Merlès des de la confluència del torrent de Regatell fins al Llobregat - 100022000,407369,4642352,3050338,Fosfats
after_2007,0006,0014,F007405,Riera de Merola - 100023000,406456,4642835,3057909,Nitrits
after_2007,0006,0014,F007405,Riera de Merola - 100023000,406456,4642835,3057910,Nitrats
after_2007,0006,0014,F007405,Riera de Merola - 100023000,406456,4642835,3057912,Fosfats
after_2007,0006,0014,F007405,Riera de Merola - 100023000,406456,4642835,3057924,Amoni
after_2007,0006,0014,F007407,Riera del Mujal - 100025000,405177,4637865,3057932,Nitrits
after_2007,0006,0014,F007407,Riera del Mujal - 100025000,405177,4637865,3057933,Nitrats
after_2007,0006,0014,F007407,Riera del Mujal - 100025000,405177,4637865,3057935,Fosfats
after_2007,0006,0014,F007407,Riera del Mujal - 100025000,405177,4637865,3057947,Amoni
after_2007,0006,0014,F007408,Riu de Cornet - 100026000,408390,4632008,3057955,Nitrits
after_2007,0006,0014,F007408,Riu de Cornet - 100026000,408390,4632008,3057956,Nitrats
after_2007,0006,0014,F007408,Riu de Cornet - 100026000,408390,4632008,3057958,Fosfats
after_2007,0006,0014,F007408,Riu de Cornet - 100026000,408390,4632008,3057970,Amoni
after_2007,0006,0014,F007409,El Llobregat des de l'EDAR de Balsareny fins a la confluència de la riera Gavarresa - 100027000,408693,4630090,3050367,Amoníac no ionitzat
after_2007,0006,0014,F007409,El Llobregat des de l'EDAR de Balsareny fins a la confluència de la riera Gavarresa - 100027000,408693,4630090,3050368,Amoni
after_2007,0006,0014,F007409,El Llobregat des de l'EDAR de Balsareny fins a la confluència de la riera Gavarresa - 100027000,408693,4630090,3050375,Nitrits
after_2007,0006,0014,F007409,El Llobregat des de l'EDAR de Balsareny fins a la confluència de la riera Gavarresa - 100027000,408693,4630090,3050376,Nitrats
after_2007,0006,0014,F007409,El Llobregat des de l'EDAR de Balsareny fins a la confluència de la riera Gavarresa - 100027000,408693,4630090,3050379,Fosfats
after_2007,0006,0014,F007410,"Capçalera de la riera Gavarresa fins a l'EDAR d'Avinyó, inclosa la riera de Segalers - 100028000",415787,4634995,3057978,Nitrits
after_2007,0006,0014,F007410,"Capçalera de la riera Gavarresa fins a l'EDAR d'Avinyó, inclosa la riera de Segalers - 100028000",415787,4634995,3057979,Nitrats
after_2007,0006,0014,F007410,"Capçalera de la riera Gavarresa fins a l'EDAR d'Avinyó, inclosa la riera de Segalers - 100028000",415787,4634995,3057996,Fosfats
after_2007,0006,0014,F007410,"Capçalera de la riera Gavarresa fins a l'EDAR d'Avinyó, inclosa la riera de Segalers - 100028000",415787,4634995,3058011,Amoni
after_2007,0006,0014,F007411,Riera de Lluçanès - 100031000,421811,4650161,3067071,Nitrits
after_2007,0006,0014,F007411,Riera de Lluçanès - 100031000,421811,4650161,3067072,Nitrats
after_2007,0006,0014,F007411,Riera de Lluçanès - 100031000,421811,4650161,3067074,Fosfats
after_2007,0006,0014,F007411,Riera de Lluçanès - 100031000,421811,4650161,3067086,Amoni
after_2007,0006,0014,F007412,Torrent d'Olost - 100032000,424703,4647030,3067094,Nitrits
after_2007,0006,0014,F007412,Torrent d'Olost - 100032000,424703,4647030,3067095,Nitrats
after_2007,0006,0014,F007412,Torrent d'Olost - 100032000,424703,4647030,3067097,Fosfats
after_2007,0006,0014,F007412,Torrent d'Olost - 100032000,424703,4647030,3067109,Amoni
after_2007,0006,0014,F007413,Riera de Basí - 100033000,420006,4645164,3067117,Nitrits
after_2007,0006,0014,F007413,Riera de Basí - 100033000,420006,4645164,3067118,Nitrats
after_2007,0006,0014,F007413,Riera de Basí - 100033000,420006,4645164,3067120,Fosfats
after_2007,0006,0014,F007413,Riera de Basí - 100033000,420006,4645164,3067132,Amoni
after_2007,0006,0014,F007414,Riera de Relat - 100034000,415363,4636789,3048263,Nitrits
after_2007,0006,0014,F007414,Riera de Relat - 100034000,415363,4636789,3048264,Nitrats
after_2007,0006,0014,F007414,Riera de Relat - 100034000,415363,4636789,3048266,Fosfats
after_2007,0006,0014,F007414,Riera de Relat - 100034000,415363,4636789,3048278,Amoni
after_2007,0006,0014,F007415,"Riera Gavarresa des de l'EDAR d'Avinyó fins al Llobregat, inclòs el riu Sec - 100035000",413077,4629319,3050398,Nitrits
after_2007,0006,0014,F007415,"Riera Gavarresa des de l'EDAR d'Avinyó fins al Llobregat, inclòs el riu Sec - 100035000",413077,4629319,3050399,Nitrats
after_2007,0006,0014,F007415,"Riera Gavarresa des de l'EDAR d'Avinyó fins al Llobregat, inclòs el riu Sec - 100035000",413077,4629319,3050415,Fosfats
after_2007,0006,0014,F007415,"Riera Gavarresa des de l'EDAR d'Avinyó fins al Llobregat, inclòs el riu Sec - 100035000",413077,4629319,3050428,Amoníac no ionitzat
after_2007,0006,0014,F007415,"Riera Gavarresa des de l'EDAR d'Avinyó fins al Llobregat, inclòs el riu Sec - 100035000",413077,4629319,3050429,Amoni
after_2007,0006,0014,F007416,Riera d'Oló - 100036000,414323,4631810,3058019,Nitrits
after_2007,0006,0014,F007416,Riera d'Oló - 100036000,414323,4631810,3058020,Nitrats
after_2007,0006,0014,F007416,Riera d'Oló - 100036000,414323,4631810,3058022,Fosfats
after_2007,0006,0014,F007416,Riera d'Oló - 100036000,414323,4631810,3058034,Amoni
after_2007,0006,0014,F007417,Riera de Malrubí - 100038000,413785,4627930,3058042,Nitrits
after_2007,0006,0014,F007417,Riera de Malrubí - 100038000,413785,4627930,3058043,Nitrats
after_2007,0006,0014,F007417,Riera de Malrubí - 100038000,413785,4627930,3058045,Fosfats
after_2007,0006,0014,F007417,Riera de Malrubí - 100038000,413785,4627930,3058057,Amoni
after_2007,0006,0014,F007418,El Llobregat entre la riera Gavarresa i el Cardener - 100040000,408143,4621304,3050437,Nitrits
after_2007,0006,0014,F007418,El Llobregat entre la riera Gavarresa i el Cardener - 100040000,408143,4621304,3050438,Nitrats
after_2007,0006,0014,F007418,El Llobregat entre la riera Gavarresa i el Cardener - 100040000,408143,4621304,3050456,Fosfats
after_2007,0006,0014,F007418,El Llobregat entre la riera Gavarresa i el Cardener - 100040000,408143,4621304,3050474,Amoníac no ionitzat
after_2007,0006,0014,F007418,El Llobregat entre la riera Gavarresa i el Cardener - 100040000,408143,4621304,3050475,Amoni
after_2007,0006,0014,F007419,Riera de la Golarda i riera de Castellnou - 100041000,418294,4624812,3058065,Nitrits
after_2007,0006,0014,F007419,Riera de la Golarda i riera de Castellnou - 100041000,418294,4624812,3058066,Nitrats
after_2007,0006,0014,F007419,Riera de la Golarda i riera de Castellnou - 100041000,418294,4624812,3058068,Fosfats
after_2007,0006,0014,F007419,Riera de la Golarda i riera de Castellnou - 100041000,418294,4624812,3058080,Amoni
after_2007,0006,0014,F007420,Riera de Calders i riera del Marcet - 100043000,409461,4623702,3048286,Nitrits
after_2007,0006,0014,F007420,Riera de Calders i riera del Marcet - 100043000,409461,4623702,3048287,Nitrats
after_2007,0006,0014,F007420,Riera de Calders i riera del Marcet - 100043000,409461,4623702,3048305,Fosfats
after_2007,0006,0014,F007420,Riera de Calders i riera del Marcet - 100043000,409461,4623702,3048321,Amoníac no ionitzat
after_2007,0006,0014,F007420,Riera de Calders i riera del Marcet - 100043000,409461,4623702,3048322,Amoni
after_2007,0006,0014,F007421,Riu d'Or - 100044000,406735,4620559,3048330,Nitrits
after_2007,0006,0014,F007421,Riu d'Or - 100044000,406735,4620559,3048331,Nitrats
after_2007,0006,0014,F007421,Riu d'Or - 100044000,406735,4620559,3048348,Fosfats
after_2007,0006,0014,F007421,Riu d'Or - 100044000,406735,4620559,3048361,Amoníac no ionitzat
after_2007,0006,0014,F007421,Riu d'Or - 100044000,406735,4620559,3048362,Amoni
after_2007,0006,0014,F007422,Riera de Mura i riera de Talamanca - 100045000,411816,4618070,3058088,Nitrits
after_2007,0006,0014,F007422,Riera de Mura i riera de Talamanca - 100045000,411816,4618070,3058089,Nitrats
after_2007,0006,0014,F007422,Riera de Mura i riera de Talamanca - 100045000,411816,4618070,3058091,Fosfats
after_2007,0006,0014,F007422,Riera de Mura i riera de Talamanca - 100045000,411816,4618070,3058103,Amoni
after_2007,0006,0014,F007424,Capçalera del Cardener fins a la cua de l'embassament de la Llosa del Cavall - 100047000,383878,4669590,3056720,Nitrits
after_2007,0006,0014,F007424,Capçalera del Cardener fins a la cua de l'embassament de la Llosa del Cavall - 100047000,383878,4669590,3056721,Nitrats
after_2007,0006,0014,F007424,Capçalera del Cardener fins a la cua de l'embassament de la Llosa del Cavall - 100047000,383878,4669590,3056723,Fosfats
after_2007,0006,0014,F007424,Capçalera del Cardener fins a la cua de l'embassament de la Llosa del Cavall - 100047000,383878,4669590,3056735,Amoni
after_2007,0006,0014,F007425,Capçalera de l'Aigua de Valls fins a la cua de l'embassament de la Llosa del Cavall - 100049000,390357,4665705,3056743,Nitrits
after_2007,0006,0014,F007425,Capçalera de l'Aigua de Valls fins a la cua de l'embassament de la Llosa del Cavall - 100049000,390357,4665705,3056744,Nitrats
after_2007,0006,0014,F007425,Capçalera de l'Aigua de Valls fins a la cua de l'embassament de la Llosa del Cavall - 100049000,390357,4665705,3056746,Fosfats
after_2007,0006,0014,F007425,Capçalera de l'Aigua de Valls fins a la cua de l'embassament de la Llosa del Cavall - 100049000,390357,4665705,3056758,Amoni
after_2007,0006,0014,F007426,Riu Cardener entre la presa de la Llosa del Cavall i la cua de l'embassament de Sant Ponç - 100050000,381095,4654736,3050496,Amoníac no ionitzat
after_2007,0006,0014,F007426,Riu Cardener entre la presa de la Llosa del Cavall i la cua de l'embassament de Sant Ponç - 100050000,381095,4654736,3050497,Amoni
after_2007,0006,0014,F007426,Riu Cardener entre la presa de la Llosa del Cavall i la cua de l'embassament de Sant Ponç - 100050000,381095,4654736,3050504,Nitrits
after_2007,0006,0014,F007426,Riu Cardener entre la presa de la Llosa del Cavall i la cua de l'embassament de Sant Ponç - 100050000,381095,4654736,3050505,Nitrats
after_2007,0006,0014,F007426,Riu Cardener entre la presa de la Llosa del Cavall i la cua de l'embassament de Sant Ponç - 100050000,381095,4654736,3050508,Fosfats
after_2007,0006,0014,F007427,Riu Cardener des de la presa de Sant Ponç fins a l'EDAR de Cardona - 100052000,387335,4643094,3050540,Amoníac no ionitzat
after_2007,0006,0014,F007427,Riu Cardener des de la presa de Sant Ponç fins a l'EDAR de Cardona - 100052000,387335,4643094,3050541,Amoni
after_2007,0006,0014,F007427,Riu Cardener des de la presa de Sant Ponç fins a l'EDAR de Cardona - 100052000,387335,4643094,3050548,Nitrits
after_2007,0006,0014,F007427,Riu Cardener des de la presa de Sant Ponç fins a l'EDAR de Cardona - 100052000,387335,4643094,3050549,Nitrats
after_2007,0006,0014,F007427,Riu Cardener des de la presa de Sant Ponç fins a l'EDAR de Cardona - 100052000,387335,4643094,3050552,Fosfats
after_2007,0006,0014,F007428,Riu Negre - 100053000,386754,4642918,3056766,Nitrits
after_2007,0006,0014,F007428,Riu Negre - 100053000,386754,4642918,3056767,Nitrats
after_2007,0006,0014,F007428,Riu Negre - 100053000,386754,4642918,3056769,Fosfats
after_2007,0006,0014,F007428,Riu Negre - 100053000,386754,4642918,3056781,Amoni
after_2007,0006,0014,F007429,Conca de l'Aigua d'Ora - 100054000,389778,4644073,3056789,Nitrits
after_2007,0006,0014,F007429,Conca de l'Aigua d'Ora - 100054000,389778,4644073,3056790,Nitrats
after_2007,0006,0014,F007429,Conca de l'Aigua d'Ora - 100054000,389778,4644073,3056792,Fosfats
after_2007,0006,0014,F007429,Conca de l'Aigua d'Ora - 100054000,389778,4644073,3056804,Amoni
after_2007,0006,0014,F007430,Riera de Navel i rasa de l'Hospital - 100056000,394438,4643383,3056812,Nitrits
after_2007,0006,0014,F007430,Riera de Navel i rasa de l'Hospital - 100056000,394438,4643383,3056813,Nitrats
after_2007,0006,0014,F007430,Riera de Navel i rasa de l'Hospital - 100056000,394438,4643383,3056831,Fosfats
after_2007,0006,0014,F007430,Riera de Navel i rasa de l'Hospital - 100056000,394438,4643383,3056846,Amoni
after_2007,0006,0014,F007431,Riu Cardener des de l'abocament de Cardona fins a Súria - 100058000,393547,4634513,3056854,Nitrits
after_2007,0006,0014,F007431,Riu Cardener des de l'abocament de Cardona fins a Súria - 100058000,393547,4634513,3056855,Nitrats
after_2007,0006,0014,F007431,Riu Cardener des de l'abocament de Cardona fins a Súria - 100058000,393547,4634513,3056857,Fosfats
after_2007,0006,0014,F007431,Riu Cardener des de l'abocament de Cardona fins a Súria - 100058000,393547,4634513,3056869,Amoni
after_2007,0006,0014,F007432,Torrent de Davins - 100059000,391961,4635007,3056877,Nitrits
after_2007,0006,0014,F007432,Torrent de Davins - 100059000,391961,4635007,3056878,Nitrats
after_2007,0006,0014,F007432,Torrent de Davins - 100059000,391961,4635007,3056880,Fosfats
after_2007,0006,0014,F007432,Torrent de Davins - 100059000,391961,4635007,3056892,Amoni
after_2007,0006,0014,F007433,Riera de Salo - 100060000,392586,4633307,3056900,Nitrits
after_2007,0006,0014,F007433,Riera de Salo - 100060000,392586,4633307,3056901,Nitrats
after_2007,0006,0014,F007433,Riera de Salo - 100060000,392586,4633307,3056903,Fosfats
after_2007,0006,0014,F007433,Riera de Salo - 100060000,392586,4633307,3056915,Amoni
after_2007,0006,0014,F007434,Riera de Coaner - 100062000,394006,4631970,3056923,Nitrits
after_2007,0006,0014,F007434,Riera de Coaner - 100062000,394006,4631970,3056924,Nitrats
after_2007,0006,0014,F007434,Riera de Coaner - 100062000,394006,4631970,3056926,Fosfats
after_2007,0006,0014,F007434,Riera de Coaner - 100062000,394006,4631970,3056938,Amoni
after_2007,0006,0014,F007435,Riera d'Hortons - 100063000,396081,4632811,3056946,Nitrits
after_2007,0006,0014,F007435,Riera d'Hortons - 100063000,396081,4632811,3056947,Nitrats
after_2007,0006,0014,F007435,Riera d'Hortons - 100063000,396081,4632811,3056949,Fosfats
after_2007,0006,0014,F007435,Riera d'Hortons - 100063000,396081,4632811,3056961,Amoni
after_2007,0006,0014,F007436,Riu Cardener des de Súria fins a l'EDAR de Manresa - 100064000,397128,4629080,3048370,Nitrits
after_2007,0006,0014,F007436,Riu Cardener des de Súria fins a l'EDAR de Manresa - 100064000,397128,4629080,3048371,Nitrats
after_2007,0006,0014,F007436,Riu Cardener des de Súria fins a l'EDAR de Manresa - 100064000,397128,4629080,3048373,Fosfats
after_2007,0006,0014,F007436,Riu Cardener des de Súria fins a l'EDAR de Manresa - 100064000,397128,4629080,3048385,Amoni
after_2007,0006,0014,F007437,Riera de Sant Cugat - 100065000,400530,4636154,3048393,Nitrits
after_2007,0006,0014,F007437,Riera de Sant Cugat - 100065000,400530,4636154,3048394,Nitrats
after_2007,0006,0014,F007437,Riera de Sant Cugat - 100065000,400530,4636154,3048396,Fosfats
after_2007,0006,0014,F007437,Riera de Sant Cugat - 100065000,400530,4636154,3048408,Amoni
after_2007,0006,0014,F007438,Riera de Bellver - 100066000,400021,4626196,3056969,Nitrits
after_2007,0006,0014,F007438,Riera de Bellver - 100066000,400021,4626196,3056970,Nitrats
after_2007,0006,0014,F007438,Riera de Bellver - 100066000,400021,4626196,3056972,Fosfats
after_2007,0006,0014,F007438,Riera de Bellver - 100066000,400021,4626196,3056984,Amoni
after_2007,0006,0014,F007439,Riera de Fals - 100067000,398470,4623017,3059199,Nitrits
after_2007,0006,0014,F007439,Riera de Fals - 100067000,398470,4623017,3059200,Nitrats
after_2007,0006,0014,F007439,Riera de Fals - 100067000,398470,4623017,3059202,Fosfats
after_2007,0006,0014,F007439,Riera de Fals - 100067000,398470,4623017,3059214,Amoni
after_2007,0006,0014,F007440,Riera de Rajadell - 100068000,402033,4617836,3059222,Nitrits
after_2007,0006,0014,F007440,Riera de Rajadell - 100068000,402033,4617836,3059223,Nitrats
after_2007,0006,0014,F007440,Riera de Rajadell - 100068000,402033,4617836,3059225,Fosfats
after_2007,0006,0014,F007440,Riera de Rajadell - 100068000,402033,4617836,3059237,Amoni
after_2007,0006,0014,F007441,Riera de Cornet - 100069000,402353,4615855,3056992,Nitrits
after_2007,0006,0014,F007441,Riera de Cornet - 100069000,402353,4615855,3056993,Nitrats
after_2007,0006,0014,F007441,Riera de Cornet - 100069000,402353,4615855,3056995,Fosfats
after_2007,0006,0014,F007441,Riera de Cornet - 100069000,402353,4615855,3057007,Amoni
after_2007,0006,0014,F007442,Riu Cardener des de l'EDAR de Manresa fins al Llobregat - 100070000,404029,4615047,3050571,Nitrits
after_2007,0006,0014,F007442,Riu Cardener des de l'EDAR de Manresa fins al Llobregat - 100070000,404029,4615047,3050572,Nitrats
after_2007,0006,0014,F007442,Riu Cardener des de l'EDAR de Manresa fins al Llobregat - 100070000,404029,4615047,3050589,Fosfats
after_2007,0006,0014,F007442,Riu Cardener des de l'EDAR de Manresa fins al Llobregat - 100070000,404029,4615047,3050600,Amoníac no ionitzat
after_2007,0006,0014,F007442,Riu Cardener des de l'EDAR de Manresa fins al Llobregat - 100070000,404029,4615047,3050601,Amoni
after_2007,0006,0014,F007443,El Llobregat des de la confluència del Cardener fins a l'EDAR de Monistrol de Montserrat - 100071000,405050,4612004,3050609,Nitrits
after_2007,0006,0014,F007443,El Llobregat des de la confluència del Cardener fins a l'EDAR de Monistrol de Montserrat - 100071000,405050,4612004,3050610,Nitrats
after_2007,0006,0014,F007443,El Llobregat des de la confluència del Cardener fins a l'EDAR de Monistrol de Montserrat - 100071000,405050,4612004,3050627,Fosfats
after_2007,0006,0014,F007443,El Llobregat des de la confluència del Cardener fins a l'EDAR de Monistrol de Montserrat - 100071000,405050,4612004,3050638,Amoníac no ionitzat
after_2007,0006,0014,F007443,El Llobregat des de la confluència del Cardener fins a l'EDAR de Monistrol de Montserrat - 100071000,405050,4612004,3050639,Amoni
after_2007,0006,0014,F007444,Riera de Rellinars - 100072000,408321,4610296,3057015,Nitrits
after_2007,0006,0014,F007444,Riera de Rellinars - 100072000,408321,4610296,3057016,Nitrats
after_2007,0006,0014,F007444,Riera de Rellinars - 100072000,408321,4610296,3057018,Fosfats
after_2007,0006,0014,F007444,Riera de Rellinars - 100072000,408321,4610296,3057030,Amoni
after_2007,0006,0014,F007445,Riera de Marganell - 100073000,403614,4611156,3057038,Nitrits
after_2007,0006,0014,F007445,Riera de Marganell - 100073000,403614,4611156,3057039,Nitrats
after_2007,0006,0014,F007445,Riera de Marganell - 100073000,403614,4611156,3057041,Fosfats
after_2007,0006,0014,F007445,Riera de Marganell - 100073000,403614,4611156,3057053,Amoni
after_2007,0006,0014,F007446,El Llobregat des de l'EDAR de  Monistrol fins a l'EDAR d'Abrera - 100074000,406576,4601631,3050701,Nitrits
after_2007,0006,0014,F007446,El Llobregat des de l'EDAR de  Monistrol fins a l'EDAR d'Abrera - 100074000,406576,4601631,3050702,Nitrats
after_2007,0006,0014,F007446,El Llobregat des de l'EDAR de  Monistrol fins a l'EDAR d'Abrera - 100074000,406576,4601631,3050720,Fosfats
after_2007,0006,0014,F007446,El Llobregat des de l'EDAR de  Monistrol fins a l'EDAR d'Abrera - 100074000,406576,4601631,3050736,Amoníac no ionitzat
after_2007,0006,0014,F007446,El Llobregat des de l'EDAR de  Monistrol fins a l'EDAR d'Abrera - 100074000,406576,4601631,3050737,Amoni
after_2007,0006,0014,F007447,"Riera Magarola, riera de Masquefa i riera de can Dalmases (o torrent Mal) - 100075000",408925,4598141,3117613,Amoni
after_2007,0006,0014,F007447,"Riera Magarola, riera de Masquefa i riera de can Dalmases (o torrent Mal) - 100075000",408925,4598141,3117625,Fosfats
after_2007,0006,0014,F007447,"Riera Magarola, riera de Masquefa i riera de can Dalmases (o torrent Mal) - 100075000",408925,4598141,3117627,Nitrats
after_2007,0006,0014,F007447,"Riera Magarola, riera de Masquefa i riera de can Dalmases (o torrent Mal) - 100075000",408925,4598141,3117628,Nitrits
after_2007,0006,0014,F007448,El Llobregat des de l'EDAR d'Abrera fins a la confluència de l'Anoia - 100076000,409806,4595003,3050746,Nitrits
after_2007,0006,0014,F007448,El Llobregat des de l'EDAR d'Abrera fins a la confluència de l'Anoia - 100076000,409806,4595003,3050747,Nitrats
after_2007,0006,0014,F007448,El Llobregat des de l'EDAR d'Abrera fins a la confluència de l'Anoia - 100076000,409806,4595003,3050749,Fosfats
after_2007,0006,0014,F007448,El Llobregat des de l'EDAR d'Abrera fins a la confluència de l'Anoia - 100076000,409806,4595003,3050758,Amoni
after_2007,0006,0014,F007449,Riera del Morral del Molí i riera de Sant Jaume - 100077000,411356,4596167,3050767,Nitrits
after_2007,0006,0014,F007449,Riera del Morral del Molí i riera de Sant Jaume - 100077000,411356,4596167,3050768,Nitrats
after_2007,0006,0014,F007449,Riera del Morral del Molí i riera de Sant Jaume - 100077000,411356,4596167,3050770,Fosfats
after_2007,0006,0014,F007449,Riera del Morral del Molí i riera de Sant Jaume - 100077000,411356,4596167,3050782,Amoni
after_2007,0006,0014,F007450,Conca alta de l'Anoia fins a Igualada - 100078000,378888,4606037,3057063,Nitrits
after_2007,0006,0014,F007450,Conca alta de l'Anoia fins a Igualada - 100078000,378888,4606037,3057064,Nitrats
after_2007,0006,0014,F007450,Conca alta de l'Anoia fins a Igualada - 100078000,378888,4606037,3057082,Fosfats
after_2007,0006,0014,F007450,Conca alta de l'Anoia fins a Igualada - 100078000,378888,4606037,3057097,Amoni
after_2007,0006,0014,F007451,"Riu Anoia des de l'entrada a Igualada fins a l'EDAR d'Igualada, inclosa la riera d'Òdena - 100079000",386256,4602806,3048416,Nitrits
after_2007,0006,0014,F007451,"Riu Anoia des de l'entrada a Igualada fins a l'EDAR d'Igualada, inclosa la riera d'Òdena - 100079000",386256,4602806,3048417,Nitrats
after_2007,0006,0014,F007451,"Riu Anoia des de l'entrada a Igualada fins a l'EDAR d'Igualada, inclosa la riera d'Òdena - 100079000",386256,4602806,3048419,Fosfats
after_2007,0006,0014,F007451,"Riu Anoia des de l'entrada a Igualada fins a l'EDAR d'Igualada, inclosa la riera d'Òdena - 100079000",386256,4602806,3048431,Amoni
after_2007,0006,0014,F007452,"Riu Anoia des de l'EDAR d'Igualda fins a la confluència de la riera de Carme, inclosa la riera de Castellolí - 100080000",389318,4602196,3058111,Nitrits
after_2007,0006,0014,F007452,"Riu Anoia des de l'EDAR d'Igualda fins a la confluència de la riera de Carme, inclosa la riera de Castellolí - 100080000",389318,4602196,3058112,Nitrats
after_2007,0006,0014,F007452,"Riu Anoia des de l'EDAR d'Igualda fins a la confluència de la riera de Carme, inclosa la riera de Castellolí - 100080000",389318,4602196,3058128,Fosfats
after_2007,0006,0014,F007452,"Riu Anoia des de l'EDAR d'Igualda fins a la confluència de la riera de Carme, inclosa la riera de Castellolí - 100080000",389318,4602196,3058141,Amoníac no ionitzat
after_2007,0006,0014,F007452,"Riu Anoia des de l'EDAR d'Igualda fins a la confluència de la riera de Carme, inclosa la riera de Castellolí - 100080000",389318,4602196,3058142,Amoni
after_2007,0006,0014,F007453,Riera de Carme - 100081000,387360,4598995,3048439,Nitrits
after_2007,0006,0014,F007453,Riera de Carme - 100081000,387360,4598995,3048440,Nitrats
after_2007,0006,0014,F007453,Riera de Carme - 100081000,387360,4598995,3048442,Fosfats
after_2007,0006,0014,F007453,Riera de Carme - 100081000,387360,4598995,3048454,Amoni
after_2007,0006,0014,F007454,Riu Anoia entre la riera de Carme i el riu de Bitlles - 100082000,396983,4590408,3048462,Nitrits
after_2007,0006,0014,F007454,Riu Anoia entre la riera de Carme i el riu de Bitlles - 100082000,396983,4590408,3048463,Nitrats
after_2007,0006,0014,F007454,Riu Anoia entre la riera de Carme i el riu de Bitlles - 100082000,396983,4590408,3048465,Fosfats
after_2007,0006,0014,F007454,Riu Anoia entre la riera de Carme i el riu de Bitlles - 100082000,396983,4590408,3048477,Amoni
after_2007,0006,0014,F007455,Capçalera del riu de Bitlles fins a l'EDAR de Riudebitlles - 100083000,394439,4588853,3057105,Nitrits
after_2007,0006,0014,F007455,Capçalera del riu de Bitlles fins a l'EDAR de Riudebitlles - 100083000,394439,4588853,3057106,Nitrats
after_2007,0006,0014,F007455,Capçalera del riu de Bitlles fins a l'EDAR de Riudebitlles - 100083000,394439,4588853,3057108,Fosfats
after_2007,0006,0014,F007455,Capçalera del riu de Bitlles fins a l'EDAR de Riudebitlles - 100083000,394439,4588853,3057120,Amoni
after_2007,0006,0014,F007456,Riu de Bitlles des de l'EDAR de Riudebitlles fins a l'Anoia - 100084000,398406,4588606,3050790,Nitrits
after_2007,0006,0014,F007456,Riu de Bitlles des de l'EDAR de Riudebitlles fins a l'Anoia - 100084000,398406,4588606,3050791,Nitrats
after_2007,0006,0014,F007456,Riu de Bitlles des de l'EDAR de Riudebitlles fins a l'Anoia - 100084000,398406,4588606,3050808,Fosfats
after_2007,0006,0014,F007456,Riu de Bitlles des de l'EDAR de Riudebitlles fins a l'Anoia - 100084000,398406,4588606,3050821,Amoníac no ionitzat
after_2007,0006,0014,F007456,Riu de Bitlles des de l'EDAR de Riudebitlles fins a l'Anoia - 100084000,398406,4588606,3050822,Amoni
after_2007,0006,0014,F007457,Riu Anoia des de la confluència del riu de Bitlles fins al Llobregat - 100085000,404119,4588737,3048485,Nitrits
after_2007,0006,0014,F007457,Riu Anoia des de la confluència del riu de Bitlles fins al Llobregat - 100085000,404119,4588737,3048486,Nitrats
after_2007,0006,0014,F007457,Riu Anoia des de la confluència del riu de Bitlles fins al Llobregat - 100085000,404119,4588737,3048503,Fosfats
after_2007,0006,0014,F007457,Riu Anoia des de la confluència del riu de Bitlles fins al Llobregat - 100085000,404119,4588737,3048516,Amoníac no ionitzat
after_2007,0006,0014,F007457,Riu Anoia des de la confluència del riu de Bitlles fins al Llobregat - 100085000,404119,4588737,3048517,Amoni
after_2007,0006,0014,F007458,Riera de l'Avernó i torrent dels Brivons - 100086000,400668,4586507,3058150,Nitrits
after_2007,0006,0014,F007458,Riera de l'Avernó i torrent dels Brivons - 100086000,400668,4586507,3058151,Nitrats
after_2007,0006,0014,F007458,Riera de l'Avernó i torrent dels Brivons - 100086000,400668,4586507,3058167,Fosfats
after_2007,0006,0014,F007458,Riera de l'Avernó i torrent dels Brivons - 100086000,400668,4586507,3058180,Amoníac no ionitzat
after_2007,0006,0014,F007458,Riera de l'Avernó i torrent dels Brivons - 100086000,400668,4586507,3058181,Amoni
after_2007,0006,0014,F007459,Torrent de la Fontsanta - 100087000,402708,4591542,3048525,Nitrits
after_2007,0006,0014,F007459,Torrent de la Fontsanta - 100087000,402708,4591542,3048526,Nitrats
after_2007,0006,0014,F007459,Torrent de la Fontsanta - 100087000,402708,4591542,3048528,Fosfats
after_2007,0006,0014,F007459,Torrent de la Fontsanta - 100087000,402708,4591542,3048540,Amoni
after_2007,0006,0014,F007460,El Llobregat entre l'Anoia i la riera de Rubí - 100088000,413604,4591758,3050830,Nitrits
after_2007,0006,0014,F007460,El Llobregat entre l'Anoia i la riera de Rubí - 100088000,413604,4591758,3050831,Nitrats
after_2007,0006,0014,F007460,El Llobregat entre l'Anoia i la riera de Rubí - 100088000,413604,4591758,3050845,Amoni
after_2007,0006,0014,F007460,El Llobregat entre l'Anoia i la riera de Rubí - 100088000,413604,4591758,3965450,Fosfats
after_2007,0006,0014,F007461,Riera de Rubí i riera de les Arenes - 100089000,416091,4589051,3050853,Nitrits
after_2007,0006,0014,F007461,Riera de Rubí i riera de les Arenes - 100089000,416091,4589051,3050854,Nitrats
after_2007,0006,0014,F007461,Riera de Rubí i riera de les Arenes - 100089000,416091,4589051,3050856,Fosfats
after_2007,0006,0014,F007461,Riera de Rubí i riera de les Arenes - 100089000,416091,4589051,3050868,Amoni
after_2007,0006,0014,F007462,El Llobregat des de la confluència de la riera de Rubí fins a Sant Joan Despí - 100090000,420246,4578238,3050921,Nitrits
after_2007,0006,0014,F007462,El Llobregat des de la confluència de la riera de Rubí fins a Sant Joan Despí - 100090000,420246,4578238,3050922,Nitrats
after_2007,0006,0014,F007462,El Llobregat des de la confluència de la riera de Rubí fins a Sant Joan Despí - 100090000,420246,4578238,3050940,Fosfats
after_2007,0006,0014,F007462,El Llobregat des de la confluència de la riera de Rubí fins a Sant Joan Despí - 100090000,420246,4578238,3050955,Amoni
after_2007,0006,0014,F007463,Riera de Vallvidrera - 100091000,418462,4586699,3345614,Nitrits
after_2007,0006,0014,F007463,Riera de Vallvidrera - 100091000,418462,4586699,3345615,Nitrats
after_2007,0006,0014,F007463,Riera de Vallvidrera - 100091000,418462,4586699,3345621,Amoni
after_2007,0006,0014,F007463,Riera de Vallvidrera - 100091000,418462,4586699,3345627,Fosfats
after_2007,0006,0014,F007464,Riera de Rafamans - 100092000,412986,4585160,3057128,Nitrits
after_2007,0006,0014,F007464,Riera de Rafamans - 100092000,412986,4585160,3057129,Nitrats
after_2007,0006,0014,F007464,Riera de Rafamans - 100092000,412986,4585160,3057131,Fosfats
after_2007,0006,0014,F007464,Riera de Rafamans - 100092000,412986,4585160,3057143,Amoni
after_2007,0006,0014,F007465,Riera de Cervelló - 100093000,415015,4583453,3057151,Nitrits
after_2007,0006,0014,F007465,Riera de Cervelló - 100093000,415015,4583453,3057152,Nitrats
after_2007,0006,0014,F007465,Riera de Cervelló - 100093000,415015,4583453,3057154,Fosfats
after_2007,0006,0014,F007465,Riera de Cervelló - 100093000,415015,4583453,3057166,Amoni
after_2007,0006,0014,F007466,Riera de Torrelles - 100094000,415060,4578865,3050973,Nitrits
after_2007,0006,0014,F007466,Riera de Torrelles - 100094000,415060,4578865,3050974,Nitrats
after_2007,0006,0014,F007466,Riera de Torrelles - 100094000,415060,4578865,3050988,Amoni
after_2007,0006,0014,F007466,Riera de Torrelles - 100094000,415060,4578865,3965451,Fosfats
after_2007,0006,0014,F007467,El Llobregat des de Sant Joan Despí fins al mar - 100095000,425686,4575451,3050996,Nitrits
after_2007,0006,0014,F007467,El Llobregat des de Sant Joan Despí fins al mar - 100095000,425686,4575451,3050997,Nitrats
after_2007,0006,0014,F007467,El Llobregat des de Sant Joan Despí fins al mar - 100095000,425686,4575451,3051011,Amoni
after_2007,0006,0014,F007467,El Llobregat des de Sant Joan Despí fins al mar - 100095000,425686,4575451,3965452,Fosfats
after_2007,0006,0014,F007468,Capçalera del Congost fins a l'EDAR d'Aiguafreda - 110002000,436470,4627063,3051019,Nitrits
after_2007,0006,0014,F007468,Capçalera del Congost fins a l'EDAR d'Aiguafreda - 110002000,436470,4627063,3051020,Nitrats
after_2007,0006,0014,F007468,Capçalera del Congost fins a l'EDAR d'Aiguafreda - 110002000,436470,4627063,3051037,Fosfats
after_2007,0006,0014,F007468,Capçalera del Congost fins a l'EDAR d'Aiguafreda - 110002000,436470,4627063,3051050,Amoníac no ionitzat
after_2007,0006,0014,F007468,Capçalera del Congost fins a l'EDAR d'Aiguafreda - 110002000,436470,4627063,3051051,Amoni
after_2007,0006,0014,F007469,Riera d'Avencó - 110003000,438770,4623838,3048548,Nitrits
after_2007,0006,0014,F007469,Riera d'Avencó - 110003000,438770,4623838,3048549,Nitrats
after_2007,0006,0014,F007469,Riera d'Avencó - 110003000,438770,4623838,3048566,Fosfats
after_2007,0006,0014,F007469,Riera d'Avencó - 110003000,438770,4623838,3048579,Amoníac no ionitzat
after_2007,0006,0014,F007469,Riera d'Avencó - 110003000,438770,4623838,3048580,Amoni
after_2007,0006,0014,F007470,Riu Congost des de l'EDAR d'Aiguafreda fins a l'EDAR de La Garriga - 110004000,439609,4619390,3048588,Nitrits
after_2007,0006,0014,F007470,Riu Congost des de l'EDAR d'Aiguafreda fins a l'EDAR de La Garriga - 110004000,439609,4619390,3048589,Nitrats
after_2007,0006,0014,F007470,Riu Congost des de l'EDAR d'Aiguafreda fins a l'EDAR de La Garriga - 110004000,439609,4619390,3048619,Amoníac no ionitzat
after_2007,0006,0014,F007470,Riu Congost des de l'EDAR d'Aiguafreda fins a l'EDAR de La Garriga - 110004000,439609,4619390,3048620,Amoni
after_2007,0006,0014,F007470,Riu Congost des de l'EDAR d'Aiguafreda fins a l'EDAR de La Garriga - 110004000,439609,4619390,3986094,Fosfats
after_2007,0006,0014,F007471,"Riu Congost des de l'EDAR de la Garriga fins a la confluència amb la riera de Carbonell, riera de Carbonell inclosa - 110005000",441159,4612020,3065668,Amoni
after_2007,0006,0014,F007471,"Riu Congost des de l'EDAR de la Garriga fins a la confluència amb la riera de Carbonell, riera de Carbonell inclosa - 110005000",441159,4612020,3065680,Fosfats
after_2007,0006,0014,F007471,"Riu Congost des de l'EDAR de la Garriga fins a la confluència amb la riera de Carbonell, riera de Carbonell inclosa - 110005000",441159,4612020,3065682,Nitrats
after_2007,0006,0014,F007471,"Riu Congost des de l'EDAR de la Garriga fins a la confluència amb la riera de Carbonell, riera de Carbonell inclosa - 110005000",441159,4612020,3065683,Nitrits
after_2007,0006,0014,F007472,Riu Congost des de la confluència de la riera de Carbonell fins a la confluència amb el Mogent - 110006000,437707,4600165,3051059,Nitrits
after_2007,0006,0014,F007472,Riu Congost des de la confluència de la riera de Carbonell fins a la confluència amb el Mogent - 110006000,437707,4600165,3051060,Nitrats
after_2007,0006,0014,F007472,Riu Congost des de la confluència de la riera de Carbonell fins a la confluència amb el Mogent - 110006000,437707,4600165,3051077,Fosfats
after_2007,0006,0014,F007472,Riu Congost des de la confluència de la riera de Carbonell fins a la confluència amb el Mogent - 110006000,437707,4600165,3051090,Amoníac no ionitzat
after_2007,0006,0014,F007472,Riu Congost des de la confluència de la riera de Carbonell fins a la confluència amb el Mogent - 110006000,437707,4600165,3051091,Amoni
after_2007,0006,0014,F007473,Capçalera del Mogent fins a la potabilitzadora d'ATLL - 110007000,448840,4609087,3051099,Nitrits
after_2007,0006,0014,F007473,Capçalera del Mogent fins a la potabilitzadora d'ATLL - 110007000,448840,4609087,3051100,Nitrats
after_2007,0006,0014,F007473,Capçalera del Mogent fins a la potabilitzadora d'ATLL - 110007000,448840,4609087,3051117,Fosfats
after_2007,0006,0014,F007473,Capçalera del Mogent fins a la potabilitzadora d'ATLL - 110007000,448840,4609087,3051130,Amoníac no ionitzat
after_2007,0006,0014,F007473,Capçalera del Mogent fins a la potabilitzadora d'ATLL - 110007000,448840,4609087,3051131,Amoni
after_2007,0006,0014,F007474,Riu Mogent des de la potabilitzadora fins a l'EDAR de Vilanova del Vallès - 110008000,444855,4605329,3051139,Nitrits
after_2007,0006,0014,F007474,Riu Mogent des de la potabilitzadora fins a l'EDAR de Vilanova del Vallès - 110008000,444855,4605329,3051140,Nitrats
after_2007,0006,0014,F007474,Riu Mogent des de la potabilitzadora fins a l'EDAR de Vilanova del Vallès - 110008000,444855,4605329,3051157,Fosfats
after_2007,0006,0014,F007474,Riu Mogent des de la potabilitzadora fins a l'EDAR de Vilanova del Vallès - 110008000,444855,4605329,3051170,Amoníac no ionitzat
after_2007,0006,0014,F007474,Riu Mogent des de la potabilitzadora fins a l'EDAR de Vilanova del Vallès - 110008000,444855,4605329,3051171,Amoni
after_2007,0006,0014,F007475,Riera de Cànoves des de la presa de Valforners fins al Mogent - 110010000,446378,4611753,3048628,Nitrits
after_2007,0006,0014,F007475,Riera de Cànoves des de la presa de Valforners fins al Mogent - 110010000,446378,4611753,3048629,Nitrats
after_2007,0006,0014,F007475,Riera de Cànoves des de la presa de Valforners fins al Mogent - 110010000,446378,4611753,3048631,Fosfats
after_2007,0006,0014,F007475,Riera de Cànoves des de la presa de Valforners fins al Mogent - 110010000,446378,4611753,3048643,Amoni
after_2007,0006,0014,F007476,Riu Mogent des de l'EDAR de Vilanova del Vallès fins a la confluència amb el Congost - 110011000,443422,4604354,3051179,Nitrits
after_2007,0006,0014,F007476,Riu Mogent des de l'EDAR de Vilanova del Vallès fins a la confluència amb el Congost - 110011000,443422,4604354,3051180,Nitrats
after_2007,0006,0014,F007476,Riu Mogent des de l'EDAR de Vilanova del Vallès fins a la confluència amb el Congost - 110011000,443422,4604354,3051197,Fosfats
after_2007,0006,0014,F007476,Riu Mogent des de l'EDAR de Vilanova del Vallès fins a la confluència amb el Congost - 110011000,443422,4604354,3051210,Amoníac no ionitzat
after_2007,0006,0014,F007476,Riu Mogent des de l'EDAR de Vilanova del Vallès fins a la confluència amb el Congost - 110011000,443422,4604354,3051211,Amoni
after_2007,0006,0014,F007477,Capçalera del Tenes fins a la confluència del torrent del Villar (EDAR de Sant Feliu de Codines)  - 110012000,432624,4617144,3065691,Amoni
after_2007,0006,0014,F007477,Capçalera del Tenes fins a la confluència del torrent del Villar (EDAR de Sant Feliu de Codines)  - 110012000,432624,4617144,3065724,Nitrats
after_2007,0006,0014,F007477,Capçalera del Tenes fins a la confluència del torrent del Villar (EDAR de Sant Feliu de Codines)  - 110012000,432624,4617144,3065725,Nitrits
after_2007,0006,0014,F007477,Capçalera del Tenes fins a la confluència del torrent del Villar (EDAR de Sant Feliu de Codines)  - 110012000,432624,4617144,3986098,Fosfats
after_2007,0006,0014,F007478,Riu Tenes des de l'EDAR de Sant Feliu de Codines fins a l'EDAR de Santa Eulàlia de Ronçana - 110014000,436069,4611473,3048651,Nitrits
after_2007,0006,0014,F007478,Riu Tenes des de l'EDAR de Sant Feliu de Codines fins a l'EDAR de Santa Eulàlia de Ronçana - 110014000,436069,4611473,3048652,Nitrats
after_2007,0006,0014,F007478,Riu Tenes des de l'EDAR de Sant Feliu de Codines fins a l'EDAR de Santa Eulàlia de Ronçana - 110014000,436069,4611473,3048654,Fosfats
after_2007,0006,0014,F007478,Riu Tenes des de l'EDAR de Sant Feliu de Codines fins a l'EDAR de Santa Eulàlia de Ronçana - 110014000,436069,4611473,3048666,Amoni
after_2007,0006,0014,F007479,Riu Tenes des de l'EDAR de Santa Eulàlia de Ronçana fins a l'inici del tram endegat - 110016000,437114,4604148,3057174,Nitrits
after_2007,0006,0014,F007479,Riu Tenes des de l'EDAR de Santa Eulàlia de Ronçana fins a l'inici del tram endegat - 110016000,437114,4604148,3057175,Nitrats
after_2007,0006,0014,F007479,Riu Tenes des de l'EDAR de Santa Eulàlia de Ronçana fins a l'inici del tram endegat - 110016000,437114,4604148,3057177,Fosfats
after_2007,0006,0014,F007479,Riu Tenes des de l'EDAR de Santa Eulàlia de Ronçana fins a l'inici del tram endegat - 110016000,437114,4604148,3057189,Amoni
after_2007,0006,0014,F007480,"Riu Tenes des de l'inici del tram endegat fins al Besòs, inclosa la riera Seca - 110017000",435853,4599484,3048674,Nitrits
after_2007,0006,0014,F007480,"Riu Tenes des de l'inici del tram endegat fins al Besòs, inclosa la riera Seca - 110017000",435853,4599484,3048675,Nitrats
after_2007,0006,0014,F007480,"Riu Tenes des de l'inici del tram endegat fins al Besòs, inclosa la riera Seca - 110017000",435853,4599484,3048677,Fosfats
after_2007,0006,0014,F007480,"Riu Tenes des de l'inici del tram endegat fins al Besòs, inclosa la riera Seca - 110017000",435853,4599484,3048689,Amoni
after_2007,0006,0014,F007481,El Besòs des de la confluència Congost-Mogent fins a la confluència del Ripoll  - 110018000,432651,4593766,3051219,Nitrits
after_2007,0006,0014,F007481,El Besòs des de la confluència Congost-Mogent fins a la confluència del Ripoll  - 110018000,432651,4593766,3051220,Nitrats
after_2007,0006,0014,F007481,El Besòs des de la confluència Congost-Mogent fins a la confluència del Ripoll  - 110018000,432651,4593766,3051222,Fosfats
after_2007,0006,0014,F007481,El Besòs des de la confluència Congost-Mogent fins a la confluència del Ripoll  - 110018000,432651,4593766,3051234,Amoni
after_2007,0006,0014,F007482,Capçalera de la riera de Caldes fins a l'EDAR de Caldes de Montbui - 110019000,429594,4610324,3051296,Nitrits
after_2007,0006,0014,F007482,Capçalera de la riera de Caldes fins a l'EDAR de Caldes de Montbui - 110019000,429594,4610324,3051297,Nitrats
after_2007,0006,0014,F007482,Capçalera de la riera de Caldes fins a l'EDAR de Caldes de Montbui - 110019000,429594,4610324,3051315,Fosfats
after_2007,0006,0014,F007482,Capçalera de la riera de Caldes fins a l'EDAR de Caldes de Montbui - 110019000,429594,4610324,3051334,Amoníac no ionitzat
after_2007,0006,0014,F007482,Capçalera de la riera de Caldes fins a l'EDAR de Caldes de Montbui - 110019000,429594,4610324,3051335,Amoni
after_2007,0006,0014,F007483,Riera de Caldes des de l'EDAR de Caldes de Montbui fins al Besòs - 110020000,431189,4602873,3051343,Nitrits
after_2007,0006,0014,F007483,Riera de Caldes des de l'EDAR de Caldes de Montbui fins al Besòs - 110020000,431189,4602873,3051344,Nitrats
after_2007,0006,0014,F007483,Riera de Caldes des de l'EDAR de Caldes de Montbui fins al Besòs - 110020000,431189,4602873,3051346,Fosfats
after_2007,0006,0014,F007483,Riera de Caldes des de l'EDAR de Caldes de Montbui fins al Besòs - 110020000,431189,4602873,3051358,Amoni
after_2007,0006,0014,F007484,Capçalera de la riera de Sentmenat fins a Sentmenat - 110020500,426754,4609085,3065733,Amoni
after_2007,0006,0014,F007484,Capçalera de la riera de Sentmenat fins a Sentmenat - 110020500,426754,4609085,3065766,Nitrats
after_2007,0006,0014,F007484,Capçalera de la riera de Sentmenat fins a Sentmenat - 110020500,426754,4609085,3065767,Nitrits
after_2007,0006,0014,F007484,Capçalera de la riera de Sentmenat fins a Sentmenat - 110020500,426754,4609085,3986103,Fosfats
after_2007,0006,0014,F007485,Riera de Sentmenat des de Sentmenat a la riera de Caldes - 110020700,429597,4604240,3057197,Nitrits
after_2007,0006,0014,F007485,Riera de Sentmenat des de Sentmenat a la riera de Caldes - 110020700,429597,4604240,3057198,Nitrats
after_2007,0006,0014,F007485,Riera de Sentmenat des de Sentmenat a la riera de Caldes - 110020700,429597,4604240,3057200,Fosfats
after_2007,0006,0014,F007485,Riera de Sentmenat des de Sentmenat a la riera de Caldes - 110020700,429597,4604240,3057212,Amoni
after_2007,0006,0014,F007486,Riera Seca - 110021000,429375,4598548,3051366,Nitrits
after_2007,0006,0014,F007486,Riera Seca - 110021000,429375,4598548,3051367,Nitrats
after_2007,0006,0014,F007486,Riera Seca - 110021000,429375,4598548,3051369,Fosfats
after_2007,0006,0014,F007486,Riera Seca - 110021000,429375,4598548,3051381,Amoni
after_2007,0006,0014,F007487,Capçalera del Ripoll fins al límit del Parc de Sant Llorenç del Munt - 110022000,421418,4610624,3065775,Amoni
after_2007,0006,0014,F007487,Capçalera del Ripoll fins al límit del Parc de Sant Llorenç del Munt - 110022000,421418,4610624,3065808,Nitrats
after_2007,0006,0014,F007487,Capçalera del Ripoll fins al límit del Parc de Sant Llorenç del Munt - 110022000,421418,4610624,3065809,Nitrits
after_2007,0006,0014,F007487,Capçalera del Ripoll fins al límit del Parc de Sant Llorenç del Munt - 110022000,421418,4610624,3986109,Fosfats
after_2007,0006,0014,F007488,Riu Ripoll des del límit del Parc de Sant Llorenç del Munt fins a l'EDAR de Castellar del Vallès - 110023000,422644,4607781,3057220,Nitrits
after_2007,0006,0014,F007488,Riu Ripoll des del límit del Parc de Sant Llorenç del Munt fins a l'EDAR de Castellar del Vallès - 110023000,422644,4607781,3057221,Nitrats
after_2007,0006,0014,F007488,Riu Ripoll des del límit del Parc de Sant Llorenç del Munt fins a l'EDAR de Castellar del Vallès - 110023000,422644,4607781,3057223,Fosfats
after_2007,0006,0014,F007488,Riu Ripoll des del límit del Parc de Sant Llorenç del Munt fins a l'EDAR de Castellar del Vallès - 110023000,422644,4607781,3057235,Amoni
after_2007,0006,0014,F007489,Riu Ripoll des de l' EDAR de Castellar del Vallès fins a l'EDAR de Sabadell - 110024000,425278,4602157,3051389,Nitrits
after_2007,0006,0014,F007489,Riu Ripoll des de l' EDAR de Castellar del Vallès fins a l'EDAR de Sabadell - 110024000,425278,4602157,3051390,Nitrats
after_2007,0006,0014,F007489,Riu Ripoll des de l' EDAR de Castellar del Vallès fins a l'EDAR de Sabadell - 110024000,425278,4602157,3051392,Fosfats
after_2007,0006,0014,F007489,Riu Ripoll des de l' EDAR de Castellar del Vallès fins a l'EDAR de Sabadell - 110024000,425278,4602157,3051404,Amoni
after_2007,0006,0014,F007490,Riu Ripoll des de l'EDAR de Sabadell fins al Besòs - 110025000,432000,4593213,3051412,Nitrits
after_2007,0006,0014,F007490,Riu Ripoll des de l'EDAR de Sabadell fins al Besòs - 110025000,432000,4593213,3051413,Nitrats
after_2007,0006,0014,F007490,Riu Ripoll des de l'EDAR de Sabadell fins al Besòs - 110025000,432000,4593213,3051415,Fosfats
after_2007,0006,0014,F007490,Riu Ripoll des de l'EDAR de Sabadell fins al Besòs - 110025000,432000,4593213,3051427,Amoni
after_2007,0006,0014,F007491,Riu Sec (Besòs) - 110026000,429192,4593550,3051435,Nitrits
after_2007,0006,0014,F007491,Riu Sec (Besòs) - 110026000,429192,4593550,3051436,Nitrats
after_2007,0006,0014,F007491,Riu Sec (Besòs) - 110026000,429192,4593550,3051438,Fosfats
after_2007,0006,0014,F007491,Riu Sec (Besòs) - 110026000,429192,4593550,3051450,Amoni
after_2007,0006,0014,F007492,Riera de Sant Cugat - 110028000,427156,4592468,3057243,Nitrits
after_2007,0006,0014,F007492,Riera de Sant Cugat - 110028000,427156,4592468,3057244,Nitrats
after_2007,0006,0014,F007492,Riera de Sant Cugat - 110028000,427156,4592468,3057246,Fosfats
after_2007,0006,0014,F007492,Riera de Sant Cugat - 110028000,427156,4592468,3057258,Amoni
after_2007,0006,0014,F007493,El Besòs des de la confluència del Ripoll fins al mar - 110030000,433240,4589118,3051458,Nitrits
after_2007,0006,0014,F007493,El Besòs des de la confluència del Ripoll fins al mar - 110030000,433240,4589118,3051459,Nitrats
after_2007,0006,0014,F007493,El Besòs des de la confluència del Ripoll fins al mar - 110030000,433240,4589118,3051461,Fosfats
after_2007,0006,0014,F007493,El Besòs des de la confluència del Ripoll fins al mar - 110030000,433240,4589118,3051473,Amoni
after_2007,0006,0014,F007495,Riera d'Argentona des de confluència de la riera d'Òrrius fins al mar - 120002000,449554,4602013,3370917,Nitrits
after_2007,0006,0014,F007495,Riera d'Argentona des de confluència de la riera d'Òrrius fins al mar - 120002000,449554,4602013,3370918,Nitrats
after_2007,0006,0014,F007495,Riera d'Argentona des de confluència de la riera d'Òrrius fins al mar - 120002000,449554,4602013,3370924,Amoni
after_2007,0006,0014,F007495,Riera d'Argentona des de confluència de la riera d'Òrrius fins al mar - 120002000,449554,4602013,3370930,Fosfats
after_2007,0006,0014,F007496,Riera de Sant Pol - 130001000,467331,4606977,3270837,Nitrits
after_2007,0006,0014,F007496,Riera de Sant Pol - 130001000,467331,4606977,3270838,Nitrats
after_2007,0006,0014,F007496,Riera de Sant Pol - 130001000,467331,4606977,3270844,Amoni
after_2007,0006,0014,F007496,Riera de Sant Pol - 130001000,467331,4606977,3270850,Fosfats
after_2007,0006,0014,F007497,Riera de Pineda  - 135101000,471822,4611160,3048790,Nitrits
after_2007,0006,0014,F007497,Riera de Pineda  - 135101000,471822,4611160,3048791,Nitrats
after_2007,0006,0014,F007497,Riera de Pineda  - 135101000,471822,4611160,3048809,Fosfats
after_2007,0006,0014,F007497,Riera de Pineda  - 135101000,471822,4611160,3048832,Amoníac no ionitzat
after_2007,0006,0014,F007497,Riera de Pineda  - 135101000,471822,4611160,3048833,Amoni
after_2007,0006,0014,F007498,"Capçalera de la Tordera fins a l'EDAR de Santa Maria de Palautordera, inclosa la riera de la Castanya - 140001000",449036,4623648,3051481,Nitrits
after_2007,0006,0014,F007498,"Capçalera de la Tordera fins a l'EDAR de Santa Maria de Palautordera, inclosa la riera de la Castanya - 140001000",449036,4623648,3051482,Nitrats
after_2007,0006,0014,F007498,"Capçalera de la Tordera fins a l'EDAR de Santa Maria de Palautordera, inclosa la riera de la Castanya - 140001000",449036,4623648,3051512,Amoníac no ionitzat
after_2007,0006,0014,F007498,"Capçalera de la Tordera fins a l'EDAR de Santa Maria de Palautordera, inclosa la riera de la Castanya - 140001000",449036,4623648,3051513,Amoni
after_2007,0006,0014,F007498,"Capçalera de la Tordera fins a l'EDAR de Santa Maria de Palautordera, inclosa la riera de la Castanya - 140001000",449036,4623648,3965453,Fosfats
after_2007,0006,0014,F007499,La Tordera des de l'EDAR de Santa Maria de Palautordera fins a l'EDAR de Sant Celoni - 140003000,457478,4614405,3051723,Nitrits
after_2007,0006,0014,F007499,La Tordera des de l'EDAR de Santa Maria de Palautordera fins a l'EDAR de Sant Celoni - 140003000,457478,4614405,3051724,Nitrats
after_2007,0006,0014,F007499,La Tordera des de l'EDAR de Santa Maria de Palautordera fins a l'EDAR de Sant Celoni - 140003000,457478,4614405,3051765,Amoníac no ionitzat
after_2007,0006,0014,F007499,La Tordera des de l'EDAR de Santa Maria de Palautordera fins a l'EDAR de Sant Celoni - 140003000,457478,4614405,3051766,Amoni
after_2007,0006,0014,F007499,La Tordera des de l'EDAR de Santa Maria de Palautordera fins a l'EDAR de Sant Celoni - 140003000,457478,4614405,3986112,Fosfats
after_2007,0006,0014,F007500,Riera de Vallgorguina - 140004000,456791,4612483,3048934,Nitrits
after_2007,0006,0014,F007500,Riera de Vallgorguina - 140004000,456791,4612483,3048935,Nitrats
after_2007,0006,0014,F007500,Riera de Vallgorguina - 140004000,456791,4612483,3048953,Fosfats
after_2007,0006,0014,F007500,Riera de Vallgorguina - 140004000,456791,4612483,3048976,Amoníac no ionitzat
after_2007,0006,0014,F007500,Riera de Vallgorguina - 140004000,456791,4612483,3048977,Amoni
after_2007,0006,0014,F007501,La Tordera des de l'EDAR de Sant Celoni fins a la confluència de la riera d'Arbúcies - 140006000,466947,4619673,3051774,Nitrits
after_2007,0006,0014,F007501,La Tordera des de l'EDAR de Sant Celoni fins a la confluència de la riera d'Arbúcies - 140006000,466947,4619673,3051775,Nitrats
after_2007,0006,0014,F007501,La Tordera des de l'EDAR de Sant Celoni fins a la confluència de la riera d'Arbúcies - 140006000,466947,4619673,3051792,Fosfats
after_2007,0006,0014,F007501,La Tordera des de l'EDAR de Sant Celoni fins a la confluència de la riera d'Arbúcies - 140006000,466947,4619673,3051805,Amoníac no ionitzat
after_2007,0006,0014,F007501,La Tordera des de l'EDAR de Sant Celoni fins a la confluència de la riera d'Arbúcies - 140006000,466947,4619673,3051806,Amoni
after_2007,0006,0014,F007503,Riera de Gualba des de la presa de Santa Fe fins a la Tordera - 140008000,460350,4618715,3065817,Amoni
after_2007,0006,0014,F007503,Riera de Gualba des de la presa de Santa Fe fins a la Tordera - 140008000,460350,4618715,3065832,Fosfats
after_2007,0006,0014,F007503,Riera de Gualba des de la presa de Santa Fe fins a la Tordera - 140008000,460350,4618715,3065850,Nitrats
after_2007,0006,0014,F007503,Riera de Gualba des de la presa de Santa Fe fins a la Tordera - 140008000,460350,4618715,3065851,Nitrits
after_2007,0006,0014,F007504,Riera de Fuirosos - 140010000,464906,4615795,3103390,Nitrits
after_2007,0006,0014,F007504,Riera de Fuirosos - 140010000,464906,4615795,3103391,Nitrats
after_2007,0006,0014,F007504,Riera de Fuirosos - 140010000,464906,4615795,3103393,Fosfats
after_2007,0006,0014,F007504,Riera de Fuirosos - 140010000,464906,4615795,3103405,Amoni
after_2007,0006,0014,F007505,Riera de Breda - 140011000,463368,4620915,3051918,Nitrits
after_2007,0006,0014,F007505,Riera de Breda - 140011000,463368,4620915,3051919,Nitrats
after_2007,0006,0014,F007505,Riera de Breda - 140011000,463368,4620915,3051936,Fosfats
after_2007,0006,0014,F007505,Riera de Breda - 140011000,463368,4620915,3051949,Amoníac no ionitzat
after_2007,0006,0014,F007505,Riera de Breda - 140011000,463368,4620915,3051950,Amoni
after_2007,0006,0014,F007506,"Capçalera de la riera d'Arbúcies fins a la riera de Buixalleu (canvi de tipologia), inclosa la riera de la Pineda - 140013000",458135,4629679,3065859,Amoni
after_2007,0006,0014,F007506,"Capçalera de la riera d'Arbúcies fins a la riera de Buixalleu (canvi de tipologia), inclosa la riera de la Pineda - 140013000",458135,4629679,3065871,Fosfats
after_2007,0006,0014,F007506,"Capçalera de la riera d'Arbúcies fins a la riera de Buixalleu (canvi de tipologia), inclosa la riera de la Pineda - 140013000",458135,4629679,3065873,Nitrats
after_2007,0006,0014,F007506,"Capçalera de la riera d'Arbúcies fins a la riera de Buixalleu (canvi de tipologia), inclosa la riera de la Pineda - 140013000",458135,4629679,3065874,Nitrits
after_2007,0006,0014,F007507,Tram baix de la riera d'Arbúcies - 140014000,467165,4622820,3070485,Amoni
after_2007,0006,0014,F007507,Tram baix de la riera d'Arbúcies - 140014000,467165,4622820,3070497,Fosfats
after_2007,0006,0014,F007507,Tram baix de la riera d'Arbúcies - 140014000,467165,4622820,3070499,Nitrats
after_2007,0006,0014,F007507,Tram baix de la riera d'Arbúcies - 140014000,467165,4622820,3070500,Nitrits
after_2007,0006,0014,F007508,La Tordera entre la riera d'Arbúcies i la riera de Santa Coloma - 140015000,472830,4621157,3049078,Nitrits
after_2007,0006,0014,F007508,La Tordera entre la riera d'Arbúcies i la riera de Santa Coloma - 140015000,472830,4621157,3049079,Nitrats
after_2007,0006,0014,F007508,La Tordera entre la riera d'Arbúcies i la riera de Santa Coloma - 140015000,472830,4621157,3049097,Fosfats
after_2007,0006,0014,F007508,La Tordera entre la riera d'Arbúcies i la riera de Santa Coloma - 140015000,472830,4621157,3049120,Amoníac no ionitzat
after_2007,0006,0014,F007508,La Tordera entre la riera d'Arbúcies i la riera de Santa Coloma - 140015000,472830,4621157,3049121,Amoni
after_2007,0006,0014,F007509,Capçalera de la riera de Santa Coloma fins a Santa Coloma de Faners - 140016000,466246,4635038,3049222,Nitrits
after_2007,0006,0014,F007509,Capçalera de la riera de Santa Coloma fins a Santa Coloma de Faners - 140016000,466246,4635038,3049223,Nitrats
after_2007,0006,0014,F007509,Capçalera de la riera de Santa Coloma fins a Santa Coloma de Faners - 140016000,466246,4635038,3049241,Fosfats
after_2007,0006,0014,F007509,Capçalera de la riera de Santa Coloma fins a Santa Coloma de Faners - 140016000,466246,4635038,3049260,Amoni
after_2007,0006,0014,F007510,Riera de Santa Coloma des de Santa Coloma fins a l'inici del tram inclòs a la Xarxa Natura 2000 - 140017000,473899,4631816,3065882,Amoni
after_2007,0006,0014,F007510,Riera de Santa Coloma des de Santa Coloma fins a l'inici del tram inclòs a la Xarxa Natura 2000 - 140017000,473899,4631816,3065894,Fosfats
after_2007,0006,0014,F007510,Riera de Santa Coloma des de Santa Coloma fins a l'inici del tram inclòs a la Xarxa Natura 2000 - 140017000,473899,4631816,3065896,Nitrats
after_2007,0006,0014,F007510,Riera de Santa Coloma des de Santa Coloma fins a l'inici del tram inclòs a la Xarxa Natura 2000 - 140017000,473899,4631816,3065897,Nitrits
after_2007,0006,0014,F007511,Riera de l'Esparra - 140018000,474195,4628191,3065905,Amoni
after_2007,0006,0014,F007511,Riera de l'Esparra - 140018000,474195,4628191,3065917,Fosfats
after_2007,0006,0014,F007511,Riera de l'Esparra - 140018000,474195,4628191,3065919,Nitrats
after_2007,0006,0014,F007511,Riera de l'Esparra - 140018000,474195,4628191,3065920,Nitrits
after_2007,0006,0014,F007512,Sèquia de Sils - 140019000,474189,4626704,3052072,Nitrits
after_2007,0006,0014,F007512,Sèquia de Sils - 140019000,474189,4626704,3052073,Nitrats
after_2007,0006,0014,F007512,Sèquia de Sils - 140019000,474189,4626704,3052075,Fosfats
after_2007,0006,0014,F007512,Sèquia de Sils - 140019000,474189,4626704,3052087,Amoni
after_2007,0006,0014,F007512,Sèquia de Sils - 140019000,474189,4626704,3052207,Amoníac no ionitzat
after_2007,0006,0014,F007513,El Reclar i riera de Pins - 140020000,478735,4627523,3113266,Amoni
after_2007,0006,0014,F007513,El Reclar i riera de Pins - 140020000,478735,4627523,3113278,Fosfats
after_2007,0006,0014,F007513,El Reclar i riera de Pins - 140020000,478735,4627523,3113280,Nitrats
after_2007,0006,0014,F007513,El Reclar i riera de Pins - 140020000,478735,4627523,3113281,Nitrits
after_2007,0006,0014,F007514,Riera de Santa Coloma des de l'inici del tram inclòs a la Xarxa Natura 2000 fins a la Tordera - 140021500,474252,4626972,3065928,Amoni
after_2007,0006,0014,F007514,Riera de Santa Coloma des de l'inici del tram inclòs a la Xarxa Natura 2000 fins a la Tordera - 140021500,474252,4626972,3065940,Fosfats
after_2007,0006,0014,F007514,Riera de Santa Coloma des de l'inici del tram inclòs a la Xarxa Natura 2000 fins a la Tordera - 140021500,474252,4626972,3065942,Nitrats
after_2007,0006,0014,F007514,Riera de Santa Coloma des de l'inici del tram inclòs a la Xarxa Natura 2000 fins a la Tordera - 140021500,474252,4626972,3065943,Nitrits
after_2007,0006,0014,F007515,Riera de Maçanes - 140022000,470697,4624540,3065951,Amoni
after_2007,0006,0014,F007515,Riera de Maçanes - 140022000,470697,4624540,3065963,Fosfats
after_2007,0006,0014,F007515,Riera de Maçanes - 140022000,470697,4624540,3065965,Nitrats
after_2007,0006,0014,F007515,Riera de Maçanes - 140022000,470697,4624540,3065966,Nitrits
after_2007,0006,0014,F007516,La Tordera des de la confluència de la riera de Santa Coloma fins a la confluència de la riera de Vallmanya - 140023000,475745,4618342,3052215,Nitrits
after_2007,0006,0014,F007516,La Tordera des de la confluència de la riera de Santa Coloma fins a la confluència de la riera de Vallmanya - 140023000,475745,4618342,3052216,Nitrats
after_2007,0006,0014,F007516,La Tordera des de la confluència de la riera de Santa Coloma fins a la confluència de la riera de Vallmanya - 140023000,475745,4618342,3052233,Fosfats
after_2007,0006,0014,F007516,La Tordera des de la confluència de la riera de Santa Coloma fins a la confluència de la riera de Vallmanya - 140023000,475745,4618342,3052246,Amoníac no ionitzat
after_2007,0006,0014,F007516,La Tordera des de la confluència de la riera de Santa Coloma fins a la confluència de la riera de Vallmanya - 140023000,475745,4618342,3052247,Amoni
after_2007,0006,0014,F007517,La Tordera des de la confluència de la riera de Vallmanya fins al mar - 140024000,480394,4612722,3052359,Nitrits
after_2007,0006,0014,F007517,La Tordera des de la confluència de la riera de Vallmanya fins al mar - 140024000,480394,4612722,3052360,Nitrats
after_2007,0006,0014,F007517,La Tordera des de la confluència de la riera de Vallmanya fins al mar - 140024000,480394,4612722,3052377,Fosfats
after_2007,0006,0014,F007517,La Tordera des de la confluència de la riera de Vallmanya fins al mar - 140024000,480394,4612722,3052390,Amoníac no ionitzat
after_2007,0006,0014,F007517,La Tordera des de la confluència de la riera de Vallmanya fins al mar - 140024000,480394,4612722,3052391,Amoni
after_2007,0006,0014,F007518,Capçaleres del sot de Verderes i la riera de Tossa fins a l'EDAR de Tossa de Mar - 150001000,491424,4621111,3069710,Amoni
after_2007,0006,0014,F007518,Capçaleres del sot de Verderes i la riera de Tossa fins a l'EDAR de Tossa de Mar - 150001000,491424,4621111,3069724,Nitrats
after_2007,0006,0014,F007518,Capçaleres del sot de Verderes i la riera de Tossa fins a l'EDAR de Tossa de Mar - 150001000,491424,4621111,3069725,Nitrits
after_2007,0006,0014,F007518,Capçaleres del sot de Verderes i la riera de Tossa fins a l'EDAR de Tossa de Mar - 150001000,491424,4621111,3986115,Fosfats
after_2007,0006,0014,F007519,Riera de Tossa des de l'EDAR de Tossa de Mar fins al mar - 150003000,493818,4619651,3052503,Nitrits
after_2007,0006,0014,F007519,Riera de Tossa des de l'EDAR de Tossa de Mar fins al mar - 150003000,493818,4619651,3052504,Nitrats
after_2007,0006,0014,F007519,Riera de Tossa des de l'EDAR de Tossa de Mar fins al mar - 150003000,493818,4619651,3052518,Amoni
after_2007,0006,0014,F007519,Riera de Tossa des de l'EDAR de Tossa de Mar fins al mar - 150003000,493818,4619651,3986116,Fosfats
after_2007,0006,0014,F007520,Capçalera del Ridaura fins a l'EDAR de Castell-Platja d'Aro - 160001000,494624,4630671,3068035,Nitrits
after_2007,0006,0014,F007520,Capçalera del Ridaura fins a l'EDAR de Castell-Platja d'Aro - 160001000,494624,4630671,3068036,Nitrats
after_2007,0006,0014,F007520,Capçalera del Ridaura fins a l'EDAR de Castell-Platja d'Aro - 160001000,494624,4630671,3068050,Amoni
after_2007,0006,0014,F007520,Capçalera del Ridaura fins a l'EDAR de Castell-Platja d'Aro - 160001000,494624,4630671,3986117,Fosfats
after_2007,0006,0014,F007521,Riu Ridaura des de l'EDAR de Castell-Platja d'Aro fins al mar  - 160002000,503573,4628943,3052526,Nitrits
after_2007,0006,0014,F007521,Riu Ridaura des de l'EDAR de Castell-Platja d'Aro fins al mar  - 160002000,503573,4628943,3052527,Nitrats
after_2007,0006,0014,F007521,Riu Ridaura des de l'EDAR de Castell-Platja d'Aro fins al mar  - 160002000,503573,4628943,3052529,Fosfats
after_2007,0006,0014,F007521,Riu Ridaura des de l'EDAR de Castell-Platja d'Aro fins al mar  - 160002000,503573,4628943,3052541,Amoni
after_2007,0006,0014,F007522,Capçalera de la riera de Calonge fins al límit del PEIN - 170001000,503369,4632847,3068058,Nitrits
after_2007,0006,0014,F007522,Capçalera de la riera de Calonge fins al límit del PEIN - 170001000,503369,4632847,3068059,Nitrats
after_2007,0006,0014,F007522,Capçalera de la riera de Calonge fins al límit del PEIN - 170001000,503369,4632847,3068061,Fosfats
after_2007,0006,0014,F007522,Capçalera de la riera de Calonge fins al límit del PEIN - 170001000,503369,4632847,3068073,Amoni
after_2007,0006,0014,F007523,Riera de Calonge des del límit del PEIN fins al mar - 170002000,506754,4633643,3063689,Nitrits
after_2007,0006,0014,F007523,Riera de Calonge des del límit del PEIN fins al mar - 170002000,506754,4633643,3063690,Nitrats
after_2007,0006,0014,F007523,Riera de Calonge des del límit del PEIN fins al mar - 170002000,506754,4633643,3063704,Amoni
after_2007,0006,0014,F007523,Riera de Calonge des del límit del PEIN fins al mar - 170002000,506754,4633643,3986118,Fosfats
after_2007,0006,0014,F007524,Riera d'Aubi - 180001000,512771,4637902,3052549,Nitrits
after_2007,0006,0014,F007524,Riera d'Aubi - 180001000,512771,4637902,3052550,Nitrats
after_2007,0006,0014,F007524,Riera d'Aubi - 180001000,512771,4637902,3052552,Fosfats
after_2007,0006,0014,F007524,Riera d'Aubi - 180001000,512771,4637902,3052564,Amoni
after_2007,0006,0014,F007525,Capçalera del Daró fins a la confluència amb el torrent de la Marqueta (torrent de la Marqueta inclòs) - 190001000,500738,4643462,3063712,Nitrits
after_2007,0006,0014,F007525,Capçalera del Daró fins a la confluència amb el torrent de la Marqueta (torrent de la Marqueta inclòs) - 190001000,500738,4643462,3063713,Nitrats
after_2007,0006,0014,F007525,Capçalera del Daró fins a la confluència amb el torrent de la Marqueta (torrent de la Marqueta inclòs) - 190001000,500738,4643462,3063727,Amoni
after_2007,0006,0014,F007525,Capçalera del Daró fins a la confluència amb el torrent de la Marqueta (torrent de la Marqueta inclòs) - 190001000,500738,4643462,3986119,Fosfats
after_2007,0006,0014,F007526,El Daró entre el torrent de la Marqueta i el Rissec (tram urbà de la Bisbal) - 190002000,503425,4647607,3052572,Nitrits
after_2007,0006,0014,F007526,El Daró entre el torrent de la Marqueta i el Rissec (tram urbà de la Bisbal) - 190002000,503425,4647607,3052573,Nitrats
after_2007,0006,0014,F007526,El Daró entre el torrent de la Marqueta i el Rissec (tram urbà de la Bisbal) - 190002000,503425,4647607,3052575,Fosfats
after_2007,0006,0014,F007526,El Daró entre el torrent de la Marqueta i el Rissec (tram urbà de la Bisbal) - 190002000,503425,4647607,3052587,Amoni
after_2007,0006,0014,F007527,"Riu Daró des de la confluència del Rissec fins a Gualta, inclosos el Rissec i la riera de Rupià - 190003000",508539,4653221,3052595,Nitrits
after_2007,0006,0014,F007527,"Riu Daró des de la confluència del Rissec fins a Gualta, inclosos el Rissec i la riera de Rupià - 190003000",508539,4653221,3052596,Nitrats
after_2007,0006,0014,F007527,"Riu Daró des de la confluència del Rissec fins a Gualta, inclosos el Rissec i la riera de Rupià - 190003000",508539,4653221,3052626,Amoníac no ionitzat
after_2007,0006,0014,F007527,"Riu Daró des de la confluència del Rissec fins a Gualta, inclosos el Rissec i la riera de Rupià - 190003000",508539,4653221,3052627,Amoni
after_2007,0006,0014,F007527,"Riu Daró des de la confluència del Rissec fins a Gualta, inclosos el Rissec i la riera de Rupià - 190003000",508539,4653221,3986120,Fosfats
after_2007,0006,0014,F007528,Capçalera del Ter fins a la confluència amb el Ritort (Ritort inclòs) - 200001000,446469,4685287,3057266,Nitrits
after_2007,0006,0014,F007528,Capçalera del Ter fins a la confluència amb el Ritort (Ritort inclòs) - 200001000,446469,4685287,3057267,Nitrats
after_2007,0006,0014,F007528,Capçalera del Ter fins a la confluència amb el Ritort (Ritort inclòs) - 200001000,446469,4685287,3057269,Fosfats
after_2007,0006,0014,F007528,Capçalera del Ter fins a la confluència amb el Ritort (Ritort inclòs) - 200001000,446469,4685287,3057281,Amoni
after_2007,0006,0014,F007529,El Ter entre el Ritort i el Freser - 200002000,437368,4674575,3049268,Nitrits
after_2007,0006,0014,F007529,El Ter entre el Ritort i el Freser - 200002000,437368,4674575,3049269,Nitrats
after_2007,0006,0014,F007529,El Ter entre el Ritort i el Freser - 200002000,437368,4674575,3049299,Amoníac no ionitzat
after_2007,0006,0014,F007529,El Ter entre el Ritort i el Freser - 200002000,437368,4674575,3049300,Amoni
after_2007,0006,0014,F007529,El Ter entre el Ritort i el Freser - 200002000,437368,4674575,3965761,Fosfats
after_2007,0006,0014,F007530,"Capçalera del Freser fins a Campdevànol, inclosos el Rigard i el Segadell - 200003000",431007,4678048,3052650,Amoníac no ionitzat
after_2007,0006,0014,F007530,"Capçalera del Freser fins a Campdevànol, inclosos el Rigard i el Segadell - 200003000",431007,4678048,3052651,Amoni
after_2007,0006,0014,F007530,"Capçalera del Freser fins a Campdevànol, inclosos el Rigard i el Segadell - 200003000",431007,4678048,3052658,Nitrits
after_2007,0006,0014,F007530,"Capçalera del Freser fins a Campdevànol, inclosos el Rigard i el Segadell - 200003000",431007,4678048,3052659,Nitrats
after_2007,0006,0014,F007530,"Capçalera del Freser fins a Campdevànol, inclosos el Rigard i el Segadell - 200003000",431007,4678048,3052662,Fosfats
after_2007,0006,0014,F007531,Riu Freser des de Campdevànol fins a la confluència amb el Ter - 200004000,431341,4673706,3049308,Nitrits
after_2007,0006,0014,F007531,Riu Freser des de Campdevànol fins a la confluència amb el Ter - 200004000,431341,4673706,3049309,Nitrats
after_2007,0006,0014,F007531,Riu Freser des de Campdevànol fins a la confluència amb el Ter - 200004000,431341,4673706,3049339,Amoníac no ionitzat
after_2007,0006,0014,F007531,Riu Freser des de Campdevànol fins a la confluència amb el Ter - 200004000,431341,4673706,3049340,Amoni
after_2007,0006,0014,F007531,Riu Freser des de Campdevànol fins a la confluència amb el Ter - 200004000,431341,4673706,3965762,Fosfats
after_2007,0006,0014,F007532,Riu Merdàs - 200005000,424296,4677759,3070347,Amoni
after_2007,0006,0014,F007532,Riu Merdàs - 200005000,424296,4677759,3070359,Fosfats
after_2007,0006,0014,F007532,Riu Merdàs - 200005000,424296,4677759,3070361,Nitrats
after_2007,0006,0014,F007532,Riu Merdàs - 200005000,424296,4677759,3070362,Nitrits
after_2007,0006,0014,F007533,El Ter entre el Freser i la riera de Vallfogona - 200006000,433894,4671033,3057289,Nitrits
after_2007,0006,0014,F007533,El Ter entre el Freser i la riera de Vallfogona - 200006000,433894,4671033,3057290,Nitrats
after_2007,0006,0014,F007533,El Ter entre el Freser i la riera de Vallfogona - 200006000,433894,4671033,3057304,Amoni
after_2007,0006,0014,F007533,El Ter entre el Freser i la riera de Vallfogona - 200006000,433894,4671033,3965763,Fosfats
after_2007,0006,0014,F007534,Riera de les Llosses - 200007000,430074,4668865,3071925,Amoni
after_2007,0006,0014,F007534,Riera de les Llosses - 200007000,430074,4668865,3071939,Nitrats
after_2007,0006,0014,F007534,Riera de les Llosses - 200007000,430074,4668865,3071940,Nitrits
after_2007,0006,0014,F007534,Riera de les Llosses - 200007000,430074,4668865,3965764,Fosfats
after_2007,0006,0014,F007535,Riera de Vallfogona - 200008000,437543,4670858,3070370,Amoni
after_2007,0006,0014,F007535,Riera de Vallfogona - 200008000,437543,4670858,3070384,Nitrats
after_2007,0006,0014,F007535,Riera de Vallfogona - 200008000,437543,4670858,3070385,Nitrits
after_2007,0006,0014,F007535,Riera de Vallfogona - 200008000,437543,4670858,3965765,Fosfats
after_2007,0006,0014,F007536,El Ter entre la riera de Vallfogona i el Ges - 200009000,434466,4662661,3049348,Nitrits
after_2007,0006,0014,F007536,El Ter entre la riera de Vallfogona i el Ges - 200009000,434466,4662661,3049349,Nitrats
after_2007,0006,0014,F007536,El Ter entre la riera de Vallfogona i el Ges - 200009000,434466,4662661,3049366,Fosfats
after_2007,0006,0014,F007536,El Ter entre la riera de Vallfogona i el Ges - 200009000,434466,4662661,3049379,Amoníac no ionitzat
after_2007,0006,0014,F007536,El Ter entre la riera de Vallfogona i el Ges - 200009000,434466,4662661,3049380,Amoni
after_2007,0006,0014,F007537,Riera de Sora - 200010000,432475,4663231,3082166,Amoni
after_2007,0006,0014,F007537,Riera de Sora - 200010000,432475,4663231,3082180,Nitrats
after_2007,0006,0014,F007537,Riera de Sora - 200010000,432475,4663231,3082181,Nitrits
after_2007,0006,0014,F007537,Riera de Sora - 200010000,432475,4663231,3965766,Fosfats
after_2007,0006,0014,F007538,Riera de la Foradada - 200011000,436848,4661438,3070393,Amoni
after_2007,0006,0014,F007538,Riera de la Foradada - 200011000,436848,4661438,3070407,Nitrats
after_2007,0006,0014,F007538,Riera de la Foradada - 200011000,436848,4661438,3070408,Nitrits
after_2007,0006,0014,F007538,Riera de la Foradada - 200011000,436848,4661438,3965767,Fosfats
after_2007,0006,0014,F007539,Capçalera del Ges fina a la confluència amb el Fornès (Fornès inclòs) - 200013000,442190,4658218,3070416,Amoni
after_2007,0006,0014,F007539,Capçalera del Ges fina a la confluència amb el Fornès (Fornès inclòs) - 200013000,442190,4658218,3070430,Nitrats
after_2007,0006,0014,F007539,Capçalera del Ges fina a la confluència amb el Fornès (Fornès inclòs) - 200013000,442190,4658218,3070431,Nitrits
after_2007,0006,0014,F007539,Capçalera del Ges fina a la confluència amb el Fornès (Fornès inclòs) - 200013000,442190,4658218,3965768,Fosfats
after_2007,0006,0014,F007540,El Ges des de la confluència del Fornès fins al Ter - 200014000,439545,4655609,3070439,Amoni
after_2007,0006,0014,F007540,El Ges des de la confluència del Fornès fins al Ter - 200014000,439545,4655609,3070453,Nitrats
after_2007,0006,0014,F007540,El Ges des de la confluència del Fornès fins al Ter - 200014000,439545,4655609,3070454,Nitrits
after_2007,0006,0014,F007540,El Ges des de la confluència del Fornès fins al Ter - 200014000,439545,4655609,3965769,Fosfats
after_2007,0006,0014,F007541,El Ter entre el Ges i el Gurri - 200015000,440445,4648830,3052735,Nitrits
after_2007,0006,0014,F007541,El Ter entre el Ges i el Gurri - 200015000,440445,4648830,3052736,Nitrats
after_2007,0006,0014,F007541,El Ter entre el Ges i el Gurri - 200015000,440445,4648830,3052754,Fosfats
after_2007,0006,0014,F007541,El Ter entre el Ges i el Gurri - 200015000,440445,4648830,3052773,Amoníac no ionitzat
after_2007,0006,0014,F007541,El Ter entre el Ges i el Gurri - 200015000,440445,4648830,3052774,Amoni
after_2007,0006,0014,F007542,Capçalera de la riera de Sorreigs fins a Angelats (límit del PEIN) - 200017000,432891,4650667,3070612,Amoni
after_2007,0006,0014,F007542,Capçalera de la riera de Sorreigs fins a Angelats (límit del PEIN) - 200017000,432891,4650667,3070626,Nitrats
after_2007,0006,0014,F007542,Capçalera de la riera de Sorreigs fins a Angelats (límit del PEIN) - 200017000,432891,4650667,3070627,Nitrits
after_2007,0006,0014,F007542,Capçalera de la riera de Sorreigs fins a Angelats (límit del PEIN) - 200017000,432891,4650667,3965770,Fosfats
after_2007,0006,0014,F007543,Riera de Sorreigs des d'Angelats (límit del PEIN) fins al Ter - 200018000,436050,4648924,3049388,Nitrits
after_2007,0006,0014,F007543,Riera de Sorreigs des d'Angelats (límit del PEIN) fins al Ter - 200018000,436050,4648924,3049389,Nitrats
after_2007,0006,0014,F007543,Riera de Sorreigs des d'Angelats (límit del PEIN) fins al Ter - 200018000,436050,4648924,3049406,Fosfats
after_2007,0006,0014,F007543,Riera de Sorreigs des d'Angelats (límit del PEIN) fins al Ter - 200018000,436050,4648924,3049419,Amoníac no ionitzat
after_2007,0006,0014,F007543,Riera de Sorreigs des d'Angelats (límit del PEIN) fins al Ter - 200018000,436050,4648924,3049420,Amoni
after_2007,0006,0014,F007544,Capçalera del Gurri fins a la confluència amb la riera de Tona - 200019000,438514,4635618,3070635,Amoni
after_2007,0006,0014,F007544,Capçalera del Gurri fins a la confluència amb la riera de Tona - 200019000,438514,4635618,3070647,Fosfats
after_2007,0006,0014,F007544,Capçalera del Gurri fins a la confluència amb la riera de Tona - 200019000,438514,4635618,3070649,Nitrats
after_2007,0006,0014,F007544,Capçalera del Gurri fins a la confluència amb la riera de Tona - 200019000,438514,4635618,3070650,Nitrits
after_2007,0006,0014,F007545,"Riu Gurri entre la riera de Tona i la riera de Rimentol, inclosos la riera de Tona, la conca del Mèder i la riera de Rimentol - 200019500",439959,4642899,3049428,Nitrits
after_2007,0006,0014,F007545,"Riu Gurri entre la riera de Tona i la riera de Rimentol, inclosos la riera de Tona, la conca del Mèder i la riera de Rimentol - 200019500",439959,4642899,3049429,Nitrats
after_2007,0006,0014,F007545,"Riu Gurri entre la riera de Tona i la riera de Rimentol, inclosos la riera de Tona, la conca del Mèder i la riera de Rimentol - 200019500",439959,4642899,3049431,Fosfats
after_2007,0006,0014,F007545,"Riu Gurri entre la riera de Tona i la riera de Rimentol, inclosos la riera de Tona, la conca del Mèder i la riera de Rimentol - 200019500",439959,4642899,3049443,Amoni
after_2007,0006,0014,F007546,Riu Gurri des de la confluència de la riera de Rimentol fins al Ter (inclòs el torrent de Folgueroles) - 200020000,441143,4648214,3049451,Nitrits
after_2007,0006,0014,F007546,Riu Gurri des de la confluència de la riera de Rimentol fins al Ter (inclòs el torrent de Folgueroles) - 200020000,441143,4648214,3049452,Nitrats
after_2007,0006,0014,F007546,Riu Gurri des de la confluència de la riera de Rimentol fins al Ter (inclòs el torrent de Folgueroles) - 200020000,441143,4648214,3049454,Fosfats
after_2007,0006,0014,F007546,Riu Gurri des de la confluència de la riera de Rimentol fins al Ter (inclòs el torrent de Folgueroles) - 200020000,441143,4648214,3049466,Amoni
after_2007,0006,0014,F007547,El Ter entre el Gurri i la cua de l'embassament de Sau - 200021000,442932,4646754,3052782,Nitrits
after_2007,0006,0014,F007547,El Ter entre el Gurri i la cua de l'embassament de Sau - 200021000,442932,4646754,3052783,Nitrats
after_2007,0006,0014,F007547,El Ter entre el Gurri i la cua de l'embassament de Sau - 200021000,442932,4646754,3052813,Amoníac no ionitzat
after_2007,0006,0014,F007547,El Ter entre el Gurri i la cua de l'embassament de Sau - 200021000,442932,4646754,3052814,Amoni
after_2007,0006,0014,F007547,El Ter entre el Gurri i la cua de l'embassament de Sau - 200021000,442932,4646754,3965771,Fosfats
after_2007,0006,0014,F007548,Riera de les Gorgues - 200023000,447968,4652914,3049474,Nitrits
after_2007,0006,0014,F007548,Riera de les Gorgues - 200023000,447968,4652914,3049475,Nitrats
after_2007,0006,0014,F007548,Riera de les Gorgues - 200023000,447968,4652914,3049489,Amoni
after_2007,0006,0014,F007548,Riera de les Gorgues - 200023000,447968,4652914,3965772,Fosfats
after_2007,0006,0014,F007549,Riera Major - 200024000,450572,4642446,3074112,Amoni
after_2007,0006,0014,F007549,Riera Major - 200024000,450572,4642446,3074127,Fosfats
after_2007,0006,0014,F007549,Riera Major - 200024000,450572,4642446,3074145,Nitrats
after_2007,0006,0014,F007549,Riera Major - 200024000,450572,4642446,3074146,Nitrits
after_2007,0006,0014,F007550,Riera de Rupit - 200025000,456363,4651776,3070658,Amoni
after_2007,0006,0014,F007550,Riera de Rupit - 200025000,456363,4651776,3070670,Fosfats
after_2007,0006,0014,F007550,Riera de Rupit - 200025000,456363,4651776,3070672,Nitrats
after_2007,0006,0014,F007550,Riera de Rupit - 200025000,456363,4651776,3070673,Nitrits
after_2007,0006,0014,F007551,El Brugent - 200026000,464886,4654028,3052838,Amoni
after_2007,0006,0014,F007551,El Brugent - 200026000,464886,4654028,3052845,Nitrits
after_2007,0006,0014,F007551,El Brugent - 200026000,464886,4654028,3052846,Nitrats
after_2007,0006,0014,F007551,El Brugent - 200026000,464886,4654028,3988296,Fosfats
after_2007,0006,0014,F007552,El Ter des del Pasteral fins a la confluència de l'Onyar - 200028000,479598,4646569,3052916,Nitrits
after_2007,0006,0014,F007552,El Ter des del Pasteral fins a la confluència de l'Onyar - 200028000,479598,4646569,3052917,Nitrats
after_2007,0006,0014,F007552,El Ter des del Pasteral fins a la confluència de l'Onyar - 200028000,479598,4646569,3052935,Fosfats
after_2007,0006,0014,F007552,El Ter des del Pasteral fins a la confluència de l'Onyar - 200028000,479598,4646569,3052954,Amoníac no ionitzat
after_2007,0006,0014,F007552,El Ter des del Pasteral fins a la confluència de l'Onyar - 200028000,479598,4646569,3052955,Amoni
after_2007,0006,0014,F007553,Riera d'Osor - 200029000,467709,4644416,3068081,Nitrits
after_2007,0006,0014,F007553,Riera d'Osor - 200029000,467709,4644416,3068082,Nitrats
after_2007,0006,0014,F007553,Riera d'Osor - 200029000,467709,4644416,3068100,Fosfats
after_2007,0006,0014,F007553,Riera d'Osor - 200029000,467709,4644416,3068115,Amoni
after_2007,0006,0014,F007554,Riera de Llèmena i riera de Canet - 200030000,478819,4648922,3063735,Nitrits
after_2007,0006,0014,F007554,Riera de Llèmena i riera de Canet - 200030000,478819,4648922,3063736,Nitrats
after_2007,0006,0014,F007554,Riera de Llèmena i riera de Canet - 200030000,478819,4648922,3063738,Fosfats
after_2007,0006,0014,F007554,Riera de Llèmena i riera de Canet - 200030000,478819,4648922,3063750,Amoni
after_2007,0006,0014,F007555,Torrent de Gàrrep - 200031000,480160,4651693,3063758,Nitrits
after_2007,0006,0014,F007555,Torrent de Gàrrep - 200031000,480160,4651693,3063759,Nitrats
after_2007,0006,0014,F007555,Torrent de Gàrrep - 200031000,480160,4651693,3063761,Fosfats
after_2007,0006,0014,F007555,Torrent de Gàrrep - 200031000,480160,4651693,3063773,Amoni
after_2007,0006,0014,F007556,Riu Güell - 200032000,483701,4644326,3068123,Nitrits
after_2007,0006,0014,F007556,Riu Güell - 200032000,483701,4644326,3068124,Nitrats
after_2007,0006,0014,F007556,Riu Güell - 200032000,483701,4644326,3068126,Fosfats
after_2007,0006,0014,F007556,Riu Güell - 200032000,483701,4644326,3068138,Amoni
after_2007,0006,0014,F007557,Capçalera de l'Onyar fins a la confluència de la riera de Gotarra - 200033000,482897,4636730,3063781,Nitrits
after_2007,0006,0014,F007557,Capçalera de l'Onyar fins a la confluència de la riera de Gotarra - 200033000,482897,4636730,3063782,Nitrats
after_2007,0006,0014,F007557,Capçalera de l'Onyar fins a la confluència de la riera de Gotarra - 200033000,482897,4636730,3063784,Fosfats
after_2007,0006,0014,F007557,Capçalera de l'Onyar fins a la confluència de la riera de Gotarra - 200033000,482897,4636730,3063796,Amoni
after_2007,0006,0014,F007558,"Rieres de Gotarra, Verneda i Benaula - 200034000",484973,4639156,3052963,Nitrits
after_2007,0006,0014,F007558,"Rieres de Gotarra, Verneda i Benaula - 200034000",484973,4639156,3052964,Nitrats
after_2007,0006,0014,F007558,"Rieres de Gotarra, Verneda i Benaula - 200034000",484973,4639156,3052966,Fosfats
after_2007,0006,0014,F007558,"Rieres de Gotarra, Verneda i Benaula - 200034000",484973,4639156,3052978,Amoni
after_2007,0006,0014,F007559,"Riu Onyar des de la confluència de la riera de Gotarra fins a l'entrada al nucli urbà de Girona, incloses les rieres de Bugantó i de Celrà - 200036000",485052,4643103,3053004,Nitrits
after_2007,0006,0014,F007559,"Riu Onyar des de la confluència de la riera de Gotarra fins a l'entrada al nucli urbà de Girona, incloses les rieres de Bugantó i de Celrà - 200036000",485052,4643103,3053005,Nitrats
after_2007,0006,0014,F007559,"Riu Onyar des de la confluència de la riera de Gotarra fins a l'entrada al nucli urbà de Girona, incloses les rieres de Bugantó i de Celrà - 200036000",485052,4643103,3053022,Fosfats
after_2007,0006,0014,F007559,"Riu Onyar des de la confluència de la riera de Gotarra fins a l'entrada al nucli urbà de Girona, incloses les rieres de Bugantó i de Celrà - 200036000",485052,4643103,3053035,Amoníac no ionitzat
after_2007,0006,0014,F007559,"Riu Onyar des de la confluència de la riera de Gotarra fins a l'entrada al nucli urbà de Girona, incloses les rieres de Bugantó i de Celrà - 200036000",485052,4643103,3053036,Amoni
after_2007,0006,0014,F007560,Riu Onyar a Girona - 200037000,485781,4646867,3053044,Nitrits
after_2007,0006,0014,F007560,Riu Onyar a Girona - 200037000,485781,4646867,3053045,Nitrats
after_2007,0006,0014,F007560,Riu Onyar a Girona - 200037000,485781,4646867,3053047,Fosfats
after_2007,0006,0014,F007560,Riu Onyar a Girona - 200037000,485781,4646867,3053059,Amoni
after_2007,0006,0014,F007561,El Ter entre l'Onyar i el Terri - 200038000,485774,4651476,3053067,Nitrits
after_2007,0006,0014,F007561,El Ter entre l'Onyar i el Terri - 200038000,485774,4651476,3053068,Nitrats
after_2007,0006,0014,F007561,El Ter entre l'Onyar i el Terri - 200038000,485774,4651476,3053085,Fosfats
after_2007,0006,0014,F007561,El Ter entre l'Onyar i el Terri - 200038000,485774,4651476,3053098,Amoníac no ionitzat
after_2007,0006,0014,F007561,El Ter entre l'Onyar i el Terri - 200038000,485774,4651476,3053099,Amoni
after_2007,0006,0014,F007562,Capçalera del Terri fins a la confluència del Revardit - 200039000,485431,4659558,3053107,Nitrits
after_2007,0006,0014,F007562,Capçalera del Terri fins a la confluència del Revardit - 200039000,485431,4659558,3053108,Nitrats
after_2007,0006,0014,F007562,Capçalera del Terri fins a la confluència del Revardit - 200039000,485431,4659558,3053110,Fosfats
after_2007,0006,0014,F007562,Capçalera del Terri fins a la confluència del Revardit - 200039000,485431,4659558,3053122,Amoni
after_2007,0006,0014,F007563,Riu Revardit - 200040000,485595,4658938,3063804,Nitrits
after_2007,0006,0014,F007563,Riu Revardit - 200040000,485595,4658938,3063805,Nitrats
after_2007,0006,0014,F007563,Riu Revardit - 200040000,485595,4658938,3063807,Fosfats
after_2007,0006,0014,F007563,Riu Revardit - 200040000,485595,4658938,3063819,Amoni
after_2007,0006,0014,F007564,Riu Terri des de la confluència del Revardit fins al Ter - 200041000,488167,4654075,3053130,Nitrits
after_2007,0006,0014,F007564,Riu Terri des de la confluència del Revardit fins al Ter - 200041000,488167,4654075,3053131,Nitrats
after_2007,0006,0014,F007564,Riu Terri des de la confluència del Revardit fins al Ter - 200041000,488167,4654075,3053148,Fosfats
after_2007,0006,0014,F007564,Riu Terri des de la confluència del Revardit fins al Ter - 200041000,488167,4654075,3053161,Amoníac no ionitzat
after_2007,0006,0014,F007564,Riu Terri des de la confluència del Revardit fins al Ter - 200041000,488167,4654075,3053162,Amoni
after_2007,0006,0014,F007565,El Ter des de la confluència del Terri fins a Flaçà - 200042000,496667,4656400,3053170,Nitrits
after_2007,0006,0014,F007565,El Ter des de la confluència del Terri fins a Flaçà - 200042000,496667,4656400,3053171,Nitrats
after_2007,0006,0014,F007565,El Ter des de la confluència del Terri fins a Flaçà - 200042000,496667,4656400,3053188,Fosfats
after_2007,0006,0014,F007565,El Ter des de la confluència del Terri fins a Flaçà - 200042000,496667,4656400,3053201,Amoníac no ionitzat
after_2007,0006,0014,F007565,El Ter des de la confluència del Terri fins a Flaçà - 200042000,496667,4656400,3053202,Amoni
after_2007,0006,0014,F007566,Riera de la Farga - 200043000,490113,4655692,3063931,Nitrits
after_2007,0006,0014,F007566,Riera de la Farga - 200043000,490113,4655692,3063932,Nitrats
after_2007,0006,0014,F007566,Riera de la Farga - 200043000,490113,4655692,3063934,Fosfats
after_2007,0006,0014,F007566,Riera de la Farga - 200043000,490113,4655692,3063946,Amoni
after_2007,0006,0014,F007567,Riera de Sant Martí - 200043500,494419,4652350,3063954,Nitrits
after_2007,0006,0014,F007567,Riera de Sant Martí - 200043500,494419,4652350,3063955,Nitrats
after_2007,0006,0014,F007567,Riera de Sant Martí - 200043500,494419,4652350,3063969,Amoni
after_2007,0006,0014,F007567,Riera de Sant Martí - 200043500,494419,4652350,3986737,Fosfats
after_2007,0006,0014,F007568,Riera de Cinyana - 200044000,496519,4656557,3053210,Nitrits
after_2007,0006,0014,F007568,Riera de Cinyana - 200044000,496519,4656557,3053211,Nitrats
after_2007,0006,0014,F007568,Riera de Cinyana - 200044000,496519,4656557,3053213,Fosfats
after_2007,0006,0014,F007568,Riera de Cinyana - 200044000,496519,4656557,3053225,Amoni
after_2007,0006,0014,F007569,El Ter des de Flaçà fins al mar - 200046000,512618,4652593,3053233,Nitrits
after_2007,0006,0014,F007569,El Ter des de Flaçà fins al mar - 200046000,512618,4652593,3053234,Nitrats
after_2007,0006,0014,F007569,El Ter des de Flaçà fins al mar - 200046000,512618,4652593,3053251,Fosfats
after_2007,0006,0014,F007569,El Ter des de Flaçà fins al mar - 200046000,512618,4652593,3053264,Amoníac no ionitzat
after_2007,0006,0014,F007569,El Ter des de Flaçà fins al mar - 200046000,512618,4652593,3053265,Amoni
after_2007,0006,0014,F007570,Capçalera del Fluvià fins a la confluència amb el Gurn (Gurn inclòs) - 210001000,455311,4660266,3053273,Nitrits
after_2007,0006,0014,F007570,Capçalera del Fluvià fins a la confluència amb el Gurn (Gurn inclòs) - 210001000,455311,4660266,3053274,Nitrats
after_2007,0006,0014,F007570,Capçalera del Fluvià fins a la confluència amb el Gurn (Gurn inclòs) - 210001000,455311,4660266,3053290,Fosfats
after_2007,0006,0014,F007570,Capçalera del Fluvià fins a la confluència amb el Gurn (Gurn inclòs) - 210001000,455311,4660266,3053303,Amoníac no ionitzat
after_2007,0006,0014,F007570,Capçalera del Fluvià fins a la confluència amb el Gurn (Gurn inclòs) - 210001000,455311,4660266,3053304,Amoni
after_2007,0006,0014,F007571,El Fluvià entre el Gurn i la Riera de Bianya - 210002000,458713,4672127,3053312,Nitrits
after_2007,0006,0014,F007571,El Fluvià entre el Gurn i la Riera de Bianya - 210002000,458713,4672127,3053313,Nitrats
after_2007,0006,0014,F007571,El Fluvià entre el Gurn i la Riera de Bianya - 210002000,458713,4672127,3053329,Fosfats
after_2007,0006,0014,F007571,El Fluvià entre el Gurn i la Riera de Bianya - 210002000,458713,4672127,3053342,Amoníac no ionitzat
after_2007,0006,0014,F007571,El Fluvià entre el Gurn i la Riera de Bianya - 210002000,458713,4672127,3053343,Amoni
after_2007,0006,0014,F007572,Riera de Bianya i riera de Riudaura - 210003000,457645,4673954,3053351,Nitrits
after_2007,0006,0014,F007572,Riera de Bianya i riera de Riudaura - 210003000,457645,4673954,3053352,Nitrats
after_2007,0006,0014,F007572,Riera de Bianya i riera de Riudaura - 210003000,457645,4673954,3053368,Fosfats
after_2007,0006,0014,F007572,Riera de Bianya i riera de Riudaura - 210003000,457645,4673954,3053381,Amoníac no ionitzat
after_2007,0006,0014,F007572,Riera de Bianya i riera de Riudaura - 210003000,457645,4673954,3053382,Amoni
after_2007,0006,0014,F007573,El Fluvià entre la riera de Bianya i el Llierca (inclosa la riera de Castellar) - 210004000,464900,4674012,3053390,Nitrits
after_2007,0006,0014,F007573,El Fluvià entre la riera de Bianya i el Llierca (inclosa la riera de Castellar) - 210004000,464900,4674012,3053391,Nitrats
after_2007,0006,0014,F007573,El Fluvià entre la riera de Bianya i el Llierca (inclosa la riera de Castellar) - 210004000,464900,4674012,3053407,Fosfats
after_2007,0006,0014,F007573,El Fluvià entre la riera de Bianya i el Llierca (inclosa la riera de Castellar) - 210004000,464900,4674012,3053420,Amoníac no ionitzat
after_2007,0006,0014,F007573,El Fluvià entre la riera de Bianya i el Llierca (inclosa la riera de Castellar) - 210004000,464900,4674012,3053421,Amoni
after_2007,0006,0014,F007574,El Fluvià des de la confluència del Llierca fins a la confluència amb el riu Ser - 210006000,475572,4672101,3053429,Nitrits
after_2007,0006,0014,F007574,El Fluvià des de la confluència del Llierca fins a la confluència amb el riu Ser - 210006000,475572,4672101,3053430,Nitrats
after_2007,0006,0014,F007574,El Fluvià des de la confluència del Llierca fins a la confluència amb el riu Ser - 210006000,475572,4672101,3053446,Fosfats
after_2007,0006,0014,F007574,El Fluvià des de la confluència del Llierca fins a la confluència amb el riu Ser - 210006000,475572,4672101,3053459,Amoníac no ionitzat
after_2007,0006,0014,F007574,El Fluvià des de la confluència del Llierca fins a la confluència amb el riu Ser - 210006000,475572,4672101,3053460,Amoni
after_2007,0006,0014,F007575,Conca del Llierca - 210007000,467796,4675382,3074154,Amoni
after_2007,0006,0014,F007575,Conca del Llierca - 210007000,467796,4675382,3074169,Fosfats
after_2007,0006,0014,F007575,Conca del Llierca - 210007000,467796,4675382,3074187,Nitrats
after_2007,0006,0014,F007575,Conca del Llierca - 210007000,467796,4675382,3074188,Nitrits
after_2007,0006,0014,F007576,Riera de Borró - 210008000,472003,4673260,3057318,Nitrits
after_2007,0006,0014,F007576,Riera de Borró - 210008000,472003,4673260,3057319,Nitrats
after_2007,0006,0014,F007576,Riera de Borró - 210008000,472003,4673260,3057321,Fosfats
after_2007,0006,0014,F007576,Riera de Borró - 210008000,472003,4673260,3057333,Amoni
after_2007,0006,0014,F007578,Conca del Ser - 210011000,478225,4669586,3057341,Nitrits
after_2007,0006,0014,F007578,Conca del Ser - 210011000,478225,4669586,3057342,Nitrats
after_2007,0006,0014,F007578,Conca del Ser - 210011000,478225,4669586,3057344,Fosfats
after_2007,0006,0014,F007578,Conca del Ser - 210011000,478225,4669586,3057356,Amoni
after_2007,0006,0014,F007579,Riera de Sant Jaume - 210012000,487031,4670800,3271784,Nitrits
after_2007,0006,0014,F007579,Riera de Sant Jaume - 210012000,487031,4670800,3271785,Nitrats
after_2007,0006,0014,F007579,Riera de Sant Jaume - 210012000,487031,4670800,3271791,Amoni
after_2007,0006,0014,F007579,Riera de Sant Jaume - 210012000,487031,4670800,3271797,Fosfats
after_2007,0006,0014,F007580,Rec Sirvent - 210013000,507009,4672940,3057364,Nitrits
after_2007,0006,0014,F007580,Rec Sirvent - 210013000,507009,4672940,3057365,Nitrats
after_2007,0006,0014,F007580,Rec Sirvent - 210013000,507009,4672940,3057367,Fosfats
after_2007,0006,0014,F007580,Rec Sirvent - 210013000,507009,4672940,3057379,Amoni
after_2007,0006,0014,F007581,Capçalera de la Muga fins a l'embassament de Boadella - 220001000,475638,4684196,3049497,Nitrits
after_2007,0006,0014,F007581,Capçalera de la Muga fins a l'embassament de Boadella - 220001000,475638,4684196,3049498,Nitrats
after_2007,0006,0014,F007581,Capçalera de la Muga fins a l'embassament de Boadella - 220001000,475638,4684196,3049500,Fosfats
after_2007,0006,0014,F007581,Capçalera de la Muga fins a l'embassament de Boadella - 220001000,475638,4684196,3049512,Amoni
after_2007,0006,0014,F007582,Riu Arnera aigües amunt de Boadella - 220002000,479276,4691504,3067467,Nitrits
after_2007,0006,0014,F007582,Riu Arnera aigües amunt de Boadella - 220002000,479276,4691504,3067468,Nitrats
after_2007,0006,0014,F007582,Riu Arnera aigües amunt de Boadella - 220002000,479276,4691504,3067486,Fosfats
after_2007,0006,0014,F007582,Riu Arnera aigües amunt de Boadella - 220002000,479276,4691504,3067501,Amoni
after_2007,0006,0014,F007583,La Muga entre l'embassament de Boadella i el Llobregat de la Muga - 220003000,488558,4686834,3053522,Nitrits
after_2007,0006,0014,F007583,La Muga entre l'embassament de Boadella i el Llobregat de la Muga - 220003000,488558,4686834,3053523,Nitrats
after_2007,0006,0014,F007583,La Muga entre l'embassament de Boadella i el Llobregat de la Muga - 220003000,488558,4686834,3053541,Fosfats
after_2007,0006,0014,F007583,La Muga entre l'embassament de Boadella i el Llobregat de la Muga - 220003000,488558,4686834,3053562,Amoníac no ionitzat
after_2007,0006,0014,F007583,La Muga entre l'embassament de Boadella i el Llobregat de la Muga - 220003000,488558,4686834,3053563,Amoni
after_2007,0006,0014,F007584,Capçalera del Llobregat de la Muga fins al Ricardell - 220004000,491052,4691447,3063977,Nitrits
after_2007,0006,0014,F007584,Capçalera del Llobregat de la Muga fins al Ricardell - 220004000,491052,4691447,3063978,Nitrats
after_2007,0006,0014,F007584,Capçalera del Llobregat de la Muga fins al Ricardell - 220004000,491052,4691447,3063980,Fosfats
after_2007,0006,0014,F007584,Capçalera del Llobregat de la Muga fins al Ricardell - 220004000,491052,4691447,3063992,Amoni
after_2007,0006,0014,F007585,Riu Ricardell - 220006000,488303,4690087,3064000,Nitrits
after_2007,0006,0014,F007585,Riu Ricardell - 220006000,488303,4690087,3064001,Nitrats
after_2007,0006,0014,F007585,Riu Ricardell - 220006000,488303,4690087,3064003,Fosfats
after_2007,0006,0014,F007585,Riu Ricardell - 220006000,488303,4690087,3064015,Amoni
after_2007,0006,0014,F007586,Llobregat de la Muga des del Ricardell fins a la Muga - 220007000,500718,4683553,3053586,Amoníac no ionitzat
after_2007,0006,0014,F007586,Llobregat de la Muga des del Ricardell fins a la Muga - 220007000,500718,4683553,3053587,Amoni
after_2007,0006,0014,F007586,Llobregat de la Muga des del Ricardell fins a la Muga - 220007000,500718,4683553,3053594,Nitrits
after_2007,0006,0014,F007586,Llobregat de la Muga des del Ricardell fins a la Muga - 220007000,500718,4683553,3053595,Nitrats
after_2007,0006,0014,F007586,Llobregat de la Muga des del Ricardell fins a la Muga - 220007000,500718,4683553,3053597,Fosfats
after_2007,0006,0014,F007587,Conca de l'Orlina - 220008000,501078,4686708,3063661,Nitrits
after_2007,0006,0014,F007587,Conca de l'Orlina - 220008000,501078,4686708,3063662,Nitrats
after_2007,0006,0014,F007587,Conca de l'Orlina - 220008000,501078,4686708,3063664,Fosfats
after_2007,0006,0014,F007587,Conca de l'Orlina - 220008000,501078,4686708,3063676,Amoni
after_2007,0006,0014,F007588,La Muga des de la confluència del Llobregat de la Muga fins al mar - 220009000,506231,4677830,3053611,Nitrits
after_2007,0006,0014,F007588,La Muga des de la confluència del Llobregat de la Muga fins al mar - 220009000,506231,4677830,3053612,Nitrats
after_2007,0006,0014,F007588,La Muga des de la confluència del Llobregat de la Muga fins al mar - 220009000,506231,4677830,3053629,Fosfats
after_2007,0006,0014,F007588,La Muga des de la confluència del Llobregat de la Muga fins al mar - 220009000,506231,4677830,3053642,Amoníac no ionitzat
after_2007,0006,0014,F007588,La Muga des de la confluència del Llobregat de la Muga fins al mar - 220009000,506231,4677830,3053643,Amoni
after_2007,0006,0014,F007589,Riu Manol i riera d'Àlguema - 220010000,497414,4676183,3049520,Nitrits
after_2007,0006,0014,F007589,Riu Manol i riera d'Àlguema - 220010000,497414,4676183,3049521,Nitrats
after_2007,0006,0014,F007589,Riu Manol i riera d'Àlguema - 220010000,497414,4676183,3049523,Fosfats
after_2007,0006,0014,F007589,Riu Manol i riera d'Àlguema - 220010000,497414,4676183,3049535,Amoni
after_2007,0006,0014,F007590,Riera de Figueres - 220011000,503525,4680421,3049543,Nitrits
after_2007,0006,0014,F007590,Riera de Figueres - 220011000,503525,4680421,3049544,Nitrats
after_2007,0006,0014,F007590,Riera de Figueres - 220011000,503525,4680421,3049561,Fosfats
after_2007,0006,0014,F007590,Riera de Figueres - 220011000,503525,4680421,3049574,Amoníac no ionitzat
after_2007,0006,0014,F007590,Riera de Figueres - 220011000,503525,4680421,3049575,Amoni
after_2007,0006,0014,F007591,Riera de Garriguella (Pedret) fins als aiguamolls de l'Empordà - 224001000,503794,4688453,3322296,Nitrits
after_2007,0006,0014,F007591,Riera de Garriguella (Pedret) fins als aiguamolls de l'Empordà - 224001000,503794,4688453,3322297,Nitrats
after_2007,0006,0014,F007591,Riera de Garriguella (Pedret) fins als aiguamolls de l'Empordà - 224001000,503794,4688453,3322303,Amoni
after_2007,0006,0014,F007591,Riera de Garriguella (Pedret) fins als aiguamolls de l'Empordà - 224001000,503794,4688453,3322309,Fosfats
after_2007,0006,0014,F007592,Rec Madral des de l'entrada als aiguamolls de l'Empordà fins al mar - 224002000,509656,4680977,3067509,Nitrits
after_2007,0006,0014,F007592,Rec Madral des de l'entrada als aiguamolls de l'Empordà fins al mar - 224002000,509656,4680977,3067510,Nitrats
after_2007,0006,0014,F007592,Rec Madral des de l'entrada als aiguamolls de l'Empordà fins al mar - 224002000,509656,4680977,3067512,Fosfats
after_2007,0006,0014,F007592,Rec Madral des de l'entrada als aiguamolls de l'Empordà fins al mar - 224002000,509656,4680977,3067524,Amoni
after_2007,0006,0014,F007593,Riera de Romanyac - 228001000,517679,4684409,3070462,Amoni
after_2007,0006,0014,F007593,Riera de Romanyac - 228001000,517679,4684409,3070474,Fosfats
after_2007,0006,0014,F007593,Riera de Romanyac - 228001000,517679,4684409,3070476,Nitrats
after_2007,0006,0014,F007593,Riera de Romanyac - 228001000,517679,4684409,3070477,Nitrits
after_2007,0006,0014,F007594,Riera de Valleta - 230001000,509097,4688994,3053657,Nitrits
after_2007,0006,0014,F007594,Riera de Valleta - 230001000,509097,4688994,3053658,Nitrats
after_2007,0006,0014,F007594,Riera de Valleta - 230001000,509097,4688994,3053660,Fosfats
after_2007,0006,0014,F007594,Riera de Valleta - 230001000,509097,4688994,3053672,Amoni
after_2007,0006,0014,F007595,Conca alta del Segre fins a la confluència amb el Querol - E002000,412012,4695372,3053680,Nitrits
after_2007,0006,0014,F007595,Conca alta del Segre fins a la confluència amb el Querol - E002000,412012,4695372,3053681,Nitrats
after_2007,0006,0014,F007595,Conca alta del Segre fins a la confluència amb el Querol - E002000,412012,4695372,3053698,Fosfats
after_2007,0006,0014,F007595,Conca alta del Segre fins a la confluència amb el Querol - E002000,412012,4695372,3053712,Amoni
after_2007,0006,0014,F007596,Riu Querol - E003000,410612,4696564,3058189,Nitrits
after_2007,0006,0014,F007596,Riu Querol - E003000,410612,4696564,3058190,Nitrats
after_2007,0006,0014,F007596,Riu Querol - E003000,410612,4696564,3058208,Fosfats
after_2007,0006,0014,F007596,Riu Querol - E003000,410612,4696564,3058223,Amoni
after_2007,0006,0014,F007597,"El Segre entre el Querol i el riu de la Llosa, inclosos el torrent de la Bavosa, el riu de Santa Maria i el torrent de Ridolaina  - E004000",397078,4691492,3059247,Nitrits
after_2007,0006,0014,F007597,"El Segre entre el Querol i el riu de la Llosa, inclosos el torrent de la Bavosa, el riu de Santa Maria i el torrent de Ridolaina  - E004000",397078,4691492,3059248,Nitrats
after_2007,0006,0014,F007597,"El Segre entre el Querol i el riu de la Llosa, inclosos el torrent de la Bavosa, el riu de Santa Maria i el torrent de Ridolaina  - E004000",397078,4691492,3059266,Fosfats
after_2007,0006,0014,F007597,"El Segre entre el Querol i el riu de la Llosa, inclosos el torrent de la Bavosa, el riu de Santa Maria i el torrent de Ridolaina  - E004000",397078,4691492,3059281,Amoni
after_2007,0006,0014,F007598,Riu d'Alp - E005000,408431,4693290,3053720,Nitrits
after_2007,0006,0014,F007598,Riu d'Alp - E005000,408431,4693290,3053721,Nitrats
after_2007,0006,0014,F007598,Riu d'Alp - E005000,408431,4693290,3053723,Fosfats
after_2007,0006,0014,F007598,Riu d'Alp - E005000,408431,4693290,3053735,Amoni
after_2007,0006,0014,F007601,"El Segre entre el riu de la Llosa i la Valira, inclosos el riu de Vilanova i el riu de Cerc - E007000",376592,4690357,3053743,Nitrits
after_2007,0006,0014,F007601,"El Segre entre el riu de la Llosa i la Valira, inclosos el riu de Vilanova i el riu de Cerc - E007000",376592,4690357,3053744,Nitrats
after_2007,0006,0014,F007601,"El Segre entre el riu de la Llosa i la Valira, inclosos el riu de Vilanova i el riu de Cerc - E007000",376592,4690357,3053774,Amoníac no ionitzat
after_2007,0006,0014,F007601,"El Segre entre el riu de la Llosa i la Valira, inclosos el riu de Vilanova i el riu de Cerc - E007000",376592,4690357,3053775,Amoni
after_2007,0006,0014,F007601,"El Segre entre el riu de la Llosa i la Valira, inclosos el riu de Vilanova i el riu de Cerc - E007000",376592,4690357,3965454,Fosfats
after_2007,0006,0014,F007604,Riu d'Arsèguel - E010000,383008,4689949,3058342,Nitrits
after_2007,0006,0014,F007604,Riu d'Arsèguel - E010000,383008,4689949,3058343,Nitrats
after_2007,0006,0014,F007604,Riu d'Arsèguel - E010000,383008,4689949,3058345,Fosfats
after_2007,0006,0014,F007604,Riu d'Arsèguel - E010000,383008,4689949,3058357,Amoni
after_2007,0006,0014,F007605,Riu de Bescaran - E011000,380064,4695627,3053783,Nitrits
after_2007,0006,0014,F007605,Riu de Bescaran - E011000,380064,4695627,3053784,Nitrats
after_2007,0006,0014,F007605,Riu de Bescaran - E011000,380064,4695627,3053802,Fosfats
after_2007,0006,0014,F007605,Riu de Bescaran - E011000,380064,4695627,3053820,Amoníac no ionitzat
after_2007,0006,0014,F007605,Riu de Bescaran - E011000,380064,4695627,3053821,Amoni
after_2007,0006,0014,F007606,El Segre entre la Valira i el riu de la Guàrdia - E012000,367995,4687090,3053829,Nitrits
after_2007,0006,0014,F007606,El Segre entre la Valira i el riu de la Guàrdia - E012000,367995,4687090,3053830,Nitrats
after_2007,0006,0014,F007606,El Segre entre la Valira i el riu de la Guàrdia - E012000,367995,4687090,3053860,Amoníac no ionitzat
after_2007,0006,0014,F007606,El Segre entre la Valira i el riu de la Guàrdia - E012000,367995,4687090,3053861,Amoni
after_2007,0006,0014,F007606,El Segre entre la Valira i el riu de la Guàrdia - E012000,367995,4687090,3965455,Fosfats
after_2007,0006,0014,F007607,Conca de la Valira - E013000,372920,4692882,3053869,Nitrits
after_2007,0006,0014,F007607,Conca de la Valira - E013000,372920,4692882,3053870,Nitrats
after_2007,0006,0014,F007607,Conca de la Valira - E013000,372920,4692882,3053900,Amoníac no ionitzat
after_2007,0006,0014,F007607,Conca de la Valira - E013000,372920,4692882,3053901,Amoni
after_2007,0006,0014,F007607,Conca de la Valira - E013000,372920,4692882,3965456,Fosfats
after_2007,0006,0014,F007611,"El Segre des de la confluència amb el riu de la Guàrdia fins a la cua de l'embassament d'Oliana, inclosos el riu de Tost i el riuet de Fontanet - E017000",362746,4676156,3049583,Nitrits
after_2007,0006,0014,F007611,"El Segre des de la confluència amb el riu de la Guàrdia fins a la cua de l'embassament d'Oliana, inclosos el riu de Tost i el riuet de Fontanet - E017000",362746,4676156,3049584,Nitrats
after_2007,0006,0014,F007611,"El Segre des de la confluència amb el riu de la Guàrdia fins a la cua de l'embassament d'Oliana, inclosos el riu de Tost i el riuet de Fontanet - E017000",362746,4676156,3049598,Amoni
after_2007,0006,0014,F007611,"El Segre des de la confluència amb el riu de la Guàrdia fins a la cua de l'embassament d'Oliana, inclosos el riu de Tost i el riuet de Fontanet - E017000",362746,4676156,3965457,Fosfats
after_2007,0006,0014,F007616,El Segre des de la presa d'Oliana fins a la cua de l'embassament de Rialb - E023000,359421,4657670,3053909,Nitrits
after_2007,0006,0014,F007616,El Segre des de la presa d'Oliana fins a la cua de l'embassament de Rialb - E023000,359421,4657670,3053910,Nitrats
after_2007,0006,0014,F007616,El Segre des de la presa d'Oliana fins a la cua de l'embassament de Rialb - E023000,359421,4657670,3053941,Amoni
after_2007,0006,0014,F007616,El Segre des de la presa d'Oliana fins a la cua de l'embassament de Rialb - E023000,359421,4657670,3965458,Fosfats
after_2007,0006,0014,F007619,"El Segre des de la presa de Rialb fins a Artesa de Segre, inclòs el riu de les Segues - E027000",340727,4642359,3053949,Nitrits
after_2007,0006,0014,F007619,"El Segre des de la presa de Rialb fins a Artesa de Segre, inclòs el riu de les Segues - E027000",340727,4642359,3053950,Nitrats
after_2007,0006,0014,F007619,"El Segre des de la presa de Rialb fins a Artesa de Segre, inclòs el riu de les Segues - E027000",340727,4642359,3053967,Fosfats
after_2007,0006,0014,F007619,"El Segre des de la presa de Rialb fins a Artesa de Segre, inclòs el riu de les Segues - E027000",340727,4642359,3053980,Amoníac no ionitzat
after_2007,0006,0014,F007619,"El Segre des de la presa de Rialb fins a Artesa de Segre, inclòs el riu de les Segues - E027000",340727,4642359,3053981,Amoni
after_2007,0006,0014,F007620,Riu Llobregós - E028000,353894,4638679,3067574,Nitrits
after_2007,0006,0014,F007620,Riu Llobregós - E028000,353894,4638679,3067575,Nitrats
after_2007,0006,0014,F007620,Riu Llobregós - E028000,353894,4638679,3067577,Fosfats
after_2007,0006,0014,F007620,Riu Llobregós - E028000,353894,4638679,3067589,Amoni
after_2007,0006,0014,F007623,"El Segre des d'Artesa de Segre fins a la confluència amb la Noguera Pallaresa, inclòs l'últim tram de la Noguera Pallaresa des de la presa de Camarasa - E031000",334157,4641455,3068627,Nitrits
after_2007,0006,0014,F007623,"El Segre des d'Artesa de Segre fins a la confluència amb la Noguera Pallaresa, inclòs l'últim tram de la Noguera Pallaresa des de la presa de Camarasa - E031000",334157,4641455,3068628,Nitrats
after_2007,0006,0014,F007623,"El Segre des d'Artesa de Segre fins a la confluència amb la Noguera Pallaresa, inclòs l'últim tram de la Noguera Pallaresa des de la presa de Camarasa - E031000",334157,4641455,3068642,Amoni
after_2007,0006,0014,F007623,"El Segre des d'Artesa de Segre fins a la confluència amb la Noguera Pallaresa, inclòs l'últim tram de la Noguera Pallaresa des de la presa de Camarasa - E031000",334157,4641455,3965459,Fosfats
after_2007,0006,0014,F007624,Riu Boix - E032000,335712,4643959,3068650,Nitrits
after_2007,0006,0014,F007624,Riu Boix - E032000,335712,4643959,3068651,Nitrats
after_2007,0006,0014,F007624,Riu Boix - E032000,335712,4643959,3068653,Fosfats
after_2007,0006,0014,F007624,Riu Boix - E032000,335712,4643959,3068665,Amoni
after_2007,0006,0014,F007625,"Conca alta de la Noguera Pallaresa fins a la confluència amb el riu de la Bonaigua, riu de la Bonaigua inclòs - E033000",344483,4729620,3059523,Nitrits
after_2007,0006,0014,F007625,"Conca alta de la Noguera Pallaresa fins a la confluència amb el riu de la Bonaigua, riu de la Bonaigua inclòs - E033000",344483,4729620,3059524,Nitrats
after_2007,0006,0014,F007625,"Conca alta de la Noguera Pallaresa fins a la confluència amb el riu de la Bonaigua, riu de la Bonaigua inclòs - E033000",344483,4729620,3059541,Fosfats
after_2007,0006,0014,F007625,"Conca alta de la Noguera Pallaresa fins a la confluència amb el riu de la Bonaigua, riu de la Bonaigua inclòs - E033000",344483,4729620,3059554,Amoníac no ionitzat
after_2007,0006,0014,F007625,"Conca alta de la Noguera Pallaresa fins a la confluència amb el riu de la Bonaigua, riu de la Bonaigua inclòs - E033000",344483,4729620,3059555,Amoni
after_2007,0006,0014,F007626,"La Noguera Pallaresa des de la confluència del riu de la Bonaigua fins a l'Escrita, inclosos el barranc de Nyiri i riu de Son - E034000",346160,4721478,3053995,Nitrits
after_2007,0006,0014,F007626,"La Noguera Pallaresa des de la confluència del riu de la Bonaigua fins a l'Escrita, inclosos el barranc de Nyiri i riu de Son - E034000",346160,4721478,3053996,Nitrats
after_2007,0006,0014,F007626,"La Noguera Pallaresa des de la confluència del riu de la Bonaigua fins a l'Escrita, inclosos el barranc de Nyiri i riu de Son - E034000",346160,4721478,3054013,Fosfats
after_2007,0006,0014,F007626,"La Noguera Pallaresa des de la confluència del riu de la Bonaigua fins a l'Escrita, inclosos el barranc de Nyiri i riu de Son - E034000",346160,4721478,3054026,Amoníac no ionitzat
after_2007,0006,0014,F007626,"La Noguera Pallaresa des de la confluència del riu de la Bonaigua fins a l'Escrita, inclosos el barranc de Nyiri i riu de Son - E034000",346160,4721478,3054027,Amoni
after_2007,0006,0014,F007627,La Noguera Pallaresa des de la confluència amb l'Escrita fins a la Noguera de Cardós - E035000,349493,4711711,3054035,Nitrits
after_2007,0006,0014,F007627,La Noguera Pallaresa des de la confluència amb l'Escrita fins a la Noguera de Cardós - E035000,349493,4711711,3054036,Nitrats
after_2007,0006,0014,F007627,La Noguera Pallaresa des de la confluència amb l'Escrita fins a la Noguera de Cardós - E035000,349493,4711711,3054053,Fosfats
after_2007,0006,0014,F007627,La Noguera Pallaresa des de la confluència amb l'Escrita fins a la Noguera de Cardós - E035000,349493,4711711,3054066,Amoníac no ionitzat
after_2007,0006,0014,F007627,La Noguera Pallaresa des de la confluència amb l'Escrita fins a la Noguera de Cardós - E035000,349493,4711711,3054067,Amoni
after_2007,0006,0014,F007629,Capçalera de la Noguera de Cardós i riu de Tavascan fins a la confluència entre tots dos - E037000,357064,4722835,3054090,Amoníac no ionitzat
after_2007,0006,0014,F007629,Capçalera de la Noguera de Cardós i riu de Tavascan fins a la confluència entre tots dos - E037000,357064,4722835,3054091,Amoni
after_2007,0006,0014,F007629,Capçalera de la Noguera de Cardós i riu de Tavascan fins a la confluència entre tots dos - E037000,357064,4722835,3059562,Nitrits
after_2007,0006,0014,F007629,Capçalera de la Noguera de Cardós i riu de Tavascan fins a la confluència entre tots dos - E037000,357064,4722835,3059563,Nitrats
after_2007,0006,0014,F007629,Capçalera de la Noguera de Cardós i riu de Tavascan fins a la confluència entre tots dos - E037000,357064,4722835,3059565,Fosfats
after_2007,0006,0014,F007630,"La Noguera de Cardós des de la confluència del riu de Tavascan fins a la Noguera Pallaresa, inclosa la ribera d'Estaon - E038000",355590,4717225,3054114,Amoníac no ionitzat
after_2007,0006,0014,F007630,"La Noguera de Cardós des de la confluència del riu de Tavascan fins a la Noguera Pallaresa, inclosa la ribera d'Estaon - E038000",355590,4717225,3054115,Amoni
after_2007,0006,0014,F007630,"La Noguera de Cardós des de la confluència del riu de Tavascan fins a la Noguera Pallaresa, inclosa la ribera d'Estaon - E038000",355590,4717225,3059578,Nitrits
after_2007,0006,0014,F007630,"La Noguera de Cardós des de la confluència del riu de Tavascan fins a la Noguera Pallaresa, inclosa la ribera d'Estaon - E038000",355590,4717225,3059579,Nitrats
after_2007,0006,0014,F007630,"La Noguera de Cardós des de la confluència del riu de Tavascan fins a la Noguera Pallaresa, inclosa la ribera d'Estaon - E038000",355590,4717225,3059582,Fosfats
after_2007,0006,0014,F007631,La Noguera de Vallferrera i la Noguera de Tor - E039000,357798,4710724,3054138,Amoníac no ionitzat
after_2007,0006,0014,F007631,La Noguera de Vallferrera i la Noguera de Tor - E039000,357798,4710724,3054139,Amoni
after_2007,0006,0014,F007631,La Noguera de Vallferrera i la Noguera de Tor - E039000,357798,4710724,3059600,Nitrits
after_2007,0006,0014,F007631,La Noguera de Vallferrera i la Noguera de Tor - E039000,357798,4710724,3059601,Nitrats
after_2007,0006,0014,F007631,La Noguera de Vallferrera i la Noguera de Tor - E039000,357798,4710724,3059604,Fosfats
after_2007,0006,0014,F007632,La Noguera Pallaresa des de la confluència amb la Noguera de Cardós fins a la cua de l'embassament de Talarn - E040000,342406,4691520,3054147,Nitrits
after_2007,0006,0014,F007632,La Noguera Pallaresa des de la confluència amb la Noguera de Cardós fins a la cua de l'embassament de Talarn - E040000,342406,4691520,3054148,Nitrats
after_2007,0006,0014,F007632,La Noguera Pallaresa des de la confluència amb la Noguera de Cardós fins a la cua de l'embassament de Talarn - E040000,342406,4691520,3054178,Amoníac no ionitzat
after_2007,0006,0014,F007632,La Noguera Pallaresa des de la confluència amb la Noguera de Cardós fins a la cua de l'embassament de Talarn - E040000,342406,4691520,3054179,Amoni
after_2007,0006,0014,F007632,La Noguera Pallaresa des de la confluència amb la Noguera de Cardós fins a la cua de l'embassament de Talarn - E040000,342406,4691520,3965460,Fosfats
after_2007,0006,0014,F007639,Riu Flamisell des de la presa de Sallente fins a la confluència amb el riu Bossia - E049000,330295,4687998,3057586,Nitrits
after_2007,0006,0014,F007639,Riu Flamisell des de la presa de Sallente fins a la confluència amb el riu Bossia - E049000,330295,4687998,3057587,Nitrats
after_2007,0006,0014,F007639,Riu Flamisell des de la presa de Sallente fins a la confluència amb el riu Bossia - E049000,330295,4687998,3057589,Fosfats
after_2007,0006,0014,F007639,Riu Flamisell des de la presa de Sallente fins a la confluència amb el riu Bossia - E049000,330295,4687998,3057601,Amoni
after_2007,0006,0014,F007640,Riu Flamisell des de la confluència amb el Bossia fins a la Noguera Pallaresa - E050000,329905,4686860,3054202,Amoníac no ionitzat
after_2007,0006,0014,F007640,Riu Flamisell des de la confluència amb el Bossia fins a la Noguera Pallaresa - E050000,329905,4686860,3054203,Amoni
after_2007,0006,0014,F007640,Riu Flamisell des de la confluència amb el Bossia fins a la Noguera Pallaresa - E050000,329905,4686860,3059622,Nitrits
after_2007,0006,0014,F007640,Riu Flamisell des de la confluència amb el Bossia fins a la Noguera Pallaresa - E050000,329905,4686860,3059623,Nitrats
after_2007,0006,0014,F007640,Riu Flamisell des de la confluència amb el Bossia fins a la Noguera Pallaresa - E050000,329905,4686860,3059625,Fosfats
after_2007,0006,0014,F007650,El Segre des de la confluència amb la Noguera Pallaresa fins a la cua de l'embassament de Sant Llorenç de Montgai - E061000,324044,4639324,3054211,Nitrits
after_2007,0006,0014,F007650,El Segre des de la confluència amb la Noguera Pallaresa fins a la cua de l'embassament de Sant Llorenç de Montgai - E061000,324044,4639324,3054212,Nitrats
after_2007,0006,0014,F007650,El Segre des de la confluència amb la Noguera Pallaresa fins a la cua de l'embassament de Sant Llorenç de Montgai - E061000,324044,4639324,3054229,Fosfats
after_2007,0006,0014,F007650,El Segre des de la confluència amb la Noguera Pallaresa fins a la cua de l'embassament de Sant Llorenç de Montgai - E061000,324044,4639324,3054243,Amoni
after_2007,0006,0014,F007651,El Segre des de la presa de Sant Llorenç de Montgai fins a Vilanova de la Barca - E063000,314009,4621809,3068717,Nitrits
after_2007,0006,0014,F007651,El Segre des de la presa de Sant Llorenç de Montgai fins a Vilanova de la Barca - E063000,314009,4621809,3068718,Nitrats
after_2007,0006,0014,F007651,El Segre des de la presa de Sant Llorenç de Montgai fins a Vilanova de la Barca - E063000,314009,4621809,3068751,Amoni
after_2007,0006,0014,F007651,El Segre des de la presa de Sant Llorenç de Montgai fins a Vilanova de la Barca - E063000,314009,4621809,3965461,Fosfats
after_2007,0006,0014,F007653,Riu Sió des de la confluència amb el barranc de la Pisquera fins al Segre - E065000,327219,4630229,3054274,Nitrits
after_2007,0006,0014,F007653,Riu Sió des de la confluència amb el barranc de la Pisquera fins al Segre - E065000,327219,4630229,3054275,Nitrats
after_2007,0006,0014,F007653,Riu Sió des de la confluència amb el barranc de la Pisquera fins al Segre - E065000,327219,4630229,3054277,Fosfats
after_2007,0006,0014,F007653,Riu Sió des de la confluència amb el barranc de la Pisquera fins al Segre - E065000,327219,4630229,3054289,Amoni
after_2007,0006,0014,F007655,El Segre des de Vilanova de la Barca fins a Alcoletge - E067000,308452,4615316,3054297,Nitrits
after_2007,0006,0014,F007655,El Segre des de Vilanova de la Barca fins a Alcoletge - E067000,308452,4615316,3054298,Nitrats
after_2007,0006,0014,F007655,El Segre des de Vilanova de la Barca fins a Alcoletge - E067000,308452,4615316,3054300,Fosfats
after_2007,0006,0014,F007655,El Segre des de Vilanova de la Barca fins a Alcoletge - E067000,308452,4615316,3054312,Amoni
after_2007,0006,0014,F007657,"Riu Corb, barranc del Gossalet i riu d'Ondara des de la confluència amb el Cercavins fins al Corb - E069000",331393,4611084,3054343,Nitrits
after_2007,0006,0014,F007657,"Riu Corb, barranc del Gossalet i riu d'Ondara des de la confluència amb el Cercavins fins al Corb - E069000",331393,4611084,3054344,Nitrats
after_2007,0006,0014,F007657,"Riu Corb, barranc del Gossalet i riu d'Ondara des de la confluència amb el Cercavins fins al Corb - E069000",331393,4611084,3054346,Fosfats
after_2007,0006,0014,F007657,"Riu Corb, barranc del Gossalet i riu d'Ondara des de la confluència amb el Cercavins fins al Corb - E069000",331393,4611084,3054358,Amoni
after_2007,0006,0014,F007660,La Noguera Ribagorçana des de la confluència de la Valira de Castanesa fins a la cua de l'embassament d'Escales - E074000,313720,4698063,3054410,Nitrits
after_2007,0006,0014,F007660,La Noguera Ribagorçana des de la confluència de la Valira de Castanesa fins a la cua de l'embassament d'Escales - E074000,313720,4698063,3054411,Nitrats
after_2007,0006,0014,F007660,La Noguera Ribagorçana des de la confluència de la Valira de Castanesa fins a la cua de l'embassament d'Escales - E074000,313720,4698063,3054441,Amoníac no ionitzat
after_2007,0006,0014,F007660,La Noguera Ribagorçana des de la confluència de la Valira de Castanesa fins a la cua de l'embassament d'Escales - E074000,313720,4698063,3054442,Amoni
after_2007,0006,0014,F007660,La Noguera Ribagorçana des de la confluència de la Valira de Castanesa fins a la cua de l'embassament d'Escales - E074000,313720,4698063,3965462,Fosfats
after_2007,0006,0014,F007663,"La Noguera de Tor des de la confluència del riu de Sant Nicolau fins a la Noguera Ribargorçana, inclosos el riuet de Durro i el riu de Sant Martí - E078000",321362,4709605,3058434,Nitrits
after_2007,0006,0014,F007663,"La Noguera de Tor des de la confluència del riu de Sant Nicolau fins a la Noguera Ribargorçana, inclosos el riuet de Durro i el riu de Sant Martí - E078000",321362,4709605,3058435,Nitrats
after_2007,0006,0014,F007663,"La Noguera de Tor des de la confluència del riu de Sant Nicolau fins a la Noguera Ribargorçana, inclosos el riuet de Durro i el riu de Sant Martí - E078000",321362,4709605,3058453,Fosfats
after_2007,0006,0014,F007663,"La Noguera de Tor des de la confluència del riu de Sant Nicolau fins a la Noguera Ribargorçana, inclosos el riuet de Durro i el riu de Sant Martí - E078000",321362,4709605,3058468,Amoni
after_2007,0006,0014,F007665,La Noguera Ribagorçana des de la presa d'Escales fins al Pont de Montanyana - E081000,310230,4672750,3049606,Nitrits
after_2007,0006,0014,F007665,La Noguera Ribagorçana des de la presa d'Escales fins al Pont de Montanyana - E081000,310230,4672750,3049607,Nitrats
after_2007,0006,0014,F007665,La Noguera Ribagorçana des de la presa d'Escales fins al Pont de Montanyana - E081000,310230,4672750,3049609,Fosfats
after_2007,0006,0014,F007665,La Noguera Ribagorçana des de la presa d'Escales fins al Pont de Montanyana - E081000,310230,4672750,3049621,Amoni
after_2007,0006,0014,F007668,La Noguera Ribagorçana des del Pont de Montanyana fins a la cua de l'embassament de Canelles - E085000,309900,4666079,3049629,Nitrits
after_2007,0006,0014,F007668,La Noguera Ribagorçana des del Pont de Montanyana fins a la cua de l'embassament de Canelles - E085000,309900,4666079,3049630,Nitrats
after_2007,0006,0014,F007668,La Noguera Ribagorçana des del Pont de Montanyana fins a la cua de l'embassament de Canelles - E085000,309900,4666079,3049632,Fosfats
after_2007,0006,0014,F007668,La Noguera Ribagorçana des del Pont de Montanyana fins a la cua de l'embassament de Canelles - E085000,309900,4666079,3049644,Amoni
after_2007,0006,0014,F007669,La Noguera Ribagorçana des de la presa de Canelles fins a la cua de l'embassament de Santa Anna - E087000,301973,4649106,3049652,Nitrits
after_2007,0006,0014,F007669,La Noguera Ribagorçana des de la presa de Canelles fins a la cua de l'embassament de Santa Anna - E087000,301973,4649106,3049653,Nitrats
after_2007,0006,0014,F007669,La Noguera Ribagorçana des de la presa de Canelles fins a la cua de l'embassament de Santa Anna - E087000,301973,4649106,3049655,Fosfats
after_2007,0006,0014,F007669,La Noguera Ribagorçana des de la presa de Canelles fins a la cua de l'embassament de Santa Anna - E087000,301973,4649106,3049667,Amoni
after_2007,0006,0014,F007670,La Noguera Ribagorçana des de la presa de Santa Anna fins a Alfarràs - E089000,298902,4638020,3054450,Nitrits
after_2007,0006,0014,F007670,La Noguera Ribagorçana des de la presa de Santa Anna fins a Alfarràs - E089000,298902,4638020,3054451,Nitrats
after_2007,0006,0014,F007670,La Noguera Ribagorçana des de la presa de Santa Anna fins a Alfarràs - E089000,298902,4638020,3054469,Fosfats
after_2007,0006,0014,F007670,La Noguera Ribagorçana des de la presa de Santa Anna fins a Alfarràs - E089000,298902,4638020,3054486,Amoni
after_2007,0006,0014,F007671,La Noguera Ribagorçana des d'Alfarràs fins a la confluència amb el Segre - E090000,309164,4617173,3054494,Nitrits
after_2007,0006,0014,F007671,La Noguera Ribagorçana des d'Alfarràs fins a la confluència amb el Segre - E090000,309164,4617173,3054495,Nitrats
after_2007,0006,0014,F007671,La Noguera Ribagorçana des d'Alfarràs fins a la confluència amb el Segre - E090000,309164,4617173,3054531,Amoníac no ionitzat
after_2007,0006,0014,F007671,La Noguera Ribagorçana des d'Alfarràs fins a la confluència amb el Segre - E090000,309164,4617173,3054532,Amoni
after_2007,0006,0014,F007671,La Noguera Ribagorçana des d'Alfarràs fins a la confluència amb el Segre - E090000,309164,4617173,3965463,Fosfats
after_2007,0006,0014,F007673,El Segre des d'Alcoletge fins a Lleida - E092000,305190,4614334,3054540,Nitrits
after_2007,0006,0014,F007673,El Segre des d'Alcoletge fins a Lleida - E092000,305190,4614334,3054541,Nitrats
after_2007,0006,0014,F007673,El Segre des d'Alcoletge fins a Lleida - E092000,305190,4614334,3054558,Fosfats
after_2007,0006,0014,F007673,El Segre des d'Alcoletge fins a Lleida - E092000,305190,4614334,3054571,Amoníac no ionitzat
after_2007,0006,0014,F007673,El Segre des d'Alcoletge fins a Lleida - E092000,305190,4614334,3054572,Amoni
after_2007,0006,0014,F007674,Riu Clamor de les Canals  - E093000,311741,4612511,3054580,Nitrits
after_2007,0006,0014,F007674,Riu Clamor de les Canals  - E093000,311741,4612511,3054581,Nitrats
after_2007,0006,0014,F007674,Riu Clamor de les Canals  - E093000,311741,4612511,3054595,Amoni
after_2007,0006,0014,F007674,Riu Clamor de les Canals  - E093000,311741,4612511,3965464,Fosfats
after_2007,0006,0014,F007675,El Segre al seu pas per Lleida - E094000,301556,4608768,3054603,Nitrits
after_2007,0006,0014,F007675,El Segre al seu pas per Lleida - E094000,301556,4608768,3054604,Nitrats
after_2007,0006,0014,F007675,El Segre al seu pas per Lleida - E094000,301556,4608768,3054606,Fosfats
after_2007,0006,0014,F007675,El Segre al seu pas per Lleida - E094000,301556,4608768,3054618,Amoni
after_2007,0006,0014,F007676,Torrent de la Femosa - E095000,304190,4606783,3054626,Nitrits
after_2007,0006,0014,F007676,Torrent de la Femosa - E095000,304190,4606783,3054627,Nitrats
after_2007,0006,0014,F007676,Torrent de la Femosa - E095000,304190,4606783,3054629,Fosfats
after_2007,0006,0014,F007676,Torrent de la Femosa - E095000,304190,4606783,3054641,Amoni
after_2007,0006,0014,F007677,El Segre des de Lleida fins a Seròs - E096000,288127,4595578,3054649,Nitrits
after_2007,0006,0014,F007677,El Segre des de Lleida fins a Seròs - E096000,288127,4595578,3054650,Nitrats
after_2007,0006,0014,F007677,El Segre des de Lleida fins a Seròs - E096000,288127,4595578,3054652,Fosfats
after_2007,0006,0014,F007677,El Segre des de Lleida fins a Seròs - E096000,288127,4595578,3054664,Amoni
after_2007,0006,0014,F007680,Riu Set des del límit dels termes municipals d'Albagés i el Cogul fins al Segre - E099000,297016,4604395,3054672,Nitrits
after_2007,0006,0014,F007680,Riu Set des del límit dels termes municipals d'Albagés i el Cogul fins al Segre - E099000,297016,4604395,3054673,Nitrats
after_2007,0006,0014,F007680,Riu Set des del límit dels termes municipals d'Albagés i el Cogul fins al Segre - E099000,297016,4604395,3054690,Fosfats
after_2007,0006,0014,F007680,Riu Set des del límit dels termes municipals d'Albagés i el Cogul fins al Segre - E099000,297016,4604395,3054704,Amoni
after_2007,0006,0014,F007681,El Segre des de Seròs fins a la confluència amb el Cinca - E100000,284048,4592034,3054712,Nitrits
after_2007,0006,0014,F007681,El Segre des de Seròs fins a la confluència amb el Cinca - E100000,284048,4592034,3054713,Nitrats
after_2007,0006,0014,F007681,El Segre des de Seròs fins a la confluència amb el Cinca - E100000,284048,4592034,3054715,Fosfats
after_2007,0006,0014,F007681,El Segre des de Seròs fins a la confluència amb el Cinca - E100000,284048,4592034,3054727,Amoni
after_2007,0006,0014,F007682,Riu de la Clamor Amarga - E101000,277826,4615760,3054735,Nitrits
after_2007,0006,0014,F007682,Riu de la Clamor Amarga - E101000,277826,4615760,3054736,Nitrats
after_2007,0006,0014,F007682,Riu de la Clamor Amarga - E101000,277826,4615760,3054738,Fosfats
after_2007,0006,0014,F007682,Riu de la Clamor Amarga - E101000,277826,4615760,3054750,Amoni
after_2007,0006,0014,F007683,El Cinca des de la confluència amb la Clamor Amarga fins al Segre - E102000,278177,4590466,3061037,Nitrits
after_2007,0006,0014,F007683,El Cinca des de la confluència amb la Clamor Amarga fins al Segre - E102000,278177,4590466,3061038,Nitrats
after_2007,0006,0014,F007683,El Cinca des de la confluència amb la Clamor Amarga fins al Segre - E102000,278177,4590466,3061040,Fosfats
after_2007,0006,0014,F007683,El Cinca des de la confluència amb la Clamor Amarga fins al Segre - E102000,278177,4590466,3061052,Amoni
after_2007,0006,0014,F007684,El Segre des de la confluència amb el Cinca fins a la cua de l'embassament de Riba-roja - E103000,276053,4586203,3054758,Nitrits
after_2007,0006,0014,F007684,El Segre des de la confluència amb el Cinca fins a la cua de l'embassament de Riba-roja - E103000,276053,4586203,3054759,Nitrats
after_2007,0006,0014,F007684,El Segre des de la confluència amb el Cinca fins a la cua de l'embassament de Riba-roja - E103000,276053,4586203,3054761,Fosfats
after_2007,0006,0014,F007684,El Segre des de la confluència amb el Cinca fins a la cua de l'embassament de Riba-roja - E103000,276053,4586203,3054773,Amoni
after_2007,0006,0014,F007689,L'Ebre des del desguàs de la central hidroelèctrica de Flix fins a Ascó - E110000,294929,4564982,3054845,Nitrits
after_2007,0006,0014,F007689,L'Ebre des del desguàs de la central hidroelèctrica de Flix fins a Ascó - E110000,294929,4564982,3054846,Nitrats
after_2007,0006,0014,F007689,L'Ebre des del desguàs de la central hidroelèctrica de Flix fins a Ascó - E110000,294929,4564982,3054848,Fosfats
after_2007,0006,0014,F007689,L'Ebre des del desguàs de la central hidroelèctrica de Flix fins a Ascó - E110000,294929,4564982,3054860,Amoni
after_2007,0006,0014,F007690,L'Ebre entre Ascó i l'assut de Xerta - E111000,299642,4546809,3054922,Nitrits
after_2007,0006,0014,F007690,L'Ebre entre Ascó i l'assut de Xerta - E111000,299642,4546809,3054923,Nitrats
after_2007,0006,0014,F007690,L'Ebre entre Ascó i l'assut de Xerta - E111000,299642,4546809,3054940,Fosfats
after_2007,0006,0014,F007690,L'Ebre entre Ascó i l'assut de Xerta - E111000,299642,4546809,3054957,Amoníac no ionitzat
after_2007,0006,0014,F007690,L'Ebre entre Ascó i l'assut de Xerta - E111000,299642,4546809,3054958,Amoni
after_2007,0006,0014,F007692,"Riu de Montsant des de la presa de Margalef fins a la confluència amb el riuet d'Escaladei, inclòs el riuet d'Escaladei - E114000",307304,4568418,3061226,Nitrits
after_2007,0006,0014,F007692,"Riu de Montsant des de la presa de Margalef fins a la confluència amb el riuet d'Escaladei, inclòs el riuet d'Escaladei - E114000",307304,4568418,3061227,Nitrats
after_2007,0006,0014,F007692,"Riu de Montsant des de la presa de Margalef fins a la confluència amb el riuet d'Escaladei, inclòs el riuet d'Escaladei - E114000",307304,4568418,3061229,Fosfats
after_2007,0006,0014,F007692,"Riu de Montsant des de la presa de Margalef fins a la confluència amb el riuet d'Escaladei, inclòs el riuet d'Escaladei - E114000",307304,4568418,3061241,Amoni
after_2007,0006,0014,F007693,"Riu de Siurana des de la presa de Siurana fins a l'Ebre, riu de Cortiella i tram baix del riu de Montsant des de la confluència amb el riuet d'Escaladei - E115000",318866,4566775,3061832,Nitrits
after_2007,0006,0014,F007693,"Riu de Siurana des de la presa de Siurana fins a l'Ebre, riu de Cortiella i tram baix del riu de Montsant des de la confluència amb el riuet d'Escaladei - E115000",318866,4566775,3061833,Nitrats
after_2007,0006,0014,F007693,"Riu de Siurana des de la presa de Siurana fins a l'Ebre, riu de Cortiella i tram baix del riu de Montsant des de la confluència amb el riuet d'Escaladei - E115000",318866,4566775,3061851,Fosfats
after_2007,0006,0014,F007693,"Riu de Siurana des de la presa de Siurana fins a l'Ebre, riu de Cortiella i tram baix del riu de Montsant des de la confluència amb el riuet d'Escaladei - E115000",318866,4566775,3061866,Amoni
after_2007,0006,0014,F007699,Riu Canaletes - E123000,290035,4538018,3054966,Nitrits
after_2007,0006,0014,F007699,Riu Canaletes - E123000,290035,4538018,3054967,Nitrats
after_2007,0006,0014,F007699,Riu Canaletes - E123000,290035,4538018,3054981,Amoni
after_2007,0006,0014,F007699,Riu Canaletes - E123000,290035,4538018,3986121,Fosfats
after_2007,0006,0014,F007702,L'Ebre des de l'assut de Xerta fins a la confluència del barranc de la Galera - E126000,289926,4528480,3054989,Nitrits
after_2007,0006,0014,F007702,L'Ebre des de l'assut de Xerta fins a la confluència del barranc de la Galera - E126000,289926,4528480,3054990,Nitrats
after_2007,0006,0014,F007702,L'Ebre des de l'assut de Xerta fins a la confluència del barranc de la Galera - E126000,289926,4528480,3054992,Fosfats
after_2007,0006,0014,F007702,L'Ebre des de l'assut de Xerta fins a la confluència del barranc de la Galera - E126000,289926,4528480,3055004,Amoni
after_2007,0006,0014,F007708,"Garona des de Salardú fins a la frontera, arriu de Varradòs i arriu Nere - G001000",313736,4734295,3055012,Nitrits
after_2007,0006,0014,F007708,"Garona des de Salardú fins a la frontera, arriu de Varradòs i arriu Nere - G001000",313736,4734295,3055013,Nitrats
after_2007,0006,0014,F007708,"Garona des de Salardú fins a la frontera, arriu de Varradòs i arriu Nere - G001000",313736,4734295,3055031,Fosfats
after_2007,0006,0014,F007708,"Garona des de Salardú fins a la frontera, arriu de Varradòs i arriu Nere - G001000",313736,4734295,3055049,Amoníac no ionitzat
after_2007,0006,0014,F007708,"Garona des de Salardú fins a la frontera, arriu de Varradòs i arriu Nere - G001000",313736,4734295,3055050,Amoni
after_2007,0006,0014,F007709,Capçalera de la Garona fins a Salardú i arriu Unhola - G002000,330964,4730197,3058564,Nitrits
after_2007,0006,0014,F007709,Capçalera de la Garona fins a Salardú i arriu Unhola - G002000,330964,4730197,3058565,Nitrats
after_2007,0006,0014,F007709,Capçalera de la Garona fins a Salardú i arriu Unhola - G002000,330964,4730197,3058567,Fosfats
after_2007,0006,0014,F007709,Capçalera de la Garona fins a Salardú i arriu Unhola - G002000,330964,4730197,3058579,Amoni
after_2007,0006,0014,F007713,Riu de la Sénia des de la presa d'Ulldecona fins al mar - S001000,269013,4504266,3055058,Nitrits
after_2007,0006,0014,F007713,Riu de la Sénia des de la presa d'Ulldecona fins al mar - S001000,269013,4504266,3055059,Nitrats
after_2007,0006,0014,F007713,Riu de la Sénia des de la presa d'Ulldecona fins al mar - S001000,269013,4504266,3055061,Fosfats
after_2007,0006,0014,F007713,Riu de la Sénia des de la presa d'Ulldecona fins al mar - S001000,269013,4504266,3055073,Amoni
after_2007,0006,0014,F007824,Prelitoral del Vallès - 08033-0039,431581,4610979,3064513,Amoni
after_2007,0006,0014,F007824,Prelitoral del Vallès - 08033-0039,431581,4610979,3064514,Nitrats
after_2007,0006,0014,F007824,Prelitoral del Vallès - 08033-0039,431581,4610979,3064515,Nitrits
after_2007,0006,0014,F007824,Prelitoral del Vallès - 08033-0039,431581,4610979,3113945,Fosfats
after_2007,0006,0014,F007828,Calcàries de Tàrrega - 25152-0003,360432,4617214,3067850,Nitrits
after_2007,0006,0014,F007828,Calcàries de Tàrrega - 25152-0003,360432,4617214,3067851,Nitrats
after_2007,0006,0014,F007828,Calcàries de Tàrrega - 25152-0003,360432,4617214,3067877,Amoni
after_2007,0006,0014,F007828,Calcàries de Tàrrega - 25152-0003,360432,4617214,3114029,Fosfats
after_2007,0006,0014,F007831,N/D - Subterrània - 25216-0014,363158.62,4608393.33,3062193,Nitrits
after_2007,0006,0014,F007831,N/D - Subterrània - 25216-0014,363158.62,4608393.33,3062194,Nitrats
after_2007,0006,0014,F007831,N/D - Subterrània - 25216-0014,363158.62,4608393.33,3062205,Amoni
after_2007,0006,0014,F007831,N/D - Subterrània - 25216-0014,363158.62,4608393.33,3115803,Fosfats
after_2007,0006,0014,F007832,Calcàries de Tàrrega - 25072-0012,355751.19,4613762.7,3067922,Nitrits
after_2007,0006,0014,F007832,Calcàries de Tàrrega - 25072-0012,355751.19,4613762.7,3067923,Nitrats
after_2007,0006,0014,F007832,Calcàries de Tàrrega - 25072-0012,355751.19,4613762.7,3067949,Amoni
after_2007,0006,0014,F007832,Calcàries de Tàrrega - 25072-0012,355751.19,4613762.7,3115271,Fosfats
after_2007,0006,0014,F007946,Detrítics terciaris del Llobregat mig - 08012-0001,416506.27,4635477.84,3371250,Nitrits
after_2007,0006,0014,F007946,Detrítics terciaris del Llobregat mig - 08012-0001,416506.27,4635477.84,3371251,Nitrats
after_2007,0006,0014,F007946,Detrítics terciaris del Llobregat mig - 08012-0001,416506.27,4635477.84,3371252,Amoni
after_2007,0006,0014,F007946,Detrítics terciaris del Llobregat mig - 08012-0001,416506.27,4635477.84,3371253,Fosfats
after_2007,0006,0014,F007985,Prades - Alt Francolí - 43172-0005,347851.45,4577811.01,3066575,Nitrits
after_2007,0006,0014,F007985,Prades - Alt Francolí - 43172-0005,347851.45,4577811.01,3066576,Nitrats
after_2007,0006,0014,F007985,Prades - Alt Francolí - 43172-0005,347851.45,4577811.01,3066599,Amoni
after_2007,0006,0014,F007985,Prades - Alt Francolí - 43172-0005,347851.45,4577811.01,4445756,Fosfats
after_2007,0006,0014,F008008,Conca alta de Cardener i Llobregat - 25100-0001,389237,4678215,3069188,Nitrits
after_2007,0006,0014,F008008,Conca alta de Cardener i Llobregat - 25100-0001,389237,4678215,3069189,Nitrats
after_2007,0006,0014,F008008,Conca alta de Cardener i Llobregat - 25100-0001,389237,4678215,3069212,Amoni
after_2007,0006,0014,F008008,Conca alta de Cardener i Llobregat - 25100-0001,389237,4678215,3155993,Fosfats
after_2007,0006,0014,F008009,Conca alta de Cardener i Llobregat - 08293-0001,402581,4673868,3070766,Amoni
after_2007,0006,0014,F008009,Conca alta de Cardener i Llobregat - 08293-0001,402581,4673868,3070789,Nitrats
after_2007,0006,0014,F008009,Conca alta de Cardener i Llobregat - 08293-0001,402581,4673868,3070790,Nitrits
after_2007,0006,0014,F008009,Conca alta de Cardener i Llobregat - 08293-0001,402581,4673868,3120898,Fosfats
after_2007,0006,0014,F008010,Conca alta de Cardener i Llobregat - 08293-0002,403761.82,4672761.71,3069221,Nitrits
after_2007,0006,0014,F008010,Conca alta de Cardener i Llobregat - 08293-0002,403761.82,4672761.71,3069222,Nitrats
after_2007,0006,0014,F008010,Conca alta de Cardener i Llobregat - 08293-0002,403761.82,4672761.71,3069245,Amoni
after_2007,0006,0014,F008010,Conca alta de Cardener i Llobregat - 08293-0002,403761.82,4672761.71,3155992,Fosfats
after_2007,0006,0014,F008011,Conca alta de Cardener i Llobregat - 25163-0010,382682.49,4670949.45,3069254,Nitrits
after_2007,0006,0014,F008011,Conca alta de Cardener i Llobregat - 25163-0010,382682.49,4670949.45,3069255,Nitrats
after_2007,0006,0014,F008011,Conca alta de Cardener i Llobregat - 25163-0010,382682.49,4670949.45,3069278,Amoni
after_2007,0006,0014,F008011,Conca alta de Cardener i Llobregat - 25163-0010,382682.49,4670949.45,3155994,Fosfats
after_2007,0006,0014,F008012,Conca alta del Fluvià - 17154-0003,471787.24,4677329.35,3069287,Nitrits
after_2007,0006,0014,F008012,Conca alta del Fluvià - 17154-0003,471787.24,4677329.35,3069288,Nitrats
after_2007,0006,0014,F008012,Conca alta del Fluvià - 17154-0003,471787.24,4677329.35,3069311,Amoni
after_2007,0006,0014,F008012,Conca alta del Fluvià - 17154-0003,471787.24,4677329.35,3119933,Fosfats
after_2007,0006,0014,F008014,Conca alta del Fluvià - 17021-0008,474502,4677202,3069353,Nitrits
after_2007,0006,0014,F008014,Conca alta del Fluvià - 17021-0008,474502,4677202,3069354,Nitrats
after_2007,0006,0014,F008014,Conca alta del Fluvià - 17021-0008,474502,4677202,3069377,Amoni
after_2007,0006,0014,F008014,Conca alta del Fluvià - 17021-0008,474502,4677202,3119927,Fosfats
after_2007,0006,0014,F008026,Detrític neogen del Vallès - 08252-0005,427983.4,4596639.6,3072158,Amoni
after_2007,0006,0014,F008026,Detrític neogen del Vallès - 08252-0005,427983.4,4596639.6,3072181,Nitrats
after_2007,0006,0014,F008026,Detrític neogen del Vallès - 08252-0005,427983.4,4596639.6,3072182,Nitrits
after_2007,0006,0014,F008026,Detrític neogen del Vallès - 08252-0005,427983.4,4596639.6,3113986,Fosfats
after_2007,0006,0014,F008033,Detrític neogen del Vallès - 08279-0024,417892.04,4604999.78,3072254,Amoni
after_2007,0006,0014,F008033,Detrític neogen del Vallès - 08279-0024,417892.04,4604999.78,3072277,Nitrats
after_2007,0006,0014,F008033,Detrític neogen del Vallès - 08279-0024,417892.04,4604999.78,3072278,Nitrits
after_2007,0006,0014,F008033,Detrític neogen del Vallès - 08279-0024,417892.04,4604999.78,3113988,Fosfats
after_2007,0006,0014,F008037,Conca alta de la Muga - 17029-0005,490381.76,4685145.36,3075073,Amoni
after_2007,0006,0014,F008037,Conca alta de la Muga - 17029-0005,490381.76,4685145.36,3075096,Nitrats
after_2007,0006,0014,F008037,Conca alta de la Muga - 17029-0005,490381.76,4685145.36,3075097,Nitrits
after_2007,0006,0014,F008037,Conca alta de la Muga - 17029-0005,490381.76,4685145.36,3116750,Fosfats
after_2007,0006,0014,F008038,Calcàries de Tàrrega - 25152-0005,360487,4617256,3073239,Amoni
after_2007,0006,0014,F008038,Calcàries de Tàrrega - 25152-0005,360487,4617256,3073240,Nitrats
after_2007,0006,0014,F008038,Calcàries de Tàrrega - 25152-0005,360487,4617256,3073241,Nitrits
after_2007,0006,0014,F008038,Calcàries de Tàrrega - 25152-0005,360487,4617256,3114030,Fosfats
after_2007,0006,0014,F008039,Calcàries de Tàrrega - 25152-0007,360461,4617263,3073242,Amoni
after_2007,0006,0014,F008039,Calcàries de Tàrrega - 25152-0007,360461,4617263,3073243,Nitrats
after_2007,0006,0014,F008039,Calcàries de Tàrrega - 25152-0007,360461,4617263,3073244,Nitrits
after_2007,0006,0014,F008039,Calcàries de Tàrrega - 25152-0007,360461,4617263,3114031,Fosfats
after_2007,0006,0014,F008046,Baixa Garrotxa-Pla de l'Estany - 17071-0020,480852.6,4665874.4,3075275,Amoni
after_2007,0006,0014,F008046,Baixa Garrotxa-Pla de l'Estany - 17071-0020,480852.6,4665874.4,3075283,Nitrats
after_2007,0006,0014,F008046,Baixa Garrotxa-Pla de l'Estany - 17071-0020,480852.6,4665874.4,3075284,Nitrits
after_2007,0006,0014,F008046,Baixa Garrotxa-Pla de l'Estany - 17071-0020,480852.6,4665874.4,3223481,Fosfats
after_2007,0006,0014,F008049,Plana de la Galera - 43133-0144,285604.21,4522630.66,3075371,Amoni
after_2007,0006,0014,F008049,Plana de la Galera - 43133-0144,285604.21,4522630.66,3075382,Nitrats
after_2007,0006,0014,F008049,Plana de la Galera - 43133-0144,285604.21,4522630.66,3075383,Nitrits
after_2007,0006,0014,F008049,Plana de la Galera - 43133-0144,285604.21,4522630.66,3869796,Fosfats
after_2007,0006,0014,F008087,Al·luvial del Segre mitjà - 25172-0005,349783.23,4642639.92,3076593,Amoni
after_2007,0006,0014,F008087,Al·luvial del Segre mitjà - 25172-0005,349783.23,4642639.92,3076616,Nitrats
after_2007,0006,0014,F008087,Al·luvial del Segre mitjà - 25172-0005,349783.23,4642639.92,3076617,Nitrits
after_2007,0006,0014,F008087,Al·luvial del Segre mitjà - 25172-0005,349783.23,4642639.92,3157819,Fosfats
after_2007,0006,0014,F008095,Calcàries de Tàrrega - 25242-0003,341536,4605136,3307792,Nitrits
after_2007,0006,0014,F008095,Calcàries de Tàrrega - 25242-0003,341536,4605136,3307793,Nitrats
after_2007,0006,0014,F008095,Calcàries de Tàrrega - 25242-0003,341536,4605136,3307794,Amoni
after_2007,0006,0014,F008095,Calcàries de Tàrrega - 25242-0003,341536,4605136,3307795,Fosfats
after_2007,0006,0014,F008142,Baixa Garrotxa-Pla de l'Estany - 17105-0002,468154.21,4662419.22,3097289,Amoni
after_2007,0006,0014,F008142,Baixa Garrotxa-Pla de l'Estany - 17105-0002,468154.21,4662419.22,3097312,Nitrats
after_2007,0006,0014,F008142,Baixa Garrotxa-Pla de l'Estany - 17105-0002,468154.21,4662419.22,3097313,Nitrits
after_2007,0006,0014,F008142,Baixa Garrotxa-Pla de l'Estany - 17105-0002,468154.21,4662419.22,3223498,Fosfats
after_2007,0006,0014,F009390,Plana de Vic - Collsacabra - 08254-0036,451441.94,4655354.88,3082160,Amoni
after_2007,0006,0014,F009390,Plana de Vic - Collsacabra - 08254-0036,451441.94,4655354.88,3082161,Nitrats
after_2007,0006,0014,F009390,Plana de Vic - Collsacabra - 08254-0036,451441.94,4655354.88,3082162,Nitrits
after_2007,0006,0014,F009390,Plana de Vic - Collsacabra - 08254-0036,451441.94,4655354.88,3113551,Fosfats
after_2007,0006,0014,F009399,Garraf - 43016-0041,383055.7,4567795.99,3082163,Amoni
after_2007,0006,0014,F009399,Garraf - 43016-0041,383055.7,4567795.99,3082164,Nitrats
after_2007,0006,0014,F009399,Garraf - 43016-0041,383055.7,4567795.99,3082165,Nitrits
after_2007,0006,0014,F009598,Plioquaternari de l'Onyar - 17150-0069,483315,4639078,3235473,Nitrits
after_2007,0006,0014,F009598,Plioquaternari de l'Onyar - 17150-0069,483315,4639078,3235474,Nitrats
after_2007,0006,0014,F009598,Plioquaternari de l'Onyar - 17150-0069,483315,4639078,3235475,Amoni
after_2007,0006,0014,F009598,Plioquaternari de l'Onyar - 17150-0069,483315,4639078,3235476,Fosfats
after_2007,0006,0014,F009601,Detrític neogen de l'Empordà - 17169-0021,487697.52,4654436.33,3101639,Nitrits
after_2007,0006,0014,F009601,Detrític neogen de l'Empordà - 17169-0021,487697.52,4654436.33,3101640,Nitrats
after_2007,0006,0014,F009601,Detrític neogen de l'Empordà - 17169-0021,487697.52,4654436.33,3101663,Amoni
after_2007,0006,0014,F009601,Detrític neogen de l'Empordà - 17169-0021,487697.52,4654436.33,3225136,Fosfats
after_2007,0006,0014,F009608,Plana de la Galera - 43006-0082,289015.25,4527179.64,4468127,Nitrits
after_2007,0006,0014,F009608,Plana de la Galera - 43006-0082,289015.25,4527179.64,4468128,Nitrats
after_2007,0006,0014,F009608,Plana de la Galera - 43006-0082,289015.25,4527179.64,4468129,Amoni
after_2007,0006,0014,F009608,Plana de la Galera - 43006-0082,289015.25,4527179.64,4468169,Fosfats
after_2007,0006,0014,F009615,Al·luvials de l'alta i mitjana Tordera - 08082-0026,474391,4620840,3099932,Nitrits
after_2007,0006,0014,F009615,Al·luvials de l'alta i mitjana Tordera - 08082-0026,474391,4620840,3099933,Nitrats
after_2007,0006,0014,F009615,Al·luvials de l'alta i mitjana Tordera - 08082-0026,474391,4620840,3099956,Amoni
after_2007,0006,0014,F009615,Al·luvials de l'alta i mitjana Tordera - 08082-0026,474391,4620840,3229596,Fosfats
after_2007,0006,0014,F009913,Detrític neogen del Vallès - 08279-0027,420965.03,4603125.76,3106602,Amoni
after_2007,0006,0014,F009913,Detrític neogen del Vallès - 08279-0027,420965.03,4603125.76,3106625,Nitrats
after_2007,0006,0014,F009913,Detrític neogen del Vallès - 08279-0027,420965.03,4603125.76,3106626,Nitrits
after_2007,0006,0014,F009913,Detrític neogen del Vallès - 08279-0027,420965.03,4603125.76,3271676,Fosfats
after_2007,0006,0014,F009914,Maresme - 08193-0013,463874.93,4608214.81,3231497,Nitrits
after_2007,0006,0014,F009914,Maresme - 08193-0013,463874.93,4608214.81,3231498,Nitrats
after_2007,0006,0014,F009914,Maresme - 08193-0013,463874.93,4608214.81,3231499,Amoni
after_2007,0006,0014,F009914,Maresme - 08193-0013,463874.93,4608214.81,3231500,Fosfats
after_2007,0006,0014,F009979,Riudecanyes - 020002000,328228,4555644,3117688,Nitrats
after_2007,0006,0014,F009979,Riudecanyes - 020002000,328228,4555644,3117737,Amoni
after_2007,0006,0014,F009979,Riudecanyes - 020002000,328228,4555644,3117738,Nitrits
after_2007,0006,0014,F009979,Riudecanyes - 020002000,328228,4555644,3281793,Fosfats
after_2007,0006,0014,F009979,Riudecanyes - 020002000,328228,4555644,3965543,Fòsfor total
after_2007,0006,0014,F009979,Riudecanyes - 020002000,328228,4555644,3965544,Nitrogen total
after_2007,0006,0014,F009980,Estanys de Banyoles - 045040100,480010,4663228,3118036,Amoni
after_2007,0006,0014,F009980,Estanys de Banyoles - 045040100,480010,4663228,3118062,Nitrats
after_2007,0006,0014,F009980,Estanys de Banyoles - 045040100,480010,4663228,3118063,Nitrits
after_2007,0006,0014,F009983,La Baells - 100007000,405749,4668940,3118170,Amoni
after_2007,0006,0014,F009983,La Baells - 100007000,405749,4668940,3118194,Nitrats
after_2007,0006,0014,F009983,La Baells - 100007000,405749,4668940,3118195,Nitrits
after_2007,0006,0014,F009983,La Baells - 100007000,405749,4668940,3965564,Fòsfor total
after_2007,0006,0014,F009983,La Baells - 100007000,405749,4668940,3965565,Nitrogen total
after_2007,0006,0014,F009983,La Baells - 100007000,405749,4668940,4162610,Fosfats
after_2007,0006,0014,F009984,La Llosa del Cavall - 100048000,384511,4663903,3118302,Amoni
after_2007,0006,0014,F009984,La Llosa del Cavall - 100048000,384511,4663903,3118326,Nitrats
after_2007,0006,0014,F009984,La Llosa del Cavall - 100048000,384511,4663903,3118327,Nitrits
after_2007,0006,0014,F009984,La Llosa del Cavall - 100048000,384511,4663903,3965569,Fòsfor total
after_2007,0006,0014,F009984,La Llosa del Cavall - 100048000,384511,4663903,3965570,Nitrogen total
after_2007,0006,0014,F009984,La Llosa del Cavall - 100048000,384511,4663903,4162631,Fosfats
after_2007,0006,0014,F009985,Sant Ponç - 100051000,384228,4646804,3118335,Amoni
after_2007,0006,0014,F009985,Sant Ponç - 100051000,384228,4646804,3118359,Nitrats
after_2007,0006,0014,F009985,Sant Ponç - 100051000,384228,4646804,3118360,Nitrits
after_2007,0006,0014,F009985,Sant Ponç - 100051000,384228,4646804,3965574,Fòsfor total
after_2007,0006,0014,F009985,Sant Ponç - 100051000,384228,4646804,3965575,Nitrogen total
after_2007,0006,0014,F009985,Sant Ponç - 100051000,384228,4646804,4162640,Fosfats
after_2007,0006,0014,F009987,Vallforners - 110009000,445215,4619195,3118137,Amoni
after_2007,0006,0014,F009987,Vallforners - 110009000,445215,4619195,3118161,Nitrats
after_2007,0006,0014,F009987,Vallforners - 110009000,445215,4619195,3118162,Nitrits
after_2007,0006,0014,F009987,Vallforners - 110009000,445215,4619195,3965582,Fòsfor total
after_2007,0006,0014,F009987,Vallforners - 110009000,445215,4619195,3965583,Nitrogen total
after_2007,0006,0014,F009987,Vallforners - 110009000,445215,4619195,4162648,Fosfats
after_2007,0006,0014,F009988,Santa Fe - 140007500,455897,4624248,3965586,Amoni
after_2007,0006,0014,F009988,Santa Fe - 140007500,455897,4624248,3965589,Fòsfor total
after_2007,0006,0014,F009988,Santa Fe - 140007500,455897,4624248,3965590,Nitrats
after_2007,0006,0014,F009988,Santa Fe - 140007500,455897,4624248,3965591,Nitrogen total
after_2007,0006,0014,F009988,Santa Fe - 140007500,455897,4624248,4162657,Fosfats
after_2007,0006,0014,F009991,Susqueda - 200022300,458257,4646863,3965602,Amoni
after_2007,0006,0014,F009991,Susqueda - 200022300,458257,4646863,3965605,Fòsfor total
after_2007,0006,0014,F009991,Susqueda - 200022300,458257,4646863,3965606,Nitrats
after_2007,0006,0014,F009991,Susqueda - 200022300,458257,4646863,3965607,Nitrogen total
after_2007,0006,0014,F009991,Susqueda - 200022300,458257,4646863,4162676,Fosfats
after_2007,0006,0014,F009992,El Pasteral - 200022700,464925,4648265,3117916,Amoni
after_2007,0006,0014,F009992,El Pasteral - 200022700,464925,4648265,3117952,Nitrats
after_2007,0006,0014,F009992,El Pasteral - 200022700,464925,4648265,3117953,Nitrits
after_2007,0006,0014,F009992,El Pasteral - 200022700,464925,4648265,3118437,Fosfats
after_2007,0006,0014,F009993,Boadella - 220001500,486335,4687831,3115859,Amoni
after_2007,0006,0014,F009993,Boadella - 220001500,486335,4687831,3115896,Nitrats
after_2007,0006,0014,F009993,Boadella - 220001500,486335,4687831,3115897,Nitrits
after_2007,0006,0014,F009993,Boadella - 220001500,486335,4687831,3117696,Fosfats
after_2007,0006,0014,F009993,Boadella - 220001500,486335,4687831,3965615,Fòsfor total
after_2007,0006,0014,F009993,Boadella - 220001500,486335,4687831,3965616,Nitrogen total
after_2007,0006,0014,F011324,N/D - Subterrània - 25003-0001,337406,4634346,3231790,Nitrits
after_2007,0006,0014,F011324,N/D - Subterrània - 25003-0001,337406,4634346,3231791,Nitrats
after_2007,0006,0014,F011324,N/D - Subterrània - 25003-0001,337406,4634346,3231792,Amoni
after_2007,0006,0014,F011324,N/D - Subterrània - 25003-0001,337406,4634346,3231793,Fosfats
after_2007,0006,0014,F011343,Tremp-Isona - 25077-0001,359493,4673802,3156050,Amoni
after_2007,0006,0014,F011343,Tremp-Isona - 25077-0001,359493,4673802,3156057,Fosfats
after_2007,0006,0014,F011343,Tremp-Isona - 25077-0001,359493,4673802,3156074,Nitrats
after_2007,0006,0014,F011343,Tremp-Isona - 25077-0001,359493,4673802,3156075,Nitrits
after_2007,0006,0014,F011373,"Al·luvials del Ter Mig, Brugent i Llémena - 17008-0027",470427.4,4645508.5,3280004,Nitrits
after_2007,0006,0014,F011373,"Al·luvials del Ter Mig, Brugent i Llémena - 17008-0027",470427.4,4645508.5,3280005,Nitrats
after_2007,0006,0014,F011373,"Al·luvials del Ter Mig, Brugent i Llémena - 17008-0027",470427.4,4645508.5,3280011,Amoni
after_2007,0006,0014,F011373,"Al·luvials del Ter Mig, Brugent i Llémena - 17008-0027",470427.4,4645508.5,3280031,Fosfats
after_2007,0006,0014,F011385,Serres marginals catalanes - 25037-0003,310317.18,4645148.66,3157784,Amoni
after_2007,0006,0014,F011385,Serres marginals catalanes - 25037-0003,310317.18,4645148.66,3157791,Fosfats
after_2007,0006,0014,F011385,Serres marginals catalanes - 25037-0003,310317.18,4645148.66,3157808,Nitrats
after_2007,0006,0014,F011385,Serres marginals catalanes - 25037-0003,310317.18,4645148.66,3157809,Nitrits
after_2007,0006,0014,F011393,Llaberia - Prades meridional - 43081-0001,335012.38,4560935.44,3231380,Nitrits
after_2007,0006,0014,F011393,Llaberia - Prades meridional - 43081-0001,335012.38,4560935.44,3231381,Nitrats
after_2007,0006,0014,F011393,Llaberia - Prades meridional - 43081-0001,335012.38,4560935.44,3231388,Amoni
after_2007,0006,0014,F011393,Llaberia - Prades meridional - 43081-0001,335012.38,4560935.44,3231408,Fosfats
after_2007,0006,0014,F011470,Tremp-Isona - 25062-0010,324856,4655823,3224881,Amoni
after_2007,0006,0014,F011470,Tremp-Isona - 25062-0010,324856,4655823,3224888,Fosfats
after_2007,0006,0014,F011470,Tremp-Isona - 25062-0010,324856,4655823,3224905,Nitrats
after_2007,0006,0014,F011470,Tremp-Isona - 25062-0010,324856,4655823,3224906,Nitrits
after_2007,0006,0014,F011506,Sorres de Santa Oliva - 43140-0056,377939.69,4567277.03,3234918,Nitrits
after_2007,0006,0014,F011506,Sorres de Santa Oliva - 43140-0056,377939.69,4567277.03,3234919,Nitrats
after_2007,0006,0014,F011506,Sorres de Santa Oliva - 43140-0056,377939.69,4567277.03,3234926,Amoni
after_2007,0006,0014,F011506,Sorres de Santa Oliva - 43140-0056,377939.69,4567277.03,3234946,Fosfats
after_2007,0006,0014,F011511,Fluviovolcànic de la Garrotxa - 17114-0016,458145,4672531,4139560,Nitrits
after_2007,0006,0014,F011511,Fluviovolcànic de la Garrotxa - 17114-0016,458145,4672531,4139561,Nitrats
after_2007,0006,0014,F011511,Fluviovolcànic de la Garrotxa - 17114-0016,458145,4672531,4139566,Amoni
after_2007,0006,0014,F011511,Fluviovolcànic de la Garrotxa - 17114-0016,458145,4672531,4139572,Fosfats
after_2007,0006,0014,F011515,Fluviovolcànic de la Garrotxa - 17184-0016,465957,4666027,3382420,Nitrits
after_2007,0006,0014,F011515,Fluviovolcànic de la Garrotxa - 17184-0016,465957,4666027,3382421,Nitrats
after_2007,0006,0014,F011515,Fluviovolcànic de la Garrotxa - 17184-0016,465957,4666027,3382427,Amoni
after_2007,0006,0014,F011515,Fluviovolcànic de la Garrotxa - 17184-0016,465957,4666027,3382433,Fosfats
after_2007,0006,0014,F011516,Fluviovolcànic de la Garrotxa - 17207-0031,453612,4665846,4138059,Nitrits
after_2007,0006,0014,F011516,Fluviovolcànic de la Garrotxa - 17207-0031,453612,4665846,4138060,Nitrats
after_2007,0006,0014,F011516,Fluviovolcànic de la Garrotxa - 17207-0031,453612,4665846,4138065,Amoni
after_2007,0006,0014,F011516,Fluviovolcànic de la Garrotxa - 17207-0031,453612,4665846,4138467,Fosfats
after_2007,0006,0014,F011518,Fluviovolcànic de la Garrotxa - 17207-0085,454415,4661981,4138089,Nitrits
after_2007,0006,0014,F011518,Fluviovolcànic de la Garrotxa - 17207-0085,454415,4661981,4138090,Nitrats
after_2007,0006,0014,F011518,Fluviovolcànic de la Garrotxa - 17207-0085,454415,4661981,4138091,Amoni
after_2007,0006,0014,F011518,Fluviovolcànic de la Garrotxa - 17207-0085,454415,4661981,4139140,Fosfats
after_2007,0006,0014,F011519,Fluviovolcànic de la Garrotxa - 17207-0086,453617,4664226,4138093,Nitrits
after_2007,0006,0014,F011519,Fluviovolcànic de la Garrotxa - 17207-0086,453617,4664226,4138094,Nitrats
after_2007,0006,0014,F011519,Fluviovolcànic de la Garrotxa - 17207-0086,453617,4664226,4138095,Amoni
after_2007,0006,0014,F011519,Fluviovolcànic de la Garrotxa - 17207-0086,453617,4664226,4139141,Fosfats
after_2007,0006,0014,F011520,Fluviovolcànic de la Garrotxa - 17207-0087,454177.4,4668218.4,4138097,Nitrits
after_2007,0006,0014,F011520,Fluviovolcànic de la Garrotxa - 17207-0087,454177.4,4668218.4,4138098,Nitrats
after_2007,0006,0014,F011520,Fluviovolcànic de la Garrotxa - 17207-0087,454177.4,4668218.4,4138099,Amoni
after_2007,0006,0014,F011520,Fluviovolcànic de la Garrotxa - 17207-0087,454177.4,4668218.4,4138468,Fosfats
after_2007,0006,0014,F011521,Baixa Garrotxa-Pla de l'Estany - 17165-0009,467587.64,4673370.51,4466160,Nitrits
after_2007,0006,0014,F011521,Baixa Garrotxa-Pla de l'Estany - 17165-0009,467587.64,4673370.51,4466161,Nitrats
after_2007,0006,0014,F011521,Baixa Garrotxa-Pla de l'Estany - 17165-0009,467587.64,4673370.51,4466162,Amoni
after_2007,0006,0014,F011521,Baixa Garrotxa-Pla de l'Estany - 17165-0009,467587.64,4673370.51,4466163,Fosfats
after_2007,0006,0014,F011523,Fluviovolcànic de la Garrotxa - 17207-0050,453799.16,4669093.61,4140244,Nitrits
after_2007,0006,0014,F011523,Fluviovolcànic de la Garrotxa - 17207-0050,453799.16,4669093.61,4140245,Nitrats
after_2007,0006,0014,F011523,Fluviovolcànic de la Garrotxa - 17207-0050,453799.16,4669093.61,4140250,Amoni
after_2007,0006,0014,F011523,Fluviovolcànic de la Garrotxa - 17207-0050,453799.16,4669093.61,4140256,Fosfats
after_2007,0006,0014,F011524,Fluviovolcànic de la Garrotxa - 17184-0049,463596.88,4666076.53,4138051,Nitrits
after_2007,0006,0014,F011524,Fluviovolcànic de la Garrotxa - 17184-0049,463596.88,4666076.53,4138052,Nitrats
after_2007,0006,0014,F011524,Fluviovolcànic de la Garrotxa - 17184-0049,463596.88,4666076.53,4138053,Amoni
after_2007,0006,0014,F011524,Fluviovolcànic de la Garrotxa - 17184-0049,463596.88,4666076.53,4138466,Fosfats
after_2007,0006,0014,F011525,Fluviovolcànic de la Garrotxa - 17208-0052,456831.62,4673322.39,3314046,Nitrats
after_2007,0006,0014,F011525,Fluviovolcànic de la Garrotxa - 17208-0052,456831.62,4673322.39,3314124,Nitrits
after_2007,0006,0014,F011525,Fluviovolcànic de la Garrotxa - 17208-0052,456831.62,4673322.39,4450537,Amoni
after_2007,0006,0014,F011525,Fluviovolcànic de la Garrotxa - 17208-0052,456831.62,4673322.39,4450538,Fosfats
after_2007,0006,0014,F011528,Fluviovolcànic de la Garrotxa - 17207-0092,453879.57,4666681.31,4141357,Nitrits
after_2007,0006,0014,F011528,Fluviovolcànic de la Garrotxa - 17207-0092,453879.57,4666681.31,4141358,Nitrats
after_2007,0006,0014,F011528,Fluviovolcànic de la Garrotxa - 17207-0092,453879.57,4666681.31,4141359,Amoni
after_2007,0006,0014,F011528,Fluviovolcànic de la Garrotxa - 17207-0092,453879.57,4666681.31,4141360,Fosfats
after_2007,0006,0014,F011530,Fluviovolcànic de la Garrotxa - 17208-0040,455654,4673570,4462463,Nitrits
after_2007,0006,0014,F011530,Fluviovolcànic de la Garrotxa - 17208-0040,455654,4673570,4462464,Nitrats
after_2007,0006,0014,F011530,Fluviovolcànic de la Garrotxa - 17208-0040,455654,4673570,4462465,Amoni
after_2007,0006,0014,F011530,Fluviovolcànic de la Garrotxa - 17208-0040,455654,4673570,4462466,Fosfats
after_2007,0006,0014,F011534,Baixa Garrotxa-Pla de l'Estany - 17109-0025,467427.16,4675772.02,4137970,Nitrits
after_2007,0006,0014,F011534,Baixa Garrotxa-Pla de l'Estany - 17109-0025,467427.16,4675772.02,4137971,Nitrats
after_2007,0006,0014,F011534,Baixa Garrotxa-Pla de l'Estany - 17109-0025,467427.16,4675772.02,4137976,Amoni
after_2007,0006,0014,F011534,Baixa Garrotxa-Pla de l'Estany - 17109-0025,467427.16,4675772.02,4138464,Fosfats
after_2007,0006,0014,F011537,Fluviovolcànic de la Garrotxa - 17114-0081,457349.58,4667523.28,4139879,Nitrits
after_2007,0006,0014,F011537,Fluviovolcànic de la Garrotxa - 17114-0081,457349.58,4667523.28,4139880,Nitrats
after_2007,0006,0014,F011537,Fluviovolcànic de la Garrotxa - 17114-0081,457349.58,4667523.28,4139881,Amoni
after_2007,0006,0014,F011537,Fluviovolcànic de la Garrotxa - 17114-0081,457349.58,4667523.28,4139882,Fosfats
after_2007,0006,0014,F011571,Al·luvial de Tortosa - 43155-0642,290639,4518211,3225587,Amoni
after_2007,0006,0014,F011571,Al·luvial de Tortosa - 43155-0642,290639,4518211,3225612,Nitrats
after_2007,0006,0014,F011571,Al·luvial de Tortosa - 43155-0642,290639,4518211,3225613,Nitrits
after_2007,0006,0014,F011571,Al·luvial de Tortosa - 43155-0642,290639,4518211,3295236,Fosfats
after_2007,0006,0014,F011574,Delta de l'Ebre - 43901-0006,308343,4510766,3229880,Nitrits
after_2007,0006,0014,F011574,Delta de l'Ebre - 43901-0006,308343,4510766,3229881,Nitrats
after_2007,0006,0014,F011574,Delta de l'Ebre - 43901-0006,308343,4510766,3229888,Amoni
after_2007,0006,0014,F011574,Delta de l'Ebre - 43901-0006,308343,4510766,3295813,Fosfats
after_2007,0006,0014,F011626,Plana de Vic - Collsacabra - 08100-0035,440097.4,4647262.68,3307583,Nitrits
after_2007,0006,0014,F011626,Plana de Vic - Collsacabra - 08100-0035,440097.4,4647262.68,3307584,Nitrats
after_2007,0006,0014,F011626,Plana de Vic - Collsacabra - 08100-0035,440097.4,4647262.68,3307585,Amoni
after_2007,0006,0014,F011626,Plana de Vic - Collsacabra - 08100-0035,440097.4,4647262.68,3307587,Fosfats
after_2007,0006,0014,F011665,Fluviovolcànic de la Garrotxa - 17114-0076,459660,4670808,4139301,Nitrits
after_2007,0006,0014,F011665,Fluviovolcànic de la Garrotxa - 17114-0076,459660,4670808,4139302,Nitrats
after_2007,0006,0014,F011665,Fluviovolcànic de la Garrotxa - 17114-0076,459660,4670808,4139307,Amoni
after_2007,0006,0014,F011665,Fluviovolcànic de la Garrotxa - 17114-0076,459660,4670808,4165430,Fosfats
after_2007,0006,0014,F011666,Fluviovolcànic de la Garrotxa - 17139-0021,455856,4667374,4142175,Nitrits
after_2007,0006,0014,F011666,Fluviovolcànic de la Garrotxa - 17139-0021,455856,4667374,4142176,Nitrats
after_2007,0006,0014,F011666,Fluviovolcànic de la Garrotxa - 17139-0021,455856,4667374,4142177,Amoni
after_2007,0006,0014,F011666,Fluviovolcànic de la Garrotxa - 17139-0021,455856,4667374,4142178,Fosfats
after_2007,0006,0014,F011668,Fluviovolcànic de la Garrotxa - 17185-0047,458154,4673738,3312933,Amoni
after_2007,0006,0014,F011668,Fluviovolcànic de la Garrotxa - 17185-0047,458154,4673738,3314068,Nitrats
after_2007,0006,0014,F011668,Fluviovolcànic de la Garrotxa - 17185-0047,458154,4673738,3314130,Nitrits
after_2007,0006,0014,F011668,Fluviovolcànic de la Garrotxa - 17185-0047,458154,4673738,4139157,Fosfats
after_2007,0006,0014,F011735,Al·luvials de la baixa i delta de la Tordera - 17023-0024,481044,4612397,3227646,Amoni
after_2007,0006,0014,F011735,Al·luvials de la baixa i delta de la Tordera - 17023-0024,481044,4612397,3227658,Fosfats
after_2007,0006,0014,F011735,Al·luvials de la baixa i delta de la Tordera - 17023-0024,481044,4612397,3227675,Nitrats
after_2007,0006,0014,F011735,Al·luvials de la baixa i delta de la Tordera - 17023-0024,481044,4612397,3227676,Nitrits
after_2007,0006,0014,F011741,Delta de l'Ebre - 43014-0009,300538,4508151,3225429,Amoni
after_2007,0006,0014,F011741,Delta de l'Ebre - 43014-0009,300538,4508151,3225454,Nitrats
after_2007,0006,0014,F011741,Delta de l'Ebre - 43014-0009,300538,4508151,3225455,Nitrits
after_2007,0006,0014,F011741,Delta de l'Ebre - 43014-0009,300538,4508151,3295424,Fosfats
after_2007,0006,0014,F011743,Delta de l'Ebre - 43014-0517,296571,4506730,3225464,Amoni
after_2007,0006,0014,F011743,Delta de l'Ebre - 43014-0517,296571,4506730,3225489,Nitrats
after_2007,0006,0014,F011743,Delta de l'Ebre - 43014-0517,296571,4506730,3225490,Nitrits
after_2007,0006,0014,F011743,Delta de l'Ebre - 43014-0517,296571,4506730,3295464,Fosfats
after_2007,0006,0014,F011743,Delta de l'Ebre - 43014-0517,296571,4506730,3379555,Amoni (camp)
after_2007,0006,0014,F011743,Delta de l'Ebre - 43014-0517,296571,4506730,3379763,Nitrats (camp)
after_2007,0006,0014,F011743,Delta de l'Ebre - 43014-0517,296571,4506730,3379829,Nitrits (camp)
after_2007,0006,0014,F011744,Delta de l'Ebre - 43136-0028,297500,4501452,3229763,Nitrits
after_2007,0006,0014,F011744,Delta de l'Ebre - 43136-0028,297500,4501452,3229764,Nitrats
after_2007,0006,0014,F011744,Delta de l'Ebre - 43136-0028,297500,4501452,3229771,Amoni
after_2007,0006,0014,F011744,Delta de l'Ebre - 43136-0028,297500,4501452,3295219,Fosfats
after_2007,0006,0014,F011746,Al·luvial de Tortosa - 43155-0658,290932,4526807,3225905,Amoni
after_2007,0006,0014,F011746,Al·luvial de Tortosa - 43155-0658,290932,4526807,3225930,Nitrats
after_2007,0006,0014,F011746,Al·luvial de Tortosa - 43155-0658,290932,4526807,3225931,Nitrits
after_2007,0006,0014,F011746,Al·luvial de Tortosa - 43155-0658,290932,4526807,3295240,Fosfats
after_2007,0006,0014,F011749,Detrític neogen de l'Empordà - 17218-0011,490033,4659302,3272552,Nitrits
after_2007,0006,0014,F011749,Detrític neogen de l'Empordà - 17218-0011,490033,4659302,3272553,Nitrats
after_2007,0006,0014,F011749,Detrític neogen de l'Empordà - 17218-0011,490033,4659302,3272554,Amoni
after_2007,0006,0014,F011749,Detrític neogen de l'Empordà - 17218-0011,490033,4659302,3272555,Fosfats
after_2007,0006,0014,F011753,Priorat - 43009-0077,323251.08,4561982.1,3225702,Amoni
after_2007,0006,0014,F011753,Priorat - 43009-0077,323251.08,4561982.1,3225727,Nitrats
after_2007,0006,0014,F011753,Priorat - 43009-0077,323251.08,4561982.1,3225728,Nitrits
after_2007,0006,0014,F011753,Priorat - 43009-0077,323251.08,4561982.1,3295417,Fosfats
after_2007,0006,0014,F011754,Al·luvial de Tortosa - 43149-0003,288918,4530398,3225848,Amoni
after_2007,0006,0014,F011754,Al·luvial de Tortosa - 43149-0003,288918,4530398,3225873,Nitrats
after_2007,0006,0014,F011754,Al·luvial de Tortosa - 43149-0003,288918,4530398,3225874,Nitrits
after_2007,0006,0014,F011754,Al·luvial de Tortosa - 43149-0003,288918,4530398,3295601,Fosfats
after_2007,0006,0014,F011755,Maresme - 08003-0009,442039.9,4593418.34,3228885,Amoni
after_2007,0006,0014,F011755,Maresme - 08003-0009,442039.9,4593418.34,3228886,Fosfats
after_2007,0006,0014,F011755,Maresme - 08003-0009,442039.9,4593418.34,3228887,Nitrats
after_2007,0006,0014,F011755,Maresme - 08003-0009,442039.9,4593418.34,3228888,Nitrits
after_2007,0006,0014,F011756,Maresme - 08003-0019,441541.99,4593420.59,3228889,Amoni
after_2007,0006,0014,F011756,Maresme - 08003-0019,441541.99,4593420.59,3228890,Fosfats
after_2007,0006,0014,F011756,Maresme - 08003-0019,441541.99,4593420.59,3228891,Nitrats
after_2007,0006,0014,F011756,Maresme - 08003-0019,441541.99,4593420.59,3228892,Nitrits
after_2007,0006,0014,F011763,Maresme - 08214-0031,446651,4596114,3231506,Nitrits
after_2007,0006,0014,F011763,Maresme - 08214-0031,446651,4596114,3231507,Nitrats
after_2007,0006,0014,F011763,Maresme - 08214-0031,446651,4596114,3231514,Amoni
after_2007,0006,0014,F011763,Maresme - 08214-0031,446651,4596114,3231534,Fosfats
after_2007,0006,0014,F011764,Maresme - 08006-0035,462214,4603413,3229041,Amoni
after_2007,0006,0014,F011764,Maresme - 08006-0035,462214,4603413,3229042,Fosfats
after_2007,0006,0014,F011764,Maresme - 08006-0035,462214,4603413,3229043,Nitrats
after_2007,0006,0014,F011764,Maresme - 08006-0035,462214,4603413,3229044,Nitrits
after_2007,0006,0014,F011767,Fossa de Móra - 43064-0005,287493.39,4546197.68,3295552,Nitrits
after_2007,0006,0014,F011767,Fossa de Móra - 43064-0005,287493.39,4546197.68,3295553,Nitrats
after_2007,0006,0014,F011767,Fossa de Móra - 43064-0005,287493.39,4546197.68,3295559,Amoni
after_2007,0006,0014,F011767,Fossa de Móra - 43064-0005,287493.39,4546197.68,3295579,Fosfats
after_2007,0006,0014,F011775,Fossa de Móra - 43085-0004,306542.53,4560146.56,1672265,Amoni
after_2007,0006,0014,F011775,Fossa de Móra - 43085-0004,306542.53,4560146.56,1693130,Nitrats
after_2007,0006,0014,F011775,Fossa de Móra - 43085-0004,306542.53,4560146.56,2682131,Nitrits
after_2007,0006,0014,F011775,Fossa de Móra - 43085-0004,306542.53,4560146.56,3295587,Fosfats
after_2007,0006,0014,F011777,Mesozoic de la Galera - 43068-0022,285923,4505273,3388425,Nitrits
after_2007,0006,0014,F011777,Mesozoic de la Galera - 43068-0022,285923,4505273,3388426,Nitrats
after_2007,0006,0014,F011777,Mesozoic de la Galera - 43068-0022,285923,4505273,3388427,Amoni
after_2007,0006,0014,F011777,Mesozoic de la Galera - 43068-0022,285923,4505273,3388428,Fosfats
after_2007,0006,0014,F011789,Fluviodeltaic del Baix Ter - 17199-0006,513002,4652295,3229315,Amoni
after_2007,0006,0014,F011789,Fluviodeltaic del Baix Ter - 17199-0006,513002,4652295,3229316,Fosfats
after_2007,0006,0014,F011789,Fluviodeltaic del Baix Ter - 17199-0006,513002,4652295,3229317,Nitrats
after_2007,0006,0014,F011789,Fluviodeltaic del Baix Ter - 17199-0006,513002,4652295,3229318,Nitrits
after_2007,0006,0014,F011805,Baix Camp - 43178-0029,337535,4549608,3229871,Nitrits
after_2007,0006,0014,F011805,Baix Camp - 43178-0029,337535,4549608,3229872,Nitrats
after_2007,0006,0014,F011805,Baix Camp - 43178-0029,337535,4549608,3229873,Amoni
after_2007,0006,0014,F011805,Baix Camp - 43178-0029,337535,4549608,3229874,Fosfats
after_2007,0006,0014,F011819,Baix Camp - 43007-0084,336332,4560734,3231567,Nitrits
after_2007,0006,0014,F011819,Baix Camp - 43007-0084,336332,4560734,3231568,Nitrats
after_2007,0006,0014,F011819,Baix Camp - 43007-0084,336332,4560734,3231569,Amoni
after_2007,0006,0014,F011819,Baix Camp - 43007-0084,336332,4560734,3231570,Fosfats
after_2007,0006,0014,F011820,Fluviodeltaic del Fluvià - Muga - 17074-0011,502474.71,4676194.25,3231541,Nitrits
after_2007,0006,0014,F011820,Fluviodeltaic del Fluvià - Muga - 17074-0011,502474.71,4676194.25,3231542,Nitrats
after_2007,0006,0014,F011820,Fluviodeltaic del Fluvià - Muga - 17074-0011,502474.71,4676194.25,3231543,Amoni
after_2007,0006,0014,F011820,Fluviodeltaic del Fluvià - Muga - 17074-0011,502474.71,4676194.25,3231544,Fosfats
after_2007,0006,0014,F011825,Calcàries de Tàrrega - 25911-0006,351832.18,4619057.78,3231556,Nitrits
after_2007,0006,0014,F011825,Calcàries de Tàrrega - 25911-0006,351832.18,4619057.78,3231557,Nitrats
after_2007,0006,0014,F011825,Calcàries de Tàrrega - 25911-0006,351832.18,4619057.78,3231558,Amoni
after_2007,0006,0014,F011825,Calcàries de Tàrrega - 25911-0006,351832.18,4619057.78,3231559,Fosfats
after_2007,0006,0014,F011830,Al·luvial d'Urgell - 25137-0035,324129.73,4609577.9,3231551,Nitrits
after_2007,0006,0014,F011830,Al·luvial d'Urgell - 25137-0035,324129.73,4609577.9,3231552,Nitrats
after_2007,0006,0014,F011830,Al·luvial d'Urgell - 25137-0035,324129.73,4609577.9,3231553,Amoni
after_2007,0006,0014,F011830,Al·luvial d'Urgell - 25137-0035,324129.73,4609577.9,3231554,Fosfats
after_2007,0006,0014,F011872,Calcàries de Tàrrega - 25072-0022,358020,4619374,3234894,Nitrits
after_2007,0006,0014,F011872,Calcàries de Tàrrega - 25072-0022,358020,4619374,3234895,Nitrats
after_2007,0006,0014,F011872,Calcàries de Tàrrega - 25072-0022,358020,4619374,3234896,Amoni
after_2007,0006,0014,F011872,Calcàries de Tàrrega - 25072-0022,358020,4619374,3234897,Fosfats
after_2007,0006,0014,F011873,Fluviodeltaic del Baix Ter - 17191-0011,506232,4653068,3231757,Nitrits
after_2007,0006,0014,F011873,Fluviodeltaic del Baix Ter - 17191-0011,506232,4653068,3231758,Nitrats
after_2007,0006,0014,F011873,Fluviodeltaic del Baix Ter - 17191-0011,506232,4653068,3231759,Amoni
after_2007,0006,0014,F011873,Fluviodeltaic del Baix Ter - 17191-0011,506232,4653068,3231760,Fosfats
after_2007,0006,0014,F011894,Detrític neogen del Vallès - 08156-0038,432284.28,4606084.08,3234832,Nitrits
after_2007,0006,0014,F011894,Detrític neogen del Vallès - 08156-0038,432284.28,4606084.08,3234833,Nitrats
after_2007,0006,0014,F011894,Detrític neogen del Vallès - 08156-0038,432284.28,4606084.08,3234834,Amoni
after_2007,0006,0014,F011894,Detrític neogen del Vallès - 08156-0038,432284.28,4606084.08,3234835,Fosfats
after_2007,0006,0014,F011928,Detrític neogen de l'Empordà - 17136-0013,492595.66,4671534.32,3235468,Nitrits
after_2007,0006,0014,F011928,Detrític neogen de l'Empordà - 17136-0013,492595.66,4671534.32,3235469,Nitrats
after_2007,0006,0014,F011928,Detrític neogen de l'Empordà - 17136-0013,492595.66,4671534.32,3235470,Amoni
after_2007,0006,0014,F011928,Detrític neogen de l'Empordà - 17136-0013,492595.66,4671534.32,3235471,Fosfats
after_2007,0006,0014,F011929,Maresme - 08009-0080,449500,4601873,3234798,Nitrits
after_2007,0006,0014,F011929,Maresme - 08009-0080,449500,4601873,3234799,Nitrats
after_2007,0006,0014,F011929,Maresme - 08009-0080,449500,4601873,3234800,Amoni
after_2007,0006,0014,F011929,Maresme - 08009-0080,449500,4601873,3234801,Fosfats
after_2007,0006,0014,F011930,Alta Anoia - 08031-0003,376183,4621488,3234803,Nitrits
after_2007,0006,0014,F011930,Alta Anoia - 08031-0003,376183,4621488,3234804,Nitrats
after_2007,0006,0014,F011930,Alta Anoia - 08031-0003,376183,4621488,3234805,Amoni
after_2007,0006,0014,F011930,Alta Anoia - 08031-0003,376183,4621488,3234806,Fosfats
after_2007,0006,0014,F011935,Maresme - 08006-0003,461855.1,4603304.45,3271985,Nitrits
after_2007,0006,0014,F011935,Maresme - 08006-0003,461855.1,4603304.45,3271986,Nitrats
after_2007,0006,0014,F011935,Maresme - 08006-0003,461855.1,4603304.45,3271987,Amoni
after_2007,0006,0014,F011935,Maresme - 08006-0003,461855.1,4603304.45,3271988,Fosfats
after_2007,0006,0014,F012574,Maresme - 08007-0066,461518.86,4607552.95,3271624,Nitrits
after_2007,0006,0014,F012574,Maresme - 08007-0066,461518.86,4607552.95,3271625,Nitrats
after_2007,0006,0014,F012574,Maresme - 08007-0066,461518.86,4607552.95,3271626,Amoni
after_2007,0006,0014,F012574,Maresme - 08007-0066,461518.86,4607552.95,3271627,Fosfats
after_2007,0006,0014,F012575,Maresme - 08007-0091,459367.12,4607375.47,3271628,Nitrits
after_2007,0006,0014,F012575,Maresme - 08007-0091,459367.12,4607375.47,3271629,Nitrats
after_2007,0006,0014,F012575,Maresme - 08007-0091,459367.12,4607375.47,3271630,Amoni
after_2007,0006,0014,F012575,Maresme - 08007-0091,459367.12,4607375.47,3271631,Fosfats
after_2007,0006,0014,F012576,Maresme - 08029-0050,450457.03,4596563.52,3271990,Nitrits
after_2007,0006,0014,F012576,Maresme - 08029-0050,450457.03,4596563.52,3271991,Nitrats
after_2007,0006,0014,F012576,Maresme - 08029-0050,450457.03,4596563.52,3271992,Amoni
after_2007,0006,0014,F012576,Maresme - 08029-0050,450457.03,4596563.52,3271993,Fosfats
after_2007,0006,0014,F012577,Maresme - 08118-0023,441525.98,4591740.58,3271670,Nitrits
after_2007,0006,0014,F012577,Maresme - 08118-0023,441525.98,4591740.58,3271671,Nitrats
after_2007,0006,0014,F012577,Maresme - 08118-0023,441525.98,4591740.58,3271672,Amoni
after_2007,0006,0014,F012577,Maresme - 08118-0023,441525.98,4591740.58,3271673,Fosfats
after_2007,0006,0014,F012579,Maresme - 08121-0033,454396.06,4599788.5,3272130,Nitrits
after_2007,0006,0014,F012579,Maresme - 08121-0033,454396.06,4599788.5,3272131,Nitrats
after_2007,0006,0014,F012579,Maresme - 08121-0033,454396.06,4599788.5,3272132,Amoni
after_2007,0006,0014,F012579,Maresme - 08121-0033,454396.06,4599788.5,3272133,Fosfats
after_2007,0006,0014,F012586,Fluviodeltaic del Baix Ter - 17126-0008,503463,4652390,3273899,Nitrits
after_2007,0006,0014,F012586,Fluviodeltaic del Baix Ter - 17126-0008,503463,4652390,3273900,Nitrats
after_2007,0006,0014,F012586,Fluviodeltaic del Baix Ter - 17126-0008,503463,4652390,3273901,Amoni
after_2007,0006,0014,F012586,Fluviodeltaic del Baix Ter - 17126-0008,503463,4652390,3273902,Fosfats
after_2007,0006,0014,F012627,Alt Camp - 43098-0005,356366,4568503,3273906,Nitrits
after_2007,0006,0014,F012627,Alt Camp - 43098-0005,356366,4568503,3273907,Nitrats
after_2007,0006,0014,F012627,Alt Camp - 43098-0005,356366,4568503,3273908,Amoni
after_2007,0006,0014,F012627,Alt Camp - 43098-0005,356366,4568503,3273909,Fosfats
after_2007,0006,0014,F012639,Plioquaternari de l'Onyar - 17150-0035,483826.39,4637950.33,3275553,Nitrits
after_2007,0006,0014,F012639,Plioquaternari de l'Onyar - 17150-0035,483826.39,4637950.33,3275554,Nitrats
after_2007,0006,0014,F012639,Plioquaternari de l'Onyar - 17150-0035,483826.39,4637950.33,3275560,Amoni
after_2007,0006,0014,F012639,Plioquaternari de l'Onyar - 17150-0035,483826.39,4637950.33,3275580,Fosfats
after_2007,0006,0014,F012665,Plioquaternari de l'Onyar - 17038-0005,487203,4639312,3319496,Nitrits
after_2007,0006,0014,F012665,Plioquaternari de l'Onyar - 17038-0005,487203,4639312,3319497,Nitrats
after_2007,0006,0014,F012665,Plioquaternari de l'Onyar - 17038-0005,487203,4639312,3319503,Amoni
after_2007,0006,0014,F012665,Plioquaternari de l'Onyar - 17038-0005,487203,4639312,3319523,Fosfats
after_2007,0006,0014,F012666,Plana de Vic - Collsacabra - 08254-0053,447266,4655533,3279167,Nitrits
after_2007,0006,0014,F012666,Plana de Vic - Collsacabra - 08254-0053,447266,4655533,3279168,Nitrats
after_2007,0006,0014,F012666,Plana de Vic - Collsacabra - 08254-0053,447266,4655533,3279169,Amoni
after_2007,0006,0014,F012666,Plana de Vic - Collsacabra - 08254-0053,447266,4655533,3279170,Fosfats
after_2007,0006,0014,F012667,Plioquaternari de l'Onyar - 17079-0034,483806,4645012,3319561,Nitrits
after_2007,0006,0014,F012667,Plioquaternari de l'Onyar - 17079-0034,483806,4645012,3319562,Nitrats
after_2007,0006,0014,F012667,Plioquaternari de l'Onyar - 17079-0034,483806,4645012,3319563,Amoni
after_2007,0006,0014,F012667,Plioquaternari de l'Onyar - 17079-0034,483806,4645012,3319564,Fosfats
after_2007,0006,0014,F012668,Llaberia - Prades meridional - 43167-0013,328405.5,4552396.38,3279251,Nitrits
after_2007,0006,0014,F012668,Llaberia - Prades meridional - 43167-0013,328405.5,4552396.38,3279252,Nitrats
after_2007,0006,0014,F012668,Llaberia - Prades meridional - 43167-0013,328405.5,4552396.38,3279253,Amoni
after_2007,0006,0014,F012668,Llaberia - Prades meridional - 43167-0013,328405.5,4552396.38,3297424,Fosfats
after_2007,0006,0014,F012694,Calcàries de Tàrrega - 25219-0001,356870.77,4621480.67,3280422,Nitrits
after_2007,0006,0014,F012694,Calcàries de Tàrrega - 25219-0001,356870.77,4621480.67,3280423,Nitrats
after_2007,0006,0014,F012694,Calcàries de Tàrrega - 25219-0001,356870.77,4621480.67,3280424,Amoni
after_2007,0006,0014,F012694,Calcàries de Tàrrega - 25219-0001,356870.77,4621480.67,3280425,Fosfats
after_2007,0006,0014,F012695,Garraf - 08058-0019,382807.93,4567701.32,3279015,Nitrits
after_2007,0006,0014,F012695,Garraf - 08058-0019,382807.93,4567701.32,3279016,Nitrats
after_2007,0006,0014,F012695,Garraf - 08058-0019,382807.93,4567701.32,3279017,Amoni
after_2007,0006,0014,F012695,Garraf - 08058-0019,382807.93,4567701.32,3279018,Fosfats
after_2007,0006,0014,F012696,Sorres de Santa Oliva - 43020-0021,379670.72,4569854.02,3279244,Nitrits
after_2007,0006,0014,F012696,Sorres de Santa Oliva - 43020-0021,379670.72,4569854.02,3279245,Nitrats
after_2007,0006,0014,F012696,Sorres de Santa Oliva - 43020-0021,379670.72,4569854.02,3279246,Amoni
after_2007,0006,0014,F012696,Sorres de Santa Oliva - 43020-0021,379670.72,4569854.02,3279247,Fosfats
after_2007,0006,0014,F012708,Calcàries de Tàrrega - 25085-0014,366144.85,4616227.69,3279780,Nitrits
after_2007,0006,0014,F012708,Calcàries de Tàrrega - 25085-0014,366144.85,4616227.69,3279781,Nitrats
after_2007,0006,0014,F012708,Calcàries de Tàrrega - 25085-0014,366144.85,4616227.69,3279782,Amoni
after_2007,0006,0014,F012708,Calcàries de Tàrrega - 25085-0014,366144.85,4616227.69,3279783,Fosfats
after_2007,0006,0014,F012807,Al·luvial d'Urgell - 25027-0007,337205.77,4615975.52,3280177,Nitrits
after_2007,0006,0014,F012807,Al·luvial d'Urgell - 25027-0007,337205.77,4615975.52,3280178,Nitrats
after_2007,0006,0014,F012807,Al·luvial d'Urgell - 25027-0007,337205.77,4615975.52,3280184,Amoni
after_2007,0006,0014,F012807,Al·luvial d'Urgell - 25027-0007,337205.77,4615975.52,3280204,Fosfats
after_2007,0006,0014,F012936,Massís Axial Pirenaic_Cat - 25025-0006,332678.51,4730190.74,3283982,Nitrits
after_2007,0006,0014,F012936,Massís Axial Pirenaic_Cat - 25025-0006,332678.51,4730190.74,3283983,Nitrats
after_2007,0006,0014,F012936,Massís Axial Pirenaic_Cat - 25025-0006,332678.51,4730190.74,3283989,Amoni
after_2007,0006,0014,F012936,Massís Axial Pirenaic_Cat - 25025-0006,332678.51,4730190.74,3284009,Fosfats
after_2007,0006,0014,F012943,N/D - Subterrània - 25150-0001,352963,4639331,3292813,Nitrits
after_2007,0006,0014,F012943,N/D - Subterrània - 25150-0001,352963,4639331,3292814,Nitrats
after_2007,0006,0014,F012943,N/D - Subterrània - 25150-0001,352963,4639331,3292820,Amoni
after_2007,0006,0014,F012943,N/D - Subterrània - 25150-0001,352963,4639331,3292840,Fosfats
after_2007,0006,0014,F012944,N/D - Subterrània - 25034-0035,342987,4638215,3284023,Nitrits
after_2007,0006,0014,F012944,N/D - Subterrània - 25034-0035,342987,4638215,3284024,Nitrats
after_2007,0006,0014,F012944,N/D - Subterrània - 25034-0035,342987,4638215,3284030,Amoni
after_2007,0006,0014,F012944,N/D - Subterrània - 25034-0035,342987,4638215,3284051,Fosfats
after_2007,0006,0014,F012964,Cadí-Port del Comte - 25148-0021,367856,4666446,3284121,Nitrits
after_2007,0006,0014,F012964,Cadí-Port del Comte - 25148-0021,367856,4666446,3284122,Nitrats
after_2007,0006,0014,F012964,Cadí-Port del Comte - 25148-0021,367856,4666446,3284128,Amoni
after_2007,0006,0014,F012964,Cadí-Port del Comte - 25148-0021,367856,4666446,3284148,Fosfats
after_2007,0006,0014,F012979,La Cerdanya - 17141-0009,412627,4698061,3292398,Nitrits
after_2007,0006,0014,F012979,La Cerdanya - 17141-0009,412627,4698061,3292399,Nitrats
after_2007,0006,0014,F012979,La Cerdanya - 17141-0009,412627,4698061,3292405,Amoni
after_2007,0006,0014,F012979,La Cerdanya - 17141-0009,412627,4698061,3292425,Fosfats
after_2007,0006,0014,F012980,La Cerdanya - 17141-0021,411257,4697657,3283901,Nitrits
after_2007,0006,0014,F012980,La Cerdanya - 17141-0021,411257,4697657,3283902,Nitrats
after_2007,0006,0014,F012980,La Cerdanya - 17141-0021,411257,4697657,3283908,Amoni
after_2007,0006,0014,F012980,La Cerdanya - 17141-0021,411257,4697657,3283928,Fosfats
after_2007,0006,0014,F012982,La Cerdanya - 25051-0029,401297.15,4688144.04,3293305,Nitrits
after_2007,0006,0014,F012982,La Cerdanya - 25051-0029,401297.15,4688144.04,3293306,Nitrats
after_2007,0006,0014,F012982,La Cerdanya - 25051-0029,401297.15,4688144.04,3293312,Amoni
after_2007,0006,0014,F012982,La Cerdanya - 25051-0029,401297.15,4688144.04,3293332,Fosfats
after_2007,0006,0014,F012983,La Cerdanya - 25175-0034,403887.68,4691640.02,3293377,Nitrits
after_2007,0006,0014,F012983,La Cerdanya - 25175-0034,403887.68,4691640.02,3293378,Nitrats
after_2007,0006,0014,F012983,La Cerdanya - 25175-0034,403887.68,4691640.02,3293384,Amoni
after_2007,0006,0014,F012983,La Cerdanya - 25175-0034,403887.68,4691640.02,3293404,Fosfats
after_2007,0006,0014,F012984,Cadí-Port del Comte - 25139-0008,390006.61,4686096.12,3284079,Nitrits
after_2007,0006,0014,F012984,Cadí-Port del Comte - 25139-0008,390006.61,4686096.12,3284080,Nitrats
after_2007,0006,0014,F012984,Cadí-Port del Comte - 25139-0008,390006.61,4686096.12,3284086,Amoni
after_2007,0006,0014,F012984,Cadí-Port del Comte - 25139-0008,390006.61,4686096.12,3284106,Fosfats
after_2007,0006,0014,F013011,N/D - Subterrània - 25253-0003,328498.57,4580915.92,3284485,Nitrits
after_2007,0006,0014,F013011,N/D - Subterrània - 25253-0003,328498.57,4580915.92,3284486,Nitrats
after_2007,0006,0014,F013011,N/D - Subterrània - 25253-0003,328498.57,4580915.92,3284492,Amoni
after_2007,0006,0014,F013011,N/D - Subterrània - 25253-0003,328498.57,4580915.92,4293928,Fosfats
after_2007,0006,0014,F013012,N/D - Subterrània - 25073-0003,321646,4587931,3292773,Nitrits
after_2007,0006,0014,F013012,N/D - Subterrània - 25073-0003,321646,4587931,3292774,Nitrats
after_2007,0006,0014,F013012,N/D - Subterrània - 25073-0003,321646,4587931,3292780,Amoni
after_2007,0006,0014,F013012,N/D - Subterrània - 25073-0003,321646,4587931,4293926,Fosfats
after_2007,0006,0014,F013051,Detrític neogen del Vallès - 08279-0106,417101,4600085.78,3294830,Nitrits
after_2007,0006,0014,F013051,Detrític neogen del Vallès - 08279-0106,417101,4600085.78,3294831,Nitrats
after_2007,0006,0014,F013051,Detrític neogen del Vallès - 08279-0106,417101,4600085.78,3294837,Amoni
after_2007,0006,0014,F013051,Detrític neogen del Vallès - 08279-0106,417101,4600085.78,3294858,Fosfats
after_2007,0006,0014,F013061,Fluviodeltaic del Baix Ter - 17070-0049,506904,4653958,3294869,Nitrits
after_2007,0006,0014,F013061,Fluviodeltaic del Baix Ter - 17070-0049,506904,4653958,3294870,Nitrats
after_2007,0006,0014,F013061,Fluviodeltaic del Baix Ter - 17070-0049,506904,4653958,3294876,Amoni
after_2007,0006,0014,F013061,Fluviodeltaic del Baix Ter - 17070-0049,506904,4653958,3294935,Fosfats
after_2007,0006,0014,F014101,Al·luvial de Tortosa - 43006-0077,289391,4528938,3295080,Nitrits
after_2007,0006,0014,F014101,Al·luvial de Tortosa - 43006-0077,289391,4528938,3295081,Nitrats
after_2007,0006,0014,F014101,Al·luvial de Tortosa - 43006-0077,289391,4528938,3295087,Amoni
after_2007,0006,0014,F014101,Al·luvial de Tortosa - 43006-0077,289391,4528938,3295107,Fosfats
after_2007,0006,0014,F014102,Cardó - Vandellòs - 43149-0054,290666,4531629,3307871,Nitrits
after_2007,0006,0014,F014102,Cardó - Vandellòs - 43149-0054,290666,4531629,3307872,Nitrats
after_2007,0006,0014,F014102,Cardó - Vandellòs - 43149-0054,290666,4531629,3307878,Amoni
after_2007,0006,0014,F014102,Cardó - Vandellòs - 43149-0054,290666,4531629,3307938,Fosfats
after_2007,0006,0014,F014107,Delta de l'Ebre - 43014-0281,297440,4504412,3295433,Nitrits
after_2007,0006,0014,F014107,Delta de l'Ebre - 43014-0281,297440,4504412,3295434,Nitrats
after_2007,0006,0014,F014107,Delta de l'Ebre - 43014-0281,297440,4504412,3295440,Amoni
after_2007,0006,0014,F014107,Delta de l'Ebre - 43014-0281,297440,4504412,3295460,Fosfats
after_2007,0006,0014,F014140,Al·luvials de l'alta i mitjana Tordera - 08259-0015,453956.6,4616654,3295315,Nitrits
after_2007,0006,0014,F014140,Al·luvials de l'alta i mitjana Tordera - 08259-0015,453956.6,4616654,3295316,Nitrats
after_2007,0006,0014,F014140,Al·luvials de l'alta i mitjana Tordera - 08259-0015,453956.6,4616654,3295322,Amoni
after_2007,0006,0014,F014140,Al·luvials de l'alta i mitjana Tordera - 08259-0015,453956.6,4616654,3295371,Fosfats
after_2007,0006,0014,F014168,Maresme - 08193-0011,462503.17,4610002.26,3296132,Nitrits
after_2007,0006,0014,F014168,Maresme - 08193-0011,462503.17,4610002.26,3296133,Nitrats
after_2007,0006,0014,F014168,Maresme - 08193-0011,462503.17,4610002.26,3296134,Amoni
after_2007,0006,0014,F014168,Maresme - 08193-0011,462503.17,4610002.26,3296135,Fosfats
after_2007,0006,0014,F014193,Calcàries de Tàrrega - 25103-0005,349651.09,4612674.41,3362914,Nitrits
after_2007,0006,0014,F014193,Calcàries de Tàrrega - 25103-0005,349651.09,4612674.41,3362915,Nitrats
after_2007,0006,0014,F014193,Calcàries de Tàrrega - 25103-0005,349651.09,4612674.41,3362916,Amoni
after_2007,0006,0014,F014193,Calcàries de Tàrrega - 25103-0005,349651.09,4612674.41,3362917,Fosfats
after_2007,0006,0014,F014233,Calcàries de Tàrrega - 25072-0002,353923,4616211,3307745,Nitrits
after_2007,0006,0014,F014233,Calcàries de Tàrrega - 25072-0002,353923,4616211,3307746,Nitrats
after_2007,0006,0014,F014233,Calcàries de Tàrrega - 25072-0002,353923,4616211,3307747,Amoni
after_2007,0006,0014,F014233,Calcàries de Tàrrega - 25072-0002,353923,4616211,3307748,Fosfats
after_2007,0006,0014,F014234,Calcàries de Tàrrega - 25242-0006,339875,4607945,3322547,Nitrits
after_2007,0006,0014,F014234,Calcàries de Tàrrega - 25242-0006,339875,4607945,3322548,Nitrats
after_2007,0006,0014,F014234,Calcàries de Tàrrega - 25242-0006,339875,4607945,3322549,Amoni
after_2007,0006,0014,F014234,Calcàries de Tàrrega - 25242-0006,339875,4607945,3322550,Fosfats
after_2007,0006,0014,F014304,Al·luvial d'Urgell - 25252-0003,324610,4613171,3312655,Nitrits
after_2007,0006,0014,F014304,Al·luvial d'Urgell - 25252-0003,324610,4613171,3312656,Nitrats
after_2007,0006,0014,F014304,Al·luvial d'Urgell - 25252-0003,324610,4613171,3312657,Amoni
after_2007,0006,0014,F014304,Al·luvial d'Urgell - 25252-0003,324610,4613171,3312658,Fosfats
after_2007,0006,0014,F014306,Al·luvial d'Urgell - 25093-0013,321645,4610852,3307750,Nitrits
after_2007,0006,0014,F014306,Al·luvial d'Urgell - 25093-0013,321645,4610852,3307751,Nitrats
after_2007,0006,0014,F014306,Al·luvial d'Urgell - 25093-0013,321645,4610852,3307752,Amoni
after_2007,0006,0014,F014306,Al·luvial d'Urgell - 25093-0013,321645,4610852,3307753,Fosfats
after_2007,0006,0014,F014307,N/D - Subterrània - 25220-0005,316750,4619426,3307780,Nitrits
after_2007,0006,0014,F014307,N/D - Subterrània - 25220-0005,316750,4619426,3307781,Nitrats
after_2007,0006,0014,F014307,N/D - Subterrània - 25220-0005,316750,4619426,3307782,Amoni
after_2007,0006,0014,F014307,N/D - Subterrània - 25220-0005,316750,4619426,3307783,Fosfats
after_2007,0006,0014,F014402,Detrític neogen del Vallès - 08234-0011,449530.16,4614266.56,3308402,Nitrits
after_2007,0006,0014,F014402,Detrític neogen del Vallès - 08234-0011,449530.16,4614266.56,3308403,Nitrats
after_2007,0006,0014,F014402,Detrític neogen del Vallès - 08234-0011,449530.16,4614266.56,3308404,Amoni
after_2007,0006,0014,F014402,Detrític neogen del Vallès - 08234-0011,449530.16,4614266.56,3308405,Fosfats
after_2007,0006,0014,F014431,Al·luvials del Vallès - 08209-0034,435044.01,4597035.64,3310786,Nitrits
after_2007,0006,0014,F014431,Al·luvials del Vallès - 08209-0034,435044.01,4597035.64,3310787,Nitrats
after_2007,0006,0014,F014431,Al·luvials del Vallès - 08209-0034,435044.01,4597035.64,3310793,Amoni
after_2007,0006,0014,F014431,Al·luvials del Vallès - 08209-0034,435044.01,4597035.64,3356852,Fosfats
after_2007,0006,0014,F014476,Calcàries de l'Alt Foix-Gaià - 43001-0036,367172.98,4582167.83,3370851,Nitrits
after_2007,0006,0014,F014476,Calcàries de l'Alt Foix-Gaià - 43001-0036,367172.98,4582167.83,3370852,Nitrats
after_2007,0006,0014,F014476,Calcàries de l'Alt Foix-Gaià - 43001-0036,367172.98,4582167.83,3370858,Amoni
after_2007,0006,0014,F014476,Calcàries de l'Alt Foix-Gaià - 43001-0036,367172.98,4582167.83,3370880,Fosfats
after_2007,0006,0014,F014522,N/D - Subterrània - 25136-0002,373360.1,4627253.22,3311793,Nitrits
after_2007,0006,0014,F014522,N/D - Subterrània - 25136-0002,373360.1,4627253.22,3311794,Nitrats
after_2007,0006,0014,F014522,N/D - Subterrània - 25136-0002,373360.1,4627253.22,3311795,Amoni
after_2007,0006,0014,F014522,N/D - Subterrània - 25136-0002,373360.1,4627253.22,3311796,Fosfats
after_2007,0006,0014,F014524,N/D - Subterrània - 25167-0001,377196.7,4634520.88,3311801,Nitrits
after_2007,0006,0014,F014524,N/D - Subterrània - 25167-0001,377196.7,4634520.88,3311802,Nitrats
after_2007,0006,0014,F014524,N/D - Subterrània - 25167-0001,377196.7,4634520.88,3311803,Amoni
after_2007,0006,0014,F014524,N/D - Subterrània - 25167-0001,377196.7,4634520.88,3311804,Fosfats
after_2007,0006,0014,F014623,N/D - Subterrània - 25151-0003,376150.99,4646620.36,3312677,Nitrits
after_2007,0006,0014,F014623,N/D - Subterrània - 25151-0003,376150.99,4646620.36,3312678,Nitrats
after_2007,0006,0014,F014623,N/D - Subterrània - 25151-0003,376150.99,4646620.36,3312679,Amoni
after_2007,0006,0014,F014623,N/D - Subterrània - 25151-0003,376150.99,4646620.36,3312680,Fosfats
after_2007,0006,0014,F014624,N/D - Subterrània - 25167-0008,378790,4636732,3312686,Nitrits
after_2007,0006,0014,F014624,N/D - Subterrània - 25167-0008,378790,4636732,3312687,Nitrats
after_2007,0006,0014,F014624,N/D - Subterrània - 25167-0008,378790,4636732,3312688,Amoni
after_2007,0006,0014,F014624,N/D - Subterrània - 25167-0008,378790,4636732,3312689,Fosfats
after_2007,0006,0014,F014625,N/D - Subterrània - 25075-0002,380645.3,4647081.13,3312669,Nitrits
after_2007,0006,0014,F014625,N/D - Subterrània - 25075-0002,380645.3,4647081.13,3312670,Nitrats
after_2007,0006,0014,F014625,N/D - Subterrània - 25075-0002,380645.3,4647081.13,3312671,Amoni
after_2007,0006,0014,F014625,N/D - Subterrània - 25075-0002,380645.3,4647081.13,3312672,Fosfats
after_2007,0006,0014,F014627,N/D - Subterrània - 25151-0007,379456.03,4651361.85,3312681,Nitrits
after_2007,0006,0014,F014627,N/D - Subterrània - 25151-0007,379456.03,4651361.85,3312682,Nitrats
after_2007,0006,0014,F014627,N/D - Subterrània - 25151-0007,379456.03,4651361.85,3312683,Amoni
after_2007,0006,0014,F014627,N/D - Subterrània - 25151-0007,379456.03,4651361.85,3312684,Fosfats
after_2007,0006,0014,F014629,N/D - Subterrània - 25207-0001,375733,4647971,3312690,Nitrits
after_2007,0006,0014,F014629,N/D - Subterrània - 25207-0001,375733,4647971,3312691,Nitrats
after_2007,0006,0014,F014629,N/D - Subterrània - 25207-0001,375733,4647971,3312692,Amoni
after_2007,0006,0014,F014629,N/D - Subterrània - 25207-0001,375733,4647971,3312693,Fosfats
after_2007,0006,0014,F014642,Fluviovolcànic de la Garrotxa - 17207-0021,454532.3,4663070.84,4140210,Nitrits
after_2007,0006,0014,F014642,Fluviovolcànic de la Garrotxa - 17207-0021,454532.3,4663070.84,4140211,Nitrats
after_2007,0006,0014,F014642,Fluviovolcànic de la Garrotxa - 17207-0021,454532.3,4663070.84,4140216,Amoni
after_2007,0006,0014,F014642,Fluviovolcànic de la Garrotxa - 17207-0021,454532.3,4663070.84,4140222,Fosfats
after_2007,0006,0014,F014644,Fluviovolcànic de la Garrotxa - 17207-0034,453182,4663146,4141323,Nitrits
after_2007,0006,0014,F014644,Fluviovolcànic de la Garrotxa - 17207-0034,453182,4663146,4141324,Nitrats
after_2007,0006,0014,F014644,Fluviovolcànic de la Garrotxa - 17207-0034,453182,4663146,4141325,Amoni
after_2007,0006,0014,F014644,Fluviovolcànic de la Garrotxa - 17207-0034,453182,4663146,4141326,Fosfats
after_2007,0006,0014,F014650,Fluviovolcànic de la Garrotxa - 17139-0020,455677,4668276,4140158,Nitrits
after_2007,0006,0014,F014650,Fluviovolcànic de la Garrotxa - 17139-0020,455677,4668276,4140159,Nitrats
after_2007,0006,0014,F014650,Fluviovolcànic de la Garrotxa - 17139-0020,455677,4668276,4140164,Amoni
after_2007,0006,0014,F014650,Fluviovolcànic de la Garrotxa - 17139-0020,455677,4668276,4140170,Fosfats
after_2007,0006,0014,F014651,Fluviovolcànic de la Garrotxa - 17207-0082,454213,4665155,4140278,Nitrits
after_2007,0006,0014,F014651,Fluviovolcànic de la Garrotxa - 17207-0082,454213,4665155,4140279,Nitrats
after_2007,0006,0014,F014651,Fluviovolcànic de la Garrotxa - 17207-0082,454213,4665155,4140284,Amoni
after_2007,0006,0014,F014651,Fluviovolcànic de la Garrotxa - 17207-0082,454213,4665155,4140290,Fosfats
after_2007,0006,0014,F014652,Fluviovolcànic de la Garrotxa - 17207-0083,454031.53,4662351.9,4141331,Nitrits
after_2007,0006,0014,F014652,Fluviovolcànic de la Garrotxa - 17207-0083,454031.53,4662351.9,4141332,Nitrats
after_2007,0006,0014,F014652,Fluviovolcànic de la Garrotxa - 17207-0083,454031.53,4662351.9,4141333,Amoni
after_2007,0006,0014,F014652,Fluviovolcànic de la Garrotxa - 17207-0083,454031.53,4662351.9,4141334,Fosfats
after_2007,0006,0014,F014656,Fluviovolcànic de la Garrotxa - 17207-0090,453627,4668301,4140317,Nitrits
after_2007,0006,0014,F014656,Fluviovolcànic de la Garrotxa - 17207-0090,453627,4668301,4140318,Nitrats
after_2007,0006,0014,F014656,Fluviovolcànic de la Garrotxa - 17207-0090,453627,4668301,4140323,Amoni
after_2007,0006,0014,F014656,Fluviovolcànic de la Garrotxa - 17207-0090,453627,4668301,4140329,Fosfats
after_2007,0006,0014,F014657,Fluviovolcànic de la Garrotxa - 17185-0018,457787,4672931,4139884,Nitrits
after_2007,0006,0014,F014657,Fluviovolcànic de la Garrotxa - 17185-0018,457787,4672931,4139885,Nitrats
after_2007,0006,0014,F014657,Fluviovolcànic de la Garrotxa - 17185-0018,457787,4672931,4139886,Amoni
after_2007,0006,0014,F014657,Fluviovolcànic de la Garrotxa - 17185-0018,457787,4672931,4139887,Fosfats
after_2007,0006,0014,F014659,Fluviovolcànic de la Garrotxa - 17207-0091,454416,4666248,4141353,Nitrits
after_2007,0006,0014,F014659,Fluviovolcànic de la Garrotxa - 17207-0091,454416,4666248,4141354,Nitrats
after_2007,0006,0014,F014659,Fluviovolcànic de la Garrotxa - 17207-0091,454416,4666248,4141355,Amoni
after_2007,0006,0014,F014659,Fluviovolcànic de la Garrotxa - 17207-0091,454416,4666248,4141356,Fosfats
after_2007,0006,0014,F014661,Fluviovolcànic de la Garrotxa - 17207-0069,455021,4665614,4142179,Nitrits
after_2007,0006,0014,F014661,Fluviovolcànic de la Garrotxa - 17207-0069,455021,4665614,4142180,Nitrats
after_2007,0006,0014,F014661,Fluviovolcànic de la Garrotxa - 17207-0069,455021,4665614,4142181,Amoni
after_2007,0006,0014,F014661,Fluviovolcànic de la Garrotxa - 17207-0069,455021,4665614,4142182,Fosfats
after_2007,0006,0014,F014663,Fluviovolcànic de la Garrotxa - 17114-0077,457538,4668379,3314053,Nitrats
after_2007,0006,0014,F014663,Fluviovolcànic de la Garrotxa - 17114-0077,457538,4668379,3314098,Nitrits
after_2007,0006,0014,F014663,Fluviovolcànic de la Garrotxa - 17114-0077,457538,4668379,4138010,Amoni
after_2007,0006,0014,F014663,Fluviovolcànic de la Garrotxa - 17114-0077,457538,4668379,4138465,Fosfats
after_2007,0006,0014,F014666,Fluviovolcànic de la Garrotxa - 17207-0088,453606.27,4667076.61,4141340,Nitrits
after_2007,0006,0014,F014666,Fluviovolcànic de la Garrotxa - 17207-0088,453606.27,4667076.61,4141341,Nitrats
after_2007,0006,0014,F014666,Fluviovolcànic de la Garrotxa - 17207-0088,453606.27,4667076.61,4141342,Amoni
after_2007,0006,0014,F014666,Fluviovolcànic de la Garrotxa - 17207-0088,453606.27,4667076.61,4141343,Fosfats
after_2007,0006,0014,F014808,Fluviovolcànic de la Garrotxa - 17207-0089,453635,4668290,4141349,Nitrits
after_2007,0006,0014,F014808,Fluviovolcànic de la Garrotxa - 17207-0089,453635,4668290,4141350,Nitrats
after_2007,0006,0014,F014808,Fluviovolcànic de la Garrotxa - 17207-0089,453635,4668290,4141351,Amoni
after_2007,0006,0014,F014808,Fluviovolcànic de la Garrotxa - 17207-0089,453635,4668290,4141352,Fosfats
after_2007,0006,0014,F014809,Plioquaternari de l'Onyar - 17215-0011,481423,4645113,3322428,Nitrits
after_2007,0006,0014,F014809,Plioquaternari de l'Onyar - 17215-0011,481423,4645113,3322429,Nitrats
after_2007,0006,0014,F014809,Plioquaternari de l'Onyar - 17215-0011,481423,4645113,3322430,Amoni
after_2007,0006,0014,F014809,Plioquaternari de l'Onyar - 17215-0011,481423,4645113,3322431,Fosfats
after_2007,0006,0014,F014810,Detrític neogen del Vallès - 08234-0010,449548.16,4614157.56,3319524,Nitrits
after_2007,0006,0014,F014810,Detrític neogen del Vallès - 08234-0010,449548.16,4614157.56,3319525,Nitrats
after_2007,0006,0014,F014810,Detrític neogen del Vallès - 08234-0010,449548.16,4614157.56,3319526,Amoni
after_2007,0006,0014,F014810,Detrític neogen del Vallès - 08234-0010,449548.16,4614157.56,3319527,Fosfats
after_2007,0006,0014,F014834,Plana de Vic - Collsacabra - 08283-0062,439255.2,4634674.37,3322436,Nitrits
after_2007,0006,0014,F014834,Plana de Vic - Collsacabra - 08283-0062,439255.2,4634674.37,3322437,Nitrats
after_2007,0006,0014,F014834,Plana de Vic - Collsacabra - 08283-0062,439255.2,4634674.37,3322438,Amoni
after_2007,0006,0014,F014834,Plana de Vic - Collsacabra - 08283-0062,439255.2,4634674.37,3322440,Fosfats
after_2007,0006,0014,F014903,Calcàries de Tàrrega - 25911-0008,353476.46,4623573.54,3355565,Nitrits
after_2007,0006,0014,F014903,Calcàries de Tàrrega - 25911-0008,353476.46,4623573.54,3355566,Nitrats
after_2007,0006,0014,F014903,Calcàries de Tàrrega - 25911-0008,353476.46,4623573.54,3355567,Amoni
after_2007,0006,0014,F014903,Calcàries de Tàrrega - 25911-0008,353476.46,4623573.54,3355569,Fosfats
after_2007,0006,0014,F014911,Baixa Garrotxa-Pla de l'Estany - 17015-0043,479516.89,4664998.41,3322320,Nitrits
after_2007,0006,0014,F014911,Baixa Garrotxa-Pla de l'Estany - 17015-0043,479516.89,4664998.41,3322321,Nitrats
after_2007,0006,0014,F014911,Baixa Garrotxa-Pla de l'Estany - 17015-0043,479516.89,4664998.41,3322327,Amoni
after_2007,0006,0014,F014911,Baixa Garrotxa-Pla de l'Estany - 17015-0043,479516.89,4664998.41,3322349,Fosfats
after_2007,0006,0014,F015212,Detrítics terciaris del Llobregat mig - 08127-0016,404357.02,4605206.89,4042170,Nitrits
after_2007,0006,0014,F015212,Detrítics terciaris del Llobregat mig - 08127-0016,404357.02,4605206.89,4042171,Nitrats
after_2007,0006,0014,F015212,Detrítics terciaris del Llobregat mig - 08127-0016,404357.02,4605206.89,4042177,Amoni
after_2007,0006,0014,F015212,Detrítics terciaris del Llobregat mig - 08127-0016,404357.02,4605206.89,4042198,Fosfats
after_2007,0006,0014,F015213,Alta Anoia - 08178-0001,391301.96,4621034.71,3349442,Nitrits
after_2007,0006,0014,F015213,Alta Anoia - 08178-0001,391301.96,4621034.71,3349443,Nitrats
after_2007,0006,0014,F015213,Alta Anoia - 08178-0001,391301.96,4621034.71,3349449,Amoni
after_2007,0006,0014,F015213,Alta Anoia - 08178-0001,391301.96,4621034.71,3349470,Fosfats
after_2007,0006,0014,F015222,Detrítics terciaris del Llobregat mig - 08192-0014,404655.9,4628124.92,3351408,Nitrits
after_2007,0006,0014,F015222,Detrítics terciaris del Llobregat mig - 08192-0014,404655.9,4628124.92,3351409,Nitrats
after_2007,0006,0014,F015222,Detrítics terciaris del Llobregat mig - 08192-0014,404655.9,4628124.92,3351415,Amoni
after_2007,0006,0014,F015222,Detrítics terciaris del Llobregat mig - 08192-0014,404655.9,4628124.92,3351436,Fosfats
after_2007,0006,0014,F015227,Detrítics terciaris del Llobregat mig - 08274-0033,396186.5,4630982.29,3350468,Nitrits
after_2007,0006,0014,F015227,Detrítics terciaris del Llobregat mig - 08274-0033,396186.5,4630982.29,3350469,Nitrats
after_2007,0006,0014,F015227,Detrítics terciaris del Llobregat mig - 08274-0033,396186.5,4630982.29,3350475,Amoni
after_2007,0006,0014,F015227,Detrítics terciaris del Llobregat mig - 08274-0033,396186.5,4630982.29,3350496,Fosfats
after_2007,0006,0014,F015228,Detrítics terciaris del Llobregat mig - 08113-0011,401166.12,4618762.93,3349989,Nitrits
after_2007,0006,0014,F015228,Detrítics terciaris del Llobregat mig - 08113-0011,401166.12,4618762.93,3349990,Nitrats
after_2007,0006,0014,F015228,Detrítics terciaris del Llobregat mig - 08113-0011,401166.12,4618762.93,3349996,Amoni
after_2007,0006,0014,F015228,Detrítics terciaris del Llobregat mig - 08113-0011,401166.12,4618762.93,3350057,Fosfats
after_2007,0006,0014,F015365,Fluviodeltaic del Baix Ter - 17085-0023,500466.57,4657505.24,3349699,Nitrits
after_2007,0006,0014,F015365,Fluviodeltaic del Baix Ter - 17085-0023,500466.57,4657505.24,3349700,Nitrats
after_2007,0006,0014,F015365,Fluviodeltaic del Baix Ter - 17085-0023,500466.57,4657505.24,3349706,Amoni
after_2007,0006,0014,F015365,Fluviodeltaic del Baix Ter - 17085-0023,500466.57,4657505.24,3349727,Fosfats
after_2007,0006,0014,F015379,Fluviodeltaic del Baix Ter - 17070-0002,509596.53,4650535.16,3376894,Nitrats
after_2007,0006,0014,F015458,Plioquaternari de l'Onyar - 17157-0025,485455.38,4636451.32,3354394,Nitrits
after_2007,0006,0014,F015458,Plioquaternari de l'Onyar - 17157-0025,485455.38,4636451.32,3354395,Nitrats
after_2007,0006,0014,F015458,Plioquaternari de l'Onyar - 17157-0025,485455.38,4636451.32,3354396,Amoni
after_2007,0006,0014,F015458,Plioquaternari de l'Onyar - 17157-0025,485455.38,4636451.32,3354397,Fosfats
after_2007,0006,0014,F015460,Al·luvials de la Baixa Costa Brava - 17048-0073,502708,4628377,3356226,Nitrits
after_2007,0006,0014,F015460,Al·luvials de la Baixa Costa Brava - 17048-0073,502708,4628377,3356227,Nitrats
after_2007,0006,0014,F015460,Al·luvials de la Baixa Costa Brava - 17048-0073,502708,4628377,3356233,Amoni
after_2007,0006,0014,F015460,Al·luvials de la Baixa Costa Brava - 17048-0073,502708,4628377,3356254,Fosfats
after_2007,0006,0014,F015557,Plioquaternari de l'Onyar - 17233-0109,477609.37,4636093.08,3362297,Nitrits
after_2007,0006,0014,F015557,Plioquaternari de l'Onyar - 17233-0109,477609.37,4636093.08,3362298,Nitrats
after_2007,0006,0014,F015557,Plioquaternari de l'Onyar - 17233-0109,477609.37,4636093.08,3362299,Amoni
after_2007,0006,0014,F015557,Plioquaternari de l'Onyar - 17233-0109,477609.37,4636093.08,3362300,Fosfats
after_2007,0006,0014,F015702,Fluviovolcànic de la Garrotxa - 17207-0081,453899.17,4666692.11,4141327,Nitrits
after_2007,0006,0014,F015702,Fluviovolcànic de la Garrotxa - 17207-0081,453899.17,4666692.11,4141328,Nitrats
after_2007,0006,0014,F015702,Fluviovolcànic de la Garrotxa - 17207-0081,453899.17,4666692.11,4141329,Amoni
after_2007,0006,0014,F015702,Fluviovolcànic de la Garrotxa - 17207-0081,453899.17,4666692.11,4141330,Fosfats
after_2007,0006,0014,F015746,Detrític neogen del Vallès - 08156-0092,432207,4606016,3356843,Nitrits
after_2007,0006,0014,F015746,Detrític neogen del Vallès - 08156-0092,432207,4606016,3356844,Nitrats
after_2007,0006,0014,F015746,Detrític neogen del Vallès - 08156-0092,432207,4606016,3356845,Amoni
after_2007,0006,0014,F015746,Detrític neogen del Vallès - 08156-0092,432207,4606016,3356846,Fosfats
after_2007,0006,0014,F015748,Fossa de Móra - 43093-0014,300875.47,4553369.59,3380391,Nitrits
after_2007,0006,0014,F015748,Fossa de Móra - 43093-0014,300875.47,4553369.59,3380392,Nitrats
after_2007,0006,0014,F015748,Fossa de Móra - 43093-0014,300875.47,4553369.59,3380393,Amoni
after_2007,0006,0014,F015748,Fossa de Móra - 43093-0014,300875.47,4553369.59,3380394,Fosfats
after_2007,0006,0014,F015848,Maresme - 08197-0154,457488.07,4601037.48,4191509,Nitrits
after_2007,0006,0014,F015848,Maresme - 08197-0154,457488.07,4601037.48,4191510,Nitrats
after_2007,0006,0014,F015848,Maresme - 08197-0154,457488.07,4601037.48,4191515,Amoni
after_2007,0006,0014,F015848,Maresme - 08197-0154,457488.07,4601037.48,4191521,Fosfats
after_2007,0006,0014,F015883,Fluviovolcànic de la Garrotxa - 17207-0121,455433,4666447,4138232,Nitrits
after_2007,0006,0014,F015883,Fluviovolcànic de la Garrotxa - 17207-0121,455433,4666447,4138233,Nitrats
after_2007,0006,0014,F015883,Fluviovolcànic de la Garrotxa - 17207-0121,455433,4666447,4138238,Amoni
after_2007,0006,0014,F015883,Fluviovolcànic de la Garrotxa - 17207-0121,455433,4666447,4139927,Fosfats
after_2007,0006,0014,F016000,Moianès-Sant Llorenç del Munt - 08067-0048,435506,4625946,3362066,Nitrits
after_2007,0006,0014,F016000,Moianès-Sant Llorenç del Munt - 08067-0048,435506,4625946,3362067,Nitrats
after_2007,0006,0014,F016000,Moianès-Sant Llorenç del Munt - 08067-0048,435506,4625946,3362068,Amoni
after_2007,0006,0014,F016000,Moianès-Sant Llorenç del Munt - 08067-0048,435506,4625946,3362069,Fosfats
after_2007,0006,0014,F016003,Moianès-Sant Llorenç del Munt - 08179-0003,409990,4609891,4584386,Nitrits
after_2007,0006,0014,F016003,Moianès-Sant Llorenç del Munt - 08179-0003,409990,4609891,4584387,Nitrats
after_2007,0006,0014,F016003,Moianès-Sant Llorenç del Munt - 08179-0003,409990,4609891,4584392,Amoni
after_2007,0006,0014,F016003,Moianès-Sant Llorenç del Munt - 08179-0003,409990,4609891,4584398,Fosfats
after_2007,0006,0014,F016004,Plioquaternari de l'Onyar - 17002-0007,480837,4641500,3362277,Nitrits
after_2007,0006,0014,F016004,Plioquaternari de l'Onyar - 17002-0007,480837,4641500,3362278,Nitrats
after_2007,0006,0014,F016004,Plioquaternari de l'Onyar - 17002-0007,480837,4641500,3362279,Amoni
after_2007,0006,0014,F016004,Plioquaternari de l'Onyar - 17002-0007,480837,4641500,3362280,Fosfats
after_2007,0006,0014,F016006,Plioquaternari de l'Onyar - 17073-0026,485702.42,4641207.13,3362285,Nitrits
after_2007,0006,0014,F016006,Plioquaternari de l'Onyar - 17073-0026,485702.42,4641207.13,3362286,Nitrats
after_2007,0006,0014,F016006,Plioquaternari de l'Onyar - 17073-0026,485702.42,4641207.13,3362287,Amoni
after_2007,0006,0014,F016006,Plioquaternari de l'Onyar - 17073-0026,485702.42,4641207.13,3362288,Fosfats
after_2007,0006,0014,F016007,Plioquaternari de l'Onyar - 17150-0027,483618,4635767,3362289,Nitrits
after_2007,0006,0014,F016007,Plioquaternari de l'Onyar - 17150-0027,483618,4635767,3362290,Nitrats
after_2007,0006,0014,F016007,Plioquaternari de l'Onyar - 17150-0027,483618,4635767,3362291,Amoni
after_2007,0006,0014,F016007,Plioquaternari de l'Onyar - 17150-0027,483618,4635767,3362292,Fosfats
after_2007,0006,0014,F016008,Plioquaternari de l'Onyar - 17233-0006,478496,4637915,3362293,Nitrits
after_2007,0006,0014,F016008,Plioquaternari de l'Onyar - 17233-0006,478496,4637915,3362294,Nitrats
after_2007,0006,0014,F016008,Plioquaternari de l'Onyar - 17233-0006,478496,4637915,3362295,Amoni
after_2007,0006,0014,F016008,Plioquaternari de l'Onyar - 17233-0006,478496,4637915,3362296,Fosfats
after_2007,0006,0014,F016080,Calcàries de Tàrrega - 25085-0016,363406,4614796,3362833,Nitrits
after_2007,0006,0014,F016080,Calcàries de Tàrrega - 25085-0016,363406,4614796,3362834,Nitrats
after_2007,0006,0014,F016080,Calcàries de Tàrrega - 25085-0016,363406,4614796,3362835,Amoni
after_2007,0006,0014,F016080,Calcàries de Tàrrega - 25085-0016,363406,4614796,3362836,Fosfats
after_2007,0006,0014,F016157,Fluviodeltaic del Fluvià - Muga - 17230-0026,501981.73,4678695.26,3368283,Nitrits
after_2007,0006,0014,F016157,Fluviodeltaic del Fluvià - Muga - 17230-0026,501981.73,4678695.26,3368284,Nitrats
after_2007,0006,0014,F016157,Fluviodeltaic del Fluvià - Muga - 17230-0026,501981.73,4678695.26,3368285,Amoni
after_2007,0006,0014,F016157,Fluviodeltaic del Fluvià - Muga - 17230-0026,501981.73,4678695.26,3368286,Fosfats
after_2007,0006,0014,F016278,Fossa de Móra - 43093-0078,299100,4551859,3382382,Nitrits
after_2007,0006,0014,F016278,Fossa de Móra - 43093-0078,299100,4551859,3382383,Nitrats
after_2007,0006,0014,F016278,Fossa de Móra - 43093-0078,299100,4551859,3382389,Amoni
after_2007,0006,0014,F016278,Fossa de Móra - 43093-0078,299100,4551859,3382410,Fosfats
after_2007,0006,0014,F016279,N/D - Subterrània - 25112-0020,299406.1,4635346.7,3386154,Fosfats
after_2007,0006,0014,F016279,N/D - Subterrània - 25112-0020,299406.1,4635346.7,4420824,Nitrits
after_2007,0006,0014,F016279,N/D - Subterrània - 25112-0020,299406.1,4635346.7,4420825,Nitrats
after_2007,0006,0014,F016279,N/D - Subterrània - 25112-0020,299406.1,4635346.7,4420826,Amoni
after_2007,0006,0014,F016315,Plana de Vic - Collsacabra - 08070-0002,430722.78,4632610.06,3370044,Nitrits
after_2007,0006,0014,F016315,Plana de Vic - Collsacabra - 08070-0002,430722.78,4632610.06,3370045,Nitrats
after_2007,0006,0014,F016315,Plana de Vic - Collsacabra - 08070-0002,430722.78,4632610.06,3370046,Amoni
after_2007,0006,0014,F016315,Plana de Vic - Collsacabra - 08070-0002,430722.78,4632610.06,3370047,Fosfats
after_2007,0006,0014,F016324,Detrítics terciaris del Llobregat mig - 08010-0019,413196.22,4629257.86,3370797,Nitrits
after_2007,0006,0014,F016324,Detrítics terciaris del Llobregat mig - 08010-0019,413196.22,4629257.86,3370798,Nitrats
after_2007,0006,0014,F016324,Detrítics terciaris del Llobregat mig - 08010-0019,413196.22,4629257.86,3370799,Amoni
after_2007,0006,0014,F016324,Detrítics terciaris del Llobregat mig - 08010-0019,413196.22,4629257.86,3370800,Fosfats
after_2007,0006,0014,F016325,Detrítics terciaris del Llobregat mig - 08062-0006,402006,4632493,3370805,Nitrits
after_2007,0006,0014,F016325,Detrítics terciaris del Llobregat mig - 08062-0006,402006,4632493,3370806,Nitrats
after_2007,0006,0014,F016325,Detrítics terciaris del Llobregat mig - 08062-0006,402006,4632493,3370807,Amoni
after_2007,0006,0014,F016325,Detrítics terciaris del Llobregat mig - 08062-0006,402006,4632493,3370808,Fosfats
after_2007,0006,0014,F016326,N/D - Subterrània - 08092-0005,407162.46,4654952.09,3370809,Nitrits
after_2007,0006,0014,F016326,N/D - Subterrània - 08092-0005,407162.46,4654952.09,3370810,Nitrats
after_2007,0006,0014,F016326,N/D - Subterrània - 08092-0005,407162.46,4654952.09,3370811,Amoni
after_2007,0006,0014,F016326,N/D - Subterrània - 08092-0005,407162.46,4654952.09,3370812,Fosfats
after_2007,0006,0014,F016327,N/D - Subterrània - 08144-0006,407029,4656507,3370813,Nitrits
after_2007,0006,0014,F016327,N/D - Subterrània - 08144-0006,407029,4656507,3370814,Nitrats
after_2007,0006,0014,F016327,N/D - Subterrània - 08144-0006,407029,4656507,3370815,Amoni
after_2007,0006,0014,F016327,N/D - Subterrània - 08144-0006,407029,4656507,3370816,Fosfats
after_2007,0006,0014,F016328,N/D - Subterrània - 08175-0016,407983.36,4649636.93,3370817,Nitrits
after_2007,0006,0014,F016328,N/D - Subterrània - 08175-0016,407983.36,4649636.93,3370818,Nitrats
after_2007,0006,0014,F016328,N/D - Subterrània - 08175-0016,407983.36,4649636.93,3370819,Amoni
after_2007,0006,0014,F016328,N/D - Subterrània - 08175-0016,407983.36,4649636.93,3370820,Fosfats
after_2007,0006,0014,F016329,N/D - Subterrània - 08188-0005,413454.41,4654318.89,3370821,Nitrits
after_2007,0006,0014,F016329,N/D - Subterrània - 08188-0005,413454.41,4654318.89,3370822,Nitrats
after_2007,0006,0014,F016329,N/D - Subterrània - 08188-0005,413454.41,4654318.89,3370823,Amoni
after_2007,0006,0014,F016329,N/D - Subterrània - 08188-0005,413454.41,4654318.89,3370824,Fosfats
after_2007,0006,0014,F016330,Detrítics terciaris del Llobregat mig - 08191-0003,410213.2,4627386.88,3370825,Nitrits
after_2007,0006,0014,F016330,Detrítics terciaris del Llobregat mig - 08191-0003,410213.2,4627386.88,3370826,Nitrats
after_2007,0006,0014,F016330,Detrítics terciaris del Llobregat mig - 08191-0003,410213.2,4627386.88,3370827,Amoni
after_2007,0006,0014,F016330,Detrítics terciaris del Llobregat mig - 08191-0003,410213.2,4627386.88,3370828,Fosfats
after_2007,0006,0014,F016331,Detrítics terciaris del Llobregat mig - 08192-0013,403907.17,4625160.92,3370829,Nitrits
after_2007,0006,0014,F016331,Detrítics terciaris del Llobregat mig - 08192-0013,403907.17,4625160.92,3370830,Nitrats
after_2007,0006,0014,F016331,Detrítics terciaris del Llobregat mig - 08192-0013,403907.17,4625160.92,3370831,Amoni
after_2007,0006,0014,F016331,Detrítics terciaris del Llobregat mig - 08192-0013,403907.17,4625160.92,3370832,Fosfats
after_2007,0006,0014,F016334,N/D - Subterrània - 08151-0016,419957,4644573,3370938,Nitrits
after_2007,0006,0014,F016334,N/D - Subterrània - 08151-0016,419957,4644573,3370939,Nitrats
after_2007,0006,0014,F016334,N/D - Subterrània - 08151-0016,419957,4644573,3370940,Amoni
after_2007,0006,0014,F016334,N/D - Subterrània - 08151-0016,419957,4644573,3370941,Fosfats
after_2007,0006,0014,F016350,N/D - Subterrània - 08011-0010,402316,4658218,3371243,Nitrits
after_2007,0006,0014,F016350,N/D - Subterrània - 08011-0010,402316,4658218,3371244,Nitrats
after_2007,0006,0014,F016350,N/D - Subterrània - 08011-0010,402316,4658218,3371245,Amoni
after_2007,0006,0014,F016350,N/D - Subterrània - 08011-0010,402316,4658218,3371246,Fosfats
after_2007,0006,0014,F016351,Moianès-Sant Llorenç del Munt - 08258-0005,422166,4635621,3371292,Nitrits
after_2007,0006,0014,F016351,Moianès-Sant Llorenç del Munt - 08258-0005,422166,4635621,3371293,Nitrats
after_2007,0006,0014,F016351,Moianès-Sant Llorenç del Munt - 08258-0005,422166,4635621,3371294,Amoni
after_2007,0006,0014,F016351,Moianès-Sant Llorenç del Munt - 08258-0005,422166,4635621,3371295,Fosfats
after_2007,0006,0014,F016352,N/D - Subterrània - 08078-0006,396423,4656535,3371271,Nitrits
after_2007,0006,0014,F016352,N/D - Subterrània - 08078-0006,396423,4656535,3371272,Nitrats
after_2007,0006,0014,F016352,N/D - Subterrània - 08078-0006,396423,4656535,3371273,Amoni
after_2007,0006,0014,F016352,N/D - Subterrània - 08078-0006,396423,4656535,3371274,Fosfats
after_2007,0006,0014,F016353,Detrítics terciaris del Llobregat mig - 08012-0020,415175.28,4637149.85,3371257,Nitrits
after_2007,0006,0014,F016353,Detrítics terciaris del Llobregat mig - 08012-0020,415175.28,4637149.85,3371258,Nitrats
after_2007,0006,0014,F016353,Detrítics terciaris del Llobregat mig - 08012-0020,415175.28,4637149.85,3371259,Amoni
after_2007,0006,0014,F016353,Detrítics terciaris del Llobregat mig - 08012-0020,415175.28,4637149.85,3371260,Fosfats
after_2007,0006,0014,F016354,Moianès-Sant Llorenç del Munt - 08138-0048,425179,4633895,3371285,Nitrits
after_2007,0006,0014,F016354,Moianès-Sant Llorenç del Munt - 08138-0048,425179,4633895,3371286,Nitrats
after_2007,0006,0014,F016354,Moianès-Sant Llorenç del Munt - 08138-0048,425179,4633895,3371287,Amoni
after_2007,0006,0014,F016354,Moianès-Sant Llorenç del Munt - 08138-0048,425179,4633895,3371288,Fosfats
after_2007,0006,0014,F016355,N/D - Subterrània - 08130-0001,397475,4649818,3371278,Nitrits
after_2007,0006,0014,F016355,N/D - Subterrània - 08130-0001,397475,4649818,3371279,Nitrats
after_2007,0006,0014,F016355,N/D - Subterrània - 08130-0001,397475,4649818,3371280,Amoni
after_2007,0006,0014,F016355,N/D - Subterrània - 08130-0001,397475,4649818,3371281,Fosfats
after_2007,0006,0014,F016356,Moianès-Sant Llorenç del Munt - 08258-0036,417402,4633347,3371299,Nitrits
after_2007,0006,0014,F016356,Moianès-Sant Llorenç del Munt - 08258-0036,417402,4633347,3371300,Nitrats
after_2007,0006,0014,F016356,Moianès-Sant Llorenç del Munt - 08258-0036,417402,4633347,3371301,Amoni
after_2007,0006,0014,F016356,Moianès-Sant Llorenç del Munt - 08258-0036,417402,4633347,3371302,Fosfats
after_2007,0006,0014,F016357,N/D - Subterrània - 08049-0013,402916,4652008,3371264,Nitrits
after_2007,0006,0014,F016357,N/D - Subterrània - 08049-0013,402916,4652008,3371265,Nitrats
after_2007,0006,0014,F016357,N/D - Subterrània - 08049-0013,402916,4652008,3371266,Amoni
after_2007,0006,0014,F016357,N/D - Subterrània - 08049-0013,402916,4652008,3371267,Fosfats
after_2007,0006,0014,F016358,N/D - Subterrània - 08084-0034,394306.15,4624195.99,3371306,Nitrits
after_2007,0006,0014,F016358,N/D - Subterrània - 08084-0034,394306.15,4624195.99,3371307,Nitrats
after_2007,0006,0014,F016358,N/D - Subterrània - 08084-0034,394306.15,4624195.99,3371308,Amoni
after_2007,0006,0014,F016358,N/D - Subterrània - 08084-0034,394306.15,4624195.99,3371309,Fosfats
after_2007,0006,0014,F016366,N/D - Subterrània - 08212-0002,417163.34,4643969.85,3371757,Nitrits
after_2007,0006,0014,F016366,N/D - Subterrània - 08212-0002,417163.34,4643969.85,3371758,Nitrats
after_2007,0006,0014,F016366,N/D - Subterrània - 08212-0002,417163.34,4643969.85,3371759,Amoni
after_2007,0006,0014,F016366,N/D - Subterrània - 08212-0002,417163.34,4643969.85,3371760,Fosfats
after_2007,0006,0014,F016367,N/D - Subterrània - 08090-0012,411922,4639722,3371740,Nitrits
after_2007,0006,0014,F016367,N/D - Subterrània - 08090-0012,411922,4639722,3371741,Nitrats
after_2007,0006,0014,F016367,N/D - Subterrània - 08090-0012,411922,4639722,3371742,Amoni
after_2007,0006,0014,F016367,N/D - Subterrània - 08090-0012,411922,4639722,3371743,Fosfats
after_2007,0006,0014,F016368,Detrítics terciaris del Llobregat mig - 08141-0024,403939.27,4638058.94,3371750,Nitrits
after_2007,0006,0014,F016368,Detrítics terciaris del Llobregat mig - 08141-0024,403939.27,4638058.94,3371751,Nitrats
after_2007,0006,0014,F016368,Detrítics terciaris del Llobregat mig - 08141-0024,403939.27,4638058.94,3371752,Amoni
after_2007,0006,0014,F016368,Detrítics terciaris del Llobregat mig - 08141-0024,403939.27,4638058.94,3371753,Fosfats
after_2007,0006,0014,F016369,Detrítics terciaris del Llobregat mig - 08018-0002,406114.25,4635120.92,3371395,Nitrits
after_2007,0006,0014,F016369,Detrítics terciaris del Llobregat mig - 08018-0002,406114.25,4635120.92,3371396,Nitrats
after_2007,0006,0014,F016369,Detrítics terciaris del Llobregat mig - 08018-0002,406114.25,4635120.92,3371397,Amoni
after_2007,0006,0014,F016369,Detrítics terciaris del Llobregat mig - 08018-0002,406114.25,4635120.92,3371398,Fosfats
after_2007,0006,0014,F016370,Detrítics terciaris del Llobregat mig - 08218-0008,399502,4624165,3371771,Nitrits
after_2007,0006,0014,F016370,Detrítics terciaris del Llobregat mig - 08218-0008,399502,4624165,3371772,Nitrats
after_2007,0006,0014,F016370,Detrítics terciaris del Llobregat mig - 08218-0008,399502,4624165,3371773,Amoni
after_2007,0006,0014,F016370,Detrítics terciaris del Llobregat mig - 08218-0008,399502,4624165,3371774,Fosfats
after_2007,0006,0014,F016371,Detrítics terciaris del Llobregat mig - 08047-0021,389983.28,4642833.05,3371733,Nitrits
after_2007,0006,0014,F016371,Detrítics terciaris del Llobregat mig - 08047-0021,389983.28,4642833.05,3371734,Nitrats
after_2007,0006,0014,F016371,Detrítics terciaris del Llobregat mig - 08047-0021,389983.28,4642833.05,3371735,Amoni
after_2007,0006,0014,F016371,Detrítics terciaris del Llobregat mig - 08047-0021,389983.28,4642833.05,3371736,Fosfats
after_2007,0006,0014,F016372,N/D - Subterrània - 08229-0011,387611,4633630,3371778,Nitrits
after_2007,0006,0014,F016372,N/D - Subterrània - 08229-0011,387611,4633630,3371779,Nitrats
after_2007,0006,0014,F016372,N/D - Subterrània - 08229-0011,387611,4633630,3371780,Amoni
after_2007,0006,0014,F016372,N/D - Subterrània - 08229-0011,387611,4633630,3371781,Fosfats
after_2007,0006,0014,F016373,N/D - Subterrània - 08308-0002,394216,4643676,3371785,Nitrits
after_2007,0006,0014,F016373,N/D - Subterrània - 08308-0002,394216,4643676,3371786,Nitrats
after_2007,0006,0014,F016373,N/D - Subterrània - 08308-0002,394216,4643676,3371787,Amoni
after_2007,0006,0014,F016373,N/D - Subterrània - 08308-0002,394216,4643676,3371788,Fosfats
after_2007,0006,0014,F016374,Detrítics terciaris del Llobregat mig - 08213-0003,405966.15,4622158.9,3371764,Nitrits
after_2007,0006,0014,F016374,Detrítics terciaris del Llobregat mig - 08213-0003,405966.15,4622158.9,3371765,Nitrats
after_2007,0006,0014,F016374,Detrítics terciaris del Llobregat mig - 08213-0003,405966.15,4622158.9,3371766,Amoni
after_2007,0006,0014,F016374,Detrítics terciaris del Llobregat mig - 08213-0003,405966.15,4622158.9,3371767,Fosfats
after_2007,0006,0014,F016387,N/D - Subterrània - 08109-0006,419678.4,4652567.8,3371792,Nitrits
after_2007,0006,0014,F016387,N/D - Subterrània - 08109-0006,419678.4,4652567.8,3371793,Nitrats
after_2007,0006,0014,F016387,N/D - Subterrània - 08109-0006,419678.4,4652567.8,3371794,Amoni
after_2007,0006,0014,F016387,N/D - Subterrània - 08109-0006,419678.4,4652567.8,3371795,Fosfats
after_2007,0006,0014,F016388,N/D - Subterrània - 08109-0007,419849,4656166,3371796,Nitrits
after_2007,0006,0014,F016388,N/D - Subterrània - 08109-0007,419849,4656166,3371797,Nitrats
after_2007,0006,0014,F016388,N/D - Subterrània - 08109-0007,419849,4656166,3371798,Amoni
after_2007,0006,0014,F016388,N/D - Subterrània - 08109-0007,419849,4656166,3371799,Fosfats
after_2007,0006,0014,F016389,N/D - Subterrània - 08149-0016,426278.4,4648759.8,3371800,Nitrits
after_2007,0006,0014,F016389,N/D - Subterrània - 08149-0016,426278.4,4648759.8,3371801,Nitrats
after_2007,0006,0014,F016389,N/D - Subterrània - 08149-0016,426278.4,4648759.8,3371802,Amoni
after_2007,0006,0014,F016389,N/D - Subterrània - 08149-0016,426278.4,4648759.8,3371803,Fosfats
after_2007,0006,0014,F016390,N/D - Subterrània - 08149-0017,425254,4651435,3371804,Nitrits
after_2007,0006,0014,F016390,N/D - Subterrània - 08149-0017,425254,4651435,3371805,Nitrats
after_2007,0006,0014,F016390,N/D - Subterrània - 08149-0017,425254,4651435,3371806,Amoni
after_2007,0006,0014,F016390,N/D - Subterrània - 08149-0017,425254,4651435,3371807,Fosfats
after_2007,0006,0014,F016391,N/D - Subterrània - 08151-0017,422943,4643446,3371808,Nitrits
after_2007,0006,0014,F016391,N/D - Subterrània - 08151-0017,422943,4643446,3371809,Nitrats
after_2007,0006,0014,F016391,N/D - Subterrània - 08151-0017,422943,4643446,3371810,Amoni
after_2007,0006,0014,F016391,N/D - Subterrània - 08151-0017,422943,4643446,3371811,Fosfats
after_2007,0006,0014,F016392,N/D - Subterrània - 08171-0009,419244,4649075,3371812,Nitrits
after_2007,0006,0014,F016392,N/D - Subterrània - 08171-0009,419244,4649075,3371813,Nitrats
after_2007,0006,0014,F016392,N/D - Subterrània - 08171-0009,419244,4649075,3371814,Amoni
after_2007,0006,0014,F016392,N/D - Subterrània - 08171-0009,419244,4649075,3371815,Fosfats
after_2007,0006,0014,F016393,N/D - Subterrània - 08225-0003,423275.4,4653076.8,3371816,Nitrits
after_2007,0006,0014,F016393,N/D - Subterrània - 08225-0003,423275.4,4653076.8,3371817,Nitrats
after_2007,0006,0014,F016393,N/D - Subterrània - 08225-0003,423275.4,4653076.8,3371818,Amoni
after_2007,0006,0014,F016393,N/D - Subterrània - 08225-0003,423275.4,4653076.8,3371819,Fosfats
after_2007,0006,0014,F016394,Detrítics terciaris del Llobregat mig - 08132-0006,387791.31,4646063.08,3371820,Nitrits
after_2007,0006,0014,F016394,Detrítics terciaris del Llobregat mig - 08132-0006,387791.31,4646063.08,3371821,Nitrats
after_2007,0006,0014,F016394,Detrítics terciaris del Llobregat mig - 08132-0006,387791.31,4646063.08,3371822,Amoni
after_2007,0006,0014,F016394,Detrítics terciaris del Llobregat mig - 08132-0006,387791.31,4646063.08,3371823,Fosfats
after_2007,0006,0014,F016448,Fluviodeltaic del Baix Ter - 17004-0070,508737,4661555,3376074,Nitrits
after_2007,0006,0014,F016448,Fluviodeltaic del Baix Ter - 17004-0070,508737,4661555,3376075,Nitrats
after_2007,0006,0014,F016448,Fluviodeltaic del Baix Ter - 17004-0070,508737,4661555,3376081,Amoni
after_2007,0006,0014,F016448,Fluviodeltaic del Baix Ter - 17004-0070,508737,4661555,3376103,Fosfats
after_2007,0006,0014,F016449,Fluviodeltaic del Baix Ter - 17062-0070,508985,4661812,3376118,Nitrits
after_2007,0006,0014,F016449,Fluviodeltaic del Baix Ter - 17062-0070,508985,4661812,3376119,Nitrats
after_2007,0006,0014,F016449,Fluviodeltaic del Baix Ter - 17062-0070,508985,4661812,3376125,Amoni
after_2007,0006,0014,F016449,Fluviodeltaic del Baix Ter - 17062-0070,508985,4661812,3376132,Fosfats
after_2007,0006,0014,F017405,Baix Camp - 43123-0069,338995,4557479,4113191,Nitrits
after_2007,0006,0014,F017405,Baix Camp - 43123-0069,338995,4557479,4113192,Nitrats
after_2007,0006,0014,F017405,Baix Camp - 43123-0069,338995,4557479,4113193,Amoni
after_2007,0006,0014,F017405,Baix Camp - 43123-0069,338995,4557479,4113194,Fosfats
after_2007,0006,0014,F017406,Plana de la Galera - 43006-0113,289135.25,4526991.64,3838252,Nitrits
after_2007,0006,0014,F017406,Plana de la Galera - 43006-0113,289135.25,4526991.64,3846138,Nitrats
after_2007,0006,0014,F017406,Plana de la Galera - 43006-0113,289135.25,4526991.64,3854024,Amoni
after_2007,0006,0014,F017406,Plana de la Galera - 43006-0113,289135.25,4526991.64,3861910,Fosfats
after_2007,0006,0014,F017407,Serra del Montsià - 43062-0012,290592.08,4503964.59,3992770,Nitrits
after_2007,0006,0014,F017407,Serra del Montsià - 43062-0012,290592.08,4503964.59,3992771,Nitrats
after_2007,0006,0014,F017407,Serra del Montsià - 43062-0012,290592.08,4503964.59,3992772,Amoni
after_2007,0006,0014,F017407,Serra del Montsià - 43062-0012,290592.08,4503964.59,3992773,Fosfats
after_2007,0006,0014,F017408,Plana de la Galera - 43063-0020,285258.09,4507097.64,3387839,Nitrits
after_2007,0006,0014,F017408,Plana de la Galera - 43063-0020,285258.09,4507097.64,3387840,Nitrats
after_2007,0006,0014,F017408,Plana de la Galera - 43063-0020,285258.09,4507097.64,3387841,Amoni
after_2007,0006,0014,F017408,Plana de la Galera - 43063-0020,285258.09,4507097.64,3387842,Fosfats
after_2007,0006,0014,F017409,Serra del Montsià - 43068-0016,289586,4508065,3767278,Nitrits
after_2007,0006,0014,F017409,Serra del Montsià - 43068-0016,289586,4508065,3775164,Nitrats
after_2007,0006,0014,F017409,Serra del Montsià - 43068-0016,289586,4508065,3783050,Amoni
after_2007,0006,0014,F017409,Serra del Montsià - 43068-0016,289586,4508065,3790936,Fosfats
after_2007,0006,0014,F017410,Serra del Montsià - 43068-0028,285168.06,4502857.63,3993417,Nitrits
after_2007,0006,0014,F017410,Serra del Montsià - 43068-0028,285168.06,4502857.63,3993418,Nitrats
after_2007,0006,0014,F017410,Serra del Montsià - 43068-0028,285168.06,4502857.63,3993419,Amoni
after_2007,0006,0014,F017410,Serra del Montsià - 43068-0028,285168.06,4502857.63,3993420,Fosfats
after_2007,0006,0014,F017411,Plana de la Galera - 43078-0183,291804.14,4512129.6,3387844,Nitrits
after_2007,0006,0014,F017411,Plana de la Galera - 43078-0183,291804.14,4512129.6,3387845,Nitrats
after_2007,0006,0014,F017411,Plana de la Galera - 43078-0183,291804.14,4512129.6,3387846,Amoni
after_2007,0006,0014,F017411,Plana de la Galera - 43078-0183,291804.14,4512129.6,3387847,Fosfats
after_2007,0006,0014,F017412,Plana de la Galera - 43133-0059,284670.17,4517961.66,3806708,Nitrits
after_2007,0006,0014,F017412,Plana de la Galera - 43133-0059,284670.17,4517961.66,3814594,Nitrats
after_2007,0006,0014,F017412,Plana de la Galera - 43133-0059,284670.17,4517961.66,3822480,Amoni
after_2007,0006,0014,F017412,Plana de la Galera - 43133-0059,284670.17,4517961.66,3830366,Fosfats
after_2007,0006,0014,F017413,Plana d'Alcanar - 43136-0070,295129.04,4498725.55,3387830,Nitrits
after_2007,0006,0014,F017413,Plana d'Alcanar - 43136-0070,295129.04,4498725.55,3387831,Nitrats
after_2007,0006,0014,F017413,Plana d'Alcanar - 43136-0070,295129.04,4498725.55,3387832,Amoni
after_2007,0006,0014,F017413,Plana d'Alcanar - 43136-0070,295129.04,4498725.55,3387833,Fosfats
after_2007,0006,0014,F017414,Plana de la Galera - 43138-0039,289610.12,4510241.61,3387834,Nitrits
after_2007,0006,0014,F017414,Plana de la Galera - 43138-0039,289610.12,4510241.61,3387835,Nitrats
after_2007,0006,0014,F017414,Plana de la Galera - 43138-0039,289610.12,4510241.61,3387836,Amoni
after_2007,0006,0014,F017414,Plana de la Galera - 43138-0039,289610.12,4510241.61,3387837,Fosfats
after_2007,0006,0014,F017415,Plana de la Galera - 43138-0105,287012.12,4510318.63,3387848,Nitrits
after_2007,0006,0014,F017415,Plana de la Galera - 43138-0105,287012.12,4510318.63,3387849,Nitrats
after_2007,0006,0014,F017415,Plana de la Galera - 43138-0105,287012.12,4510318.63,3387850,Amoni
after_2007,0006,0014,F017415,Plana de la Galera - 43138-0105,287012.12,4510318.63,3387851,Fosfats
after_2007,0006,0014,F017416,Plana de la Galera - 43155-0279,289430.17,4515811.62,3387852,Nitrits
after_2007,0006,0014,F017416,Plana de la Galera - 43155-0279,289430.17,4515811.62,3387853,Nitrats
after_2007,0006,0014,F017416,Plana de la Galera - 43155-0279,289430.17,4515811.62,3387854,Amoni
after_2007,0006,0014,F017416,Plana de la Galera - 43155-0279,289430.17,4515811.62,3387855,Fosfats
after_2007,0006,0014,F017417,Al·luvial de Tortosa - 43155-0361,293283,4514798,3387856,Nitrits
after_2007,0006,0014,F017417,Al·luvial de Tortosa - 43155-0361,293283,4514798,3387857,Nitrats
after_2007,0006,0014,F017417,Al·luvial de Tortosa - 43155-0361,293283,4514798,3387858,Amoni
after_2007,0006,0014,F017417,Al·luvial de Tortosa - 43155-0361,293283,4514798,3387859,Fosfats
after_2007,0006,0014,F017418,Plana de la Galera - 43155-0452,288755.22,4523723.64,3877682,Nitrits
after_2007,0006,0014,F017418,Plana de la Galera - 43155-0452,288755.22,4523723.64,3885568,Nitrats
after_2007,0006,0014,F017418,Plana de la Galera - 43155-0452,288755.22,4523723.64,3893454,Amoni
after_2007,0006,0014,F017418,Plana de la Galera - 43155-0452,288755.22,4523723.64,3901340,Fosfats
after_2007,0006,0014,F017419,Plana de la Sènia_Cat - 43156-0052,286341,4497400,3388429,Nitrits
after_2007,0006,0014,F017419,Plana de la Sènia_Cat - 43156-0052,286341,4497400,3388430,Nitrats
after_2007,0006,0014,F017419,Plana de la Sènia_Cat - 43156-0052,286341,4497400,3388431,Amoni
after_2007,0006,0014,F017419,Plana de la Sènia_Cat - 43156-0052,286341,4497400,3388432,Fosfats
after_2007,0006,0014,F017420,Plana de la Galera - 43156-0070,280070.06,4504272.67,3388433,Nitrits
after_2007,0006,0014,F017420,Plana de la Galera - 43156-0070,280070.06,4504272.67,3388434,Nitrats
after_2007,0006,0014,F017420,Plana de la Galera - 43156-0070,280070.06,4504272.67,3388435,Amoni
after_2007,0006,0014,F017420,Plana de la Galera - 43156-0070,280070.06,4504272.67,3388436,Fosfats
after_2007,0006,0014,F017421,Cardó - Vandellòs - 43903-0099,299983,4520058,3993020,Nitrits
after_2007,0006,0014,F017421,Cardó - Vandellòs - 43903-0099,299983,4520058,3993021,Nitrats
after_2007,0006,0014,F017421,Cardó - Vandellòs - 43903-0099,299983,4520058,3993022,Amoni
after_2007,0006,0014,F017421,Cardó - Vandellòs - 43903-0099,299983,4520058,3993023,Fosfats
after_2007,0006,0014,F017422,Delta de l'Ebre - 43904-0094,300136.16,4513498.53,3909226,Nitrits
after_2007,0006,0014,F017422,Delta de l'Ebre - 43904-0094,300136.16,4513498.53,3917112,Nitrats
after_2007,0006,0014,F017422,Delta de l'Ebre - 43904-0094,300136.16,4513498.53,3924998,Amoni
after_2007,0006,0014,F017422,Delta de l'Ebre - 43904-0094,300136.16,4513498.53,3932884,Fosfats
after_2007,0006,0014,F017423,Cardó - Vandellòs - 43904-0163,299735,4516222,3993027,Nitrits
after_2007,0006,0014,F017423,Cardó - Vandellòs - 43904-0163,299735,4516222,3993028,Nitrats
after_2007,0006,0014,F017423,Cardó - Vandellòs - 43904-0163,299735,4516222,3993029,Amoni
after_2007,0006,0014,F017423,Cardó - Vandellòs - 43904-0163,299735,4516222,3993030,Fosfats
after_2007,0006,0014,F017424,Delta de l'Ebre - 43904-0246,298267.15,4512387.55,3965360,Nitrits
after_2007,0006,0014,F017424,Delta de l'Ebre - 43904-0246,298267.15,4512387.55,3965361,Nitrats
after_2007,0006,0014,F017424,Delta de l'Ebre - 43904-0246,298267.15,4512387.55,3965362,Amoni
after_2007,0006,0014,F017424,Delta de l'Ebre - 43904-0246,298267.15,4512387.55,3965363,Fosfats
after_2007,0006,0014,F017425,Fossa de Móra - 43026-0030,298185,4549662,3380387,Nitrits
after_2007,0006,0014,F017425,Fossa de Móra - 43026-0030,298185,4549662,3380388,Nitrats
after_2007,0006,0014,F017425,Fossa de Móra - 43026-0030,298185,4549662,3380389,Amoni
after_2007,0006,0014,F017425,Fossa de Móra - 43026-0030,298185,4549662,3380390,Fosfats
after_2007,0006,0014,F017426,Fossa de Móra - 43026-0098,300477,4548055,3986681,Nitrits
after_2007,0006,0014,F017426,Fossa de Móra - 43026-0098,300477,4548055,3986682,Nitrats
after_2007,0006,0014,F017426,Fossa de Móra - 43026-0098,300477,4548055,3986683,Amoni
after_2007,0006,0014,F017426,Fossa de Móra - 43026-0098,300477,4548055,3986684,Fosfats
after_2007,0006,0014,F017427,Fossa de Móra - 43067-0009,301780,4545097,3380401,Nitrits
after_2007,0006,0014,F017427,Fossa de Móra - 43067-0009,301780,4545097,3380402,Nitrats
after_2007,0006,0014,F017427,Fossa de Móra - 43067-0009,301780,4545097,3380403,Amoni
after_2007,0006,0014,F017427,Fossa de Móra - 43067-0009,301780,4545097,3380404,Fosfats
after_2007,0006,0014,F017428,Fossa de Móra - 43067-0051,300404,4545820,3380405,Nitrits
after_2007,0006,0014,F017428,Fossa de Móra - 43067-0051,300404,4545820,3380406,Nitrats
after_2007,0006,0014,F017428,Fossa de Móra - 43067-0051,300404,4545820,3380407,Amoni
after_2007,0006,0014,F017428,Fossa de Móra - 43067-0051,300404,4545820,3380408,Fosfats
after_2007,0006,0014,F017429,Fossa de Móra - 43093-0074,299650,4553149,3380395,Nitrits
after_2007,0006,0014,F017429,Fossa de Móra - 43093-0074,299650,4553149,3380396,Nitrats
after_2007,0006,0014,F017429,Fossa de Móra - 43093-0074,299650,4553149,3380397,Amoni
after_2007,0006,0014,F017429,Fossa de Móra - 43093-0074,299650,4553149,3380398,Fosfats
after_2007,0006,0014,F017432,Al·luvial del baix Segre_Cat - 25008-0002,306566,4621881,3386093,Nitrits
after_2007,0006,0014,F017432,Al·luvial del baix Segre_Cat - 25008-0002,306566,4621881,3386094,Nitrats
after_2007,0006,0014,F017432,Al·luvial del baix Segre_Cat - 25008-0002,306566,4621881,3386095,Amoni
after_2007,0006,0014,F017432,Al·luvial del baix Segre_Cat - 25008-0002,306566,4621881,3386096,Fosfats
after_2007,0006,0014,F017433,N/D - Subterrània - 25011-0004,289506,4608097,3386100,Nitrits
after_2007,0006,0014,F017433,N/D - Subterrània - 25011-0004,289506,4608097,3386101,Nitrats
after_2007,0006,0014,F017433,N/D - Subterrània - 25011-0004,289506,4608097,3386102,Amoni
after_2007,0006,0014,F017433,N/D - Subterrània - 25011-0004,289506,4608097,3386103,Fosfats
after_2007,0006,0014,F017434,N/D - Subterrània - 25021-0006,293031,4626539,3386121,Nitrits
after_2007,0006,0014,F017434,N/D - Subterrània - 25021-0006,293031,4626539,3386122,Nitrats
after_2007,0006,0014,F017434,N/D - Subterrània - 25021-0006,293031,4626539,3386123,Amoni
after_2007,0006,0014,F017434,N/D - Subterrània - 25021-0006,293031,4626539,3386124,Fosfats
after_2007,0006,0014,F017435,N/D - Subterrània - 25016-0002,298629,4624499,3386112,Nitrits
after_2007,0006,0014,F017435,N/D - Subterrània - 25016-0002,298629,4624499,3386113,Nitrats
after_2007,0006,0014,F017435,N/D - Subterrània - 25016-0002,298629,4624499,3386114,Amoni
after_2007,0006,0014,F017435,N/D - Subterrània - 25016-0002,298629,4624499,3386115,Fosfats
after_2007,0006,0014,F017437,N/D - Subterrània - 25078-0003,307241,4617581,3386142,Nitrits
after_2007,0006,0014,F017437,N/D - Subterrània - 25078-0003,307241,4617581,3386143,Nitrats
after_2007,0006,0014,F017437,N/D - Subterrània - 25078-0003,307241,4617581,3386144,Amoni
after_2007,0006,0014,F017437,N/D - Subterrània - 25078-0003,307241,4617581,3386145,Fosfats
after_2007,0006,0014,F017438,N/D - Subterrània - 25092-0001,326445,4597333,3386263,Nitrits
after_2007,0006,0014,F017438,N/D - Subterrània - 25092-0001,326445,4597333,3386264,Nitrats
after_2007,0006,0014,F017438,N/D - Subterrània - 25092-0001,326445,4597333,3386265,Amoni
after_2007,0006,0014,F017438,N/D - Subterrània - 25092-0001,326445,4597333,3386266,Fosfats
after_2007,0006,0014,F017439,N/D - Subterrània - 25912-0002,282493,4613849,3386196,Nitrits
after_2007,0006,0014,F017439,N/D - Subterrània - 25912-0002,282493,4613849,3386197,Nitrats
after_2007,0006,0014,F017439,N/D - Subterrània - 25912-0002,282493,4613849,3386198,Amoni
after_2007,0006,0014,F017439,N/D - Subterrània - 25912-0002,282493,4613849,3386199,Fosfats
after_2007,0006,0014,F017440,N/D - Subterrània - 25105-0001,305462,4588363,3386270,Nitrits
after_2007,0006,0014,F017440,N/D - Subterrània - 25105-0001,305462,4588363,3386271,Nitrats
after_2007,0006,0014,F017440,N/D - Subterrània - 25105-0001,305462,4588363,3386272,Amoni
after_2007,0006,0014,F017440,N/D - Subterrània - 25105-0001,305462,4588363,3386273,Fosfats
after_2007,0006,0014,F017442,N/D - Subterrània - 25125-0014,294394.18,4582237.19,4058051,Nitrits
after_2007,0006,0014,F017442,N/D - Subterrània - 25125-0014,294394.18,4582237.19,4058052,Nitrats
after_2007,0006,0014,F017442,N/D - Subterrània - 25125-0014,294394.18,4582237.19,4058053,Amoni
after_2007,0006,0014,F017442,N/D - Subterrània - 25125-0014,294394.18,4582237.19,4058055,Fosfats
after_2007,0006,0014,F017443,Al·luvial del baix Segre_Cat - 25156-0034,319283,4633472,3386159,Nitrits
after_2007,0006,0014,F017443,Al·luvial del baix Segre_Cat - 25156-0034,319283,4633472,3386160,Nitrats
after_2007,0006,0014,F017443,Al·luvial del baix Segre_Cat - 25156-0034,319283,4633472,3386161,Amoni
after_2007,0006,0014,F017443,Al·luvial del baix Segre_Cat - 25156-0034,319283,4633472,3386162,Fosfats
after_2007,0006,0014,F017444,N/D - Subterrània - 25153-0009,330725,4596406,3386277,Nitrits
after_2007,0006,0014,F017444,N/D - Subterrània - 25153-0009,330725,4596406,3386278,Nitrats
after_2007,0006,0014,F017444,N/D - Subterrània - 25153-0009,330725,4596406,3386279,Amoni
after_2007,0006,0014,F017444,N/D - Subterrània - 25153-0009,330725,4596406,3386281,Fosfats
after_2007,0006,0014,F017445,Al·luvial del baix Segre_Cat - 25204-0007,282247.73,4591796.79,3386174,Nitrits
after_2007,0006,0014,F017445,Al·luvial del baix Segre_Cat - 25204-0007,282247.73,4591796.79,3386175,Nitrats
after_2007,0006,0014,F017445,Al·luvial del baix Segre_Cat - 25204-0007,282247.73,4591796.79,3386176,Amoni
after_2007,0006,0014,F017445,Al·luvial del baix Segre_Cat - 25204-0007,282247.73,4591796.79,3386177,Fosfats
after_2007,0006,0014,F017446,N/D - Subterrània - 25200-0011,296456,4592999,3386285,Nitrits
after_2007,0006,0014,F017446,N/D - Subterrània - 25200-0011,296456,4592999,3386286,Nitrats
after_2007,0006,0014,F017446,N/D - Subterrània - 25200-0011,296456,4592999,3386287,Amoni
after_2007,0006,0014,F017446,N/D - Subterrània - 25200-0011,296456,4592999,3386288,Fosfats
after_2007,0006,0014,F017447,N/D - Subterrània - 25200-0012,295722,4592946,3386292,Nitrits
after_2007,0006,0014,F017447,N/D - Subterrània - 25200-0012,295722,4592946,3386293,Nitrats
after_2007,0006,0014,F017447,N/D - Subterrània - 25200-0012,295722,4592946,3386294,Amoni
after_2007,0006,0014,F017447,N/D - Subterrània - 25200-0012,295722,4592946,3386295,Fosfats
after_2007,0006,0014,F017448,N/D - Subterrània - 25206-0009,305755,4587600,3988598,Nitrits
after_2007,0006,0014,F017448,N/D - Subterrània - 25206-0009,305755,4587600,3988599,Nitrats
after_2007,0006,0014,F017448,N/D - Subterrània - 25206-0009,305755,4587600,3988600,Amoni
after_2007,0006,0014,F017448,N/D - Subterrània - 25206-0009,305755,4587600,3988601,Fosfats
after_2007,0006,0014,F017449,N/D - Subterrània - 25224-0004,310811,4582974,3386299,Nitrits
after_2007,0006,0014,F017449,N/D - Subterrània - 25224-0004,310811,4582974,3386300,Nitrats
after_2007,0006,0014,F017449,N/D - Subterrània - 25224-0004,310811,4582974,3386301,Amoni
after_2007,0006,0014,F017449,N/D - Subterrània - 25224-0004,310811,4582974,3386302,Fosfats
after_2007,0006,0014,F017450,N/D - Subterrània - 25228-0001,293973,4620732,3386182,Nitrits
after_2007,0006,0014,F017450,N/D - Subterrània - 25228-0001,293973,4620732,3386183,Nitrats
after_2007,0006,0014,F017450,N/D - Subterrània - 25228-0001,293973,4620732,3386184,Amoni
after_2007,0006,0014,F017450,N/D - Subterrània - 25228-0001,293973,4620732,3386185,Fosfats
after_2007,0006,0014,F017451,N/D - Subterrània - 25226-0007,298202.74,4589888.37,3386306,Nitrits
after_2007,0006,0014,F017451,N/D - Subterrània - 25226-0007,298202.74,4589888.37,3386307,Nitrats
after_2007,0006,0014,F017451,N/D - Subterrània - 25226-0007,298202.74,4589888.37,3386308,Amoni
after_2007,0006,0014,F017451,N/D - Subterrània - 25226-0007,298202.74,4589888.37,3386309,Fosfats
after_2007,0006,0014,F017452,N/D - Subterrània - 25251-0002,299961,4620406,3386189,Nitrits
after_2007,0006,0014,F017452,N/D - Subterrània - 25251-0002,299961,4620406,3386190,Nitrats
after_2007,0006,0014,F017452,N/D - Subterrània - 25251-0002,299961,4620406,3386191,Amoni
after_2007,0006,0014,F017452,N/D - Subterrània - 25251-0002,299961,4620406,3386192,Fosfats
after_2007,0006,0014,F017453,Al·luvial del baix Segre_Cat - 25038-0001,288477,4597126,3386128,Nitrits
after_2007,0006,0014,F017453,Al·luvial del baix Segre_Cat - 25038-0001,288477,4597126,3386129,Nitrats
after_2007,0006,0014,F017453,Al·luvial del baix Segre_Cat - 25038-0001,288477,4597126,3386130,Amoni
after_2007,0006,0014,F017453,Al·luvial del baix Segre_Cat - 25038-0001,288477,4597126,3386131,Fosfats
after_2007,0006,0014,F017591,Plioquaternari de l'Onyar - 17033-0007,485786.36,4633032.31,4357482,Nitrits
after_2007,0006,0014,F017591,Plioquaternari de l'Onyar - 17033-0007,485786.36,4633032.31,4357483,Nitrats
after_2007,0006,0014,F017591,Plioquaternari de l'Onyar - 17033-0007,485786.36,4633032.31,4357488,Amoni
after_2007,0006,0014,F017591,Plioquaternari de l'Onyar - 17033-0007,485786.36,4633032.31,4357494,Fosfats
after_2007,0006,0014,F017606,Fluviovolcànic de la Garrotxa - 17184-0081,466095,4665944,3381661,Nitrits
after_2007,0006,0014,F017606,Fluviovolcànic de la Garrotxa - 17184-0081,466095,4665944,3381662,Nitrats
after_2007,0006,0014,F017606,Fluviovolcànic de la Garrotxa - 17184-0081,466095,4665944,3381668,Amoni
after_2007,0006,0014,F017606,Fluviovolcànic de la Garrotxa - 17184-0081,466095,4665944,3381674,Fosfats
after_2007,0006,0014,F017762,Detrític neogen de l'Empordà - 17222-0004,495838,4666234,3987919,Nitrits
after_2007,0006,0014,F017762,Detrític neogen de l'Empordà - 17222-0004,495838,4666234,3987920,Nitrats
after_2007,0006,0014,F017762,Detrític neogen de l'Empordà - 17222-0004,495838,4666234,3987926,Amoni
after_2007,0006,0014,F017762,Detrític neogen de l'Empordà - 17222-0004,495838,4666234,3987987,Fosfats
after_2007,0006,0014,F017780,Fluviovolcànic de la Garrotxa - 17139-0002,456619.57,4666840.59,4141318,Nitrits
after_2007,0006,0014,F017780,Fluviovolcànic de la Garrotxa - 17139-0002,456619.57,4666840.59,4141319,Nitrats
after_2007,0006,0014,F017780,Fluviovolcànic de la Garrotxa - 17139-0002,456619.57,4666840.59,4141320,Amoni
after_2007,0006,0014,F017780,Fluviovolcànic de la Garrotxa - 17139-0002,456619.57,4666840.59,4141321,Fosfats
after_2007,0006,0014,F017781,N/D - Subterrània - 25181-0004,343806,4626646,3386166,Nitrits
after_2007,0006,0014,F017781,N/D - Subterrània - 25181-0004,343806,4626646,3386167,Nitrats
after_2007,0006,0014,F017781,N/D - Subterrània - 25181-0004,343806,4626646,3386168,Amoni
after_2007,0006,0014,F017781,N/D - Subterrània - 25181-0004,343806,4626646,3386170,Fosfats
after_2007,0006,0014,F017858,Al·luvials de la Baixa Costa Brava - 17181-0053,500940.15,4628372.39,3988720,Nitrits
after_2007,0006,0014,F017858,Al·luvials de la Baixa Costa Brava - 17181-0053,500940.15,4628372.39,3988721,Nitrats
after_2007,0006,0014,F017858,Al·luvials de la Baixa Costa Brava - 17181-0053,500940.15,4628372.39,3988727,Amoni
after_2007,0006,0014,F017858,Al·luvials de la Baixa Costa Brava - 17181-0053,500940.15,4628372.39,3988749,Fosfats
after_2007,0006,0014,F017904,Plana de Vic - Collsacabra - 08254-0030,444450.6,4651996.1,3387793,Nitrits
after_2007,0006,0014,F017904,Plana de Vic - Collsacabra - 08254-0030,444450.6,4651996.1,3387794,Nitrats
after_2007,0006,0014,F017904,Plana de Vic - Collsacabra - 08254-0030,444450.6,4651996.1,3387795,Amoni
after_2007,0006,0014,F017904,Plana de Vic - Collsacabra - 08254-0030,444450.6,4651996.1,3387796,Fosfats
after_2007,0006,0014,F018217,Al·luvials del Vallès - 08136-0100,439402,4600020,3386943,Nitrits
after_2007,0006,0014,F018217,Al·luvials del Vallès - 08136-0100,439402,4600020,3386944,Nitrats
after_2007,0006,0014,F018217,Al·luvials del Vallès - 08136-0100,439402,4600020,3386945,Amoni
after_2007,0006,0014,F018217,Al·luvials del Vallès - 08136-0100,439402,4600020,3386946,Fosfats
after_2007,0006,0014,F018760,Plioquaternari de la Riera Santa Coloma - 17193-0119,478384.2,4626685.06,4482168,Nitrits
after_2007,0006,0014,F018760,Plioquaternari de la Riera Santa Coloma - 17193-0119,478384.2,4626685.06,4482169,Nitrats
after_2007,0006,0014,F018760,Plioquaternari de la Riera Santa Coloma - 17193-0119,478384.2,4626685.06,4482174,Amoni
after_2007,0006,0014,F018760,Plioquaternari de la Riera Santa Coloma - 17193-0119,478384.2,4626685.06,4482180,Fosfats
after_2007,0006,0014,F018761,l'Ametlla de Mar- Perelló - 43104-0045,309968,4529548,1672301,Amoni
after_2007,0006,0014,F018761,l'Ametlla de Mar- Perelló - 43104-0045,309968,4529548,1693166,Nitrats
after_2007,0006,0014,F018761,l'Ametlla de Mar- Perelló - 43104-0045,309968,4529548,2682167,Nitrits
after_2007,0006,0014,F018761,l'Ametlla de Mar- Perelló - 43104-0045,309968,4529548,3295590,Fosfats
after_2007,0006,0014,F019009,El Fluvià des del riu Ser fins al mar - 210006500,496567,4667751,3969216,Nitrits
after_2007,0006,0014,F019009,El Fluvià des del riu Ser fins al mar - 210006500,496567,4667751,3969217,Nitrats
after_2007,0006,0014,F019009,El Fluvià des del riu Ser fins al mar - 210006500,496567,4667751,3969224,Amoni
after_2007,0006,0014,F019009,El Fluvià des del riu Ser fins al mar - 210006500,496567,4667751,3969230,Fosfats
after_2007,0006,0014,F019542,Prades - Alt Francolí - 43176-0002,335651.73,4581437.37,3986410,Nitrits
after_2007,0006,0014,F019542,Prades - Alt Francolí - 43176-0002,335651.73,4581437.37,3986411,Nitrats
after_2007,0006,0014,F019542,Prades - Alt Francolí - 43176-0002,335651.73,4581437.37,3986417,Amoni
after_2007,0006,0014,F019542,Prades - Alt Francolí - 43176-0002,335651.73,4581437.37,4159508,Fosfats
after_2007,0006,0014,F019543,Delta de l'Ebre - 43903-0075,303252,4516296,3986978,Nitrits
after_2007,0006,0014,F019543,Delta de l'Ebre - 43903-0075,303252,4516296,3986979,Nitrats
after_2007,0006,0014,F019543,Delta de l'Ebre - 43903-0075,303252,4516296,3986985,Amoni
after_2007,0006,0014,F019543,Delta de l'Ebre - 43903-0075,303252,4516296,3993016,Fosfats
after_2007,0006,0014,F020080,Al·luvials de l'Albera i Cap de Creus - 17092-0002,512512,4690442,3992952,Nitrats
after_2007,0006,0014,F020080,Al·luvials de l'Albera i Cap de Creus - 17092-0002,512512,4690442,4190939,Nitrits
after_2007,0006,0014,F020080,Al·luvials de l'Albera i Cap de Creus - 17092-0002,512512,4690442,4190940,Amoni
after_2007,0006,0014,F020080,Al·luvials de l'Albera i Cap de Creus - 17092-0002,512512,4690442,4190941,Fosfats
after_2007,0006,0014,F020830,Prades - Alt Francolí - 43086-0053,345736,4580010,4056545,Nitrits
after_2007,0006,0014,F020830,Prades - Alt Francolí - 43086-0053,345736,4580010,4056546,Nitrats
after_2007,0006,0014,F020830,Prades - Alt Francolí - 43086-0053,345736,4580010,4056552,Amoni
after_2007,0006,0014,F020830,Prades - Alt Francolí - 43086-0053,345736,4580010,4056559,Fosfats
after_2007,0006,0014,F020889,Detrític neogen de l'Empordà - 17026-0033,495343,4673893,4056375,Nitrits
after_2007,0006,0014,F020889,Detrític neogen de l'Empordà - 17026-0033,495343,4673893,4056376,Nitrats
after_2007,0006,0014,F020889,Detrític neogen de l'Empordà - 17026-0033,495343,4673893,4056377,Amoni
after_2007,0006,0014,F020889,Detrític neogen de l'Empordà - 17026-0033,495343,4673893,4056378,Fosfats
after_2007,0006,0014,F020970,Detrític neogen de l'Empordà - 17210-0188,504796.64,4665775.22,4061897,Nitrits
after_2007,0006,0014,F020970,Detrític neogen de l'Empordà - 17210-0188,504796.64,4665775.22,4061898,Nitrats
after_2007,0006,0014,F020970,Detrític neogen de l'Empordà - 17210-0188,504796.64,4665775.22,4061904,Amoni
after_2007,0006,0014,F020970,Detrític neogen de l'Empordà - 17210-0188,504796.64,4665775.22,4139928,Fosfats
after_2007,0006,0014,F020989,N/D - Subterrània - 43046-0007,357804.89,4597289.23,4063451,Nitrits
after_2007,0006,0014,F020989,N/D - Subterrània - 43046-0007,357804.89,4597289.23,4063452,Nitrats
after_2007,0006,0014,F020989,N/D - Subterrània - 43046-0007,357804.89,4597289.23,4063458,Amoni
after_2007,0006,0014,F020989,N/D - Subterrània - 43046-0007,357804.89,4597289.23,4063464,Fosfats
after_2007,0006,0014,F020991,N/D - Subterrània - 43061-0003,353012.29,4596952.47,4058081,Nitrits
after_2007,0006,0014,F020991,N/D - Subterrània - 43061-0003,353012.29,4596952.47,4058082,Nitrats
after_2007,0006,0014,F020991,N/D - Subterrània - 43061-0003,353012.29,4596952.47,4058088,Amoni
after_2007,0006,0014,F020991,N/D - Subterrània - 43061-0003,353012.29,4596952.47,4058094,Fosfats
after_2007,0006,0014,F020992,N/D - Subterrània - 43105-0003,362340,4594677,4060501,Nitrits
after_2007,0006,0014,F020992,N/D - Subterrània - 43105-0003,362340,4594677,4060502,Nitrats
after_2007,0006,0014,F020992,N/D - Subterrània - 43105-0003,362340,4594677,4060508,Amoni
after_2007,0006,0014,F020992,N/D - Subterrània - 43105-0003,362340,4594677,4060514,Fosfats
after_2007,0006,0014,F020994,N/D - Subterrània - 43105-0006,365551.3,4596990.57,4058117,Nitrits
after_2007,0006,0014,F020994,N/D - Subterrània - 43105-0006,365551.3,4596990.57,4058118,Nitrats
after_2007,0006,0014,F020994,N/D - Subterrània - 43105-0006,365551.3,4596990.57,4058124,Amoni
after_2007,0006,0014,F020994,N/D - Subterrània - 43105-0006,365551.3,4596990.57,4058130,Fosfats
after_2007,0006,0014,F020996,Alta Anoia - 43139-0025,364534,4599918,4058153,Nitrits
after_2007,0006,0014,F020996,Alta Anoia - 43139-0025,364534,4599918,4058154,Nitrats
after_2007,0006,0014,F020996,Alta Anoia - 43139-0025,364534,4599918,4058160,Amoni
after_2007,0006,0014,F020996,Alta Anoia - 43139-0025,364534,4599918,4058166,Fosfats
after_2007,0006,0014,F021343,Baix Camp - 43167-0041,328358.5,4552276.38,4116212,Nitrits
after_2007,0006,0014,F021343,Baix Camp - 43167-0041,328358.5,4552276.38,4116213,Nitrats
after_2007,0006,0014,F021343,Baix Camp - 43167-0041,328358.5,4552276.38,4116219,Amoni
after_2007,0006,0014,F021343,Baix Camp - 43167-0041,328358.5,4552276.38,4116225,Fosfats
after_2007,0006,0014,F021405,Carme-Capellades - 08048-0014,386167,4598262,4116907,Nitrits
after_2007,0006,0014,F021405,Carme-Capellades - 08048-0014,386167,4598262,4116908,Nitrats
after_2007,0006,0014,F021405,Carme-Capellades - 08048-0014,386167,4598262,4116914,Amoni
after_2007,0006,0014,F021405,Carme-Capellades - 08048-0014,386167,4598262,4116920,Fosfats
after_2007,0006,0014,F021868,Serres marginals catalanes - 25002-0003,317725,4651507,4128985,Nitrits
after_2007,0006,0014,F021868,Serres marginals catalanes - 25002-0003,317725,4651507,4128986,Nitrats
after_2007,0006,0014,F021868,Serres marginals catalanes - 25002-0003,317725,4651507,4128992,Amoni
after_2007,0006,0014,F021868,Serres marginals catalanes - 25002-0003,317725,4651507,4159615,Fosfats
after_2007,0006,0014,F022027,Detrític neogen de l'Empordà - 17051-0020,487362.7,4677154.67,4137943,Nitrits
after_2007,0006,0014,F022027,Detrític neogen de l'Empordà - 17051-0020,487362.7,4677154.67,4137944,Nitrats
after_2007,0006,0014,F022027,Detrític neogen de l'Empordà - 17051-0020,487362.7,4677154.67,4137945,Amoni
after_2007,0006,0014,F022027,Detrític neogen de l'Empordà - 17051-0020,487362.7,4677154.67,4138463,Fosfats
after_2007,0006,0014,F022050,Serra del Montsià - 43068-0023,289660.11,4508146.61,4138369,Nitrits
after_2007,0006,0014,F022050,Serra del Montsià - 43068-0023,289660.11,4508146.61,4138370,Nitrats
after_2007,0006,0014,F022050,Serra del Montsià - 43068-0023,289660.11,4508146.61,4138371,Amoni
after_2007,0006,0014,F022050,Serra del Montsià - 43068-0023,289660.11,4508146.61,4142237,Fosfats
after_2007,0006,0014,F022053,Calcàries de Tàrrega - 25103-0001,352751.02,4616039.29,4138381,Nitrits
after_2007,0006,0014,F022053,Calcàries de Tàrrega - 25103-0001,352751.02,4616039.29,4138382,Nitrats
after_2007,0006,0014,F022053,Calcàries de Tàrrega - 25103-0001,352751.02,4616039.29,4138387,Amoni
after_2007,0006,0014,F022053,Calcàries de Tàrrega - 25103-0001,352751.02,4616039.29,4140017,Fosfats
after_2007,0006,0014,F022237,Fluviovolcànic de la Garrotxa - 17185-0100,462164.4,4673816.8,4139888,Nitrits
after_2007,0006,0014,F022237,Fluviovolcànic de la Garrotxa - 17185-0100,462164.4,4673816.8,4139889,Nitrats
after_2007,0006,0014,F022237,Fluviovolcànic de la Garrotxa - 17185-0100,462164.4,4673816.8,4139890,Amoni
after_2007,0006,0014,F022237,Fluviovolcànic de la Garrotxa - 17185-0100,462164.4,4673816.8,4139891,Fosfats
after_2007,0006,0014,F022277,Alt Camp - 43001-0075,365399.7,4580686.3,4141741,Nitrits
after_2007,0006,0014,F022277,Alt Camp - 43001-0075,365399.7,4580686.3,4141742,Nitrats
after_2007,0006,0014,F022277,Alt Camp - 43001-0075,365399.7,4580686.3,4141747,Amoni
after_2007,0006,0014,F022277,Alt Camp - 43001-0075,365399.7,4580686.3,4141753,Fosfats
after_2007,0006,0014,F022279,Alt Camp - 43161-0049,352365.68,4570460.23,4142036,Nitrits
after_2007,0006,0014,F022279,Alt Camp - 43161-0049,352365.68,4570460.23,4142037,Nitrats
after_2007,0006,0014,F022279,Alt Camp - 43161-0049,352365.68,4570460.23,4142042,Amoni
after_2007,0006,0014,F022279,Alt Camp - 43161-0049,352365.68,4570460.23,4142048,Fosfats
after_2007,0006,0014,F022393,Prades - Alt Francolí - 43147-0004,349455.82,4589941.28,4142509,Nitrits
after_2007,0006,0014,F022393,Prades - Alt Francolí - 43147-0004,349455.82,4589941.28,4142510,Nitrats
after_2007,0006,0014,F022393,Prades - Alt Francolí - 43147-0004,349455.82,4589941.28,4142511,Amoni
after_2007,0006,0014,F022393,Prades - Alt Francolí - 43147-0004,349455.82,4589941.28,4142512,Fosfats
after_2007,0006,0014,F022394,N/D - Subterrània - 43141-0001,369490.89,4594521.13,4142497,Nitrits
after_2007,0006,0014,F022394,N/D - Subterrània - 43141-0001,369490.89,4594521.13,4142498,Nitrats
after_2007,0006,0014,F022394,N/D - Subterrània - 43141-0001,369490.89,4594521.13,4142499,Amoni
after_2007,0006,0014,F022394,N/D - Subterrània - 43141-0001,369490.89,4594521.13,4142500,Fosfats
after_2007,0006,0014,F022395,N/D - Subterrània - 43141-0019,364472,4592224,4142501,Nitrits
after_2007,0006,0014,F022395,N/D - Subterrània - 43141-0019,364472,4592224,4142502,Nitrats
after_2007,0006,0014,F022395,N/D - Subterrània - 43141-0019,364472,4592224,4142503,Amoni
after_2007,0006,0014,F022395,N/D - Subterrània - 43141-0019,364472,4592224,4142504,Fosfats
after_2007,0006,0014,F022396,Prades - Alt Francolí - 43142-0010,358294.86,4593597.22,4142505,Nitrits
after_2007,0006,0014,F022396,Prades - Alt Francolí - 43142-0010,358294.86,4593597.22,4142506,Nitrats
after_2007,0006,0014,F022396,Prades - Alt Francolí - 43142-0010,358294.86,4593597.22,4142507,Amoni
after_2007,0006,0014,F022396,Prades - Alt Francolí - 43142-0010,358294.86,4593597.22,4142508,Fosfats
after_2007,0006,0014,F022398,N/D - Subterrània - 08021-0009,370126.91,4597970.13,4142493,Nitrits
after_2007,0006,0014,F022398,N/D - Subterrània - 08021-0009,370126.91,4597970.13,4142494,Nitrats
after_2007,0006,0014,F022398,N/D - Subterrània - 08021-0009,370126.91,4597970.13,4142495,Amoni
after_2007,0006,0014,F022398,N/D - Subterrània - 08021-0009,370126.91,4597970.13,4142496,Fosfats
after_2007,0006,0014,F022427,Plana de Vic - Collsacabra - 08183-0008,442493,4646888,4142765,Nitrits
after_2007,0006,0014,F022427,Plana de Vic - Collsacabra - 08183-0008,442493,4646888,4142766,Nitrats
after_2007,0006,0014,F022427,Plana de Vic - Collsacabra - 08183-0008,442493,4646888,4142767,Amoni
after_2007,0006,0014,F022427,Plana de Vic - Collsacabra - 08183-0008,442493,4646888,4142768,Fosfats
after_2007,0006,0014,F022430,Mesozoic de la Galera - 43133-0332,283355.16,4515976.67,4142802,Nitrits
after_2007,0006,0014,F022430,Mesozoic de la Galera - 43133-0332,283355.16,4515976.67,4142803,Nitrats
after_2007,0006,0014,F022430,Mesozoic de la Galera - 43133-0332,283355.16,4515976.67,4142808,Amoni
after_2007,0006,0014,F022430,Mesozoic de la Galera - 43133-0332,283355.16,4515976.67,4142814,Fosfats
after_2007,0006,0014,F022510,Detrític neogen del Vallès - 08051-0117,422516,4606068,4157385,Nitrits
after_2007,0006,0014,F022510,Detrític neogen del Vallès - 08051-0117,422516,4606068,4157386,Nitrats
after_2007,0006,0014,F022510,Detrític neogen del Vallès - 08051-0117,422516,4606068,4157391,Amoni
after_2007,0006,0014,F022510,Detrític neogen del Vallès - 08051-0117,422516,4606068,4157397,Fosfats
after_2007,0006,0014,F022628,Serres marginals catalanes - 25002-0004,312958.24,4652743.1,4159504,Nitrits
after_2007,0006,0014,F022628,Serres marginals catalanes - 25002-0004,312958.24,4652743.1,4159505,Nitrats
after_2007,0006,0014,F022628,Serres marginals catalanes - 25002-0004,312958.24,4652743.1,4159506,Amoni
after_2007,0006,0014,F022628,Serres marginals catalanes - 25002-0004,312958.24,4652743.1,4159507,Fosfats
after_2007,0006,0014,F022668,Fossa de Móra - 43093-0063,299123.45,4551870.6,4159655,Nitrits
after_2007,0006,0014,F022668,Fossa de Móra - 43093-0063,299123.45,4551870.6,4159656,Nitrats
after_2007,0006,0014,F022668,Fossa de Móra - 43093-0063,299123.45,4551870.6,4159661,Amoni
after_2007,0006,0014,F022668,Fossa de Móra - 43093-0063,299123.45,4551870.6,4159667,Fosfats
after_2007,0006,0014,F022717,Tremp-Isona - 25161-0006,328323.5,4680381.7,4161790,Nitrits
after_2007,0006,0014,F022717,Tremp-Isona - 25161-0006,328323.5,4680381.7,4161791,Nitrats
after_2007,0006,0014,F022717,Tremp-Isona - 25161-0006,328323.5,4680381.7,4161792,Amoni
after_2007,0006,0014,F022717,Tremp-Isona - 25161-0006,328323.5,4680381.7,4161793,Fosfats
after_2007,0006,0014,F023033,N/D - Subterrània - 25068-0012,331681.8,4614246.7,4162858,Nitrits
after_2007,0006,0014,F023033,N/D - Subterrània - 25068-0012,331681.8,4614246.7,4162859,Nitrats
after_2007,0006,0014,F023033,N/D - Subterrània - 25068-0012,331681.8,4614246.7,4162860,Amoni
after_2007,0006,0014,F023033,N/D - Subterrània - 25068-0012,331681.8,4614246.7,4162861,Fosfats
after_2007,0006,0014,F023114,Detrític neogen de l'Empordà - 17012-0031,493131.7,4676659.8,4165178,Nitrits
after_2007,0006,0014,F023114,Detrític neogen de l'Empordà - 17012-0031,493131.7,4676659.8,4165179,Nitrats
after_2007,0006,0014,F023114,Detrític neogen de l'Empordà - 17012-0031,493131.7,4676659.8,4165180,Amoni
after_2007,0006,0014,F023114,Detrític neogen de l'Empordà - 17012-0031,493131.7,4676659.8,4165222,Fosfats
after_2007,0006,0014,F023146,Maresme - 08030-0027,445930.03,4598200.56,4165431,Nitrits
after_2007,0006,0014,F023146,Maresme - 08030-0027,445930.03,4598200.56,4165432,Nitrats
after_2007,0006,0014,F023146,Maresme - 08030-0027,445930.03,4598200.56,4165433,Amoni
after_2007,0006,0014,F023146,Maresme - 08030-0027,445930.03,4598200.56,4165434,Fosfats
after_2007,0006,0014,F023175,Baix Francolí - 43148-0167,350826,4554164,4166051,Nitrits
after_2007,0006,0014,F023175,Baix Francolí - 43148-0167,350826,4554164,4166052,Nitrats
after_2007,0006,0014,F023175,Baix Francolí - 43148-0167,350826,4554164,4166058,Amoni
after_2007,0006,0014,F023175,Baix Francolí - 43148-0167,350826,4554164,4166098,Fosfats
after_2007,0006,0014,F023195,Baix Camp - 43109-0011,348943,4560992,4166116,Nitrits
after_2007,0006,0014,F023195,Baix Camp - 43109-0011,348943,4560992,4166117,Nitrats
after_2007,0006,0014,F023195,Baix Camp - 43109-0011,348943,4560992,4166118,Amoni
after_2007,0006,0014,F023195,Baix Camp - 43109-0011,348943,4560992,4166119,Fosfats
after_2007,0006,0014,F023242,Maresme - 08219-0163,447786.31,4595131.84,4167560,Nitrits
after_2007,0006,0014,F023242,Maresme - 08219-0163,447786.31,4595131.84,4167561,Nitrats
after_2007,0006,0014,F023242,Maresme - 08219-0163,447786.31,4595131.84,4167566,Amoni
after_2007,0006,0014,F023242,Maresme - 08219-0163,447786.31,4595131.84,4167572,Fosfats
after_2007,0006,0014,F023258,Prades - Alt Francolí - 43029-0007,346402,4587768,4167485,Nitrits
after_2007,0006,0014,F023258,Prades - Alt Francolí - 43029-0007,346402,4587768,4167486,Nitrats
after_2007,0006,0014,F023258,Prades - Alt Francolí - 43029-0007,346402,4587768,4167487,Amoni
after_2007,0006,0014,F023258,Prades - Alt Francolí - 43029-0007,346402,4587768,4167488,Fosfats
after_2007,0006,0014,F023259,Prades - Alt Francolí - 43147-0015,347293,4591734,4167489,Nitrits
after_2007,0006,0014,F023259,Prades - Alt Francolí - 43147-0015,347293,4591734,4167490,Nitrats
after_2007,0006,0014,F023259,Prades - Alt Francolí - 43147-0015,347293,4591734,4167491,Amoni
after_2007,0006,0014,F023259,Prades - Alt Francolí - 43147-0015,347293,4591734,4167492,Fosfats
after_2007,0006,0014,F023269,Detrítics terciaris del Llobregat mig - 08062-0001,403406.23,4632195.94,4167527,Nitrits
after_2007,0006,0014,F023269,Detrítics terciaris del Llobregat mig - 08062-0001,403406.23,4632195.94,4167528,Nitrats
after_2007,0006,0014,F023269,Detrítics terciaris del Llobregat mig - 08062-0001,403406.23,4632195.94,4167529,Amoni
after_2007,0006,0014,F023269,Detrítics terciaris del Llobregat mig - 08062-0001,403406.23,4632195.94,4167530,Fosfats
after_2007,0006,0014,F023321,Sorres de Santa Oliva - 43028-0067,372498.72,4571328.08,4167532,Nitrits
after_2007,0006,0014,F023321,Sorres de Santa Oliva - 43028-0067,372498.72,4571328.08,4167533,Nitrats
after_2007,0006,0014,F023321,Sorres de Santa Oliva - 43028-0067,372498.72,4571328.08,4167534,Amoni
after_2007,0006,0014,F023321,Sorres de Santa Oliva - 43028-0067,372498.72,4571328.08,4167535,Fosfats
after_2007,0006,0014,F023410,Plana de Vic - Collsacabra - 08285-0069,439206.44,4652895.7,4169375,Nitrits
after_2007,0006,0014,F023410,Plana de Vic - Collsacabra - 08285-0069,439206.44,4652895.7,4169376,Nitrats
after_2007,0006,0014,F023410,Plana de Vic - Collsacabra - 08285-0069,439206.44,4652895.7,4169381,Amoni
after_2007,0006,0014,F023410,Plana de Vic - Collsacabra - 08285-0069,439206.44,4652895.7,4169387,Fosfats
after_2007,0006,0014,F023477,Al·luvials del Vallès - 08181-0029,444800.09,4606568.58,4178559,Nitrits
after_2007,0006,0014,F023477,Al·luvials del Vallès - 08181-0029,444800.09,4606568.58,4178560,Nitrats
after_2007,0006,0014,F023477,Al·luvials del Vallès - 08181-0029,444800.09,4606568.58,4178561,Amoni
after_2007,0006,0014,F023477,Al·luvials del Vallès - 08181-0029,444800.09,4606568.58,4178562,Fosfats
after_2007,0006,0014,F023824,Moianès-Sant Llorenç del Munt - 08283-0033,433406.27,4632395.71,4180003,Nitrits
after_2007,0006,0014,F023824,Moianès-Sant Llorenç del Munt - 08283-0033,433406.27,4632395.71,4180004,Nitrats
after_2007,0006,0014,F023824,Moianès-Sant Llorenç del Munt - 08283-0033,433406.27,4632395.71,4180005,Amoni
after_2007,0006,0014,F023824,Moianès-Sant Llorenç del Munt - 08283-0033,433406.27,4632395.71,4180006,Fosfats
after_2007,0006,0014,F023836,Detrític neogen de l'Empordà - 17012-0036,492399.7,4676025.33,4180007,Nitrits
after_2007,0006,0014,F023836,Detrític neogen de l'Empordà - 17012-0036,492399.7,4676025.33,4180008,Nitrats
after_2007,0006,0014,F023836,Detrític neogen de l'Empordà - 17012-0036,492399.7,4676025.33,4180009,Amoni
after_2007,0006,0014,F023836,Detrític neogen de l'Empordà - 17012-0036,492399.7,4676025.33,4180010,Fosfats
after_2007,0006,0014,F024011,Fluviodeltaic del Fluvià - Muga - 17210-0147,505559.64,4666279.21,4183526,Nitrits
after_2007,0006,0014,F024011,Fluviodeltaic del Fluvià - Muga - 17210-0147,505559.64,4666279.21,4183527,Nitrats
after_2007,0006,0014,F024011,Fluviodeltaic del Fluvià - Muga - 17210-0147,505559.64,4666279.21,4183532,Amoni
after_2007,0006,0014,F024011,Fluviodeltaic del Fluvià - Muga - 17210-0147,505559.64,4666279.21,4183579,Fosfats
after_2007,0006,0014,F024017,Fluviodeltaic del Baix Ter - 17126-0040,503958.54,4653089.2,4183968,Nitrits
after_2007,0006,0014,F024017,Fluviodeltaic del Baix Ter - 17126-0040,503958.54,4653089.2,4183969,Nitrats
after_2007,0006,0014,F024017,Fluviodeltaic del Baix Ter - 17126-0040,503958.54,4653089.2,4183974,Amoni
after_2007,0006,0014,F024017,Fluviodeltaic del Baix Ter - 17126-0040,503958.54,4653089.2,4183980,Fosfats
after_2007,0006,0014,F024046,N/D - Subterrània - 25021-0005,291669.02,4628277.78,4183292,Nitrits
after_2007,0006,0014,F024046,N/D - Subterrània - 25021-0005,291669.02,4628277.78,4183293,Nitrats
after_2007,0006,0014,F024046,N/D - Subterrània - 25021-0005,291669.02,4628277.78,4183294,Amoni
after_2007,0006,0014,F024046,N/D - Subterrània - 25021-0005,291669.02,4628277.78,4183295,Fosfats
after_2007,0006,0014,F024055,Calcàries de Tàrrega - 25110-0009,359362,4627250,4183871,Nitrits
after_2007,0006,0014,F024055,Calcàries de Tàrrega - 25110-0009,359362,4627250,4183872,Nitrats
after_2007,0006,0014,F024055,Calcàries de Tàrrega - 25110-0009,359362,4627250,4183877,Amoni
after_2007,0006,0014,F024055,Calcàries de Tàrrega - 25110-0009,359362,4627250,4183883,Fosfats
after_2007,0006,0014,F024065,Fluviovolcànic de la Garrotxa - 17207-0178,454512,4668046,4184006,Nitrits
after_2007,0006,0014,F024065,Fluviovolcànic de la Garrotxa - 17207-0178,454512,4668046,4184007,Nitrats
after_2007,0006,0014,F024065,Fluviovolcànic de la Garrotxa - 17207-0178,454512,4668046,4184012,Amoni
after_2007,0006,0014,F024065,Fluviovolcànic de la Garrotxa - 17207-0178,454512,4668046,4184059,Fosfats
after_2007,0006,0014,F024676,Detrítics terciaris del Llobregat mig - 08018-0034,407542,4638137,4259377,Nitrits
after_2007,0006,0014,F024676,Detrítics terciaris del Llobregat mig - 08018-0034,407542,4638137,4259378,Nitrats
after_2007,0006,0014,F024676,Detrítics terciaris del Llobregat mig - 08018-0034,407542,4638137,4259383,Amoni
after_2007,0006,0014,F024676,Detrítics terciaris del Llobregat mig - 08018-0034,407542,4638137,4259389,Fosfats
after_2007,0006,0014,F024698,Al·luvial de Tortosa - 43155-1196,289810.2,4519892.62,4371779,Nitrits
after_2007,0006,0014,F024698,Al·luvial de Tortosa - 43155-1196,289810.2,4519892.62,4371780,Nitrats
after_2007,0006,0014,F024698,Al·luvial de Tortosa - 43155-1196,289810.2,4519892.62,4371785,Amoni
after_2007,0006,0014,F024698,Al·luvial de Tortosa - 43155-1196,289810.2,4519892.62,4371832,Fosfats
after_2007,0006,0014,F024700,Maresme - 08193-0030,462473.15,4609771.45,4190971,Nitrits
after_2007,0006,0014,F024700,Maresme - 08193-0030,462473.15,4609771.45,4190972,Nitrats
after_2007,0006,0014,F024700,Maresme - 08193-0030,462473.15,4609771.45,4190973,Amoni
after_2007,0006,0014,F024700,Maresme - 08193-0030,462473.15,4609771.45,4190974,Fosfats
after_2007,0006,0014,F024826,Cardó - Vandellòs - 43025-0120,293571.83,4537124.12,4259276,Nitrits
after_2007,0006,0014,F024826,Cardó - Vandellòs - 43025-0120,293571.83,4537124.12,4259277,Nitrats
after_2007,0006,0014,F024826,Cardó - Vandellòs - 43025-0120,293571.83,4537124.12,4259282,Amoni
after_2007,0006,0014,F024826,Cardó - Vandellòs - 43025-0120,293571.83,4537124.12,4259288,Fosfats
after_2007,0006,0014,F025029,N/D - Subterrània - 08098-0022,396406.08,4614785.96,4192727,Nitrits
after_2007,0006,0014,F025029,N/D - Subterrània - 08098-0022,396406.08,4614785.96,4192728,Nitrats
after_2007,0006,0014,F025029,N/D - Subterrània - 08098-0022,396406.08,4614785.96,4192729,Amoni
after_2007,0006,0014,F025029,N/D - Subterrània - 08098-0022,396406.08,4614785.96,4192730,Fosfats
after_2007,0006,0014,F025068,Detrític neogen del Penedès - 08065-0011,381941.77,4576444.01,4259407,Nitrits
after_2007,0006,0014,F025068,Detrític neogen del Penedès - 08065-0011,381941.77,4576444.01,4259408,Nitrats
after_2007,0006,0014,F025068,Detrític neogen del Penedès - 08065-0011,381941.77,4576444.01,4259409,Amoni
after_2007,0006,0014,F025068,Detrític neogen del Penedès - 08065-0011,381941.77,4576444.01,4259410,Fosfats
after_2007,0006,0014,F026086,Plioquaternari de l'Onyar - 17033-0046,486686.8,4633734.2,4267981,Fosfats
after_2007,0006,0014,F026086,Plioquaternari de l'Onyar - 17033-0046,486686.8,4633734.2,4267982,Amoni
after_2007,0006,0014,F026086,Plioquaternari de l'Onyar - 17033-0046,486686.8,4633734.2,4267983,Nitrats
after_2007,0006,0014,F026086,Plioquaternari de l'Onyar - 17033-0046,486686.8,4633734.2,4267984,Nitrits
after_2007,0006,0014,F026724,Fluviodeltaic del Baix Ter - 17018-0023,506491.59,4659324.2,4275575,Nitrits
after_2007,0006,0014,F026724,Fluviodeltaic del Baix Ter - 17018-0023,506491.59,4659324.2,4275576,Nitrats
after_2007,0006,0014,F026724,Fluviodeltaic del Baix Ter - 17018-0023,506491.59,4659324.2,4275577,Amoni
after_2007,0006,0014,F026724,Fluviodeltaic del Baix Ter - 17018-0023,506491.59,4659324.2,4275578,Fosfats
after_2007,0006,0014,F026876,Fluviodeltaic del Fluvià - Muga - 17005-0026,499317.72,4678424.28,4279853,Nitrits
after_2007,0006,0014,F026876,Fluviodeltaic del Fluvià - Muga - 17005-0026,499317.72,4678424.28,4279854,Nitrats
after_2007,0006,0014,F026876,Fluviodeltaic del Fluvià - Muga - 17005-0026,499317.72,4678424.28,4279859,Amoni
after_2007,0006,0014,F026876,Fluviodeltaic del Fluvià - Muga - 17005-0026,499317.72,4678424.28,4279865,Fosfats
after_2007,0006,0014,F027175,Calcàries de Tàrrega - 25911-0003,351066.03,4616556.31,4281379,Nitrits
after_2007,0006,0014,F027175,Calcàries de Tàrrega - 25911-0003,351066.03,4616556.31,4281380,Nitrats
after_2007,0006,0014,F027175,Calcàries de Tàrrega - 25911-0003,351066.03,4616556.31,4281381,Amoni
after_2007,0006,0014,F027175,Calcàries de Tàrrega - 25911-0003,351066.03,4616556.31,4281382,Fosfats
after_2007,0006,0014,F028424,Al·luvials de la Baixa Costa Brava - 17181-0126,497803.4,4630164.2,4290889,Nitrits
after_2007,0006,0014,F028424,Al·luvials de la Baixa Costa Brava - 17181-0126,497803.4,4630164.2,4290890,Nitrats
after_2007,0006,0014,F028424,Al·luvials de la Baixa Costa Brava - 17181-0126,497803.4,4630164.2,4290895,Amoni
after_2007,0006,0014,F028424,Al·luvials de la Baixa Costa Brava - 17181-0126,497803.4,4630164.2,4290942,Fosfats
after_2007,0006,0014,F028812,Baix Camp - 43167-0040,329184.5,4552173.37,4293149,Nitrits
after_2007,0006,0014,F028812,Baix Camp - 43167-0040,329184.5,4552173.37,4293150,Nitrats
after_2007,0006,0014,F028812,Baix Camp - 43167-0040,329184.5,4552173.37,4293151,Amoni
after_2007,0006,0014,F028812,Baix Camp - 43167-0040,329184.5,4552173.37,4293194,Fosfats
after_2007,0006,0014,F028832,Serra del Montsià - 43136-0002,296346.07,4501285.54,4293250,Nitrits
after_2007,0006,0014,F028832,Serra del Montsià - 43136-0002,296346.07,4501285.54,4293251,Nitrats
after_2007,0006,0014,F028832,Serra del Montsià - 43136-0002,296346.07,4501285.54,4293252,Amoni
after_2007,0006,0014,F028832,Serra del Montsià - 43136-0002,296346.07,4501285.54,4293295,Fosfats
after_2007,0006,0014,F029032,Sorres de Santa Oliva - 43024-0013,379984.71,4568439.01,4294288,Nitrits
after_2007,0006,0014,F029032,Sorres de Santa Oliva - 43024-0013,379984.71,4568439.01,4294289,Nitrats
after_2007,0006,0014,F029032,Sorres de Santa Oliva - 43024-0013,379984.71,4568439.01,4294294,Amoni
after_2007,0006,0014,F029032,Sorres de Santa Oliva - 43024-0013,379984.71,4568439.01,4294300,Fosfats
after_2007,0006,0014,F029653,Detrític neogen del Penedès - 08222-0041,403208.02,4591981.27,4342865,Nitrits
after_2007,0006,0014,F029653,Detrític neogen del Penedès - 08222-0041,403208.02,4591981.27,4342866,Nitrats
after_2007,0006,0014,F029653,Detrític neogen del Penedès - 08222-0041,403208.02,4591981.27,4342867,Amoni
after_2007,0006,0014,F029653,Detrític neogen del Penedès - 08222-0041,403208.02,4591981.27,4342868,Fosfats
after_2007,0006,0014,F029654,Detrític neogen del Penedès - 08240-0049,396347.8,4586772,4342869,Nitrits
after_2007,0006,0014,F029654,Detrític neogen del Penedès - 08240-0049,396347.8,4586772,4342870,Nitrats
after_2007,0006,0014,F029654,Detrític neogen del Penedès - 08240-0049,396347.8,4586772,4342871,Amoni
after_2007,0006,0014,F029654,Detrític neogen del Penedès - 08240-0049,396347.8,4586772,4342872,Fosfats
after_2007,0006,0014,F029716,N/D - Subterrània - 08143-0085,384323,4606270,4342873,Nitrits
after_2007,0006,0014,F029716,N/D - Subterrània - 08143-0085,384323,4606270,4342874,Nitrats
after_2007,0006,0014,F029716,N/D - Subterrània - 08143-0085,384323,4606270,4342875,Amoni
after_2007,0006,0014,F029716,N/D - Subterrània - 08143-0085,384323,4606270,4342876,Fosfats
after_2007,0006,0014,F029717,Plana de Vic - Collsacabra - 08254-0048,443666.44,4651885.66,4343884,Nitrits
after_2007,0006,0014,F029717,Plana de Vic - Collsacabra - 08254-0048,443666.44,4651885.66,4343885,Nitrats
after_2007,0006,0014,F029717,Plana de Vic - Collsacabra - 08254-0048,443666.44,4651885.66,4343886,Amoni
after_2007,0006,0014,F029717,Plana de Vic - Collsacabra - 08254-0048,443666.44,4651885.66,4343887,Fosfats
after_2007,0006,0014,F029796,Montseny-Guilleries - 17009-0069,458562.29,4629865.51,4349394,Nitrits
after_2007,0006,0014,F029796,Montseny-Guilleries - 17009-0069,458562.29,4629865.51,4349395,Nitrats
after_2007,0006,0014,F029796,Montseny-Guilleries - 17009-0069,458562.29,4629865.51,4349400,Amoni
after_2007,0006,0014,F029796,Montseny-Guilleries - 17009-0069,458562.29,4629865.51,4349406,Fosfats
after_2007,0006,0014,F029967,N/D - Subterrània - 43048-0008,286964.63,4549746.67,4454464,Nitrits
after_2007,0006,0014,F029967,N/D - Subterrània - 43048-0008,286964.63,4549746.67,4454465,Nitrats
after_2007,0006,0014,F029967,N/D - Subterrània - 43048-0008,286964.63,4549746.67,4454466,Amoni
after_2007,0006,0014,F029967,N/D - Subterrània - 43048-0008,286964.63,4549746.67,4454467,Fosfats
after_2007,0006,0014,F029977,Prelitoral del Vallès - 08033-0048,430609.41,4612183.25,4357407,Nitrits
after_2007,0006,0014,F029977,Prelitoral del Vallès - 08033-0048,430609.41,4612183.25,4357408,Nitrats
after_2007,0006,0014,F029977,Prelitoral del Vallès - 08033-0048,430609.41,4612183.25,4357409,Amoni
after_2007,0006,0014,F029977,Prelitoral del Vallès - 08033-0048,430609.41,4612183.25,4357410,Fosfats
after_2007,0006,0014,F029980,Plioquaternari de l'Onyar - 17233-0041,479046.4,4639925.37,4359932,Nitrits
after_2007,0006,0014,F029980,Plioquaternari de l'Onyar - 17233-0041,479046.4,4639925.37,4359933,Nitrats
after_2007,0006,0014,F029980,Plioquaternari de l'Onyar - 17233-0041,479046.4,4639925.37,4359934,Amoni
after_2007,0006,0014,F029980,Plioquaternari de l'Onyar - 17233-0041,479046.4,4639925.37,4359935,Fosfats
after_2007,0006,0014,F030214,Detrític neogen del Vallès - 08234-0086,448467.17,4615194.57,4362794,Nitrits
after_2007,0006,0014,F030214,Detrític neogen del Vallès - 08234-0086,448467.17,4615194.57,4362795,Nitrats
after_2007,0006,0014,F030214,Detrític neogen del Vallès - 08234-0086,448467.17,4615194.57,4362796,Amoni
after_2007,0006,0014,F030214,Detrític neogen del Vallès - 08234-0086,448467.17,4615194.57,4362797,Fosfats
after_2007,0006,0014,F030534,Detrític neogen del Vallès - 08159-0148,434329.1,4601657.9,4462075,Nitrits
after_2007,0006,0014,F030534,Detrític neogen del Vallès - 08159-0148,434329.1,4601657.9,4462076,Nitrats
after_2007,0006,0014,F030534,Detrític neogen del Vallès - 08159-0148,434329.1,4601657.9,4462082,Amoni
after_2007,0006,0014,F030534,Detrític neogen del Vallès - 08159-0148,434329.1,4601657.9,4462122,Fosfats
after_2007,0006,0014,F030652,Fossa de Móra - 43067-0043,298476.4,4544677.6,4366440,Nitrits
after_2007,0006,0014,F030652,Fossa de Móra - 43067-0043,298476.4,4544677.6,4366441,Nitrats
after_2007,0006,0014,F030652,Fossa de Móra - 43067-0043,298476.4,4544677.6,4366442,Amoni
after_2007,0006,0014,F030652,Fossa de Móra - 43067-0043,298476.4,4544677.6,4366443,Fosfats
after_2007,0006,0014,F030778,Calcàries de Tàrrega - 25905-0018,354856.3,4608351.3,4371585,Nitrits
after_2007,0006,0014,F030778,Calcàries de Tàrrega - 25905-0018,354856.3,4608351.3,4371586,Nitrats
after_2007,0006,0014,F030778,Calcàries de Tàrrega - 25905-0018,354856.3,4608351.3,4371587,Amoni
after_2007,0006,0014,F030778,Calcàries de Tàrrega - 25905-0018,354856.3,4608351.3,4371588,Fosfats
after_2007,0006,0014,F030792,N/D - Subterrània - 25224-0008,309455.72,4584726.57,4369793,Nitrits
after_2007,0006,0014,F030792,N/D - Subterrània - 25224-0008,309455.72,4584726.57,4369794,Nitrats
after_2007,0006,0014,F030792,N/D - Subterrània - 25224-0008,309455.72,4584726.57,4369795,Amoni
after_2007,0006,0014,F030792,N/D - Subterrània - 25224-0008,309455.72,4584726.57,4369796,Fosfats
after_2007,0006,0014,F031026,N/D - Subterrània - 25912-0001,280618.07,4613022.82,4371724,Nitrits
after_2007,0006,0014,F031026,N/D - Subterrània - 25912-0001,280618.07,4613022.82,4371725,Nitrats
after_2007,0006,0014,F031026,N/D - Subterrània - 25912-0001,280618.07,4613022.82,4371726,Amoni
after_2007,0006,0014,F031026,N/D - Subterrània - 25912-0001,280618.07,4613022.82,4371727,Fosfats
after_2007,0006,0014,F031027,Tremp-Isona - 25098-0029,332418.34,4661955.52,4371677,Nitrits
after_2007,0006,0014,F031027,Tremp-Isona - 25098-0029,332418.34,4661955.52,4371678,Nitrats
after_2007,0006,0014,F031027,Tremp-Isona - 25098-0029,332418.34,4661955.52,4371683,Amoni
after_2007,0006,0014,F031027,Tremp-Isona - 25098-0029,332418.34,4661955.52,4371689,Fosfats
after_2007,0006,0014,F031170,Plana de Vic - Collsacabra - 08254-0031,451392,4655368,4373909,Nitrits
after_2007,0006,0014,F031170,Plana de Vic - Collsacabra - 08254-0031,451392,4655368,4373910,Nitrats
after_2007,0006,0014,F031170,Plana de Vic - Collsacabra - 08254-0031,451392,4655368,4373911,Amoni
after_2007,0006,0014,F031170,Plana de Vic - Collsacabra - 08254-0031,451392,4655368,4373912,Fosfats
after_2007,0006,0014,F033188,Detrític neogen del Vallès - 08108-0029,437521.06,4604000.63,4468609,Nitrits
after_2007,0006,0014,F033188,Detrític neogen del Vallès - 08108-0029,437521.06,4604000.63,4468610,Nitrats
after_2007,0006,0014,F033188,Detrític neogen del Vallès - 08108-0029,437521.06,4604000.63,4468616,Amoni
after_2007,0006,0014,F033188,Detrític neogen del Vallès - 08108-0029,437521.06,4604000.63,4468656,Fosfats
after_2007,0006,0014,F033282,N/D - Subterrània - 08149-0008,424443.4,4650399.8,4528682,Nitrits
after_2007,0006,0014,F033282,N/D - Subterrània - 08149-0008,424443.4,4650399.8,4528683,Nitrats
after_2007,0006,0014,F033282,N/D - Subterrània - 08149-0008,424443.4,4650399.8,4528684,Amoni
after_2007,0006,0014,F033282,N/D - Subterrània - 08149-0008,424443.4,4650399.8,4528685,Fosfats
after_2007,0006,0014,F033336,Detrític neogen del Vallès - 08167-0014,429172.9,4600598.16,4462006,Nitrits
after_2007,0006,0014,F033336,Detrític neogen del Vallès - 08167-0014,429172.9,4600598.16,4462007,Nitrats
after_2007,0006,0014,F033336,Detrític neogen del Vallès - 08167-0014,429172.9,4600598.16,4462013,Amoni
after_2007,0006,0014,F033336,Detrític neogen del Vallès - 08167-0014,429172.9,4600598.16,4462053,Fosfats
after_2007,0006,0014,F033364,Detrític neogen del Vallès - 08184-0039,420316.96,4594440.75,4468388,Nitrits
after_2007,0006,0014,F033364,Detrític neogen del Vallès - 08184-0039,420316.96,4594440.75,4468389,Nitrats
after_2007,0006,0014,F033364,Detrític neogen del Vallès - 08184-0039,420316.96,4594440.75,4468394,Amoni
after_2007,0006,0014,F033364,Detrític neogen del Vallès - 08184-0039,420316.96,4594440.75,4468400,Fosfats
after_2007,0006,0014,F033408,Detrític neogen del Vallès - 08205-0052,422912.94,4590392.72,4462144,Nitrits
after_2007,0006,0014,F033408,Detrític neogen del Vallès - 08205-0052,422912.94,4590392.72,4462145,Nitrats
after_2007,0006,0014,F033408,Detrític neogen del Vallès - 08205-0052,422912.94,4590392.72,4462151,Amoni
after_2007,0006,0014,F033408,Detrític neogen del Vallès - 08205-0052,422912.94,4590392.72,4462191,Fosfats
after_2007,0006,0014,F033538,Detrític neogen del Penedès - 08273-0039,398005.84,4582495.9,4468336,Nitrits
after_2007,0006,0014,F033538,Detrític neogen del Penedès - 08273-0039,398005.84,4582495.9,4468337,Nitrats
after_2007,0006,0014,F033538,Detrític neogen del Penedès - 08273-0039,398005.84,4582495.9,4468342,Amoni
after_2007,0006,0014,F033538,Detrític neogen del Penedès - 08273-0039,398005.84,4582495.9,4468348,Fosfats
after_2007,0006,0014,F033607,Detrític neogen del Penedès - 08287-0083,392171,4586305,4490512,Nitrits
after_2007,0006,0014,F033607,Detrític neogen del Penedès - 08287-0083,392171,4586305,4490513,Nitrats
after_2007,0006,0014,F033607,Detrític neogen del Penedès - 08287-0083,392171,4586305,4490518,Amoni
after_2007,0006,0014,F033607,Detrític neogen del Penedès - 08287-0083,392171,4586305,4490524,Fosfats
after_2007,0006,0014,F033758,Baixa Garrotxa-Pla de l'Estany - 17040-0026,477536,4655087,4464811,Nitrits
after_2007,0006,0014,F033758,Baixa Garrotxa-Pla de l'Estany - 17040-0026,477536,4655087,4464812,Nitrats
after_2007,0006,0014,F033758,Baixa Garrotxa-Pla de l'Estany - 17040-0026,477536,4655087,4464817,Amoni
after_2007,0006,0014,F033758,Baixa Garrotxa-Pla de l'Estany - 17040-0026,477536,4655087,4464823,Fosfats
after_2007,0006,0014,F034173,Plioquaternari de la Riera Santa Coloma - 17213-0031,482048.3,4625768.3,4462251,Nitrits
after_2007,0006,0014,F034173,Plioquaternari de la Riera Santa Coloma - 17213-0031,482048.3,4625768.3,4462252,Nitrats
after_2007,0006,0014,F034173,Plioquaternari de la Riera Santa Coloma - 17213-0031,482048.3,4625768.3,4462257,Amoni
after_2007,0006,0014,F034173,Plioquaternari de la Riera Santa Coloma - 17213-0031,482048.3,4625768.3,4462263,Fosfats
after_2007,0006,0014,F034360,Baix Camp - 43088-0013,330416.51,4552312.37,1673315,Amoni
after_2007,0006,0014,F034360,Baix Camp - 43088-0013,330416.51,4552312.37,1694180,Nitrats
after_2007,0006,0014,F034360,Baix Camp - 43088-0013,330416.51,4552312.37,2683181,Nitrits
after_2007,0006,0014,F034360,Baix Camp - 43088-0013,330416.51,4552312.37,3113995,Fosfats
after_2007,0006,0014,F034475,Prades - Alt Francolí - 43130-0001,356520.86,4593788.23,4447591,Nitrits
after_2007,0006,0014,F034475,Prades - Alt Francolí - 43130-0001,356520.86,4593788.23,4447592,Nitrats
after_2007,0006,0014,F034475,Prades - Alt Francolí - 43130-0001,356520.86,4593788.23,4447597,Amoni
after_2007,0006,0014,F034475,Prades - Alt Francolí - 43130-0001,356520.86,4593788.23,4447603,Fosfats
after_2007,0006,0014,F034616,Al·luvials de la baixa i delta de la Tordera - 08110-0104,480263,4611648,4392268,Nitrits
after_2007,0006,0014,F034616,Al·luvials de la baixa i delta de la Tordera - 08110-0104,480263,4611648,4392269,Nitrats
after_2007,0006,0014,F034616,Al·luvials de la baixa i delta de la Tordera - 08110-0104,480263,4611648,4392274,Amoni
after_2007,0006,0014,F034616,Al·luvials de la baixa i delta de la Tordera - 08110-0104,480263,4611648,4392280,Fosfats
after_2007,0006,0014,F034617,Al·luvials de la baixa i delta de la Tordera - 08110-0092,480734.19,4611724.32,4397719,Nitrits
after_2007,0006,0014,F034617,Al·luvials de la baixa i delta de la Tordera - 08110-0092,480734.19,4611724.32,4397720,Nitrats
after_2007,0006,0014,F034617,Al·luvials de la baixa i delta de la Tordera - 08110-0092,480734.19,4611724.32,4397725,Amoni
after_2007,0006,0014,F034617,Al·luvials de la baixa i delta de la Tordera - 08110-0092,480734.19,4611724.32,4397772,Fosfats
after_2007,0006,0014,F036268,N/D - Subterrània - 25130-0005,336081.95,4601688.39,1670620,Amoni
after_2007,0006,0014,F036268,N/D - Subterrània - 25130-0005,336081.95,4601688.39,1691485,Nitrats
after_2007,0006,0014,F036268,N/D - Subterrània - 25130-0005,336081.95,4601688.39,2680486,Nitrits
after_2007,0006,0014,F036268,N/D - Subterrània - 25130-0005,336081.95,4601688.39,3115264,Fosfats
after_2007,0006,0014,F036268,N/D - Subterrània - 25130-0005,336081.95,4601688.39,4421255,Nitrits
after_2007,0006,0014,F036268,N/D - Subterrània - 25130-0005,336081.95,4601688.39,4421256,Nitrats
after_2007,0006,0014,F036268,N/D - Subterrània - 25130-0005,336081.95,4601688.39,4421257,Amoni
after_2007,0006,0014,F036268,N/D - Subterrània - 25130-0005,336081.95,4601688.39,4421258,Fosfats
after_2007,0006,0014,F038146,N/D - Subterrània - 25073-0001,321017.76,4587922.49,4411251,Nitrits
after_2007,0006,0014,F038146,N/D - Subterrània - 25073-0001,321017.76,4587922.49,4411252,Nitrats
after_2007,0006,0014,F038146,N/D - Subterrània - 25073-0001,321017.76,4587922.49,4411253,Amoni
after_2007,0006,0014,F038146,N/D - Subterrània - 25073-0001,321017.76,4587922.49,4411254,Fosfats
after_2007,0006,0014,F038147,Conca alta de la Muga - 17041-0004,493075,4698066,4412326,Nitrits
after_2007,0006,0014,F038147,Conca alta de la Muga - 17041-0004,493075,4698066,4412327,Nitrats
after_2007,0006,0014,F038147,Conca alta de la Muga - 17041-0004,493075,4698066,4412332,Amoni
after_2007,0006,0014,F038147,Conca alta de la Muga - 17041-0004,493075,4698066,4484217,Fosfats
after_2007,0006,0014,F038288,"Riu Daró des de Gualta fins al mar (Daró Vell), inclosos  la riera Grossa i el Torrent de la Revetlla - 190004000",513741,4650204,4411590,Nitrits
after_2007,0006,0014,F038288,"Riu Daró des de Gualta fins al mar (Daró Vell), inclosos  la riera Grossa i el Torrent de la Revetlla - 190004000",513741,4650204,4411591,Nitrats
after_2007,0006,0014,F038288,"Riu Daró des de Gualta fins al mar (Daró Vell), inclosos  la riera Grossa i el Torrent de la Revetlla - 190004000",513741,4650204,4411596,Amoni
after_2007,0006,0014,F038288,"Riu Daró des de Gualta fins al mar (Daró Vell), inclosos  la riera Grossa i el Torrent de la Revetlla - 190004000",513741,4650204,4411602,Fosfats
after_2007,0006,0014,F038627,Calcàries de Tàrrega - 25103-0016,352755.99,4611896.29,4420921,Nitrits
after_2007,0006,0014,F038627,Calcàries de Tàrrega - 25103-0016,352755.99,4611896.29,4420922,Nitrats
after_2007,0006,0014,F038627,Calcàries de Tàrrega - 25103-0016,352755.99,4611896.29,4420927,Amoni
after_2007,0006,0014,F038627,Calcàries de Tàrrega - 25103-0016,352755.99,4611896.29,4420933,Fosfats
after_2007,0006,0014,F038668,Al·luvial d'Urgell - 25158-0008,323207.95,4612133.51,4420951,Nitrits
after_2007,0006,0014,F038668,Al·luvial d'Urgell - 25158-0008,323207.95,4612133.51,4420952,Nitrats
after_2007,0006,0014,F038668,Al·luvial d'Urgell - 25158-0008,323207.95,4612133.51,4420953,Amoni
after_2007,0006,0014,F038668,Al·luvial d'Urgell - 25158-0008,323207.95,4612133.51,4420954,Fosfats
after_2007,0006,0014,F039087,Conca alta de la Muga - 17042-0013,494306.81,4690951.34,4460337,Fosfats
after_2007,0006,0014,F039087,Conca alta de la Muga - 17042-0013,494306.81,4690951.34,4460343,Amoni
after_2007,0006,0014,F039087,Conca alta de la Muga - 17042-0013,494306.81,4690951.34,4460348,Nitrats
after_2007,0006,0014,F039087,Conca alta de la Muga - 17042-0013,494306.81,4690951.34,4460349,Nitrits
after_2007,0006,0014,F039138,Carme-Capellades - 08104-0017,376754,4592986,4426484,Nitrits
after_2007,0006,0014,F039138,Carme-Capellades - 08104-0017,376754,4592986,4426485,Nitrats
after_2007,0006,0014,F039138,Carme-Capellades - 08104-0017,376754,4592986,4426490,Amoni
after_2007,0006,0014,F039138,Carme-Capellades - 08104-0017,376754,4592986,4461096,Fosfats
after_2007,0006,0014,F039148,l'Ametlla de Mar- Perelló - 43104-0130,306725,4527274,4581211,Nitrits
after_2007,0006,0014,F039148,l'Ametlla de Mar- Perelló - 43104-0130,306725,4527274,4581212,Nitrats
after_2007,0006,0014,F039148,l'Ametlla de Mar- Perelló - 43104-0130,306725,4527274,4581217,Amoni
after_2007,0006,0014,F039148,l'Ametlla de Mar- Perelló - 43104-0130,306725,4527274,4581223,Fosfats
after_2007,0006,0014,F039377,Plana de Vic - Collsacabra - 08901-0028,455038,4658634,4482271,Nitrits
after_2007,0006,0014,F039377,Plana de Vic - Collsacabra - 08901-0028,455038,4658634,4482272,Nitrats
after_2007,0006,0014,F039377,Plana de Vic - Collsacabra - 08901-0028,455038,4658634,4482277,Amoni
after_2007,0006,0014,F039377,Plana de Vic - Collsacabra - 08901-0028,455038,4658634,4482283,Fosfats
after_2007,0006,0014,F039881,Alta Anoia - 08297-0008,373304.55,4613408.37,4496713,Nitrits
after_2007,0006,0014,F039881,Alta Anoia - 08297-0008,373304.55,4613408.37,4496714,Nitrats
after_2007,0006,0014,F039881,Alta Anoia - 08297-0008,373304.55,4613408.37,4496719,Amoni
after_2007,0006,0014,F039881,Alta Anoia - 08297-0008,373304.55,4613408.37,4496725,Fosfats
after_2007,0006,0014,F039883,Alta Anoia - 08189-0001,380863,4621955,4466156,Nitrits
after_2007,0006,0014,F039883,Alta Anoia - 08189-0001,380863,4621955,4466157,Nitrats
after_2007,0006,0014,F039883,Alta Anoia - 08189-0001,380863,4621955,4466158,Amoni
after_2007,0006,0014,F039883,Alta Anoia - 08189-0001,380863,4621955,4466159,Fosfats
after_2007,0006,0014,F039884,Moianès-Sant Llorenç del Munt - 08064-0012,427026,4623707,4461934,Nitrits
after_2007,0006,0014,F039884,Moianès-Sant Llorenç del Munt - 08064-0012,427026,4623707,4461935,Nitrats
after_2007,0006,0014,F039884,Moianès-Sant Llorenç del Munt - 08064-0012,427026,4623707,4461940,Amoni
after_2007,0006,0014,F039884,Moianès-Sant Llorenç del Munt - 08064-0012,427026,4623707,4461946,Fosfats
after_2007,0006,0014,F039885,Moianès-Sant Llorenç del Munt - 08277-0005,415297.16,4621370.83,4465118,Nitrits
after_2007,0006,0014,F039885,Moianès-Sant Llorenç del Munt - 08277-0005,415297.16,4621370.83,4465119,Nitrats
after_2007,0006,0014,F039885,Moianès-Sant Llorenç del Munt - 08277-0005,415297.16,4621370.83,4465124,Amoni
after_2007,0006,0014,F039885,Moianès-Sant Llorenç del Munt - 08277-0005,415297.16,4621370.83,4465130,Fosfats
after_2007,0006,0014,F039887,Moianès-Sant Llorenç del Munt - 08291-0006,407909.03,4605545.86,4462425,Nitrits
after_2007,0006,0014,F039887,Moianès-Sant Llorenç del Munt - 08291-0006,407909.03,4605545.86,4462426,Nitrats
after_2007,0006,0014,F039887,Moianès-Sant Llorenç del Munt - 08291-0006,407909.03,4605545.86,4462431,Amoni
after_2007,0006,0014,F039887,Moianès-Sant Llorenç del Munt - 08291-0006,407909.03,4605545.86,4462437,Fosfats
after_2007,0006,0014,F039888,Moianès-Sant Llorenç del Munt - 08223-0012,418905.28,4614662.89,4461968,Nitrits
after_2007,0006,0014,F039888,Moianès-Sant Llorenç del Munt - 08223-0012,418905.28,4614662.89,4461969,Nitrats
after_2007,0006,0014,F039888,Moianès-Sant Llorenç del Munt - 08223-0012,418905.28,4614662.89,4461974,Amoni
after_2007,0006,0014,F039888,Moianès-Sant Llorenç del Munt - 08223-0012,418905.28,4614662.89,4461980,Fosfats
after_2007,0006,0014,F039895,Baixa Garrotxa-Pla de l'Estany - 17035-0013,478309.35,4660333.71,4468507,Nitrits
after_2007,0006,0014,F039895,Baixa Garrotxa-Pla de l'Estany - 17035-0013,478309.35,4660333.71,4468508,Nitrats
after_2007,0006,0014,F039895,Baixa Garrotxa-Pla de l'Estany - 17035-0013,478309.35,4660333.71,4468513,Amoni
after_2007,0006,0014,F039895,Baixa Garrotxa-Pla de l'Estany - 17035-0013,478309.35,4660333.71,4468519,Fosfats
after_2007,0006,0014,F039896,Prelitoral del Vallès - 08224-0020,437560.5,4623335,4462209,Nitrits
after_2007,0006,0014,F039896,Prelitoral del Vallès - 08224-0020,437560.5,4623335,4462210,Nitrats
after_2007,0006,0014,F039896,Prelitoral del Vallès - 08224-0020,437560.5,4623335,4462211,Amoni
after_2007,0006,0014,F039896,Prelitoral del Vallès - 08224-0020,437560.5,4623335,4462212,Fosfats
after_2007,0006,0014,F039897,Detrític neogen del Vallès - 08267-0012,428446.21,4603568.96,4482202,Nitrits
after_2007,0006,0014,F039897,Detrític neogen del Vallès - 08267-0012,428446.21,4603568.96,4482203,Nitrats
after_2007,0006,0014,F039897,Detrític neogen del Vallès - 08267-0012,428446.21,4603568.96,4482209,Amoni
after_2007,0006,0014,F039897,Detrític neogen del Vallès - 08267-0012,428446.21,4603568.96,4482249,Fosfats
after_2007,0006,0014,F039971,Detrític neogen del Penedès - 08119-0025,402229.95,4596143.89,4468216,Nitrits
after_2007,0006,0014,F039971,Detrític neogen del Penedès - 08119-0025,402229.95,4596143.89,4468217,Nitrats
after_2007,0006,0014,F039971,Detrític neogen del Penedès - 08119-0025,402229.95,4596143.89,4468222,Amoni
after_2007,0006,0014,F039971,Detrític neogen del Penedès - 08119-0025,402229.95,4596143.89,4468228,Fosfats
after_2007,0006,0014,F039972,Detrític neogen del Penedès - 08119-0029,402235.95,4596108.89,4468250,Nitrits
after_2007,0006,0014,F039972,Detrític neogen del Penedès - 08119-0029,402235.95,4596108.89,4468251,Nitrats
after_2007,0006,0014,F039972,Detrític neogen del Penedès - 08119-0029,402235.95,4596108.89,4468256,Amoni
after_2007,0006,0014,F039972,Detrític neogen del Penedès - 08119-0029,402235.95,4596108.89,4468262,Fosfats
after_2007,0006,0014,F039973,Detrític neogen del Penedès - 08206-0033,395000.81,4579541.92,4468422,Nitrits
after_2007,0006,0014,F039973,Detrític neogen del Penedès - 08206-0033,395000.81,4579541.92,4468423,Nitrats
after_2007,0006,0014,F039973,Detrític neogen del Penedès - 08206-0033,395000.81,4579541.92,4468428,Amoni
after_2007,0006,0014,F039973,Detrític neogen del Penedès - 08206-0033,395000.81,4579541.92,4468434,Fosfats
after_2007,0006,0014,F039975,Detrític neogen del Penedès - 08161-0035,396805.89,4589570.92,4491750,Nitrits
after_2007,0006,0014,F039975,Detrític neogen del Penedès - 08161-0035,396805.89,4589570.92,4491751,Nitrats
after_2007,0006,0014,F039975,Detrític neogen del Penedès - 08161-0035,396805.89,4589570.92,4491756,Amoni
after_2007,0006,0014,F039975,Detrític neogen del Penedès - 08161-0035,396805.89,4589570.92,4491762,Fosfats
after_2007,0006,0014,F039978,Detrític neogen del Penedès - 08085-0010,388860.54,4583101.8,4476799,Nitrits
after_2007,0006,0014,F039978,Detrític neogen del Penedès - 08085-0010,388860.54,4583101.8,4476800,Nitrats
after_2007,0006,0014,F039978,Detrític neogen del Penedès - 08085-0010,388860.54,4583101.8,4476805,Amoni
after_2007,0006,0014,F039978,Detrític neogen del Penedès - 08085-0010,388860.54,4583101.8,4476811,Fosfats
after_2007,0006,0014,F039979,Detrític neogen del Penedès - 08305-0037,389941.8,4578742.95,4461092,Nitrits
after_2007,0006,0014,F039979,Detrític neogen del Penedès - 08305-0037,389941.8,4578742.95,4461093,Nitrats
after_2007,0006,0014,F039979,Detrític neogen del Penedès - 08305-0037,389941.8,4578742.95,4461094,Amoni
after_2007,0006,0014,F039979,Detrític neogen del Penedès - 08305-0037,389941.8,4578742.95,4461095,Fosfats
after_2007,0006,0014,F039980,Detrític neogen del Penedès - 08240-0016,397108.12,4587676.25,4468302,Nitrits
after_2007,0006,0014,F039980,Detrític neogen del Penedès - 08240-0016,397108.12,4587676.25,4468303,Nitrats
after_2007,0006,0014,F039980,Detrític neogen del Penedès - 08240-0016,397108.12,4587676.25,4468308,Amoni
after_2007,0006,0014,F039980,Detrític neogen del Penedès - 08240-0016,397108.12,4587676.25,4468314,Fosfats
after_2007,0006,0014,F040041,Ports de Tortosa - 43102-0008,281855,4533201,4457387,Nitrits
after_2007,0006,0014,F040041,Ports de Tortosa - 43102-0008,281855,4533201,4457388,Nitrats
after_2007,0006,0014,F040041,Ports de Tortosa - 43102-0008,281855,4533201,4457389,Amoni
after_2007,0006,0014,F040041,Ports de Tortosa - 43102-0008,281855,4533201,4457390,Fosfats
after_2007,0006,0014,F040042,Moianès-Sant Llorenç del Munt - 08224-0021,436111,4623280,4461998,Nitrits
after_2007,0006,0014,F040042,Moianès-Sant Llorenç del Munt - 08224-0021,436111,4623280,4461999,Nitrats
after_2007,0006,0014,F040042,Moianès-Sant Llorenç del Munt - 08224-0021,436111,4623280,4462000,Amoni
after_2007,0006,0014,F040042,Moianès-Sant Llorenç del Munt - 08224-0021,436111,4623280,4462001,Fosfats
after_2007,0006,0014,F040043,Moianès-Sant Llorenç del Munt - 08067-0078,434973.7,4626585.6,4466176,Nitrits
after_2007,0006,0014,F040043,Moianès-Sant Llorenç del Munt - 08067-0078,434973.7,4626585.6,4466177,Nitrats
after_2007,0006,0014,F040043,Moianès-Sant Llorenç del Munt - 08067-0078,434973.7,4626585.6,4466178,Amoni
after_2007,0006,0014,F040043,Moianès-Sant Llorenç del Munt - 08067-0078,434973.7,4626585.6,4466179,Fosfats
after_2007,0006,0014,F041854,Prades - Alt Francolí - 43036-0006,355725.79,4584295.22,4445696,Nitrits
after_2007,0006,0014,F041854,Prades - Alt Francolí - 43036-0006,355725.79,4584295.22,4445697,Nitrats
after_2007,0006,0014,F041854,Prades - Alt Francolí - 43036-0006,355725.79,4584295.22,4445702,Amoni
after_2007,0006,0014,F041854,Prades - Alt Francolí - 43036-0006,355725.79,4584295.22,4445708,Fosfats
after_2007,0006,0014,F041855,Prades - Alt Francolí - 43021-0012,351125,4587422,4445662,Nitrits
after_2007,0006,0014,F041855,Prades - Alt Francolí - 43021-0012,351125,4587422,4445663,Nitrats
after_2007,0006,0014,F041855,Prades - Alt Francolí - 43021-0012,351125,4587422,4445668,Amoni
after_2007,0006,0014,F041855,Prades - Alt Francolí - 43021-0012,351125,4587422,4445674,Fosfats
after_2007,0006,0014,F041892,Serres marginals catalanes - 25042-0017,348967,4650886,4446096,Nitrits
after_2007,0006,0014,F041892,Serres marginals catalanes - 25042-0017,348967,4650886,4446097,Nitrats
after_2007,0006,0014,F041892,Serres marginals catalanes - 25042-0017,348967,4650886,4446102,Amoni
after_2007,0006,0014,F041892,Serres marginals catalanes - 25042-0017,348967,4650886,4446108,Fosfats
after_2007,0006,0014,F043136,Baix Gaià - 43131-0048,371263.32,4559031.07,4454460,Nitrits
after_2007,0006,0014,F043136,Baix Gaià - 43131-0048,371263.32,4559031.07,4454461,Nitrats
after_2007,0006,0014,F043136,Baix Gaià - 43131-0048,371263.32,4559031.07,4454462,Amoni
after_2007,0006,0014,F043136,Baix Gaià - 43131-0048,371263.32,4559031.07,4454463,Fosfats
after_2007,0006,0014,F043164,Plana de la Galera - 43014-0133,294332.13,4510075.57,4127348,Nitrits
after_2007,0006,0014,F043164,Plana de la Galera - 43014-0133,294332.13,4510075.57,4127349,Nitrats
after_2007,0006,0014,F043164,Plana de la Galera - 43014-0133,294332.13,4510075.57,4127355,Amoni
after_2007,0006,0014,F043164,Plana de la Galera - 43014-0133,294332.13,4510075.57,4159650,Fosfats
after_2007,0006,0014,F043224,Serres marginals catalanes - 25250-0011,336667.6,4647554.32,4455689,Nitrits
after_2007,0006,0014,F043224,Serres marginals catalanes - 25250-0011,336667.6,4647554.32,4455690,Nitrats
after_2007,0006,0014,F043224,Serres marginals catalanes - 25250-0011,336667.6,4647554.32,4455691,Amoni
after_2007,0006,0014,F043224,Serres marginals catalanes - 25250-0011,336667.6,4647554.32,4455692,Fosfats
after_2007,0006,0014,F043521,Llaberia - Prades meridional - 43009-0073,332164.6,4563807,4460242,Nitrits
after_2007,0006,0014,F043521,Llaberia - Prades meridional - 43009-0073,332164.6,4563807,4460243,Nitrats
after_2007,0006,0014,F043521,Llaberia - Prades meridional - 43009-0073,332164.6,4563807,4460244,Amoni
after_2007,0006,0014,F043521,Llaberia - Prades meridional - 43009-0073,332164.6,4563807,4460245,Fosfats
after_2007,0006,0014,F043522,Llaberia - Prades meridional - 43009-0075,332172.78,4563805.7,4460246,Nitrits
after_2007,0006,0014,F043522,Llaberia - Prades meridional - 43009-0075,332172.78,4563805.7,4460247,Nitrats
after_2007,0006,0014,F043522,Llaberia - Prades meridional - 43009-0075,332172.78,4563805.7,4460248,Amoni
after_2007,0006,0014,F043522,Llaberia - Prades meridional - 43009-0075,332172.78,4563805.7,4460249,Fosfats
after_2007,0006,0014,F043523,Priorat - 43055-0129,317420.52,4556991.47,4460238,Nitrits
after_2007,0006,0014,F043523,Priorat - 43055-0129,317420.52,4556991.47,4460239,Nitrats
after_2007,0006,0014,F043523,Priorat - 43055-0129,317420.52,4556991.47,4460240,Amoni
after_2007,0006,0014,F043523,Priorat - 43055-0129,317420.52,4556991.47,4460241,Fosfats
after_2007,0006,0014,F043661,Plioquaternari de la Riera Santa Coloma - 17193-0039,478453.8,4632781.43,4462217,Nitrits
after_2007,0006,0014,F043661,Plioquaternari de la Riera Santa Coloma - 17193-0039,478453.8,4632781.43,4462218,Nitrats
after_2007,0006,0014,F043661,Plioquaternari de la Riera Santa Coloma - 17193-0039,478453.8,4632781.43,4462223,Amoni
after_2007,0006,0014,F043661,Plioquaternari de la Riera Santa Coloma - 17193-0039,478453.8,4632781.43,4462229,Fosfats
after_2007,0006,0014,F043683,N/D - Subterrània - 08303-0012,449062,4643280,4462455,Nitrits
after_2007,0006,0014,F043683,N/D - Subterrània - 08303-0012,449062,4643280,4462456,Nitrats
after_2007,0006,0014,F043683,N/D - Subterrània - 08303-0012,449062,4643280,4462457,Amoni
after_2007,0006,0014,F043683,N/D - Subterrània - 08303-0012,449062,4643280,4462458,Fosfats
after_2007,0006,0014,F043684,N/D - Subterrània - 08303-0013,449656.4,4644568.6,4462459,Nitrits
after_2007,0006,0014,F043684,N/D - Subterrània - 08303-0013,449656.4,4644568.6,4462460,Nitrats
after_2007,0006,0014,F043684,N/D - Subterrània - 08303-0013,449656.4,4644568.6,4462461,Amoni
after_2007,0006,0014,F043684,N/D - Subterrània - 08303-0013,449656.4,4644568.6,4462462,Fosfats
after_2007,0006,0014,F043685,"Al·luvials del Ter Mig, Brugent i Llémena - 17163-0003",479906.47,4648430.38,4462467,Nitrits
after_2007,0006,0014,F043685,"Al·luvials del Ter Mig, Brugent i Llémena - 17163-0003",479906.47,4648430.38,4462468,Nitrats
after_2007,0006,0014,F043685,"Al·luvials del Ter Mig, Brugent i Llémena - 17163-0003",479906.47,4648430.38,4462469,Amoni
after_2007,0006,0014,F043685,"Al·luvials del Ter Mig, Brugent i Llémena - 17163-0003",479906.47,4648430.38,4462470,Fosfats
after_2007,0006,0014,F043686,"Al·luvials del Ter Mig, Brugent i Llémena - 17172-0041",470716.5,4656320.5,4464845,Nitrits
after_2007,0006,0014,F043686,"Al·luvials del Ter Mig, Brugent i Llémena - 17172-0041",470716.5,4656320.5,4464846,Nitrats
after_2007,0006,0014,F043686,"Al·luvials del Ter Mig, Brugent i Llémena - 17172-0041",470716.5,4656320.5,4464851,Amoni
after_2007,0006,0014,F043686,"Al·luvials del Ter Mig, Brugent i Llémena - 17172-0041",470716.5,4656320.5,4464857,Fosfats
after_2007,0006,0014,F043734,Al·luvial de Tortosa - 43155-0238,291100.25,4527046.62,4465187,Nitrits
after_2007,0006,0014,F043734,Al·luvial de Tortosa - 43155-0238,291100.25,4527046.62,4465188,Nitrats
after_2007,0006,0014,F043734,Al·luvial de Tortosa - 43155-0238,291100.25,4527046.62,4465193,Amoni
after_2007,0006,0014,F043734,Al·luvial de Tortosa - 43155-0238,291100.25,4527046.62,4465199,Fosfats
after_2007,0006,0014,F043772,Prades - Alt Francolí - 43107-0005,349055.8,4587026.28,4466168,Nitrits
after_2007,0006,0014,F043772,Prades - Alt Francolí - 43107-0005,349055.8,4587026.28,4466169,Nitrats
after_2007,0006,0014,F043772,Prades - Alt Francolí - 43107-0005,349055.8,4587026.28,4466170,Amoni
after_2007,0006,0014,F043772,Prades - Alt Francolí - 43107-0005,349055.8,4587026.28,4466171,Fosfats
after_2007,0006,0014,F043773,Prades - Alt Francolí - 43130-0003,356345.36,4593519.23,4496091,Nitrits
after_2007,0006,0014,F043773,Prades - Alt Francolí - 43130-0003,356345.36,4593519.23,4496092,Nitrats
after_2007,0006,0014,F043773,Prades - Alt Francolí - 43130-0003,356345.36,4593519.23,4496093,Amoni
after_2007,0006,0014,F043773,Prades - Alt Francolí - 43130-0003,356345.36,4593519.23,4496094,Fosfats
after_2007,0006,0014,F043819,N/D - Subterrània - 43141-0007,368797,4594655,4466172,Nitrits
after_2007,0006,0014,F043819,N/D - Subterrània - 43141-0007,368797,4594655,4466173,Nitrats
after_2007,0006,0014,F043819,N/D - Subterrània - 43141-0007,368797,4594655,4466174,Amoni
after_2007,0006,0014,F043819,N/D - Subterrània - 43141-0007,368797,4594655,4466175,Fosfats
after_2007,0006,0014,F043877,Baix Gaià - 43050-0018,370310,4558881,4498205,Nitrits
after_2007,0006,0014,F043877,Baix Gaià - 43050-0018,370310,4558881,4498206,Nitrats
after_2007,0006,0014,F043877,Baix Gaià - 43050-0018,370310,4558881,4498207,Amoni
after_2007,0006,0014,F043877,Baix Gaià - 43050-0018,370310,4558881,4498208,Fosfats
after_2007,0006,0014,F043922,Prelitoral del Vallès - 08051-0099,423026.06,4607081.75,4484222,Nitrits
after_2007,0006,0014,F043922,Prelitoral del Vallès - 08051-0099,423026.06,4607081.75,4484223,Nitrats
after_2007,0006,0014,F043922,Prelitoral del Vallès - 08051-0099,423026.06,4607081.75,4484228,Amoni
after_2007,0006,0014,F043922,Prelitoral del Vallès - 08051-0099,423026.06,4607081.75,4484234,Fosfats
after_2007,0006,0014,F044134,l'Ametlla de Mar- Perelló - 43906-0467,306720.24,4522281.5,4474688,Nitrits
after_2007,0006,0014,F044134,l'Ametlla de Mar- Perelló - 43906-0467,306720.24,4522281.5,4474689,Nitrats
after_2007,0006,0014,F044134,l'Ametlla de Mar- Perelló - 43906-0467,306720.24,4522281.5,4474694,Amoni
after_2007,0006,0014,F044134,l'Ametlla de Mar- Perelló - 43906-0467,306720.24,4522281.5,4474700,Fosfats
after_2007,0006,0014,F044315,"Al·luvials del Ter Mig, Brugent i Llémena - 17186-0014",484871.49,4650407.35,4476668,Nitrits
after_2007,0006,0014,F044315,"Al·luvials del Ter Mig, Brugent i Llémena - 17186-0014",484871.49,4650407.35,4476669,Nitrats
after_2007,0006,0014,F044315,"Al·luvials del Ter Mig, Brugent i Llémena - 17186-0014",484871.49,4650407.35,4476674,Amoni
after_2007,0006,0014,F044315,"Al·luvials del Ter Mig, Brugent i Llémena - 17186-0014",484871.49,4650407.35,4476709,Fosfats
after_2007,0006,0014,F044510,"Al·luvials del Ter Mig, Brugent i Llémena - 17163-0013",479945,4648194,4477020,Nitrits
after_2007,0006,0014,F044510,"Al·luvials del Ter Mig, Brugent i Llémena - 17163-0013",479945,4648194,4477021,Nitrats
after_2007,0006,0014,F044510,"Al·luvials del Ter Mig, Brugent i Llémena - 17163-0013",479945,4648194,4477026,Amoni
after_2007,0006,0014,F044510,"Al·luvials del Ter Mig, Brugent i Llémena - 17163-0013",479945,4648194,4477061,Fosfats
after_2007,0006,0014,F044607,Paleògens del Baix Ter - 17232-0028,499622,4662308,1670479,Amoni
after_2007,0006,0014,F044607,Paleògens del Baix Ter - 17232-0028,499622,4662308,1691344,Nitrats
after_2007,0006,0014,F044607,Paleògens del Baix Ter - 17232-0028,499622,4662308,2680345,Nitrits
after_2007,0006,0014,F044607,Paleògens del Baix Ter - 17232-0028,499622,4662308,3225182,Fosfats
after_2007,0006,0014,F044607,Paleògens del Baix Ter - 17232-0028,499622,4662308,4654621,Nitrits
after_2007,0006,0014,F044607,Paleògens del Baix Ter - 17232-0028,499622,4662308,4654622,Nitrats
after_2007,0006,0014,F044607,Paleògens del Baix Ter - 17232-0028,499622,4662308,4654623,Amoni
after_2007,0006,0014,F044607,Paleògens del Baix Ter - 17232-0028,499622,4662308,4654624,Fosfats
after_2007,0006,0014,F044678,Alt Camp - 43161-0014,353771,4573034,1671847,Amoni
after_2007,0006,0014,F044678,Alt Camp - 43161-0014,353771,4573034,1692712,Nitrats
after_2007,0006,0014,F044678,Alt Camp - 43161-0014,353771,4573034,2681713,Nitrits
after_2007,0006,0014,F044678,Alt Camp - 43161-0014,353771,4573034,3114004,Fosfats
after_2007,0006,0014,F044738,Bloc del Gaià-Bonastre - 08304-0023,387312.6,4582018.9,4476731,Nitrits
after_2007,0006,0014,F044738,Bloc del Gaià-Bonastre - 08304-0023,387312.6,4582018.9,4476732,Nitrats
after_2007,0006,0014,F044738,Bloc del Gaià-Bonastre - 08304-0023,387312.6,4582018.9,4476737,Amoni
after_2007,0006,0014,F044738,Bloc del Gaià-Bonastre - 08304-0023,387312.6,4582018.9,4476743,Fosfats
after_2007,0006,0014,F044815,Tremp-Isona - 25115-0057,340480,4661081,4482305,Nitrits
after_2007,0006,0014,F044815,Tremp-Isona - 25115-0057,340480,4661081,4482306,Nitrats
after_2007,0006,0014,F044815,Tremp-Isona - 25115-0057,340480,4661081,4482307,Amoni
after_2007,0006,0014,F044815,Tremp-Isona - 25115-0057,340480,4661081,4482308,Fosfats
after_2007,0006,0014,F044915,Calcàries de Tàrrega - 25130-0014,335786,4602167,3308479,Nitrits
after_2007,0006,0014,F044915,Calcàries de Tàrrega - 25130-0014,335786,4602167,3308480,Nitrats
after_2007,0006,0014,F044915,Calcàries de Tàrrega - 25130-0014,335786,4602167,3308481,Amoni
after_2007,0006,0014,F044915,Calcàries de Tàrrega - 25130-0014,335786,4602167,3308482,Fosfats
after_2007,0006,0014,F044974,Fossa de Móra - 43058-0001,309367.8,4566305.4,4495834,Nitrits
after_2007,0006,0014,F044974,Fossa de Móra - 43058-0001,309367.8,4566305.4,4495835,Nitrats
after_2007,0006,0014,F044974,Fossa de Móra - 43058-0001,309367.8,4566305.4,4495840,Amoni
after_2007,0006,0014,F044974,Fossa de Móra - 43058-0001,309367.8,4566305.4,4495846,Fosfats
after_2007,0006,0014,F045003,Detrític neogen de l'Empordà - 17137-0014,482780.57,4661048.38,4491965,Nitrits
after_2007,0006,0014,F045003,Detrític neogen de l'Empordà - 17137-0014,482780.57,4661048.38,4491966,Nitrats
after_2007,0006,0014,F045003,Detrític neogen de l'Empordà - 17137-0014,482780.57,4661048.38,4491967,Amoni
after_2007,0006,0014,F045003,Detrític neogen de l'Empordà - 17137-0014,482780.57,4661048.38,4491968,Fosfats
after_2007,0006,0014,F045222,Fluviovolcànic de la Garrotxa - 17207-0095,454919.57,4667717.6,4496840,Amoni
after_2007,0006,0014,F045222,Fluviovolcànic de la Garrotxa - 17207-0095,454919.57,4667717.6,4496883,Fosfats
after_2007,0006,0014,F045222,Fluviovolcànic de la Garrotxa - 17207-0095,454919.57,4667717.6,4496904,Nitrats
after_2007,0006,0014,F045222,Fluviovolcànic de la Garrotxa - 17207-0095,454919.57,4667717.6,4496905,Nitrits
after_2007,0006,0014,F045492,Calcàries de Tàrrega - 25104-0016,353930.2,4608829.9,4504076,Nitrits
after_2007,0006,0014,F045492,Calcàries de Tàrrega - 25104-0016,353930.2,4608829.9,4504077,Nitrats
after_2007,0006,0014,F045492,Calcàries de Tàrrega - 25104-0016,353930.2,4608829.9,4504078,Amoni
after_2007,0006,0014,F045492,Calcàries de Tàrrega - 25104-0016,353930.2,4608829.9,4504079,Fosfats
after_2007,0006,0014,F045610,Calcàries de Tàrrega - 25103-0021,351213.3,4613270.6,4508036,Nitrits
after_2007,0006,0014,F045610,Calcàries de Tàrrega - 25103-0021,351213.3,4613270.6,4508037,Nitrats
after_2007,0006,0014,F045610,Calcàries de Tàrrega - 25103-0021,351213.3,4613270.6,4508042,Amoni
after_2007,0006,0014,F045610,Calcàries de Tàrrega - 25103-0021,351213.3,4613270.6,4508048,Fosfats
after_2007,0006,0014,F045611,Al·luvial d'Urgell - 25050-0026,331835.95,4609980.44,4504072,Nitrits
after_2007,0006,0014,F045611,Al·luvial d'Urgell - 25050-0026,331835.95,4609980.44,4504073,Nitrats
after_2007,0006,0014,F045611,Al·luvial d'Urgell - 25050-0026,331835.95,4609980.44,4504074,Amoni
after_2007,0006,0014,F045611,Al·luvial d'Urgell - 25050-0026,331835.95,4609980.44,4504075,Fosfats
after_2007,0006,0014,F045811,Detrític neogen del Penedès - 08119-0022,401323.92,4592981.89,4507648,Nitrits
after_2007,0006,0014,F045811,Detrític neogen del Penedès - 08119-0022,401323.92,4592981.89,4507649,Nitrats
after_2007,0006,0014,F045811,Detrític neogen del Penedès - 08119-0022,401323.92,4592981.89,4507654,Amoni
after_2007,0006,0014,F045811,Detrític neogen del Penedès - 08119-0022,401323.92,4592981.89,4507660,Fosfats
after_2007,0006,0014,F045889,Carme-Capellades - 08028-0017,390339,4596928,4508650,Nitrits
after_2007,0006,0014,F045889,Carme-Capellades - 08028-0017,390339,4596928,4508651,Nitrats
after_2007,0006,0014,F045889,Carme-Capellades - 08028-0017,390339,4596928,4508656,Amoni
after_2007,0006,0014,F045889,Carme-Capellades - 08028-0017,390339,4596928,4508662,Fosfats
after_2007,0006,0014,F045909,Moianès-Sant Llorenç del Munt - 08291-0073,407924.9,4605557.3,4508684,Nitrits
after_2007,0006,0014,F045909,Moianès-Sant Llorenç del Munt - 08291-0073,407924.9,4605557.3,4508685,Nitrats
after_2007,0006,0014,F045909,Moianès-Sant Llorenç del Munt - 08291-0073,407924.9,4605557.3,4508690,Amoni
after_2007,0006,0014,F045909,Moianès-Sant Llorenç del Munt - 08291-0073,407924.9,4605557.3,4508696,Fosfats
after_2007,0006,0014,F046109,Maresme - 08029-0002,450893.03,4596328.52,4581203,Nitrits
after_2007,0006,0014,F046109,Maresme - 08029-0002,450893.03,4596328.52,4581204,Nitrats
after_2007,0006,0014,F046109,Maresme - 08029-0002,450893.03,4596328.52,4581205,Amoni
after_2007,0006,0014,F046109,Maresme - 08029-0002,450893.03,4596328.52,4581206,Fosfats
after_2007,0006,0014,F046110,Maresme - 08281-0085,444565.99,4593205.56,4581018,Nitrits
after_2007,0006,0014,F046110,Maresme - 08281-0085,444565.99,4593205.56,4581019,Nitrats
after_2007,0006,0014,F046110,Maresme - 08281-0085,444565.99,4593205.56,4581020,Amoni
after_2007,0006,0014,F046110,Maresme - 08281-0085,444565.99,4593205.56,4581021,Fosfats
after_2007,0006,0014,F046129,Fluviodeltaic del Baix Ter - 17166-0006,496034,4657392,4563215,Nitrits
after_2007,0006,0014,F046129,Fluviodeltaic del Baix Ter - 17166-0006,496034,4657392,4563216,Nitrats
after_2007,0006,0014,F046129,Fluviodeltaic del Baix Ter - 17166-0006,496034,4657392,4563217,Amoni
after_2007,0006,0014,F046129,Fluviodeltaic del Baix Ter - 17166-0006,496034,4657392,4563218,Fosfats
after_2007,0006,0014,F046273,Baix Camp - 43134-0014,350841,4565170,1672623,Amoni
after_2007,0006,0014,F046273,Baix Camp - 43134-0014,350841,4565170,1693488,Nitrats
after_2007,0006,0014,F046273,Baix Camp - 43134-0014,350841,4565170,2682489,Nitrits
after_2007,0006,0014,F046273,Baix Camp - 43134-0014,350841,4565170,3114012,Fosfats
after_2007,0006,0014,F046346,N/D - Subterrània - 25216-0010,362533,4606609,1670650,Amoni
after_2007,0006,0014,F046346,N/D - Subterrània - 25216-0010,362533,4606609,1691515,Nitrats
after_2007,0006,0014,F046346,N/D - Subterrània - 25216-0010,362533,4606609,2680516,Nitrits
after_2007,0006,0014,F046346,N/D - Subterrània - 25216-0010,362533,4606609,3115804,Fosfats
after_2007,0006,0014,F046876,Fluviodeltaic del Baix Ter - 17081-0024,510750,4652490,1693867,Nitrats
after_2007,0006,0014,F046876,Fluviodeltaic del Baix Ter - 17081-0024,510750,4652490,3158228,Amoni
after_2007,0006,0014,F046876,Fluviodeltaic del Baix Ter - 17081-0024,510750,4652490,3158229,Fosfats
after_2007,0006,0014,F046876,Fluviodeltaic del Baix Ter - 17081-0024,510750,4652490,3158230,Nitrits
after_2007,0006,0014,F047260,Al·luvials de la baixa i delta de la Tordera - 17023-0064,480223.2,4613832.32,4563252,Nitrits
after_2007,0006,0014,F047260,Al·luvials de la baixa i delta de la Tordera - 17023-0064,480223.2,4613832.32,4563253,Nitrats
after_2007,0006,0014,F047260,Al·luvials de la baixa i delta de la Tordera - 17023-0064,480223.2,4613832.32,4563258,Amoni
after_2007,0006,0014,F047260,Al·luvials de la baixa i delta de la Tordera - 17023-0064,480223.2,4613832.32,4563269,Fosfats
after_2007,0006,0014,F047402,Detrític neogen del Vallès - 08086-0356,441941,4606467,3045828,Nitrits
after_2007,0006,0014,F047402,Detrític neogen del Vallès - 08086-0356,441941,4606467,3045829,Nitrats
after_2007,0006,0014,F047402,Detrític neogen del Vallès - 08086-0356,441941,4606467,3045831,Amoni
after_2007,0006,0014,F047402,Detrític neogen del Vallès - 08086-0356,441941,4606467,3113657,Fosfats
after_2007,0006,0014,F047478,N/D - Subterrània - 08132-0015,394906.36,4652196.03,1670370,Amoni
after_2007,0006,0014,F047478,N/D - Subterrània - 08132-0015,394906.36,4652196.03,1691235,Nitrats
after_2007,0006,0014,F047478,N/D - Subterrània - 08132-0015,394906.36,4652196.03,2680236,Nitrits
after_2007,0006,0014,F047478,N/D - Subterrània - 08132-0015,394906.36,4652196.03,3281667,Fosfats
after_2007,0006,0014,F047478,N/D - Subterrània - 08132-0015,394906.36,4652196.03,4584416,Nitrits
after_2007,0006,0014,F047478,N/D - Subterrània - 08132-0015,394906.36,4652196.03,4584417,Nitrats
after_2007,0006,0014,F047478,N/D - Subterrània - 08132-0015,394906.36,4652196.03,4584418,Amoni
after_2007,0006,0014,F047478,N/D - Subterrània - 08132-0015,394906.36,4652196.03,4584419,Fosfats
after_2007,0006,0014,F047574,Alta Anoia - 08189-0003,381341,4622907,4477083,Nitrits
after_2007,0006,0014,F047574,Alta Anoia - 08189-0003,381341,4622907,4477084,Nitrats
after_2007,0006,0014,F047574,Alta Anoia - 08189-0003,381341,4622907,4477085,Amoni
after_2007,0006,0014,F047574,Alta Anoia - 08189-0003,381341,4622907,4477086,Fosfats
after_2007,0006,0014,F047574,Alta Anoia - 08189-0003,381341,4622907,4636843,Nitrits
after_2007,0006,0014,F047574,Alta Anoia - 08189-0003,381341,4622907,4636844,Nitrats
after_2007,0006,0014,F047574,Alta Anoia - 08189-0003,381341,4622907,4636845,Amoni
after_2007,0006,0014,F047574,Alta Anoia - 08189-0003,381341,4622907,4636846,Fosfats
after_2007,0006,0014,F047881,Fluviodeltaic del Baix Ter - 17081-0097,508928,4653310,1000003899,Amoni
after_2007,0006,0014,F047881,Fluviodeltaic del Baix Ter - 17081-0097,508928,4653310,1000003941,Fosfats
after_2007,0006,0014,F047881,Fluviodeltaic del Baix Ter - 17081-0097,508928,4653310,1000003962,Nitrats
after_2007,0006,0014,F047881,Fluviodeltaic del Baix Ter - 17081-0097,508928,4653310,1000003963,Nitrits
after_2007,0006,0014,F048025,Plana de Vinaròs_Cat - 43004-0234,286273,4491729,1672484,Amoni
after_2007,0006,0014,F048025,Plana de Vinaròs_Cat - 43004-0234,286273,4491729,1693349,Nitrats
after_2007,0006,0014,F048025,Plana de Vinaròs_Cat - 43004-0234,286273,4491729,2682350,Nitrits
after_2007,0006,0014,F048025,Plana de Vinaròs_Cat - 43004-0234,286273,4491729,3295069,Fosfats
after_2007,0006,0014,F048030,Plana de Vic - Collsacabra - 08285-0024,438213.15,4656476.69,4581244,Nitrits
after_2007,0006,0014,F048030,Plana de Vic - Collsacabra - 08285-0024,438213.15,4656476.69,4581245,Nitrats
after_2007,0006,0014,F048030,Plana de Vic - Collsacabra - 08285-0024,438213.15,4656476.69,4581246,Amoni
after_2007,0006,0014,F048030,Plana de Vic - Collsacabra - 08285-0024,438213.15,4656476.69,4581247,Fosfats
after_2007,0006,0014,F048071,l'Ametlla de Mar- Perelló - 43013-0194,310760.3,4531766.5,1673319,Amoni
after_2007,0006,0014,F048071,l'Ametlla de Mar- Perelló - 43013-0194,310760.3,4531766.5,1694184,Nitrats
after_2007,0006,0014,F048071,l'Ametlla de Mar- Perelló - 43013-0194,310760.3,4531766.5,2683185,Nitrits
after_2007,0006,0014,F048071,l'Ametlla de Mar- Perelló - 43013-0194,310760.3,4531766.5,3295423,Fosfats
after_2007,0006,0014,F048153,Al·luvial del baix Segre_Cat - 25134-0013,313079,4621216,4584420,Nitrits
after_2007,0006,0014,F048153,Al·luvial del baix Segre_Cat - 25134-0013,313079,4621216,4584421,Nitrats
after_2007,0006,0014,F048153,Al·luvial del baix Segre_Cat - 25134-0013,313079,4621216,4584422,Amoni
after_2007,0006,0014,F048153,Al·luvial del baix Segre_Cat - 25134-0013,313079,4621216,4584423,Fosfats
after_2007,0006,0014,F048158,Paleògens del Baix Ter - 17130-0013,497915.13,4653038.68,1669688,Amoni
after_2007,0006,0014,F048158,Paleògens del Baix Ter - 17130-0013,497915.13,4653038.68,1690553,Nitrats
after_2007,0006,0014,F048158,Paleògens del Baix Ter - 17130-0013,497915.13,4653038.68,2679554,Nitrits
after_2007,0006,0014,F048158,Paleògens del Baix Ter - 17130-0013,497915.13,4653038.68,3273903,Fosfats
after_2007,0006,0014,F048168,Maresme - 08029-0016,451647,4597187,4586718,Nitrits
after_2007,0006,0014,F048168,Maresme - 08029-0016,451647,4597187,4586719,Nitrats
after_2007,0006,0014,F048168,Maresme - 08029-0016,451647,4597187,4586724,Amoni
after_2007,0006,0014,F048168,Maresme - 08029-0016,451647,4597187,4586730,Fosfats
after_2007,0006,0014,F048232,Carme-Capellades - 08104-0030,377801,4591618,4587107,Nitrits
after_2007,0006,0014,F048232,Carme-Capellades - 08104-0030,377801,4591618,4587108,Nitrats
after_2007,0006,0014,F048232,Carme-Capellades - 08104-0030,377801,4591618,4587109,Amoni
after_2007,0006,0014,F048232,Carme-Capellades - 08104-0030,377801,4591618,4587110,Fosfats
after_2007,0006,0014,F048256,Baixa Garrotxa-Pla de l'Estany - 17137-0050,478766.56,4661462.41,4603307,Nitrits
after_2007,0006,0014,F048256,Baixa Garrotxa-Pla de l'Estany - 17137-0050,478766.56,4661462.41,4603308,Nitrats
after_2007,0006,0014,F048256,Baixa Garrotxa-Pla de l'Estany - 17137-0050,478766.56,4661462.41,4603309,Amoni
after_2007,0006,0014,F048256,Baixa Garrotxa-Pla de l'Estany - 17137-0050,478766.56,4661462.41,4603310,Fosfats
after_2007,0006,0014,F048257,Plana d'Alcanar - 43004-0112,288774.98,4491881.59,4589658,Fosfats
after_2007,0006,0014,F048257,Plana d'Alcanar - 43004-0112,288774.98,4491881.59,4589703,Amoni
after_2007,0006,0014,F048257,Plana d'Alcanar - 43004-0112,288774.98,4491881.59,4589708,Nitrats
after_2007,0006,0014,F048257,Plana d'Alcanar - 43004-0112,288774.98,4491881.59,4589709,Nitrits
after_2007,0006,0014,F048335,Al·luvial del baix Segre_Cat - 25040-0010,315183.03,4624812.59,4587111,Nitrits
after_2007,0006,0014,F048335,Al·luvial del baix Segre_Cat - 25040-0010,315183.03,4624812.59,4587112,Nitrats
after_2007,0006,0014,F048335,Al·luvial del baix Segre_Cat - 25040-0010,315183.03,4624812.59,4587113,Amoni
after_2007,0006,0014,F048335,Al·luvial del baix Segre_Cat - 25040-0010,315183.03,4624812.59,4587114,Fosfats
after_2007,0006,0014,F048571,Maresme - 08203-0014,467529.14,4608171.41,4593282,Nitrits
after_2007,0006,0014,F048571,Maresme - 08203-0014,467529.14,4608171.41,4593283,Nitrats
after_2007,0006,0014,F048571,Maresme - 08203-0014,467529.14,4608171.41,4593284,Amoni
after_2007,0006,0014,F048571,Maresme - 08203-0014,467529.14,4608171.41,4593285,Fosfats
after_2007,0006,0014,F048574,Plioquaternari de l'Onyar - 17157-0037,485996.38,4635597.31,4593286,Nitrits
after_2007,0006,0014,F048574,Plioquaternari de l'Onyar - 17157-0037,485996.38,4635597.31,4593287,Nitrats
after_2007,0006,0014,F048574,Plioquaternari de l'Onyar - 17157-0037,485996.38,4635597.31,4593288,Amoni
after_2007,0006,0014,F048574,Plioquaternari de l'Onyar - 17157-0037,485996.38,4635597.31,4593289,Fosfats
after_2007,0006,0014,F049298,"Al·luvials del Ter Mig, Brugent i Llémena - 17163-0004",477066.45,4646735.4,1666563,Fosfats
after_2007,0006,0014,F049298,"Al·luvials del Ter Mig, Brugent i Llémena - 17163-0004",477066.45,4646735.4,1670736,Amoni
after_2007,0006,0014,F049298,"Al·luvials del Ter Mig, Brugent i Llémena - 17163-0004",477066.45,4646735.4,1691601,Nitrats
after_2007,0006,0014,F049298,"Al·luvials del Ter Mig, Brugent i Llémena - 17163-0004",477066.45,4646735.4,2680602,Nitrits
