period,network,subnetwork,station,station_name,x,y,variable_id,variable_name
after_2007,0002,0004,F009979,Riudecanyes - 020002000,328228,4555644,3117673,Alumini dissolt
after_2007,0002,0004,F009979,Riudecanyes - 020002000,328228,4555644,3117674,Antimoni dissolt
after_2007,0002,0004,F009979,Riudecanyes - 020002000,328228,4555644,3117675,Arsènic dissolt
after_2007,0002,0004,F009979,Riudecanyes - 020002000,328228,4555644,3117676,Bari dissolt
after_2007,0002,0004,F009979,Riudecanyes - 020002000,328228,4555644,3117677,Cadmi dissolt
after_2007,0002,0004,F009979,Riudecanyes - 020002000,328228,4555644,3117678,Cobalt dissolt
after_2007,0002,0004,F009979,Riudecanyes - 020002000,328228,4555644,3117679,Coure dissolt
after_2007,0002,0004,F009979,Riudecanyes - 020002000,328228,4555644,3117680,Crom dissolt
after_2007,0002,0004,F009979,Riudecanyes - 020002000,328228,4555644,3117681,Ferro dissolt
after_2007,0002,0004,F009979,Riudecanyes - 020002000,328228,4555644,3117682,Manganès dissolt
after_2007,0002,0004,F009979,Riudecanyes - 020002000,328228,4555644,3117683,Molibdè dissolt
after_2007,0002,0004,F009979,Riudecanyes - 020002000,328228,4555644,3117684,Níquel dissolt
after_2007,0002,0004,F009979,Riudecanyes - 020002000,328228,4555644,3117685,Plom dissolt
after_2007,0002,0004,F009979,Riudecanyes - 020002000,328228,4555644,3117686,Seleni dissolt
after_2007,0002,0004,F009979,Riudecanyes - 020002000,328228,4555644,3117687,Zinc dissolt
after_2007,0002,0004,F009979,Riudecanyes - 020002000,328228,4555644,3118378,Beril·li dissolt
after_2007,0002,0004,F009979,Riudecanyes - 020002000,328228,4555644,3118379,Bor dissolt
after_2007,0002,0004,F009979,Riudecanyes - 020002000,328228,4555644,3118380,Vanadi dissolt
after_2007,0002,0004,F009979,Riudecanyes - 020002000,328228,4555644,3281203,Mercuri dissolt
after_2007,0002,0004,F009979,Riudecanyes - 020002000,328228,4555644,3281204,Toluè
after_2007,0002,0004,F009979,Riudecanyes - 020002000,328228,4555644,3281205,Hexaclorobutadiè
after_2007,0002,0004,F009979,Riudecanyes - 020002000,328228,4555644,3281206,Diclorometà
after_2007,0002,0004,F009979,Riudecanyes - 020002000,328228,4555644,3281207,"trans-1,2-Dicloroetilè"
after_2007,0002,0004,F009979,Riudecanyes - 020002000,328228,4555644,3281208,"cis-1,2-Dicloroetilè"
after_2007,0002,0004,F009979,Riudecanyes - 020002000,328228,4555644,3281209,Tetraclorur de Carboni
after_2007,0002,0004,F009979,Riudecanyes - 020002000,328228,4555644,3281210,Tricloroetilè
after_2007,0002,0004,F009979,Riudecanyes - 020002000,328228,4555644,3281211,Bromodiclorometà
after_2007,0002,0004,F009979,Riudecanyes - 020002000,328228,4555644,3281212,"cis-1,3-Dicloropropè"
after_2007,0002,0004,F009979,Riudecanyes - 020002000,328228,4555644,3281213,Triclorometà
after_2007,0002,0004,F009979,Riudecanyes - 020002000,328228,4555644,3281214,"1,1,2-Tricloroetà"
after_2007,0002,0004,F009979,Riudecanyes - 020002000,328228,4555644,3281215,Tetracloroetilè
after_2007,0002,0004,F009979,Riudecanyes - 020002000,328228,4555644,3281216,Dibromoclorometà
after_2007,0002,0004,F009979,Riudecanyes - 020002000,328228,4555644,3281217,Bromoform
after_2007,0002,0004,F009979,Riudecanyes - 020002000,328228,4555644,3281218,"1,2-Dicloroetà"
after_2007,0002,0004,F009979,Riudecanyes - 020002000,328228,4555644,3281219,"1,4-Diclorobenzè"
after_2007,0002,0004,F009979,Riudecanyes - 020002000,328228,4555644,3281220,"1,2-Diclorobenzè"
after_2007,0002,0004,F009979,Riudecanyes - 020002000,328228,4555644,3281221,Suma de triclorobenzens
after_2007,0002,0004,F009979,Riudecanyes - 020002000,328228,4555644,3281222,"1,2,4-Triclorobenzè"
after_2007,0002,0004,F009979,Riudecanyes - 020002000,328228,4555644,3281223,"1,2,3-Triclorobenzè"
after_2007,0002,0004,F009979,Riudecanyes - 020002000,328228,4555644,3281224,Benzè
after_2007,0002,0004,F009979,Riudecanyes - 020002000,328228,4555644,3281225,Etilbenzè
after_2007,0002,0004,F009979,Riudecanyes - 020002000,328228,4555644,3281226,"m,p-Xilè"
after_2007,0002,0004,F009979,Riudecanyes - 020002000,328228,4555644,3281227,o-Xilè
after_2007,0002,0004,F009979,Riudecanyes - 020002000,328228,4555644,3281228,Pentaclorofenol
after_2007,0002,0004,F009979,Riudecanyes - 020002000,328228,4555644,3281229,Hexaclorobenzè
after_2007,0002,0004,F009979,Riudecanyes - 020002000,328228,4555644,3281230,BTEX total
after_2007,0002,0004,F009979,Riudecanyes - 020002000,328228,4555644,3281231,Clorobenzè
after_2007,0002,0004,F009979,Riudecanyes - 020002000,328228,4555644,3281232,a-Hexaclorociclohexà
after_2007,0002,0004,F009979,Riudecanyes - 020002000,328228,4555644,3281233,Lindà(g-Hexaclorociclohexà)
after_2007,0002,0004,F009979,Riudecanyes - 020002000,328228,4555644,3281234,"1,1-Dicloroetilè"
after_2007,0002,0004,F009979,Riudecanyes - 020002000,328228,4555644,3281235,"1,1-Dicloroetà"
after_2007,0002,0004,F009979,Riudecanyes - 020002000,328228,4555644,3281236,"1,1,1-Tricloroetà"
after_2007,0002,0004,F009979,Riudecanyes - 020002000,328228,4555644,3281237,"1,2-Dicloropropà"
after_2007,0002,0004,F009979,Riudecanyes - 020002000,328228,4555644,3281238,"trans-1,3-Dicloropropè"
after_2007,0002,0004,F009979,Riudecanyes - 020002000,328228,4555644,3281239,"1,1,2,2-Tetracloroetà"
after_2007,0002,0004,F009979,Riudecanyes - 020002000,328228,4555644,3281240,"1,3,5-Triclorobenzè"
after_2007,0002,0004,F009979,Riudecanyes - 020002000,328228,4555644,3281241,Heptaclor
after_2007,0002,0004,F009979,Riudecanyes - 020002000,328228,4555644,3281242,Aldrín
after_2007,0002,0004,F009979,Riudecanyes - 020002000,328228,4555644,3281243,Isodrín
after_2007,0002,0004,F009979,Riudecanyes - 020002000,328228,4555644,3281244,Epòxid d'heptaclor B
after_2007,0002,0004,F009979,Riudecanyes - 020002000,328228,4555644,3281245,Endosulfan I
after_2007,0002,0004,F009979,Riudecanyes - 020002000,328228,4555644,3281246,Dieldrín
after_2007,0002,0004,F009979,Riudecanyes - 020002000,328228,4555644,3281247,Endrín
after_2007,0002,0004,F009979,Riudecanyes - 020002000,328228,4555644,3281248,"4,4'-DDE"
after_2007,0002,0004,F009979,Riudecanyes - 020002000,328228,4555644,3281249,Endosulfan II
after_2007,0002,0004,F009979,Riudecanyes - 020002000,328228,4555644,3281250,"4,4'-DDD"
after_2007,0002,0004,F009979,Riudecanyes - 020002000,328228,4555644,3281251,Sulfat d'endosulfan
after_2007,0002,0004,F009979,Riudecanyes - 020002000,328228,4555644,3281252,"4,4'-DDT"
after_2007,0002,0004,F009979,Riudecanyes - 020002000,328228,4555644,3281253,Triclorofluorometà
after_2007,0002,0004,F009979,Riudecanyes - 020002000,328228,4555644,3281254,"1,3-Diclorobenzè"
after_2007,0002,0004,F009979,Riudecanyes - 020002000,328228,4555644,3281255,Naftalè
after_2007,0002,0004,F009979,Riudecanyes - 020002000,328228,4555644,3281256,Diazinon
after_2007,0002,0004,F009979,Riudecanyes - 020002000,328228,4555644,3281257,Paration de metil
after_2007,0002,0004,F009979,Riudecanyes - 020002000,328228,4555644,3281258,Fenitrotion
after_2007,0002,0004,F009979,Riudecanyes - 020002000,328228,4555644,3281259,Malation
after_2007,0002,0004,F009979,Riudecanyes - 020002000,328228,4555644,3281260,Clorpirifòs
after_2007,0002,0004,F009979,Riudecanyes - 020002000,328228,4555644,3281261,Paration
after_2007,0002,0004,F009979,Riudecanyes - 020002000,328228,4555644,3281262,Clorfenvinfòs (suma d'isòmers)
after_2007,0002,0004,F009979,Riudecanyes - 020002000,328228,4555644,3281263,Etion
after_2007,0002,0004,F009979,Riudecanyes - 020002000,328228,4555644,3281264,Azinfòs d'etil
after_2007,0002,0004,F009979,Riudecanyes - 020002000,328228,4555644,3281265,Simazina
after_2007,0002,0004,F009979,Riudecanyes - 020002000,328228,4555644,3281266,Atrazina
after_2007,0002,0004,F009979,Riudecanyes - 020002000,328228,4555644,3281267,Propazina
after_2007,0002,0004,F009979,Riudecanyes - 020002000,328228,4555644,3281268,Terbutrina
after_2007,0002,0004,F009979,Riudecanyes - 020002000,328228,4555644,3281269,Antracè
after_2007,0002,0004,F009979,Riudecanyes - 020002000,328228,4555644,3281270,Fluorantè
after_2007,0002,0004,F009979,Riudecanyes - 020002000,328228,4555644,3281271,Benzo(b)fluorantè
after_2007,0002,0004,F009979,Riudecanyes - 020002000,328228,4555644,3281272,Benzo(k)fluorantè
after_2007,0002,0004,F009979,Riudecanyes - 020002000,328228,4555644,3281273,Benzo(a)pirè
after_2007,0002,0004,F009979,Riudecanyes - 020002000,328228,4555644,3281274,"Indeno(1,2,3-cd)pirè"
after_2007,0002,0004,F009979,Riudecanyes - 020002000,328228,4555644,3281275,Benzo(ghi)perilè
after_2007,0002,0004,F009979,Riudecanyes - 020002000,328228,4555644,3281276,Suma d'al-diel-iso-endrín
after_2007,0002,0004,F009979,Riudecanyes - 020002000,328228,4555644,3281277,Suma d'Organofosforats
after_2007,0002,0004,F009979,Riudecanyes - 020002000,328228,4555644,3281278,Trifluralina
after_2007,0002,0004,F009979,Riudecanyes - 020002000,328228,4555644,3281279,Molinat
after_2007,0002,0004,F009979,Riudecanyes - 020002000,328228,4555644,3281280,Terbutilazina
after_2007,0002,0004,F009979,Riudecanyes - 020002000,328228,4555644,3281281,Alaclor
after_2007,0002,0004,F009979,Riudecanyes - 020002000,328228,4555644,3281282,Pentaclorobenzè
after_2007,0002,0004,F009979,Riudecanyes - 020002000,328228,4555644,3281283,tert-Octilfenol
after_2007,0002,0004,F009979,Riudecanyes - 020002000,328228,4555644,3281284,NPEO(e=0)
after_2007,0002,0004,F009979,Riudecanyes - 020002000,328228,4555644,3281285,"2,4'-DDT"
after_2007,0002,0004,F009979,Riudecanyes - 020002000,328228,4555644,3281286,"2,4'-DDE"
after_2007,0002,0004,F009979,Riudecanyes - 020002000,328228,4555644,3281287,"2,4'-DDD"
after_2007,0002,0004,F009979,Riudecanyes - 020002000,328228,4555644,3281288,Metolaclor
after_2007,0002,0004,F009979,Riudecanyes - 020002000,328228,4555644,3281289,Epòxid d'heptaclor A
after_2007,0002,0004,F009979,Riudecanyes - 020002000,328228,4555644,3281290,Suma de diclorobenzens
after_2007,0002,0004,F009979,Riudecanyes - 020002000,328228,4555644,3281291,BDE-47
after_2007,0002,0004,F009979,Riudecanyes - 020002000,328228,4555644,3281292,BDE-99
after_2007,0002,0004,F009979,Riudecanyes - 020002000,328228,4555644,3281293,BDE-100
after_2007,0002,0004,F009979,Riudecanyes - 020002000,328228,4555644,3281294,Cetona d'endrín
after_2007,0002,0004,F009979,Riudecanyes - 020002000,328228,4555644,4051734,Estronci
after_2007,0002,0004,F009979,Riudecanyes - 020002000,328228,4555644,4103595,Alumini
after_2007,0002,0004,F009979,Riudecanyes - 020002000,328228,4555644,4103596,Antimoni
after_2007,0002,0004,F009979,Riudecanyes - 020002000,328228,4555644,4103597,Arsènic
after_2007,0002,0004,F009979,Riudecanyes - 020002000,328228,4555644,4103598,Bari
after_2007,0002,0004,F009979,Riudecanyes - 020002000,328228,4555644,4103599,Beril·li
after_2007,0002,0004,F009979,Riudecanyes - 020002000,328228,4555644,4103600,Bor
after_2007,0002,0004,F009979,Riudecanyes - 020002000,328228,4555644,4103601,Cadmi
after_2007,0002,0004,F009979,Riudecanyes - 020002000,328228,4555644,4103602,Cobalt
after_2007,0002,0004,F009979,Riudecanyes - 020002000,328228,4555644,4103603,Coure
after_2007,0002,0004,F009979,Riudecanyes - 020002000,328228,4555644,4103604,Crom
after_2007,0002,0004,F009979,Riudecanyes - 020002000,328228,4555644,4103605,Ferro
after_2007,0002,0004,F009979,Riudecanyes - 020002000,328228,4555644,4103606,Manganès
after_2007,0002,0004,F009979,Riudecanyes - 020002000,328228,4555644,4103607,Mercuri
after_2007,0002,0004,F009979,Riudecanyes - 020002000,328228,4555644,4103608,Molibdè
after_2007,0002,0004,F009979,Riudecanyes - 020002000,328228,4555644,4103609,Níquel
after_2007,0002,0004,F009979,Riudecanyes - 020002000,328228,4555644,4103610,Plom
after_2007,0002,0004,F009979,Riudecanyes - 020002000,328228,4555644,4103611,Seleni
after_2007,0002,0004,F009979,Riudecanyes - 020002000,328228,4555644,4103612,Vanadi
after_2007,0002,0004,F009979,Riudecanyes - 020002000,328228,4555644,4103613,Zinc
after_2007,0002,0004,F009979,Riudecanyes - 020002000,328228,4555644,4160904,Suma de xilens
after_2007,0002,0004,F009979,Riudecanyes - 020002000,328228,4555644,4161555,Suma de DDT
after_2007,0002,0004,F009979,Riudecanyes - 020002000,328228,4555644,4161631,Suma de PAH1
after_2007,0002,0004,F009979,Riudecanyes - 020002000,328228,4555644,4161710,Suma de PAH2
after_2007,0002,0004,F009979,Riudecanyes - 020002000,328228,4555644,4184472,Suma de plaguicides clorats
after_2007,0002,0004,F009979,Riudecanyes - 020002000,328228,4555644,4184473,Suma de triazines
after_2007,0002,0004,F009979,Riudecanyes - 020002000,328228,4555644,4184474,BDE-28
after_2007,0002,0004,F009979,Riudecanyes - 020002000,328228,4555644,4184475,BDE-153
after_2007,0002,0004,F009979,Riudecanyes - 020002000,328228,4555644,4184476,BDE-154
after_2007,0002,0004,F009979,Riudecanyes - 020002000,328228,4555644,4184477,Quinoxifèn
after_2007,0002,0004,F009979,Riudecanyes - 020002000,328228,4555644,4184478,Aclonifèn
after_2007,0002,0004,F009979,Riudecanyes - 020002000,328228,4555644,4184479,Bifenox
after_2007,0002,0004,F009979,Riudecanyes - 020002000,328228,4555644,4184480,Cipermetrín (suma d'isòmers)
after_2007,0002,0004,F009979,Riudecanyes - 020002000,328228,4555644,4184481,Cibutrina
after_2007,0002,0004,F009979,Riudecanyes - 020002000,328228,4555644,4184482,4-n-Nonilfenol
after_2007,0002,0004,F009981,Gaià - 060006000,360211,4562635,3284327,Toluè
after_2007,0002,0004,F009981,Gaià - 060006000,360211,4562635,3284328,Hexaclorobutadiè
after_2007,0002,0004,F009981,Gaià - 060006000,360211,4562635,3284329,Diclorometà
after_2007,0002,0004,F009981,Gaià - 060006000,360211,4562635,3284330,"trans-1,2-Dicloroetilè"
after_2007,0002,0004,F009981,Gaià - 060006000,360211,4562635,3284331,"cis-1,2-Dicloroetilè"
after_2007,0002,0004,F009981,Gaià - 060006000,360211,4562635,3284332,Tetraclorur de Carboni
after_2007,0002,0004,F009981,Gaià - 060006000,360211,4562635,3284333,Tricloroetilè
after_2007,0002,0004,F009981,Gaià - 060006000,360211,4562635,3284334,Bromodiclorometà
after_2007,0002,0004,F009981,Gaià - 060006000,360211,4562635,3284335,"cis-1,3-Dicloropropè"
after_2007,0002,0004,F009981,Gaià - 060006000,360211,4562635,3284336,Triclorometà
after_2007,0002,0004,F009981,Gaià - 060006000,360211,4562635,3284337,"1,1,2-Tricloroetà"
after_2007,0002,0004,F009981,Gaià - 060006000,360211,4562635,3284338,Tetracloroetilè
after_2007,0002,0004,F009981,Gaià - 060006000,360211,4562635,3284339,Dibromoclorometà
after_2007,0002,0004,F009981,Gaià - 060006000,360211,4562635,3284340,Bromoform
after_2007,0002,0004,F009981,Gaià - 060006000,360211,4562635,3284341,"1,2-Dicloroetà"
after_2007,0002,0004,F009981,Gaià - 060006000,360211,4562635,3284342,"1,4-Diclorobenzè"
after_2007,0002,0004,F009981,Gaià - 060006000,360211,4562635,3284343,"1,2-Diclorobenzè"
after_2007,0002,0004,F009981,Gaià - 060006000,360211,4562635,3284344,Suma de triclorobenzens
after_2007,0002,0004,F009981,Gaià - 060006000,360211,4562635,3284345,"1,2,4-Triclorobenzè"
after_2007,0002,0004,F009981,Gaià - 060006000,360211,4562635,3284346,"1,2,3-Triclorobenzè"
after_2007,0002,0004,F009981,Gaià - 060006000,360211,4562635,3284347,Benzè
after_2007,0002,0004,F009981,Gaià - 060006000,360211,4562635,3284348,Etilbenzè
after_2007,0002,0004,F009981,Gaià - 060006000,360211,4562635,3284349,"m,p-Xilè"
after_2007,0002,0004,F009981,Gaià - 060006000,360211,4562635,3284350,o-Xilè
after_2007,0002,0004,F009981,Gaià - 060006000,360211,4562635,3284352,Hexaclorobenzè
after_2007,0002,0004,F009981,Gaià - 060006000,360211,4562635,3284354,Clorobenzè
after_2007,0002,0004,F009981,Gaià - 060006000,360211,4562635,3284355,a-Hexaclorociclohexà
after_2007,0002,0004,F009981,Gaià - 060006000,360211,4562635,3284356,Lindà(g-Hexaclorociclohexà)
after_2007,0002,0004,F009981,Gaià - 060006000,360211,4562635,3284357,"1,1-Dicloroetilè"
after_2007,0002,0004,F009981,Gaià - 060006000,360211,4562635,3284358,"1,1-Dicloroetà"
after_2007,0002,0004,F009981,Gaià - 060006000,360211,4562635,3284359,"1,1,1-Tricloroetà"
after_2007,0002,0004,F009981,Gaià - 060006000,360211,4562635,3284360,"1,2-Dicloropropà"
after_2007,0002,0004,F009981,Gaià - 060006000,360211,4562635,3284361,"trans-1,3-Dicloropropè"
after_2007,0002,0004,F009981,Gaià - 060006000,360211,4562635,3284362,"1,1,2,2-Tetracloroetà"
after_2007,0002,0004,F009981,Gaià - 060006000,360211,4562635,3284363,"1,3,5-Triclorobenzè"
after_2007,0002,0004,F009981,Gaià - 060006000,360211,4562635,3284364,Heptaclor
after_2007,0002,0004,F009981,Gaià - 060006000,360211,4562635,3284365,Aldrín
after_2007,0002,0004,F009981,Gaià - 060006000,360211,4562635,3284366,Isodrín
after_2007,0002,0004,F009981,Gaià - 060006000,360211,4562635,3284367,Epòxid d'heptaclor B
after_2007,0002,0004,F009981,Gaià - 060006000,360211,4562635,3284368,Endosulfan I
after_2007,0002,0004,F009981,Gaià - 060006000,360211,4562635,3284369,Dieldrín
after_2007,0002,0004,F009981,Gaià - 060006000,360211,4562635,3284370,Endrín
after_2007,0002,0004,F009981,Gaià - 060006000,360211,4562635,3284371,"4,4'-DDE"
after_2007,0002,0004,F009981,Gaià - 060006000,360211,4562635,3284372,Endosulfan II
after_2007,0002,0004,F009981,Gaià - 060006000,360211,4562635,3284373,"4,4'-DDD"
after_2007,0002,0004,F009981,Gaià - 060006000,360211,4562635,3284374,Sulfat d'endosulfan
after_2007,0002,0004,F009981,Gaià - 060006000,360211,4562635,3284375,"4,4'-DDT"
after_2007,0002,0004,F009981,Gaià - 060006000,360211,4562635,3284376,Triclorofluorometà
after_2007,0002,0004,F009981,Gaià - 060006000,360211,4562635,3284377,"1,3-Diclorobenzè"
after_2007,0002,0004,F009981,Gaià - 060006000,360211,4562635,3284380,Naftalè
after_2007,0002,0004,F009981,Gaià - 060006000,360211,4562635,3284381,Diazinon
after_2007,0002,0004,F009981,Gaià - 060006000,360211,4562635,3284382,Paration de metil
after_2007,0002,0004,F009981,Gaià - 060006000,360211,4562635,3284383,Fenitrotion
after_2007,0002,0004,F009981,Gaià - 060006000,360211,4562635,3284384,Malation
after_2007,0002,0004,F009981,Gaià - 060006000,360211,4562635,3284385,Clorpirifòs
after_2007,0002,0004,F009981,Gaià - 060006000,360211,4562635,3284386,Paration
after_2007,0002,0004,F009981,Gaià - 060006000,360211,4562635,3284387,Clorfenvinfòs (suma d'isòmers)
after_2007,0002,0004,F009981,Gaià - 060006000,360211,4562635,3284388,Etion
after_2007,0002,0004,F009981,Gaià - 060006000,360211,4562635,3284389,Azinfòs d'etil
after_2007,0002,0004,F009981,Gaià - 060006000,360211,4562635,3284390,Simazina
after_2007,0002,0004,F009981,Gaià - 060006000,360211,4562635,3284391,Atrazina
after_2007,0002,0004,F009981,Gaià - 060006000,360211,4562635,3284392,Propazina
after_2007,0002,0004,F009981,Gaià - 060006000,360211,4562635,3284393,Terbutrina
after_2007,0002,0004,F009981,Gaià - 060006000,360211,4562635,3284394,Antracè
after_2007,0002,0004,F009981,Gaià - 060006000,360211,4562635,3284395,Fluorantè
after_2007,0002,0004,F009981,Gaià - 060006000,360211,4562635,3284396,Benzo(b)fluorantè
after_2007,0002,0004,F009981,Gaià - 060006000,360211,4562635,3284397,Benzo(k)fluorantè
after_2007,0002,0004,F009981,Gaià - 060006000,360211,4562635,3284398,Benzo(a)pirè
after_2007,0002,0004,F009981,Gaià - 060006000,360211,4562635,3284399,"Indeno(1,2,3-cd)pirè"
after_2007,0002,0004,F009981,Gaià - 060006000,360211,4562635,3284400,Benzo(ghi)perilè
after_2007,0002,0004,F009981,Gaià - 060006000,360211,4562635,3284401,Suma d'al-diel-iso-endrín
after_2007,0002,0004,F009981,Gaià - 060006000,360211,4562635,3284402,Suma d'Organofosforats
after_2007,0002,0004,F009981,Gaià - 060006000,360211,4562635,3284403,Trifluralina
after_2007,0002,0004,F009981,Gaià - 060006000,360211,4562635,3284404,Molinat
after_2007,0002,0004,F009981,Gaià - 060006000,360211,4562635,3284406,Terbutilazina
after_2007,0002,0004,F009981,Gaià - 060006000,360211,4562635,3284407,Alaclor
after_2007,0002,0004,F009981,Gaià - 060006000,360211,4562635,3284408,Pentaclorobenzè
after_2007,0002,0004,F009981,Gaià - 060006000,360211,4562635,3284409,tert-Octilfenol
after_2007,0002,0004,F009981,Gaià - 060006000,360211,4562635,3284410,NPEO(e=0)
after_2007,0002,0004,F009981,Gaià - 060006000,360211,4562635,3284411,"2,4'-DDT"
after_2007,0002,0004,F009981,Gaià - 060006000,360211,4562635,3284412,"2,4'-DDE"
after_2007,0002,0004,F009981,Gaià - 060006000,360211,4562635,3284413,"2,4'-DDD"
after_2007,0002,0004,F009981,Gaià - 060006000,360211,4562635,3284414,Metolaclor
after_2007,0002,0004,F009981,Gaià - 060006000,360211,4562635,3284415,Epòxid d'heptaclor A
after_2007,0002,0004,F009981,Gaià - 060006000,360211,4562635,3284416,Suma de diclorobenzens
after_2007,0002,0004,F009981,Gaià - 060006000,360211,4562635,3284417,BDE-47
after_2007,0002,0004,F009981,Gaià - 060006000,360211,4562635,3284418,BDE-99
after_2007,0002,0004,F009981,Gaià - 060006000,360211,4562635,3284419,BDE-100
after_2007,0002,0004,F009981,Gaià - 060006000,360211,4562635,3284420,Cetona d'endrín
after_2007,0002,0004,F009981,Gaià - 060006000,360211,4562635,3355939,Suma de plaguicides clorats
after_2007,0002,0004,F009981,Gaià - 060006000,360211,4562635,3355940,Suma de triazines
after_2007,0002,0004,F009981,Gaià - 060006000,360211,4562635,3355941,BDE-28
after_2007,0002,0004,F009981,Gaià - 060006000,360211,4562635,3355942,BDE-153
after_2007,0002,0004,F009981,Gaià - 060006000,360211,4562635,3355943,BDE-154
after_2007,0002,0004,F009981,Gaià - 060006000,360211,4562635,3355944,Suma de PAH1
after_2007,0002,0004,F009981,Gaià - 060006000,360211,4562635,3355945,Suma de PAH2
after_2007,0002,0004,F009981,Gaià - 060006000,360211,4562635,3355946,Suma de DDT
after_2007,0002,0004,F009981,Gaià - 060006000,360211,4562635,4103633,Alumini
after_2007,0002,0004,F009981,Gaià - 060006000,360211,4562635,4103634,Antimoni
after_2007,0002,0004,F009981,Gaià - 060006000,360211,4562635,4103635,Arsènic
after_2007,0002,0004,F009981,Gaià - 060006000,360211,4562635,4103636,Bari
after_2007,0002,0004,F009981,Gaià - 060006000,360211,4562635,4103637,Beril·li
after_2007,0002,0004,F009981,Gaià - 060006000,360211,4562635,4103638,Bor
after_2007,0002,0004,F009981,Gaià - 060006000,360211,4562635,4103639,Cadmi
after_2007,0002,0004,F009981,Gaià - 060006000,360211,4562635,4103640,Cobalt
after_2007,0002,0004,F009981,Gaià - 060006000,360211,4562635,4103641,Coure
after_2007,0002,0004,F009981,Gaià - 060006000,360211,4562635,4103642,Crom
after_2007,0002,0004,F009981,Gaià - 060006000,360211,4562635,4103643,Ferro
after_2007,0002,0004,F009981,Gaià - 060006000,360211,4562635,4103644,Manganès
after_2007,0002,0004,F009981,Gaià - 060006000,360211,4562635,4103645,Mercuri
after_2007,0002,0004,F009981,Gaià - 060006000,360211,4562635,4103646,Molibdè
after_2007,0002,0004,F009981,Gaià - 060006000,360211,4562635,4103647,Níquel
after_2007,0002,0004,F009981,Gaià - 060006000,360211,4562635,4103648,Plom
after_2007,0002,0004,F009981,Gaià - 060006000,360211,4562635,4103649,Seleni
after_2007,0002,0004,F009981,Gaià - 060006000,360211,4562635,4103650,Vanadi
after_2007,0002,0004,F009981,Gaià - 060006000,360211,4562635,4103651,Zinc
after_2007,0002,0004,F009981,Gaià - 060006000,360211,4562635,4160898,Suma de xilens
after_2007,0002,0004,F009981,Gaià - 060006000,360211,4562635,4190167,Estronci
after_2007,0002,0004,F009981,Gaià - 060006000,360211,4562635,4190168,Quinoxifèn
after_2007,0002,0004,F009981,Gaià - 060006000,360211,4562635,4190169,Aclonifèn
after_2007,0002,0004,F009981,Gaià - 060006000,360211,4562635,4190170,Bifenox
after_2007,0002,0004,F009981,Gaià - 060006000,360211,4562635,4190171,Cipermetrín (suma d'isòmers)
after_2007,0002,0004,F009981,Gaià - 060006000,360211,4562635,4190172,Cibutrina
after_2007,0002,0004,F009981,Gaià - 060006000,360211,4562635,4190173,4-n-Nonilfenol
after_2007,0002,0004,F009982,Foix - 080007000,386120,4568288,3281311,Toluè
after_2007,0002,0004,F009982,Foix - 080007000,386120,4568288,3281312,Hexaclorobutadiè
after_2007,0002,0004,F009982,Foix - 080007000,386120,4568288,3281313,Diclorometà
after_2007,0002,0004,F009982,Foix - 080007000,386120,4568288,3281314,"trans-1,2-Dicloroetilè"
after_2007,0002,0004,F009982,Foix - 080007000,386120,4568288,3281315,"cis-1,2-Dicloroetilè"
after_2007,0002,0004,F009982,Foix - 080007000,386120,4568288,3281316,Tetraclorur de Carboni
after_2007,0002,0004,F009982,Foix - 080007000,386120,4568288,3281317,Tricloroetilè
after_2007,0002,0004,F009982,Foix - 080007000,386120,4568288,3281318,Bromodiclorometà
after_2007,0002,0004,F009982,Foix - 080007000,386120,4568288,3281319,"cis-1,3-Dicloropropè"
after_2007,0002,0004,F009982,Foix - 080007000,386120,4568288,3281320,Triclorometà
after_2007,0002,0004,F009982,Foix - 080007000,386120,4568288,3281321,"1,1,2-Tricloroetà"
after_2007,0002,0004,F009982,Foix - 080007000,386120,4568288,3281322,Tetracloroetilè
after_2007,0002,0004,F009982,Foix - 080007000,386120,4568288,3281323,Dibromoclorometà
after_2007,0002,0004,F009982,Foix - 080007000,386120,4568288,3281324,Bromoform
after_2007,0002,0004,F009982,Foix - 080007000,386120,4568288,3281325,"1,2-Dicloroetà"
after_2007,0002,0004,F009982,Foix - 080007000,386120,4568288,3281326,"1,4-Diclorobenzè"
after_2007,0002,0004,F009982,Foix - 080007000,386120,4568288,3281327,"1,2-Diclorobenzè"
after_2007,0002,0004,F009982,Foix - 080007000,386120,4568288,3281328,Suma de triclorobenzens
after_2007,0002,0004,F009982,Foix - 080007000,386120,4568288,3281329,"1,2,4-Triclorobenzè"
after_2007,0002,0004,F009982,Foix - 080007000,386120,4568288,3281330,"1,2,3-Triclorobenzè"
after_2007,0002,0004,F009982,Foix - 080007000,386120,4568288,3281331,Benzè
after_2007,0002,0004,F009982,Foix - 080007000,386120,4568288,3281332,Etilbenzè
after_2007,0002,0004,F009982,Foix - 080007000,386120,4568288,3281333,"m,p-Xilè"
after_2007,0002,0004,F009982,Foix - 080007000,386120,4568288,3281334,o-Xilè
after_2007,0002,0004,F009982,Foix - 080007000,386120,4568288,3281336,Hexaclorobenzè
after_2007,0002,0004,F009982,Foix - 080007000,386120,4568288,3281338,Clorobenzè
after_2007,0002,0004,F009982,Foix - 080007000,386120,4568288,3281339,a-Hexaclorociclohexà
after_2007,0002,0004,F009982,Foix - 080007000,386120,4568288,3281340,Lindà(g-Hexaclorociclohexà)
after_2007,0002,0004,F009982,Foix - 080007000,386120,4568288,3281341,"1,1-Dicloroetilè"
after_2007,0002,0004,F009982,Foix - 080007000,386120,4568288,3281342,"1,1-Dicloroetà"
after_2007,0002,0004,F009982,Foix - 080007000,386120,4568288,3281343,"1,1,1-Tricloroetà"
after_2007,0002,0004,F009982,Foix - 080007000,386120,4568288,3281344,"1,2-Dicloropropà"
after_2007,0002,0004,F009982,Foix - 080007000,386120,4568288,3281345,"trans-1,3-Dicloropropè"
after_2007,0002,0004,F009982,Foix - 080007000,386120,4568288,3281346,"1,1,2,2-Tetracloroetà"
after_2007,0002,0004,F009982,Foix - 080007000,386120,4568288,3281347,"1,3,5-Triclorobenzè"
after_2007,0002,0004,F009982,Foix - 080007000,386120,4568288,3281348,Heptaclor
after_2007,0002,0004,F009982,Foix - 080007000,386120,4568288,3281349,Aldrín
after_2007,0002,0004,F009982,Foix - 080007000,386120,4568288,3281350,Isodrín
after_2007,0002,0004,F009982,Foix - 080007000,386120,4568288,3281351,Epòxid d'heptaclor B
after_2007,0002,0004,F009982,Foix - 080007000,386120,4568288,3281352,Endosulfan I
after_2007,0002,0004,F009982,Foix - 080007000,386120,4568288,3281353,Dieldrín
after_2007,0002,0004,F009982,Foix - 080007000,386120,4568288,3281354,Endrín
after_2007,0002,0004,F009982,Foix - 080007000,386120,4568288,3281355,"4,4'-DDE"
after_2007,0002,0004,F009982,Foix - 080007000,386120,4568288,3281356,Endosulfan II
after_2007,0002,0004,F009982,Foix - 080007000,386120,4568288,3281357,"4,4'-DDD"
after_2007,0002,0004,F009982,Foix - 080007000,386120,4568288,3281358,Sulfat d'endosulfan
after_2007,0002,0004,F009982,Foix - 080007000,386120,4568288,3281359,"4,4'-DDT"
after_2007,0002,0004,F009982,Foix - 080007000,386120,4568288,3281360,Triclorofluorometà
after_2007,0002,0004,F009982,Foix - 080007000,386120,4568288,3281361,"1,3-Diclorobenzè"
after_2007,0002,0004,F009982,Foix - 080007000,386120,4568288,3281364,Naftalè
after_2007,0002,0004,F009982,Foix - 080007000,386120,4568288,3281365,Diazinon
after_2007,0002,0004,F009982,Foix - 080007000,386120,4568288,3281366,Paration de metil
after_2007,0002,0004,F009982,Foix - 080007000,386120,4568288,3281367,Fenitrotion
after_2007,0002,0004,F009982,Foix - 080007000,386120,4568288,3281368,Malation
after_2007,0002,0004,F009982,Foix - 080007000,386120,4568288,3281369,Clorpirifòs
after_2007,0002,0004,F009982,Foix - 080007000,386120,4568288,3281370,Paration
after_2007,0002,0004,F009982,Foix - 080007000,386120,4568288,3281371,Clorfenvinfòs (suma d'isòmers)
after_2007,0002,0004,F009982,Foix - 080007000,386120,4568288,3281372,Etion
after_2007,0002,0004,F009982,Foix - 080007000,386120,4568288,3281373,Azinfòs d'etil
after_2007,0002,0004,F009982,Foix - 080007000,386120,4568288,3281374,Simazina
after_2007,0002,0004,F009982,Foix - 080007000,386120,4568288,3281375,Atrazina
after_2007,0002,0004,F009982,Foix - 080007000,386120,4568288,3281376,Propazina
after_2007,0002,0004,F009982,Foix - 080007000,386120,4568288,3281377,Terbutrina
after_2007,0002,0004,F009982,Foix - 080007000,386120,4568288,3281378,Antracè
after_2007,0002,0004,F009982,Foix - 080007000,386120,4568288,3281379,Fluorantè
after_2007,0002,0004,F009982,Foix - 080007000,386120,4568288,3281380,Benzo(b)fluorantè
after_2007,0002,0004,F009982,Foix - 080007000,386120,4568288,3281381,Benzo(k)fluorantè
after_2007,0002,0004,F009982,Foix - 080007000,386120,4568288,3281382,Benzo(a)pirè
after_2007,0002,0004,F009982,Foix - 080007000,386120,4568288,3281383,"Indeno(1,2,3-cd)pirè"
after_2007,0002,0004,F009982,Foix - 080007000,386120,4568288,3281384,Benzo(ghi)perilè
after_2007,0002,0004,F009982,Foix - 080007000,386120,4568288,3281385,Suma d'al-diel-iso-endrín
after_2007,0002,0004,F009982,Foix - 080007000,386120,4568288,3281386,Suma d'Organofosforats
after_2007,0002,0004,F009982,Foix - 080007000,386120,4568288,3281387,Trifluralina
after_2007,0002,0004,F009982,Foix - 080007000,386120,4568288,3281388,Molinat
after_2007,0002,0004,F009982,Foix - 080007000,386120,4568288,3281390,Terbutilazina
after_2007,0002,0004,F009982,Foix - 080007000,386120,4568288,3281391,Alaclor
after_2007,0002,0004,F009982,Foix - 080007000,386120,4568288,3281392,Pentaclorobenzè
after_2007,0002,0004,F009982,Foix - 080007000,386120,4568288,3281393,tert-Octilfenol
after_2007,0002,0004,F009982,Foix - 080007000,386120,4568288,3281394,NPEO(e=0)
after_2007,0002,0004,F009982,Foix - 080007000,386120,4568288,3281395,"2,4'-DDT"
after_2007,0002,0004,F009982,Foix - 080007000,386120,4568288,3281396,"2,4'-DDE"
after_2007,0002,0004,F009982,Foix - 080007000,386120,4568288,3281397,"2,4'-DDD"
after_2007,0002,0004,F009982,Foix - 080007000,386120,4568288,3281398,Metolaclor
after_2007,0002,0004,F009982,Foix - 080007000,386120,4568288,3281399,Epòxid d'heptaclor A
after_2007,0002,0004,F009982,Foix - 080007000,386120,4568288,3281400,Suma de diclorobenzens
after_2007,0002,0004,F009982,Foix - 080007000,386120,4568288,3281401,BDE-47
after_2007,0002,0004,F009982,Foix - 080007000,386120,4568288,3281402,BDE-99
after_2007,0002,0004,F009982,Foix - 080007000,386120,4568288,3281403,BDE-100
after_2007,0002,0004,F009982,Foix - 080007000,386120,4568288,3281404,Cetona d'endrín
after_2007,0002,0004,F009982,Foix - 080007000,386120,4568288,4103652,Alumini
after_2007,0002,0004,F009982,Foix - 080007000,386120,4568288,4103653,Antimoni
after_2007,0002,0004,F009982,Foix - 080007000,386120,4568288,4103654,Arsènic
after_2007,0002,0004,F009982,Foix - 080007000,386120,4568288,4103655,Bari
after_2007,0002,0004,F009982,Foix - 080007000,386120,4568288,4103656,Beril·li
after_2007,0002,0004,F009982,Foix - 080007000,386120,4568288,4103657,Bor
after_2007,0002,0004,F009982,Foix - 080007000,386120,4568288,4103658,Cadmi
after_2007,0002,0004,F009982,Foix - 080007000,386120,4568288,4103659,Cobalt
after_2007,0002,0004,F009982,Foix - 080007000,386120,4568288,4103660,Coure
after_2007,0002,0004,F009982,Foix - 080007000,386120,4568288,4103661,Crom
after_2007,0002,0004,F009982,Foix - 080007000,386120,4568288,4103662,Ferro
after_2007,0002,0004,F009982,Foix - 080007000,386120,4568288,4103663,Manganès
after_2007,0002,0004,F009982,Foix - 080007000,386120,4568288,4103664,Mercuri
after_2007,0002,0004,F009982,Foix - 080007000,386120,4568288,4103665,Molibdè
after_2007,0002,0004,F009982,Foix - 080007000,386120,4568288,4103666,Níquel
after_2007,0002,0004,F009982,Foix - 080007000,386120,4568288,4103667,Plom
after_2007,0002,0004,F009982,Foix - 080007000,386120,4568288,4103668,Seleni
after_2007,0002,0004,F009982,Foix - 080007000,386120,4568288,4103669,Vanadi
after_2007,0002,0004,F009982,Foix - 080007000,386120,4568288,4103670,Zinc
after_2007,0002,0004,F009982,Foix - 080007000,386120,4568288,4160897,Suma de xilens
after_2007,0002,0004,F009982,Foix - 080007000,386120,4568288,4161554,Suma de DDT
after_2007,0002,0004,F009982,Foix - 080007000,386120,4568288,4161630,Suma de PAH1
after_2007,0002,0004,F009982,Foix - 080007000,386120,4568288,4161709,Suma de PAH2
after_2007,0002,0004,F009982,Foix - 080007000,386120,4568288,4179950,Suma de plaguicides clorats
after_2007,0002,0004,F009982,Foix - 080007000,386120,4568288,4179951,Suma de triazines
after_2007,0002,0004,F009982,Foix - 080007000,386120,4568288,4179952,BDE-28
after_2007,0002,0004,F009982,Foix - 080007000,386120,4568288,4179953,BDE-153
after_2007,0002,0004,F009982,Foix - 080007000,386120,4568288,4179954,BDE-154
after_2007,0002,0004,F009982,Foix - 080007000,386120,4568288,4179955,Estronci
after_2007,0002,0004,F009982,Foix - 080007000,386120,4568288,4179956,Quinoxifèn
after_2007,0002,0004,F009982,Foix - 080007000,386120,4568288,4179957,Aclonifèn
after_2007,0002,0004,F009982,Foix - 080007000,386120,4568288,4179958,Bifenox
after_2007,0002,0004,F009982,Foix - 080007000,386120,4568288,4179959,Cipermetrín (suma d'isòmers)
after_2007,0002,0004,F009982,Foix - 080007000,386120,4568288,4179960,Cibutrina
after_2007,0002,0004,F009982,Foix - 080007000,386120,4568288,4179961,4-n-Nonilfenol
after_2007,0002,0004,F009982,Foix - 080007000,386120,4568288,4186033,Diuron
after_2007,0002,0004,F009982,Foix - 080007000,386120,4568288,4186038,Isoproturon
after_2007,0002,0004,F009983,La Baells - 100007000,405749,4668940,3316190,Toluè
after_2007,0002,0004,F009983,La Baells - 100007000,405749,4668940,3316191,Hexaclorobutadiè
after_2007,0002,0004,F009983,La Baells - 100007000,405749,4668940,3316192,Diclorometà
after_2007,0002,0004,F009983,La Baells - 100007000,405749,4668940,3316193,"trans-1,2-Dicloroetilè"
after_2007,0002,0004,F009983,La Baells - 100007000,405749,4668940,3316194,"cis-1,2-Dicloroetilè"
after_2007,0002,0004,F009983,La Baells - 100007000,405749,4668940,3316195,Tetraclorur de Carboni
after_2007,0002,0004,F009983,La Baells - 100007000,405749,4668940,3316196,Tricloroetilè
after_2007,0002,0004,F009983,La Baells - 100007000,405749,4668940,3316197,Bromodiclorometà
after_2007,0002,0004,F009983,La Baells - 100007000,405749,4668940,3316198,"cis-1,3-Dicloropropè"
after_2007,0002,0004,F009983,La Baells - 100007000,405749,4668940,3316199,Triclorometà
after_2007,0002,0004,F009983,La Baells - 100007000,405749,4668940,3316200,"1,1,2-Tricloroetà"
after_2007,0002,0004,F009983,La Baells - 100007000,405749,4668940,3316201,Tetracloroetilè
after_2007,0002,0004,F009983,La Baells - 100007000,405749,4668940,3316202,Dibromoclorometà
after_2007,0002,0004,F009983,La Baells - 100007000,405749,4668940,3316203,Bromoform
after_2007,0002,0004,F009983,La Baells - 100007000,405749,4668940,3316204,"1,2-Dicloroetà"
after_2007,0002,0004,F009983,La Baells - 100007000,405749,4668940,3316205,"1,4-Diclorobenzè"
after_2007,0002,0004,F009983,La Baells - 100007000,405749,4668940,3316206,"1,2-Diclorobenzè"
after_2007,0002,0004,F009983,La Baells - 100007000,405749,4668940,3316207,Suma de triclorobenzens
after_2007,0002,0004,F009983,La Baells - 100007000,405749,4668940,3316208,"1,2,4-Triclorobenzè"
after_2007,0002,0004,F009983,La Baells - 100007000,405749,4668940,3316209,"1,2,3-Triclorobenzè"
after_2007,0002,0004,F009983,La Baells - 100007000,405749,4668940,3316210,Benzè
after_2007,0002,0004,F009983,La Baells - 100007000,405749,4668940,3316211,Etilbenzè
after_2007,0002,0004,F009983,La Baells - 100007000,405749,4668940,3316212,"m,p-Xilè"
after_2007,0002,0004,F009983,La Baells - 100007000,405749,4668940,3316213,o-Xilè
after_2007,0002,0004,F009983,La Baells - 100007000,405749,4668940,3316215,Hexaclorobenzè
after_2007,0002,0004,F009983,La Baells - 100007000,405749,4668940,3316217,Clorobenzè
after_2007,0002,0004,F009983,La Baells - 100007000,405749,4668940,3316218,a-Hexaclorociclohexà
after_2007,0002,0004,F009983,La Baells - 100007000,405749,4668940,3316219,Lindà(g-Hexaclorociclohexà)
after_2007,0002,0004,F009983,La Baells - 100007000,405749,4668940,3316220,"1,1-Dicloroetilè"
after_2007,0002,0004,F009983,La Baells - 100007000,405749,4668940,3316221,"1,1-Dicloroetà"
after_2007,0002,0004,F009983,La Baells - 100007000,405749,4668940,3316222,"1,1,1-Tricloroetà"
after_2007,0002,0004,F009983,La Baells - 100007000,405749,4668940,3316223,"1,2-Dicloropropà"
after_2007,0002,0004,F009983,La Baells - 100007000,405749,4668940,3316224,"trans-1,3-Dicloropropè"
after_2007,0002,0004,F009983,La Baells - 100007000,405749,4668940,3316225,"1,1,2,2-Tetracloroetà"
after_2007,0002,0004,F009983,La Baells - 100007000,405749,4668940,3316226,"1,3,5-Triclorobenzè"
after_2007,0002,0004,F009983,La Baells - 100007000,405749,4668940,3316227,Heptaclor
after_2007,0002,0004,F009983,La Baells - 100007000,405749,4668940,3316228,Aldrín
after_2007,0002,0004,F009983,La Baells - 100007000,405749,4668940,3316229,Isodrín
after_2007,0002,0004,F009983,La Baells - 100007000,405749,4668940,3316230,Epòxid d'heptaclor B
after_2007,0002,0004,F009983,La Baells - 100007000,405749,4668940,3316231,Endosulfan I
after_2007,0002,0004,F009983,La Baells - 100007000,405749,4668940,3316232,Dieldrín
after_2007,0002,0004,F009983,La Baells - 100007000,405749,4668940,3316233,Endrín
after_2007,0002,0004,F009983,La Baells - 100007000,405749,4668940,3316234,"4,4'-DDE"
after_2007,0002,0004,F009983,La Baells - 100007000,405749,4668940,3316235,Endosulfan II
after_2007,0002,0004,F009983,La Baells - 100007000,405749,4668940,3316236,"4,4'-DDD"
after_2007,0002,0004,F009983,La Baells - 100007000,405749,4668940,3316237,Sulfat d'endosulfan
after_2007,0002,0004,F009983,La Baells - 100007000,405749,4668940,3316238,"4,4'-DDT"
after_2007,0002,0004,F009983,La Baells - 100007000,405749,4668940,3316239,Triclorofluorometà
after_2007,0002,0004,F009983,La Baells - 100007000,405749,4668940,3316240,"1,3-Diclorobenzè"
after_2007,0002,0004,F009983,La Baells - 100007000,405749,4668940,3316241,Naftalè
after_2007,0002,0004,F009983,La Baells - 100007000,405749,4668940,3316242,Diazinon
after_2007,0002,0004,F009983,La Baells - 100007000,405749,4668940,3316243,Paration de metil
after_2007,0002,0004,F009983,La Baells - 100007000,405749,4668940,3316244,Fenitrotion
after_2007,0002,0004,F009983,La Baells - 100007000,405749,4668940,3316245,Malation
after_2007,0002,0004,F009983,La Baells - 100007000,405749,4668940,3316246,Clorpirifòs
after_2007,0002,0004,F009983,La Baells - 100007000,405749,4668940,3316247,Paration
after_2007,0002,0004,F009983,La Baells - 100007000,405749,4668940,3316248,Clorfenvinfòs (suma d'isòmers)
after_2007,0002,0004,F009983,La Baells - 100007000,405749,4668940,3316249,Etion
after_2007,0002,0004,F009983,La Baells - 100007000,405749,4668940,3316250,Azinfòs d'etil
after_2007,0002,0004,F009983,La Baells - 100007000,405749,4668940,3316251,Simazina
after_2007,0002,0004,F009983,La Baells - 100007000,405749,4668940,3316252,Atrazina
after_2007,0002,0004,F009983,La Baells - 100007000,405749,4668940,3316253,Propazina
after_2007,0002,0004,F009983,La Baells - 100007000,405749,4668940,3316254,Terbutrina
after_2007,0002,0004,F009983,La Baells - 100007000,405749,4668940,3316255,Antracè
after_2007,0002,0004,F009983,La Baells - 100007000,405749,4668940,3316256,Fluorantè
after_2007,0002,0004,F009983,La Baells - 100007000,405749,4668940,3316257,Benzo(b)fluorantè
after_2007,0002,0004,F009983,La Baells - 100007000,405749,4668940,3316258,Benzo(k)fluorantè
after_2007,0002,0004,F009983,La Baells - 100007000,405749,4668940,3316259,Benzo(a)pirè
after_2007,0002,0004,F009983,La Baells - 100007000,405749,4668940,3316260,"Indeno(1,2,3-cd)pirè"
after_2007,0002,0004,F009983,La Baells - 100007000,405749,4668940,3316261,Benzo(ghi)perilè
after_2007,0002,0004,F009983,La Baells - 100007000,405749,4668940,3316262,Suma d'al-diel-iso-endrín
after_2007,0002,0004,F009983,La Baells - 100007000,405749,4668940,3316263,Suma d'Organofosforats
after_2007,0002,0004,F009983,La Baells - 100007000,405749,4668940,3316264,Suma de plaguicides clorats
after_2007,0002,0004,F009983,La Baells - 100007000,405749,4668940,3316265,Suma de triazines
after_2007,0002,0004,F009983,La Baells - 100007000,405749,4668940,3316266,Trifluralina
after_2007,0002,0004,F009983,La Baells - 100007000,405749,4668940,3316267,Molinat
after_2007,0002,0004,F009983,La Baells - 100007000,405749,4668940,3316268,Terbutilazina
after_2007,0002,0004,F009983,La Baells - 100007000,405749,4668940,3316269,Alaclor
after_2007,0002,0004,F009983,La Baells - 100007000,405749,4668940,3316270,Pentaclorobenzè
after_2007,0002,0004,F009983,La Baells - 100007000,405749,4668940,3316271,tert-Octilfenol
after_2007,0002,0004,F009983,La Baells - 100007000,405749,4668940,3316272,NPEO(e=0)
after_2007,0002,0004,F009983,La Baells - 100007000,405749,4668940,3316273,"2,4'-DDT"
after_2007,0002,0004,F009983,La Baells - 100007000,405749,4668940,3316274,"2,4'-DDE"
after_2007,0002,0004,F009983,La Baells - 100007000,405749,4668940,3316275,"2,4'-DDD"
after_2007,0002,0004,F009983,La Baells - 100007000,405749,4668940,3316276,Metolaclor
after_2007,0002,0004,F009983,La Baells - 100007000,405749,4668940,3316277,Epòxid d'heptaclor A
after_2007,0002,0004,F009983,La Baells - 100007000,405749,4668940,3316278,Suma de diclorobenzens
after_2007,0002,0004,F009983,La Baells - 100007000,405749,4668940,3316279,BDE-47
after_2007,0002,0004,F009983,La Baells - 100007000,405749,4668940,3316280,BDE-99
after_2007,0002,0004,F009983,La Baells - 100007000,405749,4668940,3316281,BDE-100
after_2007,0002,0004,F009983,La Baells - 100007000,405749,4668940,3316282,Cetona d'endrín
after_2007,0002,0004,F009983,La Baells - 100007000,405749,4668940,3316283,BDE-153
after_2007,0002,0004,F009983,La Baells - 100007000,405749,4668940,3316284,BDE-154
after_2007,0002,0004,F009983,La Baells - 100007000,405749,4668940,3316285,Suma de PAH1
after_2007,0002,0004,F009983,La Baells - 100007000,405749,4668940,3316286,Suma de PAH2
after_2007,0002,0004,F009983,La Baells - 100007000,405749,4668940,3316287,Suma de DDT
after_2007,0002,0004,F009983,La Baells - 100007000,405749,4668940,4047810,Estronci
after_2007,0002,0004,F009983,La Baells - 100007000,405749,4668940,4103671,Alumini
after_2007,0002,0004,F009983,La Baells - 100007000,405749,4668940,4103672,Antimoni
after_2007,0002,0004,F009983,La Baells - 100007000,405749,4668940,4103673,Arsènic
after_2007,0002,0004,F009983,La Baells - 100007000,405749,4668940,4103674,Bari
after_2007,0002,0004,F009983,La Baells - 100007000,405749,4668940,4103675,Beril·li
after_2007,0002,0004,F009983,La Baells - 100007000,405749,4668940,4103676,Bor
after_2007,0002,0004,F009983,La Baells - 100007000,405749,4668940,4103677,Cadmi
after_2007,0002,0004,F009983,La Baells - 100007000,405749,4668940,4103678,Cobalt
after_2007,0002,0004,F009983,La Baells - 100007000,405749,4668940,4103679,Coure
after_2007,0002,0004,F009983,La Baells - 100007000,405749,4668940,4103680,Crom
after_2007,0002,0004,F009983,La Baells - 100007000,405749,4668940,4103681,Ferro
after_2007,0002,0004,F009983,La Baells - 100007000,405749,4668940,4103682,Manganès
after_2007,0002,0004,F009983,La Baells - 100007000,405749,4668940,4103683,Mercuri
after_2007,0002,0004,F009983,La Baells - 100007000,405749,4668940,4103684,Molibdè
after_2007,0002,0004,F009983,La Baells - 100007000,405749,4668940,4103685,Níquel
after_2007,0002,0004,F009983,La Baells - 100007000,405749,4668940,4103686,Plom
after_2007,0002,0004,F009983,La Baells - 100007000,405749,4668940,4103687,Seleni
after_2007,0002,0004,F009983,La Baells - 100007000,405749,4668940,4103688,Vanadi
after_2007,0002,0004,F009983,La Baells - 100007000,405749,4668940,4103689,Zinc
after_2007,0002,0004,F009983,La Baells - 100007000,405749,4668940,4160900,Suma de xilens
after_2007,0002,0004,F009983,La Baells - 100007000,405749,4668940,4179966,BDE-28
after_2007,0002,0004,F009983,La Baells - 100007000,405749,4668940,4179967,Quinoxifèn
after_2007,0002,0004,F009983,La Baells - 100007000,405749,4668940,4179968,Aclonifèn
after_2007,0002,0004,F009983,La Baells - 100007000,405749,4668940,4179969,Bifenox
after_2007,0002,0004,F009983,La Baells - 100007000,405749,4668940,4179970,Cipermetrín (suma d'isòmers)
after_2007,0002,0004,F009983,La Baells - 100007000,405749,4668940,4179971,Cibutrina
after_2007,0002,0004,F009983,La Baells - 100007000,405749,4668940,4179972,4-n-Nonilfenol
after_2007,0002,0004,F009984,La Llosa del Cavall - 100048000,384511,4663903,3319647,Toluè
after_2007,0002,0004,F009984,La Llosa del Cavall - 100048000,384511,4663903,3319648,Hexaclorobutadiè
after_2007,0002,0004,F009984,La Llosa del Cavall - 100048000,384511,4663903,3319649,Diclorometà
after_2007,0002,0004,F009984,La Llosa del Cavall - 100048000,384511,4663903,3319650,"trans-1,2-Dicloroetilè"
after_2007,0002,0004,F009984,La Llosa del Cavall - 100048000,384511,4663903,3319651,"cis-1,2-Dicloroetilè"
after_2007,0002,0004,F009984,La Llosa del Cavall - 100048000,384511,4663903,3319652,Tetraclorur de Carboni
after_2007,0002,0004,F009984,La Llosa del Cavall - 100048000,384511,4663903,3319653,Tricloroetilè
after_2007,0002,0004,F009984,La Llosa del Cavall - 100048000,384511,4663903,3319654,Bromodiclorometà
after_2007,0002,0004,F009984,La Llosa del Cavall - 100048000,384511,4663903,3319655,"cis-1,3-Dicloropropè"
after_2007,0002,0004,F009984,La Llosa del Cavall - 100048000,384511,4663903,3319656,Triclorometà
after_2007,0002,0004,F009984,La Llosa del Cavall - 100048000,384511,4663903,3319657,"1,1,2-Tricloroetà"
after_2007,0002,0004,F009984,La Llosa del Cavall - 100048000,384511,4663903,3319658,Tetracloroetilè
after_2007,0002,0004,F009984,La Llosa del Cavall - 100048000,384511,4663903,3319659,Dibromoclorometà
after_2007,0002,0004,F009984,La Llosa del Cavall - 100048000,384511,4663903,3319660,Bromoform
after_2007,0002,0004,F009984,La Llosa del Cavall - 100048000,384511,4663903,3319661,"1,2-Dicloroetà"
after_2007,0002,0004,F009984,La Llosa del Cavall - 100048000,384511,4663903,3319662,"1,4-Diclorobenzè"
after_2007,0002,0004,F009984,La Llosa del Cavall - 100048000,384511,4663903,3319663,"1,2-Diclorobenzè"
after_2007,0002,0004,F009984,La Llosa del Cavall - 100048000,384511,4663903,3319664,Suma de triclorobenzens
after_2007,0002,0004,F009984,La Llosa del Cavall - 100048000,384511,4663903,3319665,"1,2,4-Triclorobenzè"
after_2007,0002,0004,F009984,La Llosa del Cavall - 100048000,384511,4663903,3319666,"1,2,3-Triclorobenzè"
after_2007,0002,0004,F009984,La Llosa del Cavall - 100048000,384511,4663903,3319667,Benzè
after_2007,0002,0004,F009984,La Llosa del Cavall - 100048000,384511,4663903,3319668,Etilbenzè
after_2007,0002,0004,F009984,La Llosa del Cavall - 100048000,384511,4663903,3319669,"m,p-Xilè"
after_2007,0002,0004,F009984,La Llosa del Cavall - 100048000,384511,4663903,3319670,o-Xilè
after_2007,0002,0004,F009984,La Llosa del Cavall - 100048000,384511,4663903,3319672,Hexaclorobenzè
after_2007,0002,0004,F009984,La Llosa del Cavall - 100048000,384511,4663903,3319674,Clorobenzè
after_2007,0002,0004,F009984,La Llosa del Cavall - 100048000,384511,4663903,3319675,a-Hexaclorociclohexà
after_2007,0002,0004,F009984,La Llosa del Cavall - 100048000,384511,4663903,3319676,Lindà(g-Hexaclorociclohexà)
after_2007,0002,0004,F009984,La Llosa del Cavall - 100048000,384511,4663903,3319677,"1,1-Dicloroetilè"
after_2007,0002,0004,F009984,La Llosa del Cavall - 100048000,384511,4663903,3319678,"1,1-Dicloroetà"
after_2007,0002,0004,F009984,La Llosa del Cavall - 100048000,384511,4663903,3319679,"1,1,1-Tricloroetà"
after_2007,0002,0004,F009984,La Llosa del Cavall - 100048000,384511,4663903,3319680,"1,2-Dicloropropà"
after_2007,0002,0004,F009984,La Llosa del Cavall - 100048000,384511,4663903,3319681,"trans-1,3-Dicloropropè"
after_2007,0002,0004,F009984,La Llosa del Cavall - 100048000,384511,4663903,3319682,"1,1,2,2-Tetracloroetà"
after_2007,0002,0004,F009984,La Llosa del Cavall - 100048000,384511,4663903,3319683,"1,3,5-Triclorobenzè"
after_2007,0002,0004,F009984,La Llosa del Cavall - 100048000,384511,4663903,3319684,Heptaclor
after_2007,0002,0004,F009984,La Llosa del Cavall - 100048000,384511,4663903,3319685,Aldrín
after_2007,0002,0004,F009984,La Llosa del Cavall - 100048000,384511,4663903,3319686,Isodrín
after_2007,0002,0004,F009984,La Llosa del Cavall - 100048000,384511,4663903,3319687,Epòxid d'heptaclor B
after_2007,0002,0004,F009984,La Llosa del Cavall - 100048000,384511,4663903,3319688,Endosulfan I
after_2007,0002,0004,F009984,La Llosa del Cavall - 100048000,384511,4663903,3319689,Dieldrín
after_2007,0002,0004,F009984,La Llosa del Cavall - 100048000,384511,4663903,3319690,Endrín
after_2007,0002,0004,F009984,La Llosa del Cavall - 100048000,384511,4663903,3319691,"4,4'-DDE"
after_2007,0002,0004,F009984,La Llosa del Cavall - 100048000,384511,4663903,3319692,Endosulfan II
after_2007,0002,0004,F009984,La Llosa del Cavall - 100048000,384511,4663903,3319693,"4,4'-DDD"
after_2007,0002,0004,F009984,La Llosa del Cavall - 100048000,384511,4663903,3319694,Sulfat d'endosulfan
after_2007,0002,0004,F009984,La Llosa del Cavall - 100048000,384511,4663903,3319695,"4,4'-DDT"
after_2007,0002,0004,F009984,La Llosa del Cavall - 100048000,384511,4663903,3319696,Triclorofluorometà
after_2007,0002,0004,F009984,La Llosa del Cavall - 100048000,384511,4663903,3319697,"1,3-Diclorobenzè"
after_2007,0002,0004,F009984,La Llosa del Cavall - 100048000,384511,4663903,3319698,Naftalè
after_2007,0002,0004,F009984,La Llosa del Cavall - 100048000,384511,4663903,3319699,Diazinon
after_2007,0002,0004,F009984,La Llosa del Cavall - 100048000,384511,4663903,3319700,Paration de metil
after_2007,0002,0004,F009984,La Llosa del Cavall - 100048000,384511,4663903,3319701,Fenitrotion
after_2007,0002,0004,F009984,La Llosa del Cavall - 100048000,384511,4663903,3319702,Malation
after_2007,0002,0004,F009984,La Llosa del Cavall - 100048000,384511,4663903,3319703,Clorpirifòs
after_2007,0002,0004,F009984,La Llosa del Cavall - 100048000,384511,4663903,3319704,Paration
after_2007,0002,0004,F009984,La Llosa del Cavall - 100048000,384511,4663903,3319705,Clorfenvinfòs (suma d'isòmers)
after_2007,0002,0004,F009984,La Llosa del Cavall - 100048000,384511,4663903,3319706,Etion
after_2007,0002,0004,F009984,La Llosa del Cavall - 100048000,384511,4663903,3319707,Azinfòs d'etil
after_2007,0002,0004,F009984,La Llosa del Cavall - 100048000,384511,4663903,3319708,Simazina
after_2007,0002,0004,F009984,La Llosa del Cavall - 100048000,384511,4663903,3319709,Atrazina
after_2007,0002,0004,F009984,La Llosa del Cavall - 100048000,384511,4663903,3319710,Propazina
after_2007,0002,0004,F009984,La Llosa del Cavall - 100048000,384511,4663903,3319711,Terbutrina
after_2007,0002,0004,F009984,La Llosa del Cavall - 100048000,384511,4663903,3319712,Antracè
after_2007,0002,0004,F009984,La Llosa del Cavall - 100048000,384511,4663903,3319713,Fluorantè
after_2007,0002,0004,F009984,La Llosa del Cavall - 100048000,384511,4663903,3319714,Benzo(b)fluorantè
after_2007,0002,0004,F009984,La Llosa del Cavall - 100048000,384511,4663903,3319715,Benzo(k)fluorantè
after_2007,0002,0004,F009984,La Llosa del Cavall - 100048000,384511,4663903,3319716,Benzo(a)pirè
after_2007,0002,0004,F009984,La Llosa del Cavall - 100048000,384511,4663903,3319717,"Indeno(1,2,3-cd)pirè"
after_2007,0002,0004,F009984,La Llosa del Cavall - 100048000,384511,4663903,3319718,Benzo(ghi)perilè
after_2007,0002,0004,F009984,La Llosa del Cavall - 100048000,384511,4663903,3319719,Suma d'al-diel-iso-endrín
after_2007,0002,0004,F009984,La Llosa del Cavall - 100048000,384511,4663903,3319720,Suma d'Organofosforats
after_2007,0002,0004,F009984,La Llosa del Cavall - 100048000,384511,4663903,3319721,Suma de plaguicides clorats
after_2007,0002,0004,F009984,La Llosa del Cavall - 100048000,384511,4663903,3319722,Suma de triazines
after_2007,0002,0004,F009984,La Llosa del Cavall - 100048000,384511,4663903,3319723,Trifluralina
after_2007,0002,0004,F009984,La Llosa del Cavall - 100048000,384511,4663903,3319724,Molinat
after_2007,0002,0004,F009984,La Llosa del Cavall - 100048000,384511,4663903,3319725,Terbutilazina
after_2007,0002,0004,F009984,La Llosa del Cavall - 100048000,384511,4663903,3319726,Alaclor
after_2007,0002,0004,F009984,La Llosa del Cavall - 100048000,384511,4663903,3319727,Pentaclorobenzè
after_2007,0002,0004,F009984,La Llosa del Cavall - 100048000,384511,4663903,3319728,tert-Octilfenol
after_2007,0002,0004,F009984,La Llosa del Cavall - 100048000,384511,4663903,3319729,NPEO(e=0)
after_2007,0002,0004,F009984,La Llosa del Cavall - 100048000,384511,4663903,3319730,"2,4'-DDT"
after_2007,0002,0004,F009984,La Llosa del Cavall - 100048000,384511,4663903,3319731,"2,4'-DDE"
after_2007,0002,0004,F009984,La Llosa del Cavall - 100048000,384511,4663903,3319732,"2,4'-DDD"
after_2007,0002,0004,F009984,La Llosa del Cavall - 100048000,384511,4663903,3319733,Metolaclor
after_2007,0002,0004,F009984,La Llosa del Cavall - 100048000,384511,4663903,3319734,Epòxid d'heptaclor A
after_2007,0002,0004,F009984,La Llosa del Cavall - 100048000,384511,4663903,3319735,Suma de diclorobenzens
after_2007,0002,0004,F009984,La Llosa del Cavall - 100048000,384511,4663903,3319736,BDE-47
after_2007,0002,0004,F009984,La Llosa del Cavall - 100048000,384511,4663903,3319737,BDE-99
after_2007,0002,0004,F009984,La Llosa del Cavall - 100048000,384511,4663903,3319738,BDE-100
after_2007,0002,0004,F009984,La Llosa del Cavall - 100048000,384511,4663903,3319739,Cetona d'endrín
after_2007,0002,0004,F009984,La Llosa del Cavall - 100048000,384511,4663903,3319740,BDE-28
after_2007,0002,0004,F009984,La Llosa del Cavall - 100048000,384511,4663903,3319741,BDE-153
after_2007,0002,0004,F009984,La Llosa del Cavall - 100048000,384511,4663903,3319742,BDE-154
after_2007,0002,0004,F009984,La Llosa del Cavall - 100048000,384511,4663903,3319743,Suma de PAH1
after_2007,0002,0004,F009984,La Llosa del Cavall - 100048000,384511,4663903,3319744,Suma de PAH2
after_2007,0002,0004,F009984,La Llosa del Cavall - 100048000,384511,4663903,3319745,Suma de DDT
after_2007,0002,0004,F009984,La Llosa del Cavall - 100048000,384511,4663903,4103690,Alumini
after_2007,0002,0004,F009984,La Llosa del Cavall - 100048000,384511,4663903,4103691,Antimoni
after_2007,0002,0004,F009984,La Llosa del Cavall - 100048000,384511,4663903,4103692,Arsènic
after_2007,0002,0004,F009984,La Llosa del Cavall - 100048000,384511,4663903,4103693,Bari
after_2007,0002,0004,F009984,La Llosa del Cavall - 100048000,384511,4663903,4103694,Beril·li
after_2007,0002,0004,F009984,La Llosa del Cavall - 100048000,384511,4663903,4103695,Bor
after_2007,0002,0004,F009984,La Llosa del Cavall - 100048000,384511,4663903,4103696,Cadmi
after_2007,0002,0004,F009984,La Llosa del Cavall - 100048000,384511,4663903,4103697,Cobalt
after_2007,0002,0004,F009984,La Llosa del Cavall - 100048000,384511,4663903,4103698,Coure
after_2007,0002,0004,F009984,La Llosa del Cavall - 100048000,384511,4663903,4103699,Crom
after_2007,0002,0004,F009984,La Llosa del Cavall - 100048000,384511,4663903,4103700,Ferro
after_2007,0002,0004,F009984,La Llosa del Cavall - 100048000,384511,4663903,4103701,Manganès
after_2007,0002,0004,F009984,La Llosa del Cavall - 100048000,384511,4663903,4103702,Mercuri
after_2007,0002,0004,F009984,La Llosa del Cavall - 100048000,384511,4663903,4103703,Molibdè
after_2007,0002,0004,F009984,La Llosa del Cavall - 100048000,384511,4663903,4103704,Níquel
after_2007,0002,0004,F009984,La Llosa del Cavall - 100048000,384511,4663903,4103705,Plom
after_2007,0002,0004,F009984,La Llosa del Cavall - 100048000,384511,4663903,4103706,Seleni
after_2007,0002,0004,F009984,La Llosa del Cavall - 100048000,384511,4663903,4103707,Vanadi
after_2007,0002,0004,F009984,La Llosa del Cavall - 100048000,384511,4663903,4103708,Zinc
after_2007,0002,0004,F009984,La Llosa del Cavall - 100048000,384511,4663903,4160901,Suma de xilens
after_2007,0002,0004,F009984,La Llosa del Cavall - 100048000,384511,4663903,4180964,Estronci
after_2007,0002,0004,F009984,La Llosa del Cavall - 100048000,384511,4663903,4180965,Quinoxifèn
after_2007,0002,0004,F009984,La Llosa del Cavall - 100048000,384511,4663903,4180966,Aclonifèn
after_2007,0002,0004,F009984,La Llosa del Cavall - 100048000,384511,4663903,4180967,Bifenox
after_2007,0002,0004,F009984,La Llosa del Cavall - 100048000,384511,4663903,4180968,Cipermetrín (suma d'isòmers)
after_2007,0002,0004,F009984,La Llosa del Cavall - 100048000,384511,4663903,4180969,Cibutrina
after_2007,0002,0004,F009984,La Llosa del Cavall - 100048000,384511,4663903,4180970,4-n-Nonilfenol
after_2007,0002,0004,F009985,Sant Ponç - 100051000,384228,4646804,3316091,Toluè
after_2007,0002,0004,F009985,Sant Ponç - 100051000,384228,4646804,3316092,Hexaclorobutadiè
after_2007,0002,0004,F009985,Sant Ponç - 100051000,384228,4646804,3316093,Diclorometà
after_2007,0002,0004,F009985,Sant Ponç - 100051000,384228,4646804,3316094,"trans-1,2-Dicloroetilè"
after_2007,0002,0004,F009985,Sant Ponç - 100051000,384228,4646804,3316095,"cis-1,2-Dicloroetilè"
after_2007,0002,0004,F009985,Sant Ponç - 100051000,384228,4646804,3316096,Tetraclorur de Carboni
after_2007,0002,0004,F009985,Sant Ponç - 100051000,384228,4646804,3316097,Tricloroetilè
after_2007,0002,0004,F009985,Sant Ponç - 100051000,384228,4646804,3316098,Bromodiclorometà
after_2007,0002,0004,F009985,Sant Ponç - 100051000,384228,4646804,3316099,"cis-1,3-Dicloropropè"
after_2007,0002,0004,F009985,Sant Ponç - 100051000,384228,4646804,3316100,Triclorometà
after_2007,0002,0004,F009985,Sant Ponç - 100051000,384228,4646804,3316101,"1,1,2-Tricloroetà"
after_2007,0002,0004,F009985,Sant Ponç - 100051000,384228,4646804,3316102,Tetracloroetilè
after_2007,0002,0004,F009985,Sant Ponç - 100051000,384228,4646804,3316103,Dibromoclorometà
after_2007,0002,0004,F009985,Sant Ponç - 100051000,384228,4646804,3316104,Bromoform
after_2007,0002,0004,F009985,Sant Ponç - 100051000,384228,4646804,3316105,"1,2-Dicloroetà"
after_2007,0002,0004,F009985,Sant Ponç - 100051000,384228,4646804,3316106,"1,4-Diclorobenzè"
after_2007,0002,0004,F009985,Sant Ponç - 100051000,384228,4646804,3316107,"1,2-Diclorobenzè"
after_2007,0002,0004,F009985,Sant Ponç - 100051000,384228,4646804,3316108,Suma de triclorobenzens
after_2007,0002,0004,F009985,Sant Ponç - 100051000,384228,4646804,3316109,"1,2,4-Triclorobenzè"
after_2007,0002,0004,F009985,Sant Ponç - 100051000,384228,4646804,3316110,"1,2,3-Triclorobenzè"
after_2007,0002,0004,F009985,Sant Ponç - 100051000,384228,4646804,3316111,Benzè
after_2007,0002,0004,F009985,Sant Ponç - 100051000,384228,4646804,3316112,Etilbenzè
after_2007,0002,0004,F009985,Sant Ponç - 100051000,384228,4646804,3316113,"m,p-Xilè"
after_2007,0002,0004,F009985,Sant Ponç - 100051000,384228,4646804,3316114,o-Xilè
after_2007,0002,0004,F009985,Sant Ponç - 100051000,384228,4646804,3316116,Hexaclorobenzè
after_2007,0002,0004,F009985,Sant Ponç - 100051000,384228,4646804,3316118,Clorobenzè
after_2007,0002,0004,F009985,Sant Ponç - 100051000,384228,4646804,3316119,a-Hexaclorociclohexà
after_2007,0002,0004,F009985,Sant Ponç - 100051000,384228,4646804,3316120,Lindà(g-Hexaclorociclohexà)
after_2007,0002,0004,F009985,Sant Ponç - 100051000,384228,4646804,3316121,"1,1-Dicloroetilè"
after_2007,0002,0004,F009985,Sant Ponç - 100051000,384228,4646804,3316122,"1,1-Dicloroetà"
after_2007,0002,0004,F009985,Sant Ponç - 100051000,384228,4646804,3316123,"1,1,1-Tricloroetà"
after_2007,0002,0004,F009985,Sant Ponç - 100051000,384228,4646804,3316124,"1,2-Dicloropropà"
after_2007,0002,0004,F009985,Sant Ponç - 100051000,384228,4646804,3316125,"trans-1,3-Dicloropropè"
after_2007,0002,0004,F009985,Sant Ponç - 100051000,384228,4646804,3316126,"1,1,2,2-Tetracloroetà"
after_2007,0002,0004,F009985,Sant Ponç - 100051000,384228,4646804,3316127,"1,3,5-Triclorobenzè"
after_2007,0002,0004,F009985,Sant Ponç - 100051000,384228,4646804,3316128,Heptaclor
after_2007,0002,0004,F009985,Sant Ponç - 100051000,384228,4646804,3316129,Aldrín
after_2007,0002,0004,F009985,Sant Ponç - 100051000,384228,4646804,3316130,Isodrín
after_2007,0002,0004,F009985,Sant Ponç - 100051000,384228,4646804,3316131,Epòxid d'heptaclor B
after_2007,0002,0004,F009985,Sant Ponç - 100051000,384228,4646804,3316132,Endosulfan I
after_2007,0002,0004,F009985,Sant Ponç - 100051000,384228,4646804,3316133,Dieldrín
after_2007,0002,0004,F009985,Sant Ponç - 100051000,384228,4646804,3316134,Endrín
after_2007,0002,0004,F009985,Sant Ponç - 100051000,384228,4646804,3316135,"4,4'-DDE"
after_2007,0002,0004,F009985,Sant Ponç - 100051000,384228,4646804,3316136,Endosulfan II
after_2007,0002,0004,F009985,Sant Ponç - 100051000,384228,4646804,3316137,"4,4'-DDD"
after_2007,0002,0004,F009985,Sant Ponç - 100051000,384228,4646804,3316138,Sulfat d'endosulfan
after_2007,0002,0004,F009985,Sant Ponç - 100051000,384228,4646804,3316139,"4,4'-DDT"
after_2007,0002,0004,F009985,Sant Ponç - 100051000,384228,4646804,3316140,Triclorofluorometà
after_2007,0002,0004,F009985,Sant Ponç - 100051000,384228,4646804,3316141,"1,3-Diclorobenzè"
after_2007,0002,0004,F009985,Sant Ponç - 100051000,384228,4646804,3316142,Naftalè
after_2007,0002,0004,F009985,Sant Ponç - 100051000,384228,4646804,3316143,Diazinon
after_2007,0002,0004,F009985,Sant Ponç - 100051000,384228,4646804,3316144,Paration de metil
after_2007,0002,0004,F009985,Sant Ponç - 100051000,384228,4646804,3316145,Fenitrotion
after_2007,0002,0004,F009985,Sant Ponç - 100051000,384228,4646804,3316146,Malation
after_2007,0002,0004,F009985,Sant Ponç - 100051000,384228,4646804,3316147,Clorpirifòs
after_2007,0002,0004,F009985,Sant Ponç - 100051000,384228,4646804,3316148,Paration
after_2007,0002,0004,F009985,Sant Ponç - 100051000,384228,4646804,3316149,Clorfenvinfòs (suma d'isòmers)
after_2007,0002,0004,F009985,Sant Ponç - 100051000,384228,4646804,3316150,Etion
after_2007,0002,0004,F009985,Sant Ponç - 100051000,384228,4646804,3316151,Azinfòs d'etil
after_2007,0002,0004,F009985,Sant Ponç - 100051000,384228,4646804,3316152,Simazina
after_2007,0002,0004,F009985,Sant Ponç - 100051000,384228,4646804,3316153,Atrazina
after_2007,0002,0004,F009985,Sant Ponç - 100051000,384228,4646804,3316154,Propazina
after_2007,0002,0004,F009985,Sant Ponç - 100051000,384228,4646804,3316155,Terbutrina
after_2007,0002,0004,F009985,Sant Ponç - 100051000,384228,4646804,3316156,Antracè
after_2007,0002,0004,F009985,Sant Ponç - 100051000,384228,4646804,3316157,Fluorantè
after_2007,0002,0004,F009985,Sant Ponç - 100051000,384228,4646804,3316158,Benzo(b)fluorantè
after_2007,0002,0004,F009985,Sant Ponç - 100051000,384228,4646804,3316159,Benzo(k)fluorantè
after_2007,0002,0004,F009985,Sant Ponç - 100051000,384228,4646804,3316160,Benzo(a)pirè
after_2007,0002,0004,F009985,Sant Ponç - 100051000,384228,4646804,3316161,"Indeno(1,2,3-cd)pirè"
after_2007,0002,0004,F009985,Sant Ponç - 100051000,384228,4646804,3316162,Benzo(ghi)perilè
after_2007,0002,0004,F009985,Sant Ponç - 100051000,384228,4646804,3316163,Suma d'al-diel-iso-endrín
after_2007,0002,0004,F009985,Sant Ponç - 100051000,384228,4646804,3316164,Suma d'Organofosforats
after_2007,0002,0004,F009985,Sant Ponç - 100051000,384228,4646804,3316165,Suma de plaguicides clorats
after_2007,0002,0004,F009985,Sant Ponç - 100051000,384228,4646804,3316166,Suma de triazines
after_2007,0002,0004,F009985,Sant Ponç - 100051000,384228,4646804,3316167,Trifluralina
after_2007,0002,0004,F009985,Sant Ponç - 100051000,384228,4646804,3316168,Molinat
after_2007,0002,0004,F009985,Sant Ponç - 100051000,384228,4646804,3316169,Terbutilazina
after_2007,0002,0004,F009985,Sant Ponç - 100051000,384228,4646804,3316170,Alaclor
after_2007,0002,0004,F009985,Sant Ponç - 100051000,384228,4646804,3316171,Pentaclorobenzè
after_2007,0002,0004,F009985,Sant Ponç - 100051000,384228,4646804,3316172,tert-Octilfenol
after_2007,0002,0004,F009985,Sant Ponç - 100051000,384228,4646804,3316173,NPEO(e=0)
after_2007,0002,0004,F009985,Sant Ponç - 100051000,384228,4646804,3316174,"2,4'-DDT"
after_2007,0002,0004,F009985,Sant Ponç - 100051000,384228,4646804,3316175,"2,4'-DDE"
after_2007,0002,0004,F009985,Sant Ponç - 100051000,384228,4646804,3316176,"2,4'-DDD"
after_2007,0002,0004,F009985,Sant Ponç - 100051000,384228,4646804,3316177,Metolaclor
after_2007,0002,0004,F009985,Sant Ponç - 100051000,384228,4646804,3316178,Epòxid d'heptaclor A
after_2007,0002,0004,F009985,Sant Ponç - 100051000,384228,4646804,3316179,Suma de diclorobenzens
after_2007,0002,0004,F009985,Sant Ponç - 100051000,384228,4646804,3316180,BDE-47
after_2007,0002,0004,F009985,Sant Ponç - 100051000,384228,4646804,3316181,BDE-99
after_2007,0002,0004,F009985,Sant Ponç - 100051000,384228,4646804,3316182,BDE-100
after_2007,0002,0004,F009985,Sant Ponç - 100051000,384228,4646804,3316183,Cetona d'endrín
after_2007,0002,0004,F009985,Sant Ponç - 100051000,384228,4646804,3316184,BDE-153
after_2007,0002,0004,F009985,Sant Ponç - 100051000,384228,4646804,3316185,BDE-154
after_2007,0002,0004,F009985,Sant Ponç - 100051000,384228,4646804,3316186,Suma de PAH1
after_2007,0002,0004,F009985,Sant Ponç - 100051000,384228,4646804,3316187,Suma de PAH2
after_2007,0002,0004,F009985,Sant Ponç - 100051000,384228,4646804,3316188,Suma de DDT
after_2007,0002,0004,F009985,Sant Ponç - 100051000,384228,4646804,4049057,Estronci
after_2007,0002,0004,F009985,Sant Ponç - 100051000,384228,4646804,4103709,Alumini
after_2007,0002,0004,F009985,Sant Ponç - 100051000,384228,4646804,4103710,Antimoni
after_2007,0002,0004,F009985,Sant Ponç - 100051000,384228,4646804,4103711,Arsènic
after_2007,0002,0004,F009985,Sant Ponç - 100051000,384228,4646804,4103712,Bari
after_2007,0002,0004,F009985,Sant Ponç - 100051000,384228,4646804,4103713,Beril·li
after_2007,0002,0004,F009985,Sant Ponç - 100051000,384228,4646804,4103714,Bor
after_2007,0002,0004,F009985,Sant Ponç - 100051000,384228,4646804,4103715,Cadmi
after_2007,0002,0004,F009985,Sant Ponç - 100051000,384228,4646804,4103716,Cobalt
after_2007,0002,0004,F009985,Sant Ponç - 100051000,384228,4646804,4103717,Coure
after_2007,0002,0004,F009985,Sant Ponç - 100051000,384228,4646804,4103718,Crom
after_2007,0002,0004,F009985,Sant Ponç - 100051000,384228,4646804,4103719,Ferro
after_2007,0002,0004,F009985,Sant Ponç - 100051000,384228,4646804,4103720,Manganès
after_2007,0002,0004,F009985,Sant Ponç - 100051000,384228,4646804,4103721,Mercuri
after_2007,0002,0004,F009985,Sant Ponç - 100051000,384228,4646804,4103722,Molibdè
after_2007,0002,0004,F009985,Sant Ponç - 100051000,384228,4646804,4103723,Níquel
after_2007,0002,0004,F009985,Sant Ponç - 100051000,384228,4646804,4103724,Plom
after_2007,0002,0004,F009985,Sant Ponç - 100051000,384228,4646804,4103725,Seleni
after_2007,0002,0004,F009985,Sant Ponç - 100051000,384228,4646804,4103726,Vanadi
after_2007,0002,0004,F009985,Sant Ponç - 100051000,384228,4646804,4103727,Zinc
after_2007,0002,0004,F009985,Sant Ponç - 100051000,384228,4646804,4160907,Suma de xilens
after_2007,0002,0004,F009985,Sant Ponç - 100051000,384228,4646804,4260041,BDE-28
after_2007,0002,0004,F009985,Sant Ponç - 100051000,384228,4646804,4260042,Quinoxifèn
after_2007,0002,0004,F009985,Sant Ponç - 100051000,384228,4646804,4260043,Aclonifèn
after_2007,0002,0004,F009985,Sant Ponç - 100051000,384228,4646804,4260044,Bifenox
after_2007,0002,0004,F009985,Sant Ponç - 100051000,384228,4646804,4260045,Cipermetrín (suma d'isòmers)
after_2007,0002,0004,F009985,Sant Ponç - 100051000,384228,4646804,4260046,Cibutrina
after_2007,0002,0004,F009985,Sant Ponç - 100051000,384228,4646804,4260047,4-n-Nonilfenol
after_2007,0002,0004,F009986,Sant Martí de Tous - 100078500,374147,4601566,4413435,Suma de xilens
after_2007,0002,0004,F009986,Sant Martí de Tous - 100078500,374147,4601566,4413436,Toluè
after_2007,0002,0004,F009986,Sant Martí de Tous - 100078500,374147,4601566,4413437,Hexaclorobutadiè
after_2007,0002,0004,F009986,Sant Martí de Tous - 100078500,374147,4601566,4413438,Diclorometà
after_2007,0002,0004,F009986,Sant Martí de Tous - 100078500,374147,4601566,4413439,"trans-1,2-Dicloroetilè"
after_2007,0002,0004,F009986,Sant Martí de Tous - 100078500,374147,4601566,4413440,"cis-1,2-Dicloroetilè"
after_2007,0002,0004,F009986,Sant Martí de Tous - 100078500,374147,4601566,4413441,Tetraclorur de Carboni
after_2007,0002,0004,F009986,Sant Martí de Tous - 100078500,374147,4601566,4413442,Tricloroetilè
after_2007,0002,0004,F009986,Sant Martí de Tous - 100078500,374147,4601566,4413443,Bromodiclorometà
after_2007,0002,0004,F009986,Sant Martí de Tous - 100078500,374147,4601566,4413444,"cis-1,3-Dicloropropè"
after_2007,0002,0004,F009986,Sant Martí de Tous - 100078500,374147,4601566,4413445,Triclorometà
after_2007,0002,0004,F009986,Sant Martí de Tous - 100078500,374147,4601566,4413446,"1,1,2-Tricloroetà"
after_2007,0002,0004,F009986,Sant Martí de Tous - 100078500,374147,4601566,4413447,Tetracloroetilè
after_2007,0002,0004,F009986,Sant Martí de Tous - 100078500,374147,4601566,4413448,Dibromoclorometà
after_2007,0002,0004,F009986,Sant Martí de Tous - 100078500,374147,4601566,4413449,Bromoform
after_2007,0002,0004,F009986,Sant Martí de Tous - 100078500,374147,4601566,4413450,"1,2-Dicloroetà"
after_2007,0002,0004,F009986,Sant Martí de Tous - 100078500,374147,4601566,4413451,"1,4-Diclorobenzè"
after_2007,0002,0004,F009986,Sant Martí de Tous - 100078500,374147,4601566,4413452,"1,2-Diclorobenzè"
after_2007,0002,0004,F009986,Sant Martí de Tous - 100078500,374147,4601566,4413453,Suma de triclorobenzens
after_2007,0002,0004,F009986,Sant Martí de Tous - 100078500,374147,4601566,4413454,"1,2,4-Triclorobenzè"
after_2007,0002,0004,F009986,Sant Martí de Tous - 100078500,374147,4601566,4413455,"1,2,3-Triclorobenzè"
after_2007,0002,0004,F009986,Sant Martí de Tous - 100078500,374147,4601566,4413456,Benzè
after_2007,0002,0004,F009986,Sant Martí de Tous - 100078500,374147,4601566,4413457,Etilbenzè
after_2007,0002,0004,F009986,Sant Martí de Tous - 100078500,374147,4601566,4413458,"m,p-Xilè"
after_2007,0002,0004,F009986,Sant Martí de Tous - 100078500,374147,4601566,4413459,o-Xilè
after_2007,0002,0004,F009986,Sant Martí de Tous - 100078500,374147,4601566,4413460,Hexaclorobenzè
after_2007,0002,0004,F009986,Sant Martí de Tous - 100078500,374147,4601566,4413461,Clorobenzè
after_2007,0002,0004,F009986,Sant Martí de Tous - 100078500,374147,4601566,4413462,a-Hexaclorociclohexà
after_2007,0002,0004,F009986,Sant Martí de Tous - 100078500,374147,4601566,4413463,Lindà(g-Hexaclorociclohexà)
after_2007,0002,0004,F009986,Sant Martí de Tous - 100078500,374147,4601566,4413464,"1,1-Dicloroetilè"
after_2007,0002,0004,F009986,Sant Martí de Tous - 100078500,374147,4601566,4413465,"1,1-Dicloroetà"
after_2007,0002,0004,F009986,Sant Martí de Tous - 100078500,374147,4601566,4413466,"1,1,1-Tricloroetà"
after_2007,0002,0004,F009986,Sant Martí de Tous - 100078500,374147,4601566,4413467,"1,2-Dicloropropà"
after_2007,0002,0004,F009986,Sant Martí de Tous - 100078500,374147,4601566,4413468,"trans-1,3-Dicloropropè"
after_2007,0002,0004,F009986,Sant Martí de Tous - 100078500,374147,4601566,4413469,"1,1,2,2-Tetracloroetà"
after_2007,0002,0004,F009986,Sant Martí de Tous - 100078500,374147,4601566,4413470,"1,3,5-Triclorobenzè"
after_2007,0002,0004,F009986,Sant Martí de Tous - 100078500,374147,4601566,4413471,Heptaclor
after_2007,0002,0004,F009986,Sant Martí de Tous - 100078500,374147,4601566,4413472,Aldrín
after_2007,0002,0004,F009986,Sant Martí de Tous - 100078500,374147,4601566,4413473,Isodrín
after_2007,0002,0004,F009986,Sant Martí de Tous - 100078500,374147,4601566,4413474,Epòxid d'heptaclor B
after_2007,0002,0004,F009986,Sant Martí de Tous - 100078500,374147,4601566,4413475,Endosulfan I
after_2007,0002,0004,F009986,Sant Martí de Tous - 100078500,374147,4601566,4413476,Dieldrín
after_2007,0002,0004,F009986,Sant Martí de Tous - 100078500,374147,4601566,4413477,Endrín
after_2007,0002,0004,F009986,Sant Martí de Tous - 100078500,374147,4601566,4413478,"4,4'-DDE"
after_2007,0002,0004,F009986,Sant Martí de Tous - 100078500,374147,4601566,4413479,Endosulfan II
after_2007,0002,0004,F009986,Sant Martí de Tous - 100078500,374147,4601566,4413480,"4,4'-DDD"
after_2007,0002,0004,F009986,Sant Martí de Tous - 100078500,374147,4601566,4413481,Sulfat d'endosulfan
after_2007,0002,0004,F009986,Sant Martí de Tous - 100078500,374147,4601566,4413482,"4,4'-DDT"
after_2007,0002,0004,F009986,Sant Martí de Tous - 100078500,374147,4601566,4413483,Triclorofluorometà
after_2007,0002,0004,F009986,Sant Martí de Tous - 100078500,374147,4601566,4413484,"1,3-Diclorobenzè"
after_2007,0002,0004,F009986,Sant Martí de Tous - 100078500,374147,4601566,4413485,Naftalè
after_2007,0002,0004,F009986,Sant Martí de Tous - 100078500,374147,4601566,4413487,Diazinon
after_2007,0002,0004,F009986,Sant Martí de Tous - 100078500,374147,4601566,4413488,Paration de metil
after_2007,0002,0004,F009986,Sant Martí de Tous - 100078500,374147,4601566,4413489,Fenitrotion
after_2007,0002,0004,F009986,Sant Martí de Tous - 100078500,374147,4601566,4413490,Malation
after_2007,0002,0004,F009986,Sant Martí de Tous - 100078500,374147,4601566,4413491,Clorpirifòs
after_2007,0002,0004,F009986,Sant Martí de Tous - 100078500,374147,4601566,4413492,Paration
after_2007,0002,0004,F009986,Sant Martí de Tous - 100078500,374147,4601566,4413493,Clorfenvinfòs (suma d'isòmers)
after_2007,0002,0004,F009986,Sant Martí de Tous - 100078500,374147,4601566,4413494,Etion
after_2007,0002,0004,F009986,Sant Martí de Tous - 100078500,374147,4601566,4413495,Azinfòs d'etil
after_2007,0002,0004,F009986,Sant Martí de Tous - 100078500,374147,4601566,4413496,Simazina
after_2007,0002,0004,F009986,Sant Martí de Tous - 100078500,374147,4601566,4413497,Atrazina
after_2007,0002,0004,F009986,Sant Martí de Tous - 100078500,374147,4601566,4413498,Propazina
after_2007,0002,0004,F009986,Sant Martí de Tous - 100078500,374147,4601566,4413499,Terbutrina
after_2007,0002,0004,F009986,Sant Martí de Tous - 100078500,374147,4601566,4413500,Antracè
after_2007,0002,0004,F009986,Sant Martí de Tous - 100078500,374147,4601566,4413501,Fluorantè
after_2007,0002,0004,F009986,Sant Martí de Tous - 100078500,374147,4601566,4413502,Benzo(b)fluorantè
after_2007,0002,0004,F009986,Sant Martí de Tous - 100078500,374147,4601566,4413503,Benzo(k)fluorantè
after_2007,0002,0004,F009986,Sant Martí de Tous - 100078500,374147,4601566,4413504,Benzo(a)pirè
after_2007,0002,0004,F009986,Sant Martí de Tous - 100078500,374147,4601566,4413505,"Indeno(1,2,3-cd)pirè"
after_2007,0002,0004,F009986,Sant Martí de Tous - 100078500,374147,4601566,4413506,Benzo(ghi)perilè
after_2007,0002,0004,F009986,Sant Martí de Tous - 100078500,374147,4601566,4413507,Desetilatrazina
after_2007,0002,0004,F009986,Sant Martí de Tous - 100078500,374147,4601566,4413508,Suma d'al-diel-iso-endrín
after_2007,0002,0004,F009986,Sant Martí de Tous - 100078500,374147,4601566,4413509,Trifluralina
after_2007,0002,0004,F009986,Sant Martí de Tous - 100078500,374147,4601566,4413510,Molinat
after_2007,0002,0004,F009986,Sant Martí de Tous - 100078500,374147,4601566,4413511,Terbutilazina
after_2007,0002,0004,F009986,Sant Martí de Tous - 100078500,374147,4601566,4413512,Alaclor
after_2007,0002,0004,F009986,Sant Martí de Tous - 100078500,374147,4601566,4413513,Pentaclorobenzè
after_2007,0002,0004,F009986,Sant Martí de Tous - 100078500,374147,4601566,4413514,tert-Octilfenol
after_2007,0002,0004,F009986,Sant Martí de Tous - 100078500,374147,4601566,4413515,"2,4'-DDT"
after_2007,0002,0004,F009986,Sant Martí de Tous - 100078500,374147,4601566,4413516,"2,4'-DDE"
after_2007,0002,0004,F009986,Sant Martí de Tous - 100078500,374147,4601566,4413517,"2,4'-DDD"
after_2007,0002,0004,F009986,Sant Martí de Tous - 100078500,374147,4601566,4413518,Metolaclor
after_2007,0002,0004,F009986,Sant Martí de Tous - 100078500,374147,4601566,4413519,Epòxid d'heptaclor A
after_2007,0002,0004,F009986,Sant Martí de Tous - 100078500,374147,4601566,4413520,Suma de diclorobenzens
after_2007,0002,0004,F009986,Sant Martí de Tous - 100078500,374147,4601566,4413521,Cianazina
after_2007,0002,0004,F009986,Sant Martí de Tous - 100078500,374147,4601566,4413522,Diuron
after_2007,0002,0004,F009986,Sant Martí de Tous - 100078500,374147,4601566,4413523,Isoproturon
after_2007,0002,0004,F009986,Sant Martí de Tous - 100078500,374147,4601566,4413524,Linuron
after_2007,0002,0004,F009986,Sant Martí de Tous - 100078500,374147,4601566,4413525,Bentazona
after_2007,0002,0004,F009986,Sant Martí de Tous - 100078500,374147,4601566,4413526,BDE-47
after_2007,0002,0004,F009986,Sant Martí de Tous - 100078500,374147,4601566,4413527,BDE-99
after_2007,0002,0004,F009986,Sant Martí de Tous - 100078500,374147,4601566,4413528,BDE-100
after_2007,0002,0004,F009986,Sant Martí de Tous - 100078500,374147,4601566,4413529,Cetona d'endrín
after_2007,0002,0004,F009986,Sant Martí de Tous - 100078500,374147,4601566,4413530,BDE-28
after_2007,0002,0004,F009986,Sant Martí de Tous - 100078500,374147,4601566,4413531,BDE-153
after_2007,0002,0004,F009986,Sant Martí de Tous - 100078500,374147,4601566,4413532,BDE-154
after_2007,0002,0004,F009986,Sant Martí de Tous - 100078500,374147,4601566,4413533,Suma de PAH1
after_2007,0002,0004,F009986,Sant Martí de Tous - 100078500,374147,4601566,4413534,Suma de PAH2
after_2007,0002,0004,F009986,Sant Martí de Tous - 100078500,374147,4601566,4413535,Suma de DDT
after_2007,0002,0004,F009986,Sant Martí de Tous - 100078500,374147,4601566,4413536,Bor
after_2007,0002,0004,F009986,Sant Martí de Tous - 100078500,374147,4601566,4413537,Bari
after_2007,0002,0004,F009986,Sant Martí de Tous - 100078500,374147,4601566,4413538,Crom
after_2007,0002,0004,F009986,Sant Martí de Tous - 100078500,374147,4601566,4413539,Plom
after_2007,0002,0004,F009986,Sant Martí de Tous - 100078500,374147,4601566,4413540,Zinc
after_2007,0002,0004,F009986,Sant Martí de Tous - 100078500,374147,4601566,4413541,Cadmi
after_2007,0002,0004,F009986,Sant Martí de Tous - 100078500,374147,4601566,4413542,Coure
after_2007,0002,0004,F009986,Sant Martí de Tous - 100078500,374147,4601566,4413543,Ferro
after_2007,0002,0004,F009986,Sant Martí de Tous - 100078500,374147,4601566,4413544,Cobalt
after_2007,0002,0004,F009986,Sant Martí de Tous - 100078500,374147,4601566,4413545,Níquel
after_2007,0002,0004,F009986,Sant Martí de Tous - 100078500,374147,4601566,4413546,Seleni
after_2007,0002,0004,F009986,Sant Martí de Tous - 100078500,374147,4601566,4413547,Vanadi
after_2007,0002,0004,F009986,Sant Martí de Tous - 100078500,374147,4601566,4413548,Alumini
after_2007,0002,0004,F009986,Sant Martí de Tous - 100078500,374147,4601566,4413549,Arsènic
after_2007,0002,0004,F009986,Sant Martí de Tous - 100078500,374147,4601566,4413550,Mercuri
after_2007,0002,0004,F009986,Sant Martí de Tous - 100078500,374147,4601566,4413551,Molibdè
after_2007,0002,0004,F009986,Sant Martí de Tous - 100078500,374147,4601566,4413552,Antimoni
after_2007,0002,0004,F009986,Sant Martí de Tous - 100078500,374147,4601566,4413553,Beril·li
after_2007,0002,0004,F009986,Sant Martí de Tous - 100078500,374147,4601566,4413554,Estronci
after_2007,0002,0004,F009986,Sant Martí de Tous - 100078500,374147,4601566,4413555,Manganès
after_2007,0002,0004,F009986,Sant Martí de Tous - 100078500,374147,4601566,4413556,Quinoxifèn
after_2007,0002,0004,F009986,Sant Martí de Tous - 100078500,374147,4601566,4413557,Aclonifèn
after_2007,0002,0004,F009986,Sant Martí de Tous - 100078500,374147,4601566,4413558,Bifenox
after_2007,0002,0004,F009986,Sant Martí de Tous - 100078500,374147,4601566,4413559,Cipermetrín (suma d'isòmers)
after_2007,0002,0004,F009986,Sant Martí de Tous - 100078500,374147,4601566,4413560,Cibutrina
after_2007,0002,0004,F009986,Sant Martí de Tous - 100078500,374147,4601566,4413561,4-n-Nonilfenol
after_2007,0002,0004,F009986,Sant Martí de Tous - 100078500,374147,4601566,4413575,Clortoluron
after_2007,0002,0004,F009987,Vallforners - 110009000,445215,4619195,3297661,Toluè
after_2007,0002,0004,F009987,Vallforners - 110009000,445215,4619195,3297662,Hexaclorobutadiè
after_2007,0002,0004,F009987,Vallforners - 110009000,445215,4619195,3297663,Diclorometà
after_2007,0002,0004,F009987,Vallforners - 110009000,445215,4619195,3297664,"trans-1,2-Dicloroetilè"
after_2007,0002,0004,F009987,Vallforners - 110009000,445215,4619195,3297665,"cis-1,2-Dicloroetilè"
after_2007,0002,0004,F009987,Vallforners - 110009000,445215,4619195,3297666,Tetraclorur de Carboni
after_2007,0002,0004,F009987,Vallforners - 110009000,445215,4619195,3297667,Tricloroetilè
after_2007,0002,0004,F009987,Vallforners - 110009000,445215,4619195,3297668,Bromodiclorometà
after_2007,0002,0004,F009987,Vallforners - 110009000,445215,4619195,3297669,"cis-1,3-Dicloropropè"
after_2007,0002,0004,F009987,Vallforners - 110009000,445215,4619195,3297670,Triclorometà
after_2007,0002,0004,F009987,Vallforners - 110009000,445215,4619195,3297671,"1,1,2-Tricloroetà"
after_2007,0002,0004,F009987,Vallforners - 110009000,445215,4619195,3297672,Tetracloroetilè
after_2007,0002,0004,F009987,Vallforners - 110009000,445215,4619195,3297673,Dibromoclorometà
after_2007,0002,0004,F009987,Vallforners - 110009000,445215,4619195,3297674,Bromoform
after_2007,0002,0004,F009987,Vallforners - 110009000,445215,4619195,3297675,"1,2-Dicloroetà"
after_2007,0002,0004,F009987,Vallforners - 110009000,445215,4619195,3297676,"1,4-Diclorobenzè"
after_2007,0002,0004,F009987,Vallforners - 110009000,445215,4619195,3297677,"1,2-Diclorobenzè"
after_2007,0002,0004,F009987,Vallforners - 110009000,445215,4619195,3297678,Suma de triclorobenzens
after_2007,0002,0004,F009987,Vallforners - 110009000,445215,4619195,3297679,"1,2,4-Triclorobenzè"
after_2007,0002,0004,F009987,Vallforners - 110009000,445215,4619195,3297680,"1,2,3-Triclorobenzè"
after_2007,0002,0004,F009987,Vallforners - 110009000,445215,4619195,3297681,Benzè
after_2007,0002,0004,F009987,Vallforners - 110009000,445215,4619195,3297682,Etilbenzè
after_2007,0002,0004,F009987,Vallforners - 110009000,445215,4619195,3297683,"m,p-Xilè"
after_2007,0002,0004,F009987,Vallforners - 110009000,445215,4619195,3297684,o-Xilè
after_2007,0002,0004,F009987,Vallforners - 110009000,445215,4619195,3297686,Hexaclorobenzè
after_2007,0002,0004,F009987,Vallforners - 110009000,445215,4619195,3297688,Clorobenzè
after_2007,0002,0004,F009987,Vallforners - 110009000,445215,4619195,3297689,a-Hexaclorociclohexà
after_2007,0002,0004,F009987,Vallforners - 110009000,445215,4619195,3297690,Lindà(g-Hexaclorociclohexà)
after_2007,0002,0004,F009987,Vallforners - 110009000,445215,4619195,3297691,"1,1-Dicloroetilè"
after_2007,0002,0004,F009987,Vallforners - 110009000,445215,4619195,3297692,"1,1-Dicloroetà"
after_2007,0002,0004,F009987,Vallforners - 110009000,445215,4619195,3297693,"1,1,1-Tricloroetà"
after_2007,0002,0004,F009987,Vallforners - 110009000,445215,4619195,3297694,"1,2-Dicloropropà"
after_2007,0002,0004,F009987,Vallforners - 110009000,445215,4619195,3297695,"trans-1,3-Dicloropropè"
after_2007,0002,0004,F009987,Vallforners - 110009000,445215,4619195,3297696,"1,1,2,2-Tetracloroetà"
after_2007,0002,0004,F009987,Vallforners - 110009000,445215,4619195,3297697,"1,3,5-Triclorobenzè"
after_2007,0002,0004,F009987,Vallforners - 110009000,445215,4619195,3297698,Heptaclor
after_2007,0002,0004,F009987,Vallforners - 110009000,445215,4619195,3297699,Aldrín
after_2007,0002,0004,F009987,Vallforners - 110009000,445215,4619195,3297700,Isodrín
after_2007,0002,0004,F009987,Vallforners - 110009000,445215,4619195,3297701,Epòxid d'heptaclor B
after_2007,0002,0004,F009987,Vallforners - 110009000,445215,4619195,3297702,Endosulfan I
after_2007,0002,0004,F009987,Vallforners - 110009000,445215,4619195,3297703,Dieldrín
after_2007,0002,0004,F009987,Vallforners - 110009000,445215,4619195,3297704,Endrín
after_2007,0002,0004,F009987,Vallforners - 110009000,445215,4619195,3297705,"4,4'-DDE"
after_2007,0002,0004,F009987,Vallforners - 110009000,445215,4619195,3297706,Endosulfan II
after_2007,0002,0004,F009987,Vallforners - 110009000,445215,4619195,3297707,"4,4'-DDD"
after_2007,0002,0004,F009987,Vallforners - 110009000,445215,4619195,3297708,Sulfat d'endosulfan
after_2007,0002,0004,F009987,Vallforners - 110009000,445215,4619195,3297709,"4,4'-DDT"
after_2007,0002,0004,F009987,Vallforners - 110009000,445215,4619195,3297710,Triclorofluorometà
after_2007,0002,0004,F009987,Vallforners - 110009000,445215,4619195,3297711,"1,3-Diclorobenzè"
after_2007,0002,0004,F009987,Vallforners - 110009000,445215,4619195,3297712,Naftalè
after_2007,0002,0004,F009987,Vallforners - 110009000,445215,4619195,3297713,Diazinon
after_2007,0002,0004,F009987,Vallforners - 110009000,445215,4619195,3297714,Paration de metil
after_2007,0002,0004,F009987,Vallforners - 110009000,445215,4619195,3297715,Fenitrotion
after_2007,0002,0004,F009987,Vallforners - 110009000,445215,4619195,3297716,Malation
after_2007,0002,0004,F009987,Vallforners - 110009000,445215,4619195,3297717,Clorpirifòs
after_2007,0002,0004,F009987,Vallforners - 110009000,445215,4619195,3297718,Paration
after_2007,0002,0004,F009987,Vallforners - 110009000,445215,4619195,3297719,Clorfenvinfòs (suma d'isòmers)
after_2007,0002,0004,F009987,Vallforners - 110009000,445215,4619195,3297720,Etion
after_2007,0002,0004,F009987,Vallforners - 110009000,445215,4619195,3297721,Azinfòs d'etil
after_2007,0002,0004,F009987,Vallforners - 110009000,445215,4619195,3297722,Simazina
after_2007,0002,0004,F009987,Vallforners - 110009000,445215,4619195,3297723,Atrazina
after_2007,0002,0004,F009987,Vallforners - 110009000,445215,4619195,3297724,Propazina
after_2007,0002,0004,F009987,Vallforners - 110009000,445215,4619195,3297725,Terbutrina
after_2007,0002,0004,F009987,Vallforners - 110009000,445215,4619195,3297726,Antracè
after_2007,0002,0004,F009987,Vallforners - 110009000,445215,4619195,3297727,Fluorantè
after_2007,0002,0004,F009987,Vallforners - 110009000,445215,4619195,3297728,Benzo(b)fluorantè
after_2007,0002,0004,F009987,Vallforners - 110009000,445215,4619195,3297729,Benzo(k)fluorantè
after_2007,0002,0004,F009987,Vallforners - 110009000,445215,4619195,3297730,Benzo(a)pirè
after_2007,0002,0004,F009987,Vallforners - 110009000,445215,4619195,3297731,"Indeno(1,2,3-cd)pirè"
after_2007,0002,0004,F009987,Vallforners - 110009000,445215,4619195,3297732,Benzo(ghi)perilè
after_2007,0002,0004,F009987,Vallforners - 110009000,445215,4619195,3297733,Suma d'al-diel-iso-endrín
after_2007,0002,0004,F009987,Vallforners - 110009000,445215,4619195,3297734,Suma d'Organofosforats
after_2007,0002,0004,F009987,Vallforners - 110009000,445215,4619195,3297735,Suma de plaguicides clorats
after_2007,0002,0004,F009987,Vallforners - 110009000,445215,4619195,3297736,Suma de triazines
after_2007,0002,0004,F009987,Vallforners - 110009000,445215,4619195,3297737,Trifluralina
after_2007,0002,0004,F009987,Vallforners - 110009000,445215,4619195,3297738,Molinat
after_2007,0002,0004,F009987,Vallforners - 110009000,445215,4619195,3297739,Terbutilazina
after_2007,0002,0004,F009987,Vallforners - 110009000,445215,4619195,3297740,Alaclor
after_2007,0002,0004,F009987,Vallforners - 110009000,445215,4619195,3297741,Pentaclorobenzè
after_2007,0002,0004,F009987,Vallforners - 110009000,445215,4619195,3297742,tert-Octilfenol
after_2007,0002,0004,F009987,Vallforners - 110009000,445215,4619195,3297743,NPEO(e=0)
after_2007,0002,0004,F009987,Vallforners - 110009000,445215,4619195,3297744,"2,4'-DDT"
after_2007,0002,0004,F009987,Vallforners - 110009000,445215,4619195,3297745,"2,4'-DDE"
after_2007,0002,0004,F009987,Vallforners - 110009000,445215,4619195,3297746,"2,4'-DDD"
after_2007,0002,0004,F009987,Vallforners - 110009000,445215,4619195,3297747,Metolaclor
after_2007,0002,0004,F009987,Vallforners - 110009000,445215,4619195,3297748,Epòxid d'heptaclor A
after_2007,0002,0004,F009987,Vallforners - 110009000,445215,4619195,3297749,Suma de diclorobenzens
after_2007,0002,0004,F009987,Vallforners - 110009000,445215,4619195,3297750,BDE-47
after_2007,0002,0004,F009987,Vallforners - 110009000,445215,4619195,3297751,BDE-99
after_2007,0002,0004,F009987,Vallforners - 110009000,445215,4619195,3297752,BDE-100
after_2007,0002,0004,F009987,Vallforners - 110009000,445215,4619195,3297753,Cetona d'endrín
after_2007,0002,0004,F009987,Vallforners - 110009000,445215,4619195,3297754,Suma de DDT
after_2007,0002,0004,F009987,Vallforners - 110009000,445215,4619195,4103728,Alumini
after_2007,0002,0004,F009987,Vallforners - 110009000,445215,4619195,4103729,Antimoni
after_2007,0002,0004,F009987,Vallforners - 110009000,445215,4619195,4103730,Arsènic
after_2007,0002,0004,F009987,Vallforners - 110009000,445215,4619195,4103731,Bari
after_2007,0002,0004,F009987,Vallforners - 110009000,445215,4619195,4103732,Beril·li
after_2007,0002,0004,F009987,Vallforners - 110009000,445215,4619195,4103733,Bor
after_2007,0002,0004,F009987,Vallforners - 110009000,445215,4619195,4103734,Cadmi
after_2007,0002,0004,F009987,Vallforners - 110009000,445215,4619195,4103735,Cobalt
after_2007,0002,0004,F009987,Vallforners - 110009000,445215,4619195,4103736,Coure
after_2007,0002,0004,F009987,Vallforners - 110009000,445215,4619195,4103737,Crom
after_2007,0002,0004,F009987,Vallforners - 110009000,445215,4619195,4103738,Ferro
after_2007,0002,0004,F009987,Vallforners - 110009000,445215,4619195,4103739,Manganès
after_2007,0002,0004,F009987,Vallforners - 110009000,445215,4619195,4103740,Mercuri
after_2007,0002,0004,F009987,Vallforners - 110009000,445215,4619195,4103741,Molibdè
after_2007,0002,0004,F009987,Vallforners - 110009000,445215,4619195,4103742,Níquel
after_2007,0002,0004,F009987,Vallforners - 110009000,445215,4619195,4103743,Plom
after_2007,0002,0004,F009987,Vallforners - 110009000,445215,4619195,4103744,Seleni
after_2007,0002,0004,F009987,Vallforners - 110009000,445215,4619195,4103745,Vanadi
after_2007,0002,0004,F009987,Vallforners - 110009000,445215,4619195,4103746,Zinc
after_2007,0002,0004,F009987,Vallforners - 110009000,445215,4619195,4160911,Suma de xilens
after_2007,0002,0004,F009987,Vallforners - 110009000,445215,4619195,4161634,Suma de PAH1
after_2007,0002,0004,F009987,Vallforners - 110009000,445215,4619195,4161713,Suma de PAH2
after_2007,0002,0004,F009987,Vallforners - 110009000,445215,4619195,4186166,BDE-28
after_2007,0002,0004,F009987,Vallforners - 110009000,445215,4619195,4186167,BDE-153
after_2007,0002,0004,F009987,Vallforners - 110009000,445215,4619195,4186168,BDE-154
after_2007,0002,0004,F009987,Vallforners - 110009000,445215,4619195,4186169,Estronci
after_2007,0002,0004,F009987,Vallforners - 110009000,445215,4619195,4186170,Quinoxifèn
after_2007,0002,0004,F009987,Vallforners - 110009000,445215,4619195,4186171,Aclonifèn
after_2007,0002,0004,F009987,Vallforners - 110009000,445215,4619195,4186172,Bifenox
after_2007,0002,0004,F009987,Vallforners - 110009000,445215,4619195,4186173,Cipermetrín (suma d'isòmers)
after_2007,0002,0004,F009987,Vallforners - 110009000,445215,4619195,4186174,Cibutrina
after_2007,0002,0004,F009987,Vallforners - 110009000,445215,4619195,4186175,4-n-Nonilfenol
after_2007,0002,0004,F009988,Santa Fe - 140007500,455897,4624248,3297771,Toluè
after_2007,0002,0004,F009988,Santa Fe - 140007500,455897,4624248,3297772,Hexaclorobutadiè
after_2007,0002,0004,F009988,Santa Fe - 140007500,455897,4624248,3297773,Diclorometà
after_2007,0002,0004,F009988,Santa Fe - 140007500,455897,4624248,3297774,"trans-1,2-Dicloroetilè"
after_2007,0002,0004,F009988,Santa Fe - 140007500,455897,4624248,3297775,"cis-1,2-Dicloroetilè"
after_2007,0002,0004,F009988,Santa Fe - 140007500,455897,4624248,3297776,Tetraclorur de Carboni
after_2007,0002,0004,F009988,Santa Fe - 140007500,455897,4624248,3297777,Tricloroetilè
after_2007,0002,0004,F009988,Santa Fe - 140007500,455897,4624248,3297778,Bromodiclorometà
after_2007,0002,0004,F009988,Santa Fe - 140007500,455897,4624248,3297779,"cis-1,3-Dicloropropè"
after_2007,0002,0004,F009988,Santa Fe - 140007500,455897,4624248,3297780,Triclorometà
after_2007,0002,0004,F009988,Santa Fe - 140007500,455897,4624248,3297781,"1,1,2-Tricloroetà"
after_2007,0002,0004,F009988,Santa Fe - 140007500,455897,4624248,3297782,Tetracloroetilè
after_2007,0002,0004,F009988,Santa Fe - 140007500,455897,4624248,3297783,Dibromoclorometà
after_2007,0002,0004,F009988,Santa Fe - 140007500,455897,4624248,3297784,Bromoform
after_2007,0002,0004,F009988,Santa Fe - 140007500,455897,4624248,3297785,"1,2-Dicloroetà"
after_2007,0002,0004,F009988,Santa Fe - 140007500,455897,4624248,3297786,"1,4-Diclorobenzè"
after_2007,0002,0004,F009988,Santa Fe - 140007500,455897,4624248,3297787,"1,2-Diclorobenzè"
after_2007,0002,0004,F009988,Santa Fe - 140007500,455897,4624248,3297788,Suma de triclorobenzens
after_2007,0002,0004,F009988,Santa Fe - 140007500,455897,4624248,3297789,"1,2,4-Triclorobenzè"
after_2007,0002,0004,F009988,Santa Fe - 140007500,455897,4624248,3297790,"1,2,3-Triclorobenzè"
after_2007,0002,0004,F009988,Santa Fe - 140007500,455897,4624248,3297791,Benzè
after_2007,0002,0004,F009988,Santa Fe - 140007500,455897,4624248,3297792,Etilbenzè
after_2007,0002,0004,F009988,Santa Fe - 140007500,455897,4624248,3297793,"m,p-Xilè"
after_2007,0002,0004,F009988,Santa Fe - 140007500,455897,4624248,3297794,o-Xilè
after_2007,0002,0004,F009988,Santa Fe - 140007500,455897,4624248,3297796,Hexaclorobenzè
after_2007,0002,0004,F009988,Santa Fe - 140007500,455897,4624248,3297798,Clorobenzè
after_2007,0002,0004,F009988,Santa Fe - 140007500,455897,4624248,3297799,a-Hexaclorociclohexà
after_2007,0002,0004,F009988,Santa Fe - 140007500,455897,4624248,3297800,Lindà(g-Hexaclorociclohexà)
after_2007,0002,0004,F009988,Santa Fe - 140007500,455897,4624248,3297801,"1,1-Dicloroetilè"
after_2007,0002,0004,F009988,Santa Fe - 140007500,455897,4624248,3297802,"1,1-Dicloroetà"
after_2007,0002,0004,F009988,Santa Fe - 140007500,455897,4624248,3297803,"1,1,1-Tricloroetà"
after_2007,0002,0004,F009988,Santa Fe - 140007500,455897,4624248,3297804,"1,2-Dicloropropà"
after_2007,0002,0004,F009988,Santa Fe - 140007500,455897,4624248,3297805,"trans-1,3-Dicloropropè"
after_2007,0002,0004,F009988,Santa Fe - 140007500,455897,4624248,3297806,"1,1,2,2-Tetracloroetà"
after_2007,0002,0004,F009988,Santa Fe - 140007500,455897,4624248,3297807,"1,3,5-Triclorobenzè"
after_2007,0002,0004,F009988,Santa Fe - 140007500,455897,4624248,3297808,Heptaclor
after_2007,0002,0004,F009988,Santa Fe - 140007500,455897,4624248,3297809,Aldrín
after_2007,0002,0004,F009988,Santa Fe - 140007500,455897,4624248,3297810,Isodrín
after_2007,0002,0004,F009988,Santa Fe - 140007500,455897,4624248,3297811,Epòxid d'heptaclor B
after_2007,0002,0004,F009988,Santa Fe - 140007500,455897,4624248,3297812,Endosulfan I
after_2007,0002,0004,F009988,Santa Fe - 140007500,455897,4624248,3297813,Dieldrín
after_2007,0002,0004,F009988,Santa Fe - 140007500,455897,4624248,3297814,Endrín
after_2007,0002,0004,F009988,Santa Fe - 140007500,455897,4624248,3297815,"4,4'-DDE"
after_2007,0002,0004,F009988,Santa Fe - 140007500,455897,4624248,3297816,Endosulfan II
after_2007,0002,0004,F009988,Santa Fe - 140007500,455897,4624248,3297817,"4,4'-DDD"
after_2007,0002,0004,F009988,Santa Fe - 140007500,455897,4624248,3297818,Sulfat d'endosulfan
after_2007,0002,0004,F009988,Santa Fe - 140007500,455897,4624248,3297819,"4,4'-DDT"
after_2007,0002,0004,F009988,Santa Fe - 140007500,455897,4624248,3297820,Triclorofluorometà
after_2007,0002,0004,F009988,Santa Fe - 140007500,455897,4624248,3297821,"1,3-Diclorobenzè"
after_2007,0002,0004,F009988,Santa Fe - 140007500,455897,4624248,3297824,Naftalè
after_2007,0002,0004,F009988,Santa Fe - 140007500,455897,4624248,3297825,Diazinon
after_2007,0002,0004,F009988,Santa Fe - 140007500,455897,4624248,3297826,Paration de metil
after_2007,0002,0004,F009988,Santa Fe - 140007500,455897,4624248,3297827,Fenitrotion
after_2007,0002,0004,F009988,Santa Fe - 140007500,455897,4624248,3297828,Malation
after_2007,0002,0004,F009988,Santa Fe - 140007500,455897,4624248,3297829,Clorpirifòs
after_2007,0002,0004,F009988,Santa Fe - 140007500,455897,4624248,3297830,Paration
after_2007,0002,0004,F009988,Santa Fe - 140007500,455897,4624248,3297831,Clorfenvinfòs (suma d'isòmers)
after_2007,0002,0004,F009988,Santa Fe - 140007500,455897,4624248,3297832,Etion
after_2007,0002,0004,F009988,Santa Fe - 140007500,455897,4624248,3297833,Azinfòs d'etil
after_2007,0002,0004,F009988,Santa Fe - 140007500,455897,4624248,3297834,Simazina
after_2007,0002,0004,F009988,Santa Fe - 140007500,455897,4624248,3297835,Atrazina
after_2007,0002,0004,F009988,Santa Fe - 140007500,455897,4624248,3297836,Propazina
after_2007,0002,0004,F009988,Santa Fe - 140007500,455897,4624248,3297837,Terbutrina
after_2007,0002,0004,F009988,Santa Fe - 140007500,455897,4624248,3297838,Antracè
after_2007,0002,0004,F009988,Santa Fe - 140007500,455897,4624248,3297839,Fluorantè
after_2007,0002,0004,F009988,Santa Fe - 140007500,455897,4624248,3297840,Benzo(b)fluorantè
after_2007,0002,0004,F009988,Santa Fe - 140007500,455897,4624248,3297841,Benzo(k)fluorantè
after_2007,0002,0004,F009988,Santa Fe - 140007500,455897,4624248,3297842,Benzo(a)pirè
after_2007,0002,0004,F009988,Santa Fe - 140007500,455897,4624248,3297843,"Indeno(1,2,3-cd)pirè"
after_2007,0002,0004,F009988,Santa Fe - 140007500,455897,4624248,3297844,Benzo(ghi)perilè
after_2007,0002,0004,F009988,Santa Fe - 140007500,455897,4624248,3297845,Suma d'al-diel-iso-endrín
after_2007,0002,0004,F009988,Santa Fe - 140007500,455897,4624248,3297846,Suma d'Organofosforats
after_2007,0002,0004,F009988,Santa Fe - 140007500,455897,4624248,3297847,Suma de plaguicides clorats
after_2007,0002,0004,F009988,Santa Fe - 140007500,455897,4624248,3297848,Suma de triazines
after_2007,0002,0004,F009988,Santa Fe - 140007500,455897,4624248,3297849,Trifluralina
after_2007,0002,0004,F009988,Santa Fe - 140007500,455897,4624248,3297850,Molinat
after_2007,0002,0004,F009988,Santa Fe - 140007500,455897,4624248,3297852,Terbutilazina
after_2007,0002,0004,F009988,Santa Fe - 140007500,455897,4624248,3297853,Alaclor
after_2007,0002,0004,F009988,Santa Fe - 140007500,455897,4624248,3297854,Pentaclorobenzè
after_2007,0002,0004,F009988,Santa Fe - 140007500,455897,4624248,3297855,tert-Octilfenol
after_2007,0002,0004,F009988,Santa Fe - 140007500,455897,4624248,3297856,NPEO(e=0)
after_2007,0002,0004,F009988,Santa Fe - 140007500,455897,4624248,3297857,"2,4'-DDT"
after_2007,0002,0004,F009988,Santa Fe - 140007500,455897,4624248,3297858,"2,4'-DDE"
after_2007,0002,0004,F009988,Santa Fe - 140007500,455897,4624248,3297859,"2,4'-DDD"
after_2007,0002,0004,F009988,Santa Fe - 140007500,455897,4624248,3297860,Metolaclor
after_2007,0002,0004,F009988,Santa Fe - 140007500,455897,4624248,3297861,Epòxid d'heptaclor A
after_2007,0002,0004,F009988,Santa Fe - 140007500,455897,4624248,3297862,Suma de diclorobenzens
after_2007,0002,0004,F009988,Santa Fe - 140007500,455897,4624248,3297863,BDE-47
after_2007,0002,0004,F009988,Santa Fe - 140007500,455897,4624248,3297864,BDE-99
after_2007,0002,0004,F009988,Santa Fe - 140007500,455897,4624248,3297865,BDE-100
after_2007,0002,0004,F009988,Santa Fe - 140007500,455897,4624248,3297866,Cetona d'endrín
after_2007,0002,0004,F009988,Santa Fe - 140007500,455897,4624248,3297867,Suma de DDT
after_2007,0002,0004,F009988,Santa Fe - 140007500,455897,4624248,4103747,Alumini
after_2007,0002,0004,F009988,Santa Fe - 140007500,455897,4624248,4103748,Antimoni
after_2007,0002,0004,F009988,Santa Fe - 140007500,455897,4624248,4103749,Arsènic
after_2007,0002,0004,F009988,Santa Fe - 140007500,455897,4624248,4103750,Bari
after_2007,0002,0004,F009988,Santa Fe - 140007500,455897,4624248,4103751,Beril·li
after_2007,0002,0004,F009988,Santa Fe - 140007500,455897,4624248,4103752,Bor
after_2007,0002,0004,F009988,Santa Fe - 140007500,455897,4624248,4103753,Cadmi
after_2007,0002,0004,F009988,Santa Fe - 140007500,455897,4624248,4103754,Cobalt
after_2007,0002,0004,F009988,Santa Fe - 140007500,455897,4624248,4103755,Coure
after_2007,0002,0004,F009988,Santa Fe - 140007500,455897,4624248,4103756,Crom
after_2007,0002,0004,F009988,Santa Fe - 140007500,455897,4624248,4103757,Ferro
after_2007,0002,0004,F009988,Santa Fe - 140007500,455897,4624248,4103758,Manganès
after_2007,0002,0004,F009988,Santa Fe - 140007500,455897,4624248,4103759,Mercuri
after_2007,0002,0004,F009988,Santa Fe - 140007500,455897,4624248,4103760,Molibdè
after_2007,0002,0004,F009988,Santa Fe - 140007500,455897,4624248,4103761,Níquel
after_2007,0002,0004,F009988,Santa Fe - 140007500,455897,4624248,4103762,Plom
after_2007,0002,0004,F009988,Santa Fe - 140007500,455897,4624248,4103763,Seleni
after_2007,0002,0004,F009988,Santa Fe - 140007500,455897,4624248,4103764,Vanadi
after_2007,0002,0004,F009988,Santa Fe - 140007500,455897,4624248,4103765,Zinc
after_2007,0002,0004,F009988,Santa Fe - 140007500,455897,4624248,4160906,Suma de xilens
after_2007,0002,0004,F009988,Santa Fe - 140007500,455897,4624248,4161632,Suma de PAH1
after_2007,0002,0004,F009988,Santa Fe - 140007500,455897,4624248,4161711,Suma de PAH2
after_2007,0002,0004,F009988,Santa Fe - 140007500,455897,4624248,4184614,BDE-28
after_2007,0002,0004,F009988,Santa Fe - 140007500,455897,4624248,4184615,BDE-153
after_2007,0002,0004,F009988,Santa Fe - 140007500,455897,4624248,4184616,BDE-154
after_2007,0002,0004,F009988,Santa Fe - 140007500,455897,4624248,4184617,Estronci
after_2007,0002,0004,F009988,Santa Fe - 140007500,455897,4624248,4184618,Quinoxifèn
after_2007,0002,0004,F009988,Santa Fe - 140007500,455897,4624248,4184619,Aclonifèn
after_2007,0002,0004,F009988,Santa Fe - 140007500,455897,4624248,4184620,Bifenox
after_2007,0002,0004,F009988,Santa Fe - 140007500,455897,4624248,4184621,Cipermetrín (suma d'isòmers)
after_2007,0002,0004,F009988,Santa Fe - 140007500,455897,4624248,4184622,Cibutrina
after_2007,0002,0004,F009988,Santa Fe - 140007500,455897,4624248,4184623,4-n-Nonilfenol
after_2007,0002,0004,F009990,Sau - 200022000,449023,4647096,3308162,Toluè
after_2007,0002,0004,F009990,Sau - 200022000,449023,4647096,3308163,Hexaclorobutadiè
after_2007,0002,0004,F009990,Sau - 200022000,449023,4647096,3308164,Diclorometà
after_2007,0002,0004,F009990,Sau - 200022000,449023,4647096,3308165,"trans-1,2-Dicloroetilè"
after_2007,0002,0004,F009990,Sau - 200022000,449023,4647096,3308166,"cis-1,2-Dicloroetilè"
after_2007,0002,0004,F009990,Sau - 200022000,449023,4647096,3308167,Tetraclorur de Carboni
after_2007,0002,0004,F009990,Sau - 200022000,449023,4647096,3308168,Tricloroetilè
after_2007,0002,0004,F009990,Sau - 200022000,449023,4647096,3308169,Bromodiclorometà
after_2007,0002,0004,F009990,Sau - 200022000,449023,4647096,3308170,"cis-1,3-Dicloropropè"
after_2007,0002,0004,F009990,Sau - 200022000,449023,4647096,3308171,Triclorometà
after_2007,0002,0004,F009990,Sau - 200022000,449023,4647096,3308172,"1,1,2-Tricloroetà"
after_2007,0002,0004,F009990,Sau - 200022000,449023,4647096,3308173,Tetracloroetilè
after_2007,0002,0004,F009990,Sau - 200022000,449023,4647096,3308174,Dibromoclorometà
after_2007,0002,0004,F009990,Sau - 200022000,449023,4647096,3308175,Bromoform
after_2007,0002,0004,F009990,Sau - 200022000,449023,4647096,3308176,"1,2-Dicloroetà"
after_2007,0002,0004,F009990,Sau - 200022000,449023,4647096,3308177,"1,4-Diclorobenzè"
after_2007,0002,0004,F009990,Sau - 200022000,449023,4647096,3308178,"1,2-Diclorobenzè"
after_2007,0002,0004,F009990,Sau - 200022000,449023,4647096,3308179,Suma de triclorobenzens
after_2007,0002,0004,F009990,Sau - 200022000,449023,4647096,3308180,"1,2,4-Triclorobenzè"
after_2007,0002,0004,F009990,Sau - 200022000,449023,4647096,3308181,"1,2,3-Triclorobenzè"
after_2007,0002,0004,F009990,Sau - 200022000,449023,4647096,3308182,Benzè
after_2007,0002,0004,F009990,Sau - 200022000,449023,4647096,3308183,Etilbenzè
after_2007,0002,0004,F009990,Sau - 200022000,449023,4647096,3308184,"m,p-Xilè"
after_2007,0002,0004,F009990,Sau - 200022000,449023,4647096,3308185,o-Xilè
after_2007,0002,0004,F009990,Sau - 200022000,449023,4647096,3308187,Hexaclorobenzè
after_2007,0002,0004,F009990,Sau - 200022000,449023,4647096,3308189,Clorobenzè
after_2007,0002,0004,F009990,Sau - 200022000,449023,4647096,3308190,a-Hexaclorociclohexà
after_2007,0002,0004,F009990,Sau - 200022000,449023,4647096,3308191,Lindà(g-Hexaclorociclohexà)
after_2007,0002,0004,F009990,Sau - 200022000,449023,4647096,3308192,"1,1-Dicloroetilè"
after_2007,0002,0004,F009990,Sau - 200022000,449023,4647096,3308193,"1,1-Dicloroetà"
after_2007,0002,0004,F009990,Sau - 200022000,449023,4647096,3308194,"1,1,1-Tricloroetà"
after_2007,0002,0004,F009990,Sau - 200022000,449023,4647096,3308195,"1,2-Dicloropropà"
after_2007,0002,0004,F009990,Sau - 200022000,449023,4647096,3308196,"trans-1,3-Dicloropropè"
after_2007,0002,0004,F009990,Sau - 200022000,449023,4647096,3308197,"1,1,2,2-Tetracloroetà"
after_2007,0002,0004,F009990,Sau - 200022000,449023,4647096,3308198,"1,3,5-Triclorobenzè"
after_2007,0002,0004,F009990,Sau - 200022000,449023,4647096,3308199,Heptaclor
after_2007,0002,0004,F009990,Sau - 200022000,449023,4647096,3308200,Aldrín
after_2007,0002,0004,F009990,Sau - 200022000,449023,4647096,3308201,Isodrín
after_2007,0002,0004,F009990,Sau - 200022000,449023,4647096,3308202,Epòxid d'heptaclor B
after_2007,0002,0004,F009990,Sau - 200022000,449023,4647096,3308203,Endosulfan I
after_2007,0002,0004,F009990,Sau - 200022000,449023,4647096,3308204,Dieldrín
after_2007,0002,0004,F009990,Sau - 200022000,449023,4647096,3308205,Endrín
after_2007,0002,0004,F009990,Sau - 200022000,449023,4647096,3308206,"4,4'-DDE"
after_2007,0002,0004,F009990,Sau - 200022000,449023,4647096,3308207,Endosulfan II
after_2007,0002,0004,F009990,Sau - 200022000,449023,4647096,3308208,"4,4'-DDD"
after_2007,0002,0004,F009990,Sau - 200022000,449023,4647096,3308209,Sulfat d'endosulfan
after_2007,0002,0004,F009990,Sau - 200022000,449023,4647096,3308210,"4,4'-DDT"
after_2007,0002,0004,F009990,Sau - 200022000,449023,4647096,3308211,Triclorofluorometà
after_2007,0002,0004,F009990,Sau - 200022000,449023,4647096,3308212,"1,3-Diclorobenzè"
after_2007,0002,0004,F009990,Sau - 200022000,449023,4647096,3308215,Naftalè
after_2007,0002,0004,F009990,Sau - 200022000,449023,4647096,3308216,Diazinon
after_2007,0002,0004,F009990,Sau - 200022000,449023,4647096,3308217,Paration de metil
after_2007,0002,0004,F009990,Sau - 200022000,449023,4647096,3308218,Fenitrotion
after_2007,0002,0004,F009990,Sau - 200022000,449023,4647096,3308219,Malation
after_2007,0002,0004,F009990,Sau - 200022000,449023,4647096,3308220,Clorpirifòs
after_2007,0002,0004,F009990,Sau - 200022000,449023,4647096,3308221,Paration
after_2007,0002,0004,F009990,Sau - 200022000,449023,4647096,3308222,Clorfenvinfòs (suma d'isòmers)
after_2007,0002,0004,F009990,Sau - 200022000,449023,4647096,3308223,Etion
after_2007,0002,0004,F009990,Sau - 200022000,449023,4647096,3308224,Azinfòs d'etil
after_2007,0002,0004,F009990,Sau - 200022000,449023,4647096,3308225,Atrazina
after_2007,0002,0004,F009990,Sau - 200022000,449023,4647096,3308226,Propazina
after_2007,0002,0004,F009990,Sau - 200022000,449023,4647096,3308227,Terbutrina
after_2007,0002,0004,F009990,Sau - 200022000,449023,4647096,3308228,Antracè
after_2007,0002,0004,F009990,Sau - 200022000,449023,4647096,3308229,Fluorantè
after_2007,0002,0004,F009990,Sau - 200022000,449023,4647096,3308230,Benzo(b)fluorantè
after_2007,0002,0004,F009990,Sau - 200022000,449023,4647096,3308231,Benzo(k)fluorantè
after_2007,0002,0004,F009990,Sau - 200022000,449023,4647096,3308232,Benzo(a)pirè
after_2007,0002,0004,F009990,Sau - 200022000,449023,4647096,3308233,"Indeno(1,2,3-cd)pirè"
after_2007,0002,0004,F009990,Sau - 200022000,449023,4647096,3308234,Benzo(ghi)perilè
after_2007,0002,0004,F009990,Sau - 200022000,449023,4647096,3308235,Suma d'al-diel-iso-endrín
after_2007,0002,0004,F009990,Sau - 200022000,449023,4647096,3308236,Suma d'Organofosforats
after_2007,0002,0004,F009990,Sau - 200022000,449023,4647096,3308237,Suma de plaguicides clorats
after_2007,0002,0004,F009990,Sau - 200022000,449023,4647096,3308238,Suma de triazines
after_2007,0002,0004,F009990,Sau - 200022000,449023,4647096,3308239,Trifluralina
after_2007,0002,0004,F009990,Sau - 200022000,449023,4647096,3308240,Molinat
after_2007,0002,0004,F009990,Sau - 200022000,449023,4647096,3308242,Terbutilazina
after_2007,0002,0004,F009990,Sau - 200022000,449023,4647096,3308243,Alaclor
after_2007,0002,0004,F009990,Sau - 200022000,449023,4647096,3308244,Pentaclorobenzè
after_2007,0002,0004,F009990,Sau - 200022000,449023,4647096,3308245,tert-Octilfenol
after_2007,0002,0004,F009990,Sau - 200022000,449023,4647096,3308246,NPEO(e=0)
after_2007,0002,0004,F009990,Sau - 200022000,449023,4647096,3308247,"2,4'-DDT"
after_2007,0002,0004,F009990,Sau - 200022000,449023,4647096,3308248,"2,4'-DDE"
after_2007,0002,0004,F009990,Sau - 200022000,449023,4647096,3308249,"2,4'-DDD"
after_2007,0002,0004,F009990,Sau - 200022000,449023,4647096,3308250,Metolaclor
after_2007,0002,0004,F009990,Sau - 200022000,449023,4647096,3308251,Epòxid d'heptaclor A
after_2007,0002,0004,F009990,Sau - 200022000,449023,4647096,3308252,Suma de diclorobenzens
after_2007,0002,0004,F009990,Sau - 200022000,449023,4647096,3308253,BDE-47
after_2007,0002,0004,F009990,Sau - 200022000,449023,4647096,3308254,BDE-99
after_2007,0002,0004,F009990,Sau - 200022000,449023,4647096,3308255,BDE-100
after_2007,0002,0004,F009990,Sau - 200022000,449023,4647096,3308256,Cetona d'endrín
after_2007,0002,0004,F009990,Sau - 200022000,449023,4647096,3308257,Suma de PAH1
after_2007,0002,0004,F009990,Sau - 200022000,449023,4647096,3308258,Suma de PAH2
after_2007,0002,0004,F009990,Sau - 200022000,449023,4647096,3308259,Suma de DDT
after_2007,0002,0004,F009990,Sau - 200022000,449023,4647096,4103784,Alumini
after_2007,0002,0004,F009990,Sau - 200022000,449023,4647096,4103785,Antimoni
after_2007,0002,0004,F009990,Sau - 200022000,449023,4647096,4103786,Arsènic
after_2007,0002,0004,F009990,Sau - 200022000,449023,4647096,4103787,Bari
after_2007,0002,0004,F009990,Sau - 200022000,449023,4647096,4103788,Beril·li
after_2007,0002,0004,F009990,Sau - 200022000,449023,4647096,4103789,Bor
after_2007,0002,0004,F009990,Sau - 200022000,449023,4647096,4103790,Cadmi
after_2007,0002,0004,F009990,Sau - 200022000,449023,4647096,4103791,Cobalt
after_2007,0002,0004,F009990,Sau - 200022000,449023,4647096,4103792,Coure
after_2007,0002,0004,F009990,Sau - 200022000,449023,4647096,4103793,Crom
after_2007,0002,0004,F009990,Sau - 200022000,449023,4647096,4103794,Ferro
after_2007,0002,0004,F009990,Sau - 200022000,449023,4647096,4103795,Manganès
after_2007,0002,0004,F009990,Sau - 200022000,449023,4647096,4103796,Mercuri
after_2007,0002,0004,F009990,Sau - 200022000,449023,4647096,4103797,Molibdè
after_2007,0002,0004,F009990,Sau - 200022000,449023,4647096,4103798,Níquel
after_2007,0002,0004,F009990,Sau - 200022000,449023,4647096,4103799,Plom
after_2007,0002,0004,F009990,Sau - 200022000,449023,4647096,4103800,Seleni
after_2007,0002,0004,F009990,Sau - 200022000,449023,4647096,4103801,Vanadi
after_2007,0002,0004,F009990,Sau - 200022000,449023,4647096,4103802,Zinc
after_2007,0002,0004,F009990,Sau - 200022000,449023,4647096,4160908,Suma de xilens
after_2007,0002,0004,F009990,Sau - 200022000,449023,4647096,4186081,Diuron
after_2007,0002,0004,F009990,Sau - 200022000,449023,4647096,4186086,Isoproturon
after_2007,0002,0004,F009990,Sau - 200022000,449023,4647096,4186195,Simazina
after_2007,0002,0004,F009990,Sau - 200022000,449023,4647096,4186196,BDE-28
after_2007,0002,0004,F009990,Sau - 200022000,449023,4647096,4186197,BDE-153
after_2007,0002,0004,F009990,Sau - 200022000,449023,4647096,4186198,BDE-154
after_2007,0002,0004,F009990,Sau - 200022000,449023,4647096,4186199,Estronci
after_2007,0002,0004,F009990,Sau - 200022000,449023,4647096,4186200,Quinoxifèn
after_2007,0002,0004,F009990,Sau - 200022000,449023,4647096,4186201,Aclonifèn
after_2007,0002,0004,F009990,Sau - 200022000,449023,4647096,4186202,Bifenox
after_2007,0002,0004,F009990,Sau - 200022000,449023,4647096,4186203,Cipermetrín (suma d'isòmers)
after_2007,0002,0004,F009990,Sau - 200022000,449023,4647096,4186204,Cibutrina
after_2007,0002,0004,F009990,Sau - 200022000,449023,4647096,4186205,4-n-Nonilfenol
after_2007,0002,0004,F009991,Susqueda - 200022300,458257,4646863,3308276,Toluè
after_2007,0002,0004,F009991,Susqueda - 200022300,458257,4646863,3308277,Hexaclorobutadiè
after_2007,0002,0004,F009991,Susqueda - 200022300,458257,4646863,3308278,Diclorometà
after_2007,0002,0004,F009991,Susqueda - 200022300,458257,4646863,3308279,"trans-1,2-Dicloroetilè"
after_2007,0002,0004,F009991,Susqueda - 200022300,458257,4646863,3308280,"cis-1,2-Dicloroetilè"
after_2007,0002,0004,F009991,Susqueda - 200022300,458257,4646863,3308281,Tetraclorur de Carboni
after_2007,0002,0004,F009991,Susqueda - 200022300,458257,4646863,3308282,Tricloroetilè
after_2007,0002,0004,F009991,Susqueda - 200022300,458257,4646863,3308283,Bromodiclorometà
after_2007,0002,0004,F009991,Susqueda - 200022300,458257,4646863,3308284,"cis-1,3-Dicloropropè"
after_2007,0002,0004,F009991,Susqueda - 200022300,458257,4646863,3308285,Triclorometà
after_2007,0002,0004,F009991,Susqueda - 200022300,458257,4646863,3308286,"1,1,2-Tricloroetà"
after_2007,0002,0004,F009991,Susqueda - 200022300,458257,4646863,3308287,Tetracloroetilè
after_2007,0002,0004,F009991,Susqueda - 200022300,458257,4646863,3308288,Dibromoclorometà
after_2007,0002,0004,F009991,Susqueda - 200022300,458257,4646863,3308289,Bromoform
after_2007,0002,0004,F009991,Susqueda - 200022300,458257,4646863,3308290,"1,2-Dicloroetà"
after_2007,0002,0004,F009991,Susqueda - 200022300,458257,4646863,3308291,"1,4-Diclorobenzè"
after_2007,0002,0004,F009991,Susqueda - 200022300,458257,4646863,3308292,"1,2-Diclorobenzè"
after_2007,0002,0004,F009991,Susqueda - 200022300,458257,4646863,3308293,Suma de triclorobenzens
after_2007,0002,0004,F009991,Susqueda - 200022300,458257,4646863,3308294,"1,2,4-Triclorobenzè"
after_2007,0002,0004,F009991,Susqueda - 200022300,458257,4646863,3308295,"1,2,3-Triclorobenzè"
after_2007,0002,0004,F009991,Susqueda - 200022300,458257,4646863,3308296,Benzè
after_2007,0002,0004,F009991,Susqueda - 200022300,458257,4646863,3308297,Etilbenzè
after_2007,0002,0004,F009991,Susqueda - 200022300,458257,4646863,3308298,"m,p-Xilè"
after_2007,0002,0004,F009991,Susqueda - 200022300,458257,4646863,3308299,o-Xilè
after_2007,0002,0004,F009991,Susqueda - 200022300,458257,4646863,3308301,Hexaclorobenzè
after_2007,0002,0004,F009991,Susqueda - 200022300,458257,4646863,3308303,Clorobenzè
after_2007,0002,0004,F009991,Susqueda - 200022300,458257,4646863,3308304,a-Hexaclorociclohexà
after_2007,0002,0004,F009991,Susqueda - 200022300,458257,4646863,3308305,Lindà(g-Hexaclorociclohexà)
after_2007,0002,0004,F009991,Susqueda - 200022300,458257,4646863,3308306,"1,1-Dicloroetilè"
after_2007,0002,0004,F009991,Susqueda - 200022300,458257,4646863,3308307,"1,1-Dicloroetà"
after_2007,0002,0004,F009991,Susqueda - 200022300,458257,4646863,3308308,"1,1,1-Tricloroetà"
after_2007,0002,0004,F009991,Susqueda - 200022300,458257,4646863,3308309,"1,2-Dicloropropà"
after_2007,0002,0004,F009991,Susqueda - 200022300,458257,4646863,3308310,"trans-1,3-Dicloropropè"
after_2007,0002,0004,F009991,Susqueda - 200022300,458257,4646863,3308311,"1,1,2,2-Tetracloroetà"
after_2007,0002,0004,F009991,Susqueda - 200022300,458257,4646863,3308312,"1,3,5-Triclorobenzè"
after_2007,0002,0004,F009991,Susqueda - 200022300,458257,4646863,3308313,Heptaclor
after_2007,0002,0004,F009991,Susqueda - 200022300,458257,4646863,3308314,Aldrín
after_2007,0002,0004,F009991,Susqueda - 200022300,458257,4646863,3308315,Isodrín
after_2007,0002,0004,F009991,Susqueda - 200022300,458257,4646863,3308316,Epòxid d'heptaclor B
after_2007,0002,0004,F009991,Susqueda - 200022300,458257,4646863,3308317,Endosulfan I
after_2007,0002,0004,F009991,Susqueda - 200022300,458257,4646863,3308318,Dieldrín
after_2007,0002,0004,F009991,Susqueda - 200022300,458257,4646863,3308319,Endrín
after_2007,0002,0004,F009991,Susqueda - 200022300,458257,4646863,3308320,"4,4'-DDE"
after_2007,0002,0004,F009991,Susqueda - 200022300,458257,4646863,3308321,Endosulfan II
after_2007,0002,0004,F009991,Susqueda - 200022300,458257,4646863,3308322,"4,4'-DDD"
after_2007,0002,0004,F009991,Susqueda - 200022300,458257,4646863,3308323,Sulfat d'endosulfan
after_2007,0002,0004,F009991,Susqueda - 200022300,458257,4646863,3308324,"4,4'-DDT"
after_2007,0002,0004,F009991,Susqueda - 200022300,458257,4646863,3308325,Triclorofluorometà
after_2007,0002,0004,F009991,Susqueda - 200022300,458257,4646863,3308326,"1,3-Diclorobenzè"
after_2007,0002,0004,F009991,Susqueda - 200022300,458257,4646863,3308329,Naftalè
after_2007,0002,0004,F009991,Susqueda - 200022300,458257,4646863,3308330,Diazinon
after_2007,0002,0004,F009991,Susqueda - 200022300,458257,4646863,3308331,Paration de metil
after_2007,0002,0004,F009991,Susqueda - 200022300,458257,4646863,3308332,Fenitrotion
after_2007,0002,0004,F009991,Susqueda - 200022300,458257,4646863,3308333,Malation
after_2007,0002,0004,F009991,Susqueda - 200022300,458257,4646863,3308334,Clorpirifòs
after_2007,0002,0004,F009991,Susqueda - 200022300,458257,4646863,3308335,Paration
after_2007,0002,0004,F009991,Susqueda - 200022300,458257,4646863,3308336,Clorfenvinfòs (suma d'isòmers)
after_2007,0002,0004,F009991,Susqueda - 200022300,458257,4646863,3308337,Etion
after_2007,0002,0004,F009991,Susqueda - 200022300,458257,4646863,3308338,Azinfòs d'etil
after_2007,0002,0004,F009991,Susqueda - 200022300,458257,4646863,3308339,Atrazina
after_2007,0002,0004,F009991,Susqueda - 200022300,458257,4646863,3308340,Propazina
after_2007,0002,0004,F009991,Susqueda - 200022300,458257,4646863,3308341,Terbutrina
after_2007,0002,0004,F009991,Susqueda - 200022300,458257,4646863,3308342,Antracè
after_2007,0002,0004,F009991,Susqueda - 200022300,458257,4646863,3308343,Fluorantè
after_2007,0002,0004,F009991,Susqueda - 200022300,458257,4646863,3308344,Benzo(b)fluorantè
after_2007,0002,0004,F009991,Susqueda - 200022300,458257,4646863,3308345,Benzo(k)fluorantè
after_2007,0002,0004,F009991,Susqueda - 200022300,458257,4646863,3308346,Benzo(a)pirè
after_2007,0002,0004,F009991,Susqueda - 200022300,458257,4646863,3308347,"Indeno(1,2,3-cd)pirè"
after_2007,0002,0004,F009991,Susqueda - 200022300,458257,4646863,3308348,Benzo(ghi)perilè
after_2007,0002,0004,F009991,Susqueda - 200022300,458257,4646863,3308349,Suma d'al-diel-iso-endrín
after_2007,0002,0004,F009991,Susqueda - 200022300,458257,4646863,3308350,Suma d'Organofosforats
after_2007,0002,0004,F009991,Susqueda - 200022300,458257,4646863,3308351,Suma de plaguicides clorats
after_2007,0002,0004,F009991,Susqueda - 200022300,458257,4646863,3308352,Suma de triazines
after_2007,0002,0004,F009991,Susqueda - 200022300,458257,4646863,3308353,Trifluralina
after_2007,0002,0004,F009991,Susqueda - 200022300,458257,4646863,3308354,Molinat
after_2007,0002,0004,F009991,Susqueda - 200022300,458257,4646863,3308356,Terbutilazina
after_2007,0002,0004,F009991,Susqueda - 200022300,458257,4646863,3308357,Alaclor
after_2007,0002,0004,F009991,Susqueda - 200022300,458257,4646863,3308358,Pentaclorobenzè
after_2007,0002,0004,F009991,Susqueda - 200022300,458257,4646863,3308359,tert-Octilfenol
after_2007,0002,0004,F009991,Susqueda - 200022300,458257,4646863,3308360,NPEO(e=0)
after_2007,0002,0004,F009991,Susqueda - 200022300,458257,4646863,3308361,"2,4'-DDT"
after_2007,0002,0004,F009991,Susqueda - 200022300,458257,4646863,3308362,"2,4'-DDE"
after_2007,0002,0004,F009991,Susqueda - 200022300,458257,4646863,3308363,"2,4'-DDD"
after_2007,0002,0004,F009991,Susqueda - 200022300,458257,4646863,3308364,Metolaclor
after_2007,0002,0004,F009991,Susqueda - 200022300,458257,4646863,3308365,Epòxid d'heptaclor A
after_2007,0002,0004,F009991,Susqueda - 200022300,458257,4646863,3308366,Suma de diclorobenzens
after_2007,0002,0004,F009991,Susqueda - 200022300,458257,4646863,3308367,BDE-47
after_2007,0002,0004,F009991,Susqueda - 200022300,458257,4646863,3308368,BDE-99
after_2007,0002,0004,F009991,Susqueda - 200022300,458257,4646863,3308369,BDE-100
after_2007,0002,0004,F009991,Susqueda - 200022300,458257,4646863,3308370,Cetona d'endrín
after_2007,0002,0004,F009991,Susqueda - 200022300,458257,4646863,3308371,Suma de PAH1
after_2007,0002,0004,F009991,Susqueda - 200022300,458257,4646863,3308372,Suma de PAH2
after_2007,0002,0004,F009991,Susqueda - 200022300,458257,4646863,3308373,Suma de DDT
after_2007,0002,0004,F009991,Susqueda - 200022300,458257,4646863,4103803,Alumini
after_2007,0002,0004,F009991,Susqueda - 200022300,458257,4646863,4103804,Antimoni
after_2007,0002,0004,F009991,Susqueda - 200022300,458257,4646863,4103805,Arsènic
after_2007,0002,0004,F009991,Susqueda - 200022300,458257,4646863,4103806,Bari
after_2007,0002,0004,F009991,Susqueda - 200022300,458257,4646863,4103807,Beril·li
after_2007,0002,0004,F009991,Susqueda - 200022300,458257,4646863,4103808,Bor
after_2007,0002,0004,F009991,Susqueda - 200022300,458257,4646863,4103809,Cadmi
after_2007,0002,0004,F009991,Susqueda - 200022300,458257,4646863,4103810,Cobalt
after_2007,0002,0004,F009991,Susqueda - 200022300,458257,4646863,4103811,Coure
after_2007,0002,0004,F009991,Susqueda - 200022300,458257,4646863,4103812,Crom
after_2007,0002,0004,F009991,Susqueda - 200022300,458257,4646863,4103813,Ferro
after_2007,0002,0004,F009991,Susqueda - 200022300,458257,4646863,4103814,Manganès
after_2007,0002,0004,F009991,Susqueda - 200022300,458257,4646863,4103815,Mercuri
after_2007,0002,0004,F009991,Susqueda - 200022300,458257,4646863,4103816,Molibdè
after_2007,0002,0004,F009991,Susqueda - 200022300,458257,4646863,4103817,Níquel
after_2007,0002,0004,F009991,Susqueda - 200022300,458257,4646863,4103818,Plom
after_2007,0002,0004,F009991,Susqueda - 200022300,458257,4646863,4103819,Seleni
after_2007,0002,0004,F009991,Susqueda - 200022300,458257,4646863,4103820,Vanadi
after_2007,0002,0004,F009991,Susqueda - 200022300,458257,4646863,4103821,Zinc
after_2007,0002,0004,F009991,Susqueda - 200022300,458257,4646863,4160910,Suma de xilens
after_2007,0002,0004,F009991,Susqueda - 200022300,458257,4646863,4186180,Simazina
after_2007,0002,0004,F009991,Susqueda - 200022300,458257,4646863,4186181,BDE-28
after_2007,0002,0004,F009991,Susqueda - 200022300,458257,4646863,4186182,BDE-153
after_2007,0002,0004,F009991,Susqueda - 200022300,458257,4646863,4186183,BDE-154
after_2007,0002,0004,F009991,Susqueda - 200022300,458257,4646863,4186184,Estronci
after_2007,0002,0004,F009991,Susqueda - 200022300,458257,4646863,4186185,Quinoxifèn
after_2007,0002,0004,F009991,Susqueda - 200022300,458257,4646863,4186186,Aclonifèn
after_2007,0002,0004,F009991,Susqueda - 200022300,458257,4646863,4186187,Bifenox
after_2007,0002,0004,F009991,Susqueda - 200022300,458257,4646863,4186188,Cipermetrín (suma d'isòmers)
after_2007,0002,0004,F009991,Susqueda - 200022300,458257,4646863,4186189,Cibutrina
after_2007,0002,0004,F009991,Susqueda - 200022300,458257,4646863,4186190,4-n-Nonilfenol
after_2007,0002,0004,F009992,El Pasteral - 200022700,464925,4648265,3117927,Benzè
after_2007,0002,0004,F009992,El Pasteral - 200022700,464925,4648265,3117955,Clorpirifòs
after_2007,0002,0004,F009992,El Pasteral - 200022700,464925,4648265,3117956,Diazinon
after_2007,0002,0004,F009992,El Pasteral - 200022700,464925,4648265,3117957,Azinfòs d'etil
after_2007,0002,0004,F009992,El Pasteral - 200022700,464925,4648265,3117958,Etion
after_2007,0002,0004,F009992,El Pasteral - 200022700,464925,4648265,3117959,Fenitrotion
after_2007,0002,0004,F009992,El Pasteral - 200022700,464925,4648265,3117960,Malation
after_2007,0002,0004,F009992,El Pasteral - 200022700,464925,4648265,3117961,Paration de metil
after_2007,0002,0004,F009992,El Pasteral - 200022700,464925,4648265,3117962,Molinat
after_2007,0002,0004,F009992,El Pasteral - 200022700,464925,4648265,3117963,Paration
after_2007,0002,0004,F009992,El Pasteral - 200022700,464925,4648265,3117964,Suma d'Organofosforats
after_2007,0002,0004,F009992,El Pasteral - 200022700,464925,4648265,3117965,Clorfenvinfòs (suma d'isòmers)
after_2007,0002,0004,F009992,El Pasteral - 200022700,464925,4648265,3117966,Benzo(a)pirè
after_2007,0002,0004,F009992,El Pasteral - 200022700,464925,4648265,3117967,Benzo(b)fluorantè
after_2007,0002,0004,F009992,El Pasteral - 200022700,464925,4648265,3117968,Benzo(ghi)perilè
after_2007,0002,0004,F009992,El Pasteral - 200022700,464925,4648265,3117969,Benzo(k)fluorantè
after_2007,0002,0004,F009992,El Pasteral - 200022700,464925,4648265,3117970,"Indeno(1,2,3-cd)pirè"
after_2007,0002,0004,F009992,El Pasteral - 200022700,464925,4648265,3117972,"2,4'-DDD"
after_2007,0002,0004,F009992,El Pasteral - 200022700,464925,4648265,3117973,"2,4'-DDE"
after_2007,0002,0004,F009992,El Pasteral - 200022700,464925,4648265,3117974,"2,4'-DDT"
after_2007,0002,0004,F009992,El Pasteral - 200022700,464925,4648265,3117975,"4,4'-DDD"
after_2007,0002,0004,F009992,El Pasteral - 200022700,464925,4648265,3117976,"4,4'-DDE"
after_2007,0002,0004,F009992,El Pasteral - 200022700,464925,4648265,3117977,"4,4'-DDT"
after_2007,0002,0004,F009992,El Pasteral - 200022700,464925,4648265,3117978,Alaclor
after_2007,0002,0004,F009992,El Pasteral - 200022700,464925,4648265,3117979,Aldrín
after_2007,0002,0004,F009992,El Pasteral - 200022700,464925,4648265,3117980,Dieldrín
after_2007,0002,0004,F009992,El Pasteral - 200022700,464925,4648265,3117981,Endosulfan I
after_2007,0002,0004,F009992,El Pasteral - 200022700,464925,4648265,3117982,Endosulfan II
after_2007,0002,0004,F009992,El Pasteral - 200022700,464925,4648265,3117983,Sulfat d'endosulfan
after_2007,0002,0004,F009992,El Pasteral - 200022700,464925,4648265,3117984,Endrín
after_2007,0002,0004,F009992,El Pasteral - 200022700,464925,4648265,3117985,Heptaclor
after_2007,0002,0004,F009992,El Pasteral - 200022700,464925,4648265,3117986,Epòxid d'heptaclor A
after_2007,0002,0004,F009992,El Pasteral - 200022700,464925,4648265,3117987,Epòxid d'heptaclor B
after_2007,0002,0004,F009992,El Pasteral - 200022700,464925,4648265,3117988,Hexaclorobenzè
after_2007,0002,0004,F009992,El Pasteral - 200022700,464925,4648265,3117989,Isodrín
after_2007,0002,0004,F009992,El Pasteral - 200022700,464925,4648265,3117990,Lindà(g-Hexaclorociclohexà)
after_2007,0002,0004,F009992,El Pasteral - 200022700,464925,4648265,3117991,Metolaclor
after_2007,0002,0004,F009992,El Pasteral - 200022700,464925,4648265,3117992,Pentaclorobenzè
after_2007,0002,0004,F009992,El Pasteral - 200022700,464925,4648265,3117993,Suma d'al-diel-iso-endrín
after_2007,0002,0004,F009992,El Pasteral - 200022700,464925,4648265,3117994,Trifluralina
after_2007,0002,0004,F009992,El Pasteral - 200022700,464925,4648265,3117995,a-Hexaclorociclohexà
after_2007,0002,0004,F009992,El Pasteral - 200022700,464925,4648265,3118001,Atrazina
after_2007,0002,0004,F009992,El Pasteral - 200022700,464925,4648265,3118002,Propazina
after_2007,0002,0004,F009992,El Pasteral - 200022700,464925,4648265,3118003,Simazina
after_2007,0002,0004,F009992,El Pasteral - 200022700,464925,4648265,3118004,Terbutrina
after_2007,0002,0004,F009992,El Pasteral - 200022700,464925,4648265,3118005,Terbutilazina
after_2007,0002,0004,F009992,El Pasteral - 200022700,464925,4648265,3118006,"1,2-Dicloroetà"
after_2007,0002,0004,F009992,El Pasteral - 200022700,464925,4648265,3118007,Bromodiclorometà
after_2007,0002,0004,F009992,El Pasteral - 200022700,464925,4648265,3118008,Bromoform
after_2007,0002,0004,F009992,El Pasteral - 200022700,464925,4648265,3118009,Triclorometà
after_2007,0002,0004,F009992,El Pasteral - 200022700,464925,4648265,3118010,Dibromoclorometà
after_2007,0002,0004,F009992,El Pasteral - 200022700,464925,4648265,3118011,Diclorometà
after_2007,0002,0004,F009992,El Pasteral - 200022700,464925,4648265,3118012,Tetracloroetilè
after_2007,0002,0004,F009992,El Pasteral - 200022700,464925,4648265,3118013,Tetraclorur de Carboni
after_2007,0002,0004,F009992,El Pasteral - 200022700,464925,4648265,3118014,Tricloroetilè
after_2007,0002,0004,F009992,El Pasteral - 200022700,464925,4648265,3229482,Cetona d'endrín
after_2007,0002,0004,F009992,El Pasteral - 200022700,464925,4648265,3281405,Antracè
after_2007,0002,0004,F009992,El Pasteral - 200022700,464925,4648265,3281406,Fluorantè
after_2007,0002,0004,F009992,El Pasteral - 200022700,464925,4648265,3308374,Suma de plaguicides clorats
after_2007,0002,0004,F009992,El Pasteral - 200022700,464925,4648265,3308375,Suma de triazines
after_2007,0002,0004,F009992,El Pasteral - 200022700,464925,4648265,3308376,Suma de DDT
after_2007,0002,0004,F009992,El Pasteral - 200022700,464925,4648265,3323433,Suma de PAH1
after_2007,0002,0004,F009992,El Pasteral - 200022700,464925,4648265,3323434,Suma de PAH2
after_2007,0002,0004,F009992,El Pasteral - 200022700,464925,4648265,4043820,Estronci
after_2007,0002,0004,F009992,El Pasteral - 200022700,464925,4648265,4103822,Alumini
after_2007,0002,0004,F009992,El Pasteral - 200022700,464925,4648265,4103823,Antimoni
after_2007,0002,0004,F009992,El Pasteral - 200022700,464925,4648265,4103824,Arsènic
after_2007,0002,0004,F009992,El Pasteral - 200022700,464925,4648265,4103825,Bari
after_2007,0002,0004,F009992,El Pasteral - 200022700,464925,4648265,4103826,Beril·li
after_2007,0002,0004,F009992,El Pasteral - 200022700,464925,4648265,4103827,Bor
after_2007,0002,0004,F009992,El Pasteral - 200022700,464925,4648265,4103828,Cadmi
after_2007,0002,0004,F009992,El Pasteral - 200022700,464925,4648265,4103829,Cobalt
after_2007,0002,0004,F009992,El Pasteral - 200022700,464925,4648265,4103830,Coure
after_2007,0002,0004,F009992,El Pasteral - 200022700,464925,4648265,4103831,Crom
after_2007,0002,0004,F009992,El Pasteral - 200022700,464925,4648265,4103832,Ferro
after_2007,0002,0004,F009992,El Pasteral - 200022700,464925,4648265,4103833,Manganès
after_2007,0002,0004,F009992,El Pasteral - 200022700,464925,4648265,4103834,Mercuri
after_2007,0002,0004,F009992,El Pasteral - 200022700,464925,4648265,4103835,Molibdè
after_2007,0002,0004,F009992,El Pasteral - 200022700,464925,4648265,4103836,Níquel
after_2007,0002,0004,F009992,El Pasteral - 200022700,464925,4648265,4103837,Plom
after_2007,0002,0004,F009992,El Pasteral - 200022700,464925,4648265,4103838,Seleni
after_2007,0002,0004,F009992,El Pasteral - 200022700,464925,4648265,4103839,Vanadi
after_2007,0002,0004,F009992,El Pasteral - 200022700,464925,4648265,4103840,Zinc
after_2007,0002,0004,F009992,El Pasteral - 200022700,464925,4648265,4114681,Aclonifèn
after_2007,0002,0004,F009992,El Pasteral - 200022700,464925,4648265,4114682,Cibutrina
after_2007,0002,0004,F009992,El Pasteral - 200022700,464925,4648265,4157209,Quinoxifèn
after_2007,0002,0004,F009992,El Pasteral - 200022700,464925,4648265,4157210,Bifenox
after_2007,0002,0004,F009992,El Pasteral - 200022700,464925,4648265,4157211,Cipermetrín (suma d'isòmers)
after_2007,0002,0004,F009992,El Pasteral - 200022700,464925,4648265,4160895,Suma de xilens
after_2007,0002,0004,F009992,El Pasteral - 200022700,464925,4648265,4286850,Toluè
after_2007,0002,0004,F009992,El Pasteral - 200022700,464925,4648265,4286851,Hexaclorobutadiè
after_2007,0002,0004,F009992,El Pasteral - 200022700,464925,4648265,4286852,"trans-1,2-dicloroetilè"
after_2007,0002,0004,F009992,El Pasteral - 200022700,464925,4648265,4286853,"cis-1,2-Dicloroetilè"
after_2007,0002,0004,F009992,El Pasteral - 200022700,464925,4648265,4286854,"cis-1,3-Dicloropropè"
after_2007,0002,0004,F009992,El Pasteral - 200022700,464925,4648265,4286855,"1,1,2-Tricloroetà"
after_2007,0002,0004,F009992,El Pasteral - 200022700,464925,4648265,4286856,"1,4-Diclorobenzè"
after_2007,0002,0004,F009992,El Pasteral - 200022700,464925,4648265,4286857,"1,2-Diclorobenzè"
after_2007,0002,0004,F009992,El Pasteral - 200022700,464925,4648265,4286858,Suma de triclorobenzens
after_2007,0002,0004,F009992,El Pasteral - 200022700,464925,4648265,4286859,"1,2,4-Triclorobenzè"
after_2007,0002,0004,F009992,El Pasteral - 200022700,464925,4648265,4286860,"1,2,3-Triclorobenzè"
after_2007,0002,0004,F009992,El Pasteral - 200022700,464925,4648265,4286861,Etilbenzè
after_2007,0002,0004,F009992,El Pasteral - 200022700,464925,4648265,4286862,"m,p-Xilè"
after_2007,0002,0004,F009992,El Pasteral - 200022700,464925,4648265,4286863,o-Xilè
after_2007,0002,0004,F009992,El Pasteral - 200022700,464925,4648265,4286864,Clorobenzè
after_2007,0002,0004,F009992,El Pasteral - 200022700,464925,4648265,4286865,"1,1-Dicloroetilè"
after_2007,0002,0004,F009992,El Pasteral - 200022700,464925,4648265,4286866,"1,1-Dicloroetà"
after_2007,0002,0004,F009992,El Pasteral - 200022700,464925,4648265,4286867,"1,1,1-Tricloroetà"
after_2007,0002,0004,F009992,El Pasteral - 200022700,464925,4648265,4286868,"1,2-Dicloropropà"
after_2007,0002,0004,F009992,El Pasteral - 200022700,464925,4648265,4286869,"trans-1,3-Dicloropropè"
after_2007,0002,0004,F009992,El Pasteral - 200022700,464925,4648265,4286870,"1,1,2,2-Tetracloroetà"
after_2007,0002,0004,F009992,El Pasteral - 200022700,464925,4648265,4286871,"1,3,5-Triclorobenzè"
after_2007,0002,0004,F009992,El Pasteral - 200022700,464925,4648265,4286872,Triclorofluorometà
after_2007,0002,0004,F009992,El Pasteral - 200022700,464925,4648265,4286873,"1,3-Diclorobenzè"
after_2007,0002,0004,F009992,El Pasteral - 200022700,464925,4648265,4286874,Naftalè
after_2007,0002,0004,F009992,El Pasteral - 200022700,464925,4648265,4286875,tert-Octilfenol
after_2007,0002,0004,F009992,El Pasteral - 200022700,464925,4648265,4286876,NPEO(e=0)
after_2007,0002,0004,F009992,El Pasteral - 200022700,464925,4648265,4286877,Suma de diclorobenzens
after_2007,0002,0004,F009992,El Pasteral - 200022700,464925,4648265,4286878,BDE-47
after_2007,0002,0004,F009992,El Pasteral - 200022700,464925,4648265,4286879,BDE-99
after_2007,0002,0004,F009992,El Pasteral - 200022700,464925,4648265,4286880,BDE-100
after_2007,0002,0004,F009992,El Pasteral - 200022700,464925,4648265,4286881,BDE-28
after_2007,0002,0004,F009992,El Pasteral - 200022700,464925,4648265,4286882,BDE-153
after_2007,0002,0004,F009992,El Pasteral - 200022700,464925,4648265,4286883,BDE-154
after_2007,0002,0004,F009992,El Pasteral - 200022700,464925,4648265,4286884,4-n-Nonilfenol
after_2007,0002,0004,F009993,Boadella - 220001500,486335,4687831,3115870,Benzè
after_2007,0002,0004,F009993,Boadella - 220001500,486335,4687831,3115899,Clorpirifòs
after_2007,0002,0004,F009993,Boadella - 220001500,486335,4687831,3115900,Diazinon
after_2007,0002,0004,F009993,Boadella - 220001500,486335,4687831,3115901,Azinfòs d'etil
after_2007,0002,0004,F009993,Boadella - 220001500,486335,4687831,3115902,Etion
after_2007,0002,0004,F009993,Boadella - 220001500,486335,4687831,3115903,Fenitrotion
after_2007,0002,0004,F009993,Boadella - 220001500,486335,4687831,3115904,Malation
after_2007,0002,0004,F009993,Boadella - 220001500,486335,4687831,3115905,Paration de metil
after_2007,0002,0004,F009993,Boadella - 220001500,486335,4687831,3115906,Molinat
after_2007,0002,0004,F009993,Boadella - 220001500,486335,4687831,3115907,Paration
after_2007,0002,0004,F009993,Boadella - 220001500,486335,4687831,3115908,Suma d'Organofosforats
after_2007,0002,0004,F009993,Boadella - 220001500,486335,4687831,3115909,Clorfenvinfòs (suma d'isòmers)
after_2007,0002,0004,F009993,Boadella - 220001500,486335,4687831,3115910,Benzo(a)pirè
after_2007,0002,0004,F009993,Boadella - 220001500,486335,4687831,3115911,Benzo(b)fluorantè
after_2007,0002,0004,F009993,Boadella - 220001500,486335,4687831,3115912,Benzo(ghi)perilè
after_2007,0002,0004,F009993,Boadella - 220001500,486335,4687831,3115913,Benzo(k)fluorantè
after_2007,0002,0004,F009993,Boadella - 220001500,486335,4687831,3115914,"Indeno(1,2,3-cd)pirè"
after_2007,0002,0004,F009993,Boadella - 220001500,486335,4687831,3115916,"2,4'-DDD"
after_2007,0002,0004,F009993,Boadella - 220001500,486335,4687831,3115917,"2,4'-DDE"
after_2007,0002,0004,F009993,Boadella - 220001500,486335,4687831,3115918,"2,4'-DDT"
after_2007,0002,0004,F009993,Boadella - 220001500,486335,4687831,3115919,"4,4'-DDD"
after_2007,0002,0004,F009993,Boadella - 220001500,486335,4687831,3115920,"4,4'-DDE"
after_2007,0002,0004,F009993,Boadella - 220001500,486335,4687831,3115921,"4,4'-DDT"
after_2007,0002,0004,F009993,Boadella - 220001500,486335,4687831,3115922,Alaclor
after_2007,0002,0004,F009993,Boadella - 220001500,486335,4687831,3115923,Aldrín
after_2007,0002,0004,F009993,Boadella - 220001500,486335,4687831,3115924,Dieldrín
after_2007,0002,0004,F009993,Boadella - 220001500,486335,4687831,3115925,Endosulfan I
after_2007,0002,0004,F009993,Boadella - 220001500,486335,4687831,3115926,Endosulfan II
after_2007,0002,0004,F009993,Boadella - 220001500,486335,4687831,3115927,Sulfat d'endosulfan
after_2007,0002,0004,F009993,Boadella - 220001500,486335,4687831,3115928,Endrín
after_2007,0002,0004,F009993,Boadella - 220001500,486335,4687831,3115929,Heptaclor
after_2007,0002,0004,F009993,Boadella - 220001500,486335,4687831,3115930,Epòxid d'heptaclor A
after_2007,0002,0004,F009993,Boadella - 220001500,486335,4687831,3115931,Epòxid d'heptaclor B
after_2007,0002,0004,F009993,Boadella - 220001500,486335,4687831,3115932,Hexaclorobenzè
after_2007,0002,0004,F009993,Boadella - 220001500,486335,4687831,3115933,Isodrín
after_2007,0002,0004,F009993,Boadella - 220001500,486335,4687831,3115934,Lindà(g-Hexaclorociclohexà)
after_2007,0002,0004,F009993,Boadella - 220001500,486335,4687831,3115935,Metolaclor
after_2007,0002,0004,F009993,Boadella - 220001500,486335,4687831,3115936,Pentaclorobenzè
after_2007,0002,0004,F009993,Boadella - 220001500,486335,4687831,3115937,Suma d'al-diel-iso-endrín
after_2007,0002,0004,F009993,Boadella - 220001500,486335,4687831,3115938,Trifluralina
after_2007,0002,0004,F009993,Boadella - 220001500,486335,4687831,3115939,a-Hexaclorociclohexà
after_2007,0002,0004,F009993,Boadella - 220001500,486335,4687831,3115945,Atrazina
after_2007,0002,0004,F009993,Boadella - 220001500,486335,4687831,3115946,Propazina
after_2007,0002,0004,F009993,Boadella - 220001500,486335,4687831,3115947,Simazina
after_2007,0002,0004,F009993,Boadella - 220001500,486335,4687831,3115948,Terbutrina
after_2007,0002,0004,F009993,Boadella - 220001500,486335,4687831,3115949,Terbutilazina
after_2007,0002,0004,F009993,Boadella - 220001500,486335,4687831,3115950,"1,2-Dicloroetà"
after_2007,0002,0004,F009993,Boadella - 220001500,486335,4687831,3115951,Bromodiclorometà
after_2007,0002,0004,F009993,Boadella - 220001500,486335,4687831,3115952,Bromoform
after_2007,0002,0004,F009993,Boadella - 220001500,486335,4687831,3115953,Triclorometà
after_2007,0002,0004,F009993,Boadella - 220001500,486335,4687831,3115954,Dibromoclorometà
after_2007,0002,0004,F009993,Boadella - 220001500,486335,4687831,3115955,Diclorometà
after_2007,0002,0004,F009993,Boadella - 220001500,486335,4687831,3115956,Tetracloroetilè
after_2007,0002,0004,F009993,Boadella - 220001500,486335,4687831,3115957,Tetraclorur de Carboni
after_2007,0002,0004,F009993,Boadella - 220001500,486335,4687831,3115958,Tricloroetilè
after_2007,0002,0004,F009993,Boadella - 220001500,486335,4687831,3226022,Cetona d'endrín
after_2007,0002,0004,F009993,Boadella - 220001500,486335,4687831,3281407,Toluè
after_2007,0002,0004,F009993,Boadella - 220001500,486335,4687831,3281408,Hexaclorobutadiè
after_2007,0002,0004,F009993,Boadella - 220001500,486335,4687831,3281409,"trans-1,2-Dicloroetilè"
after_2007,0002,0004,F009993,Boadella - 220001500,486335,4687831,3281410,"cis-1,2-Dicloroetilè"
after_2007,0002,0004,F009993,Boadella - 220001500,486335,4687831,3281411,"cis-1,3-Dicloropropè"
after_2007,0002,0004,F009993,Boadella - 220001500,486335,4687831,3281412,"1,1,2-Tricloroetà"
after_2007,0002,0004,F009993,Boadella - 220001500,486335,4687831,3281413,"1,4-Diclorobenzè"
after_2007,0002,0004,F009993,Boadella - 220001500,486335,4687831,3281414,"1,2-Diclorobenzè"
after_2007,0002,0004,F009993,Boadella - 220001500,486335,4687831,3281415,Suma de triclorobenzens
after_2007,0002,0004,F009993,Boadella - 220001500,486335,4687831,3281416,"1,2,4-Triclorobenzè"
after_2007,0002,0004,F009993,Boadella - 220001500,486335,4687831,3281417,"1,2,3-Triclorobenzè"
after_2007,0002,0004,F009993,Boadella - 220001500,486335,4687831,3281418,Etilbenzè
after_2007,0002,0004,F009993,Boadella - 220001500,486335,4687831,3281419,"m,p-Xilè"
after_2007,0002,0004,F009993,Boadella - 220001500,486335,4687831,3281420,o-Xilè
after_2007,0002,0004,F009993,Boadella - 220001500,486335,4687831,3281423,Clorobenzè
after_2007,0002,0004,F009993,Boadella - 220001500,486335,4687831,3281424,"1,1-Dicloroetilè"
after_2007,0002,0004,F009993,Boadella - 220001500,486335,4687831,3281425,"1,1-Dicloroetà"
after_2007,0002,0004,F009993,Boadella - 220001500,486335,4687831,3281426,"1,1,1-Tricloroetà"
after_2007,0002,0004,F009993,Boadella - 220001500,486335,4687831,3281427,"1,2-Dicloropropà"
after_2007,0002,0004,F009993,Boadella - 220001500,486335,4687831,3281428,"trans-1,3-Dicloropropè"
after_2007,0002,0004,F009993,Boadella - 220001500,486335,4687831,3281429,"1,1,2,2-Tetracloroetà"
after_2007,0002,0004,F009993,Boadella - 220001500,486335,4687831,3281430,"1,3,5-Triclorobenzè"
after_2007,0002,0004,F009993,Boadella - 220001500,486335,4687831,3281431,Triclorofluorometà
after_2007,0002,0004,F009993,Boadella - 220001500,486335,4687831,3281432,"1,3-Diclorobenzè"
after_2007,0002,0004,F009993,Boadella - 220001500,486335,4687831,3281433,Naftalè
after_2007,0002,0004,F009993,Boadella - 220001500,486335,4687831,3281434,Antracè
after_2007,0002,0004,F009993,Boadella - 220001500,486335,4687831,3281435,Fluorantè
after_2007,0002,0004,F009993,Boadella - 220001500,486335,4687831,3281436,tert-Octilfenol
after_2007,0002,0004,F009993,Boadella - 220001500,486335,4687831,3281437,NPEO(e=0)
after_2007,0002,0004,F009993,Boadella - 220001500,486335,4687831,3281438,Suma de diclorobenzens
after_2007,0002,0004,F009993,Boadella - 220001500,486335,4687831,3281439,BDE-47
after_2007,0002,0004,F009993,Boadella - 220001500,486335,4687831,3281440,BDE-99
after_2007,0002,0004,F009993,Boadella - 220001500,486335,4687831,3281441,BDE-100
after_2007,0002,0004,F009993,Boadella - 220001500,486335,4687831,3297869,Suma de plaguicides clorats
after_2007,0002,0004,F009993,Boadella - 220001500,486335,4687831,3297870,Suma de triazines
after_2007,0002,0004,F009993,Boadella - 220001500,486335,4687831,3297871,Suma de DDT
after_2007,0002,0004,F009993,Boadella - 220001500,486335,4687831,3346766,Suma de PAH1
after_2007,0002,0004,F009993,Boadella - 220001500,486335,4687831,3346767,Suma de PAH2
after_2007,0002,0004,F009993,Boadella - 220001500,486335,4687831,4043798,Estronci
after_2007,0002,0004,F009993,Boadella - 220001500,486335,4687831,4103841,Alumini
after_2007,0002,0004,F009993,Boadella - 220001500,486335,4687831,4103842,Antimoni
after_2007,0002,0004,F009993,Boadella - 220001500,486335,4687831,4103843,Arsènic
after_2007,0002,0004,F009993,Boadella - 220001500,486335,4687831,4103844,Bari
after_2007,0002,0004,F009993,Boadella - 220001500,486335,4687831,4103845,Beril·li
after_2007,0002,0004,F009993,Boadella - 220001500,486335,4687831,4103846,Bor
after_2007,0002,0004,F009993,Boadella - 220001500,486335,4687831,4103847,Cadmi
after_2007,0002,0004,F009993,Boadella - 220001500,486335,4687831,4103848,Cobalt
after_2007,0002,0004,F009993,Boadella - 220001500,486335,4687831,4103849,Coure
after_2007,0002,0004,F009993,Boadella - 220001500,486335,4687831,4103850,Crom
after_2007,0002,0004,F009993,Boadella - 220001500,486335,4687831,4103851,Ferro
after_2007,0002,0004,F009993,Boadella - 220001500,486335,4687831,4103852,Manganès
after_2007,0002,0004,F009993,Boadella - 220001500,486335,4687831,4103853,Mercuri
after_2007,0002,0004,F009993,Boadella - 220001500,486335,4687831,4103854,Molibdè
after_2007,0002,0004,F009993,Boadella - 220001500,486335,4687831,4103855,Níquel
after_2007,0002,0004,F009993,Boadella - 220001500,486335,4687831,4103856,Plom
after_2007,0002,0004,F009993,Boadella - 220001500,486335,4687831,4103857,Seleni
after_2007,0002,0004,F009993,Boadella - 220001500,486335,4687831,4103858,Vanadi
after_2007,0002,0004,F009993,Boadella - 220001500,486335,4687831,4103859,Zinc
after_2007,0002,0004,F009993,Boadella - 220001500,486335,4687831,4115234,Aclonifèn
after_2007,0002,0004,F009993,Boadella - 220001500,486335,4687831,4115235,Cibutrina
after_2007,0002,0004,F009993,Boadella - 220001500,486335,4687831,4157206,Quinoxifèn
after_2007,0002,0004,F009993,Boadella - 220001500,486335,4687831,4157207,Bifenox
after_2007,0002,0004,F009993,Boadella - 220001500,486335,4687831,4157208,Cipermetrín (suma d'isòmers)
after_2007,0002,0004,F009993,Boadella - 220001500,486335,4687831,4160894,Suma de xilens
after_2007,0002,0004,F009993,Boadella - 220001500,486335,4687831,4190163,BDE-28
after_2007,0002,0004,F009993,Boadella - 220001500,486335,4687831,4190164,BDE-153
after_2007,0002,0004,F009993,Boadella - 220001500,486335,4687831,4190165,BDE-154
after_2007,0002,0004,F009993,Boadella - 220001500,486335,4687831,4190166,4-n-Nonilfenol
