period,network,subnetwork,station,station_name,x,y,variable_id,variable_name
after_2007,0001,0021,F007347,Barranc de l'Estany - 003001000,310212,4532916,4420278,índex IHF
after_2007,0001,0021,F007348,Barranc del Torrent del Pi  - 005001000,311552,4533492,4420279,índex IHF
after_2007,0001,0021,F007349,Riu de Llastres i barranc de Santa Marina - 010001000,321471,4546195,3323698,índex IHF
after_2007,0001,0021,F007349,Riu de Llastres i barranc de Santa Marina - 010001000,321471,4546195,3323699,IHF (IHF-I Subtotal )
after_2007,0001,0021,F007349,Riu de Llastres i barranc de Santa Marina - 010001000,321471,4546195,3323700,IHF (IHF-I Subtotal 2)
after_2007,0001,0021,F007349,Riu de Llastres i barranc de Santa Marina - 010001000,321471,4546195,3323701,IHF (IHF-II Subtotal 1)
after_2007,0001,0021,F007349,Riu de Llastres i barranc de Santa Marina - 010001000,321471,4546195,3323702,IHF (IHF-II Subtotal 2)
after_2007,0001,0021,F007349,Riu de Llastres i barranc de Santa Marina - 010001000,321471,4546195,3323703,IHF (IHF-II Subtotal 3)
after_2007,0001,0021,F007349,Riu de Llastres i barranc de Santa Marina - 010001000,321471,4546195,3323704,IHF (IHF-III Subtotal 1)
after_2007,0001,0021,F007349,Riu de Llastres i barranc de Santa Marina - 010001000,321471,4546195,3323705,IHF (IHF-III Subtotal 2)
after_2007,0001,0021,F007349,Riu de Llastres i barranc de Santa Marina - 010001000,321471,4546195,4355975,índex IHF
after_2007,0001,0021,F007350,Riudecanyes des de la presa de Riudecanyes fins al mar - 020003000,329958,4554197,4420280,índex IHF
after_2007,0001,0021,F007351,Riera d'Alforja i riera de Riudecols - 030001000,331384,4563515,3323760,índex IHF
after_2007,0001,0021,F007351,Riera d'Alforja i riera de Riudecols - 030001000,331384,4563515,3323761,IHF (IHF-I Subtotal )
after_2007,0001,0021,F007351,Riera d'Alforja i riera de Riudecols - 030001000,331384,4563515,3323762,IHF (IHF-I Subtotal 2)
after_2007,0001,0021,F007351,Riera d'Alforja i riera de Riudecols - 030001000,331384,4563515,3323763,IHF (IHF-II Subtotal 1)
after_2007,0001,0021,F007351,Riera d'Alforja i riera de Riudecols - 030001000,331384,4563515,3323764,IHF (IHF-II Subtotal 2)
after_2007,0001,0021,F007351,Riera d'Alforja i riera de Riudecols - 030001000,331384,4563515,3323765,IHF (IHF-II Subtotal 3)
after_2007,0001,0021,F007351,Riera d'Alforja i riera de Riudecols - 030001000,331384,4563515,3323766,IHF (IHF-III Subtotal 1)
after_2007,0001,0021,F007351,Riera d'Alforja i riera de Riudecols - 030001000,331384,4563515,3323767,IHF (IHF-III Subtotal 2)
after_2007,0001,0021,F007351,Riera d'Alforja i riera de Riudecols - 030001000,331384,4563515,4355976,índex IHF
after_2007,0001,0021,F007352,Riera de Riudoms - 040001000,336201,4562567,3323840,índex IHF
after_2007,0001,0021,F007352,Riera de Riudoms - 040001000,336201,4562567,3323841,IHF (IHF-I Subtotal )
after_2007,0001,0021,F007352,Riera de Riudoms - 040001000,336201,4562567,3323842,IHF (IHF-I Subtotal 2)
after_2007,0001,0021,F007352,Riera de Riudoms - 040001000,336201,4562567,3323843,IHF (IHF-II Subtotal 1)
after_2007,0001,0021,F007352,Riera de Riudoms - 040001000,336201,4562567,3323844,IHF (IHF-II Subtotal 2)
after_2007,0001,0021,F007352,Riera de Riudoms - 040001000,336201,4562567,3323845,IHF (IHF-II Subtotal 3)
after_2007,0001,0021,F007352,Riera de Riudoms - 040001000,336201,4562567,3323846,IHF (IHF-III Subtotal 1)
after_2007,0001,0021,F007352,Riera de Riudoms - 040001000,336201,4562567,3323847,IHF (IHF-III Subtotal 2)
after_2007,0001,0021,F007352,Riera de Riudoms - 040001000,336201,4562567,4355977,índex IHF
after_2007,0001,0021,F007353,Riera de Boella i rasa del Mas de Sostres - 045001000,348483,4551785,3323905,índex IHF
after_2007,0001,0021,F007353,Riera de Boella i rasa del Mas de Sostres - 045001000,348483,4551785,3323906,IHF (IHF-I Subtotal )
after_2007,0001,0021,F007353,Riera de Boella i rasa del Mas de Sostres - 045001000,348483,4551785,3323907,IHF (IHF-I Subtotal 2)
after_2007,0001,0021,F007353,Riera de Boella i rasa del Mas de Sostres - 045001000,348483,4551785,3323908,IHF (IHF-II Subtotal 1)
after_2007,0001,0021,F007353,Riera de Boella i rasa del Mas de Sostres - 045001000,348483,4551785,3323909,IHF (IHF-II Subtotal 2)
after_2007,0001,0021,F007353,Riera de Boella i rasa del Mas de Sostres - 045001000,348483,4551785,3323910,IHF (IHF-II Subtotal 3)
after_2007,0001,0021,F007353,Riera de Boella i rasa del Mas de Sostres - 045001000,348483,4551785,3323911,IHF (IHF-III Subtotal 1)
after_2007,0001,0021,F007353,Riera de Boella i rasa del Mas de Sostres - 045001000,348483,4551785,3323912,IHF (IHF-III Subtotal 2)
after_2007,0001,0021,F007353,Riera de Boella i rasa del Mas de Sostres - 045001000,348483,4551785,4355978,índex IHF
after_2007,0001,0021,F007354,Capçalera del Francolí fins a la confluència amb el riu Sec - 050001000,336212,4584370,4355979,índex IHF
after_2007,0001,0021,F007355,Riu Sec (Francolí) - 050002000,339532,4583652,4355980,índex IHF
after_2007,0001,0021,F007356,El Francolí entre el riu Sec i el riu d'Anguera - 050003000,342725,4584018,3323957,índex IHF
after_2007,0001,0021,F007356,El Francolí entre el riu Sec i el riu d'Anguera - 050003000,342725,4584018,3323958,IHF (IHF-I Subtotal )
after_2007,0001,0021,F007356,El Francolí entre el riu Sec i el riu d'Anguera - 050003000,342725,4584018,3323959,IHF (IHF-I Subtotal 2)
after_2007,0001,0021,F007356,El Francolí entre el riu Sec i el riu d'Anguera - 050003000,342725,4584018,3323960,IHF (IHF-II Subtotal 1)
after_2007,0001,0021,F007356,El Francolí entre el riu Sec i el riu d'Anguera - 050003000,342725,4584018,3323961,IHF (IHF-II Subtotal 2)
after_2007,0001,0021,F007356,El Francolí entre el riu Sec i el riu d'Anguera - 050003000,342725,4584018,3323962,IHF (IHF-II Subtotal 3)
after_2007,0001,0021,F007356,El Francolí entre el riu Sec i el riu d'Anguera - 050003000,342725,4584018,3323963,IHF (IHF-III Subtotal 1)
after_2007,0001,0021,F007356,El Francolí entre el riu Sec i el riu d'Anguera - 050003000,342725,4584018,3323964,IHF (IHF-III Subtotal 2)
after_2007,0001,0021,F007356,El Francolí entre el riu Sec i el riu d'Anguera - 050003000,342725,4584018,4355981,índex IHF
after_2007,0001,0021,F007357,Conca del riu d'Anguera - 050004000,347483,4582290,3324023,índex IHF
after_2007,0001,0021,F007357,Conca del riu d'Anguera - 050004000,347483,4582290,3324024,IHF (IHF-I Subtotal )
after_2007,0001,0021,F007357,Conca del riu d'Anguera - 050004000,347483,4582290,3324025,IHF (IHF-I Subtotal 2)
after_2007,0001,0021,F007357,Conca del riu d'Anguera - 050004000,347483,4582290,3324026,IHF (IHF-II Subtotal 1)
after_2007,0001,0021,F007357,Conca del riu d'Anguera - 050004000,347483,4582290,3324027,IHF (IHF-II Subtotal 2)
after_2007,0001,0021,F007357,Conca del riu d'Anguera - 050004000,347483,4582290,3324028,IHF (IHF-II Subtotal 3)
after_2007,0001,0021,F007357,Conca del riu d'Anguera - 050004000,347483,4582290,3324029,IHF (IHF-III Subtotal 1)
after_2007,0001,0021,F007357,Conca del riu d'Anguera - 050004000,347483,4582290,3324030,IHF (IHF-III Subtotal 2)
after_2007,0001,0021,F007357,Conca del riu d'Anguera - 050004000,347483,4582290,4355982,índex IHF
after_2007,0001,0021,F007358,El Francolí entre el riu d'Anguera i el Brugent - 050005000,347596,4577394,4355983,índex IHF
after_2007,0001,0021,F007359,Riu Brugent - 050006000,343305,4574382,4355984,índex IHF
after_2007,0001,0021,F007360,El Francolí entre el Brugent i el torrent del Puig - 050007000,351085,4569649,3324187,índex IHF
after_2007,0001,0021,F007360,El Francolí entre el Brugent i el torrent del Puig - 050007000,351085,4569649,3324188,IHF (IHF-I Subtotal )
after_2007,0001,0021,F007360,El Francolí entre el Brugent i el torrent del Puig - 050007000,351085,4569649,3324189,IHF (IHF-I Subtotal 2)
after_2007,0001,0021,F007360,El Francolí entre el Brugent i el torrent del Puig - 050007000,351085,4569649,3324190,IHF (IHF-II Subtotal 1)
after_2007,0001,0021,F007360,El Francolí entre el Brugent i el torrent del Puig - 050007000,351085,4569649,3324191,IHF (IHF-II Subtotal 2)
after_2007,0001,0021,F007360,El Francolí entre el Brugent i el torrent del Puig - 050007000,351085,4569649,3324192,IHF (IHF-II Subtotal 3)
after_2007,0001,0021,F007360,El Francolí entre el Brugent i el torrent del Puig - 050007000,351085,4569649,3324193,IHF (IHF-III Subtotal 1)
after_2007,0001,0021,F007360,El Francolí entre el Brugent i el torrent del Puig - 050007000,351085,4569649,3324194,IHF (IHF-III Subtotal 2)
after_2007,0001,0021,F007360,El Francolí entre el Brugent i el torrent del Puig - 050007000,351085,4569649,4355985,índex IHF
after_2007,0001,0021,F007361,Torrent del Puig - 050008000,351138,4569581,3324257,índex IHF
after_2007,0001,0021,F007361,Torrent del Puig - 050008000,351138,4569581,3324258,IHF (IHF-I Subtotal )
after_2007,0001,0021,F007361,Torrent del Puig - 050008000,351138,4569581,3324259,IHF (IHF-I Subtotal 2)
after_2007,0001,0021,F007361,Torrent del Puig - 050008000,351138,4569581,3324260,IHF (IHF-II Subtotal 1)
after_2007,0001,0021,F007361,Torrent del Puig - 050008000,351138,4569581,3324261,IHF (IHF-II Subtotal 2)
after_2007,0001,0021,F007361,Torrent del Puig - 050008000,351138,4569581,3324262,IHF (IHF-II Subtotal 3)
after_2007,0001,0021,F007361,Torrent del Puig - 050008000,351138,4569581,3324263,IHF (IHF-III Subtotal 1)
after_2007,0001,0021,F007361,Torrent del Puig - 050008000,351138,4569581,3324264,IHF (IHF-III Subtotal 2)
after_2007,0001,0021,F007361,Torrent del Puig - 050008000,351138,4569581,4355986,índex IHF
after_2007,0001,0021,F007362,El Francolí entre el torrent del Puig i la riera de la Selva - 050009000,351833,4563715,3324343,índex IHF
after_2007,0001,0021,F007362,El Francolí entre el torrent del Puig i la riera de la Selva - 050009000,351833,4563715,3324344,IHF (IHF-I Subtotal )
after_2007,0001,0021,F007362,El Francolí entre el torrent del Puig i la riera de la Selva - 050009000,351833,4563715,3324345,IHF (IHF-I Subtotal 2)
after_2007,0001,0021,F007362,El Francolí entre el torrent del Puig i la riera de la Selva - 050009000,351833,4563715,3324346,IHF (IHF-II Subtotal 1)
after_2007,0001,0021,F007362,El Francolí entre el torrent del Puig i la riera de la Selva - 050009000,351833,4563715,3324347,IHF (IHF-II Subtotal 2)
after_2007,0001,0021,F007362,El Francolí entre el torrent del Puig i la riera de la Selva - 050009000,351833,4563715,3324348,IHF (IHF-II Subtotal 3)
after_2007,0001,0021,F007362,El Francolí entre el torrent del Puig i la riera de la Selva - 050009000,351833,4563715,3324349,IHF (IHF-III Subtotal 1)
after_2007,0001,0021,F007362,El Francolí entre el torrent del Puig i la riera de la Selva - 050009000,351833,4563715,3324350,IHF (IHF-III Subtotal 2)
after_2007,0001,0021,F007362,El Francolí entre el torrent del Puig i la riera de la Selva - 050009000,351833,4563715,4355987,índex IHF
after_2007,0001,0021,F007363,Torrent de Vallmoll - 050010000,352778,4566207,3324432,índex IHF
after_2007,0001,0021,F007363,Torrent de Vallmoll - 050010000,352778,4566207,3324433,IHF (IHF-I Subtotal )
after_2007,0001,0021,F007363,Torrent de Vallmoll - 050010000,352778,4566207,3324434,IHF (IHF-I Subtotal 2)
after_2007,0001,0021,F007363,Torrent de Vallmoll - 050010000,352778,4566207,3324435,IHF (IHF-II Subtotal 1)
after_2007,0001,0021,F007363,Torrent de Vallmoll - 050010000,352778,4566207,3324436,IHF (IHF-II Subtotal 2)
after_2007,0001,0021,F007363,Torrent de Vallmoll - 050010000,352778,4566207,3324437,IHF (IHF-II Subtotal 3)
after_2007,0001,0021,F007363,Torrent de Vallmoll - 050010000,352778,4566207,3324438,IHF (IHF-III Subtotal 1)
after_2007,0001,0021,F007363,Torrent de Vallmoll - 050010000,352778,4566207,3324439,IHF (IHF-III Subtotal 2)
after_2007,0001,0021,F007363,Torrent de Vallmoll - 050010000,352778,4566207,4355988,índex IHF
after_2007,0001,0021,F007364,Capçalera de la Glorieta fins a l'EDAR d'Alcover - 050011000,345969,4569372,4355989,índex IHF
after_2007,0001,0021,F007365,Riu Glorieta des de l'EDAR d'Alcover fins al Francolí - 050012000,350132,4564838,4355990,índex IHF
after_2007,0001,0021,F007366,Riera de la Selva - 050013000,348586,4564187,3324658,índex IHF
after_2007,0001,0021,F007366,Riera de la Selva - 050013000,348586,4564187,3324659,IHF (IHF-I Subtotal )
after_2007,0001,0021,F007366,Riera de la Selva - 050013000,348586,4564187,3324660,IHF (IHF-I Subtotal 2)
after_2007,0001,0021,F007366,Riera de la Selva - 050013000,348586,4564187,3324661,IHF (IHF-II Subtotal 1)
after_2007,0001,0021,F007366,Riera de la Selva - 050013000,348586,4564187,3324662,IHF (IHF-II Subtotal 2)
after_2007,0001,0021,F007366,Riera de la Selva - 050013000,348586,4564187,3324663,IHF (IHF-II Subtotal 3)
after_2007,0001,0021,F007366,Riera de la Selva - 050013000,348586,4564187,3324664,IHF (IHF-III Subtotal 1)
after_2007,0001,0021,F007366,Riera de la Selva - 050013000,348586,4564187,3324665,IHF (IHF-III Subtotal 2)
after_2007,0001,0021,F007366,Riera de la Selva - 050013000,348586,4564187,4420281,índex IHF
after_2007,0001,0021,F007367,El Francolí des de la confluència de la riera de la Selva fins al mar - 050014000,351762,4557528,3324703,índex IHF
after_2007,0001,0021,F007367,El Francolí des de la confluència de la riera de la Selva fins al mar - 050014000,351762,4557528,3324704,IHF (IHF-I Subtotal )
after_2007,0001,0021,F007367,El Francolí des de la confluència de la riera de la Selva fins al mar - 050014000,351762,4557528,3324705,IHF (IHF-I Subtotal 2)
after_2007,0001,0021,F007367,El Francolí des de la confluència de la riera de la Selva fins al mar - 050014000,351762,4557528,3324706,IHF (IHF-II Subtotal 1)
after_2007,0001,0021,F007367,El Francolí des de la confluència de la riera de la Selva fins al mar - 050014000,351762,4557528,3324707,IHF (IHF-II Subtotal 2)
after_2007,0001,0021,F007367,El Francolí des de la confluència de la riera de la Selva fins al mar - 050014000,351762,4557528,3324708,IHF (IHF-II Subtotal 3)
after_2007,0001,0021,F007367,El Francolí des de la confluència de la riera de la Selva fins al mar - 050014000,351762,4557528,3324709,IHF (IHF-III Subtotal 1)
after_2007,0001,0021,F007367,El Francolí des de la confluència de la riera de la Selva fins al mar - 050014000,351762,4557528,3324710,IHF (IHF-III Subtotal 2)
after_2007,0001,0021,F007367,El Francolí des de la confluència de la riera de la Selva fins al mar - 050014000,351762,4557528,4355991,índex IHF
after_2007,0001,0021,F007368,Barranc dels Garidells - 050014500,352827,4562473,3324765,índex IHF
after_2007,0001,0021,F007368,Barranc dels Garidells - 050014500,352827,4562473,3324766,IHF (IHF-I Subtotal )
after_2007,0001,0021,F007368,Barranc dels Garidells - 050014500,352827,4562473,3324767,IHF (IHF-I Subtotal 2)
after_2007,0001,0021,F007368,Barranc dels Garidells - 050014500,352827,4562473,3324768,IHF (IHF-II Subtotal 1)
after_2007,0001,0021,F007368,Barranc dels Garidells - 050014500,352827,4562473,3324769,IHF (IHF-II Subtotal 2)
after_2007,0001,0021,F007368,Barranc dels Garidells - 050014500,352827,4562473,3324770,IHF (IHF-II Subtotal 3)
after_2007,0001,0021,F007368,Barranc dels Garidells - 050014500,352827,4562473,3324771,IHF (IHF-III Subtotal 1)
after_2007,0001,0021,F007368,Barranc dels Garidells - 050014500,352827,4562473,3324772,IHF (IHF-III Subtotal 2)
after_2007,0001,0021,F007368,Barranc dels Garidells - 050014500,352827,4562473,4355992,índex IHF
after_2007,0001,0021,F007369,"Capçalera del Gaià fins a Pontils, inclòs el riu de Boix - 060001000",365596,4592912,4355993,índex IHF
after_2007,0001,0021,F007370,El Gaià des de Pontils a la cua de  l'embassament del Catllar - 060002000,362265,4569517,3324890,índex IHF
after_2007,0001,0021,F007370,El Gaià des de Pontils a la cua de  l'embassament del Catllar - 060002000,362265,4569517,3324891,IHF (IHF-I Subtotal )
after_2007,0001,0021,F007370,El Gaià des de Pontils a la cua de  l'embassament del Catllar - 060002000,362265,4569517,3324892,IHF (IHF-I Subtotal 2)
after_2007,0001,0021,F007370,El Gaià des de Pontils a la cua de  l'embassament del Catllar - 060002000,362265,4569517,3324893,IHF (IHF-II Subtotal 1)
after_2007,0001,0021,F007370,El Gaià des de Pontils a la cua de  l'embassament del Catllar - 060002000,362265,4569517,3324894,IHF (IHF-II Subtotal 2)
after_2007,0001,0021,F007370,El Gaià des de Pontils a la cua de  l'embassament del Catllar - 060002000,362265,4569517,3324895,IHF (IHF-II Subtotal 3)
after_2007,0001,0021,F007370,El Gaià des de Pontils a la cua de  l'embassament del Catllar - 060002000,362265,4569517,3324896,IHF (IHF-III Subtotal 1)
after_2007,0001,0021,F007370,El Gaià des de Pontils a la cua de  l'embassament del Catllar - 060002000,362265,4569517,3324897,IHF (IHF-III Subtotal 2)
after_2007,0001,0021,F007370,El Gaià des de Pontils a la cua de  l'embassament del Catllar - 060002000,362265,4569517,4355994,índex IHF
after_2007,0001,0021,F007371,Torrent de Rupit - 060003000,360158,4584928,3324976,índex IHF
after_2007,0001,0021,F007371,Torrent de Rupit - 060003000,360158,4584928,3324977,IHF (IHF-I Subtotal )
after_2007,0001,0021,F007371,Torrent de Rupit - 060003000,360158,4584928,3324978,IHF (IHF-I Subtotal 2)
after_2007,0001,0021,F007371,Torrent de Rupit - 060003000,360158,4584928,3324979,IHF (IHF-II Subtotal 1)
after_2007,0001,0021,F007371,Torrent de Rupit - 060003000,360158,4584928,3324980,IHF (IHF-II Subtotal 2)
after_2007,0001,0021,F007371,Torrent de Rupit - 060003000,360158,4584928,3324981,IHF (IHF-II Subtotal 3)
after_2007,0001,0021,F007371,Torrent de Rupit - 060003000,360158,4584928,3324982,IHF (IHF-III Subtotal 1)
after_2007,0001,0021,F007371,Torrent de Rupit - 060003000,360158,4584928,3324983,IHF (IHF-III Subtotal 2)
after_2007,0001,0021,F007371,Torrent de Rupit - 060003000,360158,4584928,4355995,índex IHF
after_2007,0001,0021,F007372,Torrent de Rubió - 060004000,362916,4577718,4355996,índex IHF
after_2007,0001,0021,F007373,Torrent de les Pinetelles (o barranc de Pedrafita) - 060005000,364707,4573514,4355997,índex IHF
after_2007,0001,0021,F007374,Torrent del Còdol - 060005500,364606,4570711,3325039,índex IHF
after_2007,0001,0021,F007374,Torrent del Còdol - 060005500,364606,4570711,3325040,IHF (IHF-I Subtotal )
after_2007,0001,0021,F007374,Torrent del Còdol - 060005500,364606,4570711,3325041,IHF (IHF-I Subtotal 2)
after_2007,0001,0021,F007374,Torrent del Còdol - 060005500,364606,4570711,3325042,IHF (IHF-II Subtotal 1)
after_2007,0001,0021,F007374,Torrent del Còdol - 060005500,364606,4570711,3325043,IHF (IHF-II Subtotal 2)
after_2007,0001,0021,F007374,Torrent del Còdol - 060005500,364606,4570711,3325044,IHF (IHF-II Subtotal 3)
after_2007,0001,0021,F007374,Torrent del Còdol - 060005500,364606,4570711,3325045,IHF (IHF-III Subtotal 1)
after_2007,0001,0021,F007374,Torrent del Còdol - 060005500,364606,4570711,3325046,IHF (IHF-III Subtotal 2)
after_2007,0001,0021,F007374,Torrent del Còdol - 060005500,364606,4570711,4420282,índex IHF
after_2007,0001,0021,F007375,El Gaià des de la presa del Catllar fins al mar - 060007000,361850,4558555,3325059,índex IHF
after_2007,0001,0021,F007375,El Gaià des de la presa del Catllar fins al mar - 060007000,361850,4558555,3325060,IHF (IHF-I Subtotal )
after_2007,0001,0021,F007375,El Gaià des de la presa del Catllar fins al mar - 060007000,361850,4558555,3325061,IHF (IHF-I Subtotal 2)
after_2007,0001,0021,F007375,El Gaià des de la presa del Catllar fins al mar - 060007000,361850,4558555,3325062,IHF (IHF-II Subtotal 1)
after_2007,0001,0021,F007375,El Gaià des de la presa del Catllar fins al mar - 060007000,361850,4558555,3325063,IHF (IHF-II Subtotal 2)
after_2007,0001,0021,F007375,El Gaià des de la presa del Catllar fins al mar - 060007000,361850,4558555,3325064,IHF (IHF-II Subtotal 3)
after_2007,0001,0021,F007375,El Gaià des de la presa del Catllar fins al mar - 060007000,361850,4558555,3325065,IHF (IHF-III Subtotal 1)
after_2007,0001,0021,F007375,El Gaià des de la presa del Catllar fins al mar - 060007000,361850,4558555,3325066,IHF (IHF-III Subtotal 2)
after_2007,0001,0021,F007375,El Gaià des de la presa del Catllar fins al mar - 060007000,361850,4558555,4355998,índex IHF
after_2007,0001,0021,F007376,Barranc de Salomó - 060007500,362457,4561808,4420283,índex IHF
after_2007,0001,0021,F007377,Conca de la riera de la Bisbal - 070001000,380411,4571470,3325086,índex IHF
after_2007,0001,0021,F007377,Conca de la riera de la Bisbal - 070001000,380411,4571470,3325087,IHF (IHF-I Subtotal )
after_2007,0001,0021,F007377,Conca de la riera de la Bisbal - 070001000,380411,4571470,3325088,IHF (IHF-I Subtotal 2)
after_2007,0001,0021,F007377,Conca de la riera de la Bisbal - 070001000,380411,4571470,3325089,IHF (IHF-II Subtotal 1)
after_2007,0001,0021,F007377,Conca de la riera de la Bisbal - 070001000,380411,4571470,3325090,IHF (IHF-II Subtotal 2)
after_2007,0001,0021,F007377,Conca de la riera de la Bisbal - 070001000,380411,4571470,3325091,IHF (IHF-II Subtotal 3)
after_2007,0001,0021,F007377,Conca de la riera de la Bisbal - 070001000,380411,4571470,3325092,IHF (IHF-III Subtotal 1)
after_2007,0001,0021,F007377,Conca de la riera de la Bisbal - 070001000,380411,4571470,3325093,IHF (IHF-III Subtotal 2)
after_2007,0001,0021,F007377,Conca de la riera de la Bisbal - 070001000,380411,4571470,4355999,índex IHF
after_2007,0001,0021,F007378,Capçalera del Foix fins a Sant Martí Sarroca - 080001000,384217,4583397,3325123,índex IHF
after_2007,0001,0021,F007378,Capçalera del Foix fins a Sant Martí Sarroca - 080001000,384217,4583397,3325124,IHF (IHF-I Subtotal )
after_2007,0001,0021,F007378,Capçalera del Foix fins a Sant Martí Sarroca - 080001000,384217,4583397,3325125,IHF (IHF-I Subtotal 2)
after_2007,0001,0021,F007378,Capçalera del Foix fins a Sant Martí Sarroca - 080001000,384217,4583397,3325126,IHF (IHF-II Subtotal 1)
after_2007,0001,0021,F007378,Capçalera del Foix fins a Sant Martí Sarroca - 080001000,384217,4583397,3325127,IHF (IHF-II Subtotal 2)
after_2007,0001,0021,F007378,Capçalera del Foix fins a Sant Martí Sarroca - 080001000,384217,4583397,3325128,IHF (IHF-II Subtotal 3)
after_2007,0001,0021,F007378,Capçalera del Foix fins a Sant Martí Sarroca - 080001000,384217,4583397,3325129,IHF (IHF-III Subtotal 1)
after_2007,0001,0021,F007378,Capçalera del Foix fins a Sant Martí Sarroca - 080001000,384217,4583397,3325130,IHF (IHF-III Subtotal 2)
after_2007,0001,0021,F007378,Capçalera del Foix fins a Sant Martí Sarroca - 080001000,384217,4583397,4356000,índex IHF
after_2007,0001,0021,F007379,El Foix i la riera de Pontons des de Sant Martí Sarroca fins a la conlfuència de la riera de Llitrà - 080002000,388035,4577998,3325223,índex IHF
after_2007,0001,0021,F007379,El Foix i la riera de Pontons des de Sant Martí Sarroca fins a la conlfuència de la riera de Llitrà - 080002000,388035,4577998,3325224,IHF (IHF-I Subtotal )
after_2007,0001,0021,F007379,El Foix i la riera de Pontons des de Sant Martí Sarroca fins a la conlfuència de la riera de Llitrà - 080002000,388035,4577998,3325225,IHF (IHF-I Subtotal 2)
after_2007,0001,0021,F007379,El Foix i la riera de Pontons des de Sant Martí Sarroca fins a la conlfuència de la riera de Llitrà - 080002000,388035,4577998,3325226,IHF (IHF-II Subtotal 1)
after_2007,0001,0021,F007379,El Foix i la riera de Pontons des de Sant Martí Sarroca fins a la conlfuència de la riera de Llitrà - 080002000,388035,4577998,3325227,IHF (IHF-II Subtotal 2)
after_2007,0001,0021,F007379,El Foix i la riera de Pontons des de Sant Martí Sarroca fins a la conlfuència de la riera de Llitrà - 080002000,388035,4577998,3325228,IHF (IHF-II Subtotal 3)
after_2007,0001,0021,F007379,El Foix i la riera de Pontons des de Sant Martí Sarroca fins a la conlfuència de la riera de Llitrà - 080002000,388035,4577998,3325229,IHF (IHF-III Subtotal 1)
after_2007,0001,0021,F007379,El Foix i la riera de Pontons des de Sant Martí Sarroca fins a la conlfuència de la riera de Llitrà - 080002000,388035,4577998,3325230,IHF (IHF-III Subtotal 2)
after_2007,0001,0021,F007379,El Foix i la riera de Pontons des de Sant Martí Sarroca fins a la conlfuència de la riera de Llitrà - 080002000,388035,4577998,4356001,índex IHF
after_2007,0001,0021,F007380,Capçalera de la riera de Pontons fins a Sant Martí Sarroca - 080003000,376901,4585725,3325316,índex IHF
after_2007,0001,0021,F007380,Capçalera de la riera de Pontons fins a Sant Martí Sarroca - 080003000,376901,4585725,3325317,IHF (IHF-I Subtotal )
after_2007,0001,0021,F007380,Capçalera de la riera de Pontons fins a Sant Martí Sarroca - 080003000,376901,4585725,3325318,IHF (IHF-I Subtotal 2)
after_2007,0001,0021,F007380,Capçalera de la riera de Pontons fins a Sant Martí Sarroca - 080003000,376901,4585725,3325319,IHF (IHF-II Subtotal 1)
after_2007,0001,0021,F007380,Capçalera de la riera de Pontons fins a Sant Martí Sarroca - 080003000,376901,4585725,3325320,IHF (IHF-II Subtotal 2)
after_2007,0001,0021,F007380,Capçalera de la riera de Pontons fins a Sant Martí Sarroca - 080003000,376901,4585725,3325321,IHF (IHF-II Subtotal 3)
after_2007,0001,0021,F007380,Capçalera de la riera de Pontons fins a Sant Martí Sarroca - 080003000,376901,4585725,3325322,IHF (IHF-III Subtotal 1)
after_2007,0001,0021,F007380,Capçalera de la riera de Pontons fins a Sant Martí Sarroca - 080003000,376901,4585725,3325323,IHF (IHF-III Subtotal 2)
after_2007,0001,0021,F007380,Capçalera de la riera de Pontons fins a Sant Martí Sarroca - 080003000,376901,4585725,4356002,índex IHF
after_2007,0001,0021,F007381,Capçalera de la riera de Llitrà fins a l'EDAR de Vilafranca - 080004000,389422,4578327,3325377,índex IHF
after_2007,0001,0021,F007381,Capçalera de la riera de Llitrà fins a l'EDAR de Vilafranca - 080004000,389422,4578327,3325378,IHF (IHF-I Subtotal )
after_2007,0001,0021,F007381,Capçalera de la riera de Llitrà fins a l'EDAR de Vilafranca - 080004000,389422,4578327,3325379,IHF (IHF-I Subtotal 2)
after_2007,0001,0021,F007381,Capçalera de la riera de Llitrà fins a l'EDAR de Vilafranca - 080004000,389422,4578327,3325380,IHF (IHF-II Subtotal 1)
after_2007,0001,0021,F007381,Capçalera de la riera de Llitrà fins a l'EDAR de Vilafranca - 080004000,389422,4578327,3325381,IHF (IHF-II Subtotal 2)
after_2007,0001,0021,F007381,Capçalera de la riera de Llitrà fins a l'EDAR de Vilafranca - 080004000,389422,4578327,3325382,IHF (IHF-II Subtotal 3)
after_2007,0001,0021,F007381,Capçalera de la riera de Llitrà fins a l'EDAR de Vilafranca - 080004000,389422,4578327,3325383,IHF (IHF-III Subtotal 1)
after_2007,0001,0021,F007381,Capçalera de la riera de Llitrà fins a l'EDAR de Vilafranca - 080004000,389422,4578327,3325384,IHF (IHF-III Subtotal 2)
after_2007,0001,0021,F007381,Capçalera de la riera de Llitrà fins a l'EDAR de Vilafranca - 080004000,389422,4578327,4356003,índex IHF
after_2007,0001,0021,F007382,"El Foix des de la confluència de la riera de Llitrà fins a la cua de l'embassament de Foix, inclòs el tram baix de la riera de Llitrà des de l'EDAR de Vilafranca - 080005000",385967,4570563,3325430,índex IHF
after_2007,0001,0021,F007382,"El Foix des de la confluència de la riera de Llitrà fins a la cua de l'embassament de Foix, inclòs el tram baix de la riera de Llitrà des de l'EDAR de Vilafranca - 080005000",385967,4570563,3325431,IHF (IHF-I Subtotal )
after_2007,0001,0021,F007382,"El Foix des de la confluència de la riera de Llitrà fins a la cua de l'embassament de Foix, inclòs el tram baix de la riera de Llitrà des de l'EDAR de Vilafranca - 080005000",385967,4570563,3325432,IHF (IHF-I Subtotal 2)
after_2007,0001,0021,F007382,"El Foix des de la confluència de la riera de Llitrà fins a la cua de l'embassament de Foix, inclòs el tram baix de la riera de Llitrà des de l'EDAR de Vilafranca - 080005000",385967,4570563,3325433,IHF (IHF-II Subtotal 1)
after_2007,0001,0021,F007382,"El Foix des de la confluència de la riera de Llitrà fins a la cua de l'embassament de Foix, inclòs el tram baix de la riera de Llitrà des de l'EDAR de Vilafranca - 080005000",385967,4570563,3325434,IHF (IHF-II Subtotal 2)
after_2007,0001,0021,F007382,"El Foix des de la confluència de la riera de Llitrà fins a la cua de l'embassament de Foix, inclòs el tram baix de la riera de Llitrà des de l'EDAR de Vilafranca - 080005000",385967,4570563,3325435,IHF (IHF-II Subtotal 3)
after_2007,0001,0021,F007382,"El Foix des de la confluència de la riera de Llitrà fins a la cua de l'embassament de Foix, inclòs el tram baix de la riera de Llitrà des de l'EDAR de Vilafranca - 080005000",385967,4570563,3325436,IHF (IHF-III Subtotal 1)
after_2007,0001,0021,F007382,"El Foix des de la confluència de la riera de Llitrà fins a la cua de l'embassament de Foix, inclòs el tram baix de la riera de Llitrà des de l'EDAR de Vilafranca - 080005000",385967,4570563,3325437,IHF (IHF-III Subtotal 2)
after_2007,0001,0021,F007382,"El Foix des de la confluència de la riera de Llitrà fins a la cua de l'embassament de Foix, inclòs el tram baix de la riera de Llitrà des de l'EDAR de Vilafranca - 080005000",385967,4570563,4356004,índex IHF
after_2007,0001,0021,F007383,Riera de Marmellar - 080006000,384949,4569847,3325493,índex IHF
after_2007,0001,0021,F007383,Riera de Marmellar - 080006000,384949,4569847,3325494,IHF (IHF-I Subtotal )
after_2007,0001,0021,F007383,Riera de Marmellar - 080006000,384949,4569847,3325495,IHF (IHF-I Subtotal 2)
after_2007,0001,0021,F007383,Riera de Marmellar - 080006000,384949,4569847,3325496,IHF (IHF-II Subtotal 1)
after_2007,0001,0021,F007383,Riera de Marmellar - 080006000,384949,4569847,3325497,IHF (IHF-II Subtotal 2)
after_2007,0001,0021,F007383,Riera de Marmellar - 080006000,384949,4569847,3325498,IHF (IHF-II Subtotal 3)
after_2007,0001,0021,F007383,Riera de Marmellar - 080006000,384949,4569847,3325499,IHF (IHF-III Subtotal 1)
after_2007,0001,0021,F007383,Riera de Marmellar - 080006000,384949,4569847,3325500,IHF (IHF-III Subtotal 2)
after_2007,0001,0021,F007383,Riera de Marmellar - 080006000,384949,4569847,4356005,índex IHF
after_2007,0001,0021,F007384,El Foix des de la presa de Foix fins al mar - 080008000,387994,4565815,3325513,índex IHF
after_2007,0001,0021,F007384,El Foix des de la presa de Foix fins al mar - 080008000,387994,4565815,3325514,IHF (IHF-I Subtotal )
after_2007,0001,0021,F007384,El Foix des de la presa de Foix fins al mar - 080008000,387994,4565815,3325515,IHF (IHF-I Subtotal 2)
after_2007,0001,0021,F007384,El Foix des de la presa de Foix fins al mar - 080008000,387994,4565815,3325516,IHF (IHF-II Subtotal 1)
after_2007,0001,0021,F007384,El Foix des de la presa de Foix fins al mar - 080008000,387994,4565815,3325517,IHF (IHF-II Subtotal 2)
after_2007,0001,0021,F007384,El Foix des de la presa de Foix fins al mar - 080008000,387994,4565815,3325518,IHF (IHF-II Subtotal 3)
after_2007,0001,0021,F007384,El Foix des de la presa de Foix fins al mar - 080008000,387994,4565815,3325519,IHF (IHF-III Subtotal 1)
after_2007,0001,0021,F007384,El Foix des de la presa de Foix fins al mar - 080008000,387994,4565815,3325520,IHF (IHF-III Subtotal 2)
after_2007,0001,0021,F007384,El Foix des de la presa de Foix fins al mar - 080008000,387994,4565815,4356006,índex IHF
after_2007,0001,0021,F007385,"Capçalera de la riera de Ribes (o riera de Begues) fins a la confluència de la riera de Vilafranca, incloses les rieres dels Vidrers, de Vilafranca i de Jafre - 090001000",399683,4573861,3325533,índex IHF
after_2007,0001,0021,F007385,"Capçalera de la riera de Ribes (o riera de Begues) fins a la confluència de la riera de Vilafranca, incloses les rieres dels Vidrers, de Vilafranca i de Jafre - 090001000",399683,4573861,3325534,IHF (IHF-I Subtotal )
after_2007,0001,0021,F007385,"Capçalera de la riera de Ribes (o riera de Begues) fins a la confluència de la riera de Vilafranca, incloses les rieres dels Vidrers, de Vilafranca i de Jafre - 090001000",399683,4573861,3325535,IHF (IHF-I Subtotal 2)
after_2007,0001,0021,F007385,"Capçalera de la riera de Ribes (o riera de Begues) fins a la confluència de la riera de Vilafranca, incloses les rieres dels Vidrers, de Vilafranca i de Jafre - 090001000",399683,4573861,3325536,IHF (IHF-II Subtotal 1)
after_2007,0001,0021,F007385,"Capçalera de la riera de Ribes (o riera de Begues) fins a la confluència de la riera de Vilafranca, incloses les rieres dels Vidrers, de Vilafranca i de Jafre - 090001000",399683,4573861,3325537,IHF (IHF-II Subtotal 2)
after_2007,0001,0021,F007385,"Capçalera de la riera de Ribes (o riera de Begues) fins a la confluència de la riera de Vilafranca, incloses les rieres dels Vidrers, de Vilafranca i de Jafre - 090001000",399683,4573861,3325538,IHF (IHF-II Subtotal 3)
after_2007,0001,0021,F007385,"Capçalera de la riera de Ribes (o riera de Begues) fins a la confluència de la riera de Vilafranca, incloses les rieres dels Vidrers, de Vilafranca i de Jafre - 090001000",399683,4573861,3325539,IHF (IHF-III Subtotal 1)
after_2007,0001,0021,F007385,"Capçalera de la riera de Ribes (o riera de Begues) fins a la confluència de la riera de Vilafranca, incloses les rieres dels Vidrers, de Vilafranca i de Jafre - 090001000",399683,4573861,3325540,IHF (IHF-III Subtotal 2)
after_2007,0001,0021,F007385,"Capçalera de la riera de Ribes (o riera de Begues) fins a la confluència de la riera de Vilafranca, incloses les rieres dels Vidrers, de Vilafranca i de Jafre - 090001000",399683,4573861,4356007,índex IHF
after_2007,0001,0021,F007386,Riera de Ribes (o riera de Begues) des de la confluència de la riera de Vilafranca fins al mar - 090002000,396585,4568258,3325570,índex IHF
after_2007,0001,0021,F007386,Riera de Ribes (o riera de Begues) des de la confluència de la riera de Vilafranca fins al mar - 090002000,396585,4568258,3325571,IHF (IHF-I Subtotal )
after_2007,0001,0021,F007386,Riera de Ribes (o riera de Begues) des de la confluència de la riera de Vilafranca fins al mar - 090002000,396585,4568258,3325572,IHF (IHF-I Subtotal 2)
after_2007,0001,0021,F007386,Riera de Ribes (o riera de Begues) des de la confluència de la riera de Vilafranca fins al mar - 090002000,396585,4568258,3325573,IHF (IHF-II Subtotal 1)
after_2007,0001,0021,F007386,Riera de Ribes (o riera de Begues) des de la confluència de la riera de Vilafranca fins al mar - 090002000,396585,4568258,3325574,IHF (IHF-II Subtotal 2)
after_2007,0001,0021,F007386,Riera de Ribes (o riera de Begues) des de la confluència de la riera de Vilafranca fins al mar - 090002000,396585,4568258,3325575,IHF (IHF-II Subtotal 3)
after_2007,0001,0021,F007386,Riera de Ribes (o riera de Begues) des de la confluència de la riera de Vilafranca fins al mar - 090002000,396585,4568258,3325576,IHF (IHF-III Subtotal 1)
after_2007,0001,0021,F007386,Riera de Ribes (o riera de Begues) des de la confluència de la riera de Vilafranca fins al mar - 090002000,396585,4568258,3325577,IHF (IHF-III Subtotal 2)
after_2007,0001,0021,F007386,Riera de Ribes (o riera de Begues) des de la confluència de la riera de Vilafranca fins al mar - 090002000,396585,4568258,4356008,índex IHF
after_2007,0001,0021,F007388,Capçaleres del Llobregat i l'Arija fins a la confluència entre tots dos  - 100001000,415484,4678967,3325619,índex IHF
after_2007,0001,0021,F007388,Capçaleres del Llobregat i l'Arija fins a la confluència entre tots dos  - 100001000,415484,4678967,3325620,IHF (IHF-I Subtotal )
after_2007,0001,0021,F007388,Capçaleres del Llobregat i l'Arija fins a la confluència entre tots dos  - 100001000,415484,4678967,3325621,IHF (IHF-I Subtotal 2)
after_2007,0001,0021,F007388,Capçaleres del Llobregat i l'Arija fins a la confluència entre tots dos  - 100001000,415484,4678967,3325622,IHF (IHF-II Subtotal 1)
after_2007,0001,0021,F007388,Capçaleres del Llobregat i l'Arija fins a la confluència entre tots dos  - 100001000,415484,4678967,3325623,IHF (IHF-II Subtotal 2)
after_2007,0001,0021,F007388,Capçaleres del Llobregat i l'Arija fins a la confluència entre tots dos  - 100001000,415484,4678967,3325624,IHF (IHF-II Subtotal 3)
after_2007,0001,0021,F007388,Capçaleres del Llobregat i l'Arija fins a la confluència entre tots dos  - 100001000,415484,4678967,3325625,IHF (IHF-III Subtotal 1)
after_2007,0001,0021,F007388,Capçaleres del Llobregat i l'Arija fins a la confluència entre tots dos  - 100001000,415484,4678967,3325626,IHF (IHF-III Subtotal 2)
after_2007,0001,0021,F007388,Capçaleres del Llobregat i l'Arija fins a la confluència entre tots dos  - 100001000,415484,4678967,4356009,índex IHF
after_2007,0001,0021,F007389,El Llobregat entre l'Arija i el Bastareny - 100002000,408727,4676390,4356010,índex IHF
after_2007,0001,0021,F007390,Riu Bastareny i riu de Gréixer - 100004000,405280,4680163,4356011,índex IHF
after_2007,0001,0021,F007391,El Llobregat des de la confluència del Bastareny fins a la cua de l'embassament de La Baells - 100005000,406731,4674365,4356012,índex IHF
after_2007,0001,0021,F007392,Riu de Saldes - 100006000,406469,4674394,4356013,índex IHF
after_2007,0001,0021,F007393,Riu de Peguera - 100008000,405487,4666801,4356014,índex IHF
after_2007,0001,0021,F007394,Riu Merdançol i riera de Vilada - 100009000,412515,4664689,4356015,índex IHF
after_2007,0001,0021,F007395,El Llobregat des de la presa de La Baells fins a la Colònia Rosal - 100011000,407469,4662114,4356016,índex IHF
after_2007,0001,0021,F007396,Riu Demetge - 100012000,403873,4662638,3326082,índex IHF
after_2007,0001,0021,F007396,Riu Demetge - 100012000,403873,4662638,3326083,IHF (IHF-I Subtotal )
after_2007,0001,0021,F007396,Riu Demetge - 100012000,403873,4662638,3326084,IHF (IHF-I Subtotal 2)
after_2007,0001,0021,F007396,Riu Demetge - 100012000,403873,4662638,3326085,IHF (IHF-II Subtotal 1)
after_2007,0001,0021,F007396,Riu Demetge - 100012000,403873,4662638,3326086,IHF (IHF-II Subtotal 2)
after_2007,0001,0021,F007396,Riu Demetge - 100012000,403873,4662638,3326087,IHF (IHF-II Subtotal 3)
after_2007,0001,0021,F007396,Riu Demetge - 100012000,403873,4662638,3326088,IHF (IHF-III Subtotal 1)
after_2007,0001,0021,F007396,Riu Demetge - 100012000,403873,4662638,3326089,IHF (IHF-III Subtotal 2)
after_2007,0001,0021,F007396,Riu Demetge - 100012000,403873,4662638,4356017,índex IHF
after_2007,0001,0021,F007397,El Llobregat des de la Colònia Rosal fins a l'EDAR de Balsareny - 100013000,407500,4641747,3326158,índex IHF
after_2007,0001,0021,F007397,El Llobregat des de la Colònia Rosal fins a l'EDAR de Balsareny - 100013000,407500,4641747,3326159,IHF (IHF-I Subtotal )
after_2007,0001,0021,F007397,El Llobregat des de la Colònia Rosal fins a l'EDAR de Balsareny - 100013000,407500,4641747,3326160,IHF (IHF-I Subtotal 2)
after_2007,0001,0021,F007397,El Llobregat des de la Colònia Rosal fins a l'EDAR de Balsareny - 100013000,407500,4641747,3326161,IHF (IHF-II Subtotal 1)
after_2007,0001,0021,F007397,El Llobregat des de la Colònia Rosal fins a l'EDAR de Balsareny - 100013000,407500,4641747,3326162,IHF (IHF-II Subtotal 2)
after_2007,0001,0021,F007397,El Llobregat des de la Colònia Rosal fins a l'EDAR de Balsareny - 100013000,407500,4641747,3326163,IHF (IHF-II Subtotal 3)
after_2007,0001,0021,F007397,El Llobregat des de la Colònia Rosal fins a l'EDAR de Balsareny - 100013000,407500,4641747,3326164,IHF (IHF-III Subtotal 1)
after_2007,0001,0021,F007397,El Llobregat des de la Colònia Rosal fins a l'EDAR de Balsareny - 100013000,407500,4641747,3326165,IHF (IHF-III Subtotal 2)
after_2007,0001,0021,F007397,El Llobregat des de la Colònia Rosal fins a l'EDAR de Balsareny - 100013000,407500,4641747,4356018,índex IHF
after_2007,0001,0021,F007398,Riera de la Portella - 100014000,408409,4657854,3326244,índex IHF
after_2007,0001,0021,F007398,Riera de la Portella - 100014000,408409,4657854,3326245,IHF (IHF-I Subtotal )
after_2007,0001,0021,F007398,Riera de la Portella - 100014000,408409,4657854,3326246,IHF (IHF-I Subtotal 2)
after_2007,0001,0021,F007398,Riera de la Portella - 100014000,408409,4657854,3326247,IHF (IHF-II Subtotal 1)
after_2007,0001,0021,F007398,Riera de la Portella - 100014000,408409,4657854,3326248,IHF (IHF-II Subtotal 2)
after_2007,0001,0021,F007398,Riera de la Portella - 100014000,408409,4657854,3326249,IHF (IHF-II Subtotal 3)
after_2007,0001,0021,F007398,Riera de la Portella - 100014000,408409,4657854,3326250,IHF (IHF-III Subtotal 1)
after_2007,0001,0021,F007398,Riera de la Portella - 100014000,408409,4657854,3326251,IHF (IHF-III Subtotal 2)
after_2007,0001,0021,F007398,Riera de la Portella - 100014000,408409,4657854,4356019,índex IHF
after_2007,0001,0021,F007399,Riera de Graugés - 100016000,404022,4657011,4356020,índex IHF
after_2007,0001,0021,F007400,Riera de la Riba - 100017000,408947,4655910,3326307,índex IHF
after_2007,0001,0021,F007400,Riera de la Riba - 100017000,408947,4655910,3326308,IHF (IHF-I Subtotal )
after_2007,0001,0021,F007400,Riera de la Riba - 100017000,408947,4655910,3326309,IHF (IHF-I Subtotal 2)
after_2007,0001,0021,F007400,Riera de la Riba - 100017000,408947,4655910,3326310,IHF (IHF-II Subtotal 1)
after_2007,0001,0021,F007400,Riera de la Riba - 100017000,408947,4655910,3326311,IHF (IHF-II Subtotal 2)
after_2007,0001,0021,F007400,Riera de la Riba - 100017000,408947,4655910,3326312,IHF (IHF-II Subtotal 3)
after_2007,0001,0021,F007400,Riera de la Riba - 100017000,408947,4655910,3326313,IHF (IHF-III Subtotal 1)
after_2007,0001,0021,F007400,Riera de la Riba - 100017000,408947,4655910,3326314,IHF (IHF-III Subtotal 2)
after_2007,0001,0021,F007400,Riera de la Riba - 100017000,408947,4655910,4356021,índex IHF
after_2007,0001,0021,F007401,Riera de Biure - 100018000,409456,4652047,4356022,índex IHF
after_2007,0001,0021,F007402,Riera de Clarà - 100019000,405521,4652425,4356023,índex IHF
after_2007,0001,0021,F007403,Capçalera de la riera de Merlès fins a la confluència del torrent de Regatell - 100021000,416889,4653580,4356024,índex IHF
after_2007,0001,0021,F007404,Riera de Merlès des de la confluència del torrent de Regatell fins al Llobregat - 100022000,407369,4642352,4356025,índex IHF
after_2007,0001,0021,F007405,Riera de Merola - 100023000,406456,4642835,4356026,índex IHF
after_2007,0001,0021,F007406,Riera de Gaià - 100024000,408452,4638579,4356027,índex IHF
after_2007,0001,0021,F007407,Riera del Mujal - 100025000,405177,4637865,4356028,índex IHF
after_2007,0001,0021,F007408,Riu de Cornet - 100026000,408390,4632008,3326734,índex IHF
after_2007,0001,0021,F007408,Riu de Cornet - 100026000,408390,4632008,3326735,IHF (IHF-I Subtotal )
after_2007,0001,0021,F007408,Riu de Cornet - 100026000,408390,4632008,3326736,IHF (IHF-I Subtotal 2)
after_2007,0001,0021,F007408,Riu de Cornet - 100026000,408390,4632008,3326737,IHF (IHF-II Subtotal 1)
after_2007,0001,0021,F007408,Riu de Cornet - 100026000,408390,4632008,3326738,IHF (IHF-II Subtotal 2)
after_2007,0001,0021,F007408,Riu de Cornet - 100026000,408390,4632008,3326739,IHF (IHF-II Subtotal 3)
after_2007,0001,0021,F007408,Riu de Cornet - 100026000,408390,4632008,3326740,IHF (IHF-III Subtotal 1)
after_2007,0001,0021,F007408,Riu de Cornet - 100026000,408390,4632008,3326741,IHF (IHF-III Subtotal 2)
after_2007,0001,0021,F007408,Riu de Cornet - 100026000,408390,4632008,4356029,índex IHF
after_2007,0001,0021,F007409,El Llobregat des de l'EDAR de Balsareny fins a la confluència de la riera Gavarresa - 100027000,408693,4630090,4356030,índex IHF
after_2007,0001,0021,F007410,"Capçalera de la riera Gavarresa fins a l'EDAR d'Avinyó, inclosa la riera de Segalers - 100028000",415787,4634995,4356031,índex IHF
after_2007,0001,0021,F007411,Riera de Lluçanès - 100031000,421811,4650161,4356032,índex IHF
after_2007,0001,0021,F007412,Torrent d'Olost - 100032000,424703,4647030,3326804,índex IHF
after_2007,0001,0021,F007412,Torrent d'Olost - 100032000,424703,4647030,3326805,IHF (IHF-I Subtotal )
after_2007,0001,0021,F007412,Torrent d'Olost - 100032000,424703,4647030,3326806,IHF (IHF-I Subtotal 2)
after_2007,0001,0021,F007412,Torrent d'Olost - 100032000,424703,4647030,3326807,IHF (IHF-II Subtotal 1)
after_2007,0001,0021,F007412,Torrent d'Olost - 100032000,424703,4647030,3326808,IHF (IHF-II Subtotal 2)
after_2007,0001,0021,F007412,Torrent d'Olost - 100032000,424703,4647030,3326809,IHF (IHF-II Subtotal 3)
after_2007,0001,0021,F007412,Torrent d'Olost - 100032000,424703,4647030,3326810,IHF (IHF-III Subtotal 1)
after_2007,0001,0021,F007412,Torrent d'Olost - 100032000,424703,4647030,3326811,IHF (IHF-III Subtotal 2)
after_2007,0001,0021,F007412,Torrent d'Olost - 100032000,424703,4647030,4356033,índex IHF
after_2007,0001,0021,F007413,Riera de Basí - 100033000,420006,4645164,4356034,índex IHF
after_2007,0001,0021,F007414,Riera de Relat - 100034000,415363,4636789,3326921,índex IHF
after_2007,0001,0021,F007414,Riera de Relat - 100034000,415363,4636789,3326922,IHF (IHF-I Subtotal )
after_2007,0001,0021,F007414,Riera de Relat - 100034000,415363,4636789,3326923,IHF (IHF-I Subtotal 2)
after_2007,0001,0021,F007414,Riera de Relat - 100034000,415363,4636789,3326924,IHF (IHF-II Subtotal 1)
after_2007,0001,0021,F007414,Riera de Relat - 100034000,415363,4636789,3326925,IHF (IHF-II Subtotal 2)
after_2007,0001,0021,F007414,Riera de Relat - 100034000,415363,4636789,3326926,IHF (IHF-II Subtotal 3)
after_2007,0001,0021,F007414,Riera de Relat - 100034000,415363,4636789,3326927,IHF (IHF-III Subtotal 1)
after_2007,0001,0021,F007414,Riera de Relat - 100034000,415363,4636789,3326928,IHF (IHF-III Subtotal 2)
after_2007,0001,0021,F007414,Riera de Relat - 100034000,415363,4636789,4356035,índex IHF
after_2007,0001,0021,F007415,"Riera Gavarresa des de l'EDAR d'Avinyó fins al Llobregat, inclòs el riu Sec - 100035000",413077,4629319,3327019,índex IHF
after_2007,0001,0021,F007415,"Riera Gavarresa des de l'EDAR d'Avinyó fins al Llobregat, inclòs el riu Sec - 100035000",413077,4629319,3327020,IHF (IHF-I Subtotal )
after_2007,0001,0021,F007415,"Riera Gavarresa des de l'EDAR d'Avinyó fins al Llobregat, inclòs el riu Sec - 100035000",413077,4629319,3327021,IHF (IHF-I Subtotal 2)
after_2007,0001,0021,F007415,"Riera Gavarresa des de l'EDAR d'Avinyó fins al Llobregat, inclòs el riu Sec - 100035000",413077,4629319,3327022,IHF (IHF-II Subtotal 1)
after_2007,0001,0021,F007415,"Riera Gavarresa des de l'EDAR d'Avinyó fins al Llobregat, inclòs el riu Sec - 100035000",413077,4629319,3327023,IHF (IHF-II Subtotal 2)
after_2007,0001,0021,F007415,"Riera Gavarresa des de l'EDAR d'Avinyó fins al Llobregat, inclòs el riu Sec - 100035000",413077,4629319,3327024,IHF (IHF-II Subtotal 3)
after_2007,0001,0021,F007415,"Riera Gavarresa des de l'EDAR d'Avinyó fins al Llobregat, inclòs el riu Sec - 100035000",413077,4629319,3327025,IHF (IHF-III Subtotal 1)
after_2007,0001,0021,F007415,"Riera Gavarresa des de l'EDAR d'Avinyó fins al Llobregat, inclòs el riu Sec - 100035000",413077,4629319,3327026,IHF (IHF-III Subtotal 2)
after_2007,0001,0021,F007415,"Riera Gavarresa des de l'EDAR d'Avinyó fins al Llobregat, inclòs el riu Sec - 100035000",413077,4629319,4356036,índex IHF
after_2007,0001,0021,F007416,Riera d'Oló - 100036000,414323,4631810,4356037,índex IHF
after_2007,0001,0021,F007417,Riera de Malrubí - 100038000,413785,4627930,4356038,índex IHF
after_2007,0001,0021,F007418,El Llobregat entre la riera Gavarresa i el Cardener - 100040000,408143,4621304,3327295,índex IHF
after_2007,0001,0021,F007418,El Llobregat entre la riera Gavarresa i el Cardener - 100040000,408143,4621304,3327296,IHF (IHF-I Subtotal )
after_2007,0001,0021,F007418,El Llobregat entre la riera Gavarresa i el Cardener - 100040000,408143,4621304,3327297,IHF (IHF-I Subtotal 2)
after_2007,0001,0021,F007418,El Llobregat entre la riera Gavarresa i el Cardener - 100040000,408143,4621304,3327298,IHF (IHF-II Subtotal 1)
after_2007,0001,0021,F007418,El Llobregat entre la riera Gavarresa i el Cardener - 100040000,408143,4621304,3327299,IHF (IHF-II Subtotal 2)
after_2007,0001,0021,F007418,El Llobregat entre la riera Gavarresa i el Cardener - 100040000,408143,4621304,3327300,IHF (IHF-II Subtotal 3)
after_2007,0001,0021,F007418,El Llobregat entre la riera Gavarresa i el Cardener - 100040000,408143,4621304,3327301,IHF (IHF-III Subtotal 1)
after_2007,0001,0021,F007418,El Llobregat entre la riera Gavarresa i el Cardener - 100040000,408143,4621304,3327302,IHF (IHF-III Subtotal 2)
after_2007,0001,0021,F007418,El Llobregat entre la riera Gavarresa i el Cardener - 100040000,408143,4621304,4356039,índex IHF
after_2007,0001,0021,F007419,Riera de la Golarda i riera de Castellnou - 100041000,418294,4624812,3327428,índex IHF
after_2007,0001,0021,F007419,Riera de la Golarda i riera de Castellnou - 100041000,418294,4624812,3327429,IHF (IHF-I Subtotal )
after_2007,0001,0021,F007419,Riera de la Golarda i riera de Castellnou - 100041000,418294,4624812,3327430,IHF (IHF-I Subtotal 2)
after_2007,0001,0021,F007419,Riera de la Golarda i riera de Castellnou - 100041000,418294,4624812,3327431,IHF (IHF-II Subtotal 1)
after_2007,0001,0021,F007419,Riera de la Golarda i riera de Castellnou - 100041000,418294,4624812,3327432,IHF (IHF-II Subtotal 2)
after_2007,0001,0021,F007419,Riera de la Golarda i riera de Castellnou - 100041000,418294,4624812,3327433,IHF (IHF-II Subtotal 3)
after_2007,0001,0021,F007419,Riera de la Golarda i riera de Castellnou - 100041000,418294,4624812,3327434,IHF (IHF-III Subtotal 1)
after_2007,0001,0021,F007419,Riera de la Golarda i riera de Castellnou - 100041000,418294,4624812,3327435,IHF (IHF-III Subtotal 2)
after_2007,0001,0021,F007419,Riera de la Golarda i riera de Castellnou - 100041000,418294,4624812,4356040,índex IHF
after_2007,0001,0021,F007420,Riera de Calders i riera del Marcet - 100043000,409461,4623702,3327487,índex IHF
after_2007,0001,0021,F007420,Riera de Calders i riera del Marcet - 100043000,409461,4623702,3327488,IHF (IHF-I Subtotal )
after_2007,0001,0021,F007420,Riera de Calders i riera del Marcet - 100043000,409461,4623702,3327489,IHF (IHF-I Subtotal 2)
after_2007,0001,0021,F007420,Riera de Calders i riera del Marcet - 100043000,409461,4623702,3327490,IHF (IHF-II Subtotal 1)
after_2007,0001,0021,F007420,Riera de Calders i riera del Marcet - 100043000,409461,4623702,3327491,IHF (IHF-II Subtotal 2)
after_2007,0001,0021,F007420,Riera de Calders i riera del Marcet - 100043000,409461,4623702,3327492,IHF (IHF-II Subtotal 3)
after_2007,0001,0021,F007420,Riera de Calders i riera del Marcet - 100043000,409461,4623702,3327493,IHF (IHF-III Subtotal 1)
after_2007,0001,0021,F007420,Riera de Calders i riera del Marcet - 100043000,409461,4623702,3327494,IHF (IHF-III Subtotal 2)
after_2007,0001,0021,F007420,Riera de Calders i riera del Marcet - 100043000,409461,4623702,4356041,índex IHF
after_2007,0001,0021,F007421,Riu d'Or - 100044000,406735,4620559,3327586,índex IHF
after_2007,0001,0021,F007421,Riu d'Or - 100044000,406735,4620559,3327587,IHF (IHF-I Subtotal )
after_2007,0001,0021,F007421,Riu d'Or - 100044000,406735,4620559,3327588,IHF (IHF-I Subtotal 2)
after_2007,0001,0021,F007421,Riu d'Or - 100044000,406735,4620559,3327589,IHF (IHF-II Subtotal 1)
after_2007,0001,0021,F007421,Riu d'Or - 100044000,406735,4620559,3327590,IHF (IHF-II Subtotal 2)
after_2007,0001,0021,F007421,Riu d'Or - 100044000,406735,4620559,3327591,IHF (IHF-II Subtotal 3)
after_2007,0001,0021,F007421,Riu d'Or - 100044000,406735,4620559,3327592,IHF (IHF-III Subtotal 1)
after_2007,0001,0021,F007421,Riu d'Or - 100044000,406735,4620559,3327593,IHF (IHF-III Subtotal 2)
after_2007,0001,0021,F007421,Riu d'Or - 100044000,406735,4620559,4356042,índex IHF
after_2007,0001,0021,F007422,Riera de Mura i riera de Talamanca - 100045000,411816,4618070,3327693,índex IHF
after_2007,0001,0021,F007422,Riera de Mura i riera de Talamanca - 100045000,411816,4618070,3327694,IHF (IHF-I Subtotal )
after_2007,0001,0021,F007422,Riera de Mura i riera de Talamanca - 100045000,411816,4618070,3327695,IHF (IHF-I Subtotal 2)
after_2007,0001,0021,F007422,Riera de Mura i riera de Talamanca - 100045000,411816,4618070,3327696,IHF (IHF-II Subtotal 1)
after_2007,0001,0021,F007422,Riera de Mura i riera de Talamanca - 100045000,411816,4618070,3327697,IHF (IHF-II Subtotal 2)
after_2007,0001,0021,F007422,Riera de Mura i riera de Talamanca - 100045000,411816,4618070,3327698,IHF (IHF-II Subtotal 3)
after_2007,0001,0021,F007422,Riera de Mura i riera de Talamanca - 100045000,411816,4618070,3327699,IHF (IHF-III Subtotal 1)
after_2007,0001,0021,F007422,Riera de Mura i riera de Talamanca - 100045000,411816,4618070,3327700,IHF (IHF-III Subtotal 2)
after_2007,0001,0021,F007422,Riera de Mura i riera de Talamanca - 100045000,411816,4618070,4356043,índex IHF
after_2007,0001,0021,F007423,Riera de Santa Creu (o Mata-rodona) - 100046000,406531,4617560,3327755,índex IHF
after_2007,0001,0021,F007423,Riera de Santa Creu (o Mata-rodona) - 100046000,406531,4617560,3327756,IHF (IHF-I Subtotal )
after_2007,0001,0021,F007423,Riera de Santa Creu (o Mata-rodona) - 100046000,406531,4617560,3327757,IHF (IHF-I Subtotal 2)
after_2007,0001,0021,F007423,Riera de Santa Creu (o Mata-rodona) - 100046000,406531,4617560,3327758,IHF (IHF-II Subtotal 1)
after_2007,0001,0021,F007423,Riera de Santa Creu (o Mata-rodona) - 100046000,406531,4617560,3327759,IHF (IHF-II Subtotal 2)
after_2007,0001,0021,F007423,Riera de Santa Creu (o Mata-rodona) - 100046000,406531,4617560,3327760,IHF (IHF-II Subtotal 3)
after_2007,0001,0021,F007423,Riera de Santa Creu (o Mata-rodona) - 100046000,406531,4617560,3327761,IHF (IHF-III Subtotal 1)
after_2007,0001,0021,F007423,Riera de Santa Creu (o Mata-rodona) - 100046000,406531,4617560,3327762,IHF (IHF-III Subtotal 2)
after_2007,0001,0021,F007423,Riera de Santa Creu (o Mata-rodona) - 100046000,406531,4617560,4356044,índex IHF
after_2007,0001,0021,F007424,Capçalera del Cardener fins a la cua de l'embassament de la Llosa del Cavall - 100047000,383878,4669590,3327828,índex IHF
after_2007,0001,0021,F007424,Capçalera del Cardener fins a la cua de l'embassament de la Llosa del Cavall - 100047000,383878,4669590,3327829,IHF (IHF-I Subtotal )
after_2007,0001,0021,F007424,Capçalera del Cardener fins a la cua de l'embassament de la Llosa del Cavall - 100047000,383878,4669590,3327830,IHF (IHF-I Subtotal 2)
after_2007,0001,0021,F007424,Capçalera del Cardener fins a la cua de l'embassament de la Llosa del Cavall - 100047000,383878,4669590,3327831,IHF (IHF-II Subtotal 1)
after_2007,0001,0021,F007424,Capçalera del Cardener fins a la cua de l'embassament de la Llosa del Cavall - 100047000,383878,4669590,3327832,IHF (IHF-II Subtotal 2)
after_2007,0001,0021,F007424,Capçalera del Cardener fins a la cua de l'embassament de la Llosa del Cavall - 100047000,383878,4669590,3327833,IHF (IHF-II Subtotal 3)
after_2007,0001,0021,F007424,Capçalera del Cardener fins a la cua de l'embassament de la Llosa del Cavall - 100047000,383878,4669590,3327834,IHF (IHF-III Subtotal 1)
after_2007,0001,0021,F007424,Capçalera del Cardener fins a la cua de l'embassament de la Llosa del Cavall - 100047000,383878,4669590,3327835,IHF (IHF-III Subtotal 2)
after_2007,0001,0021,F007424,Capçalera del Cardener fins a la cua de l'embassament de la Llosa del Cavall - 100047000,383878,4669590,4356045,índex IHF
after_2007,0001,0021,F007425,Capçalera de l'Aigua de Valls fins a la cua de l'embassament de la Llosa del Cavall - 100049000,390357,4665705,3327909,índex IHF
after_2007,0001,0021,F007425,Capçalera de l'Aigua de Valls fins a la cua de l'embassament de la Llosa del Cavall - 100049000,390357,4665705,3327910,IHF (IHF-I Subtotal )
after_2007,0001,0021,F007425,Capçalera de l'Aigua de Valls fins a la cua de l'embassament de la Llosa del Cavall - 100049000,390357,4665705,3327911,IHF (IHF-I Subtotal 2)
after_2007,0001,0021,F007425,Capçalera de l'Aigua de Valls fins a la cua de l'embassament de la Llosa del Cavall - 100049000,390357,4665705,3327912,IHF (IHF-II Subtotal 1)
after_2007,0001,0021,F007425,Capçalera de l'Aigua de Valls fins a la cua de l'embassament de la Llosa del Cavall - 100049000,390357,4665705,3327913,IHF (IHF-II Subtotal 2)
after_2007,0001,0021,F007425,Capçalera de l'Aigua de Valls fins a la cua de l'embassament de la Llosa del Cavall - 100049000,390357,4665705,3327914,IHF (IHF-II Subtotal 3)
after_2007,0001,0021,F007425,Capçalera de l'Aigua de Valls fins a la cua de l'embassament de la Llosa del Cavall - 100049000,390357,4665705,3327915,IHF (IHF-III Subtotal 1)
after_2007,0001,0021,F007425,Capçalera de l'Aigua de Valls fins a la cua de l'embassament de la Llosa del Cavall - 100049000,390357,4665705,3327916,IHF (IHF-III Subtotal 2)
after_2007,0001,0021,F007425,Capçalera de l'Aigua de Valls fins a la cua de l'embassament de la Llosa del Cavall - 100049000,390357,4665705,4356046,índex IHF
after_2007,0001,0021,F007426,Riu Cardener entre la presa de la Llosa del Cavall i la cua de l'embassament de Sant Ponç - 100050000,381095,4654736,4356047,índex IHF
after_2007,0001,0021,F007427,Riu Cardener des de la presa de Sant Ponç fins a l'EDAR de Cardona - 100052000,387335,4643094,4356048,índex IHF
after_2007,0001,0021,F007428,Riu Negre - 100053000,386754,4642918,3328182,índex IHF
after_2007,0001,0021,F007428,Riu Negre - 100053000,386754,4642918,3328183,IHF (IHF-I Subtotal )
after_2007,0001,0021,F007428,Riu Negre - 100053000,386754,4642918,3328184,IHF (IHF-I Subtotal 2)
after_2007,0001,0021,F007428,Riu Negre - 100053000,386754,4642918,3328185,IHF (IHF-II Subtotal 1)
after_2007,0001,0021,F007428,Riu Negre - 100053000,386754,4642918,3328186,IHF (IHF-II Subtotal 2)
after_2007,0001,0021,F007428,Riu Negre - 100053000,386754,4642918,3328187,IHF (IHF-II Subtotal 3)
after_2007,0001,0021,F007428,Riu Negre - 100053000,386754,4642918,3328188,IHF (IHF-III Subtotal 1)
after_2007,0001,0021,F007428,Riu Negre - 100053000,386754,4642918,3328189,IHF (IHF-III Subtotal 2)
after_2007,0001,0021,F007428,Riu Negre - 100053000,386754,4642918,4356049,índex IHF
after_2007,0001,0021,F007429,Conca de l'Aigua d'Ora - 100054000,389778,4644073,4356050,índex IHF
after_2007,0001,0021,F007430,Riera de Navel i rasa de l'Hospital - 100056000,394438,4643383,3328280,índex IHF
after_2007,0001,0021,F007430,Riera de Navel i rasa de l'Hospital - 100056000,394438,4643383,3328281,IHF (IHF-I Subtotal )
after_2007,0001,0021,F007430,Riera de Navel i rasa de l'Hospital - 100056000,394438,4643383,3328282,IHF (IHF-I Subtotal 2)
after_2007,0001,0021,F007430,Riera de Navel i rasa de l'Hospital - 100056000,394438,4643383,3328283,IHF (IHF-II Subtotal 1)
after_2007,0001,0021,F007430,Riera de Navel i rasa de l'Hospital - 100056000,394438,4643383,3328284,IHF (IHF-II Subtotal 2)
after_2007,0001,0021,F007430,Riera de Navel i rasa de l'Hospital - 100056000,394438,4643383,3328285,IHF (IHF-II Subtotal 3)
after_2007,0001,0021,F007430,Riera de Navel i rasa de l'Hospital - 100056000,394438,4643383,3328286,IHF (IHF-III Subtotal 1)
after_2007,0001,0021,F007430,Riera de Navel i rasa de l'Hospital - 100056000,394438,4643383,3328287,IHF (IHF-III Subtotal 2)
after_2007,0001,0021,F007430,Riera de Navel i rasa de l'Hospital - 100056000,394438,4643383,4356051,índex IHF
after_2007,0001,0021,F007431,Riu Cardener des de l'abocament de Cardona fins a Súria - 100058000,393547,4634513,3328382,índex IHF
after_2007,0001,0021,F007431,Riu Cardener des de l'abocament de Cardona fins a Súria - 100058000,393547,4634513,3328383,IHF (IHF-I Subtotal )
after_2007,0001,0021,F007431,Riu Cardener des de l'abocament de Cardona fins a Súria - 100058000,393547,4634513,3328384,IHF (IHF-I Subtotal 2)
after_2007,0001,0021,F007431,Riu Cardener des de l'abocament de Cardona fins a Súria - 100058000,393547,4634513,3328385,IHF (IHF-II Subtotal 1)
after_2007,0001,0021,F007431,Riu Cardener des de l'abocament de Cardona fins a Súria - 100058000,393547,4634513,3328386,IHF (IHF-II Subtotal 2)
after_2007,0001,0021,F007431,Riu Cardener des de l'abocament de Cardona fins a Súria - 100058000,393547,4634513,3328387,IHF (IHF-II Subtotal 3)
after_2007,0001,0021,F007431,Riu Cardener des de l'abocament de Cardona fins a Súria - 100058000,393547,4634513,3328388,IHF (IHF-III Subtotal 1)
after_2007,0001,0021,F007431,Riu Cardener des de l'abocament de Cardona fins a Súria - 100058000,393547,4634513,3328389,IHF (IHF-III Subtotal 2)
after_2007,0001,0021,F007431,Riu Cardener des de l'abocament de Cardona fins a Súria - 100058000,393547,4634513,4356052,índex IHF
after_2007,0001,0021,F007432,Torrent de Davins - 100059000,391961,4635007,3328469,índex IHF
after_2007,0001,0021,F007432,Torrent de Davins - 100059000,391961,4635007,3328470,IHF (IHF-I Subtotal )
after_2007,0001,0021,F007432,Torrent de Davins - 100059000,391961,4635007,3328471,IHF (IHF-I Subtotal 2)
after_2007,0001,0021,F007432,Torrent de Davins - 100059000,391961,4635007,3328472,IHF (IHF-II Subtotal 1)
after_2007,0001,0021,F007432,Torrent de Davins - 100059000,391961,4635007,3328473,IHF (IHF-II Subtotal 2)
after_2007,0001,0021,F007432,Torrent de Davins - 100059000,391961,4635007,3328474,IHF (IHF-II Subtotal 3)
after_2007,0001,0021,F007432,Torrent de Davins - 100059000,391961,4635007,3328475,IHF (IHF-III Subtotal 1)
after_2007,0001,0021,F007432,Torrent de Davins - 100059000,391961,4635007,3328476,IHF (IHF-III Subtotal 2)
after_2007,0001,0021,F007432,Torrent de Davins - 100059000,391961,4635007,4356053,índex IHF
after_2007,0001,0021,F007433,Riera de Salo - 100060000,392586,4633307,3328552,índex IHF
after_2007,0001,0021,F007433,Riera de Salo - 100060000,392586,4633307,3328553,IHF (IHF-I Subtotal )
after_2007,0001,0021,F007433,Riera de Salo - 100060000,392586,4633307,3328554,IHF (IHF-I Subtotal 2)
after_2007,0001,0021,F007433,Riera de Salo - 100060000,392586,4633307,3328555,IHF (IHF-II Subtotal 1)
after_2007,0001,0021,F007433,Riera de Salo - 100060000,392586,4633307,3328556,IHF (IHF-II Subtotal 2)
after_2007,0001,0021,F007433,Riera de Salo - 100060000,392586,4633307,3328557,IHF (IHF-II Subtotal 3)
after_2007,0001,0021,F007433,Riera de Salo - 100060000,392586,4633307,3328558,IHF (IHF-III Subtotal 1)
after_2007,0001,0021,F007433,Riera de Salo - 100060000,392586,4633307,3328559,IHF (IHF-III Subtotal 2)
after_2007,0001,0021,F007433,Riera de Salo - 100060000,392586,4633307,4356054,índex IHF
after_2007,0001,0021,F007434,Riera de Coaner - 100062000,394006,4631970,4356055,índex IHF
after_2007,0001,0021,F007435,Riera d'Hortons - 100063000,396081,4632811,3328642,índex IHF
after_2007,0001,0021,F007435,Riera d'Hortons - 100063000,396081,4632811,3328643,IHF (IHF-I Subtotal )
after_2007,0001,0021,F007435,Riera d'Hortons - 100063000,396081,4632811,3328644,IHF (IHF-I Subtotal 2)
after_2007,0001,0021,F007435,Riera d'Hortons - 100063000,396081,4632811,3328645,IHF (IHF-II Subtotal 1)
after_2007,0001,0021,F007435,Riera d'Hortons - 100063000,396081,4632811,3328646,IHF (IHF-II Subtotal 2)
after_2007,0001,0021,F007435,Riera d'Hortons - 100063000,396081,4632811,3328647,IHF (IHF-II Subtotal 3)
after_2007,0001,0021,F007435,Riera d'Hortons - 100063000,396081,4632811,3328648,IHF (IHF-III Subtotal 1)
after_2007,0001,0021,F007435,Riera d'Hortons - 100063000,396081,4632811,3328649,IHF (IHF-III Subtotal 2)
after_2007,0001,0021,F007435,Riera d'Hortons - 100063000,396081,4632811,4356056,índex IHF
after_2007,0001,0021,F007436,Riu Cardener des de Súria fins a l'EDAR de Manresa - 100064000,397128,4629080,3328725,índex IHF
after_2007,0001,0021,F007436,Riu Cardener des de Súria fins a l'EDAR de Manresa - 100064000,397128,4629080,3328726,IHF (IHF-I Subtotal )
after_2007,0001,0021,F007436,Riu Cardener des de Súria fins a l'EDAR de Manresa - 100064000,397128,4629080,3328727,IHF (IHF-I Subtotal 2)
after_2007,0001,0021,F007436,Riu Cardener des de Súria fins a l'EDAR de Manresa - 100064000,397128,4629080,3328728,IHF (IHF-II Subtotal 1)
after_2007,0001,0021,F007436,Riu Cardener des de Súria fins a l'EDAR de Manresa - 100064000,397128,4629080,3328729,IHF (IHF-II Subtotal 2)
after_2007,0001,0021,F007436,Riu Cardener des de Súria fins a l'EDAR de Manresa - 100064000,397128,4629080,3328730,IHF (IHF-II Subtotal 3)
after_2007,0001,0021,F007436,Riu Cardener des de Súria fins a l'EDAR de Manresa - 100064000,397128,4629080,3328731,IHF (IHF-III Subtotal 1)
after_2007,0001,0021,F007436,Riu Cardener des de Súria fins a l'EDAR de Manresa - 100064000,397128,4629080,3328732,IHF (IHF-III Subtotal 2)
after_2007,0001,0021,F007436,Riu Cardener des de Súria fins a l'EDAR de Manresa - 100064000,397128,4629080,4356057,índex IHF
after_2007,0001,0021,F007437,Riera de Sant Cugat - 100065000,400530,4636154,3328812,índex IHF
after_2007,0001,0021,F007437,Riera de Sant Cugat - 100065000,400530,4636154,3328813,IHF (IHF-I Subtotal )
after_2007,0001,0021,F007437,Riera de Sant Cugat - 100065000,400530,4636154,3328814,IHF (IHF-I Subtotal 2)
after_2007,0001,0021,F007437,Riera de Sant Cugat - 100065000,400530,4636154,3328815,IHF (IHF-II Subtotal 1)
after_2007,0001,0021,F007437,Riera de Sant Cugat - 100065000,400530,4636154,3328816,IHF (IHF-II Subtotal 2)
after_2007,0001,0021,F007437,Riera de Sant Cugat - 100065000,400530,4636154,3328817,IHF (IHF-II Subtotal 3)
after_2007,0001,0021,F007437,Riera de Sant Cugat - 100065000,400530,4636154,3328818,IHF (IHF-III Subtotal 1)
after_2007,0001,0021,F007437,Riera de Sant Cugat - 100065000,400530,4636154,3328819,IHF (IHF-III Subtotal 2)
after_2007,0001,0021,F007437,Riera de Sant Cugat - 100065000,400530,4636154,4356058,índex IHF
after_2007,0001,0021,F007438,Riera de Bellver - 100066000,400021,4626196,3328887,índex IHF
after_2007,0001,0021,F007438,Riera de Bellver - 100066000,400021,4626196,3328888,IHF (IHF-I Subtotal )
after_2007,0001,0021,F007438,Riera de Bellver - 100066000,400021,4626196,3328889,IHF (IHF-I Subtotal 2)
after_2007,0001,0021,F007438,Riera de Bellver - 100066000,400021,4626196,3328890,IHF (IHF-II Subtotal 1)
after_2007,0001,0021,F007438,Riera de Bellver - 100066000,400021,4626196,3328891,IHF (IHF-II Subtotal 2)
after_2007,0001,0021,F007438,Riera de Bellver - 100066000,400021,4626196,3328892,IHF (IHF-II Subtotal 3)
after_2007,0001,0021,F007438,Riera de Bellver - 100066000,400021,4626196,3328893,IHF (IHF-III Subtotal 1)
after_2007,0001,0021,F007438,Riera de Bellver - 100066000,400021,4626196,3328894,IHF (IHF-III Subtotal 2)
after_2007,0001,0021,F007438,Riera de Bellver - 100066000,400021,4626196,4356059,índex IHF
after_2007,0001,0021,F007439,Riera de Fals - 100067000,398470,4623017,4356060,índex IHF
after_2007,0001,0021,F007440,Riera de Rajadell - 100068000,402033,4617836,3328937,índex IHF
after_2007,0001,0021,F007440,Riera de Rajadell - 100068000,402033,4617836,3328938,IHF (IHF-I Subtotal )
after_2007,0001,0021,F007440,Riera de Rajadell - 100068000,402033,4617836,3328939,IHF (IHF-I Subtotal 2)
after_2007,0001,0021,F007440,Riera de Rajadell - 100068000,402033,4617836,3328940,IHF (IHF-II Subtotal 1)
after_2007,0001,0021,F007440,Riera de Rajadell - 100068000,402033,4617836,3328941,IHF (IHF-II Subtotal 2)
after_2007,0001,0021,F007440,Riera de Rajadell - 100068000,402033,4617836,3328942,IHF (IHF-II Subtotal 3)
after_2007,0001,0021,F007440,Riera de Rajadell - 100068000,402033,4617836,3328943,IHF (IHF-III Subtotal 1)
after_2007,0001,0021,F007440,Riera de Rajadell - 100068000,402033,4617836,3328944,IHF (IHF-III Subtotal 2)
after_2007,0001,0021,F007440,Riera de Rajadell - 100068000,402033,4617836,4356061,índex IHF
after_2007,0001,0021,F007441,Riera de Cornet - 100069000,402353,4615855,3329002,índex IHF
after_2007,0001,0021,F007441,Riera de Cornet - 100069000,402353,4615855,3329003,IHF (IHF-I Subtotal )
after_2007,0001,0021,F007441,Riera de Cornet - 100069000,402353,4615855,3329004,IHF (IHF-I Subtotal 2)
after_2007,0001,0021,F007441,Riera de Cornet - 100069000,402353,4615855,3329005,IHF (IHF-II Subtotal 1)
after_2007,0001,0021,F007441,Riera de Cornet - 100069000,402353,4615855,3329006,IHF (IHF-II Subtotal 2)
after_2007,0001,0021,F007441,Riera de Cornet - 100069000,402353,4615855,3329007,IHF (IHF-II Subtotal 3)
after_2007,0001,0021,F007441,Riera de Cornet - 100069000,402353,4615855,3329008,IHF (IHF-III Subtotal 1)
after_2007,0001,0021,F007441,Riera de Cornet - 100069000,402353,4615855,3329009,IHF (IHF-III Subtotal 2)
after_2007,0001,0021,F007441,Riera de Cornet - 100069000,402353,4615855,4356062,índex IHF
after_2007,0001,0021,F007442,Riu Cardener des de l'EDAR de Manresa fins al Llobregat - 100070000,404029,4615047,3329088,índex IHF
after_2007,0001,0021,F007442,Riu Cardener des de l'EDAR de Manresa fins al Llobregat - 100070000,404029,4615047,3329089,IHF (IHF-I Subtotal )
after_2007,0001,0021,F007442,Riu Cardener des de l'EDAR de Manresa fins al Llobregat - 100070000,404029,4615047,3329090,IHF (IHF-I Subtotal 2)
after_2007,0001,0021,F007442,Riu Cardener des de l'EDAR de Manresa fins al Llobregat - 100070000,404029,4615047,3329091,IHF (IHF-II Subtotal 1)
after_2007,0001,0021,F007442,Riu Cardener des de l'EDAR de Manresa fins al Llobregat - 100070000,404029,4615047,3329092,IHF (IHF-II Subtotal 2)
after_2007,0001,0021,F007442,Riu Cardener des de l'EDAR de Manresa fins al Llobregat - 100070000,404029,4615047,3329093,IHF (IHF-II Subtotal 3)
after_2007,0001,0021,F007442,Riu Cardener des de l'EDAR de Manresa fins al Llobregat - 100070000,404029,4615047,3329094,IHF (IHF-III Subtotal 1)
after_2007,0001,0021,F007442,Riu Cardener des de l'EDAR de Manresa fins al Llobregat - 100070000,404029,4615047,3329095,IHF (IHF-III Subtotal 2)
after_2007,0001,0021,F007442,Riu Cardener des de l'EDAR de Manresa fins al Llobregat - 100070000,404029,4615047,4356063,índex IHF
after_2007,0001,0021,F007443,El Llobregat des de la confluència del Cardener fins a l'EDAR de Monistrol de Montserrat - 100071000,405050,4612004,3329176,índex IHF
after_2007,0001,0021,F007443,El Llobregat des de la confluència del Cardener fins a l'EDAR de Monistrol de Montserrat - 100071000,405050,4612004,3329177,IHF (IHF-I Subtotal )
after_2007,0001,0021,F007443,El Llobregat des de la confluència del Cardener fins a l'EDAR de Monistrol de Montserrat - 100071000,405050,4612004,3329178,IHF (IHF-I Subtotal 2)
after_2007,0001,0021,F007443,El Llobregat des de la confluència del Cardener fins a l'EDAR de Monistrol de Montserrat - 100071000,405050,4612004,3329179,IHF (IHF-II Subtotal 1)
after_2007,0001,0021,F007443,El Llobregat des de la confluència del Cardener fins a l'EDAR de Monistrol de Montserrat - 100071000,405050,4612004,3329180,IHF (IHF-II Subtotal 2)
after_2007,0001,0021,F007443,El Llobregat des de la confluència del Cardener fins a l'EDAR de Monistrol de Montserrat - 100071000,405050,4612004,3329181,IHF (IHF-II Subtotal 3)
after_2007,0001,0021,F007443,El Llobregat des de la confluència del Cardener fins a l'EDAR de Monistrol de Montserrat - 100071000,405050,4612004,3329182,IHF (IHF-III Subtotal 1)
after_2007,0001,0021,F007443,El Llobregat des de la confluència del Cardener fins a l'EDAR de Monistrol de Montserrat - 100071000,405050,4612004,3329183,IHF (IHF-III Subtotal 2)
after_2007,0001,0021,F007443,El Llobregat des de la confluència del Cardener fins a l'EDAR de Monistrol de Montserrat - 100071000,405050,4612004,4356064,índex IHF
after_2007,0001,0021,F007444,Riera de Rellinars - 100072000,408321,4610296,3329273,índex IHF
after_2007,0001,0021,F007444,Riera de Rellinars - 100072000,408321,4610296,3329274,IHF (IHF-I Subtotal )
after_2007,0001,0021,F007444,Riera de Rellinars - 100072000,408321,4610296,3329275,IHF (IHF-I Subtotal 2)
after_2007,0001,0021,F007444,Riera de Rellinars - 100072000,408321,4610296,3329276,IHF (IHF-II Subtotal 1)
after_2007,0001,0021,F007444,Riera de Rellinars - 100072000,408321,4610296,3329277,IHF (IHF-II Subtotal 2)
after_2007,0001,0021,F007444,Riera de Rellinars - 100072000,408321,4610296,3329278,IHF (IHF-II Subtotal 3)
after_2007,0001,0021,F007444,Riera de Rellinars - 100072000,408321,4610296,3329279,IHF (IHF-III Subtotal 1)
after_2007,0001,0021,F007444,Riera de Rellinars - 100072000,408321,4610296,3329280,IHF (IHF-III Subtotal 2)
after_2007,0001,0021,F007444,Riera de Rellinars - 100072000,408321,4610296,4356065,índex IHF
after_2007,0001,0021,F007445,Riera de Marganell - 100073000,403614,4611156,3329378,índex IHF
after_2007,0001,0021,F007445,Riera de Marganell - 100073000,403614,4611156,3329379,IHF (IHF-I Subtotal )
after_2007,0001,0021,F007445,Riera de Marganell - 100073000,403614,4611156,3329380,IHF (IHF-I Subtotal 2)
after_2007,0001,0021,F007445,Riera de Marganell - 100073000,403614,4611156,3329381,IHF (IHF-II Subtotal 1)
after_2007,0001,0021,F007445,Riera de Marganell - 100073000,403614,4611156,3329382,IHF (IHF-II Subtotal 2)
after_2007,0001,0021,F007445,Riera de Marganell - 100073000,403614,4611156,3329383,IHF (IHF-II Subtotal 3)
after_2007,0001,0021,F007445,Riera de Marganell - 100073000,403614,4611156,3329384,IHF (IHF-III Subtotal 1)
after_2007,0001,0021,F007445,Riera de Marganell - 100073000,403614,4611156,3329385,IHF (IHF-III Subtotal 2)
after_2007,0001,0021,F007445,Riera de Marganell - 100073000,403614,4611156,4356066,índex IHF
after_2007,0001,0021,F007446,El Llobregat des de l'EDAR de  Monistrol fins a l'EDAR d'Abrera - 100074000,406576,4601631,3329428,índex IHF
after_2007,0001,0021,F007446,El Llobregat des de l'EDAR de  Monistrol fins a l'EDAR d'Abrera - 100074000,406576,4601631,3329429,IHF (IHF-I Subtotal )
after_2007,0001,0021,F007446,El Llobregat des de l'EDAR de  Monistrol fins a l'EDAR d'Abrera - 100074000,406576,4601631,3329430,IHF (IHF-I Subtotal 2)
after_2007,0001,0021,F007446,El Llobregat des de l'EDAR de  Monistrol fins a l'EDAR d'Abrera - 100074000,406576,4601631,3329431,IHF (IHF-II Subtotal 1)
after_2007,0001,0021,F007446,El Llobregat des de l'EDAR de  Monistrol fins a l'EDAR d'Abrera - 100074000,406576,4601631,3329432,IHF (IHF-II Subtotal 2)
after_2007,0001,0021,F007446,El Llobregat des de l'EDAR de  Monistrol fins a l'EDAR d'Abrera - 100074000,406576,4601631,3329433,IHF (IHF-II Subtotal 3)
after_2007,0001,0021,F007446,El Llobregat des de l'EDAR de  Monistrol fins a l'EDAR d'Abrera - 100074000,406576,4601631,3329434,IHF (IHF-III Subtotal 1)
after_2007,0001,0021,F007446,El Llobregat des de l'EDAR de  Monistrol fins a l'EDAR d'Abrera - 100074000,406576,4601631,3329435,IHF (IHF-III Subtotal 2)
after_2007,0001,0021,F007446,El Llobregat des de l'EDAR de  Monistrol fins a l'EDAR d'Abrera - 100074000,406576,4601631,4356067,índex IHF
after_2007,0001,0021,F007447,"Riera Magarola, riera de Masquefa i riera de can Dalmases (o torrent Mal) - 100075000",408925,4598141,3329515,índex IHF
after_2007,0001,0021,F007447,"Riera Magarola, riera de Masquefa i riera de can Dalmases (o torrent Mal) - 100075000",408925,4598141,3329516,IHF (IHF-I Subtotal )
after_2007,0001,0021,F007447,"Riera Magarola, riera de Masquefa i riera de can Dalmases (o torrent Mal) - 100075000",408925,4598141,3329517,IHF (IHF-I Subtotal 2)
after_2007,0001,0021,F007447,"Riera Magarola, riera de Masquefa i riera de can Dalmases (o torrent Mal) - 100075000",408925,4598141,3329518,IHF (IHF-II Subtotal 1)
after_2007,0001,0021,F007447,"Riera Magarola, riera de Masquefa i riera de can Dalmases (o torrent Mal) - 100075000",408925,4598141,3329519,IHF (IHF-II Subtotal 2)
after_2007,0001,0021,F007447,"Riera Magarola, riera de Masquefa i riera de can Dalmases (o torrent Mal) - 100075000",408925,4598141,3329520,IHF (IHF-II Subtotal 3)
after_2007,0001,0021,F007447,"Riera Magarola, riera de Masquefa i riera de can Dalmases (o torrent Mal) - 100075000",408925,4598141,3329521,IHF (IHF-III Subtotal 1)
after_2007,0001,0021,F007447,"Riera Magarola, riera de Masquefa i riera de can Dalmases (o torrent Mal) - 100075000",408925,4598141,3329522,IHF (IHF-III Subtotal 2)
after_2007,0001,0021,F007447,"Riera Magarola, riera de Masquefa i riera de can Dalmases (o torrent Mal) - 100075000",408925,4598141,4356068,índex IHF
after_2007,0001,0021,F007448,El Llobregat des de l'EDAR d'Abrera fins a la confluència de l'Anoia - 100076000,409806,4595003,3329566,índex IHF
after_2007,0001,0021,F007448,El Llobregat des de l'EDAR d'Abrera fins a la confluència de l'Anoia - 100076000,409806,4595003,3329567,IHF (IHF-I Subtotal )
after_2007,0001,0021,F007448,El Llobregat des de l'EDAR d'Abrera fins a la confluència de l'Anoia - 100076000,409806,4595003,3329568,IHF (IHF-I Subtotal 2)
after_2007,0001,0021,F007448,El Llobregat des de l'EDAR d'Abrera fins a la confluència de l'Anoia - 100076000,409806,4595003,3329569,IHF (IHF-II Subtotal 1)
after_2007,0001,0021,F007448,El Llobregat des de l'EDAR d'Abrera fins a la confluència de l'Anoia - 100076000,409806,4595003,3329570,IHF (IHF-II Subtotal 2)
after_2007,0001,0021,F007448,El Llobregat des de l'EDAR d'Abrera fins a la confluència de l'Anoia - 100076000,409806,4595003,3329571,IHF (IHF-II Subtotal 3)
after_2007,0001,0021,F007448,El Llobregat des de l'EDAR d'Abrera fins a la confluència de l'Anoia - 100076000,409806,4595003,3329572,IHF (IHF-III Subtotal 1)
after_2007,0001,0021,F007448,El Llobregat des de l'EDAR d'Abrera fins a la confluència de l'Anoia - 100076000,409806,4595003,3329573,IHF (IHF-III Subtotal 2)
after_2007,0001,0021,F007448,El Llobregat des de l'EDAR d'Abrera fins a la confluència de l'Anoia - 100076000,409806,4595003,4356069,índex IHF
after_2007,0001,0021,F007449,Riera del Morral del Molí i riera de Sant Jaume - 100077000,411356,4596167,3329625,índex IHF
after_2007,0001,0021,F007449,Riera del Morral del Molí i riera de Sant Jaume - 100077000,411356,4596167,3329626,IHF (IHF-I Subtotal )
after_2007,0001,0021,F007449,Riera del Morral del Molí i riera de Sant Jaume - 100077000,411356,4596167,3329627,IHF (IHF-I Subtotal 2)
after_2007,0001,0021,F007449,Riera del Morral del Molí i riera de Sant Jaume - 100077000,411356,4596167,3329628,IHF (IHF-II Subtotal 1)
after_2007,0001,0021,F007449,Riera del Morral del Molí i riera de Sant Jaume - 100077000,411356,4596167,3329629,IHF (IHF-II Subtotal 2)
after_2007,0001,0021,F007449,Riera del Morral del Molí i riera de Sant Jaume - 100077000,411356,4596167,3329630,IHF (IHF-II Subtotal 3)
after_2007,0001,0021,F007449,Riera del Morral del Molí i riera de Sant Jaume - 100077000,411356,4596167,3329631,IHF (IHF-III Subtotal 1)
after_2007,0001,0021,F007449,Riera del Morral del Molí i riera de Sant Jaume - 100077000,411356,4596167,3329632,IHF (IHF-III Subtotal 2)
after_2007,0001,0021,F007449,Riera del Morral del Molí i riera de Sant Jaume - 100077000,411356,4596167,4356070,índex IHF
after_2007,0001,0021,F007450,Conca alta de l'Anoia fins a Igualada - 100078000,378888,4606037,3329688,índex IHF
after_2007,0001,0021,F007450,Conca alta de l'Anoia fins a Igualada - 100078000,378888,4606037,3329689,IHF (IHF-I Subtotal )
after_2007,0001,0021,F007450,Conca alta de l'Anoia fins a Igualada - 100078000,378888,4606037,3329690,IHF (IHF-I Subtotal 2)
after_2007,0001,0021,F007450,Conca alta de l'Anoia fins a Igualada - 100078000,378888,4606037,3329691,IHF (IHF-II Subtotal 1)
after_2007,0001,0021,F007450,Conca alta de l'Anoia fins a Igualada - 100078000,378888,4606037,3329692,IHF (IHF-II Subtotal 2)
after_2007,0001,0021,F007450,Conca alta de l'Anoia fins a Igualada - 100078000,378888,4606037,3329693,IHF (IHF-II Subtotal 3)
after_2007,0001,0021,F007450,Conca alta de l'Anoia fins a Igualada - 100078000,378888,4606037,3329694,IHF (IHF-III Subtotal 1)
after_2007,0001,0021,F007450,Conca alta de l'Anoia fins a Igualada - 100078000,378888,4606037,3329695,IHF (IHF-III Subtotal 2)
after_2007,0001,0021,F007450,Conca alta de l'Anoia fins a Igualada - 100078000,378888,4606037,4356071,índex IHF
after_2007,0001,0021,F007451,"Riu Anoia des de l'entrada a Igualada fins a l'EDAR d'Igualada, inclosa la riera d'Òdena - 100079000",386256,4602806,3329729,índex IHF
after_2007,0001,0021,F007451,"Riu Anoia des de l'entrada a Igualada fins a l'EDAR d'Igualada, inclosa la riera d'Òdena - 100079000",386256,4602806,3329730,IHF (IHF-I Subtotal )
after_2007,0001,0021,F007451,"Riu Anoia des de l'entrada a Igualada fins a l'EDAR d'Igualada, inclosa la riera d'Òdena - 100079000",386256,4602806,3329731,IHF (IHF-I Subtotal 2)
after_2007,0001,0021,F007451,"Riu Anoia des de l'entrada a Igualada fins a l'EDAR d'Igualada, inclosa la riera d'Òdena - 100079000",386256,4602806,3329732,IHF (IHF-II Subtotal 1)
after_2007,0001,0021,F007451,"Riu Anoia des de l'entrada a Igualada fins a l'EDAR d'Igualada, inclosa la riera d'Òdena - 100079000",386256,4602806,3329733,IHF (IHF-II Subtotal 2)
after_2007,0001,0021,F007451,"Riu Anoia des de l'entrada a Igualada fins a l'EDAR d'Igualada, inclosa la riera d'Òdena - 100079000",386256,4602806,3329734,IHF (IHF-II Subtotal 3)
after_2007,0001,0021,F007451,"Riu Anoia des de l'entrada a Igualada fins a l'EDAR d'Igualada, inclosa la riera d'Òdena - 100079000",386256,4602806,3329735,IHF (IHF-III Subtotal 1)
after_2007,0001,0021,F007451,"Riu Anoia des de l'entrada a Igualada fins a l'EDAR d'Igualada, inclosa la riera d'Òdena - 100079000",386256,4602806,3329736,IHF (IHF-III Subtotal 2)
after_2007,0001,0021,F007451,"Riu Anoia des de l'entrada a Igualada fins a l'EDAR d'Igualada, inclosa la riera d'Òdena - 100079000",386256,4602806,4356072,índex IHF
after_2007,0001,0021,F007452,"Riu Anoia des de l'EDAR d'Igualda fins a la confluència de la riera de Carme, inclosa la riera de Castellolí - 100080000",389318,4602196,3329777,índex IHF
after_2007,0001,0021,F007452,"Riu Anoia des de l'EDAR d'Igualda fins a la confluència de la riera de Carme, inclosa la riera de Castellolí - 100080000",389318,4602196,3329778,IHF (IHF-I Subtotal )
after_2007,0001,0021,F007452,"Riu Anoia des de l'EDAR d'Igualda fins a la confluència de la riera de Carme, inclosa la riera de Castellolí - 100080000",389318,4602196,3329779,IHF (IHF-I Subtotal 2)
after_2007,0001,0021,F007452,"Riu Anoia des de l'EDAR d'Igualda fins a la confluència de la riera de Carme, inclosa la riera de Castellolí - 100080000",389318,4602196,3329780,IHF (IHF-II Subtotal 1)
after_2007,0001,0021,F007452,"Riu Anoia des de l'EDAR d'Igualda fins a la confluència de la riera de Carme, inclosa la riera de Castellolí - 100080000",389318,4602196,3329781,IHF (IHF-II Subtotal 2)
after_2007,0001,0021,F007452,"Riu Anoia des de l'EDAR d'Igualda fins a la confluència de la riera de Carme, inclosa la riera de Castellolí - 100080000",389318,4602196,3329782,IHF (IHF-II Subtotal 3)
after_2007,0001,0021,F007452,"Riu Anoia des de l'EDAR d'Igualda fins a la confluència de la riera de Carme, inclosa la riera de Castellolí - 100080000",389318,4602196,3329783,IHF (IHF-III Subtotal 1)
after_2007,0001,0021,F007452,"Riu Anoia des de l'EDAR d'Igualda fins a la confluència de la riera de Carme, inclosa la riera de Castellolí - 100080000",389318,4602196,3329784,IHF (IHF-III Subtotal 2)
after_2007,0001,0021,F007452,"Riu Anoia des de l'EDAR d'Igualda fins a la confluència de la riera de Carme, inclosa la riera de Castellolí - 100080000",389318,4602196,4356073,índex IHF
after_2007,0001,0021,F007453,Riera de Carme - 100081000,387360,4598995,3329837,índex IHF
after_2007,0001,0021,F007453,Riera de Carme - 100081000,387360,4598995,3329838,IHF (IHF-I Subtotal )
after_2007,0001,0021,F007453,Riera de Carme - 100081000,387360,4598995,3329839,IHF (IHF-I Subtotal 2)
after_2007,0001,0021,F007453,Riera de Carme - 100081000,387360,4598995,3329840,IHF (IHF-II Subtotal 1)
after_2007,0001,0021,F007453,Riera de Carme - 100081000,387360,4598995,3329841,IHF (IHF-II Subtotal 2)
after_2007,0001,0021,F007453,Riera de Carme - 100081000,387360,4598995,3329842,IHF (IHF-II Subtotal 3)
after_2007,0001,0021,F007453,Riera de Carme - 100081000,387360,4598995,3329843,IHF (IHF-III Subtotal 1)
after_2007,0001,0021,F007453,Riera de Carme - 100081000,387360,4598995,3329844,IHF (IHF-III Subtotal 2)
after_2007,0001,0021,F007453,Riera de Carme - 100081000,387360,4598995,4356074,índex IHF
after_2007,0001,0021,F007454,Riu Anoia entre la riera de Carme i el riu de Bitlles - 100082000,396983,4590408,3329919,índex IHF
after_2007,0001,0021,F007454,Riu Anoia entre la riera de Carme i el riu de Bitlles - 100082000,396983,4590408,3329920,IHF (IHF-I Subtotal )
after_2007,0001,0021,F007454,Riu Anoia entre la riera de Carme i el riu de Bitlles - 100082000,396983,4590408,3329921,IHF (IHF-I Subtotal 2)
after_2007,0001,0021,F007454,Riu Anoia entre la riera de Carme i el riu de Bitlles - 100082000,396983,4590408,3329922,IHF (IHF-II Subtotal 1)
after_2007,0001,0021,F007454,Riu Anoia entre la riera de Carme i el riu de Bitlles - 100082000,396983,4590408,3329923,IHF (IHF-II Subtotal 2)
after_2007,0001,0021,F007454,Riu Anoia entre la riera de Carme i el riu de Bitlles - 100082000,396983,4590408,3329924,IHF (IHF-II Subtotal 3)
after_2007,0001,0021,F007454,Riu Anoia entre la riera de Carme i el riu de Bitlles - 100082000,396983,4590408,3329925,IHF (IHF-III Subtotal 1)
after_2007,0001,0021,F007454,Riu Anoia entre la riera de Carme i el riu de Bitlles - 100082000,396983,4590408,3329926,IHF (IHF-III Subtotal 2)
after_2007,0001,0021,F007454,Riu Anoia entre la riera de Carme i el riu de Bitlles - 100082000,396983,4590408,4356075,índex IHF
after_2007,0001,0021,F007455,Capçalera del riu de Bitlles fins a l'EDAR de Riudebitlles - 100083000,394439,4588853,4356076,índex IHF
after_2007,0001,0021,F007456,Riu de Bitlles des de l'EDAR de Riudebitlles fins a l'Anoia - 100084000,398406,4588606,3329982,índex IHF
after_2007,0001,0021,F007456,Riu de Bitlles des de l'EDAR de Riudebitlles fins a l'Anoia - 100084000,398406,4588606,3329983,IHF (IHF-I Subtotal )
after_2007,0001,0021,F007456,Riu de Bitlles des de l'EDAR de Riudebitlles fins a l'Anoia - 100084000,398406,4588606,3329984,IHF (IHF-I Subtotal 2)
after_2007,0001,0021,F007456,Riu de Bitlles des de l'EDAR de Riudebitlles fins a l'Anoia - 100084000,398406,4588606,3329985,IHF (IHF-II Subtotal 1)
after_2007,0001,0021,F007456,Riu de Bitlles des de l'EDAR de Riudebitlles fins a l'Anoia - 100084000,398406,4588606,3329986,IHF (IHF-II Subtotal 2)
after_2007,0001,0021,F007456,Riu de Bitlles des de l'EDAR de Riudebitlles fins a l'Anoia - 100084000,398406,4588606,3329987,IHF (IHF-II Subtotal 3)
after_2007,0001,0021,F007456,Riu de Bitlles des de l'EDAR de Riudebitlles fins a l'Anoia - 100084000,398406,4588606,3329988,IHF (IHF-III Subtotal 1)
after_2007,0001,0021,F007456,Riu de Bitlles des de l'EDAR de Riudebitlles fins a l'Anoia - 100084000,398406,4588606,3329989,IHF (IHF-III Subtotal 2)
after_2007,0001,0021,F007456,Riu de Bitlles des de l'EDAR de Riudebitlles fins a l'Anoia - 100084000,398406,4588606,4356077,índex IHF
after_2007,0001,0021,F007457,Riu Anoia des de la confluència del riu de Bitlles fins al Llobregat - 100085000,404119,4588737,3330043,índex IHF
after_2007,0001,0021,F007457,Riu Anoia des de la confluència del riu de Bitlles fins al Llobregat - 100085000,404119,4588737,3330044,IHF (IHF-I Subtotal )
after_2007,0001,0021,F007457,Riu Anoia des de la confluència del riu de Bitlles fins al Llobregat - 100085000,404119,4588737,3330045,IHF (IHF-I Subtotal 2)
after_2007,0001,0021,F007457,Riu Anoia des de la confluència del riu de Bitlles fins al Llobregat - 100085000,404119,4588737,3330046,IHF (IHF-II Subtotal 1)
after_2007,0001,0021,F007457,Riu Anoia des de la confluència del riu de Bitlles fins al Llobregat - 100085000,404119,4588737,3330047,IHF (IHF-II Subtotal 2)
after_2007,0001,0021,F007457,Riu Anoia des de la confluència del riu de Bitlles fins al Llobregat - 100085000,404119,4588737,3330048,IHF (IHF-II Subtotal 3)
after_2007,0001,0021,F007457,Riu Anoia des de la confluència del riu de Bitlles fins al Llobregat - 100085000,404119,4588737,3330049,IHF (IHF-III Subtotal 1)
after_2007,0001,0021,F007457,Riu Anoia des de la confluència del riu de Bitlles fins al Llobregat - 100085000,404119,4588737,3330050,IHF (IHF-III Subtotal 2)
after_2007,0001,0021,F007457,Riu Anoia des de la confluència del riu de Bitlles fins al Llobregat - 100085000,404119,4588737,4356078,índex IHF
after_2007,0001,0021,F007458,Riera de l'Avernó i torrent dels Brivons - 100086000,400668,4586507,3330088,índex IHF
after_2007,0001,0021,F007458,Riera de l'Avernó i torrent dels Brivons - 100086000,400668,4586507,3330089,IHF (IHF-I Subtotal )
after_2007,0001,0021,F007458,Riera de l'Avernó i torrent dels Brivons - 100086000,400668,4586507,3330090,IHF (IHF-I Subtotal 2)
after_2007,0001,0021,F007458,Riera de l'Avernó i torrent dels Brivons - 100086000,400668,4586507,3330091,IHF (IHF-II Subtotal 1)
after_2007,0001,0021,F007458,Riera de l'Avernó i torrent dels Brivons - 100086000,400668,4586507,3330092,IHF (IHF-II Subtotal 2)
after_2007,0001,0021,F007458,Riera de l'Avernó i torrent dels Brivons - 100086000,400668,4586507,3330093,IHF (IHF-II Subtotal 3)
after_2007,0001,0021,F007458,Riera de l'Avernó i torrent dels Brivons - 100086000,400668,4586507,3330094,IHF (IHF-III Subtotal 1)
after_2007,0001,0021,F007458,Riera de l'Avernó i torrent dels Brivons - 100086000,400668,4586507,3330095,IHF (IHF-III Subtotal 2)
after_2007,0001,0021,F007458,Riera de l'Avernó i torrent dels Brivons - 100086000,400668,4586507,4356079,índex IHF
after_2007,0001,0021,F007459,Torrent de la Fontsanta - 100087000,402708,4591542,3330140,índex IHF
after_2007,0001,0021,F007459,Torrent de la Fontsanta - 100087000,402708,4591542,3330141,IHF (IHF-I Subtotal )
after_2007,0001,0021,F007459,Torrent de la Fontsanta - 100087000,402708,4591542,3330142,IHF (IHF-I Subtotal 2)
after_2007,0001,0021,F007459,Torrent de la Fontsanta - 100087000,402708,4591542,3330143,IHF (IHF-II Subtotal 1)
after_2007,0001,0021,F007459,Torrent de la Fontsanta - 100087000,402708,4591542,3330144,IHF (IHF-II Subtotal 2)
after_2007,0001,0021,F007459,Torrent de la Fontsanta - 100087000,402708,4591542,3330145,IHF (IHF-II Subtotal 3)
after_2007,0001,0021,F007459,Torrent de la Fontsanta - 100087000,402708,4591542,3330146,IHF (IHF-III Subtotal 1)
after_2007,0001,0021,F007459,Torrent de la Fontsanta - 100087000,402708,4591542,3330147,IHF (IHF-III Subtotal 2)
after_2007,0001,0021,F007459,Torrent de la Fontsanta - 100087000,402708,4591542,4356080,índex IHF
after_2007,0001,0021,F007460,El Llobregat entre l'Anoia i la riera de Rubí - 100088000,413604,4591758,3330196,índex IHF
after_2007,0001,0021,F007460,El Llobregat entre l'Anoia i la riera de Rubí - 100088000,413604,4591758,3330197,IHF (IHF-I Subtotal )
after_2007,0001,0021,F007460,El Llobregat entre l'Anoia i la riera de Rubí - 100088000,413604,4591758,3330198,IHF (IHF-I Subtotal 2)
after_2007,0001,0021,F007460,El Llobregat entre l'Anoia i la riera de Rubí - 100088000,413604,4591758,3330199,IHF (IHF-II Subtotal 1)
after_2007,0001,0021,F007460,El Llobregat entre l'Anoia i la riera de Rubí - 100088000,413604,4591758,3330200,IHF (IHF-II Subtotal 2)
after_2007,0001,0021,F007460,El Llobregat entre l'Anoia i la riera de Rubí - 100088000,413604,4591758,3330201,IHF (IHF-II Subtotal 3)
after_2007,0001,0021,F007460,El Llobregat entre l'Anoia i la riera de Rubí - 100088000,413604,4591758,3330202,IHF (IHF-III Subtotal 1)
after_2007,0001,0021,F007460,El Llobregat entre l'Anoia i la riera de Rubí - 100088000,413604,4591758,3330203,IHF (IHF-III Subtotal 2)
after_2007,0001,0021,F007460,El Llobregat entre l'Anoia i la riera de Rubí - 100088000,413604,4591758,4356081,índex IHF
after_2007,0001,0021,F007461,Riera de Rubí i riera de les Arenes - 100089000,416091,4589051,3330267,índex IHF
after_2007,0001,0021,F007461,Riera de Rubí i riera de les Arenes - 100089000,416091,4589051,3330268,IHF (IHF-I Subtotal )
after_2007,0001,0021,F007461,Riera de Rubí i riera de les Arenes - 100089000,416091,4589051,3330269,IHF (IHF-I Subtotal 2)
after_2007,0001,0021,F007461,Riera de Rubí i riera de les Arenes - 100089000,416091,4589051,3330270,IHF (IHF-II Subtotal 1)
after_2007,0001,0021,F007461,Riera de Rubí i riera de les Arenes - 100089000,416091,4589051,3330271,IHF (IHF-II Subtotal 2)
after_2007,0001,0021,F007461,Riera de Rubí i riera de les Arenes - 100089000,416091,4589051,3330272,IHF (IHF-II Subtotal 3)
after_2007,0001,0021,F007461,Riera de Rubí i riera de les Arenes - 100089000,416091,4589051,3330273,IHF (IHF-III Subtotal 1)
after_2007,0001,0021,F007461,Riera de Rubí i riera de les Arenes - 100089000,416091,4589051,3330274,IHF (IHF-III Subtotal 2)
after_2007,0001,0021,F007461,Riera de Rubí i riera de les Arenes - 100089000,416091,4589051,4356082,índex IHF
after_2007,0001,0021,F007462,El Llobregat des de la confluència de la riera de Rubí fins a Sant Joan Despí - 100090000,420246,4578238,3330323,índex IHF
after_2007,0001,0021,F007462,El Llobregat des de la confluència de la riera de Rubí fins a Sant Joan Despí - 100090000,420246,4578238,3330324,IHF (IHF-I Subtotal )
after_2007,0001,0021,F007462,El Llobregat des de la confluència de la riera de Rubí fins a Sant Joan Despí - 100090000,420246,4578238,3330325,IHF (IHF-I Subtotal 2)
after_2007,0001,0021,F007462,El Llobregat des de la confluència de la riera de Rubí fins a Sant Joan Despí - 100090000,420246,4578238,3330326,IHF (IHF-II Subtotal 1)
after_2007,0001,0021,F007462,El Llobregat des de la confluència de la riera de Rubí fins a Sant Joan Despí - 100090000,420246,4578238,3330327,IHF (IHF-II Subtotal 2)
after_2007,0001,0021,F007462,El Llobregat des de la confluència de la riera de Rubí fins a Sant Joan Despí - 100090000,420246,4578238,3330328,IHF (IHF-II Subtotal 3)
after_2007,0001,0021,F007462,El Llobregat des de la confluència de la riera de Rubí fins a Sant Joan Despí - 100090000,420246,4578238,3330329,IHF (IHF-III Subtotal 1)
after_2007,0001,0021,F007462,El Llobregat des de la confluència de la riera de Rubí fins a Sant Joan Despí - 100090000,420246,4578238,3330330,IHF (IHF-III Subtotal 2)
after_2007,0001,0021,F007462,El Llobregat des de la confluència de la riera de Rubí fins a Sant Joan Despí - 100090000,420246,4578238,4356083,índex IHF
after_2007,0001,0021,F007463,Riera de Vallvidrera - 100091000,418462,4586699,4356084,índex IHF
after_2007,0001,0021,F007464,Riera de Rafamans - 100092000,412986,4585160,4356085,índex IHF
after_2007,0001,0021,F007465,Riera de Cervelló - 100093000,415015,4583453,4356086,índex IHF
after_2007,0001,0021,F007466,Riera de Torrelles - 100094000,415060,4578865,3330387,índex IHF
after_2007,0001,0021,F007466,Riera de Torrelles - 100094000,415060,4578865,3330388,IHF (IHF-I Subtotal )
after_2007,0001,0021,F007466,Riera de Torrelles - 100094000,415060,4578865,3330389,IHF (IHF-I Subtotal 2)
after_2007,0001,0021,F007466,Riera de Torrelles - 100094000,415060,4578865,3330390,IHF (IHF-II Subtotal 1)
after_2007,0001,0021,F007466,Riera de Torrelles - 100094000,415060,4578865,3330391,IHF (IHF-II Subtotal 2)
after_2007,0001,0021,F007466,Riera de Torrelles - 100094000,415060,4578865,3330392,IHF (IHF-II Subtotal 3)
after_2007,0001,0021,F007466,Riera de Torrelles - 100094000,415060,4578865,3330393,IHF (IHF-III Subtotal 1)
after_2007,0001,0021,F007466,Riera de Torrelles - 100094000,415060,4578865,3330394,IHF (IHF-III Subtotal 2)
after_2007,0001,0021,F007466,Riera de Torrelles - 100094000,415060,4578865,4356087,índex IHF
after_2007,0001,0021,F007467,El Llobregat des de Sant Joan Despí fins al mar - 100095000,425686,4575451,3330451,índex IHF
after_2007,0001,0021,F007467,El Llobregat des de Sant Joan Despí fins al mar - 100095000,425686,4575451,3330452,IHF (IHF-I Subtotal )
after_2007,0001,0021,F007467,El Llobregat des de Sant Joan Despí fins al mar - 100095000,425686,4575451,3330453,IHF (IHF-I Subtotal 2)
after_2007,0001,0021,F007467,El Llobregat des de Sant Joan Despí fins al mar - 100095000,425686,4575451,3330454,IHF (IHF-II Subtotal 1)
after_2007,0001,0021,F007467,El Llobregat des de Sant Joan Despí fins al mar - 100095000,425686,4575451,3330455,IHF (IHF-II Subtotal 2)
after_2007,0001,0021,F007467,El Llobregat des de Sant Joan Despí fins al mar - 100095000,425686,4575451,3330456,IHF (IHF-II Subtotal 3)
after_2007,0001,0021,F007467,El Llobregat des de Sant Joan Despí fins al mar - 100095000,425686,4575451,3330457,IHF (IHF-III Subtotal 1)
after_2007,0001,0021,F007467,El Llobregat des de Sant Joan Despí fins al mar - 100095000,425686,4575451,3330458,IHF (IHF-III Subtotal 2)
after_2007,0001,0021,F007467,El Llobregat des de Sant Joan Despí fins al mar - 100095000,425686,4575451,4356088,índex IHF
after_2007,0001,0021,F007468,Capçalera del Congost fins a l'EDAR d'Aiguafreda - 110002000,436470,4627063,3330513,índex IHF
after_2007,0001,0021,F007468,Capçalera del Congost fins a l'EDAR d'Aiguafreda - 110002000,436470,4627063,3330514,IHF (IHF-I Subtotal )
after_2007,0001,0021,F007468,Capçalera del Congost fins a l'EDAR d'Aiguafreda - 110002000,436470,4627063,3330515,IHF (IHF-I Subtotal 2)
after_2007,0001,0021,F007468,Capçalera del Congost fins a l'EDAR d'Aiguafreda - 110002000,436470,4627063,3330516,IHF (IHF-II Subtotal 1)
after_2007,0001,0021,F007468,Capçalera del Congost fins a l'EDAR d'Aiguafreda - 110002000,436470,4627063,3330517,IHF (IHF-II Subtotal 2)
after_2007,0001,0021,F007468,Capçalera del Congost fins a l'EDAR d'Aiguafreda - 110002000,436470,4627063,3330518,IHF (IHF-II Subtotal 3)
after_2007,0001,0021,F007468,Capçalera del Congost fins a l'EDAR d'Aiguafreda - 110002000,436470,4627063,3330519,IHF (IHF-III Subtotal 1)
after_2007,0001,0021,F007468,Capçalera del Congost fins a l'EDAR d'Aiguafreda - 110002000,436470,4627063,3330520,IHF (IHF-III Subtotal 2)
after_2007,0001,0021,F007468,Capçalera del Congost fins a l'EDAR d'Aiguafreda - 110002000,436470,4627063,4356089,índex IHF
after_2007,0001,0021,F007469,Riera d'Avencó - 110003000,438770,4623838,4356090,índex IHF
after_2007,0001,0021,F007470,Riu Congost des de l'EDAR d'Aiguafreda fins a l'EDAR de La Garriga - 110004000,439609,4619390,3330713,índex IHF
after_2007,0001,0021,F007470,Riu Congost des de l'EDAR d'Aiguafreda fins a l'EDAR de La Garriga - 110004000,439609,4619390,3330714,IHF (IHF-I Subtotal )
after_2007,0001,0021,F007470,Riu Congost des de l'EDAR d'Aiguafreda fins a l'EDAR de La Garriga - 110004000,439609,4619390,3330715,IHF (IHF-I Subtotal 2)
after_2007,0001,0021,F007470,Riu Congost des de l'EDAR d'Aiguafreda fins a l'EDAR de La Garriga - 110004000,439609,4619390,3330716,IHF (IHF-II Subtotal 1)
after_2007,0001,0021,F007470,Riu Congost des de l'EDAR d'Aiguafreda fins a l'EDAR de La Garriga - 110004000,439609,4619390,3330717,IHF (IHF-II Subtotal 2)
after_2007,0001,0021,F007470,Riu Congost des de l'EDAR d'Aiguafreda fins a l'EDAR de La Garriga - 110004000,439609,4619390,3330718,IHF (IHF-II Subtotal 3)
after_2007,0001,0021,F007470,Riu Congost des de l'EDAR d'Aiguafreda fins a l'EDAR de La Garriga - 110004000,439609,4619390,3330719,IHF (IHF-III Subtotal 1)
after_2007,0001,0021,F007470,Riu Congost des de l'EDAR d'Aiguafreda fins a l'EDAR de La Garriga - 110004000,439609,4619390,3330720,IHF (IHF-III Subtotal 2)
after_2007,0001,0021,F007470,Riu Congost des de l'EDAR d'Aiguafreda fins a l'EDAR de La Garriga - 110004000,439609,4619390,4356091,índex IHF
after_2007,0001,0021,F007471,"Riu Congost des de l'EDAR de la Garriga fins a la confluència amb la riera de Carbonell, riera de Carbonell inclosa - 110005000",441159,4612020,4356092,índex IHF
after_2007,0001,0021,F007472,Riu Congost des de la confluència de la riera de Carbonell fins a la confluència amb el Mogent - 110006000,437707,4600165,3330817,índex IHF
after_2007,0001,0021,F007472,Riu Congost des de la confluència de la riera de Carbonell fins a la confluència amb el Mogent - 110006000,437707,4600165,3330818,IHF (IHF-I Subtotal )
after_2007,0001,0021,F007472,Riu Congost des de la confluència de la riera de Carbonell fins a la confluència amb el Mogent - 110006000,437707,4600165,3330819,IHF (IHF-I Subtotal 2)
after_2007,0001,0021,F007472,Riu Congost des de la confluència de la riera de Carbonell fins a la confluència amb el Mogent - 110006000,437707,4600165,3330820,IHF (IHF-II Subtotal 1)
after_2007,0001,0021,F007472,Riu Congost des de la confluència de la riera de Carbonell fins a la confluència amb el Mogent - 110006000,437707,4600165,3330821,IHF (IHF-II Subtotal 2)
after_2007,0001,0021,F007472,Riu Congost des de la confluència de la riera de Carbonell fins a la confluència amb el Mogent - 110006000,437707,4600165,3330822,IHF (IHF-II Subtotal 3)
after_2007,0001,0021,F007472,Riu Congost des de la confluència de la riera de Carbonell fins a la confluència amb el Mogent - 110006000,437707,4600165,3330823,IHF (IHF-III Subtotal 1)
after_2007,0001,0021,F007472,Riu Congost des de la confluència de la riera de Carbonell fins a la confluència amb el Mogent - 110006000,437707,4600165,3330824,IHF (IHF-III Subtotal 2)
after_2007,0001,0021,F007472,Riu Congost des de la confluència de la riera de Carbonell fins a la confluència amb el Mogent - 110006000,437707,4600165,4356093,índex IHF
after_2007,0001,0021,F007473,Capçalera del Mogent fins a la potabilitzadora d'ATLL - 110007000,448840,4609087,3330881,índex IHF
after_2007,0001,0021,F007473,Capçalera del Mogent fins a la potabilitzadora d'ATLL - 110007000,448840,4609087,3330882,IHF (IHF-I Subtotal )
after_2007,0001,0021,F007473,Capçalera del Mogent fins a la potabilitzadora d'ATLL - 110007000,448840,4609087,3330883,IHF (IHF-I Subtotal 2)
after_2007,0001,0021,F007473,Capçalera del Mogent fins a la potabilitzadora d'ATLL - 110007000,448840,4609087,3330884,IHF (IHF-II Subtotal 1)
after_2007,0001,0021,F007473,Capçalera del Mogent fins a la potabilitzadora d'ATLL - 110007000,448840,4609087,3330885,IHF (IHF-II Subtotal 2)
after_2007,0001,0021,F007473,Capçalera del Mogent fins a la potabilitzadora d'ATLL - 110007000,448840,4609087,3330886,IHF (IHF-II Subtotal 3)
after_2007,0001,0021,F007473,Capçalera del Mogent fins a la potabilitzadora d'ATLL - 110007000,448840,4609087,3330887,IHF (IHF-III Subtotal 1)
after_2007,0001,0021,F007473,Capçalera del Mogent fins a la potabilitzadora d'ATLL - 110007000,448840,4609087,3330888,IHF (IHF-III Subtotal 2)
after_2007,0001,0021,F007473,Capçalera del Mogent fins a la potabilitzadora d'ATLL - 110007000,448840,4609087,4356094,índex IHF
after_2007,0001,0021,F007474,Riu Mogent des de la potabilitzadora fins a l'EDAR de Vilanova del Vallès - 110008000,444855,4605329,3330959,índex IHF
after_2007,0001,0021,F007474,Riu Mogent des de la potabilitzadora fins a l'EDAR de Vilanova del Vallès - 110008000,444855,4605329,3330960,IHF (IHF-I Subtotal )
after_2007,0001,0021,F007474,Riu Mogent des de la potabilitzadora fins a l'EDAR de Vilanova del Vallès - 110008000,444855,4605329,3330961,IHF (IHF-I Subtotal 2)
after_2007,0001,0021,F007474,Riu Mogent des de la potabilitzadora fins a l'EDAR de Vilanova del Vallès - 110008000,444855,4605329,3330962,IHF (IHF-II Subtotal 1)
after_2007,0001,0021,F007474,Riu Mogent des de la potabilitzadora fins a l'EDAR de Vilanova del Vallès - 110008000,444855,4605329,3330963,IHF (IHF-II Subtotal 2)
after_2007,0001,0021,F007474,Riu Mogent des de la potabilitzadora fins a l'EDAR de Vilanova del Vallès - 110008000,444855,4605329,3330964,IHF (IHF-II Subtotal 3)
after_2007,0001,0021,F007474,Riu Mogent des de la potabilitzadora fins a l'EDAR de Vilanova del Vallès - 110008000,444855,4605329,3330965,IHF (IHF-III Subtotal 1)
after_2007,0001,0021,F007474,Riu Mogent des de la potabilitzadora fins a l'EDAR de Vilanova del Vallès - 110008000,444855,4605329,3330966,IHF (IHF-III Subtotal 2)
after_2007,0001,0021,F007474,Riu Mogent des de la potabilitzadora fins a l'EDAR de Vilanova del Vallès - 110008000,444855,4605329,4356095,índex IHF
after_2007,0001,0021,F007475,Riera de Cànoves des de la presa de Valforners fins al Mogent - 110010000,446378,4611753,3331037,índex IHF
after_2007,0001,0021,F007475,Riera de Cànoves des de la presa de Valforners fins al Mogent - 110010000,446378,4611753,3331038,IHF (IHF-I Subtotal )
after_2007,0001,0021,F007475,Riera de Cànoves des de la presa de Valforners fins al Mogent - 110010000,446378,4611753,3331039,IHF (IHF-I Subtotal 2)
after_2007,0001,0021,F007475,Riera de Cànoves des de la presa de Valforners fins al Mogent - 110010000,446378,4611753,3331040,IHF (IHF-II Subtotal 1)
after_2007,0001,0021,F007475,Riera de Cànoves des de la presa de Valforners fins al Mogent - 110010000,446378,4611753,3331041,IHF (IHF-II Subtotal 2)
after_2007,0001,0021,F007475,Riera de Cànoves des de la presa de Valforners fins al Mogent - 110010000,446378,4611753,3331042,IHF (IHF-II Subtotal 3)
after_2007,0001,0021,F007475,Riera de Cànoves des de la presa de Valforners fins al Mogent - 110010000,446378,4611753,3331043,IHF (IHF-III Subtotal 1)
after_2007,0001,0021,F007475,Riera de Cànoves des de la presa de Valforners fins al Mogent - 110010000,446378,4611753,3331044,IHF (IHF-III Subtotal 2)
after_2007,0001,0021,F007475,Riera de Cànoves des de la presa de Valforners fins al Mogent - 110010000,446378,4611753,4356096,índex IHF
after_2007,0001,0021,F007476,Riu Mogent des de l'EDAR de Vilanova del Vallès fins a la confluència amb el Congost - 110011000,443422,4604354,3331148,índex IHF
after_2007,0001,0021,F007476,Riu Mogent des de l'EDAR de Vilanova del Vallès fins a la confluència amb el Congost - 110011000,443422,4604354,3331149,IHF (IHF-I Subtotal )
after_2007,0001,0021,F007476,Riu Mogent des de l'EDAR de Vilanova del Vallès fins a la confluència amb el Congost - 110011000,443422,4604354,3331150,IHF (IHF-I Subtotal 2)
after_2007,0001,0021,F007476,Riu Mogent des de l'EDAR de Vilanova del Vallès fins a la confluència amb el Congost - 110011000,443422,4604354,3331151,IHF (IHF-II Subtotal 1)
after_2007,0001,0021,F007476,Riu Mogent des de l'EDAR de Vilanova del Vallès fins a la confluència amb el Congost - 110011000,443422,4604354,3331152,IHF (IHF-II Subtotal 2)
after_2007,0001,0021,F007476,Riu Mogent des de l'EDAR de Vilanova del Vallès fins a la confluència amb el Congost - 110011000,443422,4604354,3331153,IHF (IHF-II Subtotal 3)
after_2007,0001,0021,F007476,Riu Mogent des de l'EDAR de Vilanova del Vallès fins a la confluència amb el Congost - 110011000,443422,4604354,3331154,IHF (IHF-III Subtotal 1)
after_2007,0001,0021,F007476,Riu Mogent des de l'EDAR de Vilanova del Vallès fins a la confluència amb el Congost - 110011000,443422,4604354,3331155,IHF (IHF-III Subtotal 2)
after_2007,0001,0021,F007476,Riu Mogent des de l'EDAR de Vilanova del Vallès fins a la confluència amb el Congost - 110011000,443422,4604354,4356097,índex IHF
after_2007,0001,0021,F007477,Capçalera del Tenes fins a la confluència del torrent del Villar (EDAR de Sant Feliu de Codines)  - 110012000,432624,4617144,3331259,índex IHF
after_2007,0001,0021,F007477,Capçalera del Tenes fins a la confluència del torrent del Villar (EDAR de Sant Feliu de Codines)  - 110012000,432624,4617144,3331260,IHF (IHF-I Subtotal )
after_2007,0001,0021,F007477,Capçalera del Tenes fins a la confluència del torrent del Villar (EDAR de Sant Feliu de Codines)  - 110012000,432624,4617144,3331261,IHF (IHF-I Subtotal 2)
after_2007,0001,0021,F007477,Capçalera del Tenes fins a la confluència del torrent del Villar (EDAR de Sant Feliu de Codines)  - 110012000,432624,4617144,3331262,IHF (IHF-II Subtotal 1)
after_2007,0001,0021,F007477,Capçalera del Tenes fins a la confluència del torrent del Villar (EDAR de Sant Feliu de Codines)  - 110012000,432624,4617144,3331263,IHF (IHF-II Subtotal 2)
after_2007,0001,0021,F007477,Capçalera del Tenes fins a la confluència del torrent del Villar (EDAR de Sant Feliu de Codines)  - 110012000,432624,4617144,3331264,IHF (IHF-II Subtotal 3)
after_2007,0001,0021,F007477,Capçalera del Tenes fins a la confluència del torrent del Villar (EDAR de Sant Feliu de Codines)  - 110012000,432624,4617144,3331265,IHF (IHF-III Subtotal 1)
after_2007,0001,0021,F007477,Capçalera del Tenes fins a la confluència del torrent del Villar (EDAR de Sant Feliu de Codines)  - 110012000,432624,4617144,3331266,IHF (IHF-III Subtotal 2)
after_2007,0001,0021,F007477,Capçalera del Tenes fins a la confluència del torrent del Villar (EDAR de Sant Feliu de Codines)  - 110012000,432624,4617144,4356098,índex IHF
after_2007,0001,0021,F007478,Riu Tenes des de l'EDAR de Sant Feliu de Codines fins a l'EDAR de Santa Eulàlia de Ronçana - 110014000,436069,4611473,3331332,índex IHF
after_2007,0001,0021,F007478,Riu Tenes des de l'EDAR de Sant Feliu de Codines fins a l'EDAR de Santa Eulàlia de Ronçana - 110014000,436069,4611473,3331333,IHF (IHF-I Subtotal )
after_2007,0001,0021,F007478,Riu Tenes des de l'EDAR de Sant Feliu de Codines fins a l'EDAR de Santa Eulàlia de Ronçana - 110014000,436069,4611473,3331334,IHF (IHF-I Subtotal 2)
after_2007,0001,0021,F007478,Riu Tenes des de l'EDAR de Sant Feliu de Codines fins a l'EDAR de Santa Eulàlia de Ronçana - 110014000,436069,4611473,3331335,IHF (IHF-II Subtotal 1)
after_2007,0001,0021,F007478,Riu Tenes des de l'EDAR de Sant Feliu de Codines fins a l'EDAR de Santa Eulàlia de Ronçana - 110014000,436069,4611473,3331336,IHF (IHF-II Subtotal 2)
after_2007,0001,0021,F007478,Riu Tenes des de l'EDAR de Sant Feliu de Codines fins a l'EDAR de Santa Eulàlia de Ronçana - 110014000,436069,4611473,3331337,IHF (IHF-II Subtotal 3)
after_2007,0001,0021,F007478,Riu Tenes des de l'EDAR de Sant Feliu de Codines fins a l'EDAR de Santa Eulàlia de Ronçana - 110014000,436069,4611473,3331338,IHF (IHF-III Subtotal 1)
after_2007,0001,0021,F007478,Riu Tenes des de l'EDAR de Sant Feliu de Codines fins a l'EDAR de Santa Eulàlia de Ronçana - 110014000,436069,4611473,3331339,IHF (IHF-III Subtotal 2)
after_2007,0001,0021,F007478,Riu Tenes des de l'EDAR de Sant Feliu de Codines fins a l'EDAR de Santa Eulàlia de Ronçana - 110014000,436069,4611473,4356099,índex IHF
after_2007,0001,0021,F007479,Riu Tenes des de l'EDAR de Santa Eulàlia de Ronçana fins a l'inici del tram endegat - 110016000,437114,4604148,4356100,índex IHF
after_2007,0001,0021,F007480,"Riu Tenes des de l'inici del tram endegat fins al Besòs, inclosa la riera Seca - 110017000",435853,4599484,3331420,índex IHF
after_2007,0001,0021,F007480,"Riu Tenes des de l'inici del tram endegat fins al Besòs, inclosa la riera Seca - 110017000",435853,4599484,3331421,IHF (IHF-I Subtotal )
after_2007,0001,0021,F007480,"Riu Tenes des de l'inici del tram endegat fins al Besòs, inclosa la riera Seca - 110017000",435853,4599484,3331422,IHF (IHF-I Subtotal 2)
after_2007,0001,0021,F007480,"Riu Tenes des de l'inici del tram endegat fins al Besòs, inclosa la riera Seca - 110017000",435853,4599484,3331423,IHF (IHF-II Subtotal 1)
after_2007,0001,0021,F007480,"Riu Tenes des de l'inici del tram endegat fins al Besòs, inclosa la riera Seca - 110017000",435853,4599484,3331424,IHF (IHF-II Subtotal 2)
after_2007,0001,0021,F007480,"Riu Tenes des de l'inici del tram endegat fins al Besòs, inclosa la riera Seca - 110017000",435853,4599484,3331425,IHF (IHF-II Subtotal 3)
after_2007,0001,0021,F007480,"Riu Tenes des de l'inici del tram endegat fins al Besòs, inclosa la riera Seca - 110017000",435853,4599484,3331426,IHF (IHF-III Subtotal 1)
after_2007,0001,0021,F007480,"Riu Tenes des de l'inici del tram endegat fins al Besòs, inclosa la riera Seca - 110017000",435853,4599484,3331427,IHF (IHF-III Subtotal 2)
after_2007,0001,0021,F007480,"Riu Tenes des de l'inici del tram endegat fins al Besòs, inclosa la riera Seca - 110017000",435853,4599484,4356101,índex IHF
after_2007,0001,0021,F007481,El Besòs des de la confluència Congost-Mogent fins a la confluència del Ripoll  - 110018000,432651,4593766,3331478,índex IHF
after_2007,0001,0021,F007481,El Besòs des de la confluència Congost-Mogent fins a la confluència del Ripoll  - 110018000,432651,4593766,3331479,IHF (IHF-I Subtotal )
after_2007,0001,0021,F007481,El Besòs des de la confluència Congost-Mogent fins a la confluència del Ripoll  - 110018000,432651,4593766,3331480,IHF (IHF-I Subtotal 2)
after_2007,0001,0021,F007481,El Besòs des de la confluència Congost-Mogent fins a la confluència del Ripoll  - 110018000,432651,4593766,3331481,IHF (IHF-II Subtotal 1)
after_2007,0001,0021,F007481,El Besòs des de la confluència Congost-Mogent fins a la confluència del Ripoll  - 110018000,432651,4593766,3331482,IHF (IHF-II Subtotal 2)
after_2007,0001,0021,F007481,El Besòs des de la confluència Congost-Mogent fins a la confluència del Ripoll  - 110018000,432651,4593766,3331483,IHF (IHF-II Subtotal 3)
after_2007,0001,0021,F007481,El Besòs des de la confluència Congost-Mogent fins a la confluència del Ripoll  - 110018000,432651,4593766,3331484,IHF (IHF-III Subtotal 1)
after_2007,0001,0021,F007481,El Besòs des de la confluència Congost-Mogent fins a la confluència del Ripoll  - 110018000,432651,4593766,3331485,IHF (IHF-III Subtotal 2)
after_2007,0001,0021,F007481,El Besòs des de la confluència Congost-Mogent fins a la confluència del Ripoll  - 110018000,432651,4593766,4356102,índex IHF
after_2007,0001,0021,F007482,Capçalera de la riera de Caldes fins a l'EDAR de Caldes de Montbui - 110019000,429594,4610324,3331544,índex IHF
after_2007,0001,0021,F007482,Capçalera de la riera de Caldes fins a l'EDAR de Caldes de Montbui - 110019000,429594,4610324,3331545,IHF (IHF-I Subtotal )
after_2007,0001,0021,F007482,Capçalera de la riera de Caldes fins a l'EDAR de Caldes de Montbui - 110019000,429594,4610324,3331546,IHF (IHF-I Subtotal 2)
after_2007,0001,0021,F007482,Capçalera de la riera de Caldes fins a l'EDAR de Caldes de Montbui - 110019000,429594,4610324,3331547,IHF (IHF-II Subtotal 1)
after_2007,0001,0021,F007482,Capçalera de la riera de Caldes fins a l'EDAR de Caldes de Montbui - 110019000,429594,4610324,3331548,IHF (IHF-II Subtotal 2)
after_2007,0001,0021,F007482,Capçalera de la riera de Caldes fins a l'EDAR de Caldes de Montbui - 110019000,429594,4610324,3331549,IHF (IHF-II Subtotal 3)
after_2007,0001,0021,F007482,Capçalera de la riera de Caldes fins a l'EDAR de Caldes de Montbui - 110019000,429594,4610324,3331550,IHF (IHF-III Subtotal 1)
after_2007,0001,0021,F007482,Capçalera de la riera de Caldes fins a l'EDAR de Caldes de Montbui - 110019000,429594,4610324,3331551,IHF (IHF-III Subtotal 2)
after_2007,0001,0021,F007482,Capçalera de la riera de Caldes fins a l'EDAR de Caldes de Montbui - 110019000,429594,4610324,4356103,índex IHF
after_2007,0001,0021,F007483,Riera de Caldes des de l'EDAR de Caldes de Montbui fins al Besòs - 110020000,431189,4602873,3331636,índex IHF
after_2007,0001,0021,F007483,Riera de Caldes des de l'EDAR de Caldes de Montbui fins al Besòs - 110020000,431189,4602873,3331637,IHF (IHF-I Subtotal )
after_2007,0001,0021,F007483,Riera de Caldes des de l'EDAR de Caldes de Montbui fins al Besòs - 110020000,431189,4602873,3331638,IHF (IHF-I Subtotal 2)
after_2007,0001,0021,F007483,Riera de Caldes des de l'EDAR de Caldes de Montbui fins al Besòs - 110020000,431189,4602873,3331639,IHF (IHF-II Subtotal 1)
after_2007,0001,0021,F007483,Riera de Caldes des de l'EDAR de Caldes de Montbui fins al Besòs - 110020000,431189,4602873,3331640,IHF (IHF-II Subtotal 2)
after_2007,0001,0021,F007483,Riera de Caldes des de l'EDAR de Caldes de Montbui fins al Besòs - 110020000,431189,4602873,3331641,IHF (IHF-II Subtotal 3)
after_2007,0001,0021,F007483,Riera de Caldes des de l'EDAR de Caldes de Montbui fins al Besòs - 110020000,431189,4602873,3331642,IHF (IHF-III Subtotal 1)
after_2007,0001,0021,F007483,Riera de Caldes des de l'EDAR de Caldes de Montbui fins al Besòs - 110020000,431189,4602873,3331643,IHF (IHF-III Subtotal 2)
after_2007,0001,0021,F007483,Riera de Caldes des de l'EDAR de Caldes de Montbui fins al Besòs - 110020000,431189,4602873,4356104,índex IHF
after_2007,0001,0021,F007484,Capçalera de la riera de Sentmenat fins a Sentmenat - 110020500,426754,4609085,3331727,índex IHF
after_2007,0001,0021,F007484,Capçalera de la riera de Sentmenat fins a Sentmenat - 110020500,426754,4609085,3331728,IHF (IHF-I Subtotal )
after_2007,0001,0021,F007484,Capçalera de la riera de Sentmenat fins a Sentmenat - 110020500,426754,4609085,3331729,IHF (IHF-I Subtotal 2)
after_2007,0001,0021,F007484,Capçalera de la riera de Sentmenat fins a Sentmenat - 110020500,426754,4609085,3331730,IHF (IHF-II Subtotal 1)
after_2007,0001,0021,F007484,Capçalera de la riera de Sentmenat fins a Sentmenat - 110020500,426754,4609085,3331731,IHF (IHF-II Subtotal 2)
after_2007,0001,0021,F007484,Capçalera de la riera de Sentmenat fins a Sentmenat - 110020500,426754,4609085,3331732,IHF (IHF-II Subtotal 3)
after_2007,0001,0021,F007484,Capçalera de la riera de Sentmenat fins a Sentmenat - 110020500,426754,4609085,3331733,IHF (IHF-III Subtotal 1)
after_2007,0001,0021,F007484,Capçalera de la riera de Sentmenat fins a Sentmenat - 110020500,426754,4609085,3331734,IHF (IHF-III Subtotal 2)
after_2007,0001,0021,F007484,Capçalera de la riera de Sentmenat fins a Sentmenat - 110020500,426754,4609085,4356105,índex IHF
after_2007,0001,0021,F007485,Riera de Sentmenat des de Sentmenat a la riera de Caldes - 110020700,429597,4604240,3331815,índex IHF
after_2007,0001,0021,F007485,Riera de Sentmenat des de Sentmenat a la riera de Caldes - 110020700,429597,4604240,3331816,IHF (IHF-I Subtotal )
after_2007,0001,0021,F007485,Riera de Sentmenat des de Sentmenat a la riera de Caldes - 110020700,429597,4604240,3331817,IHF (IHF-I Subtotal 2)
after_2007,0001,0021,F007485,Riera de Sentmenat des de Sentmenat a la riera de Caldes - 110020700,429597,4604240,3331818,IHF (IHF-II Subtotal 1)
after_2007,0001,0021,F007485,Riera de Sentmenat des de Sentmenat a la riera de Caldes - 110020700,429597,4604240,3331819,IHF (IHF-II Subtotal 2)
after_2007,0001,0021,F007485,Riera de Sentmenat des de Sentmenat a la riera de Caldes - 110020700,429597,4604240,3331820,IHF (IHF-II Subtotal 3)
after_2007,0001,0021,F007485,Riera de Sentmenat des de Sentmenat a la riera de Caldes - 110020700,429597,4604240,3331821,IHF (IHF-III Subtotal 1)
after_2007,0001,0021,F007485,Riera de Sentmenat des de Sentmenat a la riera de Caldes - 110020700,429597,4604240,3331822,IHF (IHF-III Subtotal 2)
after_2007,0001,0021,F007485,Riera de Sentmenat des de Sentmenat a la riera de Caldes - 110020700,429597,4604240,4420284,índex IHF
after_2007,0001,0021,F007486,Riera Seca - 110021000,429375,4598548,3331849,índex IHF
after_2007,0001,0021,F007486,Riera Seca - 110021000,429375,4598548,3331850,IHF (IHF-I Subtotal )
after_2007,0001,0021,F007486,Riera Seca - 110021000,429375,4598548,3331851,IHF (IHF-I Subtotal 2)
after_2007,0001,0021,F007486,Riera Seca - 110021000,429375,4598548,3331852,IHF (IHF-II Subtotal 1)
after_2007,0001,0021,F007486,Riera Seca - 110021000,429375,4598548,3331853,IHF (IHF-II Subtotal 2)
after_2007,0001,0021,F007486,Riera Seca - 110021000,429375,4598548,3331854,IHF (IHF-II Subtotal 3)
after_2007,0001,0021,F007486,Riera Seca - 110021000,429375,4598548,3331855,IHF (IHF-III Subtotal 1)
after_2007,0001,0021,F007486,Riera Seca - 110021000,429375,4598548,3331856,IHF (IHF-III Subtotal 2)
after_2007,0001,0021,F007486,Riera Seca - 110021000,429375,4598548,4356106,índex IHF
after_2007,0001,0021,F007487,Capçalera del Ripoll fins al límit del Parc de Sant Llorenç del Munt - 110022000,421418,4610624,3331920,índex IHF
after_2007,0001,0021,F007487,Capçalera del Ripoll fins al límit del Parc de Sant Llorenç del Munt - 110022000,421418,4610624,3331921,IHF (IHF-I Subtotal )
after_2007,0001,0021,F007487,Capçalera del Ripoll fins al límit del Parc de Sant Llorenç del Munt - 110022000,421418,4610624,3331922,IHF (IHF-I Subtotal 2)
after_2007,0001,0021,F007487,Capçalera del Ripoll fins al límit del Parc de Sant Llorenç del Munt - 110022000,421418,4610624,3331923,IHF (IHF-II Subtotal 1)
after_2007,0001,0021,F007487,Capçalera del Ripoll fins al límit del Parc de Sant Llorenç del Munt - 110022000,421418,4610624,3331924,IHF (IHF-II Subtotal 2)
after_2007,0001,0021,F007487,Capçalera del Ripoll fins al límit del Parc de Sant Llorenç del Munt - 110022000,421418,4610624,3331925,IHF (IHF-II Subtotal 3)
after_2007,0001,0021,F007487,Capçalera del Ripoll fins al límit del Parc de Sant Llorenç del Munt - 110022000,421418,4610624,3331926,IHF (IHF-III Subtotal 1)
after_2007,0001,0021,F007487,Capçalera del Ripoll fins al límit del Parc de Sant Llorenç del Munt - 110022000,421418,4610624,3331927,IHF (IHF-III Subtotal 2)
after_2007,0001,0021,F007487,Capçalera del Ripoll fins al límit del Parc de Sant Llorenç del Munt - 110022000,421418,4610624,4356107,índex IHF
after_2007,0001,0021,F007488,Riu Ripoll des del límit del Parc de Sant Llorenç del Munt fins a l'EDAR de Castellar del Vallès - 110023000,422644,4607781,3332016,índex IHF
after_2007,0001,0021,F007488,Riu Ripoll des del límit del Parc de Sant Llorenç del Munt fins a l'EDAR de Castellar del Vallès - 110023000,422644,4607781,3332017,IHF (IHF-I Subtotal )
after_2007,0001,0021,F007488,Riu Ripoll des del límit del Parc de Sant Llorenç del Munt fins a l'EDAR de Castellar del Vallès - 110023000,422644,4607781,3332018,IHF (IHF-I Subtotal 2)
after_2007,0001,0021,F007488,Riu Ripoll des del límit del Parc de Sant Llorenç del Munt fins a l'EDAR de Castellar del Vallès - 110023000,422644,4607781,3332019,IHF (IHF-II Subtotal 1)
after_2007,0001,0021,F007488,Riu Ripoll des del límit del Parc de Sant Llorenç del Munt fins a l'EDAR de Castellar del Vallès - 110023000,422644,4607781,3332020,IHF (IHF-II Subtotal 2)
after_2007,0001,0021,F007488,Riu Ripoll des del límit del Parc de Sant Llorenç del Munt fins a l'EDAR de Castellar del Vallès - 110023000,422644,4607781,3332021,IHF (IHF-II Subtotal 3)
after_2007,0001,0021,F007488,Riu Ripoll des del límit del Parc de Sant Llorenç del Munt fins a l'EDAR de Castellar del Vallès - 110023000,422644,4607781,3332022,IHF (IHF-III Subtotal 1)
after_2007,0001,0021,F007488,Riu Ripoll des del límit del Parc de Sant Llorenç del Munt fins a l'EDAR de Castellar del Vallès - 110023000,422644,4607781,3332023,IHF (IHF-III Subtotal 2)
after_2007,0001,0021,F007488,Riu Ripoll des del límit del Parc de Sant Llorenç del Munt fins a l'EDAR de Castellar del Vallès - 110023000,422644,4607781,4356108,índex IHF
after_2007,0001,0021,F007489,Riu Ripoll des de l' EDAR de Castellar del Vallès fins a l'EDAR de Sabadell - 110024000,425278,4602157,3332082,índex IHF
after_2007,0001,0021,F007489,Riu Ripoll des de l' EDAR de Castellar del Vallès fins a l'EDAR de Sabadell - 110024000,425278,4602157,3332083,IHF (IHF-I Subtotal )
after_2007,0001,0021,F007489,Riu Ripoll des de l' EDAR de Castellar del Vallès fins a l'EDAR de Sabadell - 110024000,425278,4602157,3332084,IHF (IHF-I Subtotal 2)
after_2007,0001,0021,F007489,Riu Ripoll des de l' EDAR de Castellar del Vallès fins a l'EDAR de Sabadell - 110024000,425278,4602157,3332085,IHF (IHF-II Subtotal 1)
after_2007,0001,0021,F007489,Riu Ripoll des de l' EDAR de Castellar del Vallès fins a l'EDAR de Sabadell - 110024000,425278,4602157,3332086,IHF (IHF-II Subtotal 2)
after_2007,0001,0021,F007489,Riu Ripoll des de l' EDAR de Castellar del Vallès fins a l'EDAR de Sabadell - 110024000,425278,4602157,3332087,IHF (IHF-II Subtotal 3)
after_2007,0001,0021,F007489,Riu Ripoll des de l' EDAR de Castellar del Vallès fins a l'EDAR de Sabadell - 110024000,425278,4602157,3332088,IHF (IHF-III Subtotal 1)
after_2007,0001,0021,F007489,Riu Ripoll des de l' EDAR de Castellar del Vallès fins a l'EDAR de Sabadell - 110024000,425278,4602157,3332089,IHF (IHF-III Subtotal 2)
after_2007,0001,0021,F007489,Riu Ripoll des de l' EDAR de Castellar del Vallès fins a l'EDAR de Sabadell - 110024000,425278,4602157,4356109,índex IHF
after_2007,0001,0021,F007490,Riu Ripoll des de l'EDAR de Sabadell fins al Besòs - 110025000,432000,4593213,3332139,índex IHF
after_2007,0001,0021,F007490,Riu Ripoll des de l'EDAR de Sabadell fins al Besòs - 110025000,432000,4593213,3332140,IHF (IHF-I Subtotal )
after_2007,0001,0021,F007490,Riu Ripoll des de l'EDAR de Sabadell fins al Besòs - 110025000,432000,4593213,3332141,IHF (IHF-I Subtotal 2)
after_2007,0001,0021,F007490,Riu Ripoll des de l'EDAR de Sabadell fins al Besòs - 110025000,432000,4593213,3332142,IHF (IHF-II Subtotal 1)
after_2007,0001,0021,F007490,Riu Ripoll des de l'EDAR de Sabadell fins al Besòs - 110025000,432000,4593213,3332143,IHF (IHF-II Subtotal 2)
after_2007,0001,0021,F007490,Riu Ripoll des de l'EDAR de Sabadell fins al Besòs - 110025000,432000,4593213,3332144,IHF (IHF-II Subtotal 3)
after_2007,0001,0021,F007490,Riu Ripoll des de l'EDAR de Sabadell fins al Besòs - 110025000,432000,4593213,3332145,IHF (IHF-III Subtotal 1)
after_2007,0001,0021,F007490,Riu Ripoll des de l'EDAR de Sabadell fins al Besòs - 110025000,432000,4593213,3332146,IHF (IHF-III Subtotal 2)
after_2007,0001,0021,F007490,Riu Ripoll des de l'EDAR de Sabadell fins al Besòs - 110025000,432000,4593213,4356110,índex IHF
after_2007,0001,0021,F007491,Riu Sec (Besòs) - 110026000,429192,4593550,3332193,índex IHF
after_2007,0001,0021,F007491,Riu Sec (Besòs) - 110026000,429192,4593550,3332194,IHF (IHF-I Subtotal )
after_2007,0001,0021,F007491,Riu Sec (Besòs) - 110026000,429192,4593550,3332195,IHF (IHF-I Subtotal 2)
after_2007,0001,0021,F007491,Riu Sec (Besòs) - 110026000,429192,4593550,3332196,IHF (IHF-II Subtotal 1)
after_2007,0001,0021,F007491,Riu Sec (Besòs) - 110026000,429192,4593550,3332197,IHF (IHF-II Subtotal 2)
after_2007,0001,0021,F007491,Riu Sec (Besòs) - 110026000,429192,4593550,3332198,IHF (IHF-II Subtotal 3)
after_2007,0001,0021,F007491,Riu Sec (Besòs) - 110026000,429192,4593550,3332199,IHF (IHF-III Subtotal 1)
after_2007,0001,0021,F007491,Riu Sec (Besòs) - 110026000,429192,4593550,3332200,IHF (IHF-III Subtotal 2)
after_2007,0001,0021,F007491,Riu Sec (Besòs) - 110026000,429192,4593550,4356111,índex IHF
after_2007,0001,0021,F007492,Riera de Sant Cugat - 110028000,427156,4592468,3332258,índex IHF
after_2007,0001,0021,F007492,Riera de Sant Cugat - 110028000,427156,4592468,3332259,IHF (IHF-I Subtotal )
after_2007,0001,0021,F007492,Riera de Sant Cugat - 110028000,427156,4592468,3332260,IHF (IHF-I Subtotal 2)
after_2007,0001,0021,F007492,Riera de Sant Cugat - 110028000,427156,4592468,3332261,IHF (IHF-II Subtotal 1)
after_2007,0001,0021,F007492,Riera de Sant Cugat - 110028000,427156,4592468,3332262,IHF (IHF-II Subtotal 2)
after_2007,0001,0021,F007492,Riera de Sant Cugat - 110028000,427156,4592468,3332263,IHF (IHF-II Subtotal 3)
after_2007,0001,0021,F007492,Riera de Sant Cugat - 110028000,427156,4592468,3332264,IHF (IHF-III Subtotal 1)
after_2007,0001,0021,F007492,Riera de Sant Cugat - 110028000,427156,4592468,3332265,IHF (IHF-III Subtotal 2)
after_2007,0001,0021,F007492,Riera de Sant Cugat - 110028000,427156,4592468,4356112,índex IHF
after_2007,0001,0021,F007493,El Besòs des de la confluència del Ripoll fins al mar - 110030000,433240,4589118,3332322,índex IHF
after_2007,0001,0021,F007493,El Besòs des de la confluència del Ripoll fins al mar - 110030000,433240,4589118,3332323,IHF (IHF-I Subtotal )
after_2007,0001,0021,F007493,El Besòs des de la confluència del Ripoll fins al mar - 110030000,433240,4589118,3332324,IHF (IHF-I Subtotal 2)
after_2007,0001,0021,F007493,El Besòs des de la confluència del Ripoll fins al mar - 110030000,433240,4589118,3332325,IHF (IHF-II Subtotal 1)
after_2007,0001,0021,F007493,El Besòs des de la confluència del Ripoll fins al mar - 110030000,433240,4589118,3332326,IHF (IHF-II Subtotal 2)
after_2007,0001,0021,F007493,El Besòs des de la confluència del Ripoll fins al mar - 110030000,433240,4589118,3332327,IHF (IHF-II Subtotal 3)
after_2007,0001,0021,F007493,El Besòs des de la confluència del Ripoll fins al mar - 110030000,433240,4589118,3332328,IHF (IHF-III Subtotal 1)
after_2007,0001,0021,F007493,El Besòs des de la confluència del Ripoll fins al mar - 110030000,433240,4589118,3332329,IHF (IHF-III Subtotal 2)
after_2007,0001,0021,F007493,El Besòs des de la confluència del Ripoll fins al mar - 110030000,433240,4589118,4356113,índex IHF
after_2007,0001,0021,F007494,Capçalera de la riera d'Argentona fins a la confluència de la riera d'Òrrius - 120001000,451563,4605368,4420285,índex IHF
after_2007,0001,0021,F007495,Riera d'Argentona des de confluència de la riera d'Òrrius fins al mar - 120002000,449554,4602013,3332364,índex IHF
after_2007,0001,0021,F007495,Riera d'Argentona des de confluència de la riera d'Òrrius fins al mar - 120002000,449554,4602013,3332365,IHF (IHF-I Subtotal )
after_2007,0001,0021,F007495,Riera d'Argentona des de confluència de la riera d'Òrrius fins al mar - 120002000,449554,4602013,3332366,IHF (IHF-I Subtotal 2)
after_2007,0001,0021,F007495,Riera d'Argentona des de confluència de la riera d'Òrrius fins al mar - 120002000,449554,4602013,3332367,IHF (IHF-II Subtotal 1)
after_2007,0001,0021,F007495,Riera d'Argentona des de confluència de la riera d'Òrrius fins al mar - 120002000,449554,4602013,3332368,IHF (IHF-II Subtotal 2)
after_2007,0001,0021,F007495,Riera d'Argentona des de confluència de la riera d'Òrrius fins al mar - 120002000,449554,4602013,3332369,IHF (IHF-II Subtotal 3)
after_2007,0001,0021,F007495,Riera d'Argentona des de confluència de la riera d'Òrrius fins al mar - 120002000,449554,4602013,3332370,IHF (IHF-III Subtotal 1)
after_2007,0001,0021,F007495,Riera d'Argentona des de confluència de la riera d'Òrrius fins al mar - 120002000,449554,4602013,3332371,IHF (IHF-III Subtotal 2)
after_2007,0001,0021,F007495,Riera d'Argentona des de confluència de la riera d'Òrrius fins al mar - 120002000,449554,4602013,4420286,índex IHF
after_2007,0001,0021,F007496,Riera de Sant Pol - 130001000,467331,4606977,3332390,índex IHF
after_2007,0001,0021,F007496,Riera de Sant Pol - 130001000,467331,4606977,3332391,IHF (IHF-I Subtotal )
after_2007,0001,0021,F007496,Riera de Sant Pol - 130001000,467331,4606977,3332392,IHF (IHF-I Subtotal 2)
after_2007,0001,0021,F007496,Riera de Sant Pol - 130001000,467331,4606977,3332393,IHF (IHF-II Subtotal 1)
after_2007,0001,0021,F007496,Riera de Sant Pol - 130001000,467331,4606977,3332394,IHF (IHF-II Subtotal 2)
after_2007,0001,0021,F007496,Riera de Sant Pol - 130001000,467331,4606977,3332395,IHF (IHF-II Subtotal 3)
after_2007,0001,0021,F007496,Riera de Sant Pol - 130001000,467331,4606977,3332396,IHF (IHF-III Subtotal 1)
after_2007,0001,0021,F007496,Riera de Sant Pol - 130001000,467331,4606977,3332397,IHF (IHF-III Subtotal 2)
after_2007,0001,0021,F007496,Riera de Sant Pol - 130001000,467331,4606977,4356114,índex IHF
after_2007,0001,0021,F007497,Riera de Pineda  - 135101000,471822,4611160,3332458,índex IHF
after_2007,0001,0021,F007497,Riera de Pineda  - 135101000,471822,4611160,3332459,IHF (IHF-I Subtotal )
after_2007,0001,0021,F007497,Riera de Pineda  - 135101000,471822,4611160,3332460,IHF (IHF-I Subtotal 2)
after_2007,0001,0021,F007497,Riera de Pineda  - 135101000,471822,4611160,3332461,IHF (IHF-II Subtotal 1)
after_2007,0001,0021,F007497,Riera de Pineda  - 135101000,471822,4611160,3332462,IHF (IHF-II Subtotal 2)
after_2007,0001,0021,F007497,Riera de Pineda  - 135101000,471822,4611160,3332463,IHF (IHF-II Subtotal 3)
after_2007,0001,0021,F007497,Riera de Pineda  - 135101000,471822,4611160,3332464,IHF (IHF-III Subtotal 1)
after_2007,0001,0021,F007497,Riera de Pineda  - 135101000,471822,4611160,3332465,IHF (IHF-III Subtotal 2)
after_2007,0001,0021,F007497,Riera de Pineda  - 135101000,471822,4611160,4356115,índex IHF
after_2007,0001,0021,F007498,"Capçalera de la Tordera fins a l'EDAR de Santa Maria de Palautordera, inclosa la riera de la Castanya - 140001000",449036,4623648,3332536,índex IHF
after_2007,0001,0021,F007498,"Capçalera de la Tordera fins a l'EDAR de Santa Maria de Palautordera, inclosa la riera de la Castanya - 140001000",449036,4623648,3332537,IHF (IHF-I Subtotal )
after_2007,0001,0021,F007498,"Capçalera de la Tordera fins a l'EDAR de Santa Maria de Palautordera, inclosa la riera de la Castanya - 140001000",449036,4623648,3332538,IHF (IHF-I Subtotal 2)
after_2007,0001,0021,F007498,"Capçalera de la Tordera fins a l'EDAR de Santa Maria de Palautordera, inclosa la riera de la Castanya - 140001000",449036,4623648,3332539,IHF (IHF-II Subtotal 1)
after_2007,0001,0021,F007498,"Capçalera de la Tordera fins a l'EDAR de Santa Maria de Palautordera, inclosa la riera de la Castanya - 140001000",449036,4623648,3332540,IHF (IHF-II Subtotal 2)
after_2007,0001,0021,F007498,"Capçalera de la Tordera fins a l'EDAR de Santa Maria de Palautordera, inclosa la riera de la Castanya - 140001000",449036,4623648,3332541,IHF (IHF-II Subtotal 3)
after_2007,0001,0021,F007498,"Capçalera de la Tordera fins a l'EDAR de Santa Maria de Palautordera, inclosa la riera de la Castanya - 140001000",449036,4623648,3332542,IHF (IHF-III Subtotal 1)
after_2007,0001,0021,F007498,"Capçalera de la Tordera fins a l'EDAR de Santa Maria de Palautordera, inclosa la riera de la Castanya - 140001000",449036,4623648,3332543,IHF (IHF-III Subtotal 2)
after_2007,0001,0021,F007498,"Capçalera de la Tordera fins a l'EDAR de Santa Maria de Palautordera, inclosa la riera de la Castanya - 140001000",449036,4623648,4356116,índex IHF
after_2007,0001,0021,F007499,La Tordera des de l'EDAR de Santa Maria de Palautordera fins a l'EDAR de Sant Celoni - 140003000,457478,4614405,3332617,índex IHF
after_2007,0001,0021,F007499,La Tordera des de l'EDAR de Santa Maria de Palautordera fins a l'EDAR de Sant Celoni - 140003000,457478,4614405,3332618,IHF (IHF-I Subtotal )
after_2007,0001,0021,F007499,La Tordera des de l'EDAR de Santa Maria de Palautordera fins a l'EDAR de Sant Celoni - 140003000,457478,4614405,3332619,IHF (IHF-I Subtotal 2)
after_2007,0001,0021,F007499,La Tordera des de l'EDAR de Santa Maria de Palautordera fins a l'EDAR de Sant Celoni - 140003000,457478,4614405,3332620,IHF (IHF-II Subtotal 1)
after_2007,0001,0021,F007499,La Tordera des de l'EDAR de Santa Maria de Palautordera fins a l'EDAR de Sant Celoni - 140003000,457478,4614405,3332621,IHF (IHF-II Subtotal 2)
after_2007,0001,0021,F007499,La Tordera des de l'EDAR de Santa Maria de Palautordera fins a l'EDAR de Sant Celoni - 140003000,457478,4614405,3332622,IHF (IHF-II Subtotal 3)
after_2007,0001,0021,F007499,La Tordera des de l'EDAR de Santa Maria de Palautordera fins a l'EDAR de Sant Celoni - 140003000,457478,4614405,3332623,IHF (IHF-III Subtotal 1)
after_2007,0001,0021,F007499,La Tordera des de l'EDAR de Santa Maria de Palautordera fins a l'EDAR de Sant Celoni - 140003000,457478,4614405,3332624,IHF (IHF-III Subtotal 2)
after_2007,0001,0021,F007499,La Tordera des de l'EDAR de Santa Maria de Palautordera fins a l'EDAR de Sant Celoni - 140003000,457478,4614405,4356117,índex IHF
after_2007,0001,0021,F007500,Riera de Vallgorguina - 140004000,456791,4612483,3332672,índex IHF
after_2007,0001,0021,F007500,Riera de Vallgorguina - 140004000,456791,4612483,3332673,IHF (IHF-I Subtotal )
after_2007,0001,0021,F007500,Riera de Vallgorguina - 140004000,456791,4612483,3332674,IHF (IHF-I Subtotal 2)
after_2007,0001,0021,F007500,Riera de Vallgorguina - 140004000,456791,4612483,3332675,IHF (IHF-II Subtotal 1)
after_2007,0001,0021,F007500,Riera de Vallgorguina - 140004000,456791,4612483,3332676,IHF (IHF-II Subtotal 2)
after_2007,0001,0021,F007500,Riera de Vallgorguina - 140004000,456791,4612483,3332677,IHF (IHF-II Subtotal 3)
after_2007,0001,0021,F007500,Riera de Vallgorguina - 140004000,456791,4612483,3332678,IHF (IHF-III Subtotal 1)
after_2007,0001,0021,F007500,Riera de Vallgorguina - 140004000,456791,4612483,3332679,IHF (IHF-III Subtotal 2)
after_2007,0001,0021,F007500,Riera de Vallgorguina - 140004000,456791,4612483,4356118,índex IHF
after_2007,0001,0021,F007501,La Tordera des de l'EDAR de Sant Celoni fins a la confluència de la riera d'Arbúcies - 140006000,466947,4619673,3332741,índex IHF
after_2007,0001,0021,F007501,La Tordera des de l'EDAR de Sant Celoni fins a la confluència de la riera d'Arbúcies - 140006000,466947,4619673,3332742,IHF (IHF-I Subtotal )
after_2007,0001,0021,F007501,La Tordera des de l'EDAR de Sant Celoni fins a la confluència de la riera d'Arbúcies - 140006000,466947,4619673,3332743,IHF (IHF-I Subtotal 2)
after_2007,0001,0021,F007501,La Tordera des de l'EDAR de Sant Celoni fins a la confluència de la riera d'Arbúcies - 140006000,466947,4619673,3332744,IHF (IHF-II Subtotal 1)
after_2007,0001,0021,F007501,La Tordera des de l'EDAR de Sant Celoni fins a la confluència de la riera d'Arbúcies - 140006000,466947,4619673,3332745,IHF (IHF-II Subtotal 2)
after_2007,0001,0021,F007501,La Tordera des de l'EDAR de Sant Celoni fins a la confluència de la riera d'Arbúcies - 140006000,466947,4619673,3332746,IHF (IHF-II Subtotal 3)
after_2007,0001,0021,F007501,La Tordera des de l'EDAR de Sant Celoni fins a la confluència de la riera d'Arbúcies - 140006000,466947,4619673,3332747,IHF (IHF-III Subtotal 1)
after_2007,0001,0021,F007501,La Tordera des de l'EDAR de Sant Celoni fins a la confluència de la riera d'Arbúcies - 140006000,466947,4619673,3332748,IHF (IHF-III Subtotal 2)
after_2007,0001,0021,F007501,La Tordera des de l'EDAR de Sant Celoni fins a la confluència de la riera d'Arbúcies - 140006000,466947,4619673,4356119,índex IHF
after_2007,0001,0021,F007502,Capçalera de la riera de Gualba fins a la cua de l'embassament de Santa Fe - 140007000,454424,4625570,4356120,índex IHF
after_2007,0001,0021,F007503,Riera de Gualba des de la presa de Santa Fe fins a la Tordera - 140008000,460350,4618715,4356121,índex IHF
after_2007,0001,0021,F007504,Riera de Fuirosos - 140010000,464906,4615795,4356122,índex IHF
after_2007,0001,0021,F007505,Riera de Breda - 140011000,463368,4620915,3332870,índex IHF
after_2007,0001,0021,F007505,Riera de Breda - 140011000,463368,4620915,3332871,IHF (IHF-I Subtotal )
after_2007,0001,0021,F007505,Riera de Breda - 140011000,463368,4620915,3332872,IHF (IHF-I Subtotal 2)
after_2007,0001,0021,F007505,Riera de Breda - 140011000,463368,4620915,3332873,IHF (IHF-II Subtotal 1)
after_2007,0001,0021,F007505,Riera de Breda - 140011000,463368,4620915,3332874,IHF (IHF-II Subtotal 2)
after_2007,0001,0021,F007505,Riera de Breda - 140011000,463368,4620915,3332875,IHF (IHF-II Subtotal 3)
after_2007,0001,0021,F007505,Riera de Breda - 140011000,463368,4620915,3332876,IHF (IHF-III Subtotal 1)
after_2007,0001,0021,F007505,Riera de Breda - 140011000,463368,4620915,3332877,IHF (IHF-III Subtotal 2)
after_2007,0001,0021,F007505,Riera de Breda - 140011000,463368,4620915,4356123,índex IHF
after_2007,0001,0021,F007506,"Capçalera de la riera d'Arbúcies fins a la riera de Buixalleu (canvi de tipologia), inclosa la riera de la Pineda - 140013000",458135,4629679,4356124,índex IHF
after_2007,0001,0021,F007507,Tram baix de la riera d'Arbúcies - 140014000,467165,4622820,4356125,índex IHF
after_2007,0001,0021,F007508,La Tordera entre la riera d'Arbúcies i la riera de Santa Coloma - 140015000,472830,4621157,4356126,índex IHF
after_2007,0001,0021,F007509,Capçalera de la riera de Santa Coloma fins a Santa Coloma de Faners - 140016000,466246,4635038,4356127,índex IHF
after_2007,0001,0021,F007510,Riera de Santa Coloma des de Santa Coloma fins a l'inici del tram inclòs a la Xarxa Natura 2000 - 140017000,473899,4631816,4356128,índex IHF
after_2007,0001,0021,F007511,Riera de l'Esparra - 140018000,474195,4628191,4356129,índex IHF
after_2007,0001,0021,F007512,Sèquia de Sils - 140019000,474189,4626704,3333107,índex IHF
after_2007,0001,0021,F007512,Sèquia de Sils - 140019000,474189,4626704,3333108,IHF (IHF-I Subtotal )
after_2007,0001,0021,F007512,Sèquia de Sils - 140019000,474189,4626704,3333109,IHF (IHF-I Subtotal 2)
after_2007,0001,0021,F007512,Sèquia de Sils - 140019000,474189,4626704,3333110,IHF (IHF-II Subtotal 1)
after_2007,0001,0021,F007512,Sèquia de Sils - 140019000,474189,4626704,3333111,IHF (IHF-II Subtotal 2)
after_2007,0001,0021,F007512,Sèquia de Sils - 140019000,474189,4626704,3333112,IHF (IHF-II Subtotal 3)
after_2007,0001,0021,F007512,Sèquia de Sils - 140019000,474189,4626704,3333113,IHF (IHF-III Subtotal 1)
after_2007,0001,0021,F007512,Sèquia de Sils - 140019000,474189,4626704,3333114,IHF (IHF-III Subtotal 2)
after_2007,0001,0021,F007512,Sèquia de Sils - 140019000,474189,4626704,4356130,índex IHF
after_2007,0001,0021,F007513,El Reclar i riera de Pins - 140020000,478735,4627523,3333144,índex IHF
after_2007,0001,0021,F007513,El Reclar i riera de Pins - 140020000,478735,4627523,3333145,IHF (IHF-I Subtotal )
after_2007,0001,0021,F007513,El Reclar i riera de Pins - 140020000,478735,4627523,3333146,IHF (IHF-I Subtotal 2)
after_2007,0001,0021,F007513,El Reclar i riera de Pins - 140020000,478735,4627523,3333147,IHF (IHF-II Subtotal 1)
after_2007,0001,0021,F007513,El Reclar i riera de Pins - 140020000,478735,4627523,3333148,IHF (IHF-II Subtotal 2)
after_2007,0001,0021,F007513,El Reclar i riera de Pins - 140020000,478735,4627523,3333149,IHF (IHF-II Subtotal 3)
after_2007,0001,0021,F007513,El Reclar i riera de Pins - 140020000,478735,4627523,3333150,IHF (IHF-III Subtotal 1)
after_2007,0001,0021,F007513,El Reclar i riera de Pins - 140020000,478735,4627523,3333151,IHF (IHF-III Subtotal 2)
after_2007,0001,0021,F007513,El Reclar i riera de Pins - 140020000,478735,4627523,4356131,índex IHF
after_2007,0001,0021,F007514,Riera de Santa Coloma des de l'inici del tram inclòs a la Xarxa Natura 2000 fins a la Tordera - 140021500,474252,4626972,4356132,índex IHF
after_2007,0001,0021,F007515,Riera de Maçanes - 140022000,470697,4624540,4356133,índex IHF
after_2007,0001,0021,F007516,La Tordera des de la confluència de la riera de Santa Coloma fins a la confluència de la riera de Vallmanya - 140023000,475745,4618342,3333309,índex IHF
after_2007,0001,0021,F007516,La Tordera des de la confluència de la riera de Santa Coloma fins a la confluència de la riera de Vallmanya - 140023000,475745,4618342,3333310,IHF (IHF-I Subtotal )
after_2007,0001,0021,F007516,La Tordera des de la confluència de la riera de Santa Coloma fins a la confluència de la riera de Vallmanya - 140023000,475745,4618342,3333311,IHF (IHF-I Subtotal 2)
after_2007,0001,0021,F007516,La Tordera des de la confluència de la riera de Santa Coloma fins a la confluència de la riera de Vallmanya - 140023000,475745,4618342,3333312,IHF (IHF-II Subtotal 1)
after_2007,0001,0021,F007516,La Tordera des de la confluència de la riera de Santa Coloma fins a la confluència de la riera de Vallmanya - 140023000,475745,4618342,3333313,IHF (IHF-II Subtotal 2)
after_2007,0001,0021,F007516,La Tordera des de la confluència de la riera de Santa Coloma fins a la confluència de la riera de Vallmanya - 140023000,475745,4618342,3333314,IHF (IHF-II Subtotal 3)
after_2007,0001,0021,F007516,La Tordera des de la confluència de la riera de Santa Coloma fins a la confluència de la riera de Vallmanya - 140023000,475745,4618342,3333315,IHF (IHF-III Subtotal 1)
after_2007,0001,0021,F007516,La Tordera des de la confluència de la riera de Santa Coloma fins a la confluència de la riera de Vallmanya - 140023000,475745,4618342,3333316,IHF (IHF-III Subtotal 2)
after_2007,0001,0021,F007516,La Tordera des de la confluència de la riera de Santa Coloma fins a la confluència de la riera de Vallmanya - 140023000,475745,4618342,4356134,índex IHF
after_2007,0001,0021,F007517,La Tordera des de la confluència de la riera de Vallmanya fins al mar - 140024000,480394,4612722,3333359,índex IHF
after_2007,0001,0021,F007517,La Tordera des de la confluència de la riera de Vallmanya fins al mar - 140024000,480394,4612722,3333360,IHF (IHF-I Subtotal )
after_2007,0001,0021,F007517,La Tordera des de la confluència de la riera de Vallmanya fins al mar - 140024000,480394,4612722,3333361,IHF (IHF-I Subtotal 2)
after_2007,0001,0021,F007517,La Tordera des de la confluència de la riera de Vallmanya fins al mar - 140024000,480394,4612722,3333362,IHF (IHF-II Subtotal 1)
after_2007,0001,0021,F007517,La Tordera des de la confluència de la riera de Vallmanya fins al mar - 140024000,480394,4612722,3333363,IHF (IHF-II Subtotal 2)
after_2007,0001,0021,F007517,La Tordera des de la confluència de la riera de Vallmanya fins al mar - 140024000,480394,4612722,3333364,IHF (IHF-II Subtotal 3)
after_2007,0001,0021,F007517,La Tordera des de la confluència de la riera de Vallmanya fins al mar - 140024000,480394,4612722,3333365,IHF (IHF-III Subtotal 1)
after_2007,0001,0021,F007517,La Tordera des de la confluència de la riera de Vallmanya fins al mar - 140024000,480394,4612722,3333366,IHF (IHF-III Subtotal 2)
after_2007,0001,0021,F007517,La Tordera des de la confluència de la riera de Vallmanya fins al mar - 140024000,480394,4612722,4356135,índex IHF
after_2007,0001,0021,F007518,Capçaleres del sot de Verderes i la riera de Tossa fins a l'EDAR de Tossa de Mar - 150001000,491424,4621111,4356136,índex IHF
after_2007,0001,0021,F007519,Riera de Tossa des de l'EDAR de Tossa de Mar fins al mar - 150003000,493818,4619651,3333434,índex IHF
after_2007,0001,0021,F007519,Riera de Tossa des de l'EDAR de Tossa de Mar fins al mar - 150003000,493818,4619651,3333435,IHF (IHF-I Subtotal )
after_2007,0001,0021,F007519,Riera de Tossa des de l'EDAR de Tossa de Mar fins al mar - 150003000,493818,4619651,3333436,IHF (IHF-I Subtotal 2)
after_2007,0001,0021,F007519,Riera de Tossa des de l'EDAR de Tossa de Mar fins al mar - 150003000,493818,4619651,3333437,IHF (IHF-II Subtotal 1)
after_2007,0001,0021,F007519,Riera de Tossa des de l'EDAR de Tossa de Mar fins al mar - 150003000,493818,4619651,3333438,IHF (IHF-II Subtotal 2)
after_2007,0001,0021,F007519,Riera de Tossa des de l'EDAR de Tossa de Mar fins al mar - 150003000,493818,4619651,3333439,IHF (IHF-II Subtotal 3)
after_2007,0001,0021,F007519,Riera de Tossa des de l'EDAR de Tossa de Mar fins al mar - 150003000,493818,4619651,3333440,IHF (IHF-III Subtotal 1)
after_2007,0001,0021,F007519,Riera de Tossa des de l'EDAR de Tossa de Mar fins al mar - 150003000,493818,4619651,3333441,IHF (IHF-III Subtotal 2)
after_2007,0001,0021,F007519,Riera de Tossa des de l'EDAR de Tossa de Mar fins al mar - 150003000,493818,4619651,4356137,índex IHF
after_2007,0001,0021,F007520,Capçalera del Ridaura fins a l'EDAR de Castell-Platja d'Aro - 160001000,494624,4630671,4356138,índex IHF
after_2007,0001,0021,F007521,Riu Ridaura des de l'EDAR de Castell-Platja d'Aro fins al mar  - 160002000,503573,4628943,3333596,índex IHF
after_2007,0001,0021,F007521,Riu Ridaura des de l'EDAR de Castell-Platja d'Aro fins al mar  - 160002000,503573,4628943,3333597,IHF (IHF-I Subtotal )
after_2007,0001,0021,F007521,Riu Ridaura des de l'EDAR de Castell-Platja d'Aro fins al mar  - 160002000,503573,4628943,3333598,IHF (IHF-I Subtotal 2)
after_2007,0001,0021,F007521,Riu Ridaura des de l'EDAR de Castell-Platja d'Aro fins al mar  - 160002000,503573,4628943,3333599,IHF (IHF-II Subtotal 1)
after_2007,0001,0021,F007521,Riu Ridaura des de l'EDAR de Castell-Platja d'Aro fins al mar  - 160002000,503573,4628943,3333600,IHF (IHF-II Subtotal 2)
after_2007,0001,0021,F007521,Riu Ridaura des de l'EDAR de Castell-Platja d'Aro fins al mar  - 160002000,503573,4628943,3333601,IHF (IHF-II Subtotal 3)
after_2007,0001,0021,F007521,Riu Ridaura des de l'EDAR de Castell-Platja d'Aro fins al mar  - 160002000,503573,4628943,3333602,IHF (IHF-III Subtotal 1)
after_2007,0001,0021,F007521,Riu Ridaura des de l'EDAR de Castell-Platja d'Aro fins al mar  - 160002000,503573,4628943,3333603,IHF (IHF-III Subtotal 2)
after_2007,0001,0021,F007521,Riu Ridaura des de l'EDAR de Castell-Platja d'Aro fins al mar  - 160002000,503573,4628943,4356139,índex IHF
after_2007,0001,0021,F007522,Capçalera de la riera de Calonge fins al límit del PEIN - 170001000,503369,4632847,4356140,índex IHF
after_2007,0001,0021,F007523,Riera de Calonge des del límit del PEIN fins al mar - 170002000,506754,4633643,4356141,índex IHF
after_2007,0001,0021,F007524,Riera d'Aubi - 180001000,512771,4637902,3333669,índex IHF
after_2007,0001,0021,F007524,Riera d'Aubi - 180001000,512771,4637902,3333670,IHF (IHF-I Subtotal )
after_2007,0001,0021,F007524,Riera d'Aubi - 180001000,512771,4637902,3333671,IHF (IHF-I Subtotal 2)
after_2007,0001,0021,F007524,Riera d'Aubi - 180001000,512771,4637902,3333672,IHF (IHF-II Subtotal 1)
after_2007,0001,0021,F007524,Riera d'Aubi - 180001000,512771,4637902,3333673,IHF (IHF-II Subtotal 2)
after_2007,0001,0021,F007524,Riera d'Aubi - 180001000,512771,4637902,3333674,IHF (IHF-II Subtotal 3)
after_2007,0001,0021,F007524,Riera d'Aubi - 180001000,512771,4637902,3333675,IHF (IHF-III Subtotal 1)
after_2007,0001,0021,F007524,Riera d'Aubi - 180001000,512771,4637902,3333676,IHF (IHF-III Subtotal 2)
after_2007,0001,0021,F007524,Riera d'Aubi - 180001000,512771,4637902,4356142,índex IHF
after_2007,0001,0021,F007525,Capçalera del Daró fins a la confluència amb el torrent de la Marqueta (torrent de la Marqueta inclòs) - 190001000,500738,4643462,4356143,índex IHF
after_2007,0001,0021,F007526,El Daró entre el torrent de la Marqueta i el Rissec (tram urbà de la Bisbal) - 190002000,503425,4647607,3333757,índex IHF
after_2007,0001,0021,F007526,El Daró entre el torrent de la Marqueta i el Rissec (tram urbà de la Bisbal) - 190002000,503425,4647607,3333758,IHF (IHF-I Subtotal )
after_2007,0001,0021,F007526,El Daró entre el torrent de la Marqueta i el Rissec (tram urbà de la Bisbal) - 190002000,503425,4647607,3333759,IHF (IHF-I Subtotal 2)
after_2007,0001,0021,F007526,El Daró entre el torrent de la Marqueta i el Rissec (tram urbà de la Bisbal) - 190002000,503425,4647607,3333760,IHF (IHF-II Subtotal 1)
after_2007,0001,0021,F007526,El Daró entre el torrent de la Marqueta i el Rissec (tram urbà de la Bisbal) - 190002000,503425,4647607,3333761,IHF (IHF-II Subtotal 2)
after_2007,0001,0021,F007526,El Daró entre el torrent de la Marqueta i el Rissec (tram urbà de la Bisbal) - 190002000,503425,4647607,3333762,IHF (IHF-II Subtotal 3)
after_2007,0001,0021,F007526,El Daró entre el torrent de la Marqueta i el Rissec (tram urbà de la Bisbal) - 190002000,503425,4647607,3333763,IHF (IHF-III Subtotal 1)
after_2007,0001,0021,F007526,El Daró entre el torrent de la Marqueta i el Rissec (tram urbà de la Bisbal) - 190002000,503425,4647607,3333764,IHF (IHF-III Subtotal 2)
after_2007,0001,0021,F007526,El Daró entre el torrent de la Marqueta i el Rissec (tram urbà de la Bisbal) - 190002000,503425,4647607,4356144,índex IHF
after_2007,0001,0021,F007527,"Riu Daró des de la confluència del Rissec fins a Gualta, inclosos el Rissec i la riera de Rupià - 190003000",508539,4653221,3333794,índex IHF
after_2007,0001,0021,F007527,"Riu Daró des de la confluència del Rissec fins a Gualta, inclosos el Rissec i la riera de Rupià - 190003000",508539,4653221,3333795,IHF (IHF-I Subtotal )
after_2007,0001,0021,F007527,"Riu Daró des de la confluència del Rissec fins a Gualta, inclosos el Rissec i la riera de Rupià - 190003000",508539,4653221,3333796,IHF (IHF-I Subtotal 2)
after_2007,0001,0021,F007527,"Riu Daró des de la confluència del Rissec fins a Gualta, inclosos el Rissec i la riera de Rupià - 190003000",508539,4653221,3333797,IHF (IHF-II Subtotal 1)
after_2007,0001,0021,F007527,"Riu Daró des de la confluència del Rissec fins a Gualta, inclosos el Rissec i la riera de Rupià - 190003000",508539,4653221,3333798,IHF (IHF-II Subtotal 2)
after_2007,0001,0021,F007527,"Riu Daró des de la confluència del Rissec fins a Gualta, inclosos el Rissec i la riera de Rupià - 190003000",508539,4653221,3333799,IHF (IHF-II Subtotal 3)
after_2007,0001,0021,F007527,"Riu Daró des de la confluència del Rissec fins a Gualta, inclosos el Rissec i la riera de Rupià - 190003000",508539,4653221,3333800,IHF (IHF-III Subtotal 1)
after_2007,0001,0021,F007527,"Riu Daró des de la confluència del Rissec fins a Gualta, inclosos el Rissec i la riera de Rupià - 190003000",508539,4653221,3333801,IHF (IHF-III Subtotal 2)
after_2007,0001,0021,F007527,"Riu Daró des de la confluència del Rissec fins a Gualta, inclosos el Rissec i la riera de Rupià - 190003000",508539,4653221,4356145,índex IHF
after_2007,0001,0021,F007528,Capçalera del Ter fins a la confluència amb el Ritort (Ritort inclòs) - 200001000,446469,4685287,4356146,índex IHF
after_2007,0001,0021,F007529,El Ter entre el Ritort i el Freser - 200002000,437368,4674575,4356147,índex IHF
after_2007,0001,0021,F007530,"Capçalera del Freser fins a Campdevànol, inclosos el Rigard i el Segadell - 200003000",431007,4678048,4356148,índex IHF
after_2007,0001,0021,F007531,Riu Freser des de Campdevànol fins a la confluència amb el Ter - 200004000,431341,4673706,4356149,índex IHF
after_2007,0001,0021,F007532,Riu Merdàs - 200005000,424296,4677759,4356150,índex IHF
after_2007,0001,0021,F007533,El Ter entre el Freser i la riera de Vallfogona - 200006000,433894,4671033,4356151,índex IHF
after_2007,0001,0021,F007534,Riera de les Llosses - 200007000,430074,4668865,4356152,índex IHF
after_2007,0001,0021,F007535,Riera de Vallfogona - 200008000,437543,4670858,4356153,índex IHF
after_2007,0001,0021,F007536,El Ter entre la riera de Vallfogona i el Ges - 200009000,434466,4662661,4356154,índex IHF
after_2007,0001,0021,F007537,Riera de Sora - 200010000,432475,4663231,4356155,índex IHF
after_2007,0001,0021,F007538,Riera de la Foradada - 200011000,436848,4661438,4356156,índex IHF
after_2007,0001,0021,F007539,Capçalera del Ges fina a la confluència amb el Fornès (Fornès inclòs) - 200013000,442190,4658218,3334208,índex IHF
after_2007,0001,0021,F007539,Capçalera del Ges fina a la confluència amb el Fornès (Fornès inclòs) - 200013000,442190,4658218,3334209,IHF (IHF-I Subtotal )
after_2007,0001,0021,F007539,Capçalera del Ges fina a la confluència amb el Fornès (Fornès inclòs) - 200013000,442190,4658218,3334210,IHF (IHF-I Subtotal 2)
after_2007,0001,0021,F007539,Capçalera del Ges fina a la confluència amb el Fornès (Fornès inclòs) - 200013000,442190,4658218,3334211,IHF (IHF-II Subtotal 1)
after_2007,0001,0021,F007539,Capçalera del Ges fina a la confluència amb el Fornès (Fornès inclòs) - 200013000,442190,4658218,3334212,IHF (IHF-II Subtotal 2)
after_2007,0001,0021,F007539,Capçalera del Ges fina a la confluència amb el Fornès (Fornès inclòs) - 200013000,442190,4658218,3334213,IHF (IHF-II Subtotal 3)
after_2007,0001,0021,F007539,Capçalera del Ges fina a la confluència amb el Fornès (Fornès inclòs) - 200013000,442190,4658218,3334214,IHF (IHF-III Subtotal 1)
after_2007,0001,0021,F007539,Capçalera del Ges fina a la confluència amb el Fornès (Fornès inclòs) - 200013000,442190,4658218,3334215,IHF (IHF-III Subtotal 2)
after_2007,0001,0021,F007539,Capçalera del Ges fina a la confluència amb el Fornès (Fornès inclòs) - 200013000,442190,4658218,4356157,índex IHF
after_2007,0001,0021,F007540,El Ges des de la confluència del Fornès fins al Ter - 200014000,439545,4655609,4356158,índex IHF
after_2007,0001,0021,F007541,El Ter entre el Ges i el Gurri - 200015000,440445,4648830,3334318,índex IHF
after_2007,0001,0021,F007541,El Ter entre el Ges i el Gurri - 200015000,440445,4648830,3334319,IHF (IHF-I Subtotal )
after_2007,0001,0021,F007541,El Ter entre el Ges i el Gurri - 200015000,440445,4648830,3334320,IHF (IHF-I Subtotal 2)
after_2007,0001,0021,F007541,El Ter entre el Ges i el Gurri - 200015000,440445,4648830,3334321,IHF (IHF-II Subtotal 1)
after_2007,0001,0021,F007541,El Ter entre el Ges i el Gurri - 200015000,440445,4648830,3334322,IHF (IHF-II Subtotal 2)
after_2007,0001,0021,F007541,El Ter entre el Ges i el Gurri - 200015000,440445,4648830,3334323,IHF (IHF-II Subtotal 3)
after_2007,0001,0021,F007541,El Ter entre el Ges i el Gurri - 200015000,440445,4648830,3334324,IHF (IHF-III Subtotal 1)
after_2007,0001,0021,F007541,El Ter entre el Ges i el Gurri - 200015000,440445,4648830,3334325,IHF (IHF-III Subtotal 2)
after_2007,0001,0021,F007541,El Ter entre el Ges i el Gurri - 200015000,440445,4648830,4356159,índex IHF
after_2007,0001,0021,F007542,Capçalera de la riera de Sorreigs fins a Angelats (límit del PEIN) - 200017000,432891,4650667,4356160,índex IHF
after_2007,0001,0021,F007543,Riera de Sorreigs des d'Angelats (límit del PEIN) fins al Ter - 200018000,436050,4648924,3334581,índex IHF
after_2007,0001,0021,F007543,Riera de Sorreigs des d'Angelats (límit del PEIN) fins al Ter - 200018000,436050,4648924,3334582,IHF (IHF-I Subtotal )
after_2007,0001,0021,F007543,Riera de Sorreigs des d'Angelats (límit del PEIN) fins al Ter - 200018000,436050,4648924,3334583,IHF (IHF-I Subtotal 2)
after_2007,0001,0021,F007543,Riera de Sorreigs des d'Angelats (límit del PEIN) fins al Ter - 200018000,436050,4648924,3334584,IHF (IHF-II Subtotal 1)
after_2007,0001,0021,F007543,Riera de Sorreigs des d'Angelats (límit del PEIN) fins al Ter - 200018000,436050,4648924,3334585,IHF (IHF-II Subtotal 2)
after_2007,0001,0021,F007543,Riera de Sorreigs des d'Angelats (límit del PEIN) fins al Ter - 200018000,436050,4648924,3334586,IHF (IHF-II Subtotal 3)
after_2007,0001,0021,F007543,Riera de Sorreigs des d'Angelats (límit del PEIN) fins al Ter - 200018000,436050,4648924,3334587,IHF (IHF-III Subtotal 1)
after_2007,0001,0021,F007543,Riera de Sorreigs des d'Angelats (límit del PEIN) fins al Ter - 200018000,436050,4648924,3334588,IHF (IHF-III Subtotal 2)
after_2007,0001,0021,F007543,Riera de Sorreigs des d'Angelats (límit del PEIN) fins al Ter - 200018000,436050,4648924,4356161,índex IHF
after_2007,0001,0021,F007544,Capçalera del Gurri fins a la confluència amb la riera de Tona - 200019000,438514,4635618,4356162,índex IHF
after_2007,0001,0021,F007545,"Riu Gurri entre la riera de Tona i la riera de Rimentol, inclosos la riera de Tona, la conca del Mèder i la riera de Rimentol - 200019500",439959,4642899,3334686,índex IHF
after_2007,0001,0021,F007545,"Riu Gurri entre la riera de Tona i la riera de Rimentol, inclosos la riera de Tona, la conca del Mèder i la riera de Rimentol - 200019500",439959,4642899,3334687,IHF (IHF-I Subtotal )
after_2007,0001,0021,F007545,"Riu Gurri entre la riera de Tona i la riera de Rimentol, inclosos la riera de Tona, la conca del Mèder i la riera de Rimentol - 200019500",439959,4642899,3334688,IHF (IHF-I Subtotal 2)
after_2007,0001,0021,F007545,"Riu Gurri entre la riera de Tona i la riera de Rimentol, inclosos la riera de Tona, la conca del Mèder i la riera de Rimentol - 200019500",439959,4642899,3334689,IHF (IHF-II Subtotal 1)
after_2007,0001,0021,F007545,"Riu Gurri entre la riera de Tona i la riera de Rimentol, inclosos la riera de Tona, la conca del Mèder i la riera de Rimentol - 200019500",439959,4642899,3334690,IHF (IHF-II Subtotal 2)
after_2007,0001,0021,F007545,"Riu Gurri entre la riera de Tona i la riera de Rimentol, inclosos la riera de Tona, la conca del Mèder i la riera de Rimentol - 200019500",439959,4642899,3334691,IHF (IHF-II Subtotal 3)
after_2007,0001,0021,F007545,"Riu Gurri entre la riera de Tona i la riera de Rimentol, inclosos la riera de Tona, la conca del Mèder i la riera de Rimentol - 200019500",439959,4642899,3334692,IHF (IHF-III Subtotal 1)
after_2007,0001,0021,F007545,"Riu Gurri entre la riera de Tona i la riera de Rimentol, inclosos la riera de Tona, la conca del Mèder i la riera de Rimentol - 200019500",439959,4642899,3334693,IHF (IHF-III Subtotal 2)
after_2007,0001,0021,F007545,"Riu Gurri entre la riera de Tona i la riera de Rimentol, inclosos la riera de Tona, la conca del Mèder i la riera de Rimentol - 200019500",439959,4642899,4356163,índex IHF
after_2007,0001,0021,F007546,Riu Gurri des de la confluència de la riera de Rimentol fins al Ter (inclòs el torrent de Folgueroles) - 200020000,441143,4648214,3334769,índex IHF
after_2007,0001,0021,F007546,Riu Gurri des de la confluència de la riera de Rimentol fins al Ter (inclòs el torrent de Folgueroles) - 200020000,441143,4648214,3334770,IHF (IHF-I Subtotal )
after_2007,0001,0021,F007546,Riu Gurri des de la confluència de la riera de Rimentol fins al Ter (inclòs el torrent de Folgueroles) - 200020000,441143,4648214,3334771,IHF (IHF-I Subtotal 2)
after_2007,0001,0021,F007546,Riu Gurri des de la confluència de la riera de Rimentol fins al Ter (inclòs el torrent de Folgueroles) - 200020000,441143,4648214,3334772,IHF (IHF-II Subtotal 1)
after_2007,0001,0021,F007546,Riu Gurri des de la confluència de la riera de Rimentol fins al Ter (inclòs el torrent de Folgueroles) - 200020000,441143,4648214,3334773,IHF (IHF-II Subtotal 2)
after_2007,0001,0021,F007546,Riu Gurri des de la confluència de la riera de Rimentol fins al Ter (inclòs el torrent de Folgueroles) - 200020000,441143,4648214,3334774,IHF (IHF-II Subtotal 3)
after_2007,0001,0021,F007546,Riu Gurri des de la confluència de la riera de Rimentol fins al Ter (inclòs el torrent de Folgueroles) - 200020000,441143,4648214,3334775,IHF (IHF-III Subtotal 1)
after_2007,0001,0021,F007546,Riu Gurri des de la confluència de la riera de Rimentol fins al Ter (inclòs el torrent de Folgueroles) - 200020000,441143,4648214,3334776,IHF (IHF-III Subtotal 2)
after_2007,0001,0021,F007546,Riu Gurri des de la confluència de la riera de Rimentol fins al Ter (inclòs el torrent de Folgueroles) - 200020000,441143,4648214,4356164,índex IHF
after_2007,0001,0021,F007547,El Ter entre el Gurri i la cua de l'embassament de Sau - 200021000,442932,4646754,3334874,índex IHF
after_2007,0001,0021,F007547,El Ter entre el Gurri i la cua de l'embassament de Sau - 200021000,442932,4646754,3334875,IHF (IHF-I Subtotal )
after_2007,0001,0021,F007547,El Ter entre el Gurri i la cua de l'embassament de Sau - 200021000,442932,4646754,3334876,IHF (IHF-I Subtotal 2)
after_2007,0001,0021,F007547,El Ter entre el Gurri i la cua de l'embassament de Sau - 200021000,442932,4646754,3334877,IHF (IHF-II Subtotal 1)
after_2007,0001,0021,F007547,El Ter entre el Gurri i la cua de l'embassament de Sau - 200021000,442932,4646754,3334878,IHF (IHF-II Subtotal 2)
after_2007,0001,0021,F007547,El Ter entre el Gurri i la cua de l'embassament de Sau - 200021000,442932,4646754,3334879,IHF (IHF-II Subtotal 3)
after_2007,0001,0021,F007547,El Ter entre el Gurri i la cua de l'embassament de Sau - 200021000,442932,4646754,3334880,IHF (IHF-III Subtotal 1)
after_2007,0001,0021,F007547,El Ter entre el Gurri i la cua de l'embassament de Sau - 200021000,442932,4646754,3334881,IHF (IHF-III Subtotal 2)
after_2007,0001,0021,F007547,El Ter entre el Gurri i la cua de l'embassament de Sau - 200021000,442932,4646754,4356165,índex IHF
after_2007,0001,0021,F007548,Riera de les Gorgues - 200023000,447968,4652914,3334991,índex IHF
after_2007,0001,0021,F007548,Riera de les Gorgues - 200023000,447968,4652914,3334992,IHF (IHF-I Subtotal )
after_2007,0001,0021,F007548,Riera de les Gorgues - 200023000,447968,4652914,3334993,IHF (IHF-I Subtotal 2)
after_2007,0001,0021,F007548,Riera de les Gorgues - 200023000,447968,4652914,3334994,IHF (IHF-II Subtotal 1)
after_2007,0001,0021,F007548,Riera de les Gorgues - 200023000,447968,4652914,3334995,IHF (IHF-II Subtotal 2)
after_2007,0001,0021,F007548,Riera de les Gorgues - 200023000,447968,4652914,3334996,IHF (IHF-II Subtotal 3)
after_2007,0001,0021,F007548,Riera de les Gorgues - 200023000,447968,4652914,3334997,IHF (IHF-III Subtotal 1)
after_2007,0001,0021,F007548,Riera de les Gorgues - 200023000,447968,4652914,3334998,IHF (IHF-III Subtotal 2)
after_2007,0001,0021,F007548,Riera de les Gorgues - 200023000,447968,4652914,4356166,índex IHF
after_2007,0001,0021,F007549,Riera Major - 200024000,450572,4642446,4356167,índex IHF
after_2007,0001,0021,F007550,Riera de Rupit - 200025000,456363,4651776,4356168,índex IHF
after_2007,0001,0021,F007551,El Brugent - 200026000,464886,4654028,4356169,índex IHF
after_2007,0001,0021,F007552,El Ter des del Pasteral fins a la confluència de l'Onyar - 200028000,479598,4646569,4356170,índex IHF
after_2007,0001,0021,F007553,Riera d'Osor - 200029000,467709,4644416,4356171,índex IHF
after_2007,0001,0021,F007554,Riera de Llèmena i riera de Canet - 200030000,478819,4648922,4356172,índex IHF
after_2007,0001,0021,F007555,Torrent de Gàrrep - 200031000,480160,4651693,4356173,índex IHF
after_2007,0001,0021,F007556,Riu Güell - 200032000,483701,4644326,4356174,índex IHF
after_2007,0001,0021,F007557,Capçalera de l'Onyar fins a la confluència de la riera de Gotarra - 200033000,482897,4636730,4356175,índex IHF
after_2007,0001,0021,F007558,"Rieres de Gotarra, Verneda i Benaula - 200034000",484973,4639156,3335789,índex IHF
after_2007,0001,0021,F007558,"Rieres de Gotarra, Verneda i Benaula - 200034000",484973,4639156,3335790,IHF (IHF-I Subtotal )
after_2007,0001,0021,F007558,"Rieres de Gotarra, Verneda i Benaula - 200034000",484973,4639156,3335791,IHF (IHF-I Subtotal 2)
after_2007,0001,0021,F007558,"Rieres de Gotarra, Verneda i Benaula - 200034000",484973,4639156,3335792,IHF (IHF-II Subtotal 1)
after_2007,0001,0021,F007558,"Rieres de Gotarra, Verneda i Benaula - 200034000",484973,4639156,3335793,IHF (IHF-II Subtotal 2)
after_2007,0001,0021,F007558,"Rieres de Gotarra, Verneda i Benaula - 200034000",484973,4639156,3335794,IHF (IHF-II Subtotal 3)
after_2007,0001,0021,F007558,"Rieres de Gotarra, Verneda i Benaula - 200034000",484973,4639156,3335795,IHF (IHF-III Subtotal 1)
after_2007,0001,0021,F007558,"Rieres de Gotarra, Verneda i Benaula - 200034000",484973,4639156,3335796,IHF (IHF-III Subtotal 2)
after_2007,0001,0021,F007558,"Rieres de Gotarra, Verneda i Benaula - 200034000",484973,4639156,4356176,índex IHF
after_2007,0001,0021,F007559,"Riu Onyar des de la confluència de la riera de Gotarra fins a l'entrada al nucli urbà de Girona, incloses les rieres de Bugantó i de Celrà - 200036000",485052,4643103,3335868,índex IHF
after_2007,0001,0021,F007559,"Riu Onyar des de la confluència de la riera de Gotarra fins a l'entrada al nucli urbà de Girona, incloses les rieres de Bugantó i de Celrà - 200036000",485052,4643103,3335869,IHF (IHF-I Subtotal )
after_2007,0001,0021,F007559,"Riu Onyar des de la confluència de la riera de Gotarra fins a l'entrada al nucli urbà de Girona, incloses les rieres de Bugantó i de Celrà - 200036000",485052,4643103,3335870,IHF (IHF-I Subtotal 2)
after_2007,0001,0021,F007559,"Riu Onyar des de la confluència de la riera de Gotarra fins a l'entrada al nucli urbà de Girona, incloses les rieres de Bugantó i de Celrà - 200036000",485052,4643103,3335871,IHF (IHF-II Subtotal 1)
after_2007,0001,0021,F007559,"Riu Onyar des de la confluència de la riera de Gotarra fins a l'entrada al nucli urbà de Girona, incloses les rieres de Bugantó i de Celrà - 200036000",485052,4643103,3335872,IHF (IHF-II Subtotal 2)
after_2007,0001,0021,F007559,"Riu Onyar des de la confluència de la riera de Gotarra fins a l'entrada al nucli urbà de Girona, incloses les rieres de Bugantó i de Celrà - 200036000",485052,4643103,3335873,IHF (IHF-II Subtotal 3)
after_2007,0001,0021,F007559,"Riu Onyar des de la confluència de la riera de Gotarra fins a l'entrada al nucli urbà de Girona, incloses les rieres de Bugantó i de Celrà - 200036000",485052,4643103,3335874,IHF (IHF-III Subtotal 1)
after_2007,0001,0021,F007559,"Riu Onyar des de la confluència de la riera de Gotarra fins a l'entrada al nucli urbà de Girona, incloses les rieres de Bugantó i de Celrà - 200036000",485052,4643103,3335875,IHF (IHF-III Subtotal 2)
after_2007,0001,0021,F007559,"Riu Onyar des de la confluència de la riera de Gotarra fins a l'entrada al nucli urbà de Girona, incloses les rieres de Bugantó i de Celrà - 200036000",485052,4643103,4356177,índex IHF
after_2007,0001,0021,F007560,Riu Onyar a Girona - 200037000,485781,4646867,3335957,índex IHF
after_2007,0001,0021,F007560,Riu Onyar a Girona - 200037000,485781,4646867,3335958,IHF (IHF-I Subtotal )
after_2007,0001,0021,F007560,Riu Onyar a Girona - 200037000,485781,4646867,3335959,IHF (IHF-I Subtotal 2)
after_2007,0001,0021,F007560,Riu Onyar a Girona - 200037000,485781,4646867,3335960,IHF (IHF-II Subtotal 1)
after_2007,0001,0021,F007560,Riu Onyar a Girona - 200037000,485781,4646867,3335961,IHF (IHF-II Subtotal 2)
after_2007,0001,0021,F007560,Riu Onyar a Girona - 200037000,485781,4646867,3335962,IHF (IHF-II Subtotal 3)
after_2007,0001,0021,F007560,Riu Onyar a Girona - 200037000,485781,4646867,3335963,IHF (IHF-III Subtotal 1)
after_2007,0001,0021,F007560,Riu Onyar a Girona - 200037000,485781,4646867,3335964,IHF (IHF-III Subtotal 2)
after_2007,0001,0021,F007560,Riu Onyar a Girona - 200037000,485781,4646867,4356178,índex IHF
after_2007,0001,0021,F007561,El Ter entre l'Onyar i el Terri - 200038000,485774,4651476,3336031,índex IHF
after_2007,0001,0021,F007561,El Ter entre l'Onyar i el Terri - 200038000,485774,4651476,3336032,IHF (IHF-I Subtotal )
after_2007,0001,0021,F007561,El Ter entre l'Onyar i el Terri - 200038000,485774,4651476,3336033,IHF (IHF-I Subtotal 2)
after_2007,0001,0021,F007561,El Ter entre l'Onyar i el Terri - 200038000,485774,4651476,3336034,IHF (IHF-II Subtotal 1)
after_2007,0001,0021,F007561,El Ter entre l'Onyar i el Terri - 200038000,485774,4651476,3336035,IHF (IHF-II Subtotal 2)
after_2007,0001,0021,F007561,El Ter entre l'Onyar i el Terri - 200038000,485774,4651476,3336036,IHF (IHF-II Subtotal 3)
after_2007,0001,0021,F007561,El Ter entre l'Onyar i el Terri - 200038000,485774,4651476,3336037,IHF (IHF-III Subtotal 1)
after_2007,0001,0021,F007561,El Ter entre l'Onyar i el Terri - 200038000,485774,4651476,3336038,IHF (IHF-III Subtotal 2)
after_2007,0001,0021,F007561,El Ter entre l'Onyar i el Terri - 200038000,485774,4651476,4356179,índex IHF
after_2007,0001,0021,F007562,Capçalera del Terri fins a la confluència del Revardit - 200039000,485431,4659558,3336137,índex IHF
after_2007,0001,0021,F007562,Capçalera del Terri fins a la confluència del Revardit - 200039000,485431,4659558,3336138,IHF (IHF-I Subtotal )
after_2007,0001,0021,F007562,Capçalera del Terri fins a la confluència del Revardit - 200039000,485431,4659558,3336139,IHF (IHF-I Subtotal 2)
after_2007,0001,0021,F007562,Capçalera del Terri fins a la confluència del Revardit - 200039000,485431,4659558,3336140,IHF (IHF-II Subtotal 1)
after_2007,0001,0021,F007562,Capçalera del Terri fins a la confluència del Revardit - 200039000,485431,4659558,3336141,IHF (IHF-II Subtotal 2)
after_2007,0001,0021,F007562,Capçalera del Terri fins a la confluència del Revardit - 200039000,485431,4659558,3336142,IHF (IHF-II Subtotal 3)
after_2007,0001,0021,F007562,Capçalera del Terri fins a la confluència del Revardit - 200039000,485431,4659558,3336143,IHF (IHF-III Subtotal 1)
after_2007,0001,0021,F007562,Capçalera del Terri fins a la confluència del Revardit - 200039000,485431,4659558,3336144,IHF (IHF-III Subtotal 2)
after_2007,0001,0021,F007562,Capçalera del Terri fins a la confluència del Revardit - 200039000,485431,4659558,4356180,índex IHF
after_2007,0001,0021,F007563,Riu Revardit - 200040000,485595,4658938,4356181,índex IHF
after_2007,0001,0021,F007564,Riu Terri des de la confluència del Revardit fins al Ter - 200041000,488167,4654075,3336327,índex IHF
after_2007,0001,0021,F007564,Riu Terri des de la confluència del Revardit fins al Ter - 200041000,488167,4654075,3336328,IHF (IHF-I Subtotal )
after_2007,0001,0021,F007564,Riu Terri des de la confluència del Revardit fins al Ter - 200041000,488167,4654075,3336329,IHF (IHF-I Subtotal 2)
after_2007,0001,0021,F007564,Riu Terri des de la confluència del Revardit fins al Ter - 200041000,488167,4654075,3336330,IHF (IHF-II Subtotal 1)
after_2007,0001,0021,F007564,Riu Terri des de la confluència del Revardit fins al Ter - 200041000,488167,4654075,3336331,IHF (IHF-II Subtotal 2)
after_2007,0001,0021,F007564,Riu Terri des de la confluència del Revardit fins al Ter - 200041000,488167,4654075,3336332,IHF (IHF-II Subtotal 3)
after_2007,0001,0021,F007564,Riu Terri des de la confluència del Revardit fins al Ter - 200041000,488167,4654075,3336333,IHF (IHF-III Subtotal 1)
after_2007,0001,0021,F007564,Riu Terri des de la confluència del Revardit fins al Ter - 200041000,488167,4654075,3336334,IHF (IHF-III Subtotal 2)
after_2007,0001,0021,F007564,Riu Terri des de la confluència del Revardit fins al Ter - 200041000,488167,4654075,4356182,índex IHF
after_2007,0001,0021,F007565,El Ter des de la confluència del Terri fins a Flaçà - 200042000,496667,4656400,3336407,índex IHF
after_2007,0001,0021,F007565,El Ter des de la confluència del Terri fins a Flaçà - 200042000,496667,4656400,3336408,IHF (IHF-I Subtotal )
after_2007,0001,0021,F007565,El Ter des de la confluència del Terri fins a Flaçà - 200042000,496667,4656400,3336409,IHF (IHF-I Subtotal 2)
after_2007,0001,0021,F007565,El Ter des de la confluència del Terri fins a Flaçà - 200042000,496667,4656400,3336410,IHF (IHF-II Subtotal 1)
after_2007,0001,0021,F007565,El Ter des de la confluència del Terri fins a Flaçà - 200042000,496667,4656400,3336411,IHF (IHF-II Subtotal 2)
after_2007,0001,0021,F007565,El Ter des de la confluència del Terri fins a Flaçà - 200042000,496667,4656400,3336412,IHF (IHF-II Subtotal 3)
after_2007,0001,0021,F007565,El Ter des de la confluència del Terri fins a Flaçà - 200042000,496667,4656400,3336413,IHF (IHF-III Subtotal 1)
after_2007,0001,0021,F007565,El Ter des de la confluència del Terri fins a Flaçà - 200042000,496667,4656400,3336414,IHF (IHF-III Subtotal 2)
after_2007,0001,0021,F007565,El Ter des de la confluència del Terri fins a Flaçà - 200042000,496667,4656400,4356183,índex IHF
after_2007,0001,0021,F007566,Riera de la Farga - 200043000,490113,4655692,4356184,índex IHF
after_2007,0001,0021,F007567,Riera de Sant Martí - 200043500,494419,4652350,4356185,índex IHF
after_2007,0001,0021,F007568,Riera de Cinyana - 200044000,496519,4656557,3336607,índex IHF
after_2007,0001,0021,F007568,Riera de Cinyana - 200044000,496519,4656557,3336608,IHF (IHF-I Subtotal )
after_2007,0001,0021,F007568,Riera de Cinyana - 200044000,496519,4656557,3336609,IHF (IHF-I Subtotal 2)
after_2007,0001,0021,F007568,Riera de Cinyana - 200044000,496519,4656557,3336610,IHF (IHF-II Subtotal 1)
after_2007,0001,0021,F007568,Riera de Cinyana - 200044000,496519,4656557,3336611,IHF (IHF-II Subtotal 2)
after_2007,0001,0021,F007568,Riera de Cinyana - 200044000,496519,4656557,3336612,IHF (IHF-II Subtotal 3)
after_2007,0001,0021,F007568,Riera de Cinyana - 200044000,496519,4656557,3336613,IHF (IHF-III Subtotal 1)
after_2007,0001,0021,F007568,Riera de Cinyana - 200044000,496519,4656557,3336614,IHF (IHF-III Subtotal 2)
after_2007,0001,0021,F007568,Riera de Cinyana - 200044000,496519,4656557,4356186,índex IHF
after_2007,0001,0021,F007569,El Ter des de Flaçà fins al mar - 200046000,512618,4652593,3336689,índex IHF
after_2007,0001,0021,F007569,El Ter des de Flaçà fins al mar - 200046000,512618,4652593,3336690,IHF (IHF-I Subtotal )
after_2007,0001,0021,F007569,El Ter des de Flaçà fins al mar - 200046000,512618,4652593,3336691,IHF (IHF-I Subtotal 2)
after_2007,0001,0021,F007569,El Ter des de Flaçà fins al mar - 200046000,512618,4652593,3336692,IHF (IHF-II Subtotal 1)
after_2007,0001,0021,F007569,El Ter des de Flaçà fins al mar - 200046000,512618,4652593,3336693,IHF (IHF-II Subtotal 2)
after_2007,0001,0021,F007569,El Ter des de Flaçà fins al mar - 200046000,512618,4652593,3336694,IHF (IHF-II Subtotal 3)
after_2007,0001,0021,F007569,El Ter des de Flaçà fins al mar - 200046000,512618,4652593,3336695,IHF (IHF-III Subtotal 1)
after_2007,0001,0021,F007569,El Ter des de Flaçà fins al mar - 200046000,512618,4652593,3336696,IHF (IHF-III Subtotal 2)
after_2007,0001,0021,F007569,El Ter des de Flaçà fins al mar - 200046000,512618,4652593,4356187,índex IHF
after_2007,0001,0021,F007570,Capçalera del Fluvià fins a la confluència amb el Gurn (Gurn inclòs) - 210001000,455311,4660266,4356188,índex IHF
after_2007,0001,0021,F007571,El Fluvià entre el Gurn i la Riera de Bianya - 210002000,458713,4672127,3336789,índex IHF
after_2007,0001,0021,F007571,El Fluvià entre el Gurn i la Riera de Bianya - 210002000,458713,4672127,3336790,IHF (IHF-I Subtotal )
after_2007,0001,0021,F007571,El Fluvià entre el Gurn i la Riera de Bianya - 210002000,458713,4672127,3336791,IHF (IHF-I Subtotal 2)
after_2007,0001,0021,F007571,El Fluvià entre el Gurn i la Riera de Bianya - 210002000,458713,4672127,3336792,IHF (IHF-II Subtotal 1)
after_2007,0001,0021,F007571,El Fluvià entre el Gurn i la Riera de Bianya - 210002000,458713,4672127,3336793,IHF (IHF-II Subtotal 2)
after_2007,0001,0021,F007571,El Fluvià entre el Gurn i la Riera de Bianya - 210002000,458713,4672127,3336794,IHF (IHF-II Subtotal 3)
after_2007,0001,0021,F007571,El Fluvià entre el Gurn i la Riera de Bianya - 210002000,458713,4672127,3336795,IHF (IHF-III Subtotal 1)
after_2007,0001,0021,F007571,El Fluvià entre el Gurn i la Riera de Bianya - 210002000,458713,4672127,3336796,IHF (IHF-III Subtotal 2)
after_2007,0001,0021,F007571,El Fluvià entre el Gurn i la Riera de Bianya - 210002000,458713,4672127,4356189,índex IHF
after_2007,0001,0021,F007572,Riera de Bianya i riera de Riudaura - 210003000,457645,4673954,4356190,índex IHF
after_2007,0001,0021,F007573,El Fluvià entre la riera de Bianya i el Llierca (inclosa la riera de Castellar) - 210004000,464900,4674012,4356191,índex IHF
after_2007,0001,0021,F007574,El Fluvià des de la confluència del Llierca fins a la confluència amb el riu Ser - 210006000,475572,4672101,3336887,índex IHF
after_2007,0001,0021,F007574,El Fluvià des de la confluència del Llierca fins a la confluència amb el riu Ser - 210006000,475572,4672101,3336888,IHF (IHF-I Subtotal )
after_2007,0001,0021,F007574,El Fluvià des de la confluència del Llierca fins a la confluència amb el riu Ser - 210006000,475572,4672101,3336889,IHF (IHF-I Subtotal 2)
after_2007,0001,0021,F007574,El Fluvià des de la confluència del Llierca fins a la confluència amb el riu Ser - 210006000,475572,4672101,3336890,IHF (IHF-II Subtotal 1)
after_2007,0001,0021,F007574,El Fluvià des de la confluència del Llierca fins a la confluència amb el riu Ser - 210006000,475572,4672101,3336891,IHF (IHF-II Subtotal 2)
after_2007,0001,0021,F007574,El Fluvià des de la confluència del Llierca fins a la confluència amb el riu Ser - 210006000,475572,4672101,3336892,IHF (IHF-II Subtotal 3)
after_2007,0001,0021,F007574,El Fluvià des de la confluència del Llierca fins a la confluència amb el riu Ser - 210006000,475572,4672101,3336893,IHF (IHF-III Subtotal 1)
after_2007,0001,0021,F007574,El Fluvià des de la confluència del Llierca fins a la confluència amb el riu Ser - 210006000,475572,4672101,3336894,IHF (IHF-III Subtotal 2)
after_2007,0001,0021,F007574,El Fluvià des de la confluència del Llierca fins a la confluència amb el riu Ser - 210006000,475572,4672101,4356192,índex IHF
after_2007,0001,0021,F007575,Conca del Llierca - 210007000,467796,4675382,4356193,índex IHF
after_2007,0001,0021,F007576,Riera de Borró - 210008000,472003,4673260,4356194,índex IHF
after_2007,0001,0021,F007577,Riera de Junyell - 210009000,476934,4671375,4356195,índex IHF
after_2007,0001,0021,F007578,Conca del Ser - 210011000,478225,4669586,4356196,índex IHF
after_2007,0001,0021,F007579,Riera de Sant Jaume - 210012000,487031,4670800,3336965,índex IHF
after_2007,0001,0021,F007579,Riera de Sant Jaume - 210012000,487031,4670800,3336966,IHF (IHF-I Subtotal )
after_2007,0001,0021,F007579,Riera de Sant Jaume - 210012000,487031,4670800,3336967,IHF (IHF-I Subtotal 2)
after_2007,0001,0021,F007579,Riera de Sant Jaume - 210012000,487031,4670800,3336968,IHF (IHF-II Subtotal 1)
after_2007,0001,0021,F007579,Riera de Sant Jaume - 210012000,487031,4670800,3336969,IHF (IHF-II Subtotal 2)
after_2007,0001,0021,F007579,Riera de Sant Jaume - 210012000,487031,4670800,3336970,IHF (IHF-II Subtotal 3)
after_2007,0001,0021,F007579,Riera de Sant Jaume - 210012000,487031,4670800,3336971,IHF (IHF-III Subtotal 1)
after_2007,0001,0021,F007579,Riera de Sant Jaume - 210012000,487031,4670800,3336972,IHF (IHF-III Subtotal 2)
after_2007,0001,0021,F007579,Riera de Sant Jaume - 210012000,487031,4670800,4356197,índex IHF
after_2007,0001,0021,F007580,Rec Sirvent - 210013000,507009,4672940,4356198,índex IHF
after_2007,0001,0021,F007581,Capçalera de la Muga fins a l'embassament de Boadella - 220001000,475638,4684196,3337033,índex IHF
after_2007,0001,0021,F007581,Capçalera de la Muga fins a l'embassament de Boadella - 220001000,475638,4684196,3337034,IHF (IHF-I Subtotal )
after_2007,0001,0021,F007581,Capçalera de la Muga fins a l'embassament de Boadella - 220001000,475638,4684196,3337035,IHF (IHF-I Subtotal 2)
after_2007,0001,0021,F007581,Capçalera de la Muga fins a l'embassament de Boadella - 220001000,475638,4684196,3337036,IHF (IHF-II Subtotal 1)
after_2007,0001,0021,F007581,Capçalera de la Muga fins a l'embassament de Boadella - 220001000,475638,4684196,3337037,IHF (IHF-II Subtotal 2)
after_2007,0001,0021,F007581,Capçalera de la Muga fins a l'embassament de Boadella - 220001000,475638,4684196,3337038,IHF (IHF-II Subtotal 3)
after_2007,0001,0021,F007581,Capçalera de la Muga fins a l'embassament de Boadella - 220001000,475638,4684196,3337039,IHF (IHF-III Subtotal 1)
after_2007,0001,0021,F007581,Capçalera de la Muga fins a l'embassament de Boadella - 220001000,475638,4684196,3337040,IHF (IHF-III Subtotal 2)
after_2007,0001,0021,F007581,Capçalera de la Muga fins a l'embassament de Boadella - 220001000,475638,4684196,4356199,índex IHF
after_2007,0001,0021,F007582,Riu Arnera aigües amunt de Boadella - 220002000,479276,4691504,4356200,índex IHF
after_2007,0001,0021,F007583,La Muga entre l'embassament de Boadella i el Llobregat de la Muga - 220003000,488558,4686834,4356201,índex IHF
after_2007,0001,0021,F007584,Capçalera del Llobregat de la Muga fins al Ricardell - 220004000,491052,4691447,3337073,índex IHF
after_2007,0001,0021,F007584,Capçalera del Llobregat de la Muga fins al Ricardell - 220004000,491052,4691447,3337074,IHF (IHF-I Subtotal )
after_2007,0001,0021,F007584,Capçalera del Llobregat de la Muga fins al Ricardell - 220004000,491052,4691447,3337075,IHF (IHF-I Subtotal 2)
after_2007,0001,0021,F007584,Capçalera del Llobregat de la Muga fins al Ricardell - 220004000,491052,4691447,3337076,IHF (IHF-II Subtotal 1)
after_2007,0001,0021,F007584,Capçalera del Llobregat de la Muga fins al Ricardell - 220004000,491052,4691447,3337077,IHF (IHF-II Subtotal 2)
after_2007,0001,0021,F007584,Capçalera del Llobregat de la Muga fins al Ricardell - 220004000,491052,4691447,3337078,IHF (IHF-II Subtotal 3)
after_2007,0001,0021,F007584,Capçalera del Llobregat de la Muga fins al Ricardell - 220004000,491052,4691447,3337079,IHF (IHF-III Subtotal 1)
after_2007,0001,0021,F007584,Capçalera del Llobregat de la Muga fins al Ricardell - 220004000,491052,4691447,3337080,IHF (IHF-III Subtotal 2)
after_2007,0001,0021,F007584,Capçalera del Llobregat de la Muga fins al Ricardell - 220004000,491052,4691447,4356202,índex IHF
after_2007,0001,0021,F007585,Riu Ricardell - 220006000,488303,4690087,3337132,índex IHF
after_2007,0001,0021,F007585,Riu Ricardell - 220006000,488303,4690087,3337133,IHF (IHF-I Subtotal )
after_2007,0001,0021,F007585,Riu Ricardell - 220006000,488303,4690087,3337134,IHF (IHF-I Subtotal 2)
after_2007,0001,0021,F007585,Riu Ricardell - 220006000,488303,4690087,3337135,IHF (IHF-II Subtotal 1)
after_2007,0001,0021,F007585,Riu Ricardell - 220006000,488303,4690087,3337136,IHF (IHF-II Subtotal 2)
after_2007,0001,0021,F007585,Riu Ricardell - 220006000,488303,4690087,3337137,IHF (IHF-II Subtotal 3)
after_2007,0001,0021,F007585,Riu Ricardell - 220006000,488303,4690087,3337138,IHF (IHF-III Subtotal 1)
after_2007,0001,0021,F007585,Riu Ricardell - 220006000,488303,4690087,3337139,IHF (IHF-III Subtotal 2)
after_2007,0001,0021,F007585,Riu Ricardell - 220006000,488303,4690087,4356203,índex IHF
after_2007,0001,0021,F007586,Llobregat de la Muga des del Ricardell fins a la Muga - 220007000,500718,4683553,4356204,índex IHF
after_2007,0001,0021,F007587,Conca de l'Orlina - 220008000,501078,4686708,3337251,índex IHF
after_2007,0001,0021,F007587,Conca de l'Orlina - 220008000,501078,4686708,3337252,IHF (IHF-I Subtotal )
after_2007,0001,0021,F007587,Conca de l'Orlina - 220008000,501078,4686708,3337253,IHF (IHF-I Subtotal 2)
after_2007,0001,0021,F007587,Conca de l'Orlina - 220008000,501078,4686708,3337254,IHF (IHF-II Subtotal 1)
after_2007,0001,0021,F007587,Conca de l'Orlina - 220008000,501078,4686708,3337255,IHF (IHF-II Subtotal 2)
after_2007,0001,0021,F007587,Conca de l'Orlina - 220008000,501078,4686708,3337256,IHF (IHF-II Subtotal 3)
after_2007,0001,0021,F007587,Conca de l'Orlina - 220008000,501078,4686708,3337257,IHF (IHF-III Subtotal 1)
after_2007,0001,0021,F007587,Conca de l'Orlina - 220008000,501078,4686708,3337258,IHF (IHF-III Subtotal 2)
after_2007,0001,0021,F007587,Conca de l'Orlina - 220008000,501078,4686708,4356205,índex IHF
after_2007,0001,0021,F007588,La Muga des de la confluència del Llobregat de la Muga fins al mar - 220009000,506231,4677830,3337347,índex IHF
after_2007,0001,0021,F007588,La Muga des de la confluència del Llobregat de la Muga fins al mar - 220009000,506231,4677830,3337348,IHF (IHF-I Subtotal )
after_2007,0001,0021,F007588,La Muga des de la confluència del Llobregat de la Muga fins al mar - 220009000,506231,4677830,3337349,IHF (IHF-I Subtotal 2)
after_2007,0001,0021,F007588,La Muga des de la confluència del Llobregat de la Muga fins al mar - 220009000,506231,4677830,3337350,IHF (IHF-II Subtotal 1)
after_2007,0001,0021,F007588,La Muga des de la confluència del Llobregat de la Muga fins al mar - 220009000,506231,4677830,3337351,IHF (IHF-II Subtotal 2)
after_2007,0001,0021,F007588,La Muga des de la confluència del Llobregat de la Muga fins al mar - 220009000,506231,4677830,3337352,IHF (IHF-II Subtotal 3)
after_2007,0001,0021,F007588,La Muga des de la confluència del Llobregat de la Muga fins al mar - 220009000,506231,4677830,3337353,IHF (IHF-III Subtotal 1)
after_2007,0001,0021,F007588,La Muga des de la confluència del Llobregat de la Muga fins al mar - 220009000,506231,4677830,3337354,IHF (IHF-III Subtotal 2)
after_2007,0001,0021,F007588,La Muga des de la confluència del Llobregat de la Muga fins al mar - 220009000,506231,4677830,4356206,índex IHF
after_2007,0001,0021,F007589,Riu Manol i riera d'Àlguema - 220010000,497414,4676183,3337449,índex IHF
after_2007,0001,0021,F007589,Riu Manol i riera d'Àlguema - 220010000,497414,4676183,3337450,IHF (IHF-I Subtotal )
after_2007,0001,0021,F007589,Riu Manol i riera d'Àlguema - 220010000,497414,4676183,3337451,IHF (IHF-I Subtotal 2)
after_2007,0001,0021,F007589,Riu Manol i riera d'Àlguema - 220010000,497414,4676183,3337452,IHF (IHF-II Subtotal 1)
after_2007,0001,0021,F007589,Riu Manol i riera d'Àlguema - 220010000,497414,4676183,3337453,IHF (IHF-II Subtotal 2)
after_2007,0001,0021,F007589,Riu Manol i riera d'Àlguema - 220010000,497414,4676183,3337454,IHF (IHF-II Subtotal 3)
after_2007,0001,0021,F007589,Riu Manol i riera d'Àlguema - 220010000,497414,4676183,3337455,IHF (IHF-III Subtotal 1)
after_2007,0001,0021,F007589,Riu Manol i riera d'Àlguema - 220010000,497414,4676183,3337456,IHF (IHF-III Subtotal 2)
after_2007,0001,0021,F007589,Riu Manol i riera d'Àlguema - 220010000,497414,4676183,4356207,índex IHF
after_2007,0001,0021,F007590,Riera de Figueres - 220011000,503525,4680421,3337534,índex IHF
after_2007,0001,0021,F007590,Riera de Figueres - 220011000,503525,4680421,3337535,IHF (IHF-I Subtotal )
after_2007,0001,0021,F007590,Riera de Figueres - 220011000,503525,4680421,3337536,IHF (IHF-I Subtotal 2)
after_2007,0001,0021,F007590,Riera de Figueres - 220011000,503525,4680421,3337537,IHF (IHF-II Subtotal 1)
after_2007,0001,0021,F007590,Riera de Figueres - 220011000,503525,4680421,3337538,IHF (IHF-II Subtotal 2)
after_2007,0001,0021,F007590,Riera de Figueres - 220011000,503525,4680421,3337539,IHF (IHF-II Subtotal 3)
after_2007,0001,0021,F007590,Riera de Figueres - 220011000,503525,4680421,3337540,IHF (IHF-III Subtotal 1)
after_2007,0001,0021,F007590,Riera de Figueres - 220011000,503525,4680421,3337541,IHF (IHF-III Subtotal 2)
after_2007,0001,0021,F007590,Riera de Figueres - 220011000,503525,4680421,4356208,índex IHF
after_2007,0001,0021,F007591,Riera de Garriguella (Pedret) fins als aiguamolls de l'Empordà - 224001000,503794,4688453,4356209,índex IHF
after_2007,0001,0021,F007592,Rec Madral des de l'entrada als aiguamolls de l'Empordà fins al mar - 224002000,509656,4680977,3337601,índex IHF
after_2007,0001,0021,F007592,Rec Madral des de l'entrada als aiguamolls de l'Empordà fins al mar - 224002000,509656,4680977,3337602,IHF (IHF-I Subtotal )
after_2007,0001,0021,F007592,Rec Madral des de l'entrada als aiguamolls de l'Empordà fins al mar - 224002000,509656,4680977,3337603,IHF (IHF-I Subtotal 2)
after_2007,0001,0021,F007592,Rec Madral des de l'entrada als aiguamolls de l'Empordà fins al mar - 224002000,509656,4680977,3337604,IHF (IHF-II Subtotal 1)
after_2007,0001,0021,F007592,Rec Madral des de l'entrada als aiguamolls de l'Empordà fins al mar - 224002000,509656,4680977,3337605,IHF (IHF-II Subtotal 2)
after_2007,0001,0021,F007592,Rec Madral des de l'entrada als aiguamolls de l'Empordà fins al mar - 224002000,509656,4680977,3337606,IHF (IHF-II Subtotal 3)
after_2007,0001,0021,F007592,Rec Madral des de l'entrada als aiguamolls de l'Empordà fins al mar - 224002000,509656,4680977,3337607,IHF (IHF-III Subtotal 1)
after_2007,0001,0021,F007592,Rec Madral des de l'entrada als aiguamolls de l'Empordà fins al mar - 224002000,509656,4680977,3337608,IHF (IHF-III Subtotal 2)
after_2007,0001,0021,F007592,Rec Madral des de l'entrada als aiguamolls de l'Empordà fins al mar - 224002000,509656,4680977,4356210,índex IHF
after_2007,0001,0021,F007593,Riera de Romanyac - 228001000,517679,4684409,3337644,índex IHF
after_2007,0001,0021,F007593,Riera de Romanyac - 228001000,517679,4684409,3337645,IHF (IHF-I Subtotal )
after_2007,0001,0021,F007593,Riera de Romanyac - 228001000,517679,4684409,3337646,IHF (IHF-I Subtotal 2)
after_2007,0001,0021,F007593,Riera de Romanyac - 228001000,517679,4684409,3337647,IHF (IHF-II Subtotal 1)
after_2007,0001,0021,F007593,Riera de Romanyac - 228001000,517679,4684409,3337648,IHF (IHF-II Subtotal 2)
after_2007,0001,0021,F007593,Riera de Romanyac - 228001000,517679,4684409,3337649,IHF (IHF-II Subtotal 3)
after_2007,0001,0021,F007593,Riera de Romanyac - 228001000,517679,4684409,3337650,IHF (IHF-III Subtotal 1)
after_2007,0001,0021,F007593,Riera de Romanyac - 228001000,517679,4684409,3337651,IHF (IHF-III Subtotal 2)
after_2007,0001,0021,F007593,Riera de Romanyac - 228001000,517679,4684409,4356211,índex IHF
after_2007,0001,0021,F007594,Riera de Valleta - 230001000,509097,4688994,3337713,índex IHF
after_2007,0001,0021,F007594,Riera de Valleta - 230001000,509097,4688994,3337714,IHF (IHF-I Subtotal )
after_2007,0001,0021,F007594,Riera de Valleta - 230001000,509097,4688994,3337715,IHF (IHF-I Subtotal 2)
after_2007,0001,0021,F007594,Riera de Valleta - 230001000,509097,4688994,3337716,IHF (IHF-II Subtotal 1)
after_2007,0001,0021,F007594,Riera de Valleta - 230001000,509097,4688994,3337717,IHF (IHF-II Subtotal 2)
after_2007,0001,0021,F007594,Riera de Valleta - 230001000,509097,4688994,3337718,IHF (IHF-II Subtotal 3)
after_2007,0001,0021,F007594,Riera de Valleta - 230001000,509097,4688994,3337719,IHF (IHF-III Subtotal 1)
after_2007,0001,0021,F007594,Riera de Valleta - 230001000,509097,4688994,3337720,IHF (IHF-III Subtotal 2)
after_2007,0001,0021,F007594,Riera de Valleta - 230001000,509097,4688994,4356212,índex IHF
after_2007,0001,0021,F007595,Conca alta del Segre fins a la confluència amb el Querol - E002000,412012,4695372,4420287,índex IHF
after_2007,0001,0021,F007596,Riu Querol - E003000,410612,4696564,4420288,índex IHF
after_2007,0001,0021,F007597,"El Segre entre el Querol i el riu de la Llosa, inclosos el torrent de la Bavosa, el riu de Santa Maria i el torrent de Ridolaina  - E004000",397078,4691492,4420289,índex IHF
after_2007,0001,0021,F007598,Riu d'Alp - E005000,408431,4693290,3337801,índex IHF
after_2007,0001,0021,F007598,Riu d'Alp - E005000,408431,4693290,3337802,IHF (IHF-I Subtotal )
after_2007,0001,0021,F007598,Riu d'Alp - E005000,408431,4693290,3337803,IHF (IHF-I Subtotal 2)
after_2007,0001,0021,F007598,Riu d'Alp - E005000,408431,4693290,3337804,IHF (IHF-II Subtotal 1)
after_2007,0001,0021,F007598,Riu d'Alp - E005000,408431,4693290,3337805,IHF (IHF-II Subtotal 2)
after_2007,0001,0021,F007598,Riu d'Alp - E005000,408431,4693290,3337806,IHF (IHF-II Subtotal 3)
after_2007,0001,0021,F007598,Riu d'Alp - E005000,408431,4693290,3337807,IHF (IHF-III Subtotal 1)
after_2007,0001,0021,F007598,Riu d'Alp - E005000,408431,4693290,3337808,IHF (IHF-III Subtotal 2)
after_2007,0001,0021,F007598,Riu d'Alp - E005000,408431,4693290,4420290,índex IHF
after_2007,0001,0021,F007600,Riu de la Llosa - E006500,393176,4697188,3337900,índex IHF
after_2007,0001,0021,F007600,Riu de la Llosa - E006500,393176,4697188,3337901,IHF (IHF-I Subtotal )
after_2007,0001,0021,F007600,Riu de la Llosa - E006500,393176,4697188,3337902,IHF (IHF-I Subtotal 2)
after_2007,0001,0021,F007600,Riu de la Llosa - E006500,393176,4697188,3337903,IHF (IHF-II Subtotal 1)
after_2007,0001,0021,F007600,Riu de la Llosa - E006500,393176,4697188,3337904,IHF (IHF-II Subtotal 2)
after_2007,0001,0021,F007600,Riu de la Llosa - E006500,393176,4697188,3337905,IHF (IHF-II Subtotal 3)
after_2007,0001,0021,F007600,Riu de la Llosa - E006500,393176,4697188,3337906,IHF (IHF-III Subtotal 1)
after_2007,0001,0021,F007600,Riu de la Llosa - E006500,393176,4697188,3337907,IHF (IHF-III Subtotal 2)
after_2007,0001,0021,F007601,"El Segre entre el riu de la Llosa i la Valira, inclosos el riu de Vilanova i el riu de Cerc - E007000",376592,4690357,4420292,índex IHF
after_2007,0001,0021,F007603,Torrent del Cabiscol - E009000,391233,4687658,3337990,índex IHF
after_2007,0001,0021,F007603,Torrent del Cabiscol - E009000,391233,4687658,3337991,IHF (IHF-I Subtotal )
after_2007,0001,0021,F007603,Torrent del Cabiscol - E009000,391233,4687658,3337992,IHF (IHF-I Subtotal 2)
after_2007,0001,0021,F007603,Torrent del Cabiscol - E009000,391233,4687658,3337993,IHF (IHF-II Subtotal 1)
after_2007,0001,0021,F007603,Torrent del Cabiscol - E009000,391233,4687658,3337994,IHF (IHF-II Subtotal 2)
after_2007,0001,0021,F007603,Torrent del Cabiscol - E009000,391233,4687658,3337995,IHF (IHF-II Subtotal 3)
after_2007,0001,0021,F007603,Torrent del Cabiscol - E009000,391233,4687658,3337996,IHF (IHF-III Subtotal 1)
after_2007,0001,0021,F007603,Torrent del Cabiscol - E009000,391233,4687658,3337997,IHF (IHF-III Subtotal 2)
after_2007,0001,0021,F007604,Riu d'Arsèguel - E010000,383008,4689949,4420294,índex IHF
after_2007,0001,0021,F007605,Riu de Bescaran - E011000,380064,4695627,4420295,índex IHF
after_2007,0001,0021,F007606,El Segre entre la Valira i el riu de la Guàrdia - E012000,367995,4687090,4420296,índex IHF
after_2007,0001,0021,F007607,Conca de la Valira - E013000,372920,4692882,4420297,índex IHF
after_2007,0001,0021,F007610,Riu de Pallerols i llau del Poador - E016000,362764,4685384,3338057,índex IHF
after_2007,0001,0021,F007610,Riu de Pallerols i llau del Poador - E016000,362764,4685384,3338058,IHF (IHF-I Subtotal )
after_2007,0001,0021,F007610,Riu de Pallerols i llau del Poador - E016000,362764,4685384,3338059,IHF (IHF-I Subtotal 2)
after_2007,0001,0021,F007610,Riu de Pallerols i llau del Poador - E016000,362764,4685384,3338060,IHF (IHF-II Subtotal 1)
after_2007,0001,0021,F007610,Riu de Pallerols i llau del Poador - E016000,362764,4685384,3338061,IHF (IHF-II Subtotal 2)
after_2007,0001,0021,F007610,Riu de Pallerols i llau del Poador - E016000,362764,4685384,3338062,IHF (IHF-II Subtotal 3)
after_2007,0001,0021,F007610,Riu de Pallerols i llau del Poador - E016000,362764,4685384,3338063,IHF (IHF-III Subtotal 1)
after_2007,0001,0021,F007610,Riu de Pallerols i llau del Poador - E016000,362764,4685384,3338064,IHF (IHF-III Subtotal 2)
after_2007,0001,0021,F007611,"El Segre des de la confluència amb el riu de la Guàrdia fins a la cua de l'embassament d'Oliana, inclosos el riu de Tost i el riuet de Fontanet - E017000",362746,4676156,3338125,índex IHF
after_2007,0001,0021,F007611,"El Segre des de la confluència amb el riu de la Guàrdia fins a la cua de l'embassament d'Oliana, inclosos el riu de Tost i el riuet de Fontanet - E017000",362746,4676156,3338126,IHF (IHF-I Subtotal )
after_2007,0001,0021,F007611,"El Segre des de la confluència amb el riu de la Guàrdia fins a la cua de l'embassament d'Oliana, inclosos el riu de Tost i el riuet de Fontanet - E017000",362746,4676156,3338127,IHF (IHF-I Subtotal 2)
after_2007,0001,0021,F007611,"El Segre des de la confluència amb el riu de la Guàrdia fins a la cua de l'embassament d'Oliana, inclosos el riu de Tost i el riuet de Fontanet - E017000",362746,4676156,3338128,IHF (IHF-II Subtotal 1)
after_2007,0001,0021,F007611,"El Segre des de la confluència amb el riu de la Guàrdia fins a la cua de l'embassament d'Oliana, inclosos el riu de Tost i el riuet de Fontanet - E017000",362746,4676156,3338129,IHF (IHF-II Subtotal 2)
after_2007,0001,0021,F007611,"El Segre des de la confluència amb el riu de la Guàrdia fins a la cua de l'embassament d'Oliana, inclosos el riu de Tost i el riuet de Fontanet - E017000",362746,4676156,3338130,IHF (IHF-II Subtotal 3)
after_2007,0001,0021,F007611,"El Segre des de la confluència amb el riu de la Guàrdia fins a la cua de l'embassament d'Oliana, inclosos el riu de Tost i el riuet de Fontanet - E017000",362746,4676156,3338131,IHF (IHF-III Subtotal 1)
after_2007,0001,0021,F007611,"El Segre des de la confluència amb el riu de la Guàrdia fins a la cua de l'embassament d'Oliana, inclosos el riu de Tost i el riuet de Fontanet - E017000",362746,4676156,3338132,IHF (IHF-III Subtotal 2)
after_2007,0001,0021,F007611,"El Segre des de la confluència amb el riu de la Guàrdia fins a la cua de l'embassament d'Oliana, inclosos el riu de Tost i el riuet de Fontanet - E017000",362746,4676156,4420298,índex IHF
after_2007,0001,0021,F007616,El Segre des de la presa d'Oliana fins a la cua de l'embassament de Rialb - E023000,359421,4657670,4420299,índex IHF
after_2007,0001,0021,F007619,"El Segre des de la presa de Rialb fins a Artesa de Segre, inclòs el riu de les Segues - E027000",340727,4642359,3338652,índex IHF
after_2007,0001,0021,F007619,"El Segre des de la presa de Rialb fins a Artesa de Segre, inclòs el riu de les Segues - E027000",340727,4642359,3338653,IHF (IHF-I Subtotal )
after_2007,0001,0021,F007619,"El Segre des de la presa de Rialb fins a Artesa de Segre, inclòs el riu de les Segues - E027000",340727,4642359,3338654,IHF (IHF-I Subtotal 2)
after_2007,0001,0021,F007619,"El Segre des de la presa de Rialb fins a Artesa de Segre, inclòs el riu de les Segues - E027000",340727,4642359,3338655,IHF (IHF-II Subtotal 1)
after_2007,0001,0021,F007619,"El Segre des de la presa de Rialb fins a Artesa de Segre, inclòs el riu de les Segues - E027000",340727,4642359,3338656,IHF (IHF-II Subtotal 2)
after_2007,0001,0021,F007619,"El Segre des de la presa de Rialb fins a Artesa de Segre, inclòs el riu de les Segues - E027000",340727,4642359,3338657,IHF (IHF-II Subtotal 3)
after_2007,0001,0021,F007619,"El Segre des de la presa de Rialb fins a Artesa de Segre, inclòs el riu de les Segues - E027000",340727,4642359,3338658,IHF (IHF-III Subtotal 1)
after_2007,0001,0021,F007619,"El Segre des de la presa de Rialb fins a Artesa de Segre, inclòs el riu de les Segues - E027000",340727,4642359,3338659,IHF (IHF-III Subtotal 2)
after_2007,0001,0021,F007619,"El Segre des de la presa de Rialb fins a Artesa de Segre, inclòs el riu de les Segues - E027000",340727,4642359,4420302,índex IHF
after_2007,0001,0021,F007620,Riu Llobregós - E028000,353894,4638679,4420303,índex IHF
after_2007,0001,0021,F007623,"El Segre des d'Artesa de Segre fins a la confluència amb la Noguera Pallaresa, inclòs l'últim tram de la Noguera Pallaresa des de la presa de Camarasa - E031000",334157,4641455,4420305,índex IHF
after_2007,0001,0021,F007624,Riu Boix - E032000,335712,4643959,4420306,índex IHF
after_2007,0001,0021,F007625,"Conca alta de la Noguera Pallaresa fins a la confluència amb el riu de la Bonaigua, riu de la Bonaigua inclòs - E033000",344483,4729620,4420307,índex IHF
after_2007,0001,0021,F007626,"La Noguera Pallaresa des de la confluència del riu de la Bonaigua fins a l'Escrita, inclosos el barranc de Nyiri i riu de Son - E034000",346160,4721478,4420309,índex IHF
after_2007,0001,0021,F007627,La Noguera Pallaresa des de la confluència amb l'Escrita fins a la Noguera de Cardós - E035000,349493,4711711,3339131,índex IHF
after_2007,0001,0021,F007627,La Noguera Pallaresa des de la confluència amb l'Escrita fins a la Noguera de Cardós - E035000,349493,4711711,3339132,IHF (IHF-I Subtotal )
after_2007,0001,0021,F007627,La Noguera Pallaresa des de la confluència amb l'Escrita fins a la Noguera de Cardós - E035000,349493,4711711,3339133,IHF (IHF-I Subtotal 2)
after_2007,0001,0021,F007627,La Noguera Pallaresa des de la confluència amb l'Escrita fins a la Noguera de Cardós - E035000,349493,4711711,3339134,IHF (IHF-II Subtotal 1)
after_2007,0001,0021,F007627,La Noguera Pallaresa des de la confluència amb l'Escrita fins a la Noguera de Cardós - E035000,349493,4711711,3339135,IHF (IHF-II Subtotal 2)
after_2007,0001,0021,F007627,La Noguera Pallaresa des de la confluència amb l'Escrita fins a la Noguera de Cardós - E035000,349493,4711711,3339136,IHF (IHF-II Subtotal 3)
after_2007,0001,0021,F007627,La Noguera Pallaresa des de la confluència amb l'Escrita fins a la Noguera de Cardós - E035000,349493,4711711,3339137,IHF (IHF-III Subtotal 1)
after_2007,0001,0021,F007627,La Noguera Pallaresa des de la confluència amb l'Escrita fins a la Noguera de Cardós - E035000,349493,4711711,3339138,IHF (IHF-III Subtotal 2)
after_2007,0001,0021,F007627,La Noguera Pallaresa des de la confluència amb l'Escrita fins a la Noguera de Cardós - E035000,349493,4711711,4420310,índex IHF
after_2007,0001,0021,F007629,Capçalera de la Noguera de Cardós i riu de Tavascan fins a la confluència entre tots dos - E037000,357064,4722835,4420311,índex IHF
after_2007,0001,0021,F007630,"La Noguera de Cardós des de la confluència del riu de Tavascan fins a la Noguera Pallaresa, inclosa la ribera d'Estaon - E038000",355590,4717225,4420313,índex IHF
after_2007,0001,0021,F007631,La Noguera de Vallferrera i la Noguera de Tor - E039000,357798,4710724,4420314,índex IHF
after_2007,0001,0021,F007632,La Noguera Pallaresa des de la confluència amb la Noguera de Cardós fins a la cua de l'embassament de Talarn - E040000,342406,4691520,3339491,índex IHF
after_2007,0001,0021,F007632,La Noguera Pallaresa des de la confluència amb la Noguera de Cardós fins a la cua de l'embassament de Talarn - E040000,342406,4691520,3339492,IHF (IHF-I Subtotal )
after_2007,0001,0021,F007632,La Noguera Pallaresa des de la confluència amb la Noguera de Cardós fins a la cua de l'embassament de Talarn - E040000,342406,4691520,3339493,IHF (IHF-I Subtotal 2)
after_2007,0001,0021,F007632,La Noguera Pallaresa des de la confluència amb la Noguera de Cardós fins a la cua de l'embassament de Talarn - E040000,342406,4691520,3339494,IHF (IHF-II Subtotal 1)
after_2007,0001,0021,F007632,La Noguera Pallaresa des de la confluència amb la Noguera de Cardós fins a la cua de l'embassament de Talarn - E040000,342406,4691520,3339495,IHF (IHF-II Subtotal 2)
after_2007,0001,0021,F007632,La Noguera Pallaresa des de la confluència amb la Noguera de Cardós fins a la cua de l'embassament de Talarn - E040000,342406,4691520,3339496,IHF (IHF-II Subtotal 3)
after_2007,0001,0021,F007632,La Noguera Pallaresa des de la confluència amb la Noguera de Cardós fins a la cua de l'embassament de Talarn - E040000,342406,4691520,3339497,IHF (IHF-III Subtotal 1)
after_2007,0001,0021,F007632,La Noguera Pallaresa des de la confluència amb la Noguera de Cardós fins a la cua de l'embassament de Talarn - E040000,342406,4691520,3339498,IHF (IHF-III Subtotal 2)
after_2007,0001,0021,F007632,La Noguera Pallaresa des de la confluència amb la Noguera de Cardós fins a la cua de l'embassament de Talarn - E040000,342406,4691520,4420315,índex IHF
after_2007,0001,0021,F007635,Riu de Cantó - E043000,347540,4693608,3339705,índex IHF
after_2007,0001,0021,F007635,Riu de Cantó - E043000,347540,4693608,3339706,IHF (IHF-I Subtotal )
after_2007,0001,0021,F007635,Riu de Cantó - E043000,347540,4693608,3339707,IHF (IHF-I Subtotal 2)
after_2007,0001,0021,F007635,Riu de Cantó - E043000,347540,4693608,3339708,IHF (IHF-II Subtotal 1)
after_2007,0001,0021,F007635,Riu de Cantó - E043000,347540,4693608,3339709,IHF (IHF-II Subtotal 2)
after_2007,0001,0021,F007635,Riu de Cantó - E043000,347540,4693608,3339710,IHF (IHF-II Subtotal 3)
after_2007,0001,0021,F007635,Riu de Cantó - E043000,347540,4693608,3339711,IHF (IHF-III Subtotal 1)
after_2007,0001,0021,F007635,Riu de Cantó - E043000,347540,4693608,3339712,IHF (IHF-III Subtotal 2)
after_2007,0001,0021,F007636,Riu d'Ancs - E044000,339280,4688770,3339784,índex IHF
after_2007,0001,0021,F007636,Riu d'Ancs - E044000,339280,4688770,3339785,IHF (IHF-I Subtotal )
after_2007,0001,0021,F007636,Riu d'Ancs - E044000,339280,4688770,3339786,IHF (IHF-I Subtotal 2)
after_2007,0001,0021,F007636,Riu d'Ancs - E044000,339280,4688770,3339787,IHF (IHF-II Subtotal 1)
after_2007,0001,0021,F007636,Riu d'Ancs - E044000,339280,4688770,3339788,IHF (IHF-II Subtotal 2)
after_2007,0001,0021,F007636,Riu d'Ancs - E044000,339280,4688770,3339789,IHF (IHF-II Subtotal 3)
after_2007,0001,0021,F007636,Riu d'Ancs - E044000,339280,4688770,3339790,IHF (IHF-III Subtotal 1)
after_2007,0001,0021,F007636,Riu d'Ancs - E044000,339280,4688770,3339791,IHF (IHF-III Subtotal 2)
after_2007,0001,0021,F007637,Riu Major - E045000,340819,4685855,3339860,índex IHF
after_2007,0001,0021,F007637,Riu Major - E045000,340819,4685855,3339861,IHF (IHF-I Subtotal )
after_2007,0001,0021,F007637,Riu Major - E045000,340819,4685855,3339862,IHF (IHF-I Subtotal 2)
after_2007,0001,0021,F007637,Riu Major - E045000,340819,4685855,3339863,IHF (IHF-II Subtotal 1)
after_2007,0001,0021,F007637,Riu Major - E045000,340819,4685855,3339864,IHF (IHF-II Subtotal 2)
after_2007,0001,0021,F007637,Riu Major - E045000,340819,4685855,3339865,IHF (IHF-II Subtotal 3)
after_2007,0001,0021,F007637,Riu Major - E045000,340819,4685855,3339866,IHF (IHF-III Subtotal 1)
after_2007,0001,0021,F007637,Riu Major - E045000,340819,4685855,3339867,IHF (IHF-III Subtotal 2)
after_2007,0001,0021,F007639,Riu Flamisell des de la presa de Sallente fins a la confluència amb el riu Bossia - E049000,330295,4687998,4420317,índex IHF
after_2007,0001,0021,F007640,Riu Flamisell des de la confluència amb el Bossia fins a la Noguera Pallaresa - E050000,329905,4686860,4420318,índex IHF
after_2007,0001,0021,F007650,El Segre des de la confluència amb la Noguera Pallaresa fins a la cua de l'embassament de Sant Llorenç de Montgai - E061000,324044,4639324,4420320,índex IHF
after_2007,0001,0021,F007651,El Segre des de la presa de Sant Llorenç de Montgai fins a Vilanova de la Barca - E063000,314009,4621809,4420321,índex IHF
after_2007,0001,0021,F007652,"Conca alta del Sió fins a la confluència amb el barranc de la Pisquera, barranc de la Pisquera inclòs - E064000",343500,4627691,3340860,índex IHF
after_2007,0001,0021,F007652,"Conca alta del Sió fins a la confluència amb el barranc de la Pisquera, barranc de la Pisquera inclòs - E064000",343500,4627691,3340861,IHF (IHF-I Subtotal )
after_2007,0001,0021,F007652,"Conca alta del Sió fins a la confluència amb el barranc de la Pisquera, barranc de la Pisquera inclòs - E064000",343500,4627691,3340862,IHF (IHF-I Subtotal 2)
after_2007,0001,0021,F007652,"Conca alta del Sió fins a la confluència amb el barranc de la Pisquera, barranc de la Pisquera inclòs - E064000",343500,4627691,3340863,IHF (IHF-II Subtotal 1)
after_2007,0001,0021,F007652,"Conca alta del Sió fins a la confluència amb el barranc de la Pisquera, barranc de la Pisquera inclòs - E064000",343500,4627691,3340864,IHF (IHF-II Subtotal 2)
after_2007,0001,0021,F007652,"Conca alta del Sió fins a la confluència amb el barranc de la Pisquera, barranc de la Pisquera inclòs - E064000",343500,4627691,3340865,IHF (IHF-II Subtotal 3)
after_2007,0001,0021,F007652,"Conca alta del Sió fins a la confluència amb el barranc de la Pisquera, barranc de la Pisquera inclòs - E064000",343500,4627691,3340866,IHF (IHF-III Subtotal 1)
after_2007,0001,0021,F007652,"Conca alta del Sió fins a la confluència amb el barranc de la Pisquera, barranc de la Pisquera inclòs - E064000",343500,4627691,3340867,IHF (IHF-III Subtotal 2)
after_2007,0001,0021,F007653,Riu Sió des de la confluència amb el barranc de la Pisquera fins al Segre - E065000,327219,4630229,3340918,índex IHF
after_2007,0001,0021,F007653,Riu Sió des de la confluència amb el barranc de la Pisquera fins al Segre - E065000,327219,4630229,3340919,IHF (IHF-I Subtotal )
after_2007,0001,0021,F007653,Riu Sió des de la confluència amb el barranc de la Pisquera fins al Segre - E065000,327219,4630229,3340920,IHF (IHF-I Subtotal 2)
after_2007,0001,0021,F007653,Riu Sió des de la confluència amb el barranc de la Pisquera fins al Segre - E065000,327219,4630229,3340921,IHF (IHF-II Subtotal 1)
after_2007,0001,0021,F007653,Riu Sió des de la confluència amb el barranc de la Pisquera fins al Segre - E065000,327219,4630229,3340922,IHF (IHF-II Subtotal 2)
after_2007,0001,0021,F007653,Riu Sió des de la confluència amb el barranc de la Pisquera fins al Segre - E065000,327219,4630229,3340923,IHF (IHF-II Subtotal 3)
after_2007,0001,0021,F007653,Riu Sió des de la confluència amb el barranc de la Pisquera fins al Segre - E065000,327219,4630229,3340924,IHF (IHF-III Subtotal 1)
after_2007,0001,0021,F007653,Riu Sió des de la confluència amb el barranc de la Pisquera fins al Segre - E065000,327219,4630229,3340925,IHF (IHF-III Subtotal 2)
after_2007,0001,0021,F007653,Riu Sió des de la confluència amb el barranc de la Pisquera fins al Segre - E065000,327219,4630229,4420322,índex IHF
after_2007,0001,0021,F007655,El Segre des de Vilanova de la Barca fins a Alcoletge - E067000,308452,4615316,3341006,índex IHF
after_2007,0001,0021,F007655,El Segre des de Vilanova de la Barca fins a Alcoletge - E067000,308452,4615316,3341007,IHF (IHF-I Subtotal )
after_2007,0001,0021,F007655,El Segre des de Vilanova de la Barca fins a Alcoletge - E067000,308452,4615316,3341008,IHF (IHF-I Subtotal 2)
after_2007,0001,0021,F007655,El Segre des de Vilanova de la Barca fins a Alcoletge - E067000,308452,4615316,3341009,IHF (IHF-II Subtotal 1)
after_2007,0001,0021,F007655,El Segre des de Vilanova de la Barca fins a Alcoletge - E067000,308452,4615316,3341010,IHF (IHF-II Subtotal 2)
after_2007,0001,0021,F007655,El Segre des de Vilanova de la Barca fins a Alcoletge - E067000,308452,4615316,3341011,IHF (IHF-II Subtotal 3)
after_2007,0001,0021,F007655,El Segre des de Vilanova de la Barca fins a Alcoletge - E067000,308452,4615316,3341012,IHF (IHF-III Subtotal 1)
after_2007,0001,0021,F007655,El Segre des de Vilanova de la Barca fins a Alcoletge - E067000,308452,4615316,3341013,IHF (IHF-III Subtotal 2)
after_2007,0001,0021,F007655,El Segre des de Vilanova de la Barca fins a Alcoletge - E067000,308452,4615316,4420323,índex IHF
after_2007,0001,0021,F007656,Capçalera del riu d'Ondara fins a la confluència amb el Cercavins i conca del Cercavins - E068000,348251,4612422,3341114,índex IHF
after_2007,0001,0021,F007656,Capçalera del riu d'Ondara fins a la confluència amb el Cercavins i conca del Cercavins - E068000,348251,4612422,3341115,IHF (IHF-I Subtotal )
after_2007,0001,0021,F007656,Capçalera del riu d'Ondara fins a la confluència amb el Cercavins i conca del Cercavins - E068000,348251,4612422,3341116,IHF (IHF-I Subtotal 2)
after_2007,0001,0021,F007656,Capçalera del riu d'Ondara fins a la confluència amb el Cercavins i conca del Cercavins - E068000,348251,4612422,3341117,IHF (IHF-II Subtotal 1)
after_2007,0001,0021,F007656,Capçalera del riu d'Ondara fins a la confluència amb el Cercavins i conca del Cercavins - E068000,348251,4612422,3341118,IHF (IHF-II Subtotal 2)
after_2007,0001,0021,F007656,Capçalera del riu d'Ondara fins a la confluència amb el Cercavins i conca del Cercavins - E068000,348251,4612422,3341119,IHF (IHF-II Subtotal 3)
after_2007,0001,0021,F007656,Capçalera del riu d'Ondara fins a la confluència amb el Cercavins i conca del Cercavins - E068000,348251,4612422,3341120,IHF (IHF-III Subtotal 1)
after_2007,0001,0021,F007656,Capçalera del riu d'Ondara fins a la confluència amb el Cercavins i conca del Cercavins - E068000,348251,4612422,3341121,IHF (IHF-III Subtotal 2)
after_2007,0001,0021,F007657,"Riu Corb, barranc del Gossalet i riu d'Ondara des de la confluència amb el Cercavins fins al Corb - E069000",331393,4611084,3341183,índex IHF
after_2007,0001,0021,F007657,"Riu Corb, barranc del Gossalet i riu d'Ondara des de la confluència amb el Cercavins fins al Corb - E069000",331393,4611084,3341184,IHF (IHF-I Subtotal )
after_2007,0001,0021,F007657,"Riu Corb, barranc del Gossalet i riu d'Ondara des de la confluència amb el Cercavins fins al Corb - E069000",331393,4611084,3341185,IHF (IHF-I Subtotal 2)
after_2007,0001,0021,F007657,"Riu Corb, barranc del Gossalet i riu d'Ondara des de la confluència amb el Cercavins fins al Corb - E069000",331393,4611084,3341186,IHF (IHF-II Subtotal 1)
after_2007,0001,0021,F007657,"Riu Corb, barranc del Gossalet i riu d'Ondara des de la confluència amb el Cercavins fins al Corb - E069000",331393,4611084,3341187,IHF (IHF-II Subtotal 2)
after_2007,0001,0021,F007657,"Riu Corb, barranc del Gossalet i riu d'Ondara des de la confluència amb el Cercavins fins al Corb - E069000",331393,4611084,3341188,IHF (IHF-II Subtotal 3)
after_2007,0001,0021,F007657,"Riu Corb, barranc del Gossalet i riu d'Ondara des de la confluència amb el Cercavins fins al Corb - E069000",331393,4611084,3341189,IHF (IHF-III Subtotal 1)
after_2007,0001,0021,F007657,"Riu Corb, barranc del Gossalet i riu d'Ondara des de la confluència amb el Cercavins fins al Corb - E069000",331393,4611084,3341190,IHF (IHF-III Subtotal 2)
after_2007,0001,0021,F007657,"Riu Corb, barranc del Gossalet i riu d'Ondara des de la confluència amb el Cercavins fins al Corb - E069000",331393,4611084,4420324,índex IHF
after_2007,0001,0021,F007660,La Noguera Ribagorçana des de la confluència de la Valira de Castanesa fins a la cua de l'embassament d'Escales - E074000,313720,4698063,4420326,índex IHF
after_2007,0001,0021,F007661,La Noguera de Tor des de l'embassament de Cavallers fins a la confluència amb riu de Sant Nicolau - E076000,323165,4715004,3341304,índex IHF
after_2007,0001,0021,F007661,La Noguera de Tor des de l'embassament de Cavallers fins a la confluència amb riu de Sant Nicolau - E076000,323165,4715004,3341305,IHF (IHF-I Subtotal )
after_2007,0001,0021,F007661,La Noguera de Tor des de l'embassament de Cavallers fins a la confluència amb riu de Sant Nicolau - E076000,323165,4715004,3341306,IHF (IHF-I Subtotal 2)
after_2007,0001,0021,F007661,La Noguera de Tor des de l'embassament de Cavallers fins a la confluència amb riu de Sant Nicolau - E076000,323165,4715004,3341307,IHF (IHF-II Subtotal 1)
after_2007,0001,0021,F007661,La Noguera de Tor des de l'embassament de Cavallers fins a la confluència amb riu de Sant Nicolau - E076000,323165,4715004,3341308,IHF (IHF-II Subtotal 2)
after_2007,0001,0021,F007661,La Noguera de Tor des de l'embassament de Cavallers fins a la confluència amb riu de Sant Nicolau - E076000,323165,4715004,3341309,IHF (IHF-II Subtotal 3)
after_2007,0001,0021,F007661,La Noguera de Tor des de l'embassament de Cavallers fins a la confluència amb riu de Sant Nicolau - E076000,323165,4715004,3341310,IHF (IHF-III Subtotal 1)
after_2007,0001,0021,F007661,La Noguera de Tor des de l'embassament de Cavallers fins a la confluència amb riu de Sant Nicolau - E076000,323165,4715004,3341311,IHF (IHF-III Subtotal 2)
after_2007,0001,0021,F007662,Riu de Sant Nicolau - E077000,329153,4713224,3341377,índex IHF
after_2007,0001,0021,F007662,Riu de Sant Nicolau - E077000,329153,4713224,3341378,IHF (IHF-I Subtotal )
after_2007,0001,0021,F007662,Riu de Sant Nicolau - E077000,329153,4713224,3341379,IHF (IHF-I Subtotal 2)
after_2007,0001,0021,F007662,Riu de Sant Nicolau - E077000,329153,4713224,3341380,IHF (IHF-II Subtotal 1)
after_2007,0001,0021,F007662,Riu de Sant Nicolau - E077000,329153,4713224,3341381,IHF (IHF-II Subtotal 2)
after_2007,0001,0021,F007662,Riu de Sant Nicolau - E077000,329153,4713224,3341382,IHF (IHF-II Subtotal 3)
after_2007,0001,0021,F007662,Riu de Sant Nicolau - E077000,329153,4713224,3341383,IHF (IHF-III Subtotal 1)
after_2007,0001,0021,F007662,Riu de Sant Nicolau - E077000,329153,4713224,3341384,IHF (IHF-III Subtotal 2)
after_2007,0001,0021,F007663,"La Noguera de Tor des de la confluència del riu de Sant Nicolau fins a la Noguera Ribargorçana, inclosos el riuet de Durro i el riu de Sant Martí - E078000",321362,4709605,3341449,índex IHF
after_2007,0001,0021,F007663,"La Noguera de Tor des de la confluència del riu de Sant Nicolau fins a la Noguera Ribargorçana, inclosos el riuet de Durro i el riu de Sant Martí - E078000",321362,4709605,3341450,IHF (IHF-I Subtotal )
after_2007,0001,0021,F007663,"La Noguera de Tor des de la confluència del riu de Sant Nicolau fins a la Noguera Ribargorçana, inclosos el riuet de Durro i el riu de Sant Martí - E078000",321362,4709605,3341451,IHF (IHF-I Subtotal 2)
after_2007,0001,0021,F007663,"La Noguera de Tor des de la confluència del riu de Sant Nicolau fins a la Noguera Ribargorçana, inclosos el riuet de Durro i el riu de Sant Martí - E078000",321362,4709605,3341452,IHF (IHF-II Subtotal 1)
after_2007,0001,0021,F007663,"La Noguera de Tor des de la confluència del riu de Sant Nicolau fins a la Noguera Ribargorçana, inclosos el riuet de Durro i el riu de Sant Martí - E078000",321362,4709605,3341453,IHF (IHF-II Subtotal 2)
after_2007,0001,0021,F007663,"La Noguera de Tor des de la confluència del riu de Sant Nicolau fins a la Noguera Ribargorçana, inclosos el riuet de Durro i el riu de Sant Martí - E078000",321362,4709605,3341454,IHF (IHF-II Subtotal 3)
after_2007,0001,0021,F007663,"La Noguera de Tor des de la confluència del riu de Sant Nicolau fins a la Noguera Ribargorçana, inclosos el riuet de Durro i el riu de Sant Martí - E078000",321362,4709605,3341455,IHF (IHF-III Subtotal 1)
after_2007,0001,0021,F007663,"La Noguera de Tor des de la confluència del riu de Sant Nicolau fins a la Noguera Ribargorçana, inclosos el riuet de Durro i el riu de Sant Martí - E078000",321362,4709605,3341456,IHF (IHF-III Subtotal 2)
after_2007,0001,0021,F007663,"La Noguera de Tor des de la confluència del riu de Sant Nicolau fins a la Noguera Ribargorçana, inclosos el riuet de Durro i el riu de Sant Martí - E078000",321362,4709605,4420327,índex IHF
after_2007,0001,0021,F007665,La Noguera Ribagorçana des de la presa d'Escales fins al Pont de Montanyana - E081000,310230,4672750,4420329,índex IHF
after_2007,0001,0021,F007668,La Noguera Ribagorçana des del Pont de Montanyana fins a la cua de l'embassament de Canelles - E085000,309900,4666079,4420330,índex IHF
after_2007,0001,0021,F007669,La Noguera Ribagorçana des de la presa de Canelles fins a la cua de l'embassament de Santa Anna - E087000,301973,4649106,3341806,índex IHF
after_2007,0001,0021,F007669,La Noguera Ribagorçana des de la presa de Canelles fins a la cua de l'embassament de Santa Anna - E087000,301973,4649106,3341807,IHF (IHF-I Subtotal )
after_2007,0001,0021,F007669,La Noguera Ribagorçana des de la presa de Canelles fins a la cua de l'embassament de Santa Anna - E087000,301973,4649106,3341808,IHF (IHF-I Subtotal 2)
after_2007,0001,0021,F007669,La Noguera Ribagorçana des de la presa de Canelles fins a la cua de l'embassament de Santa Anna - E087000,301973,4649106,3341809,IHF (IHF-II Subtotal 1)
after_2007,0001,0021,F007669,La Noguera Ribagorçana des de la presa de Canelles fins a la cua de l'embassament de Santa Anna - E087000,301973,4649106,3341810,IHF (IHF-II Subtotal 2)
after_2007,0001,0021,F007669,La Noguera Ribagorçana des de la presa de Canelles fins a la cua de l'embassament de Santa Anna - E087000,301973,4649106,3341811,IHF (IHF-II Subtotal 3)
after_2007,0001,0021,F007669,La Noguera Ribagorçana des de la presa de Canelles fins a la cua de l'embassament de Santa Anna - E087000,301973,4649106,3341812,IHF (IHF-III Subtotal 1)
after_2007,0001,0021,F007669,La Noguera Ribagorçana des de la presa de Canelles fins a la cua de l'embassament de Santa Anna - E087000,301973,4649106,3341813,IHF (IHF-III Subtotal 2)
after_2007,0001,0021,F007669,La Noguera Ribagorçana des de la presa de Canelles fins a la cua de l'embassament de Santa Anna - E087000,301973,4649106,4420331,índex IHF
after_2007,0001,0021,F007670,La Noguera Ribagorçana des de la presa de Santa Anna fins a Alfarràs - E089000,298902,4638020,3341869,índex IHF
after_2007,0001,0021,F007670,La Noguera Ribagorçana des de la presa de Santa Anna fins a Alfarràs - E089000,298902,4638020,3341870,IHF (IHF-I Subtotal )
after_2007,0001,0021,F007670,La Noguera Ribagorçana des de la presa de Santa Anna fins a Alfarràs - E089000,298902,4638020,3341871,IHF (IHF-I Subtotal 2)
after_2007,0001,0021,F007670,La Noguera Ribagorçana des de la presa de Santa Anna fins a Alfarràs - E089000,298902,4638020,3341872,IHF (IHF-II Subtotal 1)
after_2007,0001,0021,F007670,La Noguera Ribagorçana des de la presa de Santa Anna fins a Alfarràs - E089000,298902,4638020,3341873,IHF (IHF-II Subtotal 2)
after_2007,0001,0021,F007670,La Noguera Ribagorçana des de la presa de Santa Anna fins a Alfarràs - E089000,298902,4638020,3341874,IHF (IHF-II Subtotal 3)
after_2007,0001,0021,F007670,La Noguera Ribagorçana des de la presa de Santa Anna fins a Alfarràs - E089000,298902,4638020,3341875,IHF (IHF-III Subtotal 1)
after_2007,0001,0021,F007670,La Noguera Ribagorçana des de la presa de Santa Anna fins a Alfarràs - E089000,298902,4638020,3341876,IHF (IHF-III Subtotal 2)
after_2007,0001,0021,F007670,La Noguera Ribagorçana des de la presa de Santa Anna fins a Alfarràs - E089000,298902,4638020,4420332,índex IHF
after_2007,0001,0021,F007671,La Noguera Ribagorçana des d'Alfarràs fins a la confluència amb el Segre - E090000,309164,4617173,3341941,índex IHF
after_2007,0001,0021,F007671,La Noguera Ribagorçana des d'Alfarràs fins a la confluència amb el Segre - E090000,309164,4617173,3341942,IHF (IHF-I Subtotal )
after_2007,0001,0021,F007671,La Noguera Ribagorçana des d'Alfarràs fins a la confluència amb el Segre - E090000,309164,4617173,3341943,IHF (IHF-I Subtotal 2)
after_2007,0001,0021,F007671,La Noguera Ribagorçana des d'Alfarràs fins a la confluència amb el Segre - E090000,309164,4617173,3341944,IHF (IHF-II Subtotal 1)
after_2007,0001,0021,F007671,La Noguera Ribagorçana des d'Alfarràs fins a la confluència amb el Segre - E090000,309164,4617173,3341945,IHF (IHF-II Subtotal 2)
after_2007,0001,0021,F007671,La Noguera Ribagorçana des d'Alfarràs fins a la confluència amb el Segre - E090000,309164,4617173,3341946,IHF (IHF-II Subtotal 3)
after_2007,0001,0021,F007671,La Noguera Ribagorçana des d'Alfarràs fins a la confluència amb el Segre - E090000,309164,4617173,3341947,IHF (IHF-III Subtotal 1)
after_2007,0001,0021,F007671,La Noguera Ribagorçana des d'Alfarràs fins a la confluència amb el Segre - E090000,309164,4617173,3341948,IHF (IHF-III Subtotal 2)
after_2007,0001,0021,F007671,La Noguera Ribagorçana des d'Alfarràs fins a la confluència amb el Segre - E090000,309164,4617173,4420333,índex IHF
after_2007,0001,0021,F007673,El Segre des d'Alcoletge fins a Lleida - E092000,305190,4614334,3342108,índex IHF
after_2007,0001,0021,F007673,El Segre des d'Alcoletge fins a Lleida - E092000,305190,4614334,3342109,IHF (IHF-I Subtotal )
after_2007,0001,0021,F007673,El Segre des d'Alcoletge fins a Lleida - E092000,305190,4614334,3342110,IHF (IHF-I Subtotal 2)
after_2007,0001,0021,F007673,El Segre des d'Alcoletge fins a Lleida - E092000,305190,4614334,3342111,IHF (IHF-II Subtotal 1)
after_2007,0001,0021,F007673,El Segre des d'Alcoletge fins a Lleida - E092000,305190,4614334,3342112,IHF (IHF-II Subtotal 2)
after_2007,0001,0021,F007673,El Segre des d'Alcoletge fins a Lleida - E092000,305190,4614334,3342113,IHF (IHF-II Subtotal 3)
after_2007,0001,0021,F007673,El Segre des d'Alcoletge fins a Lleida - E092000,305190,4614334,3342114,IHF (IHF-III Subtotal 1)
after_2007,0001,0021,F007673,El Segre des d'Alcoletge fins a Lleida - E092000,305190,4614334,3342115,IHF (IHF-III Subtotal 2)
after_2007,0001,0021,F007673,El Segre des d'Alcoletge fins a Lleida - E092000,305190,4614334,4420334,índex IHF
after_2007,0001,0021,F007674,Riu Clamor de les Canals  - E093000,311741,4612511,3342202,índex IHF
after_2007,0001,0021,F007674,Riu Clamor de les Canals  - E093000,311741,4612511,3342203,IHF (IHF-I Subtotal )
after_2007,0001,0021,F007674,Riu Clamor de les Canals  - E093000,311741,4612511,3342204,IHF (IHF-I Subtotal 2)
after_2007,0001,0021,F007674,Riu Clamor de les Canals  - E093000,311741,4612511,3342205,IHF (IHF-II Subtotal 1)
after_2007,0001,0021,F007674,Riu Clamor de les Canals  - E093000,311741,4612511,3342206,IHF (IHF-II Subtotal 2)
after_2007,0001,0021,F007674,Riu Clamor de les Canals  - E093000,311741,4612511,3342207,IHF (IHF-II Subtotal 3)
after_2007,0001,0021,F007674,Riu Clamor de les Canals  - E093000,311741,4612511,3342208,IHF (IHF-III Subtotal 1)
after_2007,0001,0021,F007674,Riu Clamor de les Canals  - E093000,311741,4612511,3342209,IHF (IHF-III Subtotal 2)
after_2007,0001,0021,F007674,Riu Clamor de les Canals  - E093000,311741,4612511,4420335,índex IHF
after_2007,0001,0021,F007675,El Segre al seu pas per Lleida - E094000,301556,4608768,3342315,índex IHF
after_2007,0001,0021,F007675,El Segre al seu pas per Lleida - E094000,301556,4608768,3342316,IHF (IHF-I Subtotal )
after_2007,0001,0021,F007675,El Segre al seu pas per Lleida - E094000,301556,4608768,3342317,IHF (IHF-I Subtotal 2)
after_2007,0001,0021,F007675,El Segre al seu pas per Lleida - E094000,301556,4608768,3342318,IHF (IHF-II Subtotal 1)
after_2007,0001,0021,F007675,El Segre al seu pas per Lleida - E094000,301556,4608768,3342319,IHF (IHF-II Subtotal 2)
after_2007,0001,0021,F007675,El Segre al seu pas per Lleida - E094000,301556,4608768,3342320,IHF (IHF-II Subtotal 3)
after_2007,0001,0021,F007675,El Segre al seu pas per Lleida - E094000,301556,4608768,3342321,IHF (IHF-III Subtotal 1)
after_2007,0001,0021,F007675,El Segre al seu pas per Lleida - E094000,301556,4608768,3342322,IHF (IHF-III Subtotal 2)
after_2007,0001,0021,F007675,El Segre al seu pas per Lleida - E094000,301556,4608768,4420336,índex IHF
after_2007,0001,0021,F007676,Torrent de la Femosa - E095000,304190,4606783,3342376,índex IHF
after_2007,0001,0021,F007676,Torrent de la Femosa - E095000,304190,4606783,3342377,IHF (IHF-I Subtotal )
after_2007,0001,0021,F007676,Torrent de la Femosa - E095000,304190,4606783,3342378,IHF (IHF-I Subtotal 2)
after_2007,0001,0021,F007676,Torrent de la Femosa - E095000,304190,4606783,3342379,IHF (IHF-II Subtotal 1)
after_2007,0001,0021,F007676,Torrent de la Femosa - E095000,304190,4606783,3342380,IHF (IHF-II Subtotal 2)
after_2007,0001,0021,F007676,Torrent de la Femosa - E095000,304190,4606783,3342381,IHF (IHF-II Subtotal 3)
after_2007,0001,0021,F007676,Torrent de la Femosa - E095000,304190,4606783,3342382,IHF (IHF-III Subtotal 1)
after_2007,0001,0021,F007676,Torrent de la Femosa - E095000,304190,4606783,3342383,IHF (IHF-III Subtotal 2)
after_2007,0001,0021,F007676,Torrent de la Femosa - E095000,304190,4606783,4420337,índex IHF
after_2007,0001,0021,F007677,El Segre des de Lleida fins a Seròs - E096000,288127,4595578,3342481,índex IHF
after_2007,0001,0021,F007677,El Segre des de Lleida fins a Seròs - E096000,288127,4595578,3342482,IHF (IHF-I Subtotal )
after_2007,0001,0021,F007677,El Segre des de Lleida fins a Seròs - E096000,288127,4595578,3342483,IHF (IHF-I Subtotal 2)
after_2007,0001,0021,F007677,El Segre des de Lleida fins a Seròs - E096000,288127,4595578,3342484,IHF (IHF-II Subtotal 1)
after_2007,0001,0021,F007677,El Segre des de Lleida fins a Seròs - E096000,288127,4595578,3342485,IHF (IHF-II Subtotal 2)
after_2007,0001,0021,F007677,El Segre des de Lleida fins a Seròs - E096000,288127,4595578,3342486,IHF (IHF-II Subtotal 3)
after_2007,0001,0021,F007677,El Segre des de Lleida fins a Seròs - E096000,288127,4595578,3342487,IHF (IHF-III Subtotal 1)
after_2007,0001,0021,F007677,El Segre des de Lleida fins a Seròs - E096000,288127,4595578,3342488,IHF (IHF-III Subtotal 2)
after_2007,0001,0021,F007677,El Segre des de Lleida fins a Seròs - E096000,288127,4595578,4420338,índex IHF
after_2007,0001,0021,F007678,Rierol de Melons - E097000,306126,4600688,3342569,índex IHF
after_2007,0001,0021,F007678,Rierol de Melons - E097000,306126,4600688,3342570,IHF (IHF-I Subtotal )
after_2007,0001,0021,F007678,Rierol de Melons - E097000,306126,4600688,3342571,IHF (IHF-I Subtotal 2)
after_2007,0001,0021,F007678,Rierol de Melons - E097000,306126,4600688,3342572,IHF (IHF-II Subtotal 1)
after_2007,0001,0021,F007678,Rierol de Melons - E097000,306126,4600688,3342573,IHF (IHF-II Subtotal 2)
after_2007,0001,0021,F007678,Rierol de Melons - E097000,306126,4600688,3342574,IHF (IHF-II Subtotal 3)
after_2007,0001,0021,F007678,Rierol de Melons - E097000,306126,4600688,3342575,IHF (IHF-III Subtotal 1)
after_2007,0001,0021,F007678,Rierol de Melons - E097000,306126,4600688,3342576,IHF (IHF-III Subtotal 2)
after_2007,0001,0021,F007679,Capçalera del riu de Set fins al límit entre els termes municipals d'Albagés i el Cogul - E098000,314325,4590679,4470138,índex IHF
after_2007,0001,0021,F007680,Riu Set des del límit dels termes municipals d'Albagés i el Cogul fins al Segre - E099000,297016,4604395,3342589,índex IHF
after_2007,0001,0021,F007680,Riu Set des del límit dels termes municipals d'Albagés i el Cogul fins al Segre - E099000,297016,4604395,3342590,IHF (IHF-I Subtotal )
after_2007,0001,0021,F007680,Riu Set des del límit dels termes municipals d'Albagés i el Cogul fins al Segre - E099000,297016,4604395,3342591,IHF (IHF-I Subtotal 2)
after_2007,0001,0021,F007680,Riu Set des del límit dels termes municipals d'Albagés i el Cogul fins al Segre - E099000,297016,4604395,3342592,IHF (IHF-II Subtotal 1)
after_2007,0001,0021,F007680,Riu Set des del límit dels termes municipals d'Albagés i el Cogul fins al Segre - E099000,297016,4604395,3342593,IHF (IHF-II Subtotal 2)
after_2007,0001,0021,F007680,Riu Set des del límit dels termes municipals d'Albagés i el Cogul fins al Segre - E099000,297016,4604395,3342594,IHF (IHF-II Subtotal 3)
after_2007,0001,0021,F007680,Riu Set des del límit dels termes municipals d'Albagés i el Cogul fins al Segre - E099000,297016,4604395,3342595,IHF (IHF-III Subtotal 1)
after_2007,0001,0021,F007680,Riu Set des del límit dels termes municipals d'Albagés i el Cogul fins al Segre - E099000,297016,4604395,3342596,IHF (IHF-III Subtotal 2)
after_2007,0001,0021,F007680,Riu Set des del límit dels termes municipals d'Albagés i el Cogul fins al Segre - E099000,297016,4604395,4420339,índex IHF
after_2007,0001,0021,F007681,El Segre des de Seròs fins a la confluència amb el Cinca - E100000,284048,4592034,4420340,índex IHF
after_2007,0001,0021,F007682,Riu de la Clamor Amarga - E101000,277826,4615760,3342644,índex IHF
after_2007,0001,0021,F007682,Riu de la Clamor Amarga - E101000,277826,4615760,3342645,IHF (IHF-I Subtotal )
after_2007,0001,0021,F007682,Riu de la Clamor Amarga - E101000,277826,4615760,3342646,IHF (IHF-I Subtotal 2)
after_2007,0001,0021,F007682,Riu de la Clamor Amarga - E101000,277826,4615760,3342647,IHF (IHF-II Subtotal 1)
after_2007,0001,0021,F007682,Riu de la Clamor Amarga - E101000,277826,4615760,3342648,IHF (IHF-II Subtotal 2)
after_2007,0001,0021,F007682,Riu de la Clamor Amarga - E101000,277826,4615760,3342649,IHF (IHF-II Subtotal 3)
after_2007,0001,0021,F007682,Riu de la Clamor Amarga - E101000,277826,4615760,3342650,IHF (IHF-III Subtotal 1)
after_2007,0001,0021,F007682,Riu de la Clamor Amarga - E101000,277826,4615760,3342651,IHF (IHF-III Subtotal 2)
after_2007,0001,0021,F007682,Riu de la Clamor Amarga - E101000,277826,4615760,4420341,índex IHF
after_2007,0001,0021,F007683,El Cinca des de la confluència amb la Clamor Amarga fins al Segre - E102000,278177,4590466,4420342,índex IHF
after_2007,0001,0021,F007684,El Segre des de la confluència amb el Cinca fins a la cua de l'embassament de Riba-roja - E103000,276053,4586203,3342734,índex IHF
after_2007,0001,0021,F007684,El Segre des de la confluència amb el Cinca fins a la cua de l'embassament de Riba-roja - E103000,276053,4586203,3342735,IHF (IHF-I Subtotal )
after_2007,0001,0021,F007684,El Segre des de la confluència amb el Cinca fins a la cua de l'embassament de Riba-roja - E103000,276053,4586203,3342736,IHF (IHF-I Subtotal 2)
after_2007,0001,0021,F007684,El Segre des de la confluència amb el Cinca fins a la cua de l'embassament de Riba-roja - E103000,276053,4586203,3342737,IHF (IHF-II Subtotal 1)
after_2007,0001,0021,F007684,El Segre des de la confluència amb el Cinca fins a la cua de l'embassament de Riba-roja - E103000,276053,4586203,3342738,IHF (IHF-II Subtotal 2)
after_2007,0001,0021,F007684,El Segre des de la confluència amb el Cinca fins a la cua de l'embassament de Riba-roja - E103000,276053,4586203,3342739,IHF (IHF-II Subtotal 3)
after_2007,0001,0021,F007684,El Segre des de la confluència amb el Cinca fins a la cua de l'embassament de Riba-roja - E103000,276053,4586203,3342740,IHF (IHF-III Subtotal 1)
after_2007,0001,0021,F007684,El Segre des de la confluència amb el Cinca fins a la cua de l'embassament de Riba-roja - E103000,276053,4586203,3342741,IHF (IHF-III Subtotal 2)
after_2007,0001,0021,F007684,El Segre des de la confluència amb el Cinca fins a la cua de l'embassament de Riba-roja - E103000,276053,4586203,4420343,índex IHF
after_2007,0001,0021,F007686,Riu d'Algars des de la confluència del riu d'Estrets fins al Matarranya i Matarranya des de la confluència de l'Algars fins a la cua de l'embassament de Riba-roja - E106000,266203,4552791,4356213,índex IHF
after_2007,0001,0021,F007687,L'Ebre de la presa de Flix fins al desguàs de la central hidroelèctrica de Flix - E108000,294204,4568011,4420419,índex IHF
after_2007,0001,0021,F007689,L'Ebre des del desguàs de la central hidroelèctrica de Flix fins a Ascó - E110000,294929,4564982,3342910,índex IHF
after_2007,0001,0021,F007689,L'Ebre des del desguàs de la central hidroelèctrica de Flix fins a Ascó - E110000,294929,4564982,3342911,IHF (IHF-I Subtotal )
after_2007,0001,0021,F007689,L'Ebre des del desguàs de la central hidroelèctrica de Flix fins a Ascó - E110000,294929,4564982,3342912,IHF (IHF-I Subtotal 2)
after_2007,0001,0021,F007689,L'Ebre des del desguàs de la central hidroelèctrica de Flix fins a Ascó - E110000,294929,4564982,3342913,IHF (IHF-II Subtotal 1)
after_2007,0001,0021,F007689,L'Ebre des del desguàs de la central hidroelèctrica de Flix fins a Ascó - E110000,294929,4564982,3342914,IHF (IHF-II Subtotal 2)
after_2007,0001,0021,F007689,L'Ebre des del desguàs de la central hidroelèctrica de Flix fins a Ascó - E110000,294929,4564982,3342915,IHF (IHF-II Subtotal 3)
after_2007,0001,0021,F007689,L'Ebre des del desguàs de la central hidroelèctrica de Flix fins a Ascó - E110000,294929,4564982,3342916,IHF (IHF-III Subtotal 1)
after_2007,0001,0021,F007689,L'Ebre des del desguàs de la central hidroelèctrica de Flix fins a Ascó - E110000,294929,4564982,3342917,IHF (IHF-III Subtotal 2)
after_2007,0001,0021,F007689,L'Ebre des del desguàs de la central hidroelèctrica de Flix fins a Ascó - E110000,294929,4564982,4356214,índex IHF
after_2007,0001,0021,F007690,L'Ebre entre Ascó i l'assut de Xerta - E111000,299642,4546809,4356215,índex IHF
after_2007,0001,0021,F007691,Capçalera del Montsant fins a la cua de l'embassament de Margalef - E112000,317252,4574778,4512632,índex IHF
after_2007,0001,0021,F007692,"Riu de Montsant des de la presa de Margalef fins a la confluència amb el riuet d'Escaladei, inclòs el riuet d'Escaladei - E114000",307304,4568418,4356216,índex IHF
after_2007,0001,0021,F007693,"Riu de Siurana des de la presa de Siurana fins a l'Ebre, riu de Cortiella i tram baix del riu de Montsant des de la confluència amb el riuet d'Escaladei - E115000",318866,4566775,4356217,índex IHF
after_2007,0001,0021,F007694,Capçalera del Siurana fins a la cua de l'embassament de Siurana - E116000,329107,4570178,4512633,índex IHF
after_2007,0001,0021,F007696,Riera de Capçanes des de la presa de Guiamets fins a la confluència amb el Siurana - E120000,306723,4554245,3343356,índex IHF
after_2007,0001,0021,F007696,Riera de Capçanes des de la presa de Guiamets fins a la confluència amb el Siurana - E120000,306723,4554245,3343357,IHF (IHF-I Subtotal )
after_2007,0001,0021,F007696,Riera de Capçanes des de la presa de Guiamets fins a la confluència amb el Siurana - E120000,306723,4554245,3343358,IHF (IHF-I Subtotal 2)
after_2007,0001,0021,F007696,Riera de Capçanes des de la presa de Guiamets fins a la confluència amb el Siurana - E120000,306723,4554245,3343359,IHF (IHF-II Subtotal 1)
after_2007,0001,0021,F007696,Riera de Capçanes des de la presa de Guiamets fins a la confluència amb el Siurana - E120000,306723,4554245,3343360,IHF (IHF-II Subtotal 2)
after_2007,0001,0021,F007696,Riera de Capçanes des de la presa de Guiamets fins a la confluència amb el Siurana - E120000,306723,4554245,3343361,IHF (IHF-II Subtotal 3)
after_2007,0001,0021,F007696,Riera de Capçanes des de la presa de Guiamets fins a la confluència amb el Siurana - E120000,306723,4554245,3343362,IHF (IHF-III Subtotal 1)
after_2007,0001,0021,F007696,Riera de Capçanes des de la presa de Guiamets fins a la confluència amb el Siurana - E120000,306723,4554245,3343363,IHF (IHF-III Subtotal 2)
after_2007,0001,0021,F007697,Riu Sec (Ebre) - E121000,302085,4549835,3343376,índex IHF
after_2007,0001,0021,F007697,Riu Sec (Ebre) - E121000,302085,4549835,3343377,IHF (IHF-I Subtotal )
after_2007,0001,0021,F007697,Riu Sec (Ebre) - E121000,302085,4549835,3343378,IHF (IHF-I Subtotal 2)
after_2007,0001,0021,F007697,Riu Sec (Ebre) - E121000,302085,4549835,3343379,IHF (IHF-II Subtotal 1)
after_2007,0001,0021,F007697,Riu Sec (Ebre) - E121000,302085,4549835,3343380,IHF (IHF-II Subtotal 2)
after_2007,0001,0021,F007697,Riu Sec (Ebre) - E121000,302085,4549835,3343381,IHF (IHF-II Subtotal 3)
after_2007,0001,0021,F007697,Riu Sec (Ebre) - E121000,302085,4549835,3343382,IHF (IHF-III Subtotal 1)
after_2007,0001,0021,F007697,Riu Sec (Ebre) - E121000,302085,4549835,3343383,IHF (IHF-III Subtotal 2)
after_2007,0001,0021,F007699,Riu Canaletes - E123000,290035,4538018,4356218,índex IHF
after_2007,0001,0021,F007701,Barranc de l'Arram - E125000,287661,4533979,4420423,índex IHF
after_2007,0001,0021,F007702,L'Ebre des de l'assut de Xerta fins a la confluència del barranc de la Galera - E126000,289926,4528480,3343730,índex IHF
after_2007,0001,0021,F007702,L'Ebre des de l'assut de Xerta fins a la confluència del barranc de la Galera - E126000,289926,4528480,3343731,IHF (IHF-I Subtotal )
after_2007,0001,0021,F007702,L'Ebre des de l'assut de Xerta fins a la confluència del barranc de la Galera - E126000,289926,4528480,3343732,IHF (IHF-I Subtotal 2)
after_2007,0001,0021,F007702,L'Ebre des de l'assut de Xerta fins a la confluència del barranc de la Galera - E126000,289926,4528480,3343733,IHF (IHF-II Subtotal 1)
after_2007,0001,0021,F007702,L'Ebre des de l'assut de Xerta fins a la confluència del barranc de la Galera - E126000,289926,4528480,3343734,IHF (IHF-II Subtotal 2)
after_2007,0001,0021,F007702,L'Ebre des de l'assut de Xerta fins a la confluència del barranc de la Galera - E126000,289926,4528480,3343735,IHF (IHF-II Subtotal 3)
after_2007,0001,0021,F007702,L'Ebre des de l'assut de Xerta fins a la confluència del barranc de la Galera - E126000,289926,4528480,3343736,IHF (IHF-III Subtotal 1)
after_2007,0001,0021,F007702,L'Ebre des de l'assut de Xerta fins a la confluència del barranc de la Galera - E126000,289926,4528480,3343737,IHF (IHF-III Subtotal 2)
after_2007,0001,0021,F007702,L'Ebre des de l'assut de Xerta fins a la confluència del barranc de la Galera - E126000,289926,4528480,4356219,índex IHF
after_2007,0001,0021,F007704,Barranc de la Servera - E128000,284207,4524125,4420427,índex IHF
after_2007,0001,0021,F007705,Barranc de Sant Antoni - E129000,287320,4518301,4420431,índex IHF
after_2007,0001,0021,F007706,Conca del barranc de la Galera - E130000,273695,4514675,3343871,índex IHF
after_2007,0001,0021,F007706,Conca del barranc de la Galera - E130000,273695,4514675,3343872,IHF (IHF-I Subtotal )
after_2007,0001,0021,F007706,Conca del barranc de la Galera - E130000,273695,4514675,3343873,IHF (IHF-I Subtotal 2)
after_2007,0001,0021,F007706,Conca del barranc de la Galera - E130000,273695,4514675,3343874,IHF (IHF-II Subtotal 1)
after_2007,0001,0021,F007706,Conca del barranc de la Galera - E130000,273695,4514675,3343875,IHF (IHF-II Subtotal 2)
after_2007,0001,0021,F007706,Conca del barranc de la Galera - E130000,273695,4514675,3343876,IHF (IHF-II Subtotal 3)
after_2007,0001,0021,F007706,Conca del barranc de la Galera - E130000,273695,4514675,3343877,IHF (IHF-III Subtotal 1)
after_2007,0001,0021,F007706,Conca del barranc de la Galera - E130000,273695,4514675,3343878,IHF (IHF-III Subtotal 2)
after_2007,0001,0021,F007706,Conca del barranc de la Galera - E130000,273695,4514675,4356220,índex IHF
after_2007,0001,0021,F007708,"Garona des de Salardú fins a la frontera, arriu de Varradòs i arriu Nere - G001000",313736,4734295,3343950,índex IHF
after_2007,0001,0021,F007708,"Garona des de Salardú fins a la frontera, arriu de Varradòs i arriu Nere - G001000",313736,4734295,3343951,IHF (IHF-I Subtotal )
after_2007,0001,0021,F007708,"Garona des de Salardú fins a la frontera, arriu de Varradòs i arriu Nere - G001000",313736,4734295,3343952,IHF (IHF-I Subtotal 2)
after_2007,0001,0021,F007708,"Garona des de Salardú fins a la frontera, arriu de Varradòs i arriu Nere - G001000",313736,4734295,3343953,IHF (IHF-II Subtotal 1)
after_2007,0001,0021,F007708,"Garona des de Salardú fins a la frontera, arriu de Varradòs i arriu Nere - G001000",313736,4734295,3343954,IHF (IHF-II Subtotal 2)
after_2007,0001,0021,F007708,"Garona des de Salardú fins a la frontera, arriu de Varradòs i arriu Nere - G001000",313736,4734295,3343955,IHF (IHF-II Subtotal 3)
after_2007,0001,0021,F007708,"Garona des de Salardú fins a la frontera, arriu de Varradòs i arriu Nere - G001000",313736,4734295,3343956,IHF (IHF-III Subtotal 1)
after_2007,0001,0021,F007708,"Garona des de Salardú fins a la frontera, arriu de Varradòs i arriu Nere - G001000",313736,4734295,3343957,IHF (IHF-III Subtotal 2)
after_2007,0001,0021,F007708,"Garona des de Salardú fins a la frontera, arriu de Varradòs i arriu Nere - G001000",313736,4734295,4420345,índex IHF
after_2007,0001,0021,F007709,Capçalera de la Garona fins a Salardú i arriu Unhola - G002000,330964,4730197,3344044,índex IHF
after_2007,0001,0021,F007709,Capçalera de la Garona fins a Salardú i arriu Unhola - G002000,330964,4730197,3344045,IHF (IHF-I Subtotal )
after_2007,0001,0021,F007709,Capçalera de la Garona fins a Salardú i arriu Unhola - G002000,330964,4730197,3344046,IHF (IHF-I Subtotal 2)
after_2007,0001,0021,F007709,Capçalera de la Garona fins a Salardú i arriu Unhola - G002000,330964,4730197,3344047,IHF (IHF-II Subtotal 1)
after_2007,0001,0021,F007709,Capçalera de la Garona fins a Salardú i arriu Unhola - G002000,330964,4730197,3344048,IHF (IHF-II Subtotal 2)
after_2007,0001,0021,F007709,Capçalera de la Garona fins a Salardú i arriu Unhola - G002000,330964,4730197,3344049,IHF (IHF-II Subtotal 3)
after_2007,0001,0021,F007709,Capçalera de la Garona fins a Salardú i arriu Unhola - G002000,330964,4730197,3344050,IHF (IHF-III Subtotal 1)
after_2007,0001,0021,F007709,Capçalera de la Garona fins a Salardú i arriu Unhola - G002000,330964,4730197,3344051,IHF (IHF-III Subtotal 2)
after_2007,0001,0021,F007709,Capçalera de la Garona fins a Salardú i arriu Unhola - G002000,330964,4730197,4420347,índex IHF
after_2007,0001,0021,F007710,Arriu de Valarties - G003000,325875,4727822,3344123,índex IHF
after_2007,0001,0021,F007710,Arriu de Valarties - G003000,325875,4727822,3344124,IHF (IHF-I Subtotal )
after_2007,0001,0021,F007710,Arriu de Valarties - G003000,325875,4727822,3344125,IHF (IHF-I Subtotal 2)
after_2007,0001,0021,F007710,Arriu de Valarties - G003000,325875,4727822,3344126,IHF (IHF-II Subtotal 1)
after_2007,0001,0021,F007710,Arriu de Valarties - G003000,325875,4727822,3344127,IHF (IHF-II Subtotal 2)
after_2007,0001,0021,F007710,Arriu de Valarties - G003000,325875,4727822,3344128,IHF (IHF-II Subtotal 3)
after_2007,0001,0021,F007710,Arriu de Valarties - G003000,325875,4727822,3344129,IHF (IHF-III Subtotal 1)
after_2007,0001,0021,F007710,Arriu de Valarties - G003000,325875,4727822,3344130,IHF (IHF-III Subtotal 2)
after_2007,0001,0021,F007711,Arriu Joèu - G004000,312510,4729943,3344199,índex IHF
after_2007,0001,0021,F007711,Arriu Joèu - G004000,312510,4729943,3344200,IHF (IHF-I Subtotal )
after_2007,0001,0021,F007711,Arriu Joèu - G004000,312510,4729943,3344201,IHF (IHF-I Subtotal 2)
after_2007,0001,0021,F007711,Arriu Joèu - G004000,312510,4729943,3344202,IHF (IHF-II Subtotal 1)
after_2007,0001,0021,F007711,Arriu Joèu - G004000,312510,4729943,3344203,IHF (IHF-II Subtotal 2)
after_2007,0001,0021,F007711,Arriu Joèu - G004000,312510,4729943,3344204,IHF (IHF-II Subtotal 3)
after_2007,0001,0021,F007711,Arriu Joèu - G004000,312510,4729943,3344205,IHF (IHF-III Subtotal 1)
after_2007,0001,0021,F007711,Arriu Joèu - G004000,312510,4729943,3344206,IHF (IHF-III Subtotal 2)
after_2007,0001,0021,F007712,Arriu de Toran - G005000,320432,4743110,3344282,índex IHF
after_2007,0001,0021,F007712,Arriu de Toran - G005000,320432,4743110,3344283,IHF (IHF-I Subtotal )
after_2007,0001,0021,F007712,Arriu de Toran - G005000,320432,4743110,3344284,IHF (IHF-I Subtotal 2)
after_2007,0001,0021,F007712,Arriu de Toran - G005000,320432,4743110,3344285,IHF (IHF-II Subtotal 1)
after_2007,0001,0021,F007712,Arriu de Toran - G005000,320432,4743110,3344286,IHF (IHF-II Subtotal 2)
after_2007,0001,0021,F007712,Arriu de Toran - G005000,320432,4743110,3344287,IHF (IHF-II Subtotal 3)
after_2007,0001,0021,F007712,Arriu de Toran - G005000,320432,4743110,3344288,IHF (IHF-III Subtotal 1)
after_2007,0001,0021,F007712,Arriu de Toran - G005000,320432,4743110,3344289,IHF (IHF-III Subtotal 2)
after_2007,0001,0021,F007713,Riu de la Sénia des de la presa d'Ulldecona fins al mar - S001000,269013,4504266,3344351,índex IHF
after_2007,0001,0021,F007713,Riu de la Sénia des de la presa d'Ulldecona fins al mar - S001000,269013,4504266,3344352,IHF (IHF-I Subtotal )
after_2007,0001,0021,F007713,Riu de la Sénia des de la presa d'Ulldecona fins al mar - S001000,269013,4504266,3344353,IHF (IHF-I Subtotal 2)
after_2007,0001,0021,F007713,Riu de la Sénia des de la presa d'Ulldecona fins al mar - S001000,269013,4504266,3344354,IHF (IHF-II Subtotal 1)
after_2007,0001,0021,F007713,Riu de la Sénia des de la presa d'Ulldecona fins al mar - S001000,269013,4504266,3344355,IHF (IHF-II Subtotal 2)
after_2007,0001,0021,F007713,Riu de la Sénia des de la presa d'Ulldecona fins al mar - S001000,269013,4504266,3344356,IHF (IHF-II Subtotal 3)
after_2007,0001,0021,F007713,Riu de la Sénia des de la presa d'Ulldecona fins al mar - S001000,269013,4504266,3344357,IHF (IHF-III Subtotal 1)
after_2007,0001,0021,F007713,Riu de la Sénia des de la presa d'Ulldecona fins al mar - S001000,269013,4504266,3344358,IHF (IHF-III Subtotal 2)
after_2007,0001,0021,F007713,Riu de la Sénia des de la presa d'Ulldecona fins al mar - S001000,269013,4504266,4356221,índex IHF
after_2007,0001,0021,F012652,Conca de l'Orlina - 220008010,504108,4692756,4356222,índex IHF
after_2007,0001,0021,F012653,Conca de l'Orlina - 220008011,495936,4697723,4356223,índex IHF
after_2007,0001,0021,F012654,Capçalera del Llobregat de la Muga fins al Ricardell - 220004010,486576,4693332,4356224,índex IHF
after_2007,0001,0021,F012655,Capçalera del Ter fins a la confluència amb el Ritort (Ritort inclòs) - 200001010,441947,4693204,4356225,índex IHF
after_2007,0001,0021,F012656,Capçalera del Ter fins a la confluència amb el Ritort (Ritort inclòs) - 200001011,449681,4692310,4356226,índex IHF
after_2007,0001,0021,F012657,Riera Major - 200024010,449370,4631506,4356227,índex IHF
after_2007,0001,0021,F012658,Riera de Carme - 100081010,380379,4597530,4356228,índex IHF
after_2007,0001,0021,F012660,Capçalera de la Glorieta fins a l'EDAR d'Alcover - 050011010,343355,4569947,4356229,índex IHF
after_2007,0001,0021,F015000,Capçaleres del Llobregat i l'Arija fins a la confluència entre tots dos  - 100001010,419912,4677769,4356231,índex IHF
after_2007,0001,0021,F015001,Riera d'Oló - 100036010,425264,4638740,4356232,índex IHF
after_2007,0001,0021,F015019,Riera de Malrubí - 100038010,420186,4629704,4356233,índex IHF
after_2007,0001,0021,F015020,Conca de l'Aigua d'Ora - 100054010,389359,4657773,4356234,índex IHF
after_2007,0001,0021,F015021,Riera d'Avencó - 110003010,442179,4628636,4356235,índex IHF
after_2007,0001,0021,F015022,Capçalera de la riera de Sentmenat fins a Sentmenat - 110020510,426054,4610658,4356236,índex IHF
after_2007,0001,0021,F015023,"Capçalera de la Tordera fins a l'EDAR de Santa Maria de Palautordera, inclosa la riera de la Castanya - 140001010",450730,4626002,4356237,índex IHF
after_2007,0001,0021,F015025,Capçalera de la riera de Santa Coloma fins a Santa Coloma de Faners - 140016010,466246,4635038,4356238,índex IHF
after_2007,0001,0021,F015026,Capçaleres del sot de Verderes i la riera de Tossa fins a l'EDAR de Tossa de Mar - 150001010,491366,4623074,4356239,índex IHF
after_2007,0001,0021,F015027,Capçalera del Ridaura fins a l'EDAR de Castell-Platja d'Aro - 160001010,493990,4625760,4356240,índex IHF
after_2007,0001,0021,F015028,Capçalera del Daró fins a la confluència amb el torrent de la Marqueta (torrent de la Marqueta inclòs) - 190001010,497319,4643252,4356241,índex IHF
after_2007,0001,0021,F015030,Capçalera del Ges fina a la confluència amb el Fornès (Fornès inclòs) - 200013010,445169,4658482,4356243,índex IHF
after_2007,0001,0021,F015032,Conca del Llierca - 210007010,462032,4682815,4356244,índex IHF
after_2007,0001,0021,F015033,Riera de Borró - 210008010,471810,4677111,4356245,índex IHF
after_2007,0001,0021,F015034,Riera de Junyell - 210009010,475240,4669980,4356246,índex IHF
after_2007,0001,0021,F015035,Conca de la Ribera Salada - E025010,373516,4660308,4420300,índex IHF
after_2007,0001,0021,F015036,Capçalera del Riu d'Algars i del riu d'Estrets fins a la confluència entre tots dos - E105010,268590,4528012,4420344,índex IHF
after_2007,0001,0021,F015039,Riera de Llanera - E029010,371410,4633988,4420304,índex IHF
after_2007,0001,0021,F015043,Capçalera de l'Aigua de Valls fins a la cua de l'embassament de la Llosa del Cavall - 100049010,391781,4674519,4356247,índex IHF
after_2007,0001,0021,F015044,Riu de la Llosa - E006510,393372,4699714,4420291,índex IHF
after_2007,0001,0021,F015045,Torrent del Cabiscol - E009010,391306,4685805,4420293,índex IHF
after_2007,0001,0021,F015575,Riu Rialb - E026010,348779,4657442,4420301,índex IHF
after_2007,0001,0021,F015576,Capçalera de la Noguera de Cardós i riu de Tavascan fins a la confluència entre tots dos - E037010,356312,4723946,4420312,índex IHF
after_2007,0001,0021,F015577,"Riu de Sant Antoni, riu de Caregue i riu de Pamano - E042010",343185,4703357,4420316,índex IHF
after_2007,0001,0021,F015578,Riu Bossia - E051010,327227,4702277,4420319,índex IHF
after_2007,0001,0021,F015579,Capçalera de la Noguera Ribagorçana fins a l'embassament de Baserca - E070010,316748,4720600,4420325,índex IHF
after_2007,0001,0021,F015580,"Riuet del Convent, barranc de Malpàs i barranc de Massivert - E080010",320420,4696864,4420328,índex IHF
after_2007,0001,0021,F015581,"Garona des de Salardú fins a la frontera, arriu de Varradòs i arriu Nere - G001010",321309,4738174,4420346,índex IHF
after_2007,0001,0021,F015583,"Conca alta de la Noguera Pallaresa fins a la confluència amb el riu de la Bonaigua, riu de la Bonaigua inclòs - E033010",340542,4736028,4420308,índex IHF
after_2007,0001,0021,F019009,El Fluvià des del riu Ser fins al mar - 210006500,496567,4667751,4356248,índex IHF
after_2007,0001,0021,F022239,Riera Major - 200024011,449364,4631900,4356249,índex IHF
