period,network,subnetwork,station,station_name,x,y,variable_id,variable_name
after_2007,0003,0006,F009980,Estanys de Banyoles - 045040100,480010,4663228,3297566,Toluè
after_2007,0003,0006,F009980,Estanys de Banyoles - 045040100,480010,4663228,3297567,Hexaclorobutadiè
after_2007,0003,0006,F009980,Estanys de Banyoles - 045040100,480010,4663228,3297568,Diclorometà
after_2007,0003,0006,F009980,Estanys de Banyoles - 045040100,480010,4663228,3297569,"trans-1,2-Dicloroetilè"
after_2007,0003,0006,F009980,Estanys de Banyoles - 045040100,480010,4663228,3297570,"cis-1,2-Dicloroetilè"
after_2007,0003,0006,F009980,Estanys de Banyoles - 045040100,480010,4663228,3297571,Tetraclorur de Carboni
after_2007,0003,0006,F009980,Estanys de Banyoles - 045040100,480010,4663228,3297572,Tricloroetilè
after_2007,0003,0006,F009980,Estanys de Banyoles - 045040100,480010,4663228,3297573,Bromodiclorometà
after_2007,0003,0006,F009980,Estanys de Banyoles - 045040100,480010,4663228,3297574,"cis-1,3-Dicloropropè"
after_2007,0003,0006,F009980,Estanys de Banyoles - 045040100,480010,4663228,3297575,Triclorometà
after_2007,0003,0006,F009980,Estanys de Banyoles - 045040100,480010,4663228,3297576,"1,1,2-Tricloroetà"
after_2007,0003,0006,F009980,Estanys de Banyoles - 045040100,480010,4663228,3297577,Tetracloroetilè
after_2007,0003,0006,F009980,Estanys de Banyoles - 045040100,480010,4663228,3297578,Dibromoclorometà
after_2007,0003,0006,F009980,Estanys de Banyoles - 045040100,480010,4663228,3297579,Bromoform
after_2007,0003,0006,F009980,Estanys de Banyoles - 045040100,480010,4663228,3297580,"1,2-Dicloroetà"
after_2007,0003,0006,F009980,Estanys de Banyoles - 045040100,480010,4663228,3297581,"1,4-Diclorobenzè"
after_2007,0003,0006,F009980,Estanys de Banyoles - 045040100,480010,4663228,3297582,"1,2-Diclorobenzè"
after_2007,0003,0006,F009980,Estanys de Banyoles - 045040100,480010,4663228,3297583,Suma de triclorobenzens
after_2007,0003,0006,F009980,Estanys de Banyoles - 045040100,480010,4663228,3297584,"1,2,4-Triclorobenzè"
after_2007,0003,0006,F009980,Estanys de Banyoles - 045040100,480010,4663228,3297585,"1,2,3-Triclorobenzè"
after_2007,0003,0006,F009980,Estanys de Banyoles - 045040100,480010,4663228,3297586,Benzè
after_2007,0003,0006,F009980,Estanys de Banyoles - 045040100,480010,4663228,3297587,Etilbenzè
after_2007,0003,0006,F009980,Estanys de Banyoles - 045040100,480010,4663228,3297588,"m,p-Xilè"
after_2007,0003,0006,F009980,Estanys de Banyoles - 045040100,480010,4663228,3297589,o-Xilè
after_2007,0003,0006,F009980,Estanys de Banyoles - 045040100,480010,4663228,3297591,Hexaclorobenzè
after_2007,0003,0006,F009980,Estanys de Banyoles - 045040100,480010,4663228,3297593,Clorobenzè
after_2007,0003,0006,F009980,Estanys de Banyoles - 045040100,480010,4663228,3297594,a-Hexaclorociclohexà
after_2007,0003,0006,F009980,Estanys de Banyoles - 045040100,480010,4663228,3297595,Lindà(g-Hexaclorociclohexà)
after_2007,0003,0006,F009980,Estanys de Banyoles - 045040100,480010,4663228,3297596,"1,1-Dicloroetilè"
after_2007,0003,0006,F009980,Estanys de Banyoles - 045040100,480010,4663228,3297597,"1,1-Dicloroetà"
after_2007,0003,0006,F009980,Estanys de Banyoles - 045040100,480010,4663228,3297598,"1,1,1-Tricloroetà"
after_2007,0003,0006,F009980,Estanys de Banyoles - 045040100,480010,4663228,3297599,"1,2-Dicloropropà"
after_2007,0003,0006,F009980,Estanys de Banyoles - 045040100,480010,4663228,3297600,"trans-1,3-Dicloropropè"
after_2007,0003,0006,F009980,Estanys de Banyoles - 045040100,480010,4663228,3297601,"1,1,2,2-Tetracloroetà"
after_2007,0003,0006,F009980,Estanys de Banyoles - 045040100,480010,4663228,3297602,"1,3,5-Triclorobenzè"
after_2007,0003,0006,F009980,Estanys de Banyoles - 045040100,480010,4663228,3297603,Heptaclor
after_2007,0003,0006,F009980,Estanys de Banyoles - 045040100,480010,4663228,3297604,Aldrín
after_2007,0003,0006,F009980,Estanys de Banyoles - 045040100,480010,4663228,3297605,Isodrín
after_2007,0003,0006,F009980,Estanys de Banyoles - 045040100,480010,4663228,3297606,Epòxid d'heptaclor B
after_2007,0003,0006,F009980,Estanys de Banyoles - 045040100,480010,4663228,3297607,Endosulfan I
after_2007,0003,0006,F009980,Estanys de Banyoles - 045040100,480010,4663228,3297608,Dieldrín
after_2007,0003,0006,F009980,Estanys de Banyoles - 045040100,480010,4663228,3297609,Endrín
after_2007,0003,0006,F009980,Estanys de Banyoles - 045040100,480010,4663228,3297610,"4,4'-DDE"
after_2007,0003,0006,F009980,Estanys de Banyoles - 045040100,480010,4663228,3297611,Endosulfan II
after_2007,0003,0006,F009980,Estanys de Banyoles - 045040100,480010,4663228,3297612,"4,4'-DDD"
after_2007,0003,0006,F009980,Estanys de Banyoles - 045040100,480010,4663228,3297613,Sulfat d'endosulfan
after_2007,0003,0006,F009980,Estanys de Banyoles - 045040100,480010,4663228,3297614,"4,4'-DDT"
after_2007,0003,0006,F009980,Estanys de Banyoles - 045040100,480010,4663228,3297615,Triclorofluorometà
after_2007,0003,0006,F009980,Estanys de Banyoles - 045040100,480010,4663228,3297616,"1,3-Diclorobenzè"
after_2007,0003,0006,F009980,Estanys de Banyoles - 045040100,480010,4663228,3297617,Naftalè
after_2007,0003,0006,F009980,Estanys de Banyoles - 045040100,480010,4663228,3297618,Diazinon
after_2007,0003,0006,F009980,Estanys de Banyoles - 045040100,480010,4663228,3297619,Paration de metil
after_2007,0003,0006,F009980,Estanys de Banyoles - 045040100,480010,4663228,3297620,Fenitrotion
after_2007,0003,0006,F009980,Estanys de Banyoles - 045040100,480010,4663228,3297621,Malation
after_2007,0003,0006,F009980,Estanys de Banyoles - 045040100,480010,4663228,3297622,Clorpirifòs
after_2007,0003,0006,F009980,Estanys de Banyoles - 045040100,480010,4663228,3297623,Paration
after_2007,0003,0006,F009980,Estanys de Banyoles - 045040100,480010,4663228,3297624,Clorfenvinfòs (suma d'isòmers)
after_2007,0003,0006,F009980,Estanys de Banyoles - 045040100,480010,4663228,3297625,Etion
after_2007,0003,0006,F009980,Estanys de Banyoles - 045040100,480010,4663228,3297626,Azinfòs d'etil
after_2007,0003,0006,F009980,Estanys de Banyoles - 045040100,480010,4663228,3297627,Simazina
after_2007,0003,0006,F009980,Estanys de Banyoles - 045040100,480010,4663228,3297628,Atrazina
after_2007,0003,0006,F009980,Estanys de Banyoles - 045040100,480010,4663228,3297629,Propazina
after_2007,0003,0006,F009980,Estanys de Banyoles - 045040100,480010,4663228,3297630,Terbutrina
after_2007,0003,0006,F009980,Estanys de Banyoles - 045040100,480010,4663228,3297631,Antracè
after_2007,0003,0006,F009980,Estanys de Banyoles - 045040100,480010,4663228,3297632,Fluorantè
after_2007,0003,0006,F009980,Estanys de Banyoles - 045040100,480010,4663228,3297633,Benzo(b)fluorantè
after_2007,0003,0006,F009980,Estanys de Banyoles - 045040100,480010,4663228,3297634,Benzo(k)fluorantè
after_2007,0003,0006,F009980,Estanys de Banyoles - 045040100,480010,4663228,3297635,Benzo(a)pirè
after_2007,0003,0006,F009980,Estanys de Banyoles - 045040100,480010,4663228,3297636,"Indeno(1,2,3-cd)pirè"
after_2007,0003,0006,F009980,Estanys de Banyoles - 045040100,480010,4663228,3297637,Benzo(ghi)perilè
after_2007,0003,0006,F009980,Estanys de Banyoles - 045040100,480010,4663228,3297638,Suma d'al-diel-iso-endrín
after_2007,0003,0006,F009980,Estanys de Banyoles - 045040100,480010,4663228,3297639,Suma d'Organofosforats
after_2007,0003,0006,F009980,Estanys de Banyoles - 045040100,480010,4663228,3297640,Suma de plaguicides clorats
after_2007,0003,0006,F009980,Estanys de Banyoles - 045040100,480010,4663228,3297641,Suma de triazines
after_2007,0003,0006,F009980,Estanys de Banyoles - 045040100,480010,4663228,3297642,Trifluralina
after_2007,0003,0006,F009980,Estanys de Banyoles - 045040100,480010,4663228,3297643,Molinat
after_2007,0003,0006,F009980,Estanys de Banyoles - 045040100,480010,4663228,3297644,Terbutilazina
after_2007,0003,0006,F009980,Estanys de Banyoles - 045040100,480010,4663228,3297645,Alaclor
after_2007,0003,0006,F009980,Estanys de Banyoles - 045040100,480010,4663228,3297646,Pentaclorobenzè
after_2007,0003,0006,F009980,Estanys de Banyoles - 045040100,480010,4663228,3297647,tert-Octilfenol
after_2007,0003,0006,F009980,Estanys de Banyoles - 045040100,480010,4663228,3297648,NPEO(e=0)
after_2007,0003,0006,F009980,Estanys de Banyoles - 045040100,480010,4663228,3297649,"2,4'-DDT"
after_2007,0003,0006,F009980,Estanys de Banyoles - 045040100,480010,4663228,3297650,"2,4'-DDE"
after_2007,0003,0006,F009980,Estanys de Banyoles - 045040100,480010,4663228,3297651,"2,4'-DDD"
after_2007,0003,0006,F009980,Estanys de Banyoles - 045040100,480010,4663228,3297652,Metolaclor
after_2007,0003,0006,F009980,Estanys de Banyoles - 045040100,480010,4663228,3297653,Epòxid d'heptaclor A
after_2007,0003,0006,F009980,Estanys de Banyoles - 045040100,480010,4663228,3297654,Suma de diclorobenzens
after_2007,0003,0006,F009980,Estanys de Banyoles - 045040100,480010,4663228,3297655,BDE-47
after_2007,0003,0006,F009980,Estanys de Banyoles - 045040100,480010,4663228,3297656,BDE-99
after_2007,0003,0006,F009980,Estanys de Banyoles - 045040100,480010,4663228,3297657,BDE-100
after_2007,0003,0006,F009980,Estanys de Banyoles - 045040100,480010,4663228,3297658,Cetona d'endrín
after_2007,0003,0006,F009980,Estanys de Banyoles - 045040100,480010,4663228,3297659,Suma de DDT
after_2007,0003,0006,F009980,Estanys de Banyoles - 045040100,480010,4663228,4049059,Estronci
after_2007,0003,0006,F009980,Estanys de Banyoles - 045040100,480010,4663228,4103614,Alumini
after_2007,0003,0006,F009980,Estanys de Banyoles - 045040100,480010,4663228,4103615,Antimoni
after_2007,0003,0006,F009980,Estanys de Banyoles - 045040100,480010,4663228,4103616,Arsènic
after_2007,0003,0006,F009980,Estanys de Banyoles - 045040100,480010,4663228,4103617,Bari
after_2007,0003,0006,F009980,Estanys de Banyoles - 045040100,480010,4663228,4103618,Beril·li
after_2007,0003,0006,F009980,Estanys de Banyoles - 045040100,480010,4663228,4103619,Bor
after_2007,0003,0006,F009980,Estanys de Banyoles - 045040100,480010,4663228,4103620,Cadmi
after_2007,0003,0006,F009980,Estanys de Banyoles - 045040100,480010,4663228,4103621,Cobalt
after_2007,0003,0006,F009980,Estanys de Banyoles - 045040100,480010,4663228,4103622,Coure
after_2007,0003,0006,F009980,Estanys de Banyoles - 045040100,480010,4663228,4103623,Crom
after_2007,0003,0006,F009980,Estanys de Banyoles - 045040100,480010,4663228,4103624,Ferro
after_2007,0003,0006,F009980,Estanys de Banyoles - 045040100,480010,4663228,4103625,Manganès
after_2007,0003,0006,F009980,Estanys de Banyoles - 045040100,480010,4663228,4103626,Mercuri
after_2007,0003,0006,F009980,Estanys de Banyoles - 045040100,480010,4663228,4103627,Molibdè
after_2007,0003,0006,F009980,Estanys de Banyoles - 045040100,480010,4663228,4103628,Níquel
after_2007,0003,0006,F009980,Estanys de Banyoles - 045040100,480010,4663228,4103629,Plom
after_2007,0003,0006,F009980,Estanys de Banyoles - 045040100,480010,4663228,4103630,Seleni
after_2007,0003,0006,F009980,Estanys de Banyoles - 045040100,480010,4663228,4103631,Vanadi
after_2007,0003,0006,F009980,Estanys de Banyoles - 045040100,480010,4663228,4103632,Zinc
after_2007,0003,0006,F009980,Estanys de Banyoles - 045040100,480010,4663228,4160912,Suma de xilens
after_2007,0003,0006,F009980,Estanys de Banyoles - 045040100,480010,4663228,4161635,Suma de PAH1
after_2007,0003,0006,F009980,Estanys de Banyoles - 045040100,480010,4663228,4161714,Suma de PAH2
after_2007,0003,0006,F009980,Estanys de Banyoles - 045040100,480010,4663228,4180975,BDE-28
after_2007,0003,0006,F009980,Estanys de Banyoles - 045040100,480010,4663228,4180976,BDE-153
after_2007,0003,0006,F009980,Estanys de Banyoles - 045040100,480010,4663228,4180977,BDE-154
after_2007,0003,0006,F009980,Estanys de Banyoles - 045040100,480010,4663228,4180978,Quinoxifèn
after_2007,0003,0006,F009980,Estanys de Banyoles - 045040100,480010,4663228,4180979,Aclonifèn
after_2007,0003,0006,F009980,Estanys de Banyoles - 045040100,480010,4663228,4180980,Bifenox
after_2007,0003,0006,F009980,Estanys de Banyoles - 045040100,480010,4663228,4180981,Cipermetrín (suma d'isòmers)
after_2007,0003,0006,F009980,Estanys de Banyoles - 045040100,480010,4663228,4180982,Cibutrina
after_2007,0003,0006,F009980,Estanys de Banyoles - 045040100,480010,4663228,4180983,4-n-Nonilfenol
after_2007,0003,0006,F016185,Ullals de la Carrova - H240002000,293606,4513276,4275882,BDE-47
after_2007,0003,0006,F016185,Ullals de la Carrova - H240002000,293606,4513276,4275883,BDE-99
after_2007,0003,0006,F016185,Ullals de la Carrova - H240002000,293606,4513276,4275884,BDE-100
after_2007,0003,0006,F016185,Ullals de la Carrova - H240002000,293606,4513276,4275885,BDE-153
after_2007,0003,0006,F016185,Ullals de la Carrova - H240002000,293606,4513276,4275886,BDE-154
after_2007,0003,0006,F016185,Ullals de la Carrova - H240002000,293606,4513276,4275887,Suma de PAH1
after_2007,0003,0006,F016185,Ullals de la Carrova - H240002000,293606,4513276,4275888,Suma de PAH2
after_2007,0003,0006,F016185,Ullals de la Carrova - H240002000,293606,4513276,4275889,Suma de DDT
after_2007,0003,0006,F016185,Ullals de la Carrova - H240002000,293606,4513276,4275890,Bor
after_2007,0003,0006,F016185,Ullals de la Carrova - H240002000,293606,4513276,4275891,Bari
after_2007,0003,0006,F016185,Ullals de la Carrova - H240002000,293606,4513276,4275892,Crom
after_2007,0003,0006,F016185,Ullals de la Carrova - H240002000,293606,4513276,4275893,Plom
after_2007,0003,0006,F016185,Ullals de la Carrova - H240002000,293606,4513276,4275894,Zinc
after_2007,0003,0006,F016185,Ullals de la Carrova - H240002000,293606,4513276,4275895,Cadmi
after_2007,0003,0006,F016185,Ullals de la Carrova - H240002000,293606,4513276,4275896,Coure
after_2007,0003,0006,F016185,Ullals de la Carrova - H240002000,293606,4513276,4275897,Ferro
after_2007,0003,0006,F016185,Ullals de la Carrova - H240002000,293606,4513276,4275898,Cobalt
after_2007,0003,0006,F016185,Ullals de la Carrova - H240002000,293606,4513276,4275899,Níquel
after_2007,0003,0006,F016185,Ullals de la Carrova - H240002000,293606,4513276,4275900,Seleni
after_2007,0003,0006,F016185,Ullals de la Carrova - H240002000,293606,4513276,4275901,Vanadi
after_2007,0003,0006,F016185,Ullals de la Carrova - H240002000,293606,4513276,4275902,Alumini
after_2007,0003,0006,F016185,Ullals de la Carrova - H240002000,293606,4513276,4275903,Arsènic
after_2007,0003,0006,F016185,Ullals de la Carrova - H240002000,293606,4513276,4275904,Mercuri
after_2007,0003,0006,F016185,Ullals de la Carrova - H240002000,293606,4513276,4275905,Molibdè
after_2007,0003,0006,F016185,Ullals de la Carrova - H240002000,293606,4513276,4275906,Antimoni
after_2007,0003,0006,F016185,Ullals de la Carrova - H240002000,293606,4513276,4275907,Beril·li
after_2007,0003,0006,F016185,Ullals de la Carrova - H240002000,293606,4513276,4275908,Estronci
after_2007,0003,0006,F016185,Ullals de la Carrova - H240002000,293606,4513276,4275909,Manganès
after_2007,0003,0006,F016185,Ullals de la Carrova - H240002000,293606,4513276,4276145,Toluè
after_2007,0003,0006,F016185,Ullals de la Carrova - H240002000,293606,4513276,4276146,Hexaclorobutadiè
after_2007,0003,0006,F016185,Ullals de la Carrova - H240002000,293606,4513276,4276147,Diclorometà
after_2007,0003,0006,F016185,Ullals de la Carrova - H240002000,293606,4513276,4276148,"trans-1,2-Dicloroetilè"
after_2007,0003,0006,F016185,Ullals de la Carrova - H240002000,293606,4513276,4276149,"cis-1,2-Dicloroetilè"
after_2007,0003,0006,F016185,Ullals de la Carrova - H240002000,293606,4513276,4276150,Tetraclorur de Carboni
after_2007,0003,0006,F016185,Ullals de la Carrova - H240002000,293606,4513276,4276151,Tricloroetilè
after_2007,0003,0006,F016185,Ullals de la Carrova - H240002000,293606,4513276,4276152,Bromodiclorometà
after_2007,0003,0006,F016185,Ullals de la Carrova - H240002000,293606,4513276,4276153,"cis-1,3-Dicloropropè"
after_2007,0003,0006,F016185,Ullals de la Carrova - H240002000,293606,4513276,4276154,Triclorometà
after_2007,0003,0006,F016185,Ullals de la Carrova - H240002000,293606,4513276,4276155,"1,1,2-Tricloroetà"
after_2007,0003,0006,F016185,Ullals de la Carrova - H240002000,293606,4513276,4276156,Tetracloroetilè
after_2007,0003,0006,F016185,Ullals de la Carrova - H240002000,293606,4513276,4276157,Dibromoclorometà
after_2007,0003,0006,F016185,Ullals de la Carrova - H240002000,293606,4513276,4276158,Bromoform
after_2007,0003,0006,F016185,Ullals de la Carrova - H240002000,293606,4513276,4276159,"1,2-Dicloroetà"
after_2007,0003,0006,F016185,Ullals de la Carrova - H240002000,293606,4513276,4276160,"1,4-Diclorobenzè"
after_2007,0003,0006,F016185,Ullals de la Carrova - H240002000,293606,4513276,4276161,"1,2-Diclorobenzè"
after_2007,0003,0006,F016185,Ullals de la Carrova - H240002000,293606,4513276,4276162,Suma de triclorobenzens
after_2007,0003,0006,F016185,Ullals de la Carrova - H240002000,293606,4513276,4276163,"1,2,4-Triclorobenzè"
after_2007,0003,0006,F016185,Ullals de la Carrova - H240002000,293606,4513276,4276164,"1,2,3-Triclorobenzè"
after_2007,0003,0006,F016185,Ullals de la Carrova - H240002000,293606,4513276,4276165,Benzè
after_2007,0003,0006,F016185,Ullals de la Carrova - H240002000,293606,4513276,4276166,Etilbenzè
after_2007,0003,0006,F016185,Ullals de la Carrova - H240002000,293606,4513276,4276167,"m,p-Xilè"
after_2007,0003,0006,F016185,Ullals de la Carrova - H240002000,293606,4513276,4276168,o-Xilè
after_2007,0003,0006,F016185,Ullals de la Carrova - H240002000,293606,4513276,4276169,Hexaclorobenzè
after_2007,0003,0006,F016185,Ullals de la Carrova - H240002000,293606,4513276,4276170,Clorobenzè
after_2007,0003,0006,F016185,Ullals de la Carrova - H240002000,293606,4513276,4276171,a-Hexaclorociclohexà
after_2007,0003,0006,F016185,Ullals de la Carrova - H240002000,293606,4513276,4276172,Lindà(g-Hexaclorociclohexà)
after_2007,0003,0006,F016185,Ullals de la Carrova - H240002000,293606,4513276,4276173,"1,1-Dicloroetilè"
after_2007,0003,0006,F016185,Ullals de la Carrova - H240002000,293606,4513276,4276174,"1,1-Dicloroetà"
after_2007,0003,0006,F016185,Ullals de la Carrova - H240002000,293606,4513276,4276175,"1,1,1-Tricloroetà"
after_2007,0003,0006,F016185,Ullals de la Carrova - H240002000,293606,4513276,4276176,"1,2-Dicloropropà"
after_2007,0003,0006,F016185,Ullals de la Carrova - H240002000,293606,4513276,4276177,"trans-1,3-Dicloropropè"
after_2007,0003,0006,F016185,Ullals de la Carrova - H240002000,293606,4513276,4276178,"1,1,2,2-Tetracloroetà"
after_2007,0003,0006,F016185,Ullals de la Carrova - H240002000,293606,4513276,4276179,"1,3,5-Triclorobenzè"
after_2007,0003,0006,F016185,Ullals de la Carrova - H240002000,293606,4513276,4276180,Heptaclor
after_2007,0003,0006,F016185,Ullals de la Carrova - H240002000,293606,4513276,4276181,Aldrín
after_2007,0003,0006,F016185,Ullals de la Carrova - H240002000,293606,4513276,4276182,Isodrín
after_2007,0003,0006,F016185,Ullals de la Carrova - H240002000,293606,4513276,4276183,Epòxid d'heptaclor B
after_2007,0003,0006,F016185,Ullals de la Carrova - H240002000,293606,4513276,4276184,Endosulfan I
after_2007,0003,0006,F016185,Ullals de la Carrova - H240002000,293606,4513276,4276185,Dieldrín
after_2007,0003,0006,F016185,Ullals de la Carrova - H240002000,293606,4513276,4276186,Endrín
after_2007,0003,0006,F016185,Ullals de la Carrova - H240002000,293606,4513276,4276187,"4,4'-DDE"
after_2007,0003,0006,F016185,Ullals de la Carrova - H240002000,293606,4513276,4276188,Endosulfan II
after_2007,0003,0006,F016185,Ullals de la Carrova - H240002000,293606,4513276,4276189,"4,4'-DDD"
after_2007,0003,0006,F016185,Ullals de la Carrova - H240002000,293606,4513276,4276190,Sulfat d'endosulfan
after_2007,0003,0006,F016185,Ullals de la Carrova - H240002000,293606,4513276,4276191,"4,4'-DDT"
after_2007,0003,0006,F016185,Ullals de la Carrova - H240002000,293606,4513276,4276192,Triclorofluorometà
after_2007,0003,0006,F016185,Ullals de la Carrova - H240002000,293606,4513276,4276193,"1,3-diclorobenzè"
after_2007,0003,0006,F016185,Ullals de la Carrova - H240002000,293606,4513276,4276194,Naftalè
after_2007,0003,0006,F016185,Ullals de la Carrova - H240002000,293606,4513276,4276195,Diazinon
after_2007,0003,0006,F016185,Ullals de la Carrova - H240002000,293606,4513276,4276196,Paration de metil
after_2007,0003,0006,F016185,Ullals de la Carrova - H240002000,293606,4513276,4276197,Fenitrotion
after_2007,0003,0006,F016185,Ullals de la Carrova - H240002000,293606,4513276,4276198,Malation
after_2007,0003,0006,F016185,Ullals de la Carrova - H240002000,293606,4513276,4276199,Clorpirifòs
after_2007,0003,0006,F016185,Ullals de la Carrova - H240002000,293606,4513276,4276200,Paration
after_2007,0003,0006,F016185,Ullals de la Carrova - H240002000,293606,4513276,4276201,Clorfenvinfòs (suma d'isòmers)
after_2007,0003,0006,F016185,Ullals de la Carrova - H240002000,293606,4513276,4276202,Etion
after_2007,0003,0006,F016185,Ullals de la Carrova - H240002000,293606,4513276,4276203,Azinfòs d'etil
after_2007,0003,0006,F016185,Ullals de la Carrova - H240002000,293606,4513276,4276204,Simazina
after_2007,0003,0006,F016185,Ullals de la Carrova - H240002000,293606,4513276,4276205,Atrazina
after_2007,0003,0006,F016185,Ullals de la Carrova - H240002000,293606,4513276,4276206,Propazina
after_2007,0003,0006,F016185,Ullals de la Carrova - H240002000,293606,4513276,4276207,Terbutrina
after_2007,0003,0006,F016185,Ullals de la Carrova - H240002000,293606,4513276,4276208,Antracè
after_2007,0003,0006,F016185,Ullals de la Carrova - H240002000,293606,4513276,4276209,Fluorantè
after_2007,0003,0006,F016185,Ullals de la Carrova - H240002000,293606,4513276,4276210,Benzo(b)fluorantè
after_2007,0003,0006,F016185,Ullals de la Carrova - H240002000,293606,4513276,4276211,Benzo(k)fluorantè
after_2007,0003,0006,F016185,Ullals de la Carrova - H240002000,293606,4513276,4276212,Benzo(a)pirè
after_2007,0003,0006,F016185,Ullals de la Carrova - H240002000,293606,4513276,4276213,"Indeno(1,2,3-cd)pirè"
after_2007,0003,0006,F016185,Ullals de la Carrova - H240002000,293606,4513276,4276214,Benzo(ghi)perilè
after_2007,0003,0006,F016185,Ullals de la Carrova - H240002000,293606,4513276,4276215,Suma d'al-diel-iso-endrín
after_2007,0003,0006,F016185,Ullals de la Carrova - H240002000,293606,4513276,4276216,Suma d'Organofosforats
after_2007,0003,0006,F016185,Ullals de la Carrova - H240002000,293606,4513276,4276217,Suma de plaguicides clorats
after_2007,0003,0006,F016185,Ullals de la Carrova - H240002000,293606,4513276,4276218,Suma de triazines
after_2007,0003,0006,F016185,Ullals de la Carrova - H240002000,293606,4513276,4276219,Trifluralina
after_2007,0003,0006,F016185,Ullals de la Carrova - H240002000,293606,4513276,4276220,Molinat
after_2007,0003,0006,F016185,Ullals de la Carrova - H240002000,293606,4513276,4276221,Terbutilazina
after_2007,0003,0006,F016185,Ullals de la Carrova - H240002000,293606,4513276,4276222,Alaclor
after_2007,0003,0006,F016185,Ullals de la Carrova - H240002000,293606,4513276,4276223,Pentaclorobenzè
after_2007,0003,0006,F016185,Ullals de la Carrova - H240002000,293606,4513276,4276224,tert-Octilfenol
after_2007,0003,0006,F016185,Ullals de la Carrova - H240002000,293606,4513276,4276225,NPEO(e=0)
after_2007,0003,0006,F016185,Ullals de la Carrova - H240002000,293606,4513276,4276226,"2,4'-DDT"
after_2007,0003,0006,F016185,Ullals de la Carrova - H240002000,293606,4513276,4276227,"2,4'-DDE"
after_2007,0003,0006,F016185,Ullals de la Carrova - H240002000,293606,4513276,4276228,"2,4'-DDD"
after_2007,0003,0006,F016185,Ullals de la Carrova - H240002000,293606,4513276,4276229,Metolaclor
after_2007,0003,0006,F016185,Ullals de la Carrova - H240002000,293606,4513276,4276230,Epòxid d'heptaclor A
after_2007,0003,0006,F016185,Ullals de la Carrova - H240002000,293606,4513276,4276231,Suma de diclorobenzens
after_2007,0003,0006,F016185,Ullals de la Carrova - H240002000,293606,4513276,4276232,Cetona d'endrín
after_2007,0003,0006,F016185,Ullals de la Carrova - H240002000,293606,4513276,4276233,BDE-28
after_2007,0003,0006,F016185,Ullals de la Carrova - H240002000,293606,4513276,4276234,Quinoxifèn
after_2007,0003,0006,F016185,Ullals de la Carrova - H240002000,293606,4513276,4276235,Aclonifèn
after_2007,0003,0006,F016185,Ullals de la Carrova - H240002000,293606,4513276,4276236,Bifenox
after_2007,0003,0006,F016185,Ullals de la Carrova - H240002000,293606,4513276,4276237,Cipermetrín (suma d'isòmers)
after_2007,0003,0006,F016185,Ullals de la Carrova - H240002000,293606,4513276,4276238,Cibutrina
after_2007,0003,0006,F016185,Ullals de la Carrova - H240002000,293606,4513276,4276239,4-n-Nonilfenol
after_2007,0003,0006,F016189,Delta de l'Ebre-Erms de Casablanca o Vilacoto - H240014000,298715,4501535,4278157,BDE-47
after_2007,0003,0006,F016189,Delta de l'Ebre-Erms de Casablanca o Vilacoto - H240014000,298715,4501535,4278158,BDE-99
after_2007,0003,0006,F016189,Delta de l'Ebre-Erms de Casablanca o Vilacoto - H240014000,298715,4501535,4278159,BDE-100
after_2007,0003,0006,F016189,Delta de l'Ebre-Erms de Casablanca o Vilacoto - H240014000,298715,4501535,4278160,BDE-153
after_2007,0003,0006,F016189,Delta de l'Ebre-Erms de Casablanca o Vilacoto - H240014000,298715,4501535,4278161,BDE-154
after_2007,0003,0006,F016189,Delta de l'Ebre-Erms de Casablanca o Vilacoto - H240014000,298715,4501535,4278162,Suma de PAH1
after_2007,0003,0006,F016189,Delta de l'Ebre-Erms de Casablanca o Vilacoto - H240014000,298715,4501535,4278163,Suma de PAH2
after_2007,0003,0006,F016189,Delta de l'Ebre-Erms de Casablanca o Vilacoto - H240014000,298715,4501535,4278164,Suma de DDT
after_2007,0003,0006,F016189,Delta de l'Ebre-Erms de Casablanca o Vilacoto - H240014000,298715,4501535,4278165,Bor
after_2007,0003,0006,F016189,Delta de l'Ebre-Erms de Casablanca o Vilacoto - H240014000,298715,4501535,4278166,Bari
after_2007,0003,0006,F016189,Delta de l'Ebre-Erms de Casablanca o Vilacoto - H240014000,298715,4501535,4278167,Crom
after_2007,0003,0006,F016189,Delta de l'Ebre-Erms de Casablanca o Vilacoto - H240014000,298715,4501535,4278168,Plom
after_2007,0003,0006,F016189,Delta de l'Ebre-Erms de Casablanca o Vilacoto - H240014000,298715,4501535,4278169,Zinc
after_2007,0003,0006,F016189,Delta de l'Ebre-Erms de Casablanca o Vilacoto - H240014000,298715,4501535,4278170,Cadmi
after_2007,0003,0006,F016189,Delta de l'Ebre-Erms de Casablanca o Vilacoto - H240014000,298715,4501535,4278171,Coure
after_2007,0003,0006,F016189,Delta de l'Ebre-Erms de Casablanca o Vilacoto - H240014000,298715,4501535,4278172,Ferro
after_2007,0003,0006,F016189,Delta de l'Ebre-Erms de Casablanca o Vilacoto - H240014000,298715,4501535,4278173,Cobalt
after_2007,0003,0006,F016189,Delta de l'Ebre-Erms de Casablanca o Vilacoto - H240014000,298715,4501535,4278174,Níquel
after_2007,0003,0006,F016189,Delta de l'Ebre-Erms de Casablanca o Vilacoto - H240014000,298715,4501535,4278175,Seleni
after_2007,0003,0006,F016189,Delta de l'Ebre-Erms de Casablanca o Vilacoto - H240014000,298715,4501535,4278176,Vanadi
after_2007,0003,0006,F016189,Delta de l'Ebre-Erms de Casablanca o Vilacoto - H240014000,298715,4501535,4278177,Alumini
after_2007,0003,0006,F016189,Delta de l'Ebre-Erms de Casablanca o Vilacoto - H240014000,298715,4501535,4278178,Arsènic
after_2007,0003,0006,F016189,Delta de l'Ebre-Erms de Casablanca o Vilacoto - H240014000,298715,4501535,4278179,Mercuri
after_2007,0003,0006,F016189,Delta de l'Ebre-Erms de Casablanca o Vilacoto - H240014000,298715,4501535,4278180,Molibdè
after_2007,0003,0006,F016189,Delta de l'Ebre-Erms de Casablanca o Vilacoto - H240014000,298715,4501535,4278181,Antimoni
after_2007,0003,0006,F016189,Delta de l'Ebre-Erms de Casablanca o Vilacoto - H240014000,298715,4501535,4278182,Beril·li
after_2007,0003,0006,F016189,Delta de l'Ebre-Erms de Casablanca o Vilacoto - H240014000,298715,4501535,4278183,Estronci
after_2007,0003,0006,F016189,Delta de l'Ebre-Erms de Casablanca o Vilacoto - H240014000,298715,4501535,4278184,Manganès
after_2007,0003,0006,F016189,Delta de l'Ebre-Erms de Casablanca o Vilacoto - H240014000,298715,4501535,4278519,Toluè
after_2007,0003,0006,F016189,Delta de l'Ebre-Erms de Casablanca o Vilacoto - H240014000,298715,4501535,4278520,Hexaclorobutadiè
after_2007,0003,0006,F016189,Delta de l'Ebre-Erms de Casablanca o Vilacoto - H240014000,298715,4501535,4278521,Diclorometà
after_2007,0003,0006,F016189,Delta de l'Ebre-Erms de Casablanca o Vilacoto - H240014000,298715,4501535,4278522,"trans-1,2-Dicloroetilè"
after_2007,0003,0006,F016189,Delta de l'Ebre-Erms de Casablanca o Vilacoto - H240014000,298715,4501535,4278523,"cis-1,2-Dicloroetilè"
after_2007,0003,0006,F016189,Delta de l'Ebre-Erms de Casablanca o Vilacoto - H240014000,298715,4501535,4278524,Tetraclorur de Carboni
after_2007,0003,0006,F016189,Delta de l'Ebre-Erms de Casablanca o Vilacoto - H240014000,298715,4501535,4278525,Tricloroetilè
after_2007,0003,0006,F016189,Delta de l'Ebre-Erms de Casablanca o Vilacoto - H240014000,298715,4501535,4278526,Bromodiclorometà
after_2007,0003,0006,F016189,Delta de l'Ebre-Erms de Casablanca o Vilacoto - H240014000,298715,4501535,4278527,"cis-1,3-Dicloropropè"
after_2007,0003,0006,F016189,Delta de l'Ebre-Erms de Casablanca o Vilacoto - H240014000,298715,4501535,4278528,Triclorometà
after_2007,0003,0006,F016189,Delta de l'Ebre-Erms de Casablanca o Vilacoto - H240014000,298715,4501535,4278529,"1,1,2-Tricloroetà"
after_2007,0003,0006,F016189,Delta de l'Ebre-Erms de Casablanca o Vilacoto - H240014000,298715,4501535,4278530,Tetracloroetilè
after_2007,0003,0006,F016189,Delta de l'Ebre-Erms de Casablanca o Vilacoto - H240014000,298715,4501535,4278531,Dibromoclorometà
after_2007,0003,0006,F016189,Delta de l'Ebre-Erms de Casablanca o Vilacoto - H240014000,298715,4501535,4278532,Bromoform
after_2007,0003,0006,F016189,Delta de l'Ebre-Erms de Casablanca o Vilacoto - H240014000,298715,4501535,4278533,"1,2-Dicloroetà"
after_2007,0003,0006,F016189,Delta de l'Ebre-Erms de Casablanca o Vilacoto - H240014000,298715,4501535,4278534,"1,4-Diclorobenzè"
after_2007,0003,0006,F016189,Delta de l'Ebre-Erms de Casablanca o Vilacoto - H240014000,298715,4501535,4278535,"1,2-Diclorobenzè"
after_2007,0003,0006,F016189,Delta de l'Ebre-Erms de Casablanca o Vilacoto - H240014000,298715,4501535,4278536,Suma de triclorobenzens
after_2007,0003,0006,F016189,Delta de l'Ebre-Erms de Casablanca o Vilacoto - H240014000,298715,4501535,4278537,"1,2,4-Triclorobenzè"
after_2007,0003,0006,F016189,Delta de l'Ebre-Erms de Casablanca o Vilacoto - H240014000,298715,4501535,4278538,"1,2,3-Triclorobenzè"
after_2007,0003,0006,F016189,Delta de l'Ebre-Erms de Casablanca o Vilacoto - H240014000,298715,4501535,4278539,Benzè
after_2007,0003,0006,F016189,Delta de l'Ebre-Erms de Casablanca o Vilacoto - H240014000,298715,4501535,4278540,Etilbenzè
after_2007,0003,0006,F016189,Delta de l'Ebre-Erms de Casablanca o Vilacoto - H240014000,298715,4501535,4278541,"m,p-Xilè"
after_2007,0003,0006,F016189,Delta de l'Ebre-Erms de Casablanca o Vilacoto - H240014000,298715,4501535,4278542,o-Xilè
after_2007,0003,0006,F016189,Delta de l'Ebre-Erms de Casablanca o Vilacoto - H240014000,298715,4501535,4278543,Hexaclorobenzè
after_2007,0003,0006,F016189,Delta de l'Ebre-Erms de Casablanca o Vilacoto - H240014000,298715,4501535,4278544,Clorobenzè
after_2007,0003,0006,F016189,Delta de l'Ebre-Erms de Casablanca o Vilacoto - H240014000,298715,4501535,4278545,a-Hexaclorociclohexà
after_2007,0003,0006,F016189,Delta de l'Ebre-Erms de Casablanca o Vilacoto - H240014000,298715,4501535,4278546,Lindà(g-Hexaclorociclohexà)
after_2007,0003,0006,F016189,Delta de l'Ebre-Erms de Casablanca o Vilacoto - H240014000,298715,4501535,4278547,"1,1-Dicloroetilè"
after_2007,0003,0006,F016189,Delta de l'Ebre-Erms de Casablanca o Vilacoto - H240014000,298715,4501535,4278548,"1,1-Dicloroetà"
after_2007,0003,0006,F016189,Delta de l'Ebre-Erms de Casablanca o Vilacoto - H240014000,298715,4501535,4278549,"1,1,1-Tricloroetà"
after_2007,0003,0006,F016189,Delta de l'Ebre-Erms de Casablanca o Vilacoto - H240014000,298715,4501535,4278550,"1,2-Dicloropropà"
after_2007,0003,0006,F016189,Delta de l'Ebre-Erms de Casablanca o Vilacoto - H240014000,298715,4501535,4278551,"trans-1,3-Dicloropropè"
after_2007,0003,0006,F016189,Delta de l'Ebre-Erms de Casablanca o Vilacoto - H240014000,298715,4501535,4278552,"1,1,2,2-Tetracloroetà"
after_2007,0003,0006,F016189,Delta de l'Ebre-Erms de Casablanca o Vilacoto - H240014000,298715,4501535,4278553,"1,3,5-Triclorobenzè"
after_2007,0003,0006,F016189,Delta de l'Ebre-Erms de Casablanca o Vilacoto - H240014000,298715,4501535,4278554,Heptaclor
after_2007,0003,0006,F016189,Delta de l'Ebre-Erms de Casablanca o Vilacoto - H240014000,298715,4501535,4278555,Aldrín
after_2007,0003,0006,F016189,Delta de l'Ebre-Erms de Casablanca o Vilacoto - H240014000,298715,4501535,4278556,Isodrín
after_2007,0003,0006,F016189,Delta de l'Ebre-Erms de Casablanca o Vilacoto - H240014000,298715,4501535,4278557,Epòxid d'heptaclor B
after_2007,0003,0006,F016189,Delta de l'Ebre-Erms de Casablanca o Vilacoto - H240014000,298715,4501535,4278558,Endosulfan I
after_2007,0003,0006,F016189,Delta de l'Ebre-Erms de Casablanca o Vilacoto - H240014000,298715,4501535,4278559,Dieldrín
after_2007,0003,0006,F016189,Delta de l'Ebre-Erms de Casablanca o Vilacoto - H240014000,298715,4501535,4278560,Endrín
after_2007,0003,0006,F016189,Delta de l'Ebre-Erms de Casablanca o Vilacoto - H240014000,298715,4501535,4278561,"4,4'-DDE"
after_2007,0003,0006,F016189,Delta de l'Ebre-Erms de Casablanca o Vilacoto - H240014000,298715,4501535,4278562,Endosulfan II
after_2007,0003,0006,F016189,Delta de l'Ebre-Erms de Casablanca o Vilacoto - H240014000,298715,4501535,4278563,"4,4'-DDD"
after_2007,0003,0006,F016189,Delta de l'Ebre-Erms de Casablanca o Vilacoto - H240014000,298715,4501535,4278564,Sulfat d'endosulfan
after_2007,0003,0006,F016189,Delta de l'Ebre-Erms de Casablanca o Vilacoto - H240014000,298715,4501535,4278565,"4,4'-DDT"
after_2007,0003,0006,F016189,Delta de l'Ebre-Erms de Casablanca o Vilacoto - H240014000,298715,4501535,4278566,Triclorofluorometà
after_2007,0003,0006,F016189,Delta de l'Ebre-Erms de Casablanca o Vilacoto - H240014000,298715,4501535,4278567,"1,3-diclorobenzè"
after_2007,0003,0006,F016189,Delta de l'Ebre-Erms de Casablanca o Vilacoto - H240014000,298715,4501535,4278568,Naftalè
after_2007,0003,0006,F016189,Delta de l'Ebre-Erms de Casablanca o Vilacoto - H240014000,298715,4501535,4278569,Diazinon
after_2007,0003,0006,F016189,Delta de l'Ebre-Erms de Casablanca o Vilacoto - H240014000,298715,4501535,4278570,Paration de metil
after_2007,0003,0006,F016189,Delta de l'Ebre-Erms de Casablanca o Vilacoto - H240014000,298715,4501535,4278571,Fenitrotion
after_2007,0003,0006,F016189,Delta de l'Ebre-Erms de Casablanca o Vilacoto - H240014000,298715,4501535,4278572,Malation
after_2007,0003,0006,F016189,Delta de l'Ebre-Erms de Casablanca o Vilacoto - H240014000,298715,4501535,4278573,Clorpirifòs
after_2007,0003,0006,F016189,Delta de l'Ebre-Erms de Casablanca o Vilacoto - H240014000,298715,4501535,4278574,Paration
after_2007,0003,0006,F016189,Delta de l'Ebre-Erms de Casablanca o Vilacoto - H240014000,298715,4501535,4278575,Clorfenvinfòs (suma d'isòmers)
after_2007,0003,0006,F016189,Delta de l'Ebre-Erms de Casablanca o Vilacoto - H240014000,298715,4501535,4278576,Etion
after_2007,0003,0006,F016189,Delta de l'Ebre-Erms de Casablanca o Vilacoto - H240014000,298715,4501535,4278577,Azinfòs d'etil
after_2007,0003,0006,F016189,Delta de l'Ebre-Erms de Casablanca o Vilacoto - H240014000,298715,4501535,4278578,Simazina
after_2007,0003,0006,F016189,Delta de l'Ebre-Erms de Casablanca o Vilacoto - H240014000,298715,4501535,4278579,Atrazina
after_2007,0003,0006,F016189,Delta de l'Ebre-Erms de Casablanca o Vilacoto - H240014000,298715,4501535,4278580,Propazina
after_2007,0003,0006,F016189,Delta de l'Ebre-Erms de Casablanca o Vilacoto - H240014000,298715,4501535,4278581,Terbutrina
after_2007,0003,0006,F016189,Delta de l'Ebre-Erms de Casablanca o Vilacoto - H240014000,298715,4501535,4278582,Antracè
after_2007,0003,0006,F016189,Delta de l'Ebre-Erms de Casablanca o Vilacoto - H240014000,298715,4501535,4278583,Fluorantè
after_2007,0003,0006,F016189,Delta de l'Ebre-Erms de Casablanca o Vilacoto - H240014000,298715,4501535,4278584,Benzo(b)fluorantè
after_2007,0003,0006,F016189,Delta de l'Ebre-Erms de Casablanca o Vilacoto - H240014000,298715,4501535,4278585,Benzo(k)fluorantè
after_2007,0003,0006,F016189,Delta de l'Ebre-Erms de Casablanca o Vilacoto - H240014000,298715,4501535,4278586,Benzo(a)pirè
after_2007,0003,0006,F016189,Delta de l'Ebre-Erms de Casablanca o Vilacoto - H240014000,298715,4501535,4278587,"Indeno(1,2,3-cd)pirè"
after_2007,0003,0006,F016189,Delta de l'Ebre-Erms de Casablanca o Vilacoto - H240014000,298715,4501535,4278588,Benzo(ghi)perilè
after_2007,0003,0006,F016189,Delta de l'Ebre-Erms de Casablanca o Vilacoto - H240014000,298715,4501535,4278589,Suma d'al-diel-iso-endrín
after_2007,0003,0006,F016189,Delta de l'Ebre-Erms de Casablanca o Vilacoto - H240014000,298715,4501535,4278590,Suma d'Organofosforats
after_2007,0003,0006,F016189,Delta de l'Ebre-Erms de Casablanca o Vilacoto - H240014000,298715,4501535,4278591,Suma de plaguicides clorats
after_2007,0003,0006,F016189,Delta de l'Ebre-Erms de Casablanca o Vilacoto - H240014000,298715,4501535,4278592,Suma de triazines
after_2007,0003,0006,F016189,Delta de l'Ebre-Erms de Casablanca o Vilacoto - H240014000,298715,4501535,4278593,Trifluralina
after_2007,0003,0006,F016189,Delta de l'Ebre-Erms de Casablanca o Vilacoto - H240014000,298715,4501535,4278594,Molinat
after_2007,0003,0006,F016189,Delta de l'Ebre-Erms de Casablanca o Vilacoto - H240014000,298715,4501535,4278595,Terbutilazina
after_2007,0003,0006,F016189,Delta de l'Ebre-Erms de Casablanca o Vilacoto - H240014000,298715,4501535,4278596,Alaclor
after_2007,0003,0006,F016189,Delta de l'Ebre-Erms de Casablanca o Vilacoto - H240014000,298715,4501535,4278597,Pentaclorobenzè
after_2007,0003,0006,F016189,Delta de l'Ebre-Erms de Casablanca o Vilacoto - H240014000,298715,4501535,4278598,tert-Octilfenol
after_2007,0003,0006,F016189,Delta de l'Ebre-Erms de Casablanca o Vilacoto - H240014000,298715,4501535,4278599,NPEO(e=0)
after_2007,0003,0006,F016189,Delta de l'Ebre-Erms de Casablanca o Vilacoto - H240014000,298715,4501535,4278600,"2,4'-DDT"
after_2007,0003,0006,F016189,Delta de l'Ebre-Erms de Casablanca o Vilacoto - H240014000,298715,4501535,4278601,"2,4'-DDE"
after_2007,0003,0006,F016189,Delta de l'Ebre-Erms de Casablanca o Vilacoto - H240014000,298715,4501535,4278602,"2,4'-DDD"
after_2007,0003,0006,F016189,Delta de l'Ebre-Erms de Casablanca o Vilacoto - H240014000,298715,4501535,4278603,Metolaclor
after_2007,0003,0006,F016189,Delta de l'Ebre-Erms de Casablanca o Vilacoto - H240014000,298715,4501535,4278604,Epòxid d'heptaclor A
after_2007,0003,0006,F016189,Delta de l'Ebre-Erms de Casablanca o Vilacoto - H240014000,298715,4501535,4278605,Suma de diclorobenzens
after_2007,0003,0006,F016189,Delta de l'Ebre-Erms de Casablanca o Vilacoto - H240014000,298715,4501535,4278606,Cetona d'endrín
after_2007,0003,0006,F016189,Delta de l'Ebre-Erms de Casablanca o Vilacoto - H240014000,298715,4501535,4278607,BDE-28
after_2007,0003,0006,F016189,Delta de l'Ebre-Erms de Casablanca o Vilacoto - H240014000,298715,4501535,4278608,Quinoxifèn
after_2007,0003,0006,F016189,Delta de l'Ebre-Erms de Casablanca o Vilacoto - H240014000,298715,4501535,4278609,Aclonifèn
after_2007,0003,0006,F016189,Delta de l'Ebre-Erms de Casablanca o Vilacoto - H240014000,298715,4501535,4278610,Bifenox
after_2007,0003,0006,F016189,Delta de l'Ebre-Erms de Casablanca o Vilacoto - H240014000,298715,4501535,4278611,Cipermetrín (suma d'isòmers)
after_2007,0003,0006,F016189,Delta de l'Ebre-Erms de Casablanca o Vilacoto - H240014000,298715,4501535,4278612,Cibutrina
after_2007,0003,0006,F016189,Delta de l'Ebre-Erms de Casablanca o Vilacoto - H240014000,298715,4501535,4278613,4-n-Nonilfenol
after_2007,0003,0006,F016190,Delta de l'Ebre-Ullals de l'Arispe i Baltasar - H240015001,296797,4505049,4275910,BDE-47
after_2007,0003,0006,F016190,Delta de l'Ebre-Ullals de l'Arispe i Baltasar - H240015001,296797,4505049,4275911,BDE-99
after_2007,0003,0006,F016190,Delta de l'Ebre-Ullals de l'Arispe i Baltasar - H240015001,296797,4505049,4275912,BDE-100
after_2007,0003,0006,F016190,Delta de l'Ebre-Ullals de l'Arispe i Baltasar - H240015001,296797,4505049,4275913,BDE-153
after_2007,0003,0006,F016190,Delta de l'Ebre-Ullals de l'Arispe i Baltasar - H240015001,296797,4505049,4275914,BDE-154
after_2007,0003,0006,F016190,Delta de l'Ebre-Ullals de l'Arispe i Baltasar - H240015001,296797,4505049,4275915,Suma de PAH1
after_2007,0003,0006,F016190,Delta de l'Ebre-Ullals de l'Arispe i Baltasar - H240015001,296797,4505049,4275916,Suma de PAH2
after_2007,0003,0006,F016190,Delta de l'Ebre-Ullals de l'Arispe i Baltasar - H240015001,296797,4505049,4275917,Suma de DDT
after_2007,0003,0006,F016190,Delta de l'Ebre-Ullals de l'Arispe i Baltasar - H240015001,296797,4505049,4275918,Bor
after_2007,0003,0006,F016190,Delta de l'Ebre-Ullals de l'Arispe i Baltasar - H240015001,296797,4505049,4275919,Bari
after_2007,0003,0006,F016190,Delta de l'Ebre-Ullals de l'Arispe i Baltasar - H240015001,296797,4505049,4275920,Crom
after_2007,0003,0006,F016190,Delta de l'Ebre-Ullals de l'Arispe i Baltasar - H240015001,296797,4505049,4275921,Plom
after_2007,0003,0006,F016190,Delta de l'Ebre-Ullals de l'Arispe i Baltasar - H240015001,296797,4505049,4275922,Zinc
after_2007,0003,0006,F016190,Delta de l'Ebre-Ullals de l'Arispe i Baltasar - H240015001,296797,4505049,4275923,Cadmi
after_2007,0003,0006,F016190,Delta de l'Ebre-Ullals de l'Arispe i Baltasar - H240015001,296797,4505049,4275924,Coure
after_2007,0003,0006,F016190,Delta de l'Ebre-Ullals de l'Arispe i Baltasar - H240015001,296797,4505049,4275925,Ferro
after_2007,0003,0006,F016190,Delta de l'Ebre-Ullals de l'Arispe i Baltasar - H240015001,296797,4505049,4275926,Cobalt
after_2007,0003,0006,F016190,Delta de l'Ebre-Ullals de l'Arispe i Baltasar - H240015001,296797,4505049,4275927,Níquel
after_2007,0003,0006,F016190,Delta de l'Ebre-Ullals de l'Arispe i Baltasar - H240015001,296797,4505049,4275928,Seleni
after_2007,0003,0006,F016190,Delta de l'Ebre-Ullals de l'Arispe i Baltasar - H240015001,296797,4505049,4275929,Vanadi
after_2007,0003,0006,F016190,Delta de l'Ebre-Ullals de l'Arispe i Baltasar - H240015001,296797,4505049,4275930,Alumini
after_2007,0003,0006,F016190,Delta de l'Ebre-Ullals de l'Arispe i Baltasar - H240015001,296797,4505049,4275931,Arsènic
after_2007,0003,0006,F016190,Delta de l'Ebre-Ullals de l'Arispe i Baltasar - H240015001,296797,4505049,4275932,Mercuri
after_2007,0003,0006,F016190,Delta de l'Ebre-Ullals de l'Arispe i Baltasar - H240015001,296797,4505049,4275933,Molibdè
after_2007,0003,0006,F016190,Delta de l'Ebre-Ullals de l'Arispe i Baltasar - H240015001,296797,4505049,4275934,Antimoni
after_2007,0003,0006,F016190,Delta de l'Ebre-Ullals de l'Arispe i Baltasar - H240015001,296797,4505049,4275935,Beril·li
after_2007,0003,0006,F016190,Delta de l'Ebre-Ullals de l'Arispe i Baltasar - H240015001,296797,4505049,4275936,Estronci
after_2007,0003,0006,F016190,Delta de l'Ebre-Ullals de l'Arispe i Baltasar - H240015001,296797,4505049,4275937,Manganès
after_2007,0003,0006,F016190,Delta de l'Ebre-Ullals de l'Arispe i Baltasar - H240015001,296797,4505049,4276245,Toluè
after_2007,0003,0006,F016190,Delta de l'Ebre-Ullals de l'Arispe i Baltasar - H240015001,296797,4505049,4276246,Hexaclorobutadiè
after_2007,0003,0006,F016190,Delta de l'Ebre-Ullals de l'Arispe i Baltasar - H240015001,296797,4505049,4276247,Diclorometà
after_2007,0003,0006,F016190,Delta de l'Ebre-Ullals de l'Arispe i Baltasar - H240015001,296797,4505049,4276248,"trans-1,2-Dicloroetilè"
after_2007,0003,0006,F016190,Delta de l'Ebre-Ullals de l'Arispe i Baltasar - H240015001,296797,4505049,4276249,"cis-1,2-Dicloroetilè"
after_2007,0003,0006,F016190,Delta de l'Ebre-Ullals de l'Arispe i Baltasar - H240015001,296797,4505049,4276250,Tetraclorur de Carboni
after_2007,0003,0006,F016190,Delta de l'Ebre-Ullals de l'Arispe i Baltasar - H240015001,296797,4505049,4276251,Tricloroetilè
after_2007,0003,0006,F016190,Delta de l'Ebre-Ullals de l'Arispe i Baltasar - H240015001,296797,4505049,4276252,Bromodiclorometà
after_2007,0003,0006,F016190,Delta de l'Ebre-Ullals de l'Arispe i Baltasar - H240015001,296797,4505049,4276253,"cis-1,3-Dicloropropè"
after_2007,0003,0006,F016190,Delta de l'Ebre-Ullals de l'Arispe i Baltasar - H240015001,296797,4505049,4276254,Triclorometà
after_2007,0003,0006,F016190,Delta de l'Ebre-Ullals de l'Arispe i Baltasar - H240015001,296797,4505049,4276255,"1,1,2-Tricloroetà"
after_2007,0003,0006,F016190,Delta de l'Ebre-Ullals de l'Arispe i Baltasar - H240015001,296797,4505049,4276256,Tetracloroetilè
after_2007,0003,0006,F016190,Delta de l'Ebre-Ullals de l'Arispe i Baltasar - H240015001,296797,4505049,4276257,Dibromoclorometà
after_2007,0003,0006,F016190,Delta de l'Ebre-Ullals de l'Arispe i Baltasar - H240015001,296797,4505049,4276258,Bromoform
after_2007,0003,0006,F016190,Delta de l'Ebre-Ullals de l'Arispe i Baltasar - H240015001,296797,4505049,4276259,"1,2-Dicloroetà"
after_2007,0003,0006,F016190,Delta de l'Ebre-Ullals de l'Arispe i Baltasar - H240015001,296797,4505049,4276260,"1,4-Diclorobenzè"
after_2007,0003,0006,F016190,Delta de l'Ebre-Ullals de l'Arispe i Baltasar - H240015001,296797,4505049,4276261,"1,2-Diclorobenzè"
after_2007,0003,0006,F016190,Delta de l'Ebre-Ullals de l'Arispe i Baltasar - H240015001,296797,4505049,4276262,Suma de triclorobenzens
after_2007,0003,0006,F016190,Delta de l'Ebre-Ullals de l'Arispe i Baltasar - H240015001,296797,4505049,4276263,"1,2,4-Triclorobenzè"
after_2007,0003,0006,F016190,Delta de l'Ebre-Ullals de l'Arispe i Baltasar - H240015001,296797,4505049,4276264,"1,2,3-Triclorobenzè"
after_2007,0003,0006,F016190,Delta de l'Ebre-Ullals de l'Arispe i Baltasar - H240015001,296797,4505049,4276265,Benzè
after_2007,0003,0006,F016190,Delta de l'Ebre-Ullals de l'Arispe i Baltasar - H240015001,296797,4505049,4276266,Etilbenzè
after_2007,0003,0006,F016190,Delta de l'Ebre-Ullals de l'Arispe i Baltasar - H240015001,296797,4505049,4276267,"m,p-Xilè"
after_2007,0003,0006,F016190,Delta de l'Ebre-Ullals de l'Arispe i Baltasar - H240015001,296797,4505049,4276268,o-Xilè
after_2007,0003,0006,F016190,Delta de l'Ebre-Ullals de l'Arispe i Baltasar - H240015001,296797,4505049,4276269,Hexaclorobenzè
after_2007,0003,0006,F016190,Delta de l'Ebre-Ullals de l'Arispe i Baltasar - H240015001,296797,4505049,4276270,Clorobenzè
after_2007,0003,0006,F016190,Delta de l'Ebre-Ullals de l'Arispe i Baltasar - H240015001,296797,4505049,4276271,a-Hexaclorociclohexà
after_2007,0003,0006,F016190,Delta de l'Ebre-Ullals de l'Arispe i Baltasar - H240015001,296797,4505049,4276272,Lindà(g-Hexaclorociclohexà)
after_2007,0003,0006,F016190,Delta de l'Ebre-Ullals de l'Arispe i Baltasar - H240015001,296797,4505049,4276273,"1,1-Dicloroetilè"
after_2007,0003,0006,F016190,Delta de l'Ebre-Ullals de l'Arispe i Baltasar - H240015001,296797,4505049,4276274,"1,1-Dicloroetà"
after_2007,0003,0006,F016190,Delta de l'Ebre-Ullals de l'Arispe i Baltasar - H240015001,296797,4505049,4276275,"1,1,1-Tricloroetà"
after_2007,0003,0006,F016190,Delta de l'Ebre-Ullals de l'Arispe i Baltasar - H240015001,296797,4505049,4276276,"1,2-Dicloropropà"
after_2007,0003,0006,F016190,Delta de l'Ebre-Ullals de l'Arispe i Baltasar - H240015001,296797,4505049,4276277,"trans-1,3-Dicloropropè"
after_2007,0003,0006,F016190,Delta de l'Ebre-Ullals de l'Arispe i Baltasar - H240015001,296797,4505049,4276278,"1,1,2,2-Tetracloroetà"
after_2007,0003,0006,F016190,Delta de l'Ebre-Ullals de l'Arispe i Baltasar - H240015001,296797,4505049,4276279,"1,3,5-Triclorobenzè"
after_2007,0003,0006,F016190,Delta de l'Ebre-Ullals de l'Arispe i Baltasar - H240015001,296797,4505049,4276280,Heptaclor
after_2007,0003,0006,F016190,Delta de l'Ebre-Ullals de l'Arispe i Baltasar - H240015001,296797,4505049,4276281,Aldrín
after_2007,0003,0006,F016190,Delta de l'Ebre-Ullals de l'Arispe i Baltasar - H240015001,296797,4505049,4276282,Isodrín
after_2007,0003,0006,F016190,Delta de l'Ebre-Ullals de l'Arispe i Baltasar - H240015001,296797,4505049,4276283,Epòxid d'heptaclor B
after_2007,0003,0006,F016190,Delta de l'Ebre-Ullals de l'Arispe i Baltasar - H240015001,296797,4505049,4276284,Endosulfan I
after_2007,0003,0006,F016190,Delta de l'Ebre-Ullals de l'Arispe i Baltasar - H240015001,296797,4505049,4276285,Dieldrín
after_2007,0003,0006,F016190,Delta de l'Ebre-Ullals de l'Arispe i Baltasar - H240015001,296797,4505049,4276286,Endrín
after_2007,0003,0006,F016190,Delta de l'Ebre-Ullals de l'Arispe i Baltasar - H240015001,296797,4505049,4276287,"4,4'-DDE"
after_2007,0003,0006,F016190,Delta de l'Ebre-Ullals de l'Arispe i Baltasar - H240015001,296797,4505049,4276288,Endosulfan II
after_2007,0003,0006,F016190,Delta de l'Ebre-Ullals de l'Arispe i Baltasar - H240015001,296797,4505049,4276289,"4,4'-DDD"
after_2007,0003,0006,F016190,Delta de l'Ebre-Ullals de l'Arispe i Baltasar - H240015001,296797,4505049,4276290,Sulfat d'endosulfan
after_2007,0003,0006,F016190,Delta de l'Ebre-Ullals de l'Arispe i Baltasar - H240015001,296797,4505049,4276291,"4,4'-DDT"
after_2007,0003,0006,F016190,Delta de l'Ebre-Ullals de l'Arispe i Baltasar - H240015001,296797,4505049,4276292,Triclorofluorometà
after_2007,0003,0006,F016190,Delta de l'Ebre-Ullals de l'Arispe i Baltasar - H240015001,296797,4505049,4276293,"1,3-diclorobenzè"
after_2007,0003,0006,F016190,Delta de l'Ebre-Ullals de l'Arispe i Baltasar - H240015001,296797,4505049,4276294,Naftalè
after_2007,0003,0006,F016190,Delta de l'Ebre-Ullals de l'Arispe i Baltasar - H240015001,296797,4505049,4276295,Diazinon
after_2007,0003,0006,F016190,Delta de l'Ebre-Ullals de l'Arispe i Baltasar - H240015001,296797,4505049,4276296,Paration de metil
after_2007,0003,0006,F016190,Delta de l'Ebre-Ullals de l'Arispe i Baltasar - H240015001,296797,4505049,4276297,Fenitrotion
after_2007,0003,0006,F016190,Delta de l'Ebre-Ullals de l'Arispe i Baltasar - H240015001,296797,4505049,4276298,Malation
after_2007,0003,0006,F016190,Delta de l'Ebre-Ullals de l'Arispe i Baltasar - H240015001,296797,4505049,4276299,Clorpirifòs
after_2007,0003,0006,F016190,Delta de l'Ebre-Ullals de l'Arispe i Baltasar - H240015001,296797,4505049,4276300,Paration
after_2007,0003,0006,F016190,Delta de l'Ebre-Ullals de l'Arispe i Baltasar - H240015001,296797,4505049,4276301,Clorfenvinfòs (suma d'isòmers)
after_2007,0003,0006,F016190,Delta de l'Ebre-Ullals de l'Arispe i Baltasar - H240015001,296797,4505049,4276302,Etion
after_2007,0003,0006,F016190,Delta de l'Ebre-Ullals de l'Arispe i Baltasar - H240015001,296797,4505049,4276303,Azinfòs d'etil
after_2007,0003,0006,F016190,Delta de l'Ebre-Ullals de l'Arispe i Baltasar - H240015001,296797,4505049,4276304,Simazina
after_2007,0003,0006,F016190,Delta de l'Ebre-Ullals de l'Arispe i Baltasar - H240015001,296797,4505049,4276305,Atrazina
after_2007,0003,0006,F016190,Delta de l'Ebre-Ullals de l'Arispe i Baltasar - H240015001,296797,4505049,4276306,Propazina
after_2007,0003,0006,F016190,Delta de l'Ebre-Ullals de l'Arispe i Baltasar - H240015001,296797,4505049,4276307,Terbutrina
after_2007,0003,0006,F016190,Delta de l'Ebre-Ullals de l'Arispe i Baltasar - H240015001,296797,4505049,4276308,Antracè
after_2007,0003,0006,F016190,Delta de l'Ebre-Ullals de l'Arispe i Baltasar - H240015001,296797,4505049,4276309,Fluorantè
after_2007,0003,0006,F016190,Delta de l'Ebre-Ullals de l'Arispe i Baltasar - H240015001,296797,4505049,4276310,Benzo(b)fluorantè
after_2007,0003,0006,F016190,Delta de l'Ebre-Ullals de l'Arispe i Baltasar - H240015001,296797,4505049,4276311,Benzo(k)fluorantè
after_2007,0003,0006,F016190,Delta de l'Ebre-Ullals de l'Arispe i Baltasar - H240015001,296797,4505049,4276312,Benzo(a)pirè
after_2007,0003,0006,F016190,Delta de l'Ebre-Ullals de l'Arispe i Baltasar - H240015001,296797,4505049,4276313,"Indeno(1,2,3-cd)pirè"
after_2007,0003,0006,F016190,Delta de l'Ebre-Ullals de l'Arispe i Baltasar - H240015001,296797,4505049,4276314,Benzo(ghi)perilè
after_2007,0003,0006,F016190,Delta de l'Ebre-Ullals de l'Arispe i Baltasar - H240015001,296797,4505049,4276315,Suma d'al-diel-iso-endrín
after_2007,0003,0006,F016190,Delta de l'Ebre-Ullals de l'Arispe i Baltasar - H240015001,296797,4505049,4276316,Suma d'Organofosforats
after_2007,0003,0006,F016190,Delta de l'Ebre-Ullals de l'Arispe i Baltasar - H240015001,296797,4505049,4276317,Suma de plaguicides clorats
after_2007,0003,0006,F016190,Delta de l'Ebre-Ullals de l'Arispe i Baltasar - H240015001,296797,4505049,4276318,Suma de triazines
after_2007,0003,0006,F016190,Delta de l'Ebre-Ullals de l'Arispe i Baltasar - H240015001,296797,4505049,4276319,Trifluralina
after_2007,0003,0006,F016190,Delta de l'Ebre-Ullals de l'Arispe i Baltasar - H240015001,296797,4505049,4276320,Molinat
after_2007,0003,0006,F016190,Delta de l'Ebre-Ullals de l'Arispe i Baltasar - H240015001,296797,4505049,4276321,Terbutilazina
after_2007,0003,0006,F016190,Delta de l'Ebre-Ullals de l'Arispe i Baltasar - H240015001,296797,4505049,4276322,Alaclor
after_2007,0003,0006,F016190,Delta de l'Ebre-Ullals de l'Arispe i Baltasar - H240015001,296797,4505049,4276323,Pentaclorobenzè
after_2007,0003,0006,F016190,Delta de l'Ebre-Ullals de l'Arispe i Baltasar - H240015001,296797,4505049,4276324,tert-Octilfenol
after_2007,0003,0006,F016190,Delta de l'Ebre-Ullals de l'Arispe i Baltasar - H240015001,296797,4505049,4276325,NPEO(e=0)
after_2007,0003,0006,F016190,Delta de l'Ebre-Ullals de l'Arispe i Baltasar - H240015001,296797,4505049,4276326,"2,4'-DDT"
after_2007,0003,0006,F016190,Delta de l'Ebre-Ullals de l'Arispe i Baltasar - H240015001,296797,4505049,4276327,"2,4'-DDE"
after_2007,0003,0006,F016190,Delta de l'Ebre-Ullals de l'Arispe i Baltasar - H240015001,296797,4505049,4276328,"2,4'-DDD"
after_2007,0003,0006,F016190,Delta de l'Ebre-Ullals de l'Arispe i Baltasar - H240015001,296797,4505049,4276329,Metolaclor
after_2007,0003,0006,F016190,Delta de l'Ebre-Ullals de l'Arispe i Baltasar - H240015001,296797,4505049,4276330,Epòxid d'heptaclor A
after_2007,0003,0006,F016190,Delta de l'Ebre-Ullals de l'Arispe i Baltasar - H240015001,296797,4505049,4276331,Suma de diclorobenzens
after_2007,0003,0006,F016190,Delta de l'Ebre-Ullals de l'Arispe i Baltasar - H240015001,296797,4505049,4276332,Cetona d'endrín
after_2007,0003,0006,F016190,Delta de l'Ebre-Ullals de l'Arispe i Baltasar - H240015001,296797,4505049,4276333,BDE-28
after_2007,0003,0006,F016190,Delta de l'Ebre-Ullals de l'Arispe i Baltasar - H240015001,296797,4505049,4276334,Quinoxifèn
after_2007,0003,0006,F016190,Delta de l'Ebre-Ullals de l'Arispe i Baltasar - H240015001,296797,4505049,4276335,Aclonifèn
after_2007,0003,0006,F016190,Delta de l'Ebre-Ullals de l'Arispe i Baltasar - H240015001,296797,4505049,4276336,Bifenox
after_2007,0003,0006,F016190,Delta de l'Ebre-Ullals de l'Arispe i Baltasar - H240015001,296797,4505049,4276337,Cipermetrín (suma d'isòmers)
after_2007,0003,0006,F016190,Delta de l'Ebre-Ullals de l'Arispe i Baltasar - H240015001,296797,4505049,4276338,Cibutrina
after_2007,0003,0006,F016190,Delta de l'Ebre-Ullals de l'Arispe i Baltasar - H240015001,296797,4505049,4276339,4-n-Nonilfenol
after_2007,0003,0006,F016191,Delta de l'Ebre-L'Encanyissada - H240013000,300447,4501819,4190896,BDE-47
after_2007,0003,0006,F016191,Delta de l'Ebre-L'Encanyissada - H240013000,300447,4501819,4190897,BDE-99
after_2007,0003,0006,F016191,Delta de l'Ebre-L'Encanyissada - H240013000,300447,4501819,4190898,BDE-100
after_2007,0003,0006,F016191,Delta de l'Ebre-L'Encanyissada - H240013000,300447,4501819,4190899,BDE-153
after_2007,0003,0006,F016191,Delta de l'Ebre-L'Encanyissada - H240013000,300447,4501819,4190900,BDE-154
after_2007,0003,0006,F016191,Delta de l'Ebre-L'Encanyissada - H240013000,300447,4501819,4190901,Suma de PAH1
after_2007,0003,0006,F016191,Delta de l'Ebre-L'Encanyissada - H240013000,300447,4501819,4190902,Suma de PAH2
after_2007,0003,0006,F016191,Delta de l'Ebre-L'Encanyissada - H240013000,300447,4501819,4190903,Suma de DDT
after_2007,0003,0006,F016191,Delta de l'Ebre-L'Encanyissada - H240013000,300447,4501819,4190904,Bor
after_2007,0003,0006,F016191,Delta de l'Ebre-L'Encanyissada - H240013000,300447,4501819,4190905,Bari
after_2007,0003,0006,F016191,Delta de l'Ebre-L'Encanyissada - H240013000,300447,4501819,4190906,Crom
after_2007,0003,0006,F016191,Delta de l'Ebre-L'Encanyissada - H240013000,300447,4501819,4190907,Plom
after_2007,0003,0006,F016191,Delta de l'Ebre-L'Encanyissada - H240013000,300447,4501819,4190908,Zinc
after_2007,0003,0006,F016191,Delta de l'Ebre-L'Encanyissada - H240013000,300447,4501819,4190909,Cadmi
after_2007,0003,0006,F016191,Delta de l'Ebre-L'Encanyissada - H240013000,300447,4501819,4190910,Coure
after_2007,0003,0006,F016191,Delta de l'Ebre-L'Encanyissada - H240013000,300447,4501819,4190911,Ferro
after_2007,0003,0006,F016191,Delta de l'Ebre-L'Encanyissada - H240013000,300447,4501819,4190912,Cobalt
after_2007,0003,0006,F016191,Delta de l'Ebre-L'Encanyissada - H240013000,300447,4501819,4190913,Níquel
after_2007,0003,0006,F016191,Delta de l'Ebre-L'Encanyissada - H240013000,300447,4501819,4190914,Seleni
after_2007,0003,0006,F016191,Delta de l'Ebre-L'Encanyissada - H240013000,300447,4501819,4190915,Vanadi
after_2007,0003,0006,F016191,Delta de l'Ebre-L'Encanyissada - H240013000,300447,4501819,4190916,Alumini
after_2007,0003,0006,F016191,Delta de l'Ebre-L'Encanyissada - H240013000,300447,4501819,4190917,Arsènic
after_2007,0003,0006,F016191,Delta de l'Ebre-L'Encanyissada - H240013000,300447,4501819,4190918,Mercuri
after_2007,0003,0006,F016191,Delta de l'Ebre-L'Encanyissada - H240013000,300447,4501819,4190919,Molibdè
after_2007,0003,0006,F016191,Delta de l'Ebre-L'Encanyissada - H240013000,300447,4501819,4190920,Antimoni
after_2007,0003,0006,F016191,Delta de l'Ebre-L'Encanyissada - H240013000,300447,4501819,4190921,Beril·li
after_2007,0003,0006,F016191,Delta de l'Ebre-L'Encanyissada - H240013000,300447,4501819,4190922,Estronci
after_2007,0003,0006,F016191,Delta de l'Ebre-L'Encanyissada - H240013000,300447,4501819,4190923,Manganès
after_2007,0003,0006,F016191,Delta de l'Ebre-L'Encanyissada - H240013000,300447,4501819,4191221,Toluè
after_2007,0003,0006,F016191,Delta de l'Ebre-L'Encanyissada - H240013000,300447,4501819,4191222,Hexaclorobutadiè
after_2007,0003,0006,F016191,Delta de l'Ebre-L'Encanyissada - H240013000,300447,4501819,4191223,Diclorometà
after_2007,0003,0006,F016191,Delta de l'Ebre-L'Encanyissada - H240013000,300447,4501819,4191224,"trans-1,2-Dicloroetilè"
after_2007,0003,0006,F016191,Delta de l'Ebre-L'Encanyissada - H240013000,300447,4501819,4191225,"cis-1,2-Dicloroetilè"
after_2007,0003,0006,F016191,Delta de l'Ebre-L'Encanyissada - H240013000,300447,4501819,4191226,Tetraclorur de Carboni
after_2007,0003,0006,F016191,Delta de l'Ebre-L'Encanyissada - H240013000,300447,4501819,4191227,Tricloroetilè
after_2007,0003,0006,F016191,Delta de l'Ebre-L'Encanyissada - H240013000,300447,4501819,4191228,Bromodiclorometà
after_2007,0003,0006,F016191,Delta de l'Ebre-L'Encanyissada - H240013000,300447,4501819,4191229,"cis-1,3-Dicloropropè"
after_2007,0003,0006,F016191,Delta de l'Ebre-L'Encanyissada - H240013000,300447,4501819,4191230,Triclorometà
after_2007,0003,0006,F016191,Delta de l'Ebre-L'Encanyissada - H240013000,300447,4501819,4191231,"1,1,2-Tricloroetà"
after_2007,0003,0006,F016191,Delta de l'Ebre-L'Encanyissada - H240013000,300447,4501819,4191232,Tetracloroetilè
after_2007,0003,0006,F016191,Delta de l'Ebre-L'Encanyissada - H240013000,300447,4501819,4191233,Dibromoclorometà
after_2007,0003,0006,F016191,Delta de l'Ebre-L'Encanyissada - H240013000,300447,4501819,4191234,Bromoform
after_2007,0003,0006,F016191,Delta de l'Ebre-L'Encanyissada - H240013000,300447,4501819,4191235,"1,2-Dicloroetà"
after_2007,0003,0006,F016191,Delta de l'Ebre-L'Encanyissada - H240013000,300447,4501819,4191236,"1,4-Diclorobenzè"
after_2007,0003,0006,F016191,Delta de l'Ebre-L'Encanyissada - H240013000,300447,4501819,4191237,"1,2-Diclorobenzè"
after_2007,0003,0006,F016191,Delta de l'Ebre-L'Encanyissada - H240013000,300447,4501819,4191238,Suma de triclorobenzens
after_2007,0003,0006,F016191,Delta de l'Ebre-L'Encanyissada - H240013000,300447,4501819,4191239,"1,2,4-Triclorobenzè"
after_2007,0003,0006,F016191,Delta de l'Ebre-L'Encanyissada - H240013000,300447,4501819,4191240,"1,2,3-Triclorobenzè"
after_2007,0003,0006,F016191,Delta de l'Ebre-L'Encanyissada - H240013000,300447,4501819,4191241,Benzè
after_2007,0003,0006,F016191,Delta de l'Ebre-L'Encanyissada - H240013000,300447,4501819,4191242,Etilbenzè
after_2007,0003,0006,F016191,Delta de l'Ebre-L'Encanyissada - H240013000,300447,4501819,4191243,"m,p-Xilè"
after_2007,0003,0006,F016191,Delta de l'Ebre-L'Encanyissada - H240013000,300447,4501819,4191244,o-Xilè
after_2007,0003,0006,F016191,Delta de l'Ebre-L'Encanyissada - H240013000,300447,4501819,4191246,Hexaclorobenzè
after_2007,0003,0006,F016191,Delta de l'Ebre-L'Encanyissada - H240013000,300447,4501819,4191247,Clorobenzè
after_2007,0003,0006,F016191,Delta de l'Ebre-L'Encanyissada - H240013000,300447,4501819,4191248,a-Hexaclorociclohexà
after_2007,0003,0006,F016191,Delta de l'Ebre-L'Encanyissada - H240013000,300447,4501819,4191249,Lindà(g-Hexaclorociclohexà)
after_2007,0003,0006,F016191,Delta de l'Ebre-L'Encanyissada - H240013000,300447,4501819,4191250,"1,1-Dicloroetilè"
after_2007,0003,0006,F016191,Delta de l'Ebre-L'Encanyissada - H240013000,300447,4501819,4191251,"1,1-Dicloroetà"
after_2007,0003,0006,F016191,Delta de l'Ebre-L'Encanyissada - H240013000,300447,4501819,4191252,"1,1,1-Tricloroetà"
after_2007,0003,0006,F016191,Delta de l'Ebre-L'Encanyissada - H240013000,300447,4501819,4191253,"1,2-Dicloropropà"
after_2007,0003,0006,F016191,Delta de l'Ebre-L'Encanyissada - H240013000,300447,4501819,4191254,"trans-1,3-Dicloropropè"
after_2007,0003,0006,F016191,Delta de l'Ebre-L'Encanyissada - H240013000,300447,4501819,4191255,"1,1,2,2-Tetracloroetà"
after_2007,0003,0006,F016191,Delta de l'Ebre-L'Encanyissada - H240013000,300447,4501819,4191256,"1,3,5-Triclorobenzè"
after_2007,0003,0006,F016191,Delta de l'Ebre-L'Encanyissada - H240013000,300447,4501819,4191257,Heptaclor
after_2007,0003,0006,F016191,Delta de l'Ebre-L'Encanyissada - H240013000,300447,4501819,4191258,Aldrín
after_2007,0003,0006,F016191,Delta de l'Ebre-L'Encanyissada - H240013000,300447,4501819,4191259,Isodrín
after_2007,0003,0006,F016191,Delta de l'Ebre-L'Encanyissada - H240013000,300447,4501819,4191260,Epòxid d'heptaclor B
after_2007,0003,0006,F016191,Delta de l'Ebre-L'Encanyissada - H240013000,300447,4501819,4191261,Endosulfan I
after_2007,0003,0006,F016191,Delta de l'Ebre-L'Encanyissada - H240013000,300447,4501819,4191262,Dieldrín
after_2007,0003,0006,F016191,Delta de l'Ebre-L'Encanyissada - H240013000,300447,4501819,4191263,Endrín
after_2007,0003,0006,F016191,Delta de l'Ebre-L'Encanyissada - H240013000,300447,4501819,4191264,"4,4'-DDE"
after_2007,0003,0006,F016191,Delta de l'Ebre-L'Encanyissada - H240013000,300447,4501819,4191265,Endosulfan II
after_2007,0003,0006,F016191,Delta de l'Ebre-L'Encanyissada - H240013000,300447,4501819,4191266,"4,4'-DDD"
after_2007,0003,0006,F016191,Delta de l'Ebre-L'Encanyissada - H240013000,300447,4501819,4191267,Sulfat d'endosulfan
after_2007,0003,0006,F016191,Delta de l'Ebre-L'Encanyissada - H240013000,300447,4501819,4191268,"4,4'-DDT"
after_2007,0003,0006,F016191,Delta de l'Ebre-L'Encanyissada - H240013000,300447,4501819,4191269,Triclorofluorometà
after_2007,0003,0006,F016191,Delta de l'Ebre-L'Encanyissada - H240013000,300447,4501819,4191270,"1,3-diclorobenzè"
after_2007,0003,0006,F016191,Delta de l'Ebre-L'Encanyissada - H240013000,300447,4501819,4191271,Naftalè
after_2007,0003,0006,F016191,Delta de l'Ebre-L'Encanyissada - H240013000,300447,4501819,4191272,Diazinon
after_2007,0003,0006,F016191,Delta de l'Ebre-L'Encanyissada - H240013000,300447,4501819,4191273,Paration de metil
after_2007,0003,0006,F016191,Delta de l'Ebre-L'Encanyissada - H240013000,300447,4501819,4191274,Fenitrotion
after_2007,0003,0006,F016191,Delta de l'Ebre-L'Encanyissada - H240013000,300447,4501819,4191275,Malation
after_2007,0003,0006,F016191,Delta de l'Ebre-L'Encanyissada - H240013000,300447,4501819,4191276,Clorpirifòs
after_2007,0003,0006,F016191,Delta de l'Ebre-L'Encanyissada - H240013000,300447,4501819,4191277,Paration
after_2007,0003,0006,F016191,Delta de l'Ebre-L'Encanyissada - H240013000,300447,4501819,4191278,Clorfenvinfòs (suma d'isòmers)
after_2007,0003,0006,F016191,Delta de l'Ebre-L'Encanyissada - H240013000,300447,4501819,4191279,Etion
after_2007,0003,0006,F016191,Delta de l'Ebre-L'Encanyissada - H240013000,300447,4501819,4191280,Azinfòs d'etil
after_2007,0003,0006,F016191,Delta de l'Ebre-L'Encanyissada - H240013000,300447,4501819,4191281,Simazina
after_2007,0003,0006,F016191,Delta de l'Ebre-L'Encanyissada - H240013000,300447,4501819,4191282,Atrazina
after_2007,0003,0006,F016191,Delta de l'Ebre-L'Encanyissada - H240013000,300447,4501819,4191283,Propazina
after_2007,0003,0006,F016191,Delta de l'Ebre-L'Encanyissada - H240013000,300447,4501819,4191284,Terbutrina
after_2007,0003,0006,F016191,Delta de l'Ebre-L'Encanyissada - H240013000,300447,4501819,4191285,Antracè
after_2007,0003,0006,F016191,Delta de l'Ebre-L'Encanyissada - H240013000,300447,4501819,4191286,Fluorantè
after_2007,0003,0006,F016191,Delta de l'Ebre-L'Encanyissada - H240013000,300447,4501819,4191287,Benzo(b)fluorantè
after_2007,0003,0006,F016191,Delta de l'Ebre-L'Encanyissada - H240013000,300447,4501819,4191288,Benzo(k)fluorantè
after_2007,0003,0006,F016191,Delta de l'Ebre-L'Encanyissada - H240013000,300447,4501819,4191289,Benzo(a)pirè
after_2007,0003,0006,F016191,Delta de l'Ebre-L'Encanyissada - H240013000,300447,4501819,4191290,"Indeno(1,2,3-cd)pirè"
after_2007,0003,0006,F016191,Delta de l'Ebre-L'Encanyissada - H240013000,300447,4501819,4191291,Benzo(ghi)perilè
after_2007,0003,0006,F016191,Delta de l'Ebre-L'Encanyissada - H240013000,300447,4501819,4191292,Suma d'al-diel-iso-endrín
after_2007,0003,0006,F016191,Delta de l'Ebre-L'Encanyissada - H240013000,300447,4501819,4191293,Suma d'Organofosforats
after_2007,0003,0006,F016191,Delta de l'Ebre-L'Encanyissada - H240013000,300447,4501819,4191294,Suma de plaguicides clorats
after_2007,0003,0006,F016191,Delta de l'Ebre-L'Encanyissada - H240013000,300447,4501819,4191295,Suma de triazines
after_2007,0003,0006,F016191,Delta de l'Ebre-L'Encanyissada - H240013000,300447,4501819,4191296,Trifluralina
after_2007,0003,0006,F016191,Delta de l'Ebre-L'Encanyissada - H240013000,300447,4501819,4191297,Molinat
after_2007,0003,0006,F016191,Delta de l'Ebre-L'Encanyissada - H240013000,300447,4501819,4191298,Terbutilazina
after_2007,0003,0006,F016191,Delta de l'Ebre-L'Encanyissada - H240013000,300447,4501819,4191299,Alaclor
after_2007,0003,0006,F016191,Delta de l'Ebre-L'Encanyissada - H240013000,300447,4501819,4191300,Pentaclorobenzè
after_2007,0003,0006,F016191,Delta de l'Ebre-L'Encanyissada - H240013000,300447,4501819,4191301,tert-Octilfenol
after_2007,0003,0006,F016191,Delta de l'Ebre-L'Encanyissada - H240013000,300447,4501819,4191302,NPEO(e=0)
after_2007,0003,0006,F016191,Delta de l'Ebre-L'Encanyissada - H240013000,300447,4501819,4191303,"2,4'-DDT"
after_2007,0003,0006,F016191,Delta de l'Ebre-L'Encanyissada - H240013000,300447,4501819,4191304,"2,4'-DDE"
after_2007,0003,0006,F016191,Delta de l'Ebre-L'Encanyissada - H240013000,300447,4501819,4191305,"2,4'-DDD"
after_2007,0003,0006,F016191,Delta de l'Ebre-L'Encanyissada - H240013000,300447,4501819,4191306,Metolaclor
after_2007,0003,0006,F016191,Delta de l'Ebre-L'Encanyissada - H240013000,300447,4501819,4191307,Epòxid d'heptaclor A
after_2007,0003,0006,F016191,Delta de l'Ebre-L'Encanyissada - H240013000,300447,4501819,4191308,Suma de diclorobenzens
after_2007,0003,0006,F016191,Delta de l'Ebre-L'Encanyissada - H240013000,300447,4501819,4191309,Cetona d'endrín
after_2007,0003,0006,F016191,Delta de l'Ebre-L'Encanyissada - H240013000,300447,4501819,4191310,BDE-28
after_2007,0003,0006,F016191,Delta de l'Ebre-L'Encanyissada - H240013000,300447,4501819,4191311,Quinoxifèn
after_2007,0003,0006,F016191,Delta de l'Ebre-L'Encanyissada - H240013000,300447,4501819,4191312,Aclonifèn
after_2007,0003,0006,F016191,Delta de l'Ebre-L'Encanyissada - H240013000,300447,4501819,4191313,Bifenox
after_2007,0003,0006,F016191,Delta de l'Ebre-L'Encanyissada - H240013000,300447,4501819,4191314,Cipermetrín (suma d'isòmers)
after_2007,0003,0006,F016191,Delta de l'Ebre-L'Encanyissada - H240013000,300447,4501819,4191315,Cibutrina
after_2007,0003,0006,F016191,Delta de l'Ebre-L'Encanyissada - H240013000,300447,4501819,4191316,4-n-Nonilfenol
after_2007,0003,0006,F016193,Delta de l'Ebre-Punta de la Banya - H240011000,303369,4495914,4275994,BDE-47
after_2007,0003,0006,F016193,Delta de l'Ebre-Punta de la Banya - H240011000,303369,4495914,4275995,BDE-99
after_2007,0003,0006,F016193,Delta de l'Ebre-Punta de la Banya - H240011000,303369,4495914,4275996,BDE-100
after_2007,0003,0006,F016193,Delta de l'Ebre-Punta de la Banya - H240011000,303369,4495914,4275997,BDE-153
after_2007,0003,0006,F016193,Delta de l'Ebre-Punta de la Banya - H240011000,303369,4495914,4275998,BDE-154
after_2007,0003,0006,F016193,Delta de l'Ebre-Punta de la Banya - H240011000,303369,4495914,4275999,Suma de PAH1
after_2007,0003,0006,F016193,Delta de l'Ebre-Punta de la Banya - H240011000,303369,4495914,4276000,Suma de PAH2
after_2007,0003,0006,F016193,Delta de l'Ebre-Punta de la Banya - H240011000,303369,4495914,4276001,Suma de DDT
after_2007,0003,0006,F016193,Delta de l'Ebre-Punta de la Banya - H240011000,303369,4495914,4276002,Bor
after_2007,0003,0006,F016193,Delta de l'Ebre-Punta de la Banya - H240011000,303369,4495914,4276003,Bari
after_2007,0003,0006,F016193,Delta de l'Ebre-Punta de la Banya - H240011000,303369,4495914,4276004,Crom
after_2007,0003,0006,F016193,Delta de l'Ebre-Punta de la Banya - H240011000,303369,4495914,4276005,Plom
after_2007,0003,0006,F016193,Delta de l'Ebre-Punta de la Banya - H240011000,303369,4495914,4276006,Zinc
after_2007,0003,0006,F016193,Delta de l'Ebre-Punta de la Banya - H240011000,303369,4495914,4276007,Cadmi
after_2007,0003,0006,F016193,Delta de l'Ebre-Punta de la Banya - H240011000,303369,4495914,4276008,Coure
after_2007,0003,0006,F016193,Delta de l'Ebre-Punta de la Banya - H240011000,303369,4495914,4276009,Ferro
after_2007,0003,0006,F016193,Delta de l'Ebre-Punta de la Banya - H240011000,303369,4495914,4276010,Cobalt
after_2007,0003,0006,F016193,Delta de l'Ebre-Punta de la Banya - H240011000,303369,4495914,4276011,Níquel
after_2007,0003,0006,F016193,Delta de l'Ebre-Punta de la Banya - H240011000,303369,4495914,4276012,Seleni
after_2007,0003,0006,F016193,Delta de l'Ebre-Punta de la Banya - H240011000,303369,4495914,4276013,Vanadi
after_2007,0003,0006,F016193,Delta de l'Ebre-Punta de la Banya - H240011000,303369,4495914,4276014,Alumini
after_2007,0003,0006,F016193,Delta de l'Ebre-Punta de la Banya - H240011000,303369,4495914,4276015,Arsènic
after_2007,0003,0006,F016193,Delta de l'Ebre-Punta de la Banya - H240011000,303369,4495914,4276016,Mercuri
after_2007,0003,0006,F016193,Delta de l'Ebre-Punta de la Banya - H240011000,303369,4495914,4276017,Molibdè
after_2007,0003,0006,F016193,Delta de l'Ebre-Punta de la Banya - H240011000,303369,4495914,4276018,Antimoni
after_2007,0003,0006,F016193,Delta de l'Ebre-Punta de la Banya - H240011000,303369,4495914,4276019,Beril·li
after_2007,0003,0006,F016193,Delta de l'Ebre-Punta de la Banya - H240011000,303369,4495914,4276020,Estronci
after_2007,0003,0006,F016193,Delta de l'Ebre-Punta de la Banya - H240011000,303369,4495914,4276021,Manganès
after_2007,0003,0006,F016193,Delta de l'Ebre-Punta de la Banya - H240011000,303369,4495914,4276545,Toluè
after_2007,0003,0006,F016193,Delta de l'Ebre-Punta de la Banya - H240011000,303369,4495914,4276546,Hexaclorobutadiè
after_2007,0003,0006,F016193,Delta de l'Ebre-Punta de la Banya - H240011000,303369,4495914,4276547,Diclorometà
after_2007,0003,0006,F016193,Delta de l'Ebre-Punta de la Banya - H240011000,303369,4495914,4276548,"trans-1,2-Dicloroetilè"
after_2007,0003,0006,F016193,Delta de l'Ebre-Punta de la Banya - H240011000,303369,4495914,4276549,"cis-1,2-Dicloroetilè"
after_2007,0003,0006,F016193,Delta de l'Ebre-Punta de la Banya - H240011000,303369,4495914,4276550,Tetraclorur de Carboni
after_2007,0003,0006,F016193,Delta de l'Ebre-Punta de la Banya - H240011000,303369,4495914,4276551,Tricloroetilè
after_2007,0003,0006,F016193,Delta de l'Ebre-Punta de la Banya - H240011000,303369,4495914,4276552,Bromodiclorometà
after_2007,0003,0006,F016193,Delta de l'Ebre-Punta de la Banya - H240011000,303369,4495914,4276553,"cis-1,3-Dicloropropè"
after_2007,0003,0006,F016193,Delta de l'Ebre-Punta de la Banya - H240011000,303369,4495914,4276554,Triclorometà
after_2007,0003,0006,F016193,Delta de l'Ebre-Punta de la Banya - H240011000,303369,4495914,4276555,"1,1,2-Tricloroetà"
after_2007,0003,0006,F016193,Delta de l'Ebre-Punta de la Banya - H240011000,303369,4495914,4276556,Tetracloroetilè
after_2007,0003,0006,F016193,Delta de l'Ebre-Punta de la Banya - H240011000,303369,4495914,4276557,Dibromoclorometà
after_2007,0003,0006,F016193,Delta de l'Ebre-Punta de la Banya - H240011000,303369,4495914,4276558,Bromoform
after_2007,0003,0006,F016193,Delta de l'Ebre-Punta de la Banya - H240011000,303369,4495914,4276559,"1,2-Dicloroetà"
after_2007,0003,0006,F016193,Delta de l'Ebre-Punta de la Banya - H240011000,303369,4495914,4276560,"1,4-Diclorobenzè"
after_2007,0003,0006,F016193,Delta de l'Ebre-Punta de la Banya - H240011000,303369,4495914,4276561,"1,2-Diclorobenzè"
after_2007,0003,0006,F016193,Delta de l'Ebre-Punta de la Banya - H240011000,303369,4495914,4276562,Suma de triclorobenzens
after_2007,0003,0006,F016193,Delta de l'Ebre-Punta de la Banya - H240011000,303369,4495914,4276563,"1,2,4-Triclorobenzè"
after_2007,0003,0006,F016193,Delta de l'Ebre-Punta de la Banya - H240011000,303369,4495914,4276564,"1,2,3-Triclorobenzè"
after_2007,0003,0006,F016193,Delta de l'Ebre-Punta de la Banya - H240011000,303369,4495914,4276565,Benzè
after_2007,0003,0006,F016193,Delta de l'Ebre-Punta de la Banya - H240011000,303369,4495914,4276566,Etilbenzè
after_2007,0003,0006,F016193,Delta de l'Ebre-Punta de la Banya - H240011000,303369,4495914,4276567,"m,p-Xilè"
after_2007,0003,0006,F016193,Delta de l'Ebre-Punta de la Banya - H240011000,303369,4495914,4276568,o-Xilè
after_2007,0003,0006,F016193,Delta de l'Ebre-Punta de la Banya - H240011000,303369,4495914,4276569,Hexaclorobenzè
after_2007,0003,0006,F016193,Delta de l'Ebre-Punta de la Banya - H240011000,303369,4495914,4276570,Clorobenzè
after_2007,0003,0006,F016193,Delta de l'Ebre-Punta de la Banya - H240011000,303369,4495914,4276571,a-Hexaclorociclohexà
after_2007,0003,0006,F016193,Delta de l'Ebre-Punta de la Banya - H240011000,303369,4495914,4276572,Lindà(g-Hexaclorociclohexà)
after_2007,0003,0006,F016193,Delta de l'Ebre-Punta de la Banya - H240011000,303369,4495914,4276573,"1,1-Dicloroetilè"
after_2007,0003,0006,F016193,Delta de l'Ebre-Punta de la Banya - H240011000,303369,4495914,4276574,"1,1-Dicloroetà"
after_2007,0003,0006,F016193,Delta de l'Ebre-Punta de la Banya - H240011000,303369,4495914,4276575,"1,1,1-Tricloroetà"
after_2007,0003,0006,F016193,Delta de l'Ebre-Punta de la Banya - H240011000,303369,4495914,4276576,"1,2-Dicloropropà"
after_2007,0003,0006,F016193,Delta de l'Ebre-Punta de la Banya - H240011000,303369,4495914,4276577,"trans-1,3-Dicloropropè"
after_2007,0003,0006,F016193,Delta de l'Ebre-Punta de la Banya - H240011000,303369,4495914,4276578,"1,1,2,2-Tetracloroetà"
after_2007,0003,0006,F016193,Delta de l'Ebre-Punta de la Banya - H240011000,303369,4495914,4276579,"1,3,5-Triclorobenzè"
after_2007,0003,0006,F016193,Delta de l'Ebre-Punta de la Banya - H240011000,303369,4495914,4276580,Heptaclor
after_2007,0003,0006,F016193,Delta de l'Ebre-Punta de la Banya - H240011000,303369,4495914,4276581,Aldrín
after_2007,0003,0006,F016193,Delta de l'Ebre-Punta de la Banya - H240011000,303369,4495914,4276582,Isodrín
after_2007,0003,0006,F016193,Delta de l'Ebre-Punta de la Banya - H240011000,303369,4495914,4276583,Epòxid d'heptaclor B
after_2007,0003,0006,F016193,Delta de l'Ebre-Punta de la Banya - H240011000,303369,4495914,4276584,Endosulfan I
after_2007,0003,0006,F016193,Delta de l'Ebre-Punta de la Banya - H240011000,303369,4495914,4276585,Dieldrín
after_2007,0003,0006,F016193,Delta de l'Ebre-Punta de la Banya - H240011000,303369,4495914,4276586,Endrín
after_2007,0003,0006,F016193,Delta de l'Ebre-Punta de la Banya - H240011000,303369,4495914,4276587,"4,4'-DDE"
after_2007,0003,0006,F016193,Delta de l'Ebre-Punta de la Banya - H240011000,303369,4495914,4276588,Endosulfan II
after_2007,0003,0006,F016193,Delta de l'Ebre-Punta de la Banya - H240011000,303369,4495914,4276589,"4,4'-DDD"
after_2007,0003,0006,F016193,Delta de l'Ebre-Punta de la Banya - H240011000,303369,4495914,4276590,Sulfat d'endosulfan
after_2007,0003,0006,F016193,Delta de l'Ebre-Punta de la Banya - H240011000,303369,4495914,4276591,"4,4'-DDT"
after_2007,0003,0006,F016193,Delta de l'Ebre-Punta de la Banya - H240011000,303369,4495914,4276592,Triclorofluorometà
after_2007,0003,0006,F016193,Delta de l'Ebre-Punta de la Banya - H240011000,303369,4495914,4276593,"1,3-diclorobenzè"
after_2007,0003,0006,F016193,Delta de l'Ebre-Punta de la Banya - H240011000,303369,4495914,4276594,Naftalè
after_2007,0003,0006,F016193,Delta de l'Ebre-Punta de la Banya - H240011000,303369,4495914,4276595,Diazinon
after_2007,0003,0006,F016193,Delta de l'Ebre-Punta de la Banya - H240011000,303369,4495914,4276596,Paration de metil
after_2007,0003,0006,F016193,Delta de l'Ebre-Punta de la Banya - H240011000,303369,4495914,4276597,Fenitrotion
after_2007,0003,0006,F016193,Delta de l'Ebre-Punta de la Banya - H240011000,303369,4495914,4276598,Malation
after_2007,0003,0006,F016193,Delta de l'Ebre-Punta de la Banya - H240011000,303369,4495914,4276599,Clorpirifòs
after_2007,0003,0006,F016193,Delta de l'Ebre-Punta de la Banya - H240011000,303369,4495914,4276600,Paration
after_2007,0003,0006,F016193,Delta de l'Ebre-Punta de la Banya - H240011000,303369,4495914,4276601,Clorfenvinfòs (suma d'isòmers)
after_2007,0003,0006,F016193,Delta de l'Ebre-Punta de la Banya - H240011000,303369,4495914,4276602,Etion
after_2007,0003,0006,F016193,Delta de l'Ebre-Punta de la Banya - H240011000,303369,4495914,4276603,Azinfòs d'etil
after_2007,0003,0006,F016193,Delta de l'Ebre-Punta de la Banya - H240011000,303369,4495914,4276604,Simazina
after_2007,0003,0006,F016193,Delta de l'Ebre-Punta de la Banya - H240011000,303369,4495914,4276605,Atrazina
after_2007,0003,0006,F016193,Delta de l'Ebre-Punta de la Banya - H240011000,303369,4495914,4276606,Propazina
after_2007,0003,0006,F016193,Delta de l'Ebre-Punta de la Banya - H240011000,303369,4495914,4276607,Terbutrina
after_2007,0003,0006,F016193,Delta de l'Ebre-Punta de la Banya - H240011000,303369,4495914,4276608,Antracè
after_2007,0003,0006,F016193,Delta de l'Ebre-Punta de la Banya - H240011000,303369,4495914,4276609,Fluorantè
after_2007,0003,0006,F016193,Delta de l'Ebre-Punta de la Banya - H240011000,303369,4495914,4276610,Benzo(b)fluorantè
after_2007,0003,0006,F016193,Delta de l'Ebre-Punta de la Banya - H240011000,303369,4495914,4276611,Benzo(k)fluorantè
after_2007,0003,0006,F016193,Delta de l'Ebre-Punta de la Banya - H240011000,303369,4495914,4276612,Benzo(a)pirè
after_2007,0003,0006,F016193,Delta de l'Ebre-Punta de la Banya - H240011000,303369,4495914,4276613,"Indeno(1,2,3-cd)pirè"
after_2007,0003,0006,F016193,Delta de l'Ebre-Punta de la Banya - H240011000,303369,4495914,4276614,Benzo(ghi)perilè
after_2007,0003,0006,F016193,Delta de l'Ebre-Punta de la Banya - H240011000,303369,4495914,4276615,Suma d'al-diel-iso-endrín
after_2007,0003,0006,F016193,Delta de l'Ebre-Punta de la Banya - H240011000,303369,4495914,4276616,Suma d'Organofosforats
after_2007,0003,0006,F016193,Delta de l'Ebre-Punta de la Banya - H240011000,303369,4495914,4276617,Suma de plaguicides clorats
after_2007,0003,0006,F016193,Delta de l'Ebre-Punta de la Banya - H240011000,303369,4495914,4276618,Suma de triazines
after_2007,0003,0006,F016193,Delta de l'Ebre-Punta de la Banya - H240011000,303369,4495914,4276619,Trifluralina
after_2007,0003,0006,F016193,Delta de l'Ebre-Punta de la Banya - H240011000,303369,4495914,4276620,Molinat
after_2007,0003,0006,F016193,Delta de l'Ebre-Punta de la Banya - H240011000,303369,4495914,4276621,Terbutilazina
after_2007,0003,0006,F016193,Delta de l'Ebre-Punta de la Banya - H240011000,303369,4495914,4276622,Alaclor
after_2007,0003,0006,F016193,Delta de l'Ebre-Punta de la Banya - H240011000,303369,4495914,4276623,Pentaclorobenzè
after_2007,0003,0006,F016193,Delta de l'Ebre-Punta de la Banya - H240011000,303369,4495914,4276624,tert-Octilfenol
after_2007,0003,0006,F016193,Delta de l'Ebre-Punta de la Banya - H240011000,303369,4495914,4276625,NPEO(e=0)
after_2007,0003,0006,F016193,Delta de l'Ebre-Punta de la Banya - H240011000,303369,4495914,4276626,"2,4'-DDT"
after_2007,0003,0006,F016193,Delta de l'Ebre-Punta de la Banya - H240011000,303369,4495914,4276627,"2,4'-DDE"
after_2007,0003,0006,F016193,Delta de l'Ebre-Punta de la Banya - H240011000,303369,4495914,4276628,"2,4'-DDD"
after_2007,0003,0006,F016193,Delta de l'Ebre-Punta de la Banya - H240011000,303369,4495914,4276629,Metolaclor
after_2007,0003,0006,F016193,Delta de l'Ebre-Punta de la Banya - H240011000,303369,4495914,4276630,Epòxid d'heptaclor A
after_2007,0003,0006,F016193,Delta de l'Ebre-Punta de la Banya - H240011000,303369,4495914,4276631,Suma de diclorobenzens
after_2007,0003,0006,F016193,Delta de l'Ebre-Punta de la Banya - H240011000,303369,4495914,4276632,Cetona d'endrín
after_2007,0003,0006,F016193,Delta de l'Ebre-Punta de la Banya - H240011000,303369,4495914,4276633,BDE-28
after_2007,0003,0006,F016193,Delta de l'Ebre-Punta de la Banya - H240011000,303369,4495914,4276634,Quinoxifèn
after_2007,0003,0006,F016193,Delta de l'Ebre-Punta de la Banya - H240011000,303369,4495914,4276635,Aclonifèn
after_2007,0003,0006,F016193,Delta de l'Ebre-Punta de la Banya - H240011000,303369,4495914,4276636,Bifenox
after_2007,0003,0006,F016193,Delta de l'Ebre-Punta de la Banya - H240011000,303369,4495914,4276637,Cipermetrín (suma d'isòmers)
after_2007,0003,0006,F016193,Delta de l'Ebre-Punta de la Banya - H240011000,303369,4495914,4276638,Cibutrina
after_2007,0003,0006,F016193,Delta de l'Ebre-Punta de la Banya - H240011000,303369,4495914,4276639,4-n-Nonilfenol
after_2007,0003,0006,F016194,Delta de l'Ebre-El Clot - H240012000,304379,4503557,4190868,BDE-47
after_2007,0003,0006,F016194,Delta de l'Ebre-El Clot - H240012000,304379,4503557,4190869,BDE-99
after_2007,0003,0006,F016194,Delta de l'Ebre-El Clot - H240012000,304379,4503557,4190870,BDE-100
after_2007,0003,0006,F016194,Delta de l'Ebre-El Clot - H240012000,304379,4503557,4190871,BDE-153
after_2007,0003,0006,F016194,Delta de l'Ebre-El Clot - H240012000,304379,4503557,4190872,BDE-154
after_2007,0003,0006,F016194,Delta de l'Ebre-El Clot - H240012000,304379,4503557,4190873,Suma de PAH1
after_2007,0003,0006,F016194,Delta de l'Ebre-El Clot - H240012000,304379,4503557,4190874,Suma de PAH2
after_2007,0003,0006,F016194,Delta de l'Ebre-El Clot - H240012000,304379,4503557,4190875,Suma de DDT
after_2007,0003,0006,F016194,Delta de l'Ebre-El Clot - H240012000,304379,4503557,4190876,Bor
after_2007,0003,0006,F016194,Delta de l'Ebre-El Clot - H240012000,304379,4503557,4190877,Bari
after_2007,0003,0006,F016194,Delta de l'Ebre-El Clot - H240012000,304379,4503557,4190878,Crom
after_2007,0003,0006,F016194,Delta de l'Ebre-El Clot - H240012000,304379,4503557,4190879,Plom
after_2007,0003,0006,F016194,Delta de l'Ebre-El Clot - H240012000,304379,4503557,4190880,Zinc
after_2007,0003,0006,F016194,Delta de l'Ebre-El Clot - H240012000,304379,4503557,4190881,Cadmi
after_2007,0003,0006,F016194,Delta de l'Ebre-El Clot - H240012000,304379,4503557,4190882,Coure
after_2007,0003,0006,F016194,Delta de l'Ebre-El Clot - H240012000,304379,4503557,4190883,Ferro
after_2007,0003,0006,F016194,Delta de l'Ebre-El Clot - H240012000,304379,4503557,4190884,Cobalt
after_2007,0003,0006,F016194,Delta de l'Ebre-El Clot - H240012000,304379,4503557,4190885,Níquel
after_2007,0003,0006,F016194,Delta de l'Ebre-El Clot - H240012000,304379,4503557,4190886,Seleni
after_2007,0003,0006,F016194,Delta de l'Ebre-El Clot - H240012000,304379,4503557,4190887,Vanadi
after_2007,0003,0006,F016194,Delta de l'Ebre-El Clot - H240012000,304379,4503557,4190888,Alumini
after_2007,0003,0006,F016194,Delta de l'Ebre-El Clot - H240012000,304379,4503557,4190889,Arsènic
after_2007,0003,0006,F016194,Delta de l'Ebre-El Clot - H240012000,304379,4503557,4190890,Mercuri
after_2007,0003,0006,F016194,Delta de l'Ebre-El Clot - H240012000,304379,4503557,4190891,Molibdè
after_2007,0003,0006,F016194,Delta de l'Ebre-El Clot - H240012000,304379,4503557,4190892,Antimoni
after_2007,0003,0006,F016194,Delta de l'Ebre-El Clot - H240012000,304379,4503557,4190893,Beril·li
after_2007,0003,0006,F016194,Delta de l'Ebre-El Clot - H240012000,304379,4503557,4190894,Estronci
after_2007,0003,0006,F016194,Delta de l'Ebre-El Clot - H240012000,304379,4503557,4190895,Manganès
after_2007,0003,0006,F016194,Delta de l'Ebre-El Clot - H240012000,304379,4503557,4191121,Toluè
after_2007,0003,0006,F016194,Delta de l'Ebre-El Clot - H240012000,304379,4503557,4191122,Hexaclorobutadiè
after_2007,0003,0006,F016194,Delta de l'Ebre-El Clot - H240012000,304379,4503557,4191123,Diclorometà
after_2007,0003,0006,F016194,Delta de l'Ebre-El Clot - H240012000,304379,4503557,4191124,"trans-1,2-Dicloroetilè"
after_2007,0003,0006,F016194,Delta de l'Ebre-El Clot - H240012000,304379,4503557,4191125,"cis-1,2-Dicloroetilè"
after_2007,0003,0006,F016194,Delta de l'Ebre-El Clot - H240012000,304379,4503557,4191126,Tetraclorur de Carboni
after_2007,0003,0006,F016194,Delta de l'Ebre-El Clot - H240012000,304379,4503557,4191127,Tricloroetilè
after_2007,0003,0006,F016194,Delta de l'Ebre-El Clot - H240012000,304379,4503557,4191128,Bromodiclorometà
after_2007,0003,0006,F016194,Delta de l'Ebre-El Clot - H240012000,304379,4503557,4191129,"cis-1,3-Dicloropropè"
after_2007,0003,0006,F016194,Delta de l'Ebre-El Clot - H240012000,304379,4503557,4191130,Triclorometà
after_2007,0003,0006,F016194,Delta de l'Ebre-El Clot - H240012000,304379,4503557,4191131,"1,1,2-Tricloroetà"
after_2007,0003,0006,F016194,Delta de l'Ebre-El Clot - H240012000,304379,4503557,4191132,Tetracloroetilè
after_2007,0003,0006,F016194,Delta de l'Ebre-El Clot - H240012000,304379,4503557,4191133,Dibromoclorometà
after_2007,0003,0006,F016194,Delta de l'Ebre-El Clot - H240012000,304379,4503557,4191134,Bromoform
after_2007,0003,0006,F016194,Delta de l'Ebre-El Clot - H240012000,304379,4503557,4191135,"1,2-Dicloroetà"
after_2007,0003,0006,F016194,Delta de l'Ebre-El Clot - H240012000,304379,4503557,4191136,"1,4-Diclorobenzè"
after_2007,0003,0006,F016194,Delta de l'Ebre-El Clot - H240012000,304379,4503557,4191137,"1,2-Diclorobenzè"
after_2007,0003,0006,F016194,Delta de l'Ebre-El Clot - H240012000,304379,4503557,4191138,Suma de triclorobenzens
after_2007,0003,0006,F016194,Delta de l'Ebre-El Clot - H240012000,304379,4503557,4191139,"1,2,4-Triclorobenzè"
after_2007,0003,0006,F016194,Delta de l'Ebre-El Clot - H240012000,304379,4503557,4191140,"1,2,3-Triclorobenzè"
after_2007,0003,0006,F016194,Delta de l'Ebre-El Clot - H240012000,304379,4503557,4191141,Benzè
after_2007,0003,0006,F016194,Delta de l'Ebre-El Clot - H240012000,304379,4503557,4191142,Etilbenzè
after_2007,0003,0006,F016194,Delta de l'Ebre-El Clot - H240012000,304379,4503557,4191143,"m,p-Xilè"
after_2007,0003,0006,F016194,Delta de l'Ebre-El Clot - H240012000,304379,4503557,4191144,o-Xilè
after_2007,0003,0006,F016194,Delta de l'Ebre-El Clot - H240012000,304379,4503557,4191146,Hexaclorobenzè
after_2007,0003,0006,F016194,Delta de l'Ebre-El Clot - H240012000,304379,4503557,4191147,Clorobenzè
after_2007,0003,0006,F016194,Delta de l'Ebre-El Clot - H240012000,304379,4503557,4191148,a-Hexaclorociclohexà
after_2007,0003,0006,F016194,Delta de l'Ebre-El Clot - H240012000,304379,4503557,4191149,Lindà(g-Hexaclorociclohexà)
after_2007,0003,0006,F016194,Delta de l'Ebre-El Clot - H240012000,304379,4503557,4191150,"1,1-Dicloroetilè"
after_2007,0003,0006,F016194,Delta de l'Ebre-El Clot - H240012000,304379,4503557,4191151,"1,1-Dicloroetà"
after_2007,0003,0006,F016194,Delta de l'Ebre-El Clot - H240012000,304379,4503557,4191152,"1,1,1-Tricloroetà"
after_2007,0003,0006,F016194,Delta de l'Ebre-El Clot - H240012000,304379,4503557,4191153,"1,2-Dicloropropà"
after_2007,0003,0006,F016194,Delta de l'Ebre-El Clot - H240012000,304379,4503557,4191154,"trans-1,3-Dicloropropè"
after_2007,0003,0006,F016194,Delta de l'Ebre-El Clot - H240012000,304379,4503557,4191155,"1,1,2,2-Tetracloroetà"
after_2007,0003,0006,F016194,Delta de l'Ebre-El Clot - H240012000,304379,4503557,4191156,"1,3,5-Triclorobenzè"
after_2007,0003,0006,F016194,Delta de l'Ebre-El Clot - H240012000,304379,4503557,4191157,Heptaclor
after_2007,0003,0006,F016194,Delta de l'Ebre-El Clot - H240012000,304379,4503557,4191158,Aldrín
after_2007,0003,0006,F016194,Delta de l'Ebre-El Clot - H240012000,304379,4503557,4191159,Isodrín
after_2007,0003,0006,F016194,Delta de l'Ebre-El Clot - H240012000,304379,4503557,4191160,Epòxid d'heptaclor B
after_2007,0003,0006,F016194,Delta de l'Ebre-El Clot - H240012000,304379,4503557,4191161,Endosulfan I
after_2007,0003,0006,F016194,Delta de l'Ebre-El Clot - H240012000,304379,4503557,4191162,Dieldrín
after_2007,0003,0006,F016194,Delta de l'Ebre-El Clot - H240012000,304379,4503557,4191163,Endrín
after_2007,0003,0006,F016194,Delta de l'Ebre-El Clot - H240012000,304379,4503557,4191164,"4,4'-DDE"
after_2007,0003,0006,F016194,Delta de l'Ebre-El Clot - H240012000,304379,4503557,4191165,Endosulfan II
after_2007,0003,0006,F016194,Delta de l'Ebre-El Clot - H240012000,304379,4503557,4191166,"4,4'-DDD"
after_2007,0003,0006,F016194,Delta de l'Ebre-El Clot - H240012000,304379,4503557,4191167,Sulfat d'endosulfan
after_2007,0003,0006,F016194,Delta de l'Ebre-El Clot - H240012000,304379,4503557,4191168,"4,4'-DDT"
after_2007,0003,0006,F016194,Delta de l'Ebre-El Clot - H240012000,304379,4503557,4191169,Triclorofluorometà
after_2007,0003,0006,F016194,Delta de l'Ebre-El Clot - H240012000,304379,4503557,4191170,"1,3-diclorobenzè"
after_2007,0003,0006,F016194,Delta de l'Ebre-El Clot - H240012000,304379,4503557,4191171,Naftalè
after_2007,0003,0006,F016194,Delta de l'Ebre-El Clot - H240012000,304379,4503557,4191172,Diazinon
after_2007,0003,0006,F016194,Delta de l'Ebre-El Clot - H240012000,304379,4503557,4191173,Paration de metil
after_2007,0003,0006,F016194,Delta de l'Ebre-El Clot - H240012000,304379,4503557,4191174,Fenitrotion
after_2007,0003,0006,F016194,Delta de l'Ebre-El Clot - H240012000,304379,4503557,4191175,Malation
after_2007,0003,0006,F016194,Delta de l'Ebre-El Clot - H240012000,304379,4503557,4191176,Clorpirifòs
after_2007,0003,0006,F016194,Delta de l'Ebre-El Clot - H240012000,304379,4503557,4191177,Paration
after_2007,0003,0006,F016194,Delta de l'Ebre-El Clot - H240012000,304379,4503557,4191178,Clorfenvinfòs (suma d'isòmers)
after_2007,0003,0006,F016194,Delta de l'Ebre-El Clot - H240012000,304379,4503557,4191179,Etion
after_2007,0003,0006,F016194,Delta de l'Ebre-El Clot - H240012000,304379,4503557,4191180,Azinfòs d'etil
after_2007,0003,0006,F016194,Delta de l'Ebre-El Clot - H240012000,304379,4503557,4191181,Simazina
after_2007,0003,0006,F016194,Delta de l'Ebre-El Clot - H240012000,304379,4503557,4191182,Atrazina
after_2007,0003,0006,F016194,Delta de l'Ebre-El Clot - H240012000,304379,4503557,4191183,Propazina
after_2007,0003,0006,F016194,Delta de l'Ebre-El Clot - H240012000,304379,4503557,4191184,Terbutrina
after_2007,0003,0006,F016194,Delta de l'Ebre-El Clot - H240012000,304379,4503557,4191185,Antracè
after_2007,0003,0006,F016194,Delta de l'Ebre-El Clot - H240012000,304379,4503557,4191186,Fluorantè
after_2007,0003,0006,F016194,Delta de l'Ebre-El Clot - H240012000,304379,4503557,4191187,Benzo(b)fluorantè
after_2007,0003,0006,F016194,Delta de l'Ebre-El Clot - H240012000,304379,4503557,4191188,Benzo(k)fluorantè
after_2007,0003,0006,F016194,Delta de l'Ebre-El Clot - H240012000,304379,4503557,4191189,Benzo(a)pirè
after_2007,0003,0006,F016194,Delta de l'Ebre-El Clot - H240012000,304379,4503557,4191190,"Indeno(1,2,3-cd)pirè"
after_2007,0003,0006,F016194,Delta de l'Ebre-El Clot - H240012000,304379,4503557,4191191,Benzo(ghi)perilè
after_2007,0003,0006,F016194,Delta de l'Ebre-El Clot - H240012000,304379,4503557,4191192,Suma d'al-diel-iso-endrín
after_2007,0003,0006,F016194,Delta de l'Ebre-El Clot - H240012000,304379,4503557,4191193,Suma d'Organofosforats
after_2007,0003,0006,F016194,Delta de l'Ebre-El Clot - H240012000,304379,4503557,4191194,Suma de plaguicides clorats
after_2007,0003,0006,F016194,Delta de l'Ebre-El Clot - H240012000,304379,4503557,4191195,Suma de triazines
after_2007,0003,0006,F016194,Delta de l'Ebre-El Clot - H240012000,304379,4503557,4191196,Trifluralina
after_2007,0003,0006,F016194,Delta de l'Ebre-El Clot - H240012000,304379,4503557,4191197,Molinat
after_2007,0003,0006,F016194,Delta de l'Ebre-El Clot - H240012000,304379,4503557,4191198,Terbutilazina
after_2007,0003,0006,F016194,Delta de l'Ebre-El Clot - H240012000,304379,4503557,4191199,Alaclor
after_2007,0003,0006,F016194,Delta de l'Ebre-El Clot - H240012000,304379,4503557,4191200,Pentaclorobenzè
after_2007,0003,0006,F016194,Delta de l'Ebre-El Clot - H240012000,304379,4503557,4191201,tert-Octilfenol
after_2007,0003,0006,F016194,Delta de l'Ebre-El Clot - H240012000,304379,4503557,4191202,NPEO(e=0)
after_2007,0003,0006,F016194,Delta de l'Ebre-El Clot - H240012000,304379,4503557,4191203,"2,4'-DDT"
after_2007,0003,0006,F016194,Delta de l'Ebre-El Clot - H240012000,304379,4503557,4191204,"2,4'-DDE"
after_2007,0003,0006,F016194,Delta de l'Ebre-El Clot - H240012000,304379,4503557,4191205,"2,4'-DDD"
after_2007,0003,0006,F016194,Delta de l'Ebre-El Clot - H240012000,304379,4503557,4191206,Metolaclor
after_2007,0003,0006,F016194,Delta de l'Ebre-El Clot - H240012000,304379,4503557,4191207,Epòxid d'heptaclor A
after_2007,0003,0006,F016194,Delta de l'Ebre-El Clot - H240012000,304379,4503557,4191208,Suma de diclorobenzens
after_2007,0003,0006,F016194,Delta de l'Ebre-El Clot - H240012000,304379,4503557,4191209,Cetona d'endrín
after_2007,0003,0006,F016194,Delta de l'Ebre-El Clot - H240012000,304379,4503557,4191210,BDE-28
after_2007,0003,0006,F016194,Delta de l'Ebre-El Clot - H240012000,304379,4503557,4191211,Quinoxifèn
after_2007,0003,0006,F016194,Delta de l'Ebre-El Clot - H240012000,304379,4503557,4191212,Aclonifèn
after_2007,0003,0006,F016194,Delta de l'Ebre-El Clot - H240012000,304379,4503557,4191213,Bifenox
after_2007,0003,0006,F016194,Delta de l'Ebre-El Clot - H240012000,304379,4503557,4191214,Cipermetrín (suma d'isòmers)
after_2007,0003,0006,F016194,Delta de l'Ebre-El Clot - H240012000,304379,4503557,4191215,Cibutrina
after_2007,0003,0006,F016194,Delta de l'Ebre-El Clot - H240012000,304379,4503557,4191216,4-n-Nonilfenol
after_2007,0003,0006,F016194,Delta de l'Ebre-El Clot - H240012000,304379,4503557,4423312,Desetilatrazina
after_2007,0003,0006,F016194,Delta de l'Ebre-El Clot - H240012000,304379,4503557,4423313,Cianazina
after_2007,0003,0006,F016194,Delta de l'Ebre-El Clot - H240012000,304379,4503557,4423314,Diuron
after_2007,0003,0006,F016194,Delta de l'Ebre-El Clot - H240012000,304379,4503557,4423315,Isoproturon
after_2007,0003,0006,F016194,Delta de l'Ebre-El Clot - H240012000,304379,4503557,4423316,Linuron
after_2007,0003,0006,F016194,Delta de l'Ebre-El Clot - H240012000,304379,4503557,4423317,Bentazona
after_2007,0003,0006,F016194,Delta de l'Ebre-El Clot - H240012000,304379,4503557,4423329,Clortoluron
after_2007,0003,0006,F016195,Delta de l'Ebre-les Olles - H240003000,306597,4517564,4191960,BDE-47
after_2007,0003,0006,F016195,Delta de l'Ebre-les Olles - H240003000,306597,4517564,4191961,BDE-99
after_2007,0003,0006,F016195,Delta de l'Ebre-les Olles - H240003000,306597,4517564,4191962,BDE-100
after_2007,0003,0006,F016195,Delta de l'Ebre-les Olles - H240003000,306597,4517564,4191963,BDE-153
after_2007,0003,0006,F016195,Delta de l'Ebre-les Olles - H240003000,306597,4517564,4191964,BDE-154
after_2007,0003,0006,F016195,Delta de l'Ebre-les Olles - H240003000,306597,4517564,4191965,Suma de PAH1
after_2007,0003,0006,F016195,Delta de l'Ebre-les Olles - H240003000,306597,4517564,4191966,Suma de PAH2
after_2007,0003,0006,F016195,Delta de l'Ebre-les Olles - H240003000,306597,4517564,4191967,Suma de DDT
after_2007,0003,0006,F016195,Delta de l'Ebre-les Olles - H240003000,306597,4517564,4191968,Bor
after_2007,0003,0006,F016195,Delta de l'Ebre-les Olles - H240003000,306597,4517564,4191969,Bari
after_2007,0003,0006,F016195,Delta de l'Ebre-les Olles - H240003000,306597,4517564,4191970,Crom
after_2007,0003,0006,F016195,Delta de l'Ebre-les Olles - H240003000,306597,4517564,4191971,Plom
after_2007,0003,0006,F016195,Delta de l'Ebre-les Olles - H240003000,306597,4517564,4191972,Zinc
after_2007,0003,0006,F016195,Delta de l'Ebre-les Olles - H240003000,306597,4517564,4191973,Cadmi
after_2007,0003,0006,F016195,Delta de l'Ebre-les Olles - H240003000,306597,4517564,4191974,Coure
after_2007,0003,0006,F016195,Delta de l'Ebre-les Olles - H240003000,306597,4517564,4191975,Ferro
after_2007,0003,0006,F016195,Delta de l'Ebre-les Olles - H240003000,306597,4517564,4191976,Cobalt
after_2007,0003,0006,F016195,Delta de l'Ebre-les Olles - H240003000,306597,4517564,4191977,Níquel
after_2007,0003,0006,F016195,Delta de l'Ebre-les Olles - H240003000,306597,4517564,4191978,Seleni
after_2007,0003,0006,F016195,Delta de l'Ebre-les Olles - H240003000,306597,4517564,4191979,Vanadi
after_2007,0003,0006,F016195,Delta de l'Ebre-les Olles - H240003000,306597,4517564,4191980,Alumini
after_2007,0003,0006,F016195,Delta de l'Ebre-les Olles - H240003000,306597,4517564,4191981,Arsènic
after_2007,0003,0006,F016195,Delta de l'Ebre-les Olles - H240003000,306597,4517564,4191982,Mercuri
after_2007,0003,0006,F016195,Delta de l'Ebre-les Olles - H240003000,306597,4517564,4191983,Molibdè
after_2007,0003,0006,F016195,Delta de l'Ebre-les Olles - H240003000,306597,4517564,4191984,Antimoni
after_2007,0003,0006,F016195,Delta de l'Ebre-les Olles - H240003000,306597,4517564,4191985,Beril·li
after_2007,0003,0006,F016195,Delta de l'Ebre-les Olles - H240003000,306597,4517564,4191986,Estronci
after_2007,0003,0006,F016195,Delta de l'Ebre-les Olles - H240003000,306597,4517564,4191987,Manganès
after_2007,0003,0006,F016195,Delta de l'Ebre-les Olles - H240003000,306597,4517564,4192166,Toluè
after_2007,0003,0006,F016195,Delta de l'Ebre-les Olles - H240003000,306597,4517564,4192167,Hexaclorobutadiè
after_2007,0003,0006,F016195,Delta de l'Ebre-les Olles - H240003000,306597,4517564,4192168,Diclorometà
after_2007,0003,0006,F016195,Delta de l'Ebre-les Olles - H240003000,306597,4517564,4192169,"trans-1,2-Dicloroetilè"
after_2007,0003,0006,F016195,Delta de l'Ebre-les Olles - H240003000,306597,4517564,4192170,"cis-1,2-Dicloroetilè"
after_2007,0003,0006,F016195,Delta de l'Ebre-les Olles - H240003000,306597,4517564,4192171,Tetraclorur de Carboni
after_2007,0003,0006,F016195,Delta de l'Ebre-les Olles - H240003000,306597,4517564,4192172,Tricloroetilè
after_2007,0003,0006,F016195,Delta de l'Ebre-les Olles - H240003000,306597,4517564,4192173,Bromodiclorometà
after_2007,0003,0006,F016195,Delta de l'Ebre-les Olles - H240003000,306597,4517564,4192174,"cis-1,3-Dicloropropè"
after_2007,0003,0006,F016195,Delta de l'Ebre-les Olles - H240003000,306597,4517564,4192175,Triclorometà
after_2007,0003,0006,F016195,Delta de l'Ebre-les Olles - H240003000,306597,4517564,4192176,"1,1,2-Tricloroetà"
after_2007,0003,0006,F016195,Delta de l'Ebre-les Olles - H240003000,306597,4517564,4192177,Tetracloroetilè
after_2007,0003,0006,F016195,Delta de l'Ebre-les Olles - H240003000,306597,4517564,4192178,Dibromoclorometà
after_2007,0003,0006,F016195,Delta de l'Ebre-les Olles - H240003000,306597,4517564,4192179,Bromoform
after_2007,0003,0006,F016195,Delta de l'Ebre-les Olles - H240003000,306597,4517564,4192180,"1,2-Dicloroetà"
after_2007,0003,0006,F016195,Delta de l'Ebre-les Olles - H240003000,306597,4517564,4192181,"1,4-Diclorobenzè"
after_2007,0003,0006,F016195,Delta de l'Ebre-les Olles - H240003000,306597,4517564,4192182,"1,2-Diclorobenzè"
after_2007,0003,0006,F016195,Delta de l'Ebre-les Olles - H240003000,306597,4517564,4192183,Suma de triclorobenzens
after_2007,0003,0006,F016195,Delta de l'Ebre-les Olles - H240003000,306597,4517564,4192184,"1,2,4-Triclorobenzè"
after_2007,0003,0006,F016195,Delta de l'Ebre-les Olles - H240003000,306597,4517564,4192185,"1,2,3-Triclorobenzè"
after_2007,0003,0006,F016195,Delta de l'Ebre-les Olles - H240003000,306597,4517564,4192186,Benzè
after_2007,0003,0006,F016195,Delta de l'Ebre-les Olles - H240003000,306597,4517564,4192187,Etilbenzè
after_2007,0003,0006,F016195,Delta de l'Ebre-les Olles - H240003000,306597,4517564,4192188,"m,p-Xilè"
after_2007,0003,0006,F016195,Delta de l'Ebre-les Olles - H240003000,306597,4517564,4192189,o-Xilè
after_2007,0003,0006,F016195,Delta de l'Ebre-les Olles - H240003000,306597,4517564,4192191,Hexaclorobenzè
after_2007,0003,0006,F016195,Delta de l'Ebre-les Olles - H240003000,306597,4517564,4192192,Clorobenzè
after_2007,0003,0006,F016195,Delta de l'Ebre-les Olles - H240003000,306597,4517564,4192193,a-Hexaclorociclohexà
after_2007,0003,0006,F016195,Delta de l'Ebre-les Olles - H240003000,306597,4517564,4192194,Lindà(g-Hexaclorociclohexà)
after_2007,0003,0006,F016195,Delta de l'Ebre-les Olles - H240003000,306597,4517564,4192195,"1,1-Dicloroetilè"
after_2007,0003,0006,F016195,Delta de l'Ebre-les Olles - H240003000,306597,4517564,4192196,"1,1-Dicloroetà"
after_2007,0003,0006,F016195,Delta de l'Ebre-les Olles - H240003000,306597,4517564,4192197,"1,1,1-Tricloroetà"
after_2007,0003,0006,F016195,Delta de l'Ebre-les Olles - H240003000,306597,4517564,4192198,"1,2-Dicloropropà"
after_2007,0003,0006,F016195,Delta de l'Ebre-les Olles - H240003000,306597,4517564,4192199,"trans-1,3-Dicloropropè"
after_2007,0003,0006,F016195,Delta de l'Ebre-les Olles - H240003000,306597,4517564,4192200,"1,1,2,2-Tetracloroetà"
after_2007,0003,0006,F016195,Delta de l'Ebre-les Olles - H240003000,306597,4517564,4192201,"1,3,5-Triclorobenzè"
after_2007,0003,0006,F016195,Delta de l'Ebre-les Olles - H240003000,306597,4517564,4192202,Heptaclor
after_2007,0003,0006,F016195,Delta de l'Ebre-les Olles - H240003000,306597,4517564,4192203,Aldrín
after_2007,0003,0006,F016195,Delta de l'Ebre-les Olles - H240003000,306597,4517564,4192204,Isodrín
after_2007,0003,0006,F016195,Delta de l'Ebre-les Olles - H240003000,306597,4517564,4192205,Epòxid d'heptaclor B
after_2007,0003,0006,F016195,Delta de l'Ebre-les Olles - H240003000,306597,4517564,4192206,Endosulfan I
after_2007,0003,0006,F016195,Delta de l'Ebre-les Olles - H240003000,306597,4517564,4192207,Dieldrín
after_2007,0003,0006,F016195,Delta de l'Ebre-les Olles - H240003000,306597,4517564,4192208,Endrín
after_2007,0003,0006,F016195,Delta de l'Ebre-les Olles - H240003000,306597,4517564,4192209,"4,4'-DDE"
after_2007,0003,0006,F016195,Delta de l'Ebre-les Olles - H240003000,306597,4517564,4192210,Endosulfan II
after_2007,0003,0006,F016195,Delta de l'Ebre-les Olles - H240003000,306597,4517564,4192211,"4,4'-DDD"
after_2007,0003,0006,F016195,Delta de l'Ebre-les Olles - H240003000,306597,4517564,4192212,Sulfat d'endosulfan
after_2007,0003,0006,F016195,Delta de l'Ebre-les Olles - H240003000,306597,4517564,4192213,"4,4'-DDT"
after_2007,0003,0006,F016195,Delta de l'Ebre-les Olles - H240003000,306597,4517564,4192214,Triclorofluorometà
after_2007,0003,0006,F016195,Delta de l'Ebre-les Olles - H240003000,306597,4517564,4192215,"1,3-diclorobenzè"
after_2007,0003,0006,F016195,Delta de l'Ebre-les Olles - H240003000,306597,4517564,4192216,Naftalè
after_2007,0003,0006,F016195,Delta de l'Ebre-les Olles - H240003000,306597,4517564,4192217,Diazinon
after_2007,0003,0006,F016195,Delta de l'Ebre-les Olles - H240003000,306597,4517564,4192218,Paration de metil
after_2007,0003,0006,F016195,Delta de l'Ebre-les Olles - H240003000,306597,4517564,4192219,Fenitrotion
after_2007,0003,0006,F016195,Delta de l'Ebre-les Olles - H240003000,306597,4517564,4192220,Malation
after_2007,0003,0006,F016195,Delta de l'Ebre-les Olles - H240003000,306597,4517564,4192221,Clorpirifòs
after_2007,0003,0006,F016195,Delta de l'Ebre-les Olles - H240003000,306597,4517564,4192222,Paration
after_2007,0003,0006,F016195,Delta de l'Ebre-les Olles - H240003000,306597,4517564,4192223,Clorfenvinfòs (suma d'isòmers)
after_2007,0003,0006,F016195,Delta de l'Ebre-les Olles - H240003000,306597,4517564,4192224,Etion
after_2007,0003,0006,F016195,Delta de l'Ebre-les Olles - H240003000,306597,4517564,4192225,Azinfòs d'etil
after_2007,0003,0006,F016195,Delta de l'Ebre-les Olles - H240003000,306597,4517564,4192226,Simazina
after_2007,0003,0006,F016195,Delta de l'Ebre-les Olles - H240003000,306597,4517564,4192227,Atrazina
after_2007,0003,0006,F016195,Delta de l'Ebre-les Olles - H240003000,306597,4517564,4192228,Propazina
after_2007,0003,0006,F016195,Delta de l'Ebre-les Olles - H240003000,306597,4517564,4192229,Terbutrina
after_2007,0003,0006,F016195,Delta de l'Ebre-les Olles - H240003000,306597,4517564,4192230,Antracè
after_2007,0003,0006,F016195,Delta de l'Ebre-les Olles - H240003000,306597,4517564,4192231,Fluorantè
after_2007,0003,0006,F016195,Delta de l'Ebre-les Olles - H240003000,306597,4517564,4192232,Benzo(b)fluorantè
after_2007,0003,0006,F016195,Delta de l'Ebre-les Olles - H240003000,306597,4517564,4192233,Benzo(k)fluorantè
after_2007,0003,0006,F016195,Delta de l'Ebre-les Olles - H240003000,306597,4517564,4192234,Benzo(a)pirè
after_2007,0003,0006,F016195,Delta de l'Ebre-les Olles - H240003000,306597,4517564,4192235,"Indeno(1,2,3-cd)pirè"
after_2007,0003,0006,F016195,Delta de l'Ebre-les Olles - H240003000,306597,4517564,4192236,Benzo(ghi)perilè
after_2007,0003,0006,F016195,Delta de l'Ebre-les Olles - H240003000,306597,4517564,4192237,Suma d'al-diel-iso-endrín
after_2007,0003,0006,F016195,Delta de l'Ebre-les Olles - H240003000,306597,4517564,4192238,Suma d'Organofosforats
after_2007,0003,0006,F016195,Delta de l'Ebre-les Olles - H240003000,306597,4517564,4192239,Suma de plaguicides clorats
after_2007,0003,0006,F016195,Delta de l'Ebre-les Olles - H240003000,306597,4517564,4192240,Suma de triazines
after_2007,0003,0006,F016195,Delta de l'Ebre-les Olles - H240003000,306597,4517564,4192241,Trifluralina
after_2007,0003,0006,F016195,Delta de l'Ebre-les Olles - H240003000,306597,4517564,4192242,Molinat
after_2007,0003,0006,F016195,Delta de l'Ebre-les Olles - H240003000,306597,4517564,4192243,Terbutilazina
after_2007,0003,0006,F016195,Delta de l'Ebre-les Olles - H240003000,306597,4517564,4192244,Alaclor
after_2007,0003,0006,F016195,Delta de l'Ebre-les Olles - H240003000,306597,4517564,4192245,Pentaclorobenzè
after_2007,0003,0006,F016195,Delta de l'Ebre-les Olles - H240003000,306597,4517564,4192246,tert-Octilfenol
after_2007,0003,0006,F016195,Delta de l'Ebre-les Olles - H240003000,306597,4517564,4192247,NPEO(e=0)
after_2007,0003,0006,F016195,Delta de l'Ebre-les Olles - H240003000,306597,4517564,4192248,"2,4'-DDT"
after_2007,0003,0006,F016195,Delta de l'Ebre-les Olles - H240003000,306597,4517564,4192249,"2,4'-DDE"
after_2007,0003,0006,F016195,Delta de l'Ebre-les Olles - H240003000,306597,4517564,4192250,"2,4'-DDD"
after_2007,0003,0006,F016195,Delta de l'Ebre-les Olles - H240003000,306597,4517564,4192251,Metolaclor
after_2007,0003,0006,F016195,Delta de l'Ebre-les Olles - H240003000,306597,4517564,4192252,Epòxid d'heptaclor A
after_2007,0003,0006,F016195,Delta de l'Ebre-les Olles - H240003000,306597,4517564,4192253,Suma de diclorobenzens
after_2007,0003,0006,F016195,Delta de l'Ebre-les Olles - H240003000,306597,4517564,4192254,Cetona d'endrín
after_2007,0003,0006,F016195,Delta de l'Ebre-les Olles - H240003000,306597,4517564,4192255,BDE-28
after_2007,0003,0006,F016195,Delta de l'Ebre-les Olles - H240003000,306597,4517564,4192256,Quinoxifèn
after_2007,0003,0006,F016195,Delta de l'Ebre-les Olles - H240003000,306597,4517564,4192257,Aclonifèn
after_2007,0003,0006,F016195,Delta de l'Ebre-les Olles - H240003000,306597,4517564,4192258,Bifenox
after_2007,0003,0006,F016195,Delta de l'Ebre-les Olles - H240003000,306597,4517564,4192259,Cipermetrín (suma d'isòmers)
after_2007,0003,0006,F016195,Delta de l'Ebre-les Olles - H240003000,306597,4517564,4192260,Cibutrina
after_2007,0003,0006,F016195,Delta de l'Ebre-les Olles - H240003000,306597,4517564,4192261,4-n-Nonilfenol
after_2007,0003,0006,F016196,Delta de l'Ebre-La Tancada - H240010000,307262,4502581,4191988,BDE-47
after_2007,0003,0006,F016196,Delta de l'Ebre-La Tancada - H240010000,307262,4502581,4191989,BDE-99
after_2007,0003,0006,F016196,Delta de l'Ebre-La Tancada - H240010000,307262,4502581,4191990,BDE-100
after_2007,0003,0006,F016196,Delta de l'Ebre-La Tancada - H240010000,307262,4502581,4191991,BDE-153
after_2007,0003,0006,F016196,Delta de l'Ebre-La Tancada - H240010000,307262,4502581,4191992,BDE-154
after_2007,0003,0006,F016196,Delta de l'Ebre-La Tancada - H240010000,307262,4502581,4191993,Suma de PAH1
after_2007,0003,0006,F016196,Delta de l'Ebre-La Tancada - H240010000,307262,4502581,4191994,Suma de PAH2
after_2007,0003,0006,F016196,Delta de l'Ebre-La Tancada - H240010000,307262,4502581,4191995,Suma de DDT
after_2007,0003,0006,F016196,Delta de l'Ebre-La Tancada - H240010000,307262,4502581,4191996,Bor
after_2007,0003,0006,F016196,Delta de l'Ebre-La Tancada - H240010000,307262,4502581,4191997,Bari
after_2007,0003,0006,F016196,Delta de l'Ebre-La Tancada - H240010000,307262,4502581,4191998,Crom
after_2007,0003,0006,F016196,Delta de l'Ebre-La Tancada - H240010000,307262,4502581,4191999,Plom
after_2007,0003,0006,F016196,Delta de l'Ebre-La Tancada - H240010000,307262,4502581,4192000,Zinc
after_2007,0003,0006,F016196,Delta de l'Ebre-La Tancada - H240010000,307262,4502581,4192001,Cadmi
after_2007,0003,0006,F016196,Delta de l'Ebre-La Tancada - H240010000,307262,4502581,4192002,Coure
after_2007,0003,0006,F016196,Delta de l'Ebre-La Tancada - H240010000,307262,4502581,4192003,Ferro
after_2007,0003,0006,F016196,Delta de l'Ebre-La Tancada - H240010000,307262,4502581,4192004,Cobalt
after_2007,0003,0006,F016196,Delta de l'Ebre-La Tancada - H240010000,307262,4502581,4192005,Níquel
after_2007,0003,0006,F016196,Delta de l'Ebre-La Tancada - H240010000,307262,4502581,4192006,Seleni
after_2007,0003,0006,F016196,Delta de l'Ebre-La Tancada - H240010000,307262,4502581,4192007,Vanadi
after_2007,0003,0006,F016196,Delta de l'Ebre-La Tancada - H240010000,307262,4502581,4192008,Alumini
after_2007,0003,0006,F016196,Delta de l'Ebre-La Tancada - H240010000,307262,4502581,4192009,Arsènic
after_2007,0003,0006,F016196,Delta de l'Ebre-La Tancada - H240010000,307262,4502581,4192010,Mercuri
after_2007,0003,0006,F016196,Delta de l'Ebre-La Tancada - H240010000,307262,4502581,4192011,Molibdè
after_2007,0003,0006,F016196,Delta de l'Ebre-La Tancada - H240010000,307262,4502581,4192012,Antimoni
after_2007,0003,0006,F016196,Delta de l'Ebre-La Tancada - H240010000,307262,4502581,4192013,Beril·li
after_2007,0003,0006,F016196,Delta de l'Ebre-La Tancada - H240010000,307262,4502581,4192014,Estronci
after_2007,0003,0006,F016196,Delta de l'Ebre-La Tancada - H240010000,307262,4502581,4192015,Manganès
after_2007,0003,0006,F016196,Delta de l'Ebre-La Tancada - H240010000,307262,4502581,4192266,Toluè
after_2007,0003,0006,F016196,Delta de l'Ebre-La Tancada - H240010000,307262,4502581,4192267,Hexaclorobutadiè
after_2007,0003,0006,F016196,Delta de l'Ebre-La Tancada - H240010000,307262,4502581,4192268,Diclorometà
after_2007,0003,0006,F016196,Delta de l'Ebre-La Tancada - H240010000,307262,4502581,4192269,"trans-1,2-Dicloroetilè"
after_2007,0003,0006,F016196,Delta de l'Ebre-La Tancada - H240010000,307262,4502581,4192270,"cis-1,2-Dicloroetilè"
after_2007,0003,0006,F016196,Delta de l'Ebre-La Tancada - H240010000,307262,4502581,4192271,Tetraclorur de Carboni
after_2007,0003,0006,F016196,Delta de l'Ebre-La Tancada - H240010000,307262,4502581,4192272,Tricloroetilè
after_2007,0003,0006,F016196,Delta de l'Ebre-La Tancada - H240010000,307262,4502581,4192273,Bromodiclorometà
after_2007,0003,0006,F016196,Delta de l'Ebre-La Tancada - H240010000,307262,4502581,4192274,"cis-1,3-Dicloropropè"
after_2007,0003,0006,F016196,Delta de l'Ebre-La Tancada - H240010000,307262,4502581,4192275,Triclorometà
after_2007,0003,0006,F016196,Delta de l'Ebre-La Tancada - H240010000,307262,4502581,4192276,"1,1,2-Tricloroetà"
after_2007,0003,0006,F016196,Delta de l'Ebre-La Tancada - H240010000,307262,4502581,4192277,Tetracloroetilè
after_2007,0003,0006,F016196,Delta de l'Ebre-La Tancada - H240010000,307262,4502581,4192278,Dibromoclorometà
after_2007,0003,0006,F016196,Delta de l'Ebre-La Tancada - H240010000,307262,4502581,4192279,Bromoform
after_2007,0003,0006,F016196,Delta de l'Ebre-La Tancada - H240010000,307262,4502581,4192280,"1,2-Dicloroetà"
after_2007,0003,0006,F016196,Delta de l'Ebre-La Tancada - H240010000,307262,4502581,4192281,"1,4-Diclorobenzè"
after_2007,0003,0006,F016196,Delta de l'Ebre-La Tancada - H240010000,307262,4502581,4192282,"1,2-Diclorobenzè"
after_2007,0003,0006,F016196,Delta de l'Ebre-La Tancada - H240010000,307262,4502581,4192283,Suma de triclorobenzens
after_2007,0003,0006,F016196,Delta de l'Ebre-La Tancada - H240010000,307262,4502581,4192284,"1,2,4-Triclorobenzè"
after_2007,0003,0006,F016196,Delta de l'Ebre-La Tancada - H240010000,307262,4502581,4192285,"1,2,3-Triclorobenzè"
after_2007,0003,0006,F016196,Delta de l'Ebre-La Tancada - H240010000,307262,4502581,4192286,Benzè
after_2007,0003,0006,F016196,Delta de l'Ebre-La Tancada - H240010000,307262,4502581,4192287,Etilbenzè
after_2007,0003,0006,F016196,Delta de l'Ebre-La Tancada - H240010000,307262,4502581,4192288,"m,p-Xilè"
after_2007,0003,0006,F016196,Delta de l'Ebre-La Tancada - H240010000,307262,4502581,4192289,o-Xilè
after_2007,0003,0006,F016196,Delta de l'Ebre-La Tancada - H240010000,307262,4502581,4192291,Hexaclorobenzè
after_2007,0003,0006,F016196,Delta de l'Ebre-La Tancada - H240010000,307262,4502581,4192292,Clorobenzè
after_2007,0003,0006,F016196,Delta de l'Ebre-La Tancada - H240010000,307262,4502581,4192293,a-Hexaclorociclohexà
after_2007,0003,0006,F016196,Delta de l'Ebre-La Tancada - H240010000,307262,4502581,4192294,Lindà(g-Hexaclorociclohexà)
after_2007,0003,0006,F016196,Delta de l'Ebre-La Tancada - H240010000,307262,4502581,4192295,"1,1-Dicloroetilè"
after_2007,0003,0006,F016196,Delta de l'Ebre-La Tancada - H240010000,307262,4502581,4192296,"1,1-Dicloroetà"
after_2007,0003,0006,F016196,Delta de l'Ebre-La Tancada - H240010000,307262,4502581,4192297,"1,1,1-Tricloroetà"
after_2007,0003,0006,F016196,Delta de l'Ebre-La Tancada - H240010000,307262,4502581,4192298,"1,2-Dicloropropà"
after_2007,0003,0006,F016196,Delta de l'Ebre-La Tancada - H240010000,307262,4502581,4192299,"trans-1,3-Dicloropropè"
after_2007,0003,0006,F016196,Delta de l'Ebre-La Tancada - H240010000,307262,4502581,4192300,"1,1,2,2-Tetracloroetà"
after_2007,0003,0006,F016196,Delta de l'Ebre-La Tancada - H240010000,307262,4502581,4192301,"1,3,5-Triclorobenzè"
after_2007,0003,0006,F016196,Delta de l'Ebre-La Tancada - H240010000,307262,4502581,4192302,Heptaclor
after_2007,0003,0006,F016196,Delta de l'Ebre-La Tancada - H240010000,307262,4502581,4192303,Aldrín
after_2007,0003,0006,F016196,Delta de l'Ebre-La Tancada - H240010000,307262,4502581,4192304,Isodrín
after_2007,0003,0006,F016196,Delta de l'Ebre-La Tancada - H240010000,307262,4502581,4192305,Epòxid d'heptaclor B
after_2007,0003,0006,F016196,Delta de l'Ebre-La Tancada - H240010000,307262,4502581,4192306,Endosulfan I
after_2007,0003,0006,F016196,Delta de l'Ebre-La Tancada - H240010000,307262,4502581,4192307,Dieldrín
after_2007,0003,0006,F016196,Delta de l'Ebre-La Tancada - H240010000,307262,4502581,4192308,Endrín
after_2007,0003,0006,F016196,Delta de l'Ebre-La Tancada - H240010000,307262,4502581,4192309,"4,4'-DDE"
after_2007,0003,0006,F016196,Delta de l'Ebre-La Tancada - H240010000,307262,4502581,4192310,Endosulfan II
after_2007,0003,0006,F016196,Delta de l'Ebre-La Tancada - H240010000,307262,4502581,4192311,"4,4'-DDD"
after_2007,0003,0006,F016196,Delta de l'Ebre-La Tancada - H240010000,307262,4502581,4192312,Sulfat d'endosulfan
after_2007,0003,0006,F016196,Delta de l'Ebre-La Tancada - H240010000,307262,4502581,4192313,"4,4'-DDT"
after_2007,0003,0006,F016196,Delta de l'Ebre-La Tancada - H240010000,307262,4502581,4192314,Triclorofluorometà
after_2007,0003,0006,F016196,Delta de l'Ebre-La Tancada - H240010000,307262,4502581,4192315,"1,3-diclorobenzè"
after_2007,0003,0006,F016196,Delta de l'Ebre-La Tancada - H240010000,307262,4502581,4192316,Naftalè
after_2007,0003,0006,F016196,Delta de l'Ebre-La Tancada - H240010000,307262,4502581,4192317,Diazinon
after_2007,0003,0006,F016196,Delta de l'Ebre-La Tancada - H240010000,307262,4502581,4192318,Paration de metil
after_2007,0003,0006,F016196,Delta de l'Ebre-La Tancada - H240010000,307262,4502581,4192319,Fenitrotion
after_2007,0003,0006,F016196,Delta de l'Ebre-La Tancada - H240010000,307262,4502581,4192320,Malation
after_2007,0003,0006,F016196,Delta de l'Ebre-La Tancada - H240010000,307262,4502581,4192321,Clorpirifòs
after_2007,0003,0006,F016196,Delta de l'Ebre-La Tancada - H240010000,307262,4502581,4192322,Paration
after_2007,0003,0006,F016196,Delta de l'Ebre-La Tancada - H240010000,307262,4502581,4192323,Clorfenvinfòs (suma d'isòmers)
after_2007,0003,0006,F016196,Delta de l'Ebre-La Tancada - H240010000,307262,4502581,4192324,Etion
after_2007,0003,0006,F016196,Delta de l'Ebre-La Tancada - H240010000,307262,4502581,4192325,Azinfòs d'etil
after_2007,0003,0006,F016196,Delta de l'Ebre-La Tancada - H240010000,307262,4502581,4192326,Simazina
after_2007,0003,0006,F016196,Delta de l'Ebre-La Tancada - H240010000,307262,4502581,4192327,Atrazina
after_2007,0003,0006,F016196,Delta de l'Ebre-La Tancada - H240010000,307262,4502581,4192328,Propazina
after_2007,0003,0006,F016196,Delta de l'Ebre-La Tancada - H240010000,307262,4502581,4192329,Terbutrina
after_2007,0003,0006,F016196,Delta de l'Ebre-La Tancada - H240010000,307262,4502581,4192330,Antracè
after_2007,0003,0006,F016196,Delta de l'Ebre-La Tancada - H240010000,307262,4502581,4192331,Fluorantè
after_2007,0003,0006,F016196,Delta de l'Ebre-La Tancada - H240010000,307262,4502581,4192332,Benzo(b)fluorantè
after_2007,0003,0006,F016196,Delta de l'Ebre-La Tancada - H240010000,307262,4502581,4192333,Benzo(k)fluorantè
after_2007,0003,0006,F016196,Delta de l'Ebre-La Tancada - H240010000,307262,4502581,4192334,Benzo(a)pirè
after_2007,0003,0006,F016196,Delta de l'Ebre-La Tancada - H240010000,307262,4502581,4192335,"Indeno(1,2,3-cd)pirè"
after_2007,0003,0006,F016196,Delta de l'Ebre-La Tancada - H240010000,307262,4502581,4192336,Benzo(ghi)perilè
after_2007,0003,0006,F016196,Delta de l'Ebre-La Tancada - H240010000,307262,4502581,4192337,Suma d'al-diel-iso-endrín
after_2007,0003,0006,F016196,Delta de l'Ebre-La Tancada - H240010000,307262,4502581,4192338,Suma d'Organofosforats
after_2007,0003,0006,F016196,Delta de l'Ebre-La Tancada - H240010000,307262,4502581,4192339,Suma de plaguicides clorats
after_2007,0003,0006,F016196,Delta de l'Ebre-La Tancada - H240010000,307262,4502581,4192340,Suma de triazines
after_2007,0003,0006,F016196,Delta de l'Ebre-La Tancada - H240010000,307262,4502581,4192341,Trifluralina
after_2007,0003,0006,F016196,Delta de l'Ebre-La Tancada - H240010000,307262,4502581,4192342,Molinat
after_2007,0003,0006,F016196,Delta de l'Ebre-La Tancada - H240010000,307262,4502581,4192343,Terbutilazina
after_2007,0003,0006,F016196,Delta de l'Ebre-La Tancada - H240010000,307262,4502581,4192344,Alaclor
after_2007,0003,0006,F016196,Delta de l'Ebre-La Tancada - H240010000,307262,4502581,4192345,Pentaclorobenzè
after_2007,0003,0006,F016196,Delta de l'Ebre-La Tancada - H240010000,307262,4502581,4192346,tert-Octilfenol
after_2007,0003,0006,F016196,Delta de l'Ebre-La Tancada - H240010000,307262,4502581,4192347,NPEO(e=0)
after_2007,0003,0006,F016196,Delta de l'Ebre-La Tancada - H240010000,307262,4502581,4192348,"2,4'-DDT"
after_2007,0003,0006,F016196,Delta de l'Ebre-La Tancada - H240010000,307262,4502581,4192349,"2,4'-DDE"
after_2007,0003,0006,F016196,Delta de l'Ebre-La Tancada - H240010000,307262,4502581,4192350,"2,4'-DDD"
after_2007,0003,0006,F016196,Delta de l'Ebre-La Tancada - H240010000,307262,4502581,4192351,Metolaclor
after_2007,0003,0006,F016196,Delta de l'Ebre-La Tancada - H240010000,307262,4502581,4192352,Epòxid d'heptaclor A
after_2007,0003,0006,F016196,Delta de l'Ebre-La Tancada - H240010000,307262,4502581,4192353,Suma de diclorobenzens
after_2007,0003,0006,F016196,Delta de l'Ebre-La Tancada - H240010000,307262,4502581,4192354,Cetona d'endrín
after_2007,0003,0006,F016196,Delta de l'Ebre-La Tancada - H240010000,307262,4502581,4192355,BDE-28
after_2007,0003,0006,F016196,Delta de l'Ebre-La Tancada - H240010000,307262,4502581,4192356,Quinoxifèn
after_2007,0003,0006,F016196,Delta de l'Ebre-La Tancada - H240010000,307262,4502581,4192357,Aclonifèn
after_2007,0003,0006,F016196,Delta de l'Ebre-La Tancada - H240010000,307262,4502581,4192358,Bifenox
after_2007,0003,0006,F016196,Delta de l'Ebre-La Tancada - H240010000,307262,4502581,4192359,Cipermetrín (suma d'isòmers)
after_2007,0003,0006,F016196,Delta de l'Ebre-La Tancada - H240010000,307262,4502581,4192360,Cibutrina
after_2007,0003,0006,F016196,Delta de l'Ebre-La Tancada - H240010000,307262,4502581,4192361,4-n-Nonilfenol
after_2007,0003,0006,F016196,Delta de l'Ebre-La Tancada - H240010000,307262,4502581,4423276,Desetilatrazina
after_2007,0003,0006,F016196,Delta de l'Ebre-La Tancada - H240010000,307262,4502581,4423277,Cianazina
after_2007,0003,0006,F016196,Delta de l'Ebre-La Tancada - H240010000,307262,4502581,4423278,Diuron
after_2007,0003,0006,F016196,Delta de l'Ebre-La Tancada - H240010000,307262,4502581,4423279,Isoproturon
after_2007,0003,0006,F016196,Delta de l'Ebre-La Tancada - H240010000,307262,4502581,4423280,Linuron
after_2007,0003,0006,F016196,Delta de l'Ebre-La Tancada - H240010000,307262,4502581,4423281,Bentazona
after_2007,0003,0006,F016196,Delta de l'Ebre-La Tancada - H240010000,307262,4502581,4423293,Clortoluron
after_2007,0003,0006,F016198,Delta de l'Ebre-Riet Vell - H240009000,311999,4503634,4278129,BDE-47
after_2007,0003,0006,F016198,Delta de l'Ebre-Riet Vell - H240009000,311999,4503634,4278130,BDE-99
after_2007,0003,0006,F016198,Delta de l'Ebre-Riet Vell - H240009000,311999,4503634,4278131,BDE-100
after_2007,0003,0006,F016198,Delta de l'Ebre-Riet Vell - H240009000,311999,4503634,4278132,BDE-153
after_2007,0003,0006,F016198,Delta de l'Ebre-Riet Vell - H240009000,311999,4503634,4278133,BDE-154
after_2007,0003,0006,F016198,Delta de l'Ebre-Riet Vell - H240009000,311999,4503634,4278134,Suma de PAH1
after_2007,0003,0006,F016198,Delta de l'Ebre-Riet Vell - H240009000,311999,4503634,4278135,Suma de PAH2
after_2007,0003,0006,F016198,Delta de l'Ebre-Riet Vell - H240009000,311999,4503634,4278136,Suma de DDT
after_2007,0003,0006,F016198,Delta de l'Ebre-Riet Vell - H240009000,311999,4503634,4278137,Bor
after_2007,0003,0006,F016198,Delta de l'Ebre-Riet Vell - H240009000,311999,4503634,4278138,Bari
after_2007,0003,0006,F016198,Delta de l'Ebre-Riet Vell - H240009000,311999,4503634,4278139,Crom
after_2007,0003,0006,F016198,Delta de l'Ebre-Riet Vell - H240009000,311999,4503634,4278140,Plom
after_2007,0003,0006,F016198,Delta de l'Ebre-Riet Vell - H240009000,311999,4503634,4278141,Zinc
after_2007,0003,0006,F016198,Delta de l'Ebre-Riet Vell - H240009000,311999,4503634,4278142,Cadmi
after_2007,0003,0006,F016198,Delta de l'Ebre-Riet Vell - H240009000,311999,4503634,4278143,Coure
after_2007,0003,0006,F016198,Delta de l'Ebre-Riet Vell - H240009000,311999,4503634,4278144,Ferro
after_2007,0003,0006,F016198,Delta de l'Ebre-Riet Vell - H240009000,311999,4503634,4278145,Cobalt
after_2007,0003,0006,F016198,Delta de l'Ebre-Riet Vell - H240009000,311999,4503634,4278146,Níquel
after_2007,0003,0006,F016198,Delta de l'Ebre-Riet Vell - H240009000,311999,4503634,4278147,Seleni
after_2007,0003,0006,F016198,Delta de l'Ebre-Riet Vell - H240009000,311999,4503634,4278148,Vanadi
after_2007,0003,0006,F016198,Delta de l'Ebre-Riet Vell - H240009000,311999,4503634,4278149,Alumini
after_2007,0003,0006,F016198,Delta de l'Ebre-Riet Vell - H240009000,311999,4503634,4278150,Arsènic
after_2007,0003,0006,F016198,Delta de l'Ebre-Riet Vell - H240009000,311999,4503634,4278151,Mercuri
after_2007,0003,0006,F016198,Delta de l'Ebre-Riet Vell - H240009000,311999,4503634,4278152,Molibdè
after_2007,0003,0006,F016198,Delta de l'Ebre-Riet Vell - H240009000,311999,4503634,4278153,Antimoni
after_2007,0003,0006,F016198,Delta de l'Ebre-Riet Vell - H240009000,311999,4503634,4278154,Beril·li
after_2007,0003,0006,F016198,Delta de l'Ebre-Riet Vell - H240009000,311999,4503634,4278155,Estronci
after_2007,0003,0006,F016198,Delta de l'Ebre-Riet Vell - H240009000,311999,4503634,4278156,Manganès
after_2007,0003,0006,F016198,Delta de l'Ebre-Riet Vell - H240009000,311999,4503634,4278419,Toluè
after_2007,0003,0006,F016198,Delta de l'Ebre-Riet Vell - H240009000,311999,4503634,4278420,Hexaclorobutadiè
after_2007,0003,0006,F016198,Delta de l'Ebre-Riet Vell - H240009000,311999,4503634,4278421,Diclorometà
after_2007,0003,0006,F016198,Delta de l'Ebre-Riet Vell - H240009000,311999,4503634,4278422,"trans-1,2-Dicloroetilè"
after_2007,0003,0006,F016198,Delta de l'Ebre-Riet Vell - H240009000,311999,4503634,4278423,"cis-1,2-Dicloroetilè"
after_2007,0003,0006,F016198,Delta de l'Ebre-Riet Vell - H240009000,311999,4503634,4278424,Tetraclorur de Carboni
after_2007,0003,0006,F016198,Delta de l'Ebre-Riet Vell - H240009000,311999,4503634,4278425,Tricloroetilè
after_2007,0003,0006,F016198,Delta de l'Ebre-Riet Vell - H240009000,311999,4503634,4278426,Bromodiclorometà
after_2007,0003,0006,F016198,Delta de l'Ebre-Riet Vell - H240009000,311999,4503634,4278427,"cis-1,3-Dicloropropè"
after_2007,0003,0006,F016198,Delta de l'Ebre-Riet Vell - H240009000,311999,4503634,4278428,Triclorometà
after_2007,0003,0006,F016198,Delta de l'Ebre-Riet Vell - H240009000,311999,4503634,4278429,"1,1,2-Tricloroetà"
after_2007,0003,0006,F016198,Delta de l'Ebre-Riet Vell - H240009000,311999,4503634,4278430,Tetracloroetilè
after_2007,0003,0006,F016198,Delta de l'Ebre-Riet Vell - H240009000,311999,4503634,4278431,Dibromoclorometà
after_2007,0003,0006,F016198,Delta de l'Ebre-Riet Vell - H240009000,311999,4503634,4278432,Bromoform
after_2007,0003,0006,F016198,Delta de l'Ebre-Riet Vell - H240009000,311999,4503634,4278433,"1,2-Dicloroetà"
after_2007,0003,0006,F016198,Delta de l'Ebre-Riet Vell - H240009000,311999,4503634,4278434,"1,4-Diclorobenzè"
after_2007,0003,0006,F016198,Delta de l'Ebre-Riet Vell - H240009000,311999,4503634,4278435,"1,2-Diclorobenzè"
after_2007,0003,0006,F016198,Delta de l'Ebre-Riet Vell - H240009000,311999,4503634,4278436,Suma de triclorobenzens
after_2007,0003,0006,F016198,Delta de l'Ebre-Riet Vell - H240009000,311999,4503634,4278437,"1,2,4-Triclorobenzè"
after_2007,0003,0006,F016198,Delta de l'Ebre-Riet Vell - H240009000,311999,4503634,4278438,"1,2,3-Triclorobenzè"
after_2007,0003,0006,F016198,Delta de l'Ebre-Riet Vell - H240009000,311999,4503634,4278439,Benzè
after_2007,0003,0006,F016198,Delta de l'Ebre-Riet Vell - H240009000,311999,4503634,4278440,Etilbenzè
after_2007,0003,0006,F016198,Delta de l'Ebre-Riet Vell - H240009000,311999,4503634,4278441,"m,p-Xilè"
after_2007,0003,0006,F016198,Delta de l'Ebre-Riet Vell - H240009000,311999,4503634,4278442,o-Xilè
after_2007,0003,0006,F016198,Delta de l'Ebre-Riet Vell - H240009000,311999,4503634,4278443,Hexaclorobenzè
after_2007,0003,0006,F016198,Delta de l'Ebre-Riet Vell - H240009000,311999,4503634,4278444,Clorobenzè
after_2007,0003,0006,F016198,Delta de l'Ebre-Riet Vell - H240009000,311999,4503634,4278445,a-Hexaclorociclohexà
after_2007,0003,0006,F016198,Delta de l'Ebre-Riet Vell - H240009000,311999,4503634,4278446,Lindà(g-Hexaclorociclohexà)
after_2007,0003,0006,F016198,Delta de l'Ebre-Riet Vell - H240009000,311999,4503634,4278447,"1,1-Dicloroetilè"
after_2007,0003,0006,F016198,Delta de l'Ebre-Riet Vell - H240009000,311999,4503634,4278448,"1,1-Dicloroetà"
after_2007,0003,0006,F016198,Delta de l'Ebre-Riet Vell - H240009000,311999,4503634,4278449,"1,1,1-Tricloroetà"
after_2007,0003,0006,F016198,Delta de l'Ebre-Riet Vell - H240009000,311999,4503634,4278450,"1,2-Dicloropropà"
after_2007,0003,0006,F016198,Delta de l'Ebre-Riet Vell - H240009000,311999,4503634,4278451,"trans-1,3-Dicloropropè"
after_2007,0003,0006,F016198,Delta de l'Ebre-Riet Vell - H240009000,311999,4503634,4278452,"1,1,2,2-Tetracloroetà"
after_2007,0003,0006,F016198,Delta de l'Ebre-Riet Vell - H240009000,311999,4503634,4278453,"1,3,5-Triclorobenzè"
after_2007,0003,0006,F016198,Delta de l'Ebre-Riet Vell - H240009000,311999,4503634,4278454,Heptaclor
after_2007,0003,0006,F016198,Delta de l'Ebre-Riet Vell - H240009000,311999,4503634,4278455,Aldrín
after_2007,0003,0006,F016198,Delta de l'Ebre-Riet Vell - H240009000,311999,4503634,4278456,Isodrín
after_2007,0003,0006,F016198,Delta de l'Ebre-Riet Vell - H240009000,311999,4503634,4278457,Epòxid d'heptaclor B
after_2007,0003,0006,F016198,Delta de l'Ebre-Riet Vell - H240009000,311999,4503634,4278458,Endosulfan I
after_2007,0003,0006,F016198,Delta de l'Ebre-Riet Vell - H240009000,311999,4503634,4278459,Dieldrín
after_2007,0003,0006,F016198,Delta de l'Ebre-Riet Vell - H240009000,311999,4503634,4278460,Endrín
after_2007,0003,0006,F016198,Delta de l'Ebre-Riet Vell - H240009000,311999,4503634,4278461,"4,4'-DDE"
after_2007,0003,0006,F016198,Delta de l'Ebre-Riet Vell - H240009000,311999,4503634,4278462,Endosulfan II
after_2007,0003,0006,F016198,Delta de l'Ebre-Riet Vell - H240009000,311999,4503634,4278463,"4,4'-DDD"
after_2007,0003,0006,F016198,Delta de l'Ebre-Riet Vell - H240009000,311999,4503634,4278464,Sulfat d'endosulfan
after_2007,0003,0006,F016198,Delta de l'Ebre-Riet Vell - H240009000,311999,4503634,4278465,"4,4'-DDT"
after_2007,0003,0006,F016198,Delta de l'Ebre-Riet Vell - H240009000,311999,4503634,4278466,Triclorofluorometà
after_2007,0003,0006,F016198,Delta de l'Ebre-Riet Vell - H240009000,311999,4503634,4278467,"1,3-diclorobenzè"
after_2007,0003,0006,F016198,Delta de l'Ebre-Riet Vell - H240009000,311999,4503634,4278468,Naftalè
after_2007,0003,0006,F016198,Delta de l'Ebre-Riet Vell - H240009000,311999,4503634,4278469,Diazinon
after_2007,0003,0006,F016198,Delta de l'Ebre-Riet Vell - H240009000,311999,4503634,4278470,Paration de metil
after_2007,0003,0006,F016198,Delta de l'Ebre-Riet Vell - H240009000,311999,4503634,4278471,Fenitrotion
after_2007,0003,0006,F016198,Delta de l'Ebre-Riet Vell - H240009000,311999,4503634,4278472,Malation
after_2007,0003,0006,F016198,Delta de l'Ebre-Riet Vell - H240009000,311999,4503634,4278473,Clorpirifòs
after_2007,0003,0006,F016198,Delta de l'Ebre-Riet Vell - H240009000,311999,4503634,4278474,Paration
after_2007,0003,0006,F016198,Delta de l'Ebre-Riet Vell - H240009000,311999,4503634,4278475,Clorfenvinfòs (suma d'isòmers)
after_2007,0003,0006,F016198,Delta de l'Ebre-Riet Vell - H240009000,311999,4503634,4278476,Etion
after_2007,0003,0006,F016198,Delta de l'Ebre-Riet Vell - H240009000,311999,4503634,4278477,Azinfòs d'etil
after_2007,0003,0006,F016198,Delta de l'Ebre-Riet Vell - H240009000,311999,4503634,4278478,Simazina
after_2007,0003,0006,F016198,Delta de l'Ebre-Riet Vell - H240009000,311999,4503634,4278479,Atrazina
after_2007,0003,0006,F016198,Delta de l'Ebre-Riet Vell - H240009000,311999,4503634,4278480,Propazina
after_2007,0003,0006,F016198,Delta de l'Ebre-Riet Vell - H240009000,311999,4503634,4278481,Terbutrina
after_2007,0003,0006,F016198,Delta de l'Ebre-Riet Vell - H240009000,311999,4503634,4278482,Antracè
after_2007,0003,0006,F016198,Delta de l'Ebre-Riet Vell - H240009000,311999,4503634,4278483,Fluorantè
after_2007,0003,0006,F016198,Delta de l'Ebre-Riet Vell - H240009000,311999,4503634,4278484,Benzo(b)fluorantè
after_2007,0003,0006,F016198,Delta de l'Ebre-Riet Vell - H240009000,311999,4503634,4278485,Benzo(k)fluorantè
after_2007,0003,0006,F016198,Delta de l'Ebre-Riet Vell - H240009000,311999,4503634,4278486,Benzo(a)pirè
after_2007,0003,0006,F016198,Delta de l'Ebre-Riet Vell - H240009000,311999,4503634,4278487,"Indeno(1,2,3-cd)pirè"
after_2007,0003,0006,F016198,Delta de l'Ebre-Riet Vell - H240009000,311999,4503634,4278488,Benzo(ghi)perilè
after_2007,0003,0006,F016198,Delta de l'Ebre-Riet Vell - H240009000,311999,4503634,4278489,Suma d'al-diel-iso-endrín
after_2007,0003,0006,F016198,Delta de l'Ebre-Riet Vell - H240009000,311999,4503634,4278490,Suma d'Organofosforats
after_2007,0003,0006,F016198,Delta de l'Ebre-Riet Vell - H240009000,311999,4503634,4278491,Suma de plaguicides clorats
after_2007,0003,0006,F016198,Delta de l'Ebre-Riet Vell - H240009000,311999,4503634,4278492,Suma de triazines
after_2007,0003,0006,F016198,Delta de l'Ebre-Riet Vell - H240009000,311999,4503634,4278493,Trifluralina
after_2007,0003,0006,F016198,Delta de l'Ebre-Riet Vell - H240009000,311999,4503634,4278494,Molinat
after_2007,0003,0006,F016198,Delta de l'Ebre-Riet Vell - H240009000,311999,4503634,4278495,Terbutilazina
after_2007,0003,0006,F016198,Delta de l'Ebre-Riet Vell - H240009000,311999,4503634,4278496,Alaclor
after_2007,0003,0006,F016198,Delta de l'Ebre-Riet Vell - H240009000,311999,4503634,4278497,Pentaclorobenzè
after_2007,0003,0006,F016198,Delta de l'Ebre-Riet Vell - H240009000,311999,4503634,4278498,tert-Octilfenol
after_2007,0003,0006,F016198,Delta de l'Ebre-Riet Vell - H240009000,311999,4503634,4278499,NPEO(e=0)
after_2007,0003,0006,F016198,Delta de l'Ebre-Riet Vell - H240009000,311999,4503634,4278500,"2,4'-DDT"
after_2007,0003,0006,F016198,Delta de l'Ebre-Riet Vell - H240009000,311999,4503634,4278501,"2,4'-DDE"
after_2007,0003,0006,F016198,Delta de l'Ebre-Riet Vell - H240009000,311999,4503634,4278502,"2,4'-DDD"
after_2007,0003,0006,F016198,Delta de l'Ebre-Riet Vell - H240009000,311999,4503634,4278503,Metolaclor
after_2007,0003,0006,F016198,Delta de l'Ebre-Riet Vell - H240009000,311999,4503634,4278504,Epòxid d'heptaclor A
after_2007,0003,0006,F016198,Delta de l'Ebre-Riet Vell - H240009000,311999,4503634,4278505,Suma de diclorobenzens
after_2007,0003,0006,F016198,Delta de l'Ebre-Riet Vell - H240009000,311999,4503634,4278506,Cetona d'endrín
after_2007,0003,0006,F016198,Delta de l'Ebre-Riet Vell - H240009000,311999,4503634,4278507,BDE-28
after_2007,0003,0006,F016198,Delta de l'Ebre-Riet Vell - H240009000,311999,4503634,4278508,Quinoxifèn
after_2007,0003,0006,F016198,Delta de l'Ebre-Riet Vell - H240009000,311999,4503634,4278509,Aclonifèn
after_2007,0003,0006,F016198,Delta de l'Ebre-Riet Vell - H240009000,311999,4503634,4278510,Bifenox
after_2007,0003,0006,F016198,Delta de l'Ebre-Riet Vell - H240009000,311999,4503634,4278511,Cipermetrín (suma d'isòmers)
after_2007,0003,0006,F016198,Delta de l'Ebre-Riet Vell - H240009000,311999,4503634,4278512,Cibutrina
after_2007,0003,0006,F016198,Delta de l'Ebre-Riet Vell - H240009000,311999,4503634,4278513,4-n-Nonilfenol
after_2007,0003,0006,F016199,Herbassars de Castelldans - H230006000,311954,4596217,4450117,BDE-47
after_2007,0003,0006,F016199,Herbassars de Castelldans - H230006000,311954,4596217,4450118,BDE-99
after_2007,0003,0006,F016199,Herbassars de Castelldans - H230006000,311954,4596217,4450119,BDE-100
after_2007,0003,0006,F016199,Herbassars de Castelldans - H230006000,311954,4596217,4450120,BDE-153
after_2007,0003,0006,F016199,Herbassars de Castelldans - H230006000,311954,4596217,4450121,BDE-154
after_2007,0003,0006,F016199,Herbassars de Castelldans - H230006000,311954,4596217,4450122,Suma de PAH1
after_2007,0003,0006,F016199,Herbassars de Castelldans - H230006000,311954,4596217,4450123,Suma de PAH2
after_2007,0003,0006,F016199,Herbassars de Castelldans - H230006000,311954,4596217,4450124,Suma de DDT
after_2007,0003,0006,F016199,Herbassars de Castelldans - H230006000,311954,4596217,4450125,Bor
after_2007,0003,0006,F016199,Herbassars de Castelldans - H230006000,311954,4596217,4450126,Bari
after_2007,0003,0006,F016199,Herbassars de Castelldans - H230006000,311954,4596217,4450127,Crom
after_2007,0003,0006,F016199,Herbassars de Castelldans - H230006000,311954,4596217,4450128,Plom
after_2007,0003,0006,F016199,Herbassars de Castelldans - H230006000,311954,4596217,4450129,Zinc
after_2007,0003,0006,F016199,Herbassars de Castelldans - H230006000,311954,4596217,4450131,Coure
after_2007,0003,0006,F016199,Herbassars de Castelldans - H230006000,311954,4596217,4450132,Ferro
after_2007,0003,0006,F016199,Herbassars de Castelldans - H230006000,311954,4596217,4450133,Cobalt
after_2007,0003,0006,F016199,Herbassars de Castelldans - H230006000,311954,4596217,4450134,Níquel
after_2007,0003,0006,F016199,Herbassars de Castelldans - H230006000,311954,4596217,4450135,Seleni
after_2007,0003,0006,F016199,Herbassars de Castelldans - H230006000,311954,4596217,4450136,Vanadi
after_2007,0003,0006,F016199,Herbassars de Castelldans - H230006000,311954,4596217,4450137,Alumini
after_2007,0003,0006,F016199,Herbassars de Castelldans - H230006000,311954,4596217,4450138,Arsènic
after_2007,0003,0006,F016199,Herbassars de Castelldans - H230006000,311954,4596217,4450139,Mercuri
after_2007,0003,0006,F016199,Herbassars de Castelldans - H230006000,311954,4596217,4450140,Molibdè
after_2007,0003,0006,F016199,Herbassars de Castelldans - H230006000,311954,4596217,4450141,Antimoni
after_2007,0003,0006,F016199,Herbassars de Castelldans - H230006000,311954,4596217,4450142,Beril·li
after_2007,0003,0006,F016199,Herbassars de Castelldans - H230006000,311954,4596217,4450143,Estronci
after_2007,0003,0006,F016199,Herbassars de Castelldans - H230006000,311954,4596217,4450144,Manganès
after_2007,0003,0006,F016199,Herbassars de Castelldans - H230006000,311954,4596217,4562379,Suma de Xilens
after_2007,0003,0006,F016199,Herbassars de Castelldans - H230006000,311954,4596217,4562380,Toluè
after_2007,0003,0006,F016199,Herbassars de Castelldans - H230006000,311954,4596217,4562381,Hexaclorobutadiè
after_2007,0003,0006,F016199,Herbassars de Castelldans - H230006000,311954,4596217,4562382,Diclorometà
after_2007,0003,0006,F016199,Herbassars de Castelldans - H230006000,311954,4596217,4562383,"trans-1,2-dicloroetilè"
after_2007,0003,0006,F016199,Herbassars de Castelldans - H230006000,311954,4596217,4562384,"cis-1,2-dicloroetilè"
after_2007,0003,0006,F016199,Herbassars de Castelldans - H230006000,311954,4596217,4562385,Tetraclorur de Carboni
after_2007,0003,0006,F016199,Herbassars de Castelldans - H230006000,311954,4596217,4562386,Tricloroetilè
after_2007,0003,0006,F016199,Herbassars de Castelldans - H230006000,311954,4596217,4562387,Bromodiclorometà
after_2007,0003,0006,F016199,Herbassars de Castelldans - H230006000,311954,4596217,4562388,"cis-1,3-dicloropropè"
after_2007,0003,0006,F016199,Herbassars de Castelldans - H230006000,311954,4596217,4562389,Triclorometà
after_2007,0003,0006,F016199,Herbassars de Castelldans - H230006000,311954,4596217,4562390,"1,1,2-tricloroetà"
after_2007,0003,0006,F016199,Herbassars de Castelldans - H230006000,311954,4596217,4562391,Tetracloroetilè
after_2007,0003,0006,F016199,Herbassars de Castelldans - H230006000,311954,4596217,4562392,Dibromoclorometà
after_2007,0003,0006,F016199,Herbassars de Castelldans - H230006000,311954,4596217,4562393,Bromoform
after_2007,0003,0006,F016199,Herbassars de Castelldans - H230006000,311954,4596217,4562394,"1,2-dicloroetà"
after_2007,0003,0006,F016199,Herbassars de Castelldans - H230006000,311954,4596217,4562395,"1,4-diclorobenzè"
after_2007,0003,0006,F016199,Herbassars de Castelldans - H230006000,311954,4596217,4562396,"1,2-diclorobenzè"
after_2007,0003,0006,F016199,Herbassars de Castelldans - H230006000,311954,4596217,4562397,Suma de triclorobenzens
after_2007,0003,0006,F016199,Herbassars de Castelldans - H230006000,311954,4596217,4562398,"1,2,4-triclorobenzè"
after_2007,0003,0006,F016199,Herbassars de Castelldans - H230006000,311954,4596217,4562399,"1,2,3-triclorobenzè"
after_2007,0003,0006,F016199,Herbassars de Castelldans - H230006000,311954,4596217,4562400,Benzè
after_2007,0003,0006,F016199,Herbassars de Castelldans - H230006000,311954,4596217,4562401,Etilbenzè
after_2007,0003,0006,F016199,Herbassars de Castelldans - H230006000,311954,4596217,4562402,"m,p-Xilè"
after_2007,0003,0006,F016199,Herbassars de Castelldans - H230006000,311954,4596217,4562403,o-Xilè
after_2007,0003,0006,F016199,Herbassars de Castelldans - H230006000,311954,4596217,4562404,Hexaclorobenzè
after_2007,0003,0006,F016199,Herbassars de Castelldans - H230006000,311954,4596217,4562405,Clorobenzè
after_2007,0003,0006,F016199,Herbassars de Castelldans - H230006000,311954,4596217,4562406,a-hexaclorociclohexà
after_2007,0003,0006,F016199,Herbassars de Castelldans - H230006000,311954,4596217,4562407,Lindà(g-hexaclorociclohexà)
after_2007,0003,0006,F016199,Herbassars de Castelldans - H230006000,311954,4596217,4562408,"1,1-dicloroetilè"
after_2007,0003,0006,F016199,Herbassars de Castelldans - H230006000,311954,4596217,4562409,"1,1-dicloroetà"
after_2007,0003,0006,F016199,Herbassars de Castelldans - H230006000,311954,4596217,4562410,"1,1,1-tricloroetà"
after_2007,0003,0006,F016199,Herbassars de Castelldans - H230006000,311954,4596217,4562411,"1,2-dicloropropà"
after_2007,0003,0006,F016199,Herbassars de Castelldans - H230006000,311954,4596217,4562412,"trans-1,3-dicloropropè"
after_2007,0003,0006,F016199,Herbassars de Castelldans - H230006000,311954,4596217,4562413,"1,1,2,2-tetracloroetà"
after_2007,0003,0006,F016199,Herbassars de Castelldans - H230006000,311954,4596217,4562414,"1,3,5-triclorobenzè"
after_2007,0003,0006,F016199,Herbassars de Castelldans - H230006000,311954,4596217,4562415,Heptaclor
after_2007,0003,0006,F016199,Herbassars de Castelldans - H230006000,311954,4596217,4562416,Aldrín
after_2007,0003,0006,F016199,Herbassars de Castelldans - H230006000,311954,4596217,4562417,Isodrín
after_2007,0003,0006,F016199,Herbassars de Castelldans - H230006000,311954,4596217,4562418,Epòxid d'heptaclor B
after_2007,0003,0006,F016199,Herbassars de Castelldans - H230006000,311954,4596217,4562419,Endosulfan I
after_2007,0003,0006,F016199,Herbassars de Castelldans - H230006000,311954,4596217,4562420,Dieldrín
after_2007,0003,0006,F016199,Herbassars de Castelldans - H230006000,311954,4596217,4562421,Endrín
after_2007,0003,0006,F016199,Herbassars de Castelldans - H230006000,311954,4596217,4562422,"4,4'-DDE"
after_2007,0003,0006,F016199,Herbassars de Castelldans - H230006000,311954,4596217,4562423,Endosulfan II
after_2007,0003,0006,F016199,Herbassars de Castelldans - H230006000,311954,4596217,4562424,"4,4'-DDD"
after_2007,0003,0006,F016199,Herbassars de Castelldans - H230006000,311954,4596217,4562425,Sulfat d'endosulfan
after_2007,0003,0006,F016199,Herbassars de Castelldans - H230006000,311954,4596217,4562426,"4,4'-DDT"
after_2007,0003,0006,F016199,Herbassars de Castelldans - H230006000,311954,4596217,4562427,Triclorofluorometà
after_2007,0003,0006,F016199,Herbassars de Castelldans - H230006000,311954,4596217,4562428,"1,3-diclorobenzè"
after_2007,0003,0006,F016199,Herbassars de Castelldans - H230006000,311954,4596217,4562429,Naftalè
after_2007,0003,0006,F016199,Herbassars de Castelldans - H230006000,311954,4596217,4562431,Diazinon
after_2007,0003,0006,F016199,Herbassars de Castelldans - H230006000,311954,4596217,4562432,Paration de Metil
after_2007,0003,0006,F016199,Herbassars de Castelldans - H230006000,311954,4596217,4562433,Fenitrotion
after_2007,0003,0006,F016199,Herbassars de Castelldans - H230006000,311954,4596217,4562434,Malation
after_2007,0003,0006,F016199,Herbassars de Castelldans - H230006000,311954,4596217,4562435,Clorpirifòs
after_2007,0003,0006,F016199,Herbassars de Castelldans - H230006000,311954,4596217,4562436,Paration
after_2007,0003,0006,F016199,Herbassars de Castelldans - H230006000,311954,4596217,4562437,Clorfenvinfòs (suma d'isòmers)
after_2007,0003,0006,F016199,Herbassars de Castelldans - H230006000,311954,4596217,4562438,Etion
after_2007,0003,0006,F016199,Herbassars de Castelldans - H230006000,311954,4596217,4562439,Azinfòs d'Etil
after_2007,0003,0006,F016199,Herbassars de Castelldans - H230006000,311954,4596217,4562440,Simazina
after_2007,0003,0006,F016199,Herbassars de Castelldans - H230006000,311954,4596217,4562441,Atrazina
after_2007,0003,0006,F016199,Herbassars de Castelldans - H230006000,311954,4596217,4562442,Propazina
after_2007,0003,0006,F016199,Herbassars de Castelldans - H230006000,311954,4596217,4562443,Terbutrina
after_2007,0003,0006,F016199,Herbassars de Castelldans - H230006000,311954,4596217,4562444,Antracè
after_2007,0003,0006,F016199,Herbassars de Castelldans - H230006000,311954,4596217,4562445,Fluorantè
after_2007,0003,0006,F016199,Herbassars de Castelldans - H230006000,311954,4596217,4562446,Benzo(b)fluorantè
after_2007,0003,0006,F016199,Herbassars de Castelldans - H230006000,311954,4596217,4562447,Benzo(k)fluorantè
after_2007,0003,0006,F016199,Herbassars de Castelldans - H230006000,311954,4596217,4562448,Benzo(a)pirè
after_2007,0003,0006,F016199,Herbassars de Castelldans - H230006000,311954,4596217,4562449,"Indeno(1,2,3-cd)pirè"
after_2007,0003,0006,F016199,Herbassars de Castelldans - H230006000,311954,4596217,4562450,Benzo(ghi)perilè
after_2007,0003,0006,F016199,Herbassars de Castelldans - H230006000,311954,4596217,4562451,Desetilatrazina
after_2007,0003,0006,F016199,Herbassars de Castelldans - H230006000,311954,4596217,4562452,Suma d'al-diel-iso-endrín
after_2007,0003,0006,F016199,Herbassars de Castelldans - H230006000,311954,4596217,4562453,Trifluralina
after_2007,0003,0006,F016199,Herbassars de Castelldans - H230006000,311954,4596217,4562454,Molinat
after_2007,0003,0006,F016199,Herbassars de Castelldans - H230006000,311954,4596217,4562455,Terbutilazina
after_2007,0003,0006,F016199,Herbassars de Castelldans - H230006000,311954,4596217,4562456,Alaclor
after_2007,0003,0006,F016199,Herbassars de Castelldans - H230006000,311954,4596217,4562457,Pentaclorobenzè
after_2007,0003,0006,F016199,Herbassars de Castelldans - H230006000,311954,4596217,4562458,tert-Octilfenol
after_2007,0003,0006,F016199,Herbassars de Castelldans - H230006000,311954,4596217,4562459,"2,4'-DDT"
after_2007,0003,0006,F016199,Herbassars de Castelldans - H230006000,311954,4596217,4562460,"2,4'-DDE"
after_2007,0003,0006,F016199,Herbassars de Castelldans - H230006000,311954,4596217,4562461,"2,4'-DDD"
after_2007,0003,0006,F016199,Herbassars de Castelldans - H230006000,311954,4596217,4562462,Metolaclor
after_2007,0003,0006,F016199,Herbassars de Castelldans - H230006000,311954,4596217,4562463,Epòxid d'heptaclor A
after_2007,0003,0006,F016199,Herbassars de Castelldans - H230006000,311954,4596217,4562464,Suma de diclorobenzens
after_2007,0003,0006,F016199,Herbassars de Castelldans - H230006000,311954,4596217,4562465,Cianazina
after_2007,0003,0006,F016199,Herbassars de Castelldans - H230006000,311954,4596217,4562466,Diuron
after_2007,0003,0006,F016199,Herbassars de Castelldans - H230006000,311954,4596217,4562467,Isoproturon
after_2007,0003,0006,F016199,Herbassars de Castelldans - H230006000,311954,4596217,4562468,Linuron
after_2007,0003,0006,F016199,Herbassars de Castelldans - H230006000,311954,4596217,4562469,Bentazona
after_2007,0003,0006,F016199,Herbassars de Castelldans - H230006000,311954,4596217,4562470,Cetona d'endrín
after_2007,0003,0006,F016199,Herbassars de Castelldans - H230006000,311954,4596217,4562471,BDE-28
after_2007,0003,0006,F016199,Herbassars de Castelldans - H230006000,311954,4596217,4562472,Quinoxifèn
after_2007,0003,0006,F016199,Herbassars de Castelldans - H230006000,311954,4596217,4562473,Aclonifèn
after_2007,0003,0006,F016199,Herbassars de Castelldans - H230006000,311954,4596217,4562474,Bifenox
after_2007,0003,0006,F016199,Herbassars de Castelldans - H230006000,311954,4596217,4562475,Cibutrina
after_2007,0003,0006,F016199,Herbassars de Castelldans - H230006000,311954,4596217,4562476,4-n-nonilfenol
after_2007,0003,0006,F016199,Herbassars de Castelldans - H230006000,311954,4596217,4562490,Clortoluron
after_2007,0003,0006,F016200,Desembocadura del torrent de Santes Creus - H194403000,312970,4525877,4482108,BDE-47
after_2007,0003,0006,F016200,Desembocadura del torrent de Santes Creus - H194403000,312970,4525877,4482109,BDE-99
after_2007,0003,0006,F016200,Desembocadura del torrent de Santes Creus - H194403000,312970,4525877,4482110,BDE-100
after_2007,0003,0006,F016200,Desembocadura del torrent de Santes Creus - H194403000,312970,4525877,4482111,BDE-153
after_2007,0003,0006,F016200,Desembocadura del torrent de Santes Creus - H194403000,312970,4525877,4482112,BDE-154
after_2007,0003,0006,F016200,Desembocadura del torrent de Santes Creus - H194403000,312970,4525877,4482113,Suma de PAH1
after_2007,0003,0006,F016200,Desembocadura del torrent de Santes Creus - H194403000,312970,4525877,4482114,Suma de PAH2
after_2007,0003,0006,F016200,Desembocadura del torrent de Santes Creus - H194403000,312970,4525877,4482115,Suma de DDT
after_2007,0003,0006,F016200,Desembocadura del torrent de Santes Creus - H194403000,312970,4525877,4482116,Bor
after_2007,0003,0006,F016200,Desembocadura del torrent de Santes Creus - H194403000,312970,4525877,4482117,Bari
after_2007,0003,0006,F016200,Desembocadura del torrent de Santes Creus - H194403000,312970,4525877,4482118,Crom
after_2007,0003,0006,F016200,Desembocadura del torrent de Santes Creus - H194403000,312970,4525877,4482119,Plom
after_2007,0003,0006,F016200,Desembocadura del torrent de Santes Creus - H194403000,312970,4525877,4482120,Zinc
after_2007,0003,0006,F016200,Desembocadura del torrent de Santes Creus - H194403000,312970,4525877,4482122,Coure
after_2007,0003,0006,F016200,Desembocadura del torrent de Santes Creus - H194403000,312970,4525877,4482123,Ferro
after_2007,0003,0006,F016200,Desembocadura del torrent de Santes Creus - H194403000,312970,4525877,4482124,Cobalt
after_2007,0003,0006,F016200,Desembocadura del torrent de Santes Creus - H194403000,312970,4525877,4482125,Níquel
after_2007,0003,0006,F016200,Desembocadura del torrent de Santes Creus - H194403000,312970,4525877,4482126,Seleni
after_2007,0003,0006,F016200,Desembocadura del torrent de Santes Creus - H194403000,312970,4525877,4482127,Vanadi
after_2007,0003,0006,F016200,Desembocadura del torrent de Santes Creus - H194403000,312970,4525877,4482128,Alumini
after_2007,0003,0006,F016200,Desembocadura del torrent de Santes Creus - H194403000,312970,4525877,4482129,Arsènic
after_2007,0003,0006,F016200,Desembocadura del torrent de Santes Creus - H194403000,312970,4525877,4482130,Mercuri
after_2007,0003,0006,F016200,Desembocadura del torrent de Santes Creus - H194403000,312970,4525877,4482131,Molibdè
after_2007,0003,0006,F016200,Desembocadura del torrent de Santes Creus - H194403000,312970,4525877,4482132,Antimoni
after_2007,0003,0006,F016200,Desembocadura del torrent de Santes Creus - H194403000,312970,4525877,4482133,Beril·li
after_2007,0003,0006,F016200,Desembocadura del torrent de Santes Creus - H194403000,312970,4525877,4482134,Estronci
after_2007,0003,0006,F016200,Desembocadura del torrent de Santes Creus - H194403000,312970,4525877,4482135,Manganès
after_2007,0003,0006,F016200,Desembocadura del torrent de Santes Creus - H194403000,312970,4525877,4483124,Suma de xilens
after_2007,0003,0006,F016200,Desembocadura del torrent de Santes Creus - H194403000,312970,4525877,4483125,Toluè
after_2007,0003,0006,F016200,Desembocadura del torrent de Santes Creus - H194403000,312970,4525877,4483126,Hexaclorobutadiè
after_2007,0003,0006,F016200,Desembocadura del torrent de Santes Creus - H194403000,312970,4525877,4483127,Diclorometà
after_2007,0003,0006,F016200,Desembocadura del torrent de Santes Creus - H194403000,312970,4525877,4483128,"trans-1,2-dicloroetilè"
after_2007,0003,0006,F016200,Desembocadura del torrent de Santes Creus - H194403000,312970,4525877,4483129,"cis-1,2-dicloroetilè"
after_2007,0003,0006,F016200,Desembocadura del torrent de Santes Creus - H194403000,312970,4525877,4483130,Tetraclorur de Carboni
after_2007,0003,0006,F016200,Desembocadura del torrent de Santes Creus - H194403000,312970,4525877,4483131,Tricloroetilè
after_2007,0003,0006,F016200,Desembocadura del torrent de Santes Creus - H194403000,312970,4525877,4483132,Bromodiclorometà
after_2007,0003,0006,F016200,Desembocadura del torrent de Santes Creus - H194403000,312970,4525877,4483133,"cis-1,3-dicloropropè"
after_2007,0003,0006,F016200,Desembocadura del torrent de Santes Creus - H194403000,312970,4525877,4483134,Triclorometà
after_2007,0003,0006,F016200,Desembocadura del torrent de Santes Creus - H194403000,312970,4525877,4483135,"1,1,2-tricloroetà"
after_2007,0003,0006,F016200,Desembocadura del torrent de Santes Creus - H194403000,312970,4525877,4483136,Tetracloroetilè
after_2007,0003,0006,F016200,Desembocadura del torrent de Santes Creus - H194403000,312970,4525877,4483137,Dibromoclorometà
after_2007,0003,0006,F016200,Desembocadura del torrent de Santes Creus - H194403000,312970,4525877,4483138,Bromoform
after_2007,0003,0006,F016200,Desembocadura del torrent de Santes Creus - H194403000,312970,4525877,4483139,"1,2-dicloroetà"
after_2007,0003,0006,F016200,Desembocadura del torrent de Santes Creus - H194403000,312970,4525877,4483140,"1,4-diclorobenzè"
after_2007,0003,0006,F016200,Desembocadura del torrent de Santes Creus - H194403000,312970,4525877,4483141,"1,2-diclorobenzè"
after_2007,0003,0006,F016200,Desembocadura del torrent de Santes Creus - H194403000,312970,4525877,4483142,Suma de triclorobenzens
after_2007,0003,0006,F016200,Desembocadura del torrent de Santes Creus - H194403000,312970,4525877,4483143,"1,2,4-triclorobenzè"
after_2007,0003,0006,F016200,Desembocadura del torrent de Santes Creus - H194403000,312970,4525877,4483144,"1,2,3-triclorobenzè"
after_2007,0003,0006,F016200,Desembocadura del torrent de Santes Creus - H194403000,312970,4525877,4483145,Benzè
after_2007,0003,0006,F016200,Desembocadura del torrent de Santes Creus - H194403000,312970,4525877,4483146,Etilbenzè
after_2007,0003,0006,F016200,Desembocadura del torrent de Santes Creus - H194403000,312970,4525877,4483147,"m,p-Xilè"
after_2007,0003,0006,F016200,Desembocadura del torrent de Santes Creus - H194403000,312970,4525877,4483148,o-Xilè
after_2007,0003,0006,F016200,Desembocadura del torrent de Santes Creus - H194403000,312970,4525877,4483149,Hexaclorobenzè
after_2007,0003,0006,F016200,Desembocadura del torrent de Santes Creus - H194403000,312970,4525877,4483150,Clorobenzè
after_2007,0003,0006,F016200,Desembocadura del torrent de Santes Creus - H194403000,312970,4525877,4483151,a-hexaclorociclohexà
after_2007,0003,0006,F016200,Desembocadura del torrent de Santes Creus - H194403000,312970,4525877,4483152,Lindà(g-hexaclorociclohexà)
after_2007,0003,0006,F016200,Desembocadura del torrent de Santes Creus - H194403000,312970,4525877,4483153,"1,1-dicloroetilè"
after_2007,0003,0006,F016200,Desembocadura del torrent de Santes Creus - H194403000,312970,4525877,4483154,"1,1-dicloroetà"
after_2007,0003,0006,F016200,Desembocadura del torrent de Santes Creus - H194403000,312970,4525877,4483155,"1,1,1-tricloroetà"
after_2007,0003,0006,F016200,Desembocadura del torrent de Santes Creus - H194403000,312970,4525877,4483156,"1,2-dicloropropà"
after_2007,0003,0006,F016200,Desembocadura del torrent de Santes Creus - H194403000,312970,4525877,4483157,"trans-1,3-dicloropropè"
after_2007,0003,0006,F016200,Desembocadura del torrent de Santes Creus - H194403000,312970,4525877,4483158,"1,1,2,2-tetracloroetà"
after_2007,0003,0006,F016200,Desembocadura del torrent de Santes Creus - H194403000,312970,4525877,4483159,"1,3,5-triclorobenzè"
after_2007,0003,0006,F016200,Desembocadura del torrent de Santes Creus - H194403000,312970,4525877,4483160,Heptaclor
after_2007,0003,0006,F016200,Desembocadura del torrent de Santes Creus - H194403000,312970,4525877,4483161,Aldrín
after_2007,0003,0006,F016200,Desembocadura del torrent de Santes Creus - H194403000,312970,4525877,4483162,Isodrín
after_2007,0003,0006,F016200,Desembocadura del torrent de Santes Creus - H194403000,312970,4525877,4483163,Epòxid d'heptaclor B
after_2007,0003,0006,F016200,Desembocadura del torrent de Santes Creus - H194403000,312970,4525877,4483164,Endosulfan I
after_2007,0003,0006,F016200,Desembocadura del torrent de Santes Creus - H194403000,312970,4525877,4483165,Dieldrín
after_2007,0003,0006,F016200,Desembocadura del torrent de Santes Creus - H194403000,312970,4525877,4483166,Endrín
after_2007,0003,0006,F016200,Desembocadura del torrent de Santes Creus - H194403000,312970,4525877,4483167,"4,4'-DDE"
after_2007,0003,0006,F016200,Desembocadura del torrent de Santes Creus - H194403000,312970,4525877,4483168,Endosulfan II
after_2007,0003,0006,F016200,Desembocadura del torrent de Santes Creus - H194403000,312970,4525877,4483169,"4,4'-DDD"
after_2007,0003,0006,F016200,Desembocadura del torrent de Santes Creus - H194403000,312970,4525877,4483170,Sulfat d'endosulfan
after_2007,0003,0006,F016200,Desembocadura del torrent de Santes Creus - H194403000,312970,4525877,4483171,"4,4'-DDT"
after_2007,0003,0006,F016200,Desembocadura del torrent de Santes Creus - H194403000,312970,4525877,4483172,Triclorofluorometà
after_2007,0003,0006,F016200,Desembocadura del torrent de Santes Creus - H194403000,312970,4525877,4483173,"1,3-diclorobenzè"
after_2007,0003,0006,F016200,Desembocadura del torrent de Santes Creus - H194403000,312970,4525877,4483174,Naftalè
after_2007,0003,0006,F016200,Desembocadura del torrent de Santes Creus - H194403000,312970,4525877,4483176,Diazinon
after_2007,0003,0006,F016200,Desembocadura del torrent de Santes Creus - H194403000,312970,4525877,4483177,Paration de Metil
after_2007,0003,0006,F016200,Desembocadura del torrent de Santes Creus - H194403000,312970,4525877,4483178,Fenitrotion
after_2007,0003,0006,F016200,Desembocadura del torrent de Santes Creus - H194403000,312970,4525877,4483179,Malation
after_2007,0003,0006,F016200,Desembocadura del torrent de Santes Creus - H194403000,312970,4525877,4483180,Clorpirifòs
after_2007,0003,0006,F016200,Desembocadura del torrent de Santes Creus - H194403000,312970,4525877,4483181,Paration
after_2007,0003,0006,F016200,Desembocadura del torrent de Santes Creus - H194403000,312970,4525877,4483182,Clorfenvinfòs (suma d'isòmers)
after_2007,0003,0006,F016200,Desembocadura del torrent de Santes Creus - H194403000,312970,4525877,4483183,Etion
after_2007,0003,0006,F016200,Desembocadura del torrent de Santes Creus - H194403000,312970,4525877,4483184,Azinfòs d'Etil
after_2007,0003,0006,F016200,Desembocadura del torrent de Santes Creus - H194403000,312970,4525877,4483185,Simazina
after_2007,0003,0006,F016200,Desembocadura del torrent de Santes Creus - H194403000,312970,4525877,4483186,Atrazina
after_2007,0003,0006,F016200,Desembocadura del torrent de Santes Creus - H194403000,312970,4525877,4483187,Propazina
after_2007,0003,0006,F016200,Desembocadura del torrent de Santes Creus - H194403000,312970,4525877,4483188,Terbutrina
after_2007,0003,0006,F016200,Desembocadura del torrent de Santes Creus - H194403000,312970,4525877,4483189,Antracè
after_2007,0003,0006,F016200,Desembocadura del torrent de Santes Creus - H194403000,312970,4525877,4483190,Fluorantè
after_2007,0003,0006,F016200,Desembocadura del torrent de Santes Creus - H194403000,312970,4525877,4483191,Benzo(b)fluorantè
after_2007,0003,0006,F016200,Desembocadura del torrent de Santes Creus - H194403000,312970,4525877,4483192,Benzo(k)fluorantè
after_2007,0003,0006,F016200,Desembocadura del torrent de Santes Creus - H194403000,312970,4525877,4483193,Benzo(a)pirè
after_2007,0003,0006,F016200,Desembocadura del torrent de Santes Creus - H194403000,312970,4525877,4483194,"Indeno(1,2,3-cd)pirè"
after_2007,0003,0006,F016200,Desembocadura del torrent de Santes Creus - H194403000,312970,4525877,4483195,Benzo(ghi)perilè
after_2007,0003,0006,F016200,Desembocadura del torrent de Santes Creus - H194403000,312970,4525877,4483196,Desetilatrazina
after_2007,0003,0006,F016200,Desembocadura del torrent de Santes Creus - H194403000,312970,4525877,4483197,Suma d'al-diel-iso-endrín
after_2007,0003,0006,F016200,Desembocadura del torrent de Santes Creus - H194403000,312970,4525877,4483198,Trifluralina
after_2007,0003,0006,F016200,Desembocadura del torrent de Santes Creus - H194403000,312970,4525877,4483199,Molinat
after_2007,0003,0006,F016200,Desembocadura del torrent de Santes Creus - H194403000,312970,4525877,4483200,Terbutilazina
after_2007,0003,0006,F016200,Desembocadura del torrent de Santes Creus - H194403000,312970,4525877,4483201,Alaclor
after_2007,0003,0006,F016200,Desembocadura del torrent de Santes Creus - H194403000,312970,4525877,4483202,Pentaclorobenzè
after_2007,0003,0006,F016200,Desembocadura del torrent de Santes Creus - H194403000,312970,4525877,4483203,tert-Octilfenol
after_2007,0003,0006,F016200,Desembocadura del torrent de Santes Creus - H194403000,312970,4525877,4483204,"2,4'-DDT"
after_2007,0003,0006,F016200,Desembocadura del torrent de Santes Creus - H194403000,312970,4525877,4483205,"2,4'-DDE"
after_2007,0003,0006,F016200,Desembocadura del torrent de Santes Creus - H194403000,312970,4525877,4483206,"2,4'-DDD"
after_2007,0003,0006,F016200,Desembocadura del torrent de Santes Creus - H194403000,312970,4525877,4483207,Metolaclor
after_2007,0003,0006,F016200,Desembocadura del torrent de Santes Creus - H194403000,312970,4525877,4483208,Epòxid d'heptaclor A
after_2007,0003,0006,F016200,Desembocadura del torrent de Santes Creus - H194403000,312970,4525877,4483209,Suma de diclorobenzens
after_2007,0003,0006,F016200,Desembocadura del torrent de Santes Creus - H194403000,312970,4525877,4483210,Cianazina
after_2007,0003,0006,F016200,Desembocadura del torrent de Santes Creus - H194403000,312970,4525877,4483211,Diuron
after_2007,0003,0006,F016200,Desembocadura del torrent de Santes Creus - H194403000,312970,4525877,4483212,Isoproturon
after_2007,0003,0006,F016200,Desembocadura del torrent de Santes Creus - H194403000,312970,4525877,4483213,Linuron
after_2007,0003,0006,F016200,Desembocadura del torrent de Santes Creus - H194403000,312970,4525877,4483214,Bentazona
after_2007,0003,0006,F016200,Desembocadura del torrent de Santes Creus - H194403000,312970,4525877,4483215,Cetona d'endrín
after_2007,0003,0006,F016200,Desembocadura del torrent de Santes Creus - H194403000,312970,4525877,4483216,BDE-28
after_2007,0003,0006,F016200,Desembocadura del torrent de Santes Creus - H194403000,312970,4525877,4483217,Quinoxifèn
after_2007,0003,0006,F016200,Desembocadura del torrent de Santes Creus - H194403000,312970,4525877,4483218,Aclonifèn
after_2007,0003,0006,F016200,Desembocadura del torrent de Santes Creus - H194403000,312970,4525877,4483219,Bifenox
after_2007,0003,0006,F016200,Desembocadura del torrent de Santes Creus - H194403000,312970,4525877,4483221,Cibutrina
after_2007,0003,0006,F016200,Desembocadura del torrent de Santes Creus - H194403000,312970,4525877,4483222,4-n-nonilfenol
after_2007,0003,0006,F016200,Desembocadura del torrent de Santes Creus - H194403000,312970,4525877,4483236,Clortoluron
after_2007,0003,0006,F016201,Delta de l'Ebre-El Canal Vell - H240004000,313236,4512726,4190840,BDE-47
after_2007,0003,0006,F016201,Delta de l'Ebre-El Canal Vell - H240004000,313236,4512726,4190841,BDE-99
after_2007,0003,0006,F016201,Delta de l'Ebre-El Canal Vell - H240004000,313236,4512726,4190842,BDE-100
after_2007,0003,0006,F016201,Delta de l'Ebre-El Canal Vell - H240004000,313236,4512726,4190843,BDE-153
after_2007,0003,0006,F016201,Delta de l'Ebre-El Canal Vell - H240004000,313236,4512726,4190844,BDE-154
after_2007,0003,0006,F016201,Delta de l'Ebre-El Canal Vell - H240004000,313236,4512726,4190845,Suma de PAH1
after_2007,0003,0006,F016201,Delta de l'Ebre-El Canal Vell - H240004000,313236,4512726,4190846,Suma de PAH2
after_2007,0003,0006,F016201,Delta de l'Ebre-El Canal Vell - H240004000,313236,4512726,4190847,Suma de DDT
after_2007,0003,0006,F016201,Delta de l'Ebre-El Canal Vell - H240004000,313236,4512726,4190848,Bor
after_2007,0003,0006,F016201,Delta de l'Ebre-El Canal Vell - H240004000,313236,4512726,4190849,Bari
after_2007,0003,0006,F016201,Delta de l'Ebre-El Canal Vell - H240004000,313236,4512726,4190850,Crom
after_2007,0003,0006,F016201,Delta de l'Ebre-El Canal Vell - H240004000,313236,4512726,4190851,Plom
after_2007,0003,0006,F016201,Delta de l'Ebre-El Canal Vell - H240004000,313236,4512726,4190852,Zinc
after_2007,0003,0006,F016201,Delta de l'Ebre-El Canal Vell - H240004000,313236,4512726,4190853,Cadmi
after_2007,0003,0006,F016201,Delta de l'Ebre-El Canal Vell - H240004000,313236,4512726,4190854,Coure
after_2007,0003,0006,F016201,Delta de l'Ebre-El Canal Vell - H240004000,313236,4512726,4190855,Ferro
after_2007,0003,0006,F016201,Delta de l'Ebre-El Canal Vell - H240004000,313236,4512726,4190856,Cobalt
after_2007,0003,0006,F016201,Delta de l'Ebre-El Canal Vell - H240004000,313236,4512726,4190857,Níquel
after_2007,0003,0006,F016201,Delta de l'Ebre-El Canal Vell - H240004000,313236,4512726,4190858,Seleni
after_2007,0003,0006,F016201,Delta de l'Ebre-El Canal Vell - H240004000,313236,4512726,4190859,Vanadi
after_2007,0003,0006,F016201,Delta de l'Ebre-El Canal Vell - H240004000,313236,4512726,4190860,Alumini
after_2007,0003,0006,F016201,Delta de l'Ebre-El Canal Vell - H240004000,313236,4512726,4190861,Arsènic
after_2007,0003,0006,F016201,Delta de l'Ebre-El Canal Vell - H240004000,313236,4512726,4190862,Mercuri
after_2007,0003,0006,F016201,Delta de l'Ebre-El Canal Vell - H240004000,313236,4512726,4190863,Molibdè
after_2007,0003,0006,F016201,Delta de l'Ebre-El Canal Vell - H240004000,313236,4512726,4190864,Antimoni
after_2007,0003,0006,F016201,Delta de l'Ebre-El Canal Vell - H240004000,313236,4512726,4190865,Beril·li
after_2007,0003,0006,F016201,Delta de l'Ebre-El Canal Vell - H240004000,313236,4512726,4190866,Estronci
after_2007,0003,0006,F016201,Delta de l'Ebre-El Canal Vell - H240004000,313236,4512726,4190867,Manganès
after_2007,0003,0006,F016201,Delta de l'Ebre-El Canal Vell - H240004000,313236,4512726,4191021,Toluè
after_2007,0003,0006,F016201,Delta de l'Ebre-El Canal Vell - H240004000,313236,4512726,4191022,Hexaclorobutadiè
after_2007,0003,0006,F016201,Delta de l'Ebre-El Canal Vell - H240004000,313236,4512726,4191023,Diclorometà
after_2007,0003,0006,F016201,Delta de l'Ebre-El Canal Vell - H240004000,313236,4512726,4191024,"trans-1,2-Dicloroetilè"
after_2007,0003,0006,F016201,Delta de l'Ebre-El Canal Vell - H240004000,313236,4512726,4191025,"cis-1,2-Dicloroetilè"
after_2007,0003,0006,F016201,Delta de l'Ebre-El Canal Vell - H240004000,313236,4512726,4191026,Tetraclorur de Carboni
after_2007,0003,0006,F016201,Delta de l'Ebre-El Canal Vell - H240004000,313236,4512726,4191027,Tricloroetilè
after_2007,0003,0006,F016201,Delta de l'Ebre-El Canal Vell - H240004000,313236,4512726,4191028,Bromodiclorometà
after_2007,0003,0006,F016201,Delta de l'Ebre-El Canal Vell - H240004000,313236,4512726,4191029,"cis-1,3-Dicloropropè"
after_2007,0003,0006,F016201,Delta de l'Ebre-El Canal Vell - H240004000,313236,4512726,4191030,Triclorometà
after_2007,0003,0006,F016201,Delta de l'Ebre-El Canal Vell - H240004000,313236,4512726,4191031,"1,1,2-Tricloroetà"
after_2007,0003,0006,F016201,Delta de l'Ebre-El Canal Vell - H240004000,313236,4512726,4191032,Tetracloroetilè
after_2007,0003,0006,F016201,Delta de l'Ebre-El Canal Vell - H240004000,313236,4512726,4191033,Dibromoclorometà
after_2007,0003,0006,F016201,Delta de l'Ebre-El Canal Vell - H240004000,313236,4512726,4191034,Bromoform
after_2007,0003,0006,F016201,Delta de l'Ebre-El Canal Vell - H240004000,313236,4512726,4191035,"1,2-Dicloroetà"
after_2007,0003,0006,F016201,Delta de l'Ebre-El Canal Vell - H240004000,313236,4512726,4191036,"1,4-Diclorobenzè"
after_2007,0003,0006,F016201,Delta de l'Ebre-El Canal Vell - H240004000,313236,4512726,4191037,"1,2-Diclorobenzè"
after_2007,0003,0006,F016201,Delta de l'Ebre-El Canal Vell - H240004000,313236,4512726,4191038,Suma de triclorobenzens
after_2007,0003,0006,F016201,Delta de l'Ebre-El Canal Vell - H240004000,313236,4512726,4191039,"1,2,4-Triclorobenzè"
after_2007,0003,0006,F016201,Delta de l'Ebre-El Canal Vell - H240004000,313236,4512726,4191040,"1,2,3-Triclorobenzè"
after_2007,0003,0006,F016201,Delta de l'Ebre-El Canal Vell - H240004000,313236,4512726,4191041,Benzè
after_2007,0003,0006,F016201,Delta de l'Ebre-El Canal Vell - H240004000,313236,4512726,4191042,Etilbenzè
after_2007,0003,0006,F016201,Delta de l'Ebre-El Canal Vell - H240004000,313236,4512726,4191043,"m,p-Xilè"
after_2007,0003,0006,F016201,Delta de l'Ebre-El Canal Vell - H240004000,313236,4512726,4191044,o-Xilè
after_2007,0003,0006,F016201,Delta de l'Ebre-El Canal Vell - H240004000,313236,4512726,4191046,Hexaclorobenzè
after_2007,0003,0006,F016201,Delta de l'Ebre-El Canal Vell - H240004000,313236,4512726,4191047,Clorobenzè
after_2007,0003,0006,F016201,Delta de l'Ebre-El Canal Vell - H240004000,313236,4512726,4191048,a-Hexaclorociclohexà
after_2007,0003,0006,F016201,Delta de l'Ebre-El Canal Vell - H240004000,313236,4512726,4191049,Lindà(g-Hexaclorociclohexà)
after_2007,0003,0006,F016201,Delta de l'Ebre-El Canal Vell - H240004000,313236,4512726,4191050,"1,1-Dicloroetilè"
after_2007,0003,0006,F016201,Delta de l'Ebre-El Canal Vell - H240004000,313236,4512726,4191051,"1,1-Dicloroetà"
after_2007,0003,0006,F016201,Delta de l'Ebre-El Canal Vell - H240004000,313236,4512726,4191052,"1,1,1-Tricloroetà"
after_2007,0003,0006,F016201,Delta de l'Ebre-El Canal Vell - H240004000,313236,4512726,4191053,"1,2-Dicloropropà"
after_2007,0003,0006,F016201,Delta de l'Ebre-El Canal Vell - H240004000,313236,4512726,4191054,"trans-1,3-Dicloropropè"
after_2007,0003,0006,F016201,Delta de l'Ebre-El Canal Vell - H240004000,313236,4512726,4191055,"1,1,2,2-Tetracloroetà"
after_2007,0003,0006,F016201,Delta de l'Ebre-El Canal Vell - H240004000,313236,4512726,4191056,"1,3,5-Triclorobenzè"
after_2007,0003,0006,F016201,Delta de l'Ebre-El Canal Vell - H240004000,313236,4512726,4191057,Heptaclor
after_2007,0003,0006,F016201,Delta de l'Ebre-El Canal Vell - H240004000,313236,4512726,4191058,Aldrín
after_2007,0003,0006,F016201,Delta de l'Ebre-El Canal Vell - H240004000,313236,4512726,4191059,Isodrín
after_2007,0003,0006,F016201,Delta de l'Ebre-El Canal Vell - H240004000,313236,4512726,4191060,Epòxid d'heptaclor B
after_2007,0003,0006,F016201,Delta de l'Ebre-El Canal Vell - H240004000,313236,4512726,4191061,Endosulfan I
after_2007,0003,0006,F016201,Delta de l'Ebre-El Canal Vell - H240004000,313236,4512726,4191062,Dieldrín
after_2007,0003,0006,F016201,Delta de l'Ebre-El Canal Vell - H240004000,313236,4512726,4191063,Endrín
after_2007,0003,0006,F016201,Delta de l'Ebre-El Canal Vell - H240004000,313236,4512726,4191064,"4,4'-DDE"
after_2007,0003,0006,F016201,Delta de l'Ebre-El Canal Vell - H240004000,313236,4512726,4191065,Endosulfan II
after_2007,0003,0006,F016201,Delta de l'Ebre-El Canal Vell - H240004000,313236,4512726,4191066,"4,4'-DDD"
after_2007,0003,0006,F016201,Delta de l'Ebre-El Canal Vell - H240004000,313236,4512726,4191067,Sulfat d'endosulfan
after_2007,0003,0006,F016201,Delta de l'Ebre-El Canal Vell - H240004000,313236,4512726,4191068,"4,4'-DDT"
after_2007,0003,0006,F016201,Delta de l'Ebre-El Canal Vell - H240004000,313236,4512726,4191069,Triclorofluorometà
after_2007,0003,0006,F016201,Delta de l'Ebre-El Canal Vell - H240004000,313236,4512726,4191070,"1,3-diclorobenzè"
after_2007,0003,0006,F016201,Delta de l'Ebre-El Canal Vell - H240004000,313236,4512726,4191071,Naftalè
after_2007,0003,0006,F016201,Delta de l'Ebre-El Canal Vell - H240004000,313236,4512726,4191072,Diazinon
after_2007,0003,0006,F016201,Delta de l'Ebre-El Canal Vell - H240004000,313236,4512726,4191073,Paration de metil
after_2007,0003,0006,F016201,Delta de l'Ebre-El Canal Vell - H240004000,313236,4512726,4191074,Fenitrotion
after_2007,0003,0006,F016201,Delta de l'Ebre-El Canal Vell - H240004000,313236,4512726,4191075,Malation
after_2007,0003,0006,F016201,Delta de l'Ebre-El Canal Vell - H240004000,313236,4512726,4191076,Clorpirifòs
after_2007,0003,0006,F016201,Delta de l'Ebre-El Canal Vell - H240004000,313236,4512726,4191077,Paration
after_2007,0003,0006,F016201,Delta de l'Ebre-El Canal Vell - H240004000,313236,4512726,4191078,Clorfenvinfòs (suma d'isòmers)
after_2007,0003,0006,F016201,Delta de l'Ebre-El Canal Vell - H240004000,313236,4512726,4191079,Etion
after_2007,0003,0006,F016201,Delta de l'Ebre-El Canal Vell - H240004000,313236,4512726,4191080,Azinfòs d'etil
after_2007,0003,0006,F016201,Delta de l'Ebre-El Canal Vell - H240004000,313236,4512726,4191081,Simazina
after_2007,0003,0006,F016201,Delta de l'Ebre-El Canal Vell - H240004000,313236,4512726,4191082,Atrazina
after_2007,0003,0006,F016201,Delta de l'Ebre-El Canal Vell - H240004000,313236,4512726,4191083,Propazina
after_2007,0003,0006,F016201,Delta de l'Ebre-El Canal Vell - H240004000,313236,4512726,4191084,Terbutrina
after_2007,0003,0006,F016201,Delta de l'Ebre-El Canal Vell - H240004000,313236,4512726,4191085,Antracè
after_2007,0003,0006,F016201,Delta de l'Ebre-El Canal Vell - H240004000,313236,4512726,4191086,Fluorantè
after_2007,0003,0006,F016201,Delta de l'Ebre-El Canal Vell - H240004000,313236,4512726,4191087,Benzo(b)fluorantè
after_2007,0003,0006,F016201,Delta de l'Ebre-El Canal Vell - H240004000,313236,4512726,4191088,Benzo(k)fluorantè
after_2007,0003,0006,F016201,Delta de l'Ebre-El Canal Vell - H240004000,313236,4512726,4191089,Benzo(a)pirè
after_2007,0003,0006,F016201,Delta de l'Ebre-El Canal Vell - H240004000,313236,4512726,4191090,"Indeno(1,2,3-cd)pirè"
after_2007,0003,0006,F016201,Delta de l'Ebre-El Canal Vell - H240004000,313236,4512726,4191091,Benzo(ghi)perilè
after_2007,0003,0006,F016201,Delta de l'Ebre-El Canal Vell - H240004000,313236,4512726,4191092,Suma d'al-diel-iso-endrín
after_2007,0003,0006,F016201,Delta de l'Ebre-El Canal Vell - H240004000,313236,4512726,4191093,Suma d'Organofosforats
after_2007,0003,0006,F016201,Delta de l'Ebre-El Canal Vell - H240004000,313236,4512726,4191094,Suma de plaguicides clorats
after_2007,0003,0006,F016201,Delta de l'Ebre-El Canal Vell - H240004000,313236,4512726,4191095,Suma de triazines
after_2007,0003,0006,F016201,Delta de l'Ebre-El Canal Vell - H240004000,313236,4512726,4191096,Trifluralina
after_2007,0003,0006,F016201,Delta de l'Ebre-El Canal Vell - H240004000,313236,4512726,4191097,Molinat
after_2007,0003,0006,F016201,Delta de l'Ebre-El Canal Vell - H240004000,313236,4512726,4191098,Terbutilazina
after_2007,0003,0006,F016201,Delta de l'Ebre-El Canal Vell - H240004000,313236,4512726,4191099,Alaclor
after_2007,0003,0006,F016201,Delta de l'Ebre-El Canal Vell - H240004000,313236,4512726,4191100,Pentaclorobenzè
after_2007,0003,0006,F016201,Delta de l'Ebre-El Canal Vell - H240004000,313236,4512726,4191101,tert-Octilfenol
after_2007,0003,0006,F016201,Delta de l'Ebre-El Canal Vell - H240004000,313236,4512726,4191102,NPEO(e=0)
after_2007,0003,0006,F016201,Delta de l'Ebre-El Canal Vell - H240004000,313236,4512726,4191103,"2,4'-DDT"
after_2007,0003,0006,F016201,Delta de l'Ebre-El Canal Vell - H240004000,313236,4512726,4191104,"2,4'-DDE"
after_2007,0003,0006,F016201,Delta de l'Ebre-El Canal Vell - H240004000,313236,4512726,4191105,"2,4'-DDD"
after_2007,0003,0006,F016201,Delta de l'Ebre-El Canal Vell - H240004000,313236,4512726,4191106,Metolaclor
after_2007,0003,0006,F016201,Delta de l'Ebre-El Canal Vell - H240004000,313236,4512726,4191107,Epòxid d'heptaclor A
after_2007,0003,0006,F016201,Delta de l'Ebre-El Canal Vell - H240004000,313236,4512726,4191108,Suma de diclorobenzens
after_2007,0003,0006,F016201,Delta de l'Ebre-El Canal Vell - H240004000,313236,4512726,4191109,Cetona d'endrín
after_2007,0003,0006,F016201,Delta de l'Ebre-El Canal Vell - H240004000,313236,4512726,4191110,BDE-28
after_2007,0003,0006,F016201,Delta de l'Ebre-El Canal Vell - H240004000,313236,4512726,4191111,Quinoxifèn
after_2007,0003,0006,F016201,Delta de l'Ebre-El Canal Vell - H240004000,313236,4512726,4191112,Aclonifèn
after_2007,0003,0006,F016201,Delta de l'Ebre-El Canal Vell - H240004000,313236,4512726,4191113,Bifenox
after_2007,0003,0006,F016201,Delta de l'Ebre-El Canal Vell - H240004000,313236,4512726,4191114,Cipermetrín (suma d'isòmers)
after_2007,0003,0006,F016201,Delta de l'Ebre-El Canal Vell - H240004000,313236,4512726,4191115,Cibutrina
after_2007,0003,0006,F016201,Delta de l'Ebre-El Canal Vell - H240004000,313236,4512726,4191116,4-n-Nonilfenol
after_2007,0003,0006,F016201,Delta de l'Ebre-El Canal Vell - H240004000,313236,4512726,4507865,Desetilatrazina
after_2007,0003,0006,F016201,Delta de l'Ebre-El Canal Vell - H240004000,313236,4512726,4507866,Cianazina
after_2007,0003,0006,F016201,Delta de l'Ebre-El Canal Vell - H240004000,313236,4512726,4507867,Diuron
after_2007,0003,0006,F016201,Delta de l'Ebre-El Canal Vell - H240004000,313236,4512726,4507868,Isoproturon
after_2007,0003,0006,F016201,Delta de l'Ebre-El Canal Vell - H240004000,313236,4512726,4507869,Linuron
after_2007,0003,0006,F016201,Delta de l'Ebre-El Canal Vell - H240004000,313236,4512726,4507870,Bentazona
after_2007,0003,0006,F016201,Delta de l'Ebre-El Canal Vell - H240004000,313236,4512726,4507882,Clortoluron
after_2007,0003,0006,F016202,Delta de l'Ebre-La Platjola - H240008000,313275,4503560,4275854,BDE-47
after_2007,0003,0006,F016202,Delta de l'Ebre-La Platjola - H240008000,313275,4503560,4275855,BDE-99
after_2007,0003,0006,F016202,Delta de l'Ebre-La Platjola - H240008000,313275,4503560,4275856,BDE-100
after_2007,0003,0006,F016202,Delta de l'Ebre-La Platjola - H240008000,313275,4503560,4275857,BDE-153
after_2007,0003,0006,F016202,Delta de l'Ebre-La Platjola - H240008000,313275,4503560,4275858,BDE-154
after_2007,0003,0006,F016202,Delta de l'Ebre-La Platjola - H240008000,313275,4503560,4275859,Suma de PAH1
after_2007,0003,0006,F016202,Delta de l'Ebre-La Platjola - H240008000,313275,4503560,4275860,Suma de PAH2
after_2007,0003,0006,F016202,Delta de l'Ebre-La Platjola - H240008000,313275,4503560,4275861,Suma de DDT
after_2007,0003,0006,F016202,Delta de l'Ebre-La Platjola - H240008000,313275,4503560,4275862,Bor
after_2007,0003,0006,F016202,Delta de l'Ebre-La Platjola - H240008000,313275,4503560,4275863,Bari
after_2007,0003,0006,F016202,Delta de l'Ebre-La Platjola - H240008000,313275,4503560,4275864,Crom
after_2007,0003,0006,F016202,Delta de l'Ebre-La Platjola - H240008000,313275,4503560,4275865,Plom
after_2007,0003,0006,F016202,Delta de l'Ebre-La Platjola - H240008000,313275,4503560,4275866,Zinc
after_2007,0003,0006,F016202,Delta de l'Ebre-La Platjola - H240008000,313275,4503560,4275867,Cadmi
after_2007,0003,0006,F016202,Delta de l'Ebre-La Platjola - H240008000,313275,4503560,4275868,Coure
after_2007,0003,0006,F016202,Delta de l'Ebre-La Platjola - H240008000,313275,4503560,4275869,Ferro
after_2007,0003,0006,F016202,Delta de l'Ebre-La Platjola - H240008000,313275,4503560,4275870,Cobalt
after_2007,0003,0006,F016202,Delta de l'Ebre-La Platjola - H240008000,313275,4503560,4275871,Níquel
after_2007,0003,0006,F016202,Delta de l'Ebre-La Platjola - H240008000,313275,4503560,4275872,Seleni
after_2007,0003,0006,F016202,Delta de l'Ebre-La Platjola - H240008000,313275,4503560,4275873,Vanadi
after_2007,0003,0006,F016202,Delta de l'Ebre-La Platjola - H240008000,313275,4503560,4275874,Alumini
after_2007,0003,0006,F016202,Delta de l'Ebre-La Platjola - H240008000,313275,4503560,4275875,Arsènic
after_2007,0003,0006,F016202,Delta de l'Ebre-La Platjola - H240008000,313275,4503560,4275876,Mercuri
after_2007,0003,0006,F016202,Delta de l'Ebre-La Platjola - H240008000,313275,4503560,4275877,Molibdè
after_2007,0003,0006,F016202,Delta de l'Ebre-La Platjola - H240008000,313275,4503560,4275878,Antimoni
after_2007,0003,0006,F016202,Delta de l'Ebre-La Platjola - H240008000,313275,4503560,4275879,Beril·li
after_2007,0003,0006,F016202,Delta de l'Ebre-La Platjola - H240008000,313275,4503560,4275880,Estronci
after_2007,0003,0006,F016202,Delta de l'Ebre-La Platjola - H240008000,313275,4503560,4275881,Manganès
after_2007,0003,0006,F016202,Delta de l'Ebre-La Platjola - H240008000,313275,4503560,4276045,Toluè
after_2007,0003,0006,F016202,Delta de l'Ebre-La Platjola - H240008000,313275,4503560,4276046,Hexaclorobutadiè
after_2007,0003,0006,F016202,Delta de l'Ebre-La Platjola - H240008000,313275,4503560,4276047,Diclorometà
after_2007,0003,0006,F016202,Delta de l'Ebre-La Platjola - H240008000,313275,4503560,4276048,"trans-1,2-Dicloroetilè"
after_2007,0003,0006,F016202,Delta de l'Ebre-La Platjola - H240008000,313275,4503560,4276049,"cis-1,2-Dicloroetilè"
after_2007,0003,0006,F016202,Delta de l'Ebre-La Platjola - H240008000,313275,4503560,4276050,Tetraclorur de Carboni
after_2007,0003,0006,F016202,Delta de l'Ebre-La Platjola - H240008000,313275,4503560,4276051,Tricloroetilè
after_2007,0003,0006,F016202,Delta de l'Ebre-La Platjola - H240008000,313275,4503560,4276052,Bromodiclorometà
after_2007,0003,0006,F016202,Delta de l'Ebre-La Platjola - H240008000,313275,4503560,4276053,"cis-1,3-Dicloropropè"
after_2007,0003,0006,F016202,Delta de l'Ebre-La Platjola - H240008000,313275,4503560,4276054,Triclorometà
after_2007,0003,0006,F016202,Delta de l'Ebre-La Platjola - H240008000,313275,4503560,4276055,"1,1,2-Tricloroetà"
after_2007,0003,0006,F016202,Delta de l'Ebre-La Platjola - H240008000,313275,4503560,4276056,Tetracloroetilè
after_2007,0003,0006,F016202,Delta de l'Ebre-La Platjola - H240008000,313275,4503560,4276057,Dibromoclorometà
after_2007,0003,0006,F016202,Delta de l'Ebre-La Platjola - H240008000,313275,4503560,4276058,Bromoform
after_2007,0003,0006,F016202,Delta de l'Ebre-La Platjola - H240008000,313275,4503560,4276059,"1,2-Dicloroetà"
after_2007,0003,0006,F016202,Delta de l'Ebre-La Platjola - H240008000,313275,4503560,4276060,"1,4-Diclorobenzè"
after_2007,0003,0006,F016202,Delta de l'Ebre-La Platjola - H240008000,313275,4503560,4276061,"1,2-Diclorobenzè"
after_2007,0003,0006,F016202,Delta de l'Ebre-La Platjola - H240008000,313275,4503560,4276062,Suma de triclorobenzens
after_2007,0003,0006,F016202,Delta de l'Ebre-La Platjola - H240008000,313275,4503560,4276063,"1,2,4-Triclorobenzè"
after_2007,0003,0006,F016202,Delta de l'Ebre-La Platjola - H240008000,313275,4503560,4276064,"1,2,3-Triclorobenzè"
after_2007,0003,0006,F016202,Delta de l'Ebre-La Platjola - H240008000,313275,4503560,4276065,Benzè
after_2007,0003,0006,F016202,Delta de l'Ebre-La Platjola - H240008000,313275,4503560,4276066,Etilbenzè
after_2007,0003,0006,F016202,Delta de l'Ebre-La Platjola - H240008000,313275,4503560,4276067,"m,p-Xilè"
after_2007,0003,0006,F016202,Delta de l'Ebre-La Platjola - H240008000,313275,4503560,4276068,o-Xilè
after_2007,0003,0006,F016202,Delta de l'Ebre-La Platjola - H240008000,313275,4503560,4276069,Hexaclorobenzè
after_2007,0003,0006,F016202,Delta de l'Ebre-La Platjola - H240008000,313275,4503560,4276070,Clorobenzè
after_2007,0003,0006,F016202,Delta de l'Ebre-La Platjola - H240008000,313275,4503560,4276071,a-Hexaclorociclohexà
after_2007,0003,0006,F016202,Delta de l'Ebre-La Platjola - H240008000,313275,4503560,4276072,Lindà(g-Hexaclorociclohexà)
after_2007,0003,0006,F016202,Delta de l'Ebre-La Platjola - H240008000,313275,4503560,4276073,"1,1-Dicloroetilè"
after_2007,0003,0006,F016202,Delta de l'Ebre-La Platjola - H240008000,313275,4503560,4276074,"1,1-Dicloroetà"
after_2007,0003,0006,F016202,Delta de l'Ebre-La Platjola - H240008000,313275,4503560,4276075,"1,1,1-Tricloroetà"
after_2007,0003,0006,F016202,Delta de l'Ebre-La Platjola - H240008000,313275,4503560,4276076,"1,2-Dicloropropà"
after_2007,0003,0006,F016202,Delta de l'Ebre-La Platjola - H240008000,313275,4503560,4276077,"trans-1,3-Dicloropropè"
after_2007,0003,0006,F016202,Delta de l'Ebre-La Platjola - H240008000,313275,4503560,4276078,"1,1,2,2-Tetracloroetà"
after_2007,0003,0006,F016202,Delta de l'Ebre-La Platjola - H240008000,313275,4503560,4276079,"1,3,5-Triclorobenzè"
after_2007,0003,0006,F016202,Delta de l'Ebre-La Platjola - H240008000,313275,4503560,4276080,Heptaclor
after_2007,0003,0006,F016202,Delta de l'Ebre-La Platjola - H240008000,313275,4503560,4276081,Aldrín
after_2007,0003,0006,F016202,Delta de l'Ebre-La Platjola - H240008000,313275,4503560,4276082,Isodrín
after_2007,0003,0006,F016202,Delta de l'Ebre-La Platjola - H240008000,313275,4503560,4276083,Epòxid d'heptaclor B
after_2007,0003,0006,F016202,Delta de l'Ebre-La Platjola - H240008000,313275,4503560,4276084,Endosulfan I
after_2007,0003,0006,F016202,Delta de l'Ebre-La Platjola - H240008000,313275,4503560,4276085,Dieldrín
after_2007,0003,0006,F016202,Delta de l'Ebre-La Platjola - H240008000,313275,4503560,4276086,Endrín
after_2007,0003,0006,F016202,Delta de l'Ebre-La Platjola - H240008000,313275,4503560,4276087,"4,4'-DDE"
after_2007,0003,0006,F016202,Delta de l'Ebre-La Platjola - H240008000,313275,4503560,4276088,Endosulfan II
after_2007,0003,0006,F016202,Delta de l'Ebre-La Platjola - H240008000,313275,4503560,4276089,"4,4'-DDD"
after_2007,0003,0006,F016202,Delta de l'Ebre-La Platjola - H240008000,313275,4503560,4276090,Sulfat d'endosulfan
after_2007,0003,0006,F016202,Delta de l'Ebre-La Platjola - H240008000,313275,4503560,4276091,"4,4'-DDT"
after_2007,0003,0006,F016202,Delta de l'Ebre-La Platjola - H240008000,313275,4503560,4276092,Triclorofluorometà
after_2007,0003,0006,F016202,Delta de l'Ebre-La Platjola - H240008000,313275,4503560,4276093,"1,3-diclorobenzè"
after_2007,0003,0006,F016202,Delta de l'Ebre-La Platjola - H240008000,313275,4503560,4276094,Naftalè
after_2007,0003,0006,F016202,Delta de l'Ebre-La Platjola - H240008000,313275,4503560,4276095,Diazinon
after_2007,0003,0006,F016202,Delta de l'Ebre-La Platjola - H240008000,313275,4503560,4276096,Paration de metil
after_2007,0003,0006,F016202,Delta de l'Ebre-La Platjola - H240008000,313275,4503560,4276097,Fenitrotion
after_2007,0003,0006,F016202,Delta de l'Ebre-La Platjola - H240008000,313275,4503560,4276098,Malation
after_2007,0003,0006,F016202,Delta de l'Ebre-La Platjola - H240008000,313275,4503560,4276099,Clorpirifòs
after_2007,0003,0006,F016202,Delta de l'Ebre-La Platjola - H240008000,313275,4503560,4276100,Paration
after_2007,0003,0006,F016202,Delta de l'Ebre-La Platjola - H240008000,313275,4503560,4276101,Clorfenvinfòs (suma d'isòmers)
after_2007,0003,0006,F016202,Delta de l'Ebre-La Platjola - H240008000,313275,4503560,4276102,Etion
after_2007,0003,0006,F016202,Delta de l'Ebre-La Platjola - H240008000,313275,4503560,4276103,Azinfòs d'etil
after_2007,0003,0006,F016202,Delta de l'Ebre-La Platjola - H240008000,313275,4503560,4276104,Simazina
after_2007,0003,0006,F016202,Delta de l'Ebre-La Platjola - H240008000,313275,4503560,4276105,Atrazina
after_2007,0003,0006,F016202,Delta de l'Ebre-La Platjola - H240008000,313275,4503560,4276106,Propazina
after_2007,0003,0006,F016202,Delta de l'Ebre-La Platjola - H240008000,313275,4503560,4276107,Terbutrina
after_2007,0003,0006,F016202,Delta de l'Ebre-La Platjola - H240008000,313275,4503560,4276108,Antracè
after_2007,0003,0006,F016202,Delta de l'Ebre-La Platjola - H240008000,313275,4503560,4276109,Fluorantè
after_2007,0003,0006,F016202,Delta de l'Ebre-La Platjola - H240008000,313275,4503560,4276110,Benzo(b)fluorantè
after_2007,0003,0006,F016202,Delta de l'Ebre-La Platjola - H240008000,313275,4503560,4276111,Benzo(k)fluorantè
after_2007,0003,0006,F016202,Delta de l'Ebre-La Platjola - H240008000,313275,4503560,4276112,Benzo(a)pirè
after_2007,0003,0006,F016202,Delta de l'Ebre-La Platjola - H240008000,313275,4503560,4276113,"Indeno(1,2,3-cd)pirè"
after_2007,0003,0006,F016202,Delta de l'Ebre-La Platjola - H240008000,313275,4503560,4276114,Benzo(ghi)perilè
after_2007,0003,0006,F016202,Delta de l'Ebre-La Platjola - H240008000,313275,4503560,4276115,Suma d'al-diel-iso-endrín
after_2007,0003,0006,F016202,Delta de l'Ebre-La Platjola - H240008000,313275,4503560,4276116,Suma d'Organofosforats
after_2007,0003,0006,F016202,Delta de l'Ebre-La Platjola - H240008000,313275,4503560,4276117,Suma de plaguicides clorats
after_2007,0003,0006,F016202,Delta de l'Ebre-La Platjola - H240008000,313275,4503560,4276118,Suma de triazines
after_2007,0003,0006,F016202,Delta de l'Ebre-La Platjola - H240008000,313275,4503560,4276119,Trifluralina
after_2007,0003,0006,F016202,Delta de l'Ebre-La Platjola - H240008000,313275,4503560,4276120,Molinat
after_2007,0003,0006,F016202,Delta de l'Ebre-La Platjola - H240008000,313275,4503560,4276121,Terbutilazina
after_2007,0003,0006,F016202,Delta de l'Ebre-La Platjola - H240008000,313275,4503560,4276122,Alaclor
after_2007,0003,0006,F016202,Delta de l'Ebre-La Platjola - H240008000,313275,4503560,4276123,Pentaclorobenzè
after_2007,0003,0006,F016202,Delta de l'Ebre-La Platjola - H240008000,313275,4503560,4276124,tert-Octilfenol
after_2007,0003,0006,F016202,Delta de l'Ebre-La Platjola - H240008000,313275,4503560,4276125,NPEO(e=0)
after_2007,0003,0006,F016202,Delta de l'Ebre-La Platjola - H240008000,313275,4503560,4276126,"2,4'-DDT"
after_2007,0003,0006,F016202,Delta de l'Ebre-La Platjola - H240008000,313275,4503560,4276127,"2,4'-DDE"
after_2007,0003,0006,F016202,Delta de l'Ebre-La Platjola - H240008000,313275,4503560,4276128,"2,4'-DDD"
after_2007,0003,0006,F016202,Delta de l'Ebre-La Platjola - H240008000,313275,4503560,4276129,Metolaclor
after_2007,0003,0006,F016202,Delta de l'Ebre-La Platjola - H240008000,313275,4503560,4276130,Epòxid d'heptaclor A
after_2007,0003,0006,F016202,Delta de l'Ebre-La Platjola - H240008000,313275,4503560,4276131,Suma de diclorobenzens
after_2007,0003,0006,F016202,Delta de l'Ebre-La Platjola - H240008000,313275,4503560,4276132,Cetona d'endrín
after_2007,0003,0006,F016202,Delta de l'Ebre-La Platjola - H240008000,313275,4503560,4276133,BDE-28
after_2007,0003,0006,F016202,Delta de l'Ebre-La Platjola - H240008000,313275,4503560,4276134,Quinoxifèn
after_2007,0003,0006,F016202,Delta de l'Ebre-La Platjola - H240008000,313275,4503560,4276135,Aclonifèn
after_2007,0003,0006,F016202,Delta de l'Ebre-La Platjola - H240008000,313275,4503560,4276136,Bifenox
after_2007,0003,0006,F016202,Delta de l'Ebre-La Platjola - H240008000,313275,4503560,4276137,Cipermetrín (suma d'isòmers)
after_2007,0003,0006,F016202,Delta de l'Ebre-La Platjola - H240008000,313275,4503560,4276138,Cibutrina
after_2007,0003,0006,F016202,Delta de l'Ebre-La Platjola - H240008000,313275,4503560,4276139,4-n-Nonilfenol
after_2007,0003,0006,F016202,Delta de l'Ebre-La Platjola - H240008000,313275,4503560,4424895,Desetilatrazina
after_2007,0003,0006,F016202,Delta de l'Ebre-La Platjola - H240008000,313275,4503560,4424896,Cianazina
after_2007,0003,0006,F016202,Delta de l'Ebre-La Platjola - H240008000,313275,4503560,4424897,Diuron
after_2007,0003,0006,F016202,Delta de l'Ebre-La Platjola - H240008000,313275,4503560,4424898,Isoproturon
after_2007,0003,0006,F016202,Delta de l'Ebre-La Platjola - H240008000,313275,4503560,4424899,Linuron
after_2007,0003,0006,F016202,Delta de l'Ebre-La Platjola - H240008000,313275,4503560,4424900,Bentazona
after_2007,0003,0006,F016202,Delta de l'Ebre-La Platjola - H240008000,313275,4503560,4424912,Clortoluron
after_2007,0003,0006,F016204,Desembocadura del torrent de l'Estany - H194402000,313826,4526816,4482052,BDE-47
after_2007,0003,0006,F016204,Desembocadura del torrent de l'Estany - H194402000,313826,4526816,4482053,BDE-99
after_2007,0003,0006,F016204,Desembocadura del torrent de l'Estany - H194402000,313826,4526816,4482054,BDE-100
after_2007,0003,0006,F016204,Desembocadura del torrent de l'Estany - H194402000,313826,4526816,4482055,BDE-153
after_2007,0003,0006,F016204,Desembocadura del torrent de l'Estany - H194402000,313826,4526816,4482056,BDE-154
after_2007,0003,0006,F016204,Desembocadura del torrent de l'Estany - H194402000,313826,4526816,4482057,Suma de PAH1
after_2007,0003,0006,F016204,Desembocadura del torrent de l'Estany - H194402000,313826,4526816,4482058,Suma de PAH2
after_2007,0003,0006,F016204,Desembocadura del torrent de l'Estany - H194402000,313826,4526816,4482059,Suma de DDT
after_2007,0003,0006,F016204,Desembocadura del torrent de l'Estany - H194402000,313826,4526816,4482060,Bor
after_2007,0003,0006,F016204,Desembocadura del torrent de l'Estany - H194402000,313826,4526816,4482061,Bari
after_2007,0003,0006,F016204,Desembocadura del torrent de l'Estany - H194402000,313826,4526816,4482062,Crom
after_2007,0003,0006,F016204,Desembocadura del torrent de l'Estany - H194402000,313826,4526816,4482063,Plom
after_2007,0003,0006,F016204,Desembocadura del torrent de l'Estany - H194402000,313826,4526816,4482064,Zinc
after_2007,0003,0006,F016204,Desembocadura del torrent de l'Estany - H194402000,313826,4526816,4482066,Coure
after_2007,0003,0006,F016204,Desembocadura del torrent de l'Estany - H194402000,313826,4526816,4482067,Ferro
after_2007,0003,0006,F016204,Desembocadura del torrent de l'Estany - H194402000,313826,4526816,4482068,Cobalt
after_2007,0003,0006,F016204,Desembocadura del torrent de l'Estany - H194402000,313826,4526816,4482069,Níquel
after_2007,0003,0006,F016204,Desembocadura del torrent de l'Estany - H194402000,313826,4526816,4482070,Seleni
after_2007,0003,0006,F016204,Desembocadura del torrent de l'Estany - H194402000,313826,4526816,4482071,Vanadi
after_2007,0003,0006,F016204,Desembocadura del torrent de l'Estany - H194402000,313826,4526816,4482072,Alumini
after_2007,0003,0006,F016204,Desembocadura del torrent de l'Estany - H194402000,313826,4526816,4482073,Arsènic
after_2007,0003,0006,F016204,Desembocadura del torrent de l'Estany - H194402000,313826,4526816,4482074,Mercuri
after_2007,0003,0006,F016204,Desembocadura del torrent de l'Estany - H194402000,313826,4526816,4482075,Molibdè
after_2007,0003,0006,F016204,Desembocadura del torrent de l'Estany - H194402000,313826,4526816,4482076,Antimoni
after_2007,0003,0006,F016204,Desembocadura del torrent de l'Estany - H194402000,313826,4526816,4482077,Beril·li
after_2007,0003,0006,F016204,Desembocadura del torrent de l'Estany - H194402000,313826,4526816,4482078,Estronci
after_2007,0003,0006,F016204,Desembocadura del torrent de l'Estany - H194402000,313826,4526816,4482079,Manganès
after_2007,0003,0006,F016204,Desembocadura del torrent de l'Estany - H194402000,313826,4526816,4483385,"2,4'-DDE"
after_2007,0003,0006,F016204,Desembocadura del torrent de l'Estany - H194402000,313826,4526816,4483386,"2,4'-DDD"
after_2007,0003,0006,F016204,Desembocadura del torrent de l'Estany - H194402000,313826,4526816,4483387,Metolaclor
after_2007,0003,0006,F016204,Desembocadura del torrent de l'Estany - H194402000,313826,4526816,4483388,Epòxid d'heptaclor A
after_2007,0003,0006,F016204,Desembocadura del torrent de l'Estany - H194402000,313826,4526816,4483389,Suma de diclorobenzens
after_2007,0003,0006,F016204,Desembocadura del torrent de l'Estany - H194402000,313826,4526816,4483390,Cianazina
after_2007,0003,0006,F016204,Desembocadura del torrent de l'Estany - H194402000,313826,4526816,4483391,Diuron
after_2007,0003,0006,F016204,Desembocadura del torrent de l'Estany - H194402000,313826,4526816,4483392,Isoproturon
after_2007,0003,0006,F016204,Desembocadura del torrent de l'Estany - H194402000,313826,4526816,4483393,Linuron
after_2007,0003,0006,F016204,Desembocadura del torrent de l'Estany - H194402000,313826,4526816,4483394,Bentazona
after_2007,0003,0006,F016204,Desembocadura del torrent de l'Estany - H194402000,313826,4526816,4483395,Cetona d'endrín
after_2007,0003,0006,F016204,Desembocadura del torrent de l'Estany - H194402000,313826,4526816,4483396,BDE-28
after_2007,0003,0006,F016204,Desembocadura del torrent de l'Estany - H194402000,313826,4526816,4483397,Quinoxifèn
after_2007,0003,0006,F016204,Desembocadura del torrent de l'Estany - H194402000,313826,4526816,4483398,Aclonifèn
after_2007,0003,0006,F016204,Desembocadura del torrent de l'Estany - H194402000,313826,4526816,4483399,Bifenox
after_2007,0003,0006,F016204,Desembocadura del torrent de l'Estany - H194402000,313826,4526816,4483401,Cibutrina
after_2007,0003,0006,F016204,Desembocadura del torrent de l'Estany - H194402000,313826,4526816,4483402,4-n-nonilfenol
after_2007,0003,0006,F016204,Desembocadura del torrent de l'Estany - H194402000,313826,4526816,4483416,Clortoluron
after_2007,0003,0006,F016204,Desembocadura del torrent de l'Estany - H194402000,313826,4526816,4483434,Suma de xilens
after_2007,0003,0006,F016204,Desembocadura del torrent de l'Estany - H194402000,313826,4526816,4483435,Toluè
after_2007,0003,0006,F016204,Desembocadura del torrent de l'Estany - H194402000,313826,4526816,4483436,Hexaclorobutadiè
after_2007,0003,0006,F016204,Desembocadura del torrent de l'Estany - H194402000,313826,4526816,4483437,Diclorometà
after_2007,0003,0006,F016204,Desembocadura del torrent de l'Estany - H194402000,313826,4526816,4483438,"trans-1,2-dicloroetilè"
after_2007,0003,0006,F016204,Desembocadura del torrent de l'Estany - H194402000,313826,4526816,4483439,"cis-1,2-dicloroetilè"
after_2007,0003,0006,F016204,Desembocadura del torrent de l'Estany - H194402000,313826,4526816,4483440,Tetraclorur de Carboni
after_2007,0003,0006,F016204,Desembocadura del torrent de l'Estany - H194402000,313826,4526816,4483441,Tricloroetilè
after_2007,0003,0006,F016204,Desembocadura del torrent de l'Estany - H194402000,313826,4526816,4483442,Bromodiclorometà
after_2007,0003,0006,F016204,Desembocadura del torrent de l'Estany - H194402000,313826,4526816,4483443,"cis-1,3-dicloropropè"
after_2007,0003,0006,F016204,Desembocadura del torrent de l'Estany - H194402000,313826,4526816,4483444,Triclorometà
after_2007,0003,0006,F016204,Desembocadura del torrent de l'Estany - H194402000,313826,4526816,4483445,"1,1,2-tricloroetà"
after_2007,0003,0006,F016204,Desembocadura del torrent de l'Estany - H194402000,313826,4526816,4483446,Tetracloroetilè
after_2007,0003,0006,F016204,Desembocadura del torrent de l'Estany - H194402000,313826,4526816,4483447,Dibromoclorometà
after_2007,0003,0006,F016204,Desembocadura del torrent de l'Estany - H194402000,313826,4526816,4483448,Bromoform
after_2007,0003,0006,F016204,Desembocadura del torrent de l'Estany - H194402000,313826,4526816,4483449,"1,2-dicloroetà"
after_2007,0003,0006,F016204,Desembocadura del torrent de l'Estany - H194402000,313826,4526816,4483450,"1,4-diclorobenzè"
after_2007,0003,0006,F016204,Desembocadura del torrent de l'Estany - H194402000,313826,4526816,4483451,"1,2-diclorobenzè"
after_2007,0003,0006,F016204,Desembocadura del torrent de l'Estany - H194402000,313826,4526816,4483452,Suma de triclorobenzens
after_2007,0003,0006,F016204,Desembocadura del torrent de l'Estany - H194402000,313826,4526816,4483453,"1,2,4-triclorobenzè"
after_2007,0003,0006,F016204,Desembocadura del torrent de l'Estany - H194402000,313826,4526816,4483454,"1,2,3-triclorobenzè"
after_2007,0003,0006,F016204,Desembocadura del torrent de l'Estany - H194402000,313826,4526816,4483455,Benzè
after_2007,0003,0006,F016204,Desembocadura del torrent de l'Estany - H194402000,313826,4526816,4483456,Etilbenzè
after_2007,0003,0006,F016204,Desembocadura del torrent de l'Estany - H194402000,313826,4526816,4483457,"m,p-Xilè"
after_2007,0003,0006,F016204,Desembocadura del torrent de l'Estany - H194402000,313826,4526816,4483458,o-Xilè
after_2007,0003,0006,F016204,Desembocadura del torrent de l'Estany - H194402000,313826,4526816,4483459,Hexaclorobenzè
after_2007,0003,0006,F016204,Desembocadura del torrent de l'Estany - H194402000,313826,4526816,4483460,Clorobenzè
after_2007,0003,0006,F016204,Desembocadura del torrent de l'Estany - H194402000,313826,4526816,4483461,a-hexaclorociclohexà
after_2007,0003,0006,F016204,Desembocadura del torrent de l'Estany - H194402000,313826,4526816,4483462,Lindà(g-hexaclorociclohexà)
after_2007,0003,0006,F016204,Desembocadura del torrent de l'Estany - H194402000,313826,4526816,4483463,"1,1-dicloroetilè"
after_2007,0003,0006,F016204,Desembocadura del torrent de l'Estany - H194402000,313826,4526816,4483464,"1,1-dicloroetà"
after_2007,0003,0006,F016204,Desembocadura del torrent de l'Estany - H194402000,313826,4526816,4483465,"1,1,1-tricloroetà"
after_2007,0003,0006,F016204,Desembocadura del torrent de l'Estany - H194402000,313826,4526816,4483466,"1,2-dicloropropà"
after_2007,0003,0006,F016204,Desembocadura del torrent de l'Estany - H194402000,313826,4526816,4483467,"trans-1,3-dicloropropè"
after_2007,0003,0006,F016204,Desembocadura del torrent de l'Estany - H194402000,313826,4526816,4483468,"1,1,2,2-tetracloroetà"
after_2007,0003,0006,F016204,Desembocadura del torrent de l'Estany - H194402000,313826,4526816,4483469,"1,3,5-triclorobenzè"
after_2007,0003,0006,F016204,Desembocadura del torrent de l'Estany - H194402000,313826,4526816,4483470,Heptaclor
after_2007,0003,0006,F016204,Desembocadura del torrent de l'Estany - H194402000,313826,4526816,4483471,Aldrín
after_2007,0003,0006,F016204,Desembocadura del torrent de l'Estany - H194402000,313826,4526816,4483472,Isodrín
after_2007,0003,0006,F016204,Desembocadura del torrent de l'Estany - H194402000,313826,4526816,4483473,Epòxid d'heptaclor B
after_2007,0003,0006,F016204,Desembocadura del torrent de l'Estany - H194402000,313826,4526816,4483474,Endosulfan I
after_2007,0003,0006,F016204,Desembocadura del torrent de l'Estany - H194402000,313826,4526816,4483475,Dieldrín
after_2007,0003,0006,F016204,Desembocadura del torrent de l'Estany - H194402000,313826,4526816,4483476,Endrín
after_2007,0003,0006,F016204,Desembocadura del torrent de l'Estany - H194402000,313826,4526816,4483477,"4,4'-DDE"
after_2007,0003,0006,F016204,Desembocadura del torrent de l'Estany - H194402000,313826,4526816,4483478,Endosulfan II
after_2007,0003,0006,F016204,Desembocadura del torrent de l'Estany - H194402000,313826,4526816,4483479,"4,4'-DDD"
after_2007,0003,0006,F016204,Desembocadura del torrent de l'Estany - H194402000,313826,4526816,4483480,Sulfat d'endosulfan
after_2007,0003,0006,F016204,Desembocadura del torrent de l'Estany - H194402000,313826,4526816,4483481,"4,4'-DDT"
after_2007,0003,0006,F016204,Desembocadura del torrent de l'Estany - H194402000,313826,4526816,4483482,Triclorofluorometà
after_2007,0003,0006,F016204,Desembocadura del torrent de l'Estany - H194402000,313826,4526816,4483483,"1,3-diclorobenzè"
after_2007,0003,0006,F016204,Desembocadura del torrent de l'Estany - H194402000,313826,4526816,4483484,Naftalè
after_2007,0003,0006,F016204,Desembocadura del torrent de l'Estany - H194402000,313826,4526816,4483486,Diazinon
after_2007,0003,0006,F016204,Desembocadura del torrent de l'Estany - H194402000,313826,4526816,4483487,Paration de Metil
after_2007,0003,0006,F016204,Desembocadura del torrent de l'Estany - H194402000,313826,4526816,4483488,Fenitrotion
after_2007,0003,0006,F016204,Desembocadura del torrent de l'Estany - H194402000,313826,4526816,4483489,Malation
after_2007,0003,0006,F016204,Desembocadura del torrent de l'Estany - H194402000,313826,4526816,4483490,Clorpirifòs
after_2007,0003,0006,F016204,Desembocadura del torrent de l'Estany - H194402000,313826,4526816,4483491,Paration
after_2007,0003,0006,F016204,Desembocadura del torrent de l'Estany - H194402000,313826,4526816,4483492,Clorfenvinfòs (suma d'isòmers)
after_2007,0003,0006,F016204,Desembocadura del torrent de l'Estany - H194402000,313826,4526816,4483493,Etion
after_2007,0003,0006,F016204,Desembocadura del torrent de l'Estany - H194402000,313826,4526816,4483494,Azinfòs d'Etil
after_2007,0003,0006,F016204,Desembocadura del torrent de l'Estany - H194402000,313826,4526816,4483495,Simazina
after_2007,0003,0006,F016204,Desembocadura del torrent de l'Estany - H194402000,313826,4526816,4483496,Atrazina
after_2007,0003,0006,F016204,Desembocadura del torrent de l'Estany - H194402000,313826,4526816,4483497,Propazina
after_2007,0003,0006,F016204,Desembocadura del torrent de l'Estany - H194402000,313826,4526816,4483498,Terbutrina
after_2007,0003,0006,F016204,Desembocadura del torrent de l'Estany - H194402000,313826,4526816,4483499,Antracè
after_2007,0003,0006,F016204,Desembocadura del torrent de l'Estany - H194402000,313826,4526816,4483500,Fluorantè
after_2007,0003,0006,F016204,Desembocadura del torrent de l'Estany - H194402000,313826,4526816,4483501,Benzo(b)fluorantè
after_2007,0003,0006,F016204,Desembocadura del torrent de l'Estany - H194402000,313826,4526816,4483502,Benzo(k)fluorantè
after_2007,0003,0006,F016204,Desembocadura del torrent de l'Estany - H194402000,313826,4526816,4483503,Benzo(a)pirè
after_2007,0003,0006,F016204,Desembocadura del torrent de l'Estany - H194402000,313826,4526816,4483504,"Indeno(1,2,3-cd)pirè"
after_2007,0003,0006,F016204,Desembocadura del torrent de l'Estany - H194402000,313826,4526816,4483505,Benzo(ghi)perilè
after_2007,0003,0006,F016204,Desembocadura del torrent de l'Estany - H194402000,313826,4526816,4483506,Desetilatrazina
after_2007,0003,0006,F016204,Desembocadura del torrent de l'Estany - H194402000,313826,4526816,4483507,Suma d'al-diel-iso-endrín
after_2007,0003,0006,F016204,Desembocadura del torrent de l'Estany - H194402000,313826,4526816,4483508,Trifluralina
after_2007,0003,0006,F016204,Desembocadura del torrent de l'Estany - H194402000,313826,4526816,4483509,Molinat
after_2007,0003,0006,F016204,Desembocadura del torrent de l'Estany - H194402000,313826,4526816,4483510,Terbutilazina
after_2007,0003,0006,F016204,Desembocadura del torrent de l'Estany - H194402000,313826,4526816,4483511,Alaclor
after_2007,0003,0006,F016204,Desembocadura del torrent de l'Estany - H194402000,313826,4526816,4483512,Pentaclorobenzè
after_2007,0003,0006,F016204,Desembocadura del torrent de l'Estany - H194402000,313826,4526816,4483513,tert-Octilfenol
after_2007,0003,0006,F016204,Desembocadura del torrent de l'Estany - H194402000,313826,4526816,4483514,"2,4'-DDT"
after_2007,0003,0006,F016205,Desembocadura del torrent del Pi - H194401000,316541,4529943,4482024,BDE-47
after_2007,0003,0006,F016205,Desembocadura del torrent del Pi - H194401000,316541,4529943,4482025,BDE-99
after_2007,0003,0006,F016205,Desembocadura del torrent del Pi - H194401000,316541,4529943,4482026,BDE-100
after_2007,0003,0006,F016205,Desembocadura del torrent del Pi - H194401000,316541,4529943,4482027,BDE-153
after_2007,0003,0006,F016205,Desembocadura del torrent del Pi - H194401000,316541,4529943,4482028,BDE-154
after_2007,0003,0006,F016205,Desembocadura del torrent del Pi - H194401000,316541,4529943,4482029,Suma de PAH1
after_2007,0003,0006,F016205,Desembocadura del torrent del Pi - H194401000,316541,4529943,4482030,Suma de PAH2
after_2007,0003,0006,F016205,Desembocadura del torrent del Pi - H194401000,316541,4529943,4482031,Suma de DDT
after_2007,0003,0006,F016205,Desembocadura del torrent del Pi - H194401000,316541,4529943,4482032,Bor
after_2007,0003,0006,F016205,Desembocadura del torrent del Pi - H194401000,316541,4529943,4482033,Bari
after_2007,0003,0006,F016205,Desembocadura del torrent del Pi - H194401000,316541,4529943,4482034,Crom
after_2007,0003,0006,F016205,Desembocadura del torrent del Pi - H194401000,316541,4529943,4482035,Plom
after_2007,0003,0006,F016205,Desembocadura del torrent del Pi - H194401000,316541,4529943,4482036,Zinc
after_2007,0003,0006,F016205,Desembocadura del torrent del Pi - H194401000,316541,4529943,4482038,Coure
after_2007,0003,0006,F016205,Desembocadura del torrent del Pi - H194401000,316541,4529943,4482039,Ferro
after_2007,0003,0006,F016205,Desembocadura del torrent del Pi - H194401000,316541,4529943,4482040,Cobalt
after_2007,0003,0006,F016205,Desembocadura del torrent del Pi - H194401000,316541,4529943,4482041,Níquel
after_2007,0003,0006,F016205,Desembocadura del torrent del Pi - H194401000,316541,4529943,4482042,Seleni
after_2007,0003,0006,F016205,Desembocadura del torrent del Pi - H194401000,316541,4529943,4482043,Vanadi
after_2007,0003,0006,F016205,Desembocadura del torrent del Pi - H194401000,316541,4529943,4482044,Alumini
after_2007,0003,0006,F016205,Desembocadura del torrent del Pi - H194401000,316541,4529943,4482045,Arsènic
after_2007,0003,0006,F016205,Desembocadura del torrent del Pi - H194401000,316541,4529943,4482046,Mercuri
after_2007,0003,0006,F016205,Desembocadura del torrent del Pi - H194401000,316541,4529943,4482047,Molibdè
after_2007,0003,0006,F016205,Desembocadura del torrent del Pi - H194401000,316541,4529943,4482048,Antimoni
after_2007,0003,0006,F016205,Desembocadura del torrent del Pi - H194401000,316541,4529943,4482049,Beril·li
after_2007,0003,0006,F016205,Desembocadura del torrent del Pi - H194401000,316541,4529943,4482050,Estronci
after_2007,0003,0006,F016205,Desembocadura del torrent del Pi - H194401000,316541,4529943,4482051,Manganès
after_2007,0003,0006,F016205,Desembocadura del torrent del Pi - H194401000,316541,4529943,4482565,"2,4'-DDE"
after_2007,0003,0006,F016205,Desembocadura del torrent del Pi - H194401000,316541,4529943,4482566,"2,4'-DDD"
after_2007,0003,0006,F016205,Desembocadura del torrent del Pi - H194401000,316541,4529943,4482567,Metolaclor
after_2007,0003,0006,F016205,Desembocadura del torrent del Pi - H194401000,316541,4529943,4482568,Epòxid d'heptaclor A
after_2007,0003,0006,F016205,Desembocadura del torrent del Pi - H194401000,316541,4529943,4482569,Suma de diclorobenzens
after_2007,0003,0006,F016205,Desembocadura del torrent del Pi - H194401000,316541,4529943,4482570,Cianazina
after_2007,0003,0006,F016205,Desembocadura del torrent del Pi - H194401000,316541,4529943,4482571,Diuron
after_2007,0003,0006,F016205,Desembocadura del torrent del Pi - H194401000,316541,4529943,4482572,Isoproturon
after_2007,0003,0006,F016205,Desembocadura del torrent del Pi - H194401000,316541,4529943,4482573,Linuron
after_2007,0003,0006,F016205,Desembocadura del torrent del Pi - H194401000,316541,4529943,4482574,Bentazona
after_2007,0003,0006,F016205,Desembocadura del torrent del Pi - H194401000,316541,4529943,4482575,Cetona d'endrín
after_2007,0003,0006,F016205,Desembocadura del torrent del Pi - H194401000,316541,4529943,4482576,BDE-28
after_2007,0003,0006,F016205,Desembocadura del torrent del Pi - H194401000,316541,4529943,4482577,Quinoxifèn
after_2007,0003,0006,F016205,Desembocadura del torrent del Pi - H194401000,316541,4529943,4482578,Aclonifèn
after_2007,0003,0006,F016205,Desembocadura del torrent del Pi - H194401000,316541,4529943,4482579,Bifenox
after_2007,0003,0006,F016205,Desembocadura del torrent del Pi - H194401000,316541,4529943,4482581,Cibutrina
after_2007,0003,0006,F016205,Desembocadura del torrent del Pi - H194401000,316541,4529943,4482582,4-n-nonilfenol
after_2007,0003,0006,F016205,Desembocadura del torrent del Pi - H194401000,316541,4529943,4482596,Clortoluron
after_2007,0003,0006,F016205,Desembocadura del torrent del Pi - H194401000,316541,4529943,4482614,Suma de xilens
after_2007,0003,0006,F016205,Desembocadura del torrent del Pi - H194401000,316541,4529943,4482615,Toluè
after_2007,0003,0006,F016205,Desembocadura del torrent del Pi - H194401000,316541,4529943,4482616,Hexaclorobutadiè
after_2007,0003,0006,F016205,Desembocadura del torrent del Pi - H194401000,316541,4529943,4482617,Diclorometà
after_2007,0003,0006,F016205,Desembocadura del torrent del Pi - H194401000,316541,4529943,4482618,"trans-1,2-dicloroetilè"
after_2007,0003,0006,F016205,Desembocadura del torrent del Pi - H194401000,316541,4529943,4482619,"cis-1,2-dicloroetilè"
after_2007,0003,0006,F016205,Desembocadura del torrent del Pi - H194401000,316541,4529943,4482620,Tetraclorur de Carboni
after_2007,0003,0006,F016205,Desembocadura del torrent del Pi - H194401000,316541,4529943,4482621,Tricloroetilè
after_2007,0003,0006,F016205,Desembocadura del torrent del Pi - H194401000,316541,4529943,4482622,Bromodiclorometà
after_2007,0003,0006,F016205,Desembocadura del torrent del Pi - H194401000,316541,4529943,4482623,"cis-1,3-dicloropropè"
after_2007,0003,0006,F016205,Desembocadura del torrent del Pi - H194401000,316541,4529943,4482624,Triclorometà
after_2007,0003,0006,F016205,Desembocadura del torrent del Pi - H194401000,316541,4529943,4482625,"1,1,2-tricloroetà"
after_2007,0003,0006,F016205,Desembocadura del torrent del Pi - H194401000,316541,4529943,4482626,Tetracloroetilè
after_2007,0003,0006,F016205,Desembocadura del torrent del Pi - H194401000,316541,4529943,4482627,Dibromoclorometà
after_2007,0003,0006,F016205,Desembocadura del torrent del Pi - H194401000,316541,4529943,4482628,Bromoform
after_2007,0003,0006,F016205,Desembocadura del torrent del Pi - H194401000,316541,4529943,4482629,"1,2-dicloroetà"
after_2007,0003,0006,F016205,Desembocadura del torrent del Pi - H194401000,316541,4529943,4482630,"1,4-diclorobenzè"
after_2007,0003,0006,F016205,Desembocadura del torrent del Pi - H194401000,316541,4529943,4482631,"1,2-diclorobenzè"
after_2007,0003,0006,F016205,Desembocadura del torrent del Pi - H194401000,316541,4529943,4482632,Suma de triclorobenzens
after_2007,0003,0006,F016205,Desembocadura del torrent del Pi - H194401000,316541,4529943,4482633,"1,2,4-triclorobenzè"
after_2007,0003,0006,F016205,Desembocadura del torrent del Pi - H194401000,316541,4529943,4482634,"1,2,3-triclorobenzè"
after_2007,0003,0006,F016205,Desembocadura del torrent del Pi - H194401000,316541,4529943,4482635,Benzè
after_2007,0003,0006,F016205,Desembocadura del torrent del Pi - H194401000,316541,4529943,4482636,Etilbenzè
after_2007,0003,0006,F016205,Desembocadura del torrent del Pi - H194401000,316541,4529943,4482637,"m,p-Xilè"
after_2007,0003,0006,F016205,Desembocadura del torrent del Pi - H194401000,316541,4529943,4482638,o-Xilè
after_2007,0003,0006,F016205,Desembocadura del torrent del Pi - H194401000,316541,4529943,4482639,Hexaclorobenzè
after_2007,0003,0006,F016205,Desembocadura del torrent del Pi - H194401000,316541,4529943,4482640,Clorobenzè
after_2007,0003,0006,F016205,Desembocadura del torrent del Pi - H194401000,316541,4529943,4482641,a-hexaclorociclohexà
after_2007,0003,0006,F016205,Desembocadura del torrent del Pi - H194401000,316541,4529943,4482642,Lindà(g-hexaclorociclohexà)
after_2007,0003,0006,F016205,Desembocadura del torrent del Pi - H194401000,316541,4529943,4482643,"1,1-dicloroetilè"
after_2007,0003,0006,F016205,Desembocadura del torrent del Pi - H194401000,316541,4529943,4482644,"1,1-dicloroetà"
after_2007,0003,0006,F016205,Desembocadura del torrent del Pi - H194401000,316541,4529943,4482645,"1,1,1-tricloroetà"
after_2007,0003,0006,F016205,Desembocadura del torrent del Pi - H194401000,316541,4529943,4482646,"1,2-dicloropropà"
after_2007,0003,0006,F016205,Desembocadura del torrent del Pi - H194401000,316541,4529943,4482647,"trans-1,3-dicloropropè"
after_2007,0003,0006,F016205,Desembocadura del torrent del Pi - H194401000,316541,4529943,4482648,"1,1,2,2-tetracloroetà"
after_2007,0003,0006,F016205,Desembocadura del torrent del Pi - H194401000,316541,4529943,4482649,"1,3,5-triclorobenzè"
after_2007,0003,0006,F016205,Desembocadura del torrent del Pi - H194401000,316541,4529943,4482650,Heptaclor
after_2007,0003,0006,F016205,Desembocadura del torrent del Pi - H194401000,316541,4529943,4482651,Aldrín
after_2007,0003,0006,F016205,Desembocadura del torrent del Pi - H194401000,316541,4529943,4482652,Isodrín
after_2007,0003,0006,F016205,Desembocadura del torrent del Pi - H194401000,316541,4529943,4482653,Epòxid d'heptaclor B
after_2007,0003,0006,F016205,Desembocadura del torrent del Pi - H194401000,316541,4529943,4482654,Endosulfan I
after_2007,0003,0006,F016205,Desembocadura del torrent del Pi - H194401000,316541,4529943,4482655,Dieldrín
after_2007,0003,0006,F016205,Desembocadura del torrent del Pi - H194401000,316541,4529943,4482656,Endrín
after_2007,0003,0006,F016205,Desembocadura del torrent del Pi - H194401000,316541,4529943,4482657,"4,4'-DDE"
after_2007,0003,0006,F016205,Desembocadura del torrent del Pi - H194401000,316541,4529943,4482658,Endosulfan II
after_2007,0003,0006,F016205,Desembocadura del torrent del Pi - H194401000,316541,4529943,4482659,"4,4'-DDD"
after_2007,0003,0006,F016205,Desembocadura del torrent del Pi - H194401000,316541,4529943,4482660,Sulfat d'endosulfan
after_2007,0003,0006,F016205,Desembocadura del torrent del Pi - H194401000,316541,4529943,4482661,"4,4'-DDT"
after_2007,0003,0006,F016205,Desembocadura del torrent del Pi - H194401000,316541,4529943,4482662,Triclorofluorometà
after_2007,0003,0006,F016205,Desembocadura del torrent del Pi - H194401000,316541,4529943,4482663,"1,3-diclorobenzè"
after_2007,0003,0006,F016205,Desembocadura del torrent del Pi - H194401000,316541,4529943,4482664,Naftalè
after_2007,0003,0006,F016205,Desembocadura del torrent del Pi - H194401000,316541,4529943,4482666,Diazinon
after_2007,0003,0006,F016205,Desembocadura del torrent del Pi - H194401000,316541,4529943,4482667,Paration de Metil
after_2007,0003,0006,F016205,Desembocadura del torrent del Pi - H194401000,316541,4529943,4482668,Fenitrotion
after_2007,0003,0006,F016205,Desembocadura del torrent del Pi - H194401000,316541,4529943,4482669,Malation
after_2007,0003,0006,F016205,Desembocadura del torrent del Pi - H194401000,316541,4529943,4482670,Clorpirifòs
after_2007,0003,0006,F016205,Desembocadura del torrent del Pi - H194401000,316541,4529943,4482671,Paration
after_2007,0003,0006,F016205,Desembocadura del torrent del Pi - H194401000,316541,4529943,4482672,Clorfenvinfòs (suma d'isòmers)
after_2007,0003,0006,F016205,Desembocadura del torrent del Pi - H194401000,316541,4529943,4482673,Etion
after_2007,0003,0006,F016205,Desembocadura del torrent del Pi - H194401000,316541,4529943,4482674,Azinfòs d'Etil
after_2007,0003,0006,F016205,Desembocadura del torrent del Pi - H194401000,316541,4529943,4482675,Simazina
after_2007,0003,0006,F016205,Desembocadura del torrent del Pi - H194401000,316541,4529943,4482676,Atrazina
after_2007,0003,0006,F016205,Desembocadura del torrent del Pi - H194401000,316541,4529943,4482677,Propazina
after_2007,0003,0006,F016205,Desembocadura del torrent del Pi - H194401000,316541,4529943,4482678,Terbutrina
after_2007,0003,0006,F016205,Desembocadura del torrent del Pi - H194401000,316541,4529943,4482679,Antracè
after_2007,0003,0006,F016205,Desembocadura del torrent del Pi - H194401000,316541,4529943,4482680,Fluorantè
after_2007,0003,0006,F016205,Desembocadura del torrent del Pi - H194401000,316541,4529943,4482681,Benzo(b)fluorantè
after_2007,0003,0006,F016205,Desembocadura del torrent del Pi - H194401000,316541,4529943,4482682,Benzo(k)fluorantè
after_2007,0003,0006,F016205,Desembocadura del torrent del Pi - H194401000,316541,4529943,4482683,Benzo(a)pirè
after_2007,0003,0006,F016205,Desembocadura del torrent del Pi - H194401000,316541,4529943,4482684,"Indeno(1,2,3-cd)pirè"
after_2007,0003,0006,F016205,Desembocadura del torrent del Pi - H194401000,316541,4529943,4482685,Benzo(ghi)perilè
after_2007,0003,0006,F016205,Desembocadura del torrent del Pi - H194401000,316541,4529943,4482686,Desetilatrazina
after_2007,0003,0006,F016205,Desembocadura del torrent del Pi - H194401000,316541,4529943,4482687,Suma d'al-diel-iso-endrín
after_2007,0003,0006,F016205,Desembocadura del torrent del Pi - H194401000,316541,4529943,4482688,Trifluralina
after_2007,0003,0006,F016205,Desembocadura del torrent del Pi - H194401000,316541,4529943,4482689,Molinat
after_2007,0003,0006,F016205,Desembocadura del torrent del Pi - H194401000,316541,4529943,4482690,Terbutilazina
after_2007,0003,0006,F016205,Desembocadura del torrent del Pi - H194401000,316541,4529943,4482691,Alaclor
after_2007,0003,0006,F016205,Desembocadura del torrent del Pi - H194401000,316541,4529943,4482692,Pentaclorobenzè
after_2007,0003,0006,F016205,Desembocadura del torrent del Pi - H194401000,316541,4529943,4482693,tert-Octilfenol
after_2007,0003,0006,F016205,Desembocadura del torrent del Pi - H194401000,316541,4529943,4482694,"2,4'-DDT"
after_2007,0003,0006,F016206,Delta de l'Ebre-L'Alfacada - H240007000,316900,4505233,4275966,BDE-47
after_2007,0003,0006,F016206,Delta de l'Ebre-L'Alfacada - H240007000,316900,4505233,4275967,BDE-99
after_2007,0003,0006,F016206,Delta de l'Ebre-L'Alfacada - H240007000,316900,4505233,4275968,BDE-100
after_2007,0003,0006,F016206,Delta de l'Ebre-L'Alfacada - H240007000,316900,4505233,4275969,BDE-153
after_2007,0003,0006,F016206,Delta de l'Ebre-L'Alfacada - H240007000,316900,4505233,4275970,BDE-154
after_2007,0003,0006,F016206,Delta de l'Ebre-L'Alfacada - H240007000,316900,4505233,4275971,Suma de PAH1
after_2007,0003,0006,F016206,Delta de l'Ebre-L'Alfacada - H240007000,316900,4505233,4275972,Suma de PAH2
after_2007,0003,0006,F016206,Delta de l'Ebre-L'Alfacada - H240007000,316900,4505233,4275973,Suma de DDT
after_2007,0003,0006,F016206,Delta de l'Ebre-L'Alfacada - H240007000,316900,4505233,4275974,Bor
after_2007,0003,0006,F016206,Delta de l'Ebre-L'Alfacada - H240007000,316900,4505233,4275975,Bari
after_2007,0003,0006,F016206,Delta de l'Ebre-L'Alfacada - H240007000,316900,4505233,4275976,Crom
after_2007,0003,0006,F016206,Delta de l'Ebre-L'Alfacada - H240007000,316900,4505233,4275977,Plom
after_2007,0003,0006,F016206,Delta de l'Ebre-L'Alfacada - H240007000,316900,4505233,4275978,Zinc
after_2007,0003,0006,F016206,Delta de l'Ebre-L'Alfacada - H240007000,316900,4505233,4275979,Cadmi
after_2007,0003,0006,F016206,Delta de l'Ebre-L'Alfacada - H240007000,316900,4505233,4275980,Coure
after_2007,0003,0006,F016206,Delta de l'Ebre-L'Alfacada - H240007000,316900,4505233,4275981,Ferro
after_2007,0003,0006,F016206,Delta de l'Ebre-L'Alfacada - H240007000,316900,4505233,4275982,Cobalt
after_2007,0003,0006,F016206,Delta de l'Ebre-L'Alfacada - H240007000,316900,4505233,4275983,Níquel
after_2007,0003,0006,F016206,Delta de l'Ebre-L'Alfacada - H240007000,316900,4505233,4275984,Seleni
after_2007,0003,0006,F016206,Delta de l'Ebre-L'Alfacada - H240007000,316900,4505233,4275985,Vanadi
after_2007,0003,0006,F016206,Delta de l'Ebre-L'Alfacada - H240007000,316900,4505233,4275986,Alumini
after_2007,0003,0006,F016206,Delta de l'Ebre-L'Alfacada - H240007000,316900,4505233,4275987,Arsènic
after_2007,0003,0006,F016206,Delta de l'Ebre-L'Alfacada - H240007000,316900,4505233,4275988,Mercuri
after_2007,0003,0006,F016206,Delta de l'Ebre-L'Alfacada - H240007000,316900,4505233,4275989,Molibdè
after_2007,0003,0006,F016206,Delta de l'Ebre-L'Alfacada - H240007000,316900,4505233,4275990,Antimoni
after_2007,0003,0006,F016206,Delta de l'Ebre-L'Alfacada - H240007000,316900,4505233,4275991,Beril·li
after_2007,0003,0006,F016206,Delta de l'Ebre-L'Alfacada - H240007000,316900,4505233,4275992,Estronci
after_2007,0003,0006,F016206,Delta de l'Ebre-L'Alfacada - H240007000,316900,4505233,4275993,Manganès
after_2007,0003,0006,F016206,Delta de l'Ebre-L'Alfacada - H240007000,316900,4505233,4276445,Toluè
after_2007,0003,0006,F016206,Delta de l'Ebre-L'Alfacada - H240007000,316900,4505233,4276446,Hexaclorobutadiè
after_2007,0003,0006,F016206,Delta de l'Ebre-L'Alfacada - H240007000,316900,4505233,4276447,Diclorometà
after_2007,0003,0006,F016206,Delta de l'Ebre-L'Alfacada - H240007000,316900,4505233,4276448,"trans-1,2-Dicloroetilè"
after_2007,0003,0006,F016206,Delta de l'Ebre-L'Alfacada - H240007000,316900,4505233,4276449,"cis-1,2-Dicloroetilè"
after_2007,0003,0006,F016206,Delta de l'Ebre-L'Alfacada - H240007000,316900,4505233,4276450,Tetraclorur de Carboni
after_2007,0003,0006,F016206,Delta de l'Ebre-L'Alfacada - H240007000,316900,4505233,4276451,Tricloroetilè
after_2007,0003,0006,F016206,Delta de l'Ebre-L'Alfacada - H240007000,316900,4505233,4276452,Bromodiclorometà
after_2007,0003,0006,F016206,Delta de l'Ebre-L'Alfacada - H240007000,316900,4505233,4276453,"cis-1,3-Dicloropropè"
after_2007,0003,0006,F016206,Delta de l'Ebre-L'Alfacada - H240007000,316900,4505233,4276454,Triclorometà
after_2007,0003,0006,F016206,Delta de l'Ebre-L'Alfacada - H240007000,316900,4505233,4276455,"1,1,2-Tricloroetà"
after_2007,0003,0006,F016206,Delta de l'Ebre-L'Alfacada - H240007000,316900,4505233,4276456,Tetracloroetilè
after_2007,0003,0006,F016206,Delta de l'Ebre-L'Alfacada - H240007000,316900,4505233,4276457,Dibromoclorometà
after_2007,0003,0006,F016206,Delta de l'Ebre-L'Alfacada - H240007000,316900,4505233,4276458,Bromoform
after_2007,0003,0006,F016206,Delta de l'Ebre-L'Alfacada - H240007000,316900,4505233,4276459,"1,2-Dicloroetà"
after_2007,0003,0006,F016206,Delta de l'Ebre-L'Alfacada - H240007000,316900,4505233,4276460,"1,4-Diclorobenzè"
after_2007,0003,0006,F016206,Delta de l'Ebre-L'Alfacada - H240007000,316900,4505233,4276461,"1,2-Diclorobenzè"
after_2007,0003,0006,F016206,Delta de l'Ebre-L'Alfacada - H240007000,316900,4505233,4276462,Suma de triclorobenzens
after_2007,0003,0006,F016206,Delta de l'Ebre-L'Alfacada - H240007000,316900,4505233,4276463,"1,2,4-Triclorobenzè"
after_2007,0003,0006,F016206,Delta de l'Ebre-L'Alfacada - H240007000,316900,4505233,4276464,"1,2,3-Triclorobenzè"
after_2007,0003,0006,F016206,Delta de l'Ebre-L'Alfacada - H240007000,316900,4505233,4276465,Benzè
after_2007,0003,0006,F016206,Delta de l'Ebre-L'Alfacada - H240007000,316900,4505233,4276466,Etilbenzè
after_2007,0003,0006,F016206,Delta de l'Ebre-L'Alfacada - H240007000,316900,4505233,4276467,"m,p-Xilè"
after_2007,0003,0006,F016206,Delta de l'Ebre-L'Alfacada - H240007000,316900,4505233,4276468,o-Xilè
after_2007,0003,0006,F016206,Delta de l'Ebre-L'Alfacada - H240007000,316900,4505233,4276469,Hexaclorobenzè
after_2007,0003,0006,F016206,Delta de l'Ebre-L'Alfacada - H240007000,316900,4505233,4276470,Clorobenzè
after_2007,0003,0006,F016206,Delta de l'Ebre-L'Alfacada - H240007000,316900,4505233,4276471,a-Hexaclorociclohexà
after_2007,0003,0006,F016206,Delta de l'Ebre-L'Alfacada - H240007000,316900,4505233,4276472,Lindà(g-Hexaclorociclohexà)
after_2007,0003,0006,F016206,Delta de l'Ebre-L'Alfacada - H240007000,316900,4505233,4276473,"1,1-Dicloroetilè"
after_2007,0003,0006,F016206,Delta de l'Ebre-L'Alfacada - H240007000,316900,4505233,4276474,"1,1-Dicloroetà"
after_2007,0003,0006,F016206,Delta de l'Ebre-L'Alfacada - H240007000,316900,4505233,4276475,"1,1,1-Tricloroetà"
after_2007,0003,0006,F016206,Delta de l'Ebre-L'Alfacada - H240007000,316900,4505233,4276476,"1,2-Dicloropropà"
after_2007,0003,0006,F016206,Delta de l'Ebre-L'Alfacada - H240007000,316900,4505233,4276477,"trans-1,3-Dicloropropè"
after_2007,0003,0006,F016206,Delta de l'Ebre-L'Alfacada - H240007000,316900,4505233,4276478,"1,1,2,2-Tetracloroetà"
after_2007,0003,0006,F016206,Delta de l'Ebre-L'Alfacada - H240007000,316900,4505233,4276479,"1,3,5-Triclorobenzè"
after_2007,0003,0006,F016206,Delta de l'Ebre-L'Alfacada - H240007000,316900,4505233,4276480,Heptaclor
after_2007,0003,0006,F016206,Delta de l'Ebre-L'Alfacada - H240007000,316900,4505233,4276481,Aldrín
after_2007,0003,0006,F016206,Delta de l'Ebre-L'Alfacada - H240007000,316900,4505233,4276482,Isodrín
after_2007,0003,0006,F016206,Delta de l'Ebre-L'Alfacada - H240007000,316900,4505233,4276483,Epòxid d'heptaclor B
after_2007,0003,0006,F016206,Delta de l'Ebre-L'Alfacada - H240007000,316900,4505233,4276484,Endosulfan I
after_2007,0003,0006,F016206,Delta de l'Ebre-L'Alfacada - H240007000,316900,4505233,4276485,Dieldrín
after_2007,0003,0006,F016206,Delta de l'Ebre-L'Alfacada - H240007000,316900,4505233,4276486,Endrín
after_2007,0003,0006,F016206,Delta de l'Ebre-L'Alfacada - H240007000,316900,4505233,4276487,"4,4'-DDE"
after_2007,0003,0006,F016206,Delta de l'Ebre-L'Alfacada - H240007000,316900,4505233,4276488,Endosulfan II
after_2007,0003,0006,F016206,Delta de l'Ebre-L'Alfacada - H240007000,316900,4505233,4276489,"4,4'-DDD"
after_2007,0003,0006,F016206,Delta de l'Ebre-L'Alfacada - H240007000,316900,4505233,4276490,Sulfat d'endosulfan
after_2007,0003,0006,F016206,Delta de l'Ebre-L'Alfacada - H240007000,316900,4505233,4276491,"4,4'-DDT"
after_2007,0003,0006,F016206,Delta de l'Ebre-L'Alfacada - H240007000,316900,4505233,4276492,Triclorofluorometà
after_2007,0003,0006,F016206,Delta de l'Ebre-L'Alfacada - H240007000,316900,4505233,4276493,"1,3-diclorobenzè"
after_2007,0003,0006,F016206,Delta de l'Ebre-L'Alfacada - H240007000,316900,4505233,4276494,Naftalè
after_2007,0003,0006,F016206,Delta de l'Ebre-L'Alfacada - H240007000,316900,4505233,4276495,Diazinon
after_2007,0003,0006,F016206,Delta de l'Ebre-L'Alfacada - H240007000,316900,4505233,4276496,Paration de metil
after_2007,0003,0006,F016206,Delta de l'Ebre-L'Alfacada - H240007000,316900,4505233,4276497,Fenitrotion
after_2007,0003,0006,F016206,Delta de l'Ebre-L'Alfacada - H240007000,316900,4505233,4276498,Malation
after_2007,0003,0006,F016206,Delta de l'Ebre-L'Alfacada - H240007000,316900,4505233,4276499,Clorpirifòs
after_2007,0003,0006,F016206,Delta de l'Ebre-L'Alfacada - H240007000,316900,4505233,4276500,Paration
after_2007,0003,0006,F016206,Delta de l'Ebre-L'Alfacada - H240007000,316900,4505233,4276501,Clorfenvinfòs (suma d'isòmers)
after_2007,0003,0006,F016206,Delta de l'Ebre-L'Alfacada - H240007000,316900,4505233,4276502,Etion
after_2007,0003,0006,F016206,Delta de l'Ebre-L'Alfacada - H240007000,316900,4505233,4276503,Azinfòs d'etil
after_2007,0003,0006,F016206,Delta de l'Ebre-L'Alfacada - H240007000,316900,4505233,4276504,Simazina
after_2007,0003,0006,F016206,Delta de l'Ebre-L'Alfacada - H240007000,316900,4505233,4276505,Atrazina
after_2007,0003,0006,F016206,Delta de l'Ebre-L'Alfacada - H240007000,316900,4505233,4276506,Propazina
after_2007,0003,0006,F016206,Delta de l'Ebre-L'Alfacada - H240007000,316900,4505233,4276507,Terbutrina
after_2007,0003,0006,F016206,Delta de l'Ebre-L'Alfacada - H240007000,316900,4505233,4276508,Antracè
after_2007,0003,0006,F016206,Delta de l'Ebre-L'Alfacada - H240007000,316900,4505233,4276509,Fluorantè
after_2007,0003,0006,F016206,Delta de l'Ebre-L'Alfacada - H240007000,316900,4505233,4276510,Benzo(b)fluorantè
after_2007,0003,0006,F016206,Delta de l'Ebre-L'Alfacada - H240007000,316900,4505233,4276511,Benzo(k)fluorantè
after_2007,0003,0006,F016206,Delta de l'Ebre-L'Alfacada - H240007000,316900,4505233,4276512,Benzo(a)pirè
after_2007,0003,0006,F016206,Delta de l'Ebre-L'Alfacada - H240007000,316900,4505233,4276513,"Indeno(1,2,3-cd)pirè"
after_2007,0003,0006,F016206,Delta de l'Ebre-L'Alfacada - H240007000,316900,4505233,4276514,Benzo(ghi)perilè
after_2007,0003,0006,F016206,Delta de l'Ebre-L'Alfacada - H240007000,316900,4505233,4276515,Suma d'al-diel-iso-endrín
after_2007,0003,0006,F016206,Delta de l'Ebre-L'Alfacada - H240007000,316900,4505233,4276516,Suma d'Organofosforats
after_2007,0003,0006,F016206,Delta de l'Ebre-L'Alfacada - H240007000,316900,4505233,4276517,Suma de plaguicides clorats
after_2007,0003,0006,F016206,Delta de l'Ebre-L'Alfacada - H240007000,316900,4505233,4276518,Suma de triazines
after_2007,0003,0006,F016206,Delta de l'Ebre-L'Alfacada - H240007000,316900,4505233,4276519,Trifluralina
after_2007,0003,0006,F016206,Delta de l'Ebre-L'Alfacada - H240007000,316900,4505233,4276520,Molinat
after_2007,0003,0006,F016206,Delta de l'Ebre-L'Alfacada - H240007000,316900,4505233,4276521,Terbutilazina
after_2007,0003,0006,F016206,Delta de l'Ebre-L'Alfacada - H240007000,316900,4505233,4276522,Alaclor
after_2007,0003,0006,F016206,Delta de l'Ebre-L'Alfacada - H240007000,316900,4505233,4276523,Pentaclorobenzè
after_2007,0003,0006,F016206,Delta de l'Ebre-L'Alfacada - H240007000,316900,4505233,4276524,tert-Octilfenol
after_2007,0003,0006,F016206,Delta de l'Ebre-L'Alfacada - H240007000,316900,4505233,4276525,NPEO(e=0)
after_2007,0003,0006,F016206,Delta de l'Ebre-L'Alfacada - H240007000,316900,4505233,4276526,"2,4'-DDT"
after_2007,0003,0006,F016206,Delta de l'Ebre-L'Alfacada - H240007000,316900,4505233,4276527,"2,4'-DDE"
after_2007,0003,0006,F016206,Delta de l'Ebre-L'Alfacada - H240007000,316900,4505233,4276528,"2,4'-DDD"
after_2007,0003,0006,F016206,Delta de l'Ebre-L'Alfacada - H240007000,316900,4505233,4276529,Metolaclor
after_2007,0003,0006,F016206,Delta de l'Ebre-L'Alfacada - H240007000,316900,4505233,4276530,Epòxid d'heptaclor A
after_2007,0003,0006,F016206,Delta de l'Ebre-L'Alfacada - H240007000,316900,4505233,4276531,Suma de diclorobenzens
after_2007,0003,0006,F016206,Delta de l'Ebre-L'Alfacada - H240007000,316900,4505233,4276532,Cetona d'endrín
after_2007,0003,0006,F016206,Delta de l'Ebre-L'Alfacada - H240007000,316900,4505233,4276533,BDE-28
after_2007,0003,0006,F016206,Delta de l'Ebre-L'Alfacada - H240007000,316900,4505233,4276534,Quinoxifèn
after_2007,0003,0006,F016206,Delta de l'Ebre-L'Alfacada - H240007000,316900,4505233,4276535,Aclonifèn
after_2007,0003,0006,F016206,Delta de l'Ebre-L'Alfacada - H240007000,316900,4505233,4276536,Bifenox
after_2007,0003,0006,F016206,Delta de l'Ebre-L'Alfacada - H240007000,316900,4505233,4276537,Cipermetrín (suma d'isòmers)
after_2007,0003,0006,F016206,Delta de l'Ebre-L'Alfacada - H240007000,316900,4505233,4276538,Cibutrina
after_2007,0003,0006,F016206,Delta de l'Ebre-L'Alfacada - H240007000,316900,4505233,4276539,4-n-Nonilfenol
after_2007,0003,0006,F016206,Delta de l'Ebre-L'Alfacada - H240007000,316900,4505233,4422635,Desetilatrazina
after_2007,0003,0006,F016206,Delta de l'Ebre-L'Alfacada - H240007000,316900,4505233,4422636,Cianazina
after_2007,0003,0006,F016206,Delta de l'Ebre-L'Alfacada - H240007000,316900,4505233,4422637,Diuron
after_2007,0003,0006,F016206,Delta de l'Ebre-L'Alfacada - H240007000,316900,4505233,4422638,Isoproturon
after_2007,0003,0006,F016206,Delta de l'Ebre-L'Alfacada - H240007000,316900,4505233,4422639,Linuron
after_2007,0003,0006,F016206,Delta de l'Ebre-L'Alfacada - H240007000,316900,4505233,4422640,Bentazona
after_2007,0003,0006,F016206,Delta de l'Ebre-L'Alfacada - H240007000,316900,4505233,4422652,Clortoluron
after_2007,0003,0006,F016207,Delta de l'Ebre-El Garxal - H240005000,318953,4510222,4276784,BDE-47
after_2007,0003,0006,F016207,Delta de l'Ebre-El Garxal - H240005000,318953,4510222,4276785,BDE-99
after_2007,0003,0006,F016207,Delta de l'Ebre-El Garxal - H240005000,318953,4510222,4276786,BDE-100
after_2007,0003,0006,F016207,Delta de l'Ebre-El Garxal - H240005000,318953,4510222,4276787,BDE-153
after_2007,0003,0006,F016207,Delta de l'Ebre-El Garxal - H240005000,318953,4510222,4276788,BDE-154
after_2007,0003,0006,F016207,Delta de l'Ebre-El Garxal - H240005000,318953,4510222,4276789,Suma de PAH1
after_2007,0003,0006,F016207,Delta de l'Ebre-El Garxal - H240005000,318953,4510222,4276790,Suma de PAH2
after_2007,0003,0006,F016207,Delta de l'Ebre-El Garxal - H240005000,318953,4510222,4276791,Suma de DDT
after_2007,0003,0006,F016207,Delta de l'Ebre-El Garxal - H240005000,318953,4510222,4276792,Bor
after_2007,0003,0006,F016207,Delta de l'Ebre-El Garxal - H240005000,318953,4510222,4276793,Bari
after_2007,0003,0006,F016207,Delta de l'Ebre-El Garxal - H240005000,318953,4510222,4276794,Crom
after_2007,0003,0006,F016207,Delta de l'Ebre-El Garxal - H240005000,318953,4510222,4276795,Plom
after_2007,0003,0006,F016207,Delta de l'Ebre-El Garxal - H240005000,318953,4510222,4276796,Zinc
after_2007,0003,0006,F016207,Delta de l'Ebre-El Garxal - H240005000,318953,4510222,4276797,Cadmi
after_2007,0003,0006,F016207,Delta de l'Ebre-El Garxal - H240005000,318953,4510222,4276798,Coure
after_2007,0003,0006,F016207,Delta de l'Ebre-El Garxal - H240005000,318953,4510222,4276799,Ferro
after_2007,0003,0006,F016207,Delta de l'Ebre-El Garxal - H240005000,318953,4510222,4276800,Cobalt
after_2007,0003,0006,F016207,Delta de l'Ebre-El Garxal - H240005000,318953,4510222,4276801,Níquel
after_2007,0003,0006,F016207,Delta de l'Ebre-El Garxal - H240005000,318953,4510222,4276802,Seleni
after_2007,0003,0006,F016207,Delta de l'Ebre-El Garxal - H240005000,318953,4510222,4276803,Vanadi
after_2007,0003,0006,F016207,Delta de l'Ebre-El Garxal - H240005000,318953,4510222,4276804,Alumini
after_2007,0003,0006,F016207,Delta de l'Ebre-El Garxal - H240005000,318953,4510222,4276805,Arsènic
after_2007,0003,0006,F016207,Delta de l'Ebre-El Garxal - H240005000,318953,4510222,4276806,Mercuri
after_2007,0003,0006,F016207,Delta de l'Ebre-El Garxal - H240005000,318953,4510222,4276807,Molibdè
after_2007,0003,0006,F016207,Delta de l'Ebre-El Garxal - H240005000,318953,4510222,4276808,Antimoni
after_2007,0003,0006,F016207,Delta de l'Ebre-El Garxal - H240005000,318953,4510222,4276809,Beril·li
after_2007,0003,0006,F016207,Delta de l'Ebre-El Garxal - H240005000,318953,4510222,4276810,Estronci
after_2007,0003,0006,F016207,Delta de l'Ebre-El Garxal - H240005000,318953,4510222,4276811,Manganès
after_2007,0003,0006,F016207,Delta de l'Ebre-El Garxal - H240005000,318953,4510222,4276998,Toluè
after_2007,0003,0006,F016207,Delta de l'Ebre-El Garxal - H240005000,318953,4510222,4276999,Hexaclorobutadiè
after_2007,0003,0006,F016207,Delta de l'Ebre-El Garxal - H240005000,318953,4510222,4277000,Diclorometà
after_2007,0003,0006,F016207,Delta de l'Ebre-El Garxal - H240005000,318953,4510222,4277001,"trans-1,2-Dicloroetilè"
after_2007,0003,0006,F016207,Delta de l'Ebre-El Garxal - H240005000,318953,4510222,4277002,"cis-1,2-Dicloroetilè"
after_2007,0003,0006,F016207,Delta de l'Ebre-El Garxal - H240005000,318953,4510222,4277003,Tetraclorur de Carboni
after_2007,0003,0006,F016207,Delta de l'Ebre-El Garxal - H240005000,318953,4510222,4277004,Tricloroetilè
after_2007,0003,0006,F016207,Delta de l'Ebre-El Garxal - H240005000,318953,4510222,4277005,Bromodiclorometà
after_2007,0003,0006,F016207,Delta de l'Ebre-El Garxal - H240005000,318953,4510222,4277006,"cis-1,3-Dicloropropè"
after_2007,0003,0006,F016207,Delta de l'Ebre-El Garxal - H240005000,318953,4510222,4277007,Triclorometà
after_2007,0003,0006,F016207,Delta de l'Ebre-El Garxal - H240005000,318953,4510222,4277008,"1,1,2-Tricloroetà"
after_2007,0003,0006,F016207,Delta de l'Ebre-El Garxal - H240005000,318953,4510222,4277009,Tetracloroetilè
after_2007,0003,0006,F016207,Delta de l'Ebre-El Garxal - H240005000,318953,4510222,4277010,Dibromoclorometà
after_2007,0003,0006,F016207,Delta de l'Ebre-El Garxal - H240005000,318953,4510222,4277011,Bromoform
after_2007,0003,0006,F016207,Delta de l'Ebre-El Garxal - H240005000,318953,4510222,4277012,"1,2-Dicloroetà"
after_2007,0003,0006,F016207,Delta de l'Ebre-El Garxal - H240005000,318953,4510222,4277013,"1,4-Diclorobenzè"
after_2007,0003,0006,F016207,Delta de l'Ebre-El Garxal - H240005000,318953,4510222,4277014,"1,2-Diclorobenzè"
after_2007,0003,0006,F016207,Delta de l'Ebre-El Garxal - H240005000,318953,4510222,4277015,Suma de triclorobenzens
after_2007,0003,0006,F016207,Delta de l'Ebre-El Garxal - H240005000,318953,4510222,4277016,"1,2,4-Triclorobenzè"
after_2007,0003,0006,F016207,Delta de l'Ebre-El Garxal - H240005000,318953,4510222,4277017,"1,2,3-Triclorobenzè"
after_2007,0003,0006,F016207,Delta de l'Ebre-El Garxal - H240005000,318953,4510222,4277018,Benzè
after_2007,0003,0006,F016207,Delta de l'Ebre-El Garxal - H240005000,318953,4510222,4277019,Etilbenzè
after_2007,0003,0006,F016207,Delta de l'Ebre-El Garxal - H240005000,318953,4510222,4277020,"m,p-Xilè"
after_2007,0003,0006,F016207,Delta de l'Ebre-El Garxal - H240005000,318953,4510222,4277021,o-Xilè
after_2007,0003,0006,F016207,Delta de l'Ebre-El Garxal - H240005000,318953,4510222,4277022,Hexaclorobenzè
after_2007,0003,0006,F016207,Delta de l'Ebre-El Garxal - H240005000,318953,4510222,4277023,Clorobenzè
after_2007,0003,0006,F016207,Delta de l'Ebre-El Garxal - H240005000,318953,4510222,4277024,a-Hexaclorociclohexà
after_2007,0003,0006,F016207,Delta de l'Ebre-El Garxal - H240005000,318953,4510222,4277025,Lindà(g-Hexaclorociclohexà)
after_2007,0003,0006,F016207,Delta de l'Ebre-El Garxal - H240005000,318953,4510222,4277026,"1,1-Dicloroetilè"
after_2007,0003,0006,F016207,Delta de l'Ebre-El Garxal - H240005000,318953,4510222,4277027,"1,1-Dicloroetà"
after_2007,0003,0006,F016207,Delta de l'Ebre-El Garxal - H240005000,318953,4510222,4277028,"1,1,1-Tricloroetà"
after_2007,0003,0006,F016207,Delta de l'Ebre-El Garxal - H240005000,318953,4510222,4277029,"1,2-Dicloropropà"
after_2007,0003,0006,F016207,Delta de l'Ebre-El Garxal - H240005000,318953,4510222,4277030,"trans-1,3-Dicloropropè"
after_2007,0003,0006,F016207,Delta de l'Ebre-El Garxal - H240005000,318953,4510222,4277031,"1,1,2,2-Tetracloroetà"
after_2007,0003,0006,F016207,Delta de l'Ebre-El Garxal - H240005000,318953,4510222,4277032,"1,3,5-Triclorobenzè"
after_2007,0003,0006,F016207,Delta de l'Ebre-El Garxal - H240005000,318953,4510222,4277033,Heptaclor
after_2007,0003,0006,F016207,Delta de l'Ebre-El Garxal - H240005000,318953,4510222,4277034,Aldrín
after_2007,0003,0006,F016207,Delta de l'Ebre-El Garxal - H240005000,318953,4510222,4277035,Isodrín
after_2007,0003,0006,F016207,Delta de l'Ebre-El Garxal - H240005000,318953,4510222,4277036,Epòxid d'heptaclor B
after_2007,0003,0006,F016207,Delta de l'Ebre-El Garxal - H240005000,318953,4510222,4277037,Endosulfan I
after_2007,0003,0006,F016207,Delta de l'Ebre-El Garxal - H240005000,318953,4510222,4277038,Dieldrín
after_2007,0003,0006,F016207,Delta de l'Ebre-El Garxal - H240005000,318953,4510222,4277039,Endrín
after_2007,0003,0006,F016207,Delta de l'Ebre-El Garxal - H240005000,318953,4510222,4277040,"4,4'-DDE"
after_2007,0003,0006,F016207,Delta de l'Ebre-El Garxal - H240005000,318953,4510222,4277041,Endosulfan II
after_2007,0003,0006,F016207,Delta de l'Ebre-El Garxal - H240005000,318953,4510222,4277042,"4,4'-DDD"
after_2007,0003,0006,F016207,Delta de l'Ebre-El Garxal - H240005000,318953,4510222,4277043,Sulfat d'endosulfan
after_2007,0003,0006,F016207,Delta de l'Ebre-El Garxal - H240005000,318953,4510222,4277044,"4,4'-DDT"
after_2007,0003,0006,F016207,Delta de l'Ebre-El Garxal - H240005000,318953,4510222,4277045,Triclorofluorometà
after_2007,0003,0006,F016207,Delta de l'Ebre-El Garxal - H240005000,318953,4510222,4277046,"1,3-Diclorobenzè"
after_2007,0003,0006,F016207,Delta de l'Ebre-El Garxal - H240005000,318953,4510222,4277047,Naftalè
after_2007,0003,0006,F016207,Delta de l'Ebre-El Garxal - H240005000,318953,4510222,4277048,Diazinon
after_2007,0003,0006,F016207,Delta de l'Ebre-El Garxal - H240005000,318953,4510222,4277049,Paration de metil
after_2007,0003,0006,F016207,Delta de l'Ebre-El Garxal - H240005000,318953,4510222,4277050,Fenitrotion
after_2007,0003,0006,F016207,Delta de l'Ebre-El Garxal - H240005000,318953,4510222,4277051,Malation
after_2007,0003,0006,F016207,Delta de l'Ebre-El Garxal - H240005000,318953,4510222,4277052,Clorpirifòs
after_2007,0003,0006,F016207,Delta de l'Ebre-El Garxal - H240005000,318953,4510222,4277053,Paration
after_2007,0003,0006,F016207,Delta de l'Ebre-El Garxal - H240005000,318953,4510222,4277054,Clorfenvinfòs (suma d'isòmers)
after_2007,0003,0006,F016207,Delta de l'Ebre-El Garxal - H240005000,318953,4510222,4277055,Etion
after_2007,0003,0006,F016207,Delta de l'Ebre-El Garxal - H240005000,318953,4510222,4277056,Azinfòs d'etil
after_2007,0003,0006,F016207,Delta de l'Ebre-El Garxal - H240005000,318953,4510222,4277057,Simazina
after_2007,0003,0006,F016207,Delta de l'Ebre-El Garxal - H240005000,318953,4510222,4277058,Atrazina
after_2007,0003,0006,F016207,Delta de l'Ebre-El Garxal - H240005000,318953,4510222,4277059,Propazina
after_2007,0003,0006,F016207,Delta de l'Ebre-El Garxal - H240005000,318953,4510222,4277060,Terbutrina
after_2007,0003,0006,F016207,Delta de l'Ebre-El Garxal - H240005000,318953,4510222,4277061,Antracè
after_2007,0003,0006,F016207,Delta de l'Ebre-El Garxal - H240005000,318953,4510222,4277062,Fluorantè
after_2007,0003,0006,F016207,Delta de l'Ebre-El Garxal - H240005000,318953,4510222,4277063,Benzo(b)fluorantè
after_2007,0003,0006,F016207,Delta de l'Ebre-El Garxal - H240005000,318953,4510222,4277064,Benzo(k)fluorantè
after_2007,0003,0006,F016207,Delta de l'Ebre-El Garxal - H240005000,318953,4510222,4277065,Benzo(a)pirè
after_2007,0003,0006,F016207,Delta de l'Ebre-El Garxal - H240005000,318953,4510222,4277066,"Indeno(1,2,3-cd)pirè"
after_2007,0003,0006,F016207,Delta de l'Ebre-El Garxal - H240005000,318953,4510222,4277067,Benzo(ghi)perilè
after_2007,0003,0006,F016207,Delta de l'Ebre-El Garxal - H240005000,318953,4510222,4277068,Suma d'al-diel-iso-endrín
after_2007,0003,0006,F016207,Delta de l'Ebre-El Garxal - H240005000,318953,4510222,4277069,Suma d'Organofosforats
after_2007,0003,0006,F016207,Delta de l'Ebre-El Garxal - H240005000,318953,4510222,4277070,Suma de plaguicides clorats
after_2007,0003,0006,F016207,Delta de l'Ebre-El Garxal - H240005000,318953,4510222,4277071,Suma de triazines
after_2007,0003,0006,F016207,Delta de l'Ebre-El Garxal - H240005000,318953,4510222,4277072,Trifluralina
after_2007,0003,0006,F016207,Delta de l'Ebre-El Garxal - H240005000,318953,4510222,4277073,Molinat
after_2007,0003,0006,F016207,Delta de l'Ebre-El Garxal - H240005000,318953,4510222,4277074,Terbutilazina
after_2007,0003,0006,F016207,Delta de l'Ebre-El Garxal - H240005000,318953,4510222,4277075,Alaclor
after_2007,0003,0006,F016207,Delta de l'Ebre-El Garxal - H240005000,318953,4510222,4277076,Pentaclorobenzè
after_2007,0003,0006,F016207,Delta de l'Ebre-El Garxal - H240005000,318953,4510222,4277077,tert-Octilfenol
after_2007,0003,0006,F016207,Delta de l'Ebre-El Garxal - H240005000,318953,4510222,4277078,NPEO(e=0)
after_2007,0003,0006,F016207,Delta de l'Ebre-El Garxal - H240005000,318953,4510222,4277079,"2,4'-DDT"
after_2007,0003,0006,F016207,Delta de l'Ebre-El Garxal - H240005000,318953,4510222,4277080,"2,4'-DDE"
after_2007,0003,0006,F016207,Delta de l'Ebre-El Garxal - H240005000,318953,4510222,4277081,"2,4'-DDD"
after_2007,0003,0006,F016207,Delta de l'Ebre-El Garxal - H240005000,318953,4510222,4277082,Metolaclor
after_2007,0003,0006,F016207,Delta de l'Ebre-El Garxal - H240005000,318953,4510222,4277083,Epòxid d'heptaclor A
after_2007,0003,0006,F016207,Delta de l'Ebre-El Garxal - H240005000,318953,4510222,4277084,Suma de diclorobenzens
after_2007,0003,0006,F016207,Delta de l'Ebre-El Garxal - H240005000,318953,4510222,4277085,Cetona d'endrín
after_2007,0003,0006,F016207,Delta de l'Ebre-El Garxal - H240005000,318953,4510222,4277086,BDE-28
after_2007,0003,0006,F016207,Delta de l'Ebre-El Garxal - H240005000,318953,4510222,4277087,Quinoxifèn
after_2007,0003,0006,F016207,Delta de l'Ebre-El Garxal - H240005000,318953,4510222,4277088,Aclonifèn
after_2007,0003,0006,F016207,Delta de l'Ebre-El Garxal - H240005000,318953,4510222,4277089,Bifenox
after_2007,0003,0006,F016207,Delta de l'Ebre-El Garxal - H240005000,318953,4510222,4277090,Cipermetrín (suma d'isòmers)
after_2007,0003,0006,F016207,Delta de l'Ebre-El Garxal - H240005000,318953,4510222,4277091,Cibutrina
after_2007,0003,0006,F016207,Delta de l'Ebre-El Garxal - H240005000,318953,4510222,4277092,4-n-Nonilfenol
after_2007,0003,0006,F016208,Delta de l'Ebre-Illa de Buda - H240006001,319432,4509121,4507589,BDE-47
after_2007,0003,0006,F016208,Delta de l'Ebre-Illa de Buda - H240006001,319432,4509121,4507590,BDE-99
after_2007,0003,0006,F016208,Delta de l'Ebre-Illa de Buda - H240006001,319432,4509121,4507591,BDE-100
after_2007,0003,0006,F016208,Delta de l'Ebre-Illa de Buda - H240006001,319432,4509121,4507592,BDE-153
after_2007,0003,0006,F016208,Delta de l'Ebre-Illa de Buda - H240006001,319432,4509121,4507593,BDE-154
after_2007,0003,0006,F016208,Delta de l'Ebre-Illa de Buda - H240006001,319432,4509121,4507594,Suma de PAH1
after_2007,0003,0006,F016208,Delta de l'Ebre-Illa de Buda - H240006001,319432,4509121,4507595,Suma de PAH2
after_2007,0003,0006,F016208,Delta de l'Ebre-Illa de Buda - H240006001,319432,4509121,4507596,Bor
after_2007,0003,0006,F016208,Delta de l'Ebre-Illa de Buda - H240006001,319432,4509121,4507597,Bari
after_2007,0003,0006,F016208,Delta de l'Ebre-Illa de Buda - H240006001,319432,4509121,4507598,Crom
after_2007,0003,0006,F016208,Delta de l'Ebre-Illa de Buda - H240006001,319432,4509121,4507599,Plom
after_2007,0003,0006,F016208,Delta de l'Ebre-Illa de Buda - H240006001,319432,4509121,4507600,Zinc
after_2007,0003,0006,F016208,Delta de l'Ebre-Illa de Buda - H240006001,319432,4509121,4507601,Cadmi
after_2007,0003,0006,F016208,Delta de l'Ebre-Illa de Buda - H240006001,319432,4509121,4507602,Coure
after_2007,0003,0006,F016208,Delta de l'Ebre-Illa de Buda - H240006001,319432,4509121,4507603,Ferro
after_2007,0003,0006,F016208,Delta de l'Ebre-Illa de Buda - H240006001,319432,4509121,4507604,Cobalt
after_2007,0003,0006,F016208,Delta de l'Ebre-Illa de Buda - H240006001,319432,4509121,4507605,Níquel
after_2007,0003,0006,F016208,Delta de l'Ebre-Illa de Buda - H240006001,319432,4509121,4507606,Seleni
after_2007,0003,0006,F016208,Delta de l'Ebre-Illa de Buda - H240006001,319432,4509121,4507607,Vanadi
after_2007,0003,0006,F016208,Delta de l'Ebre-Illa de Buda - H240006001,319432,4509121,4507608,Alumini
after_2007,0003,0006,F016208,Delta de l'Ebre-Illa de Buda - H240006001,319432,4509121,4507609,Arsènic
after_2007,0003,0006,F016208,Delta de l'Ebre-Illa de Buda - H240006001,319432,4509121,4507610,Mercuri
after_2007,0003,0006,F016208,Delta de l'Ebre-Illa de Buda - H240006001,319432,4509121,4507611,Molibdè
after_2007,0003,0006,F016208,Delta de l'Ebre-Illa de Buda - H240006001,319432,4509121,4507612,Antimoni
after_2007,0003,0006,F016208,Delta de l'Ebre-Illa de Buda - H240006001,319432,4509121,4507613,Beril·li
after_2007,0003,0006,F016208,Delta de l'Ebre-Illa de Buda - H240006001,319432,4509121,4507614,Estronci
after_2007,0003,0006,F016208,Delta de l'Ebre-Illa de Buda - H240006001,319432,4509121,4507615,Manganès
after_2007,0003,0006,F016208,Delta de l'Ebre-Illa de Buda - H240006001,319432,4509121,4507899,Toluè
after_2007,0003,0006,F016208,Delta de l'Ebre-Illa de Buda - H240006001,319432,4509121,4507900,Hexaclorobutadiè
after_2007,0003,0006,F016208,Delta de l'Ebre-Illa de Buda - H240006001,319432,4509121,4507901,Diclorometà
after_2007,0003,0006,F016208,Delta de l'Ebre-Illa de Buda - H240006001,319432,4509121,4507902,"trans-1,2-dicloroetilè"
after_2007,0003,0006,F016208,Delta de l'Ebre-Illa de Buda - H240006001,319432,4509121,4507903,"cis-1,2-dicloroetilè"
after_2007,0003,0006,F016208,Delta de l'Ebre-Illa de Buda - H240006001,319432,4509121,4507904,Tetraclorur de Carboni
after_2007,0003,0006,F016208,Delta de l'Ebre-Illa de Buda - H240006001,319432,4509121,4507905,Tricloroetilè
after_2007,0003,0006,F016208,Delta de l'Ebre-Illa de Buda - H240006001,319432,4509121,4507906,Bromodiclorometà
after_2007,0003,0006,F016208,Delta de l'Ebre-Illa de Buda - H240006001,319432,4509121,4507907,"cis-1,3-dicloropropè"
after_2007,0003,0006,F016208,Delta de l'Ebre-Illa de Buda - H240006001,319432,4509121,4507908,Triclorometà
after_2007,0003,0006,F016208,Delta de l'Ebre-Illa de Buda - H240006001,319432,4509121,4507909,"1,1,2-tricloroetà"
after_2007,0003,0006,F016208,Delta de l'Ebre-Illa de Buda - H240006001,319432,4509121,4507910,Tetracloroetilè
after_2007,0003,0006,F016208,Delta de l'Ebre-Illa de Buda - H240006001,319432,4509121,4507911,Dibromoclorometà
after_2007,0003,0006,F016208,Delta de l'Ebre-Illa de Buda - H240006001,319432,4509121,4507912,Bromoform
after_2007,0003,0006,F016208,Delta de l'Ebre-Illa de Buda - H240006001,319432,4509121,4507913,"1,2-dicloroetà"
after_2007,0003,0006,F016208,Delta de l'Ebre-Illa de Buda - H240006001,319432,4509121,4507914,"1,4-diclorobenzè"
after_2007,0003,0006,F016208,Delta de l'Ebre-Illa de Buda - H240006001,319432,4509121,4507915,"1,2-diclorobenzè"
after_2007,0003,0006,F016208,Delta de l'Ebre-Illa de Buda - H240006001,319432,4509121,4507916,"1,2,4-triclorobenzè"
after_2007,0003,0006,F016208,Delta de l'Ebre-Illa de Buda - H240006001,319432,4509121,4507917,"1,2,3-triclorobenzè"
after_2007,0003,0006,F016208,Delta de l'Ebre-Illa de Buda - H240006001,319432,4509121,4507918,Benzè
after_2007,0003,0006,F016208,Delta de l'Ebre-Illa de Buda - H240006001,319432,4509121,4507919,Etilbenzè
after_2007,0003,0006,F016208,Delta de l'Ebre-Illa de Buda - H240006001,319432,4509121,4507920,"m,p-Xilè"
after_2007,0003,0006,F016208,Delta de l'Ebre-Illa de Buda - H240006001,319432,4509121,4507921,o-Xilè
after_2007,0003,0006,F016208,Delta de l'Ebre-Illa de Buda - H240006001,319432,4509121,4507922,Hexaclorobenzè
after_2007,0003,0006,F016208,Delta de l'Ebre-Illa de Buda - H240006001,319432,4509121,4507923,Clorobenzè
after_2007,0003,0006,F016208,Delta de l'Ebre-Illa de Buda - H240006001,319432,4509121,4507924,a-hexaclorociclohexà
after_2007,0003,0006,F016208,Delta de l'Ebre-Illa de Buda - H240006001,319432,4509121,4507925,Lindà(g-hexaclorociclohexà)
after_2007,0003,0006,F016208,Delta de l'Ebre-Illa de Buda - H240006001,319432,4509121,4507926,"1,1-dicloroetilè"
after_2007,0003,0006,F016208,Delta de l'Ebre-Illa de Buda - H240006001,319432,4509121,4507927,"1,1-dicloroetà"
after_2007,0003,0006,F016208,Delta de l'Ebre-Illa de Buda - H240006001,319432,4509121,4507928,"1,1,1-tricloroetà"
after_2007,0003,0006,F016208,Delta de l'Ebre-Illa de Buda - H240006001,319432,4509121,4507929,"1,2-dicloropropà"
after_2007,0003,0006,F016208,Delta de l'Ebre-Illa de Buda - H240006001,319432,4509121,4507930,"trans-1,3-dicloropropè"
after_2007,0003,0006,F016208,Delta de l'Ebre-Illa de Buda - H240006001,319432,4509121,4507931,"1,1,2,2-tetracloroetà"
after_2007,0003,0006,F016208,Delta de l'Ebre-Illa de Buda - H240006001,319432,4509121,4507932,"1,3,5-triclorobenzè"
after_2007,0003,0006,F016208,Delta de l'Ebre-Illa de Buda - H240006001,319432,4509121,4507933,Heptaclor
after_2007,0003,0006,F016208,Delta de l'Ebre-Illa de Buda - H240006001,319432,4509121,4507934,Aldrín
after_2007,0003,0006,F016208,Delta de l'Ebre-Illa de Buda - H240006001,319432,4509121,4507935,Isodrín
after_2007,0003,0006,F016208,Delta de l'Ebre-Illa de Buda - H240006001,319432,4509121,4507936,Epòxid d'heptaclor B
after_2007,0003,0006,F016208,Delta de l'Ebre-Illa de Buda - H240006001,319432,4509121,4507937,Endosulfan I
after_2007,0003,0006,F016208,Delta de l'Ebre-Illa de Buda - H240006001,319432,4509121,4507938,Dieldrín
after_2007,0003,0006,F016208,Delta de l'Ebre-Illa de Buda - H240006001,319432,4509121,4507939,Endrín
after_2007,0003,0006,F016208,Delta de l'Ebre-Illa de Buda - H240006001,319432,4509121,4507940,"4,4'-DDE"
after_2007,0003,0006,F016208,Delta de l'Ebre-Illa de Buda - H240006001,319432,4509121,4507941,Endosulfan II
after_2007,0003,0006,F016208,Delta de l'Ebre-Illa de Buda - H240006001,319432,4509121,4507942,"4,4'-DDD"
after_2007,0003,0006,F016208,Delta de l'Ebre-Illa de Buda - H240006001,319432,4509121,4507943,Sulfat d'endosulfan
after_2007,0003,0006,F016208,Delta de l'Ebre-Illa de Buda - H240006001,319432,4509121,4507944,"4,4'-DDT"
after_2007,0003,0006,F016208,Delta de l'Ebre-Illa de Buda - H240006001,319432,4509121,4507945,Triclorofluorometà
after_2007,0003,0006,F016208,Delta de l'Ebre-Illa de Buda - H240006001,319432,4509121,4507946,"1,3-diclorobenzè"
after_2007,0003,0006,F016208,Delta de l'Ebre-Illa de Buda - H240006001,319432,4509121,4507947,Naftalè
after_2007,0003,0006,F016208,Delta de l'Ebre-Illa de Buda - H240006001,319432,4509121,4507949,Diazinon
after_2007,0003,0006,F016208,Delta de l'Ebre-Illa de Buda - H240006001,319432,4509121,4507950,Paration de Metil
after_2007,0003,0006,F016208,Delta de l'Ebre-Illa de Buda - H240006001,319432,4509121,4507951,Fenitrotion
after_2007,0003,0006,F016208,Delta de l'Ebre-Illa de Buda - H240006001,319432,4509121,4507952,Malation
after_2007,0003,0006,F016208,Delta de l'Ebre-Illa de Buda - H240006001,319432,4509121,4507953,Clorpirifòs
after_2007,0003,0006,F016208,Delta de l'Ebre-Illa de Buda - H240006001,319432,4509121,4507954,Paration
after_2007,0003,0006,F016208,Delta de l'Ebre-Illa de Buda - H240006001,319432,4509121,4507955,Clorfenvinfòs (suma d'isòmers)
after_2007,0003,0006,F016208,Delta de l'Ebre-Illa de Buda - H240006001,319432,4509121,4507956,Etion
after_2007,0003,0006,F016208,Delta de l'Ebre-Illa de Buda - H240006001,319432,4509121,4507957,Azinfòs d'Etil
after_2007,0003,0006,F016208,Delta de l'Ebre-Illa de Buda - H240006001,319432,4509121,4507958,Simazina
after_2007,0003,0006,F016208,Delta de l'Ebre-Illa de Buda - H240006001,319432,4509121,4507959,Atrazina
after_2007,0003,0006,F016208,Delta de l'Ebre-Illa de Buda - H240006001,319432,4509121,4507960,Propazina
after_2007,0003,0006,F016208,Delta de l'Ebre-Illa de Buda - H240006001,319432,4509121,4507961,Terbutrina
after_2007,0003,0006,F016208,Delta de l'Ebre-Illa de Buda - H240006001,319432,4509121,4507962,Antracè
after_2007,0003,0006,F016208,Delta de l'Ebre-Illa de Buda - H240006001,319432,4509121,4507963,Fluorantè
after_2007,0003,0006,F016208,Delta de l'Ebre-Illa de Buda - H240006001,319432,4509121,4507964,Benzo(b)fluorantè
after_2007,0003,0006,F016208,Delta de l'Ebre-Illa de Buda - H240006001,319432,4509121,4507965,Benzo(k)fluorantè
after_2007,0003,0006,F016208,Delta de l'Ebre-Illa de Buda - H240006001,319432,4509121,4507966,Benzo(a)pirè
after_2007,0003,0006,F016208,Delta de l'Ebre-Illa de Buda - H240006001,319432,4509121,4507967,"Indeno(1,2,3-cd)pirè"
after_2007,0003,0006,F016208,Delta de l'Ebre-Illa de Buda - H240006001,319432,4509121,4507968,Benzo(ghi)perilè
after_2007,0003,0006,F016208,Delta de l'Ebre-Illa de Buda - H240006001,319432,4509121,4507969,Desetilatrazina
after_2007,0003,0006,F016208,Delta de l'Ebre-Illa de Buda - H240006001,319432,4509121,4507970,Suma d'al-diel-iso-endrín
after_2007,0003,0006,F016208,Delta de l'Ebre-Illa de Buda - H240006001,319432,4509121,4507971,Trifluralina
after_2007,0003,0006,F016208,Delta de l'Ebre-Illa de Buda - H240006001,319432,4509121,4507972,Molinat
after_2007,0003,0006,F016208,Delta de l'Ebre-Illa de Buda - H240006001,319432,4509121,4507973,Terbutilazina
after_2007,0003,0006,F016208,Delta de l'Ebre-Illa de Buda - H240006001,319432,4509121,4507974,Alaclor
after_2007,0003,0006,F016208,Delta de l'Ebre-Illa de Buda - H240006001,319432,4509121,4507975,Pentaclorobenzè
after_2007,0003,0006,F016208,Delta de l'Ebre-Illa de Buda - H240006001,319432,4509121,4507976,tert-Octilfenol
after_2007,0003,0006,F016208,Delta de l'Ebre-Illa de Buda - H240006001,319432,4509121,4507977,"2,4'-DDT"
after_2007,0003,0006,F016208,Delta de l'Ebre-Illa de Buda - H240006001,319432,4509121,4507978,"2,4'-DDE"
after_2007,0003,0006,F016208,Delta de l'Ebre-Illa de Buda - H240006001,319432,4509121,4507979,"2,4'-DDD"
after_2007,0003,0006,F016208,Delta de l'Ebre-Illa de Buda - H240006001,319432,4509121,4507980,Metolaclor
after_2007,0003,0006,F016208,Delta de l'Ebre-Illa de Buda - H240006001,319432,4509121,4507981,Epòxid d'heptaclor A
after_2007,0003,0006,F016208,Delta de l'Ebre-Illa de Buda - H240006001,319432,4509121,4507982,Cianazina
after_2007,0003,0006,F016208,Delta de l'Ebre-Illa de Buda - H240006001,319432,4509121,4507983,Diuron
after_2007,0003,0006,F016208,Delta de l'Ebre-Illa de Buda - H240006001,319432,4509121,4507984,Isoproturon
after_2007,0003,0006,F016208,Delta de l'Ebre-Illa de Buda - H240006001,319432,4509121,4507985,Linuron
after_2007,0003,0006,F016208,Delta de l'Ebre-Illa de Buda - H240006001,319432,4509121,4507986,Bentazona
after_2007,0003,0006,F016208,Delta de l'Ebre-Illa de Buda - H240006001,319432,4509121,4507987,Cetona d'endrín
after_2007,0003,0006,F016208,Delta de l'Ebre-Illa de Buda - H240006001,319432,4509121,4507988,BDE-28
after_2007,0003,0006,F016208,Delta de l'Ebre-Illa de Buda - H240006001,319432,4509121,4507989,Quinoxifèn
after_2007,0003,0006,F016208,Delta de l'Ebre-Illa de Buda - H240006001,319432,4509121,4507990,Aclonifèn
after_2007,0003,0006,F016208,Delta de l'Ebre-Illa de Buda - H240006001,319432,4509121,4507991,Bifenox
after_2007,0003,0006,F016208,Delta de l'Ebre-Illa de Buda - H240006001,319432,4509121,4507992,Cibutrina
after_2007,0003,0006,F016208,Delta de l'Ebre-Illa de Buda - H240006001,319432,4509121,4507993,4-n-nonilfenol
after_2007,0003,0006,F016208,Delta de l'Ebre-Illa de Buda - H240006001,319432,4509121,4508007,Clortoluron
after_2007,0003,0006,F016209,Delta de l'Ebre-Illa de Buda - H240006000,319574,4507523,4275938,BDE-47
after_2007,0003,0006,F016209,Delta de l'Ebre-Illa de Buda - H240006000,319574,4507523,4275939,BDE-99
after_2007,0003,0006,F016209,Delta de l'Ebre-Illa de Buda - H240006000,319574,4507523,4275940,BDE-100
after_2007,0003,0006,F016209,Delta de l'Ebre-Illa de Buda - H240006000,319574,4507523,4275941,BDE-153
after_2007,0003,0006,F016209,Delta de l'Ebre-Illa de Buda - H240006000,319574,4507523,4275942,BDE-154
after_2007,0003,0006,F016209,Delta de l'Ebre-Illa de Buda - H240006000,319574,4507523,4275943,Suma de PAH1
after_2007,0003,0006,F016209,Delta de l'Ebre-Illa de Buda - H240006000,319574,4507523,4275944,Suma de PAH2
after_2007,0003,0006,F016209,Delta de l'Ebre-Illa de Buda - H240006000,319574,4507523,4275945,Suma de DDT
after_2007,0003,0006,F016209,Delta de l'Ebre-Illa de Buda - H240006000,319574,4507523,4275946,Bor
after_2007,0003,0006,F016209,Delta de l'Ebre-Illa de Buda - H240006000,319574,4507523,4275947,Bari
after_2007,0003,0006,F016209,Delta de l'Ebre-Illa de Buda - H240006000,319574,4507523,4275948,Crom
after_2007,0003,0006,F016209,Delta de l'Ebre-Illa de Buda - H240006000,319574,4507523,4275949,Plom
after_2007,0003,0006,F016209,Delta de l'Ebre-Illa de Buda - H240006000,319574,4507523,4275950,Zinc
after_2007,0003,0006,F016209,Delta de l'Ebre-Illa de Buda - H240006000,319574,4507523,4275951,Cadmi
after_2007,0003,0006,F016209,Delta de l'Ebre-Illa de Buda - H240006000,319574,4507523,4275952,Coure
after_2007,0003,0006,F016209,Delta de l'Ebre-Illa de Buda - H240006000,319574,4507523,4275953,Ferro
after_2007,0003,0006,F016209,Delta de l'Ebre-Illa de Buda - H240006000,319574,4507523,4275954,Cobalt
after_2007,0003,0006,F016209,Delta de l'Ebre-Illa de Buda - H240006000,319574,4507523,4275955,Níquel
after_2007,0003,0006,F016209,Delta de l'Ebre-Illa de Buda - H240006000,319574,4507523,4275956,Seleni
after_2007,0003,0006,F016209,Delta de l'Ebre-Illa de Buda - H240006000,319574,4507523,4275957,Vanadi
after_2007,0003,0006,F016209,Delta de l'Ebre-Illa de Buda - H240006000,319574,4507523,4275958,Alumini
after_2007,0003,0006,F016209,Delta de l'Ebre-Illa de Buda - H240006000,319574,4507523,4275959,Arsènic
after_2007,0003,0006,F016209,Delta de l'Ebre-Illa de Buda - H240006000,319574,4507523,4275960,Mercuri
after_2007,0003,0006,F016209,Delta de l'Ebre-Illa de Buda - H240006000,319574,4507523,4275961,Molibdè
after_2007,0003,0006,F016209,Delta de l'Ebre-Illa de Buda - H240006000,319574,4507523,4275962,Antimoni
after_2007,0003,0006,F016209,Delta de l'Ebre-Illa de Buda - H240006000,319574,4507523,4275963,Beril·li
after_2007,0003,0006,F016209,Delta de l'Ebre-Illa de Buda - H240006000,319574,4507523,4275964,Estronci
after_2007,0003,0006,F016209,Delta de l'Ebre-Illa de Buda - H240006000,319574,4507523,4275965,Manganès
after_2007,0003,0006,F016209,Delta de l'Ebre-Illa de Buda - H240006000,319574,4507523,4276345,Toluè
after_2007,0003,0006,F016209,Delta de l'Ebre-Illa de Buda - H240006000,319574,4507523,4276346,Hexaclorobutadiè
after_2007,0003,0006,F016209,Delta de l'Ebre-Illa de Buda - H240006000,319574,4507523,4276347,Diclorometà
after_2007,0003,0006,F016209,Delta de l'Ebre-Illa de Buda - H240006000,319574,4507523,4276348,"trans-1,2-Dicloroetilè"
after_2007,0003,0006,F016209,Delta de l'Ebre-Illa de Buda - H240006000,319574,4507523,4276349,"cis-1,2-Dicloroetilè"
after_2007,0003,0006,F016209,Delta de l'Ebre-Illa de Buda - H240006000,319574,4507523,4276350,Tetraclorur de Carboni
after_2007,0003,0006,F016209,Delta de l'Ebre-Illa de Buda - H240006000,319574,4507523,4276351,Tricloroetilè
after_2007,0003,0006,F016209,Delta de l'Ebre-Illa de Buda - H240006000,319574,4507523,4276352,Bromodiclorometà
after_2007,0003,0006,F016209,Delta de l'Ebre-Illa de Buda - H240006000,319574,4507523,4276353,"cis-1,3-Dicloropropè"
after_2007,0003,0006,F016209,Delta de l'Ebre-Illa de Buda - H240006000,319574,4507523,4276354,Triclorometà
after_2007,0003,0006,F016209,Delta de l'Ebre-Illa de Buda - H240006000,319574,4507523,4276355,"1,1,2-Tricloroetà"
after_2007,0003,0006,F016209,Delta de l'Ebre-Illa de Buda - H240006000,319574,4507523,4276356,Tetracloroetilè
after_2007,0003,0006,F016209,Delta de l'Ebre-Illa de Buda - H240006000,319574,4507523,4276357,Dibromoclorometà
after_2007,0003,0006,F016209,Delta de l'Ebre-Illa de Buda - H240006000,319574,4507523,4276358,Bromoform
after_2007,0003,0006,F016209,Delta de l'Ebre-Illa de Buda - H240006000,319574,4507523,4276359,"1,2-Dicloroetà"
after_2007,0003,0006,F016209,Delta de l'Ebre-Illa de Buda - H240006000,319574,4507523,4276360,"1,4-Diclorobenzè"
after_2007,0003,0006,F016209,Delta de l'Ebre-Illa de Buda - H240006000,319574,4507523,4276361,"1,2-Diclorobenzè"
after_2007,0003,0006,F016209,Delta de l'Ebre-Illa de Buda - H240006000,319574,4507523,4276362,Suma de triclorobenzens
after_2007,0003,0006,F016209,Delta de l'Ebre-Illa de Buda - H240006000,319574,4507523,4276363,"1,2,4-Triclorobenzè"
after_2007,0003,0006,F016209,Delta de l'Ebre-Illa de Buda - H240006000,319574,4507523,4276364,"1,2,3-Triclorobenzè"
after_2007,0003,0006,F016209,Delta de l'Ebre-Illa de Buda - H240006000,319574,4507523,4276365,Benzè
after_2007,0003,0006,F016209,Delta de l'Ebre-Illa de Buda - H240006000,319574,4507523,4276366,Etilbenzè
after_2007,0003,0006,F016209,Delta de l'Ebre-Illa de Buda - H240006000,319574,4507523,4276367,"m,p-Xilè"
after_2007,0003,0006,F016209,Delta de l'Ebre-Illa de Buda - H240006000,319574,4507523,4276368,o-Xilè
after_2007,0003,0006,F016209,Delta de l'Ebre-Illa de Buda - H240006000,319574,4507523,4276369,Hexaclorobenzè
after_2007,0003,0006,F016209,Delta de l'Ebre-Illa de Buda - H240006000,319574,4507523,4276370,Clorobenzè
after_2007,0003,0006,F016209,Delta de l'Ebre-Illa de Buda - H240006000,319574,4507523,4276371,a-Hexaclorociclohexà
after_2007,0003,0006,F016209,Delta de l'Ebre-Illa de Buda - H240006000,319574,4507523,4276372,Lindà(g-Hexaclorociclohexà)
after_2007,0003,0006,F016209,Delta de l'Ebre-Illa de Buda - H240006000,319574,4507523,4276373,"1,1-Dicloroetilè"
after_2007,0003,0006,F016209,Delta de l'Ebre-Illa de Buda - H240006000,319574,4507523,4276374,"1,1-Dicloroetà"
after_2007,0003,0006,F016209,Delta de l'Ebre-Illa de Buda - H240006000,319574,4507523,4276375,"1,1,1-Tricloroetà"
after_2007,0003,0006,F016209,Delta de l'Ebre-Illa de Buda - H240006000,319574,4507523,4276376,"1,2-Dicloropropà"
after_2007,0003,0006,F016209,Delta de l'Ebre-Illa de Buda - H240006000,319574,4507523,4276377,"trans-1,3-Dicloropropè"
after_2007,0003,0006,F016209,Delta de l'Ebre-Illa de Buda - H240006000,319574,4507523,4276378,"1,1,2,2-Tetracloroetà"
after_2007,0003,0006,F016209,Delta de l'Ebre-Illa de Buda - H240006000,319574,4507523,4276379,"1,3,5-Triclorobenzè"
after_2007,0003,0006,F016209,Delta de l'Ebre-Illa de Buda - H240006000,319574,4507523,4276380,Heptaclor
after_2007,0003,0006,F016209,Delta de l'Ebre-Illa de Buda - H240006000,319574,4507523,4276381,Aldrín
after_2007,0003,0006,F016209,Delta de l'Ebre-Illa de Buda - H240006000,319574,4507523,4276382,Isodrín
after_2007,0003,0006,F016209,Delta de l'Ebre-Illa de Buda - H240006000,319574,4507523,4276383,Epòxid d'heptaclor B
after_2007,0003,0006,F016209,Delta de l'Ebre-Illa de Buda - H240006000,319574,4507523,4276384,Endosulfan I
after_2007,0003,0006,F016209,Delta de l'Ebre-Illa de Buda - H240006000,319574,4507523,4276385,Dieldrín
after_2007,0003,0006,F016209,Delta de l'Ebre-Illa de Buda - H240006000,319574,4507523,4276386,Endrín
after_2007,0003,0006,F016209,Delta de l'Ebre-Illa de Buda - H240006000,319574,4507523,4276387,"4,4'-DDE"
after_2007,0003,0006,F016209,Delta de l'Ebre-Illa de Buda - H240006000,319574,4507523,4276388,Endosulfan II
after_2007,0003,0006,F016209,Delta de l'Ebre-Illa de Buda - H240006000,319574,4507523,4276389,"4,4'-DDD"
after_2007,0003,0006,F016209,Delta de l'Ebre-Illa de Buda - H240006000,319574,4507523,4276390,Sulfat d'endosulfan
after_2007,0003,0006,F016209,Delta de l'Ebre-Illa de Buda - H240006000,319574,4507523,4276391,"4,4'-DDT"
after_2007,0003,0006,F016209,Delta de l'Ebre-Illa de Buda - H240006000,319574,4507523,4276392,Triclorofluorometà
after_2007,0003,0006,F016209,Delta de l'Ebre-Illa de Buda - H240006000,319574,4507523,4276393,"1,3-diclorobenzè"
after_2007,0003,0006,F016209,Delta de l'Ebre-Illa de Buda - H240006000,319574,4507523,4276394,Naftalè
after_2007,0003,0006,F016209,Delta de l'Ebre-Illa de Buda - H240006000,319574,4507523,4276395,Diazinon
after_2007,0003,0006,F016209,Delta de l'Ebre-Illa de Buda - H240006000,319574,4507523,4276396,Paration de metil
after_2007,0003,0006,F016209,Delta de l'Ebre-Illa de Buda - H240006000,319574,4507523,4276397,Fenitrotion
after_2007,0003,0006,F016209,Delta de l'Ebre-Illa de Buda - H240006000,319574,4507523,4276398,Malation
after_2007,0003,0006,F016209,Delta de l'Ebre-Illa de Buda - H240006000,319574,4507523,4276399,Clorpirifòs
after_2007,0003,0006,F016209,Delta de l'Ebre-Illa de Buda - H240006000,319574,4507523,4276400,Paration
after_2007,0003,0006,F016209,Delta de l'Ebre-Illa de Buda - H240006000,319574,4507523,4276401,Clorfenvinfòs (suma d'isòmers)
after_2007,0003,0006,F016209,Delta de l'Ebre-Illa de Buda - H240006000,319574,4507523,4276402,Etion
after_2007,0003,0006,F016209,Delta de l'Ebre-Illa de Buda - H240006000,319574,4507523,4276403,Azinfòs d'etil
after_2007,0003,0006,F016209,Delta de l'Ebre-Illa de Buda - H240006000,319574,4507523,4276404,Simazina
after_2007,0003,0006,F016209,Delta de l'Ebre-Illa de Buda - H240006000,319574,4507523,4276405,Atrazina
after_2007,0003,0006,F016209,Delta de l'Ebre-Illa de Buda - H240006000,319574,4507523,4276406,Propazina
after_2007,0003,0006,F016209,Delta de l'Ebre-Illa de Buda - H240006000,319574,4507523,4276407,Terbutrina
after_2007,0003,0006,F016209,Delta de l'Ebre-Illa de Buda - H240006000,319574,4507523,4276408,Antracè
after_2007,0003,0006,F016209,Delta de l'Ebre-Illa de Buda - H240006000,319574,4507523,4276409,Fluorantè
after_2007,0003,0006,F016209,Delta de l'Ebre-Illa de Buda - H240006000,319574,4507523,4276410,Benzo(b)fluorantè
after_2007,0003,0006,F016209,Delta de l'Ebre-Illa de Buda - H240006000,319574,4507523,4276411,Benzo(k)fluorantè
after_2007,0003,0006,F016209,Delta de l'Ebre-Illa de Buda - H240006000,319574,4507523,4276412,Benzo(a)pirè
after_2007,0003,0006,F016209,Delta de l'Ebre-Illa de Buda - H240006000,319574,4507523,4276413,"Indeno(1,2,3-cd)pirè"
after_2007,0003,0006,F016209,Delta de l'Ebre-Illa de Buda - H240006000,319574,4507523,4276414,Benzo(ghi)perilè
after_2007,0003,0006,F016209,Delta de l'Ebre-Illa de Buda - H240006000,319574,4507523,4276415,Suma d'al-diel-iso-endrín
after_2007,0003,0006,F016209,Delta de l'Ebre-Illa de Buda - H240006000,319574,4507523,4276416,Suma d'Organofosforats
after_2007,0003,0006,F016209,Delta de l'Ebre-Illa de Buda - H240006000,319574,4507523,4276417,Suma de plaguicides clorats
after_2007,0003,0006,F016209,Delta de l'Ebre-Illa de Buda - H240006000,319574,4507523,4276418,Suma de triazines
after_2007,0003,0006,F016209,Delta de l'Ebre-Illa de Buda - H240006000,319574,4507523,4276419,Trifluralina
after_2007,0003,0006,F016209,Delta de l'Ebre-Illa de Buda - H240006000,319574,4507523,4276420,Molinat
after_2007,0003,0006,F016209,Delta de l'Ebre-Illa de Buda - H240006000,319574,4507523,4276421,Terbutilazina
after_2007,0003,0006,F016209,Delta de l'Ebre-Illa de Buda - H240006000,319574,4507523,4276422,Alaclor
after_2007,0003,0006,F016209,Delta de l'Ebre-Illa de Buda - H240006000,319574,4507523,4276423,Pentaclorobenzè
after_2007,0003,0006,F016209,Delta de l'Ebre-Illa de Buda - H240006000,319574,4507523,4276424,tert-Octilfenol
after_2007,0003,0006,F016209,Delta de l'Ebre-Illa de Buda - H240006000,319574,4507523,4276425,NPEO(e=0)
after_2007,0003,0006,F016209,Delta de l'Ebre-Illa de Buda - H240006000,319574,4507523,4276426,"2,4'-DDT"
after_2007,0003,0006,F016209,Delta de l'Ebre-Illa de Buda - H240006000,319574,4507523,4276427,"2,4'-DDE"
after_2007,0003,0006,F016209,Delta de l'Ebre-Illa de Buda - H240006000,319574,4507523,4276428,"2,4'-DDD"
after_2007,0003,0006,F016209,Delta de l'Ebre-Illa de Buda - H240006000,319574,4507523,4276429,Metolaclor
after_2007,0003,0006,F016209,Delta de l'Ebre-Illa de Buda - H240006000,319574,4507523,4276430,Epòxid d'heptaclor A
after_2007,0003,0006,F016209,Delta de l'Ebre-Illa de Buda - H240006000,319574,4507523,4276431,Suma de diclorobenzens
after_2007,0003,0006,F016209,Delta de l'Ebre-Illa de Buda - H240006000,319574,4507523,4276432,Cetona d'endrín
after_2007,0003,0006,F016209,Delta de l'Ebre-Illa de Buda - H240006000,319574,4507523,4276433,BDE-28
after_2007,0003,0006,F016209,Delta de l'Ebre-Illa de Buda - H240006000,319574,4507523,4276434,Quinoxifèn
after_2007,0003,0006,F016209,Delta de l'Ebre-Illa de Buda - H240006000,319574,4507523,4276435,Aclonifèn
after_2007,0003,0006,F016209,Delta de l'Ebre-Illa de Buda - H240006000,319574,4507523,4276436,Bifenox
after_2007,0003,0006,F016209,Delta de l'Ebre-Illa de Buda - H240006000,319574,4507523,4276437,Cipermetrín (suma d'isòmers)
after_2007,0003,0006,F016209,Delta de l'Ebre-Illa de Buda - H240006000,319574,4507523,4276438,Cibutrina
after_2007,0003,0006,F016209,Delta de l'Ebre-Illa de Buda - H240006000,319574,4507523,4276439,4-n-Nonilfenol
after_2007,0003,0006,F016210,Desembocadura del riu Llastres - H191301000,325987,4539942,4482080,BDE-47
after_2007,0003,0006,F016210,Desembocadura del riu Llastres - H191301000,325987,4539942,4482081,BDE-99
after_2007,0003,0006,F016210,Desembocadura del riu Llastres - H191301000,325987,4539942,4482082,BDE-100
after_2007,0003,0006,F016210,Desembocadura del riu Llastres - H191301000,325987,4539942,4482083,BDE-153
after_2007,0003,0006,F016210,Desembocadura del riu Llastres - H191301000,325987,4539942,4482084,BDE-154
after_2007,0003,0006,F016210,Desembocadura del riu Llastres - H191301000,325987,4539942,4482085,Suma de PAH1
after_2007,0003,0006,F016210,Desembocadura del riu Llastres - H191301000,325987,4539942,4482086,Suma de PAH2
after_2007,0003,0006,F016210,Desembocadura del riu Llastres - H191301000,325987,4539942,4482087,Suma de DDT
after_2007,0003,0006,F016210,Desembocadura del riu Llastres - H191301000,325987,4539942,4482088,Bor
after_2007,0003,0006,F016210,Desembocadura del riu Llastres - H191301000,325987,4539942,4482089,Bari
after_2007,0003,0006,F016210,Desembocadura del riu Llastres - H191301000,325987,4539942,4482090,Crom
after_2007,0003,0006,F016210,Desembocadura del riu Llastres - H191301000,325987,4539942,4482091,Plom
after_2007,0003,0006,F016210,Desembocadura del riu Llastres - H191301000,325987,4539942,4482092,Zinc
after_2007,0003,0006,F016210,Desembocadura del riu Llastres - H191301000,325987,4539942,4482093,Cadmi
after_2007,0003,0006,F016210,Desembocadura del riu Llastres - H191301000,325987,4539942,4482094,Coure
after_2007,0003,0006,F016210,Desembocadura del riu Llastres - H191301000,325987,4539942,4482095,Ferro
after_2007,0003,0006,F016210,Desembocadura del riu Llastres - H191301000,325987,4539942,4482096,Cobalt
after_2007,0003,0006,F016210,Desembocadura del riu Llastres - H191301000,325987,4539942,4482097,Níquel
after_2007,0003,0006,F016210,Desembocadura del riu Llastres - H191301000,325987,4539942,4482098,Seleni
after_2007,0003,0006,F016210,Desembocadura del riu Llastres - H191301000,325987,4539942,4482099,Vanadi
after_2007,0003,0006,F016210,Desembocadura del riu Llastres - H191301000,325987,4539942,4482100,Alumini
after_2007,0003,0006,F016210,Desembocadura del riu Llastres - H191301000,325987,4539942,4482101,Arsènic
after_2007,0003,0006,F016210,Desembocadura del riu Llastres - H191301000,325987,4539942,4482102,Mercuri
after_2007,0003,0006,F016210,Desembocadura del riu Llastres - H191301000,325987,4539942,4482103,Molibdè
after_2007,0003,0006,F016210,Desembocadura del riu Llastres - H191301000,325987,4539942,4482104,Antimoni
after_2007,0003,0006,F016210,Desembocadura del riu Llastres - H191301000,325987,4539942,4482105,Beril·li
after_2007,0003,0006,F016210,Desembocadura del riu Llastres - H191301000,325987,4539942,4482106,Estronci
after_2007,0003,0006,F016210,Desembocadura del riu Llastres - H191301000,325987,4539942,4482107,Manganès
after_2007,0003,0006,F016210,Desembocadura del riu Llastres - H191301000,325987,4539942,4483255,Suma de xilens
after_2007,0003,0006,F016210,Desembocadura del riu Llastres - H191301000,325987,4539942,4483256,Toluè
after_2007,0003,0006,F016210,Desembocadura del riu Llastres - H191301000,325987,4539942,4483257,Hexaclorobutadiè
after_2007,0003,0006,F016210,Desembocadura del riu Llastres - H191301000,325987,4539942,4483258,Diclorometà
after_2007,0003,0006,F016210,Desembocadura del riu Llastres - H191301000,325987,4539942,4483259,"trans-1,2-dicloroetilè"
after_2007,0003,0006,F016210,Desembocadura del riu Llastres - H191301000,325987,4539942,4483260,"cis-1,2-dicloroetilè"
after_2007,0003,0006,F016210,Desembocadura del riu Llastres - H191301000,325987,4539942,4483261,Tetraclorur de Carboni
after_2007,0003,0006,F016210,Desembocadura del riu Llastres - H191301000,325987,4539942,4483262,Tricloroetilè
after_2007,0003,0006,F016210,Desembocadura del riu Llastres - H191301000,325987,4539942,4483263,Bromodiclorometà
after_2007,0003,0006,F016210,Desembocadura del riu Llastres - H191301000,325987,4539942,4483264,"cis-1,3-dicloropropè"
after_2007,0003,0006,F016210,Desembocadura del riu Llastres - H191301000,325987,4539942,4483265,Triclorometà
after_2007,0003,0006,F016210,Desembocadura del riu Llastres - H191301000,325987,4539942,4483266,"1,1,2-tricloroetà"
after_2007,0003,0006,F016210,Desembocadura del riu Llastres - H191301000,325987,4539942,4483267,Tetracloroetilè
after_2007,0003,0006,F016210,Desembocadura del riu Llastres - H191301000,325987,4539942,4483268,Dibromoclorometà
after_2007,0003,0006,F016210,Desembocadura del riu Llastres - H191301000,325987,4539942,4483269,Bromoform
after_2007,0003,0006,F016210,Desembocadura del riu Llastres - H191301000,325987,4539942,4483270,"1,2-dicloroetà"
after_2007,0003,0006,F016210,Desembocadura del riu Llastres - H191301000,325987,4539942,4483271,"1,4-diclorobenzè"
after_2007,0003,0006,F016210,Desembocadura del riu Llastres - H191301000,325987,4539942,4483272,"1,2-diclorobenzè"
after_2007,0003,0006,F016210,Desembocadura del riu Llastres - H191301000,325987,4539942,4483273,Suma de triclorobenzens
after_2007,0003,0006,F016210,Desembocadura del riu Llastres - H191301000,325987,4539942,4483274,"1,2,4-triclorobenzè"
after_2007,0003,0006,F016210,Desembocadura del riu Llastres - H191301000,325987,4539942,4483275,"1,2,3-triclorobenzè"
after_2007,0003,0006,F016210,Desembocadura del riu Llastres - H191301000,325987,4539942,4483276,Benzè
after_2007,0003,0006,F016210,Desembocadura del riu Llastres - H191301000,325987,4539942,4483277,Etilbenzè
after_2007,0003,0006,F016210,Desembocadura del riu Llastres - H191301000,325987,4539942,4483278,"m,p-Xilè"
after_2007,0003,0006,F016210,Desembocadura del riu Llastres - H191301000,325987,4539942,4483279,o-Xilè
after_2007,0003,0006,F016210,Desembocadura del riu Llastres - H191301000,325987,4539942,4483280,Hexaclorobenzè
after_2007,0003,0006,F016210,Desembocadura del riu Llastres - H191301000,325987,4539942,4483281,Clorobenzè
after_2007,0003,0006,F016210,Desembocadura del riu Llastres - H191301000,325987,4539942,4483282,a-hexaclorociclohexà
after_2007,0003,0006,F016210,Desembocadura del riu Llastres - H191301000,325987,4539942,4483283,Lindà(g-hexaclorociclohexà)
after_2007,0003,0006,F016210,Desembocadura del riu Llastres - H191301000,325987,4539942,4483284,"1,1-dicloroetilè"
after_2007,0003,0006,F016210,Desembocadura del riu Llastres - H191301000,325987,4539942,4483285,"1,1-dicloroetà"
after_2007,0003,0006,F016210,Desembocadura del riu Llastres - H191301000,325987,4539942,4483286,"1,1,1-tricloroetà"
after_2007,0003,0006,F016210,Desembocadura del riu Llastres - H191301000,325987,4539942,4483287,"1,2-dicloropropà"
after_2007,0003,0006,F016210,Desembocadura del riu Llastres - H191301000,325987,4539942,4483288,"trans-1,3-dicloropropè"
after_2007,0003,0006,F016210,Desembocadura del riu Llastres - H191301000,325987,4539942,4483289,"1,1,2,2-tetracloroetà"
after_2007,0003,0006,F016210,Desembocadura del riu Llastres - H191301000,325987,4539942,4483290,"1,3,5-triclorobenzè"
after_2007,0003,0006,F016210,Desembocadura del riu Llastres - H191301000,325987,4539942,4483291,Heptaclor
after_2007,0003,0006,F016210,Desembocadura del riu Llastres - H191301000,325987,4539942,4483292,Aldrín
after_2007,0003,0006,F016210,Desembocadura del riu Llastres - H191301000,325987,4539942,4483293,Isodrín
after_2007,0003,0006,F016210,Desembocadura del riu Llastres - H191301000,325987,4539942,4483294,Epòxid d'heptaclor B
after_2007,0003,0006,F016210,Desembocadura del riu Llastres - H191301000,325987,4539942,4483295,Endosulfan I
after_2007,0003,0006,F016210,Desembocadura del riu Llastres - H191301000,325987,4539942,4483296,Dieldrín
after_2007,0003,0006,F016210,Desembocadura del riu Llastres - H191301000,325987,4539942,4483297,Endrín
after_2007,0003,0006,F016210,Desembocadura del riu Llastres - H191301000,325987,4539942,4483298,"4,4'-DDE"
after_2007,0003,0006,F016210,Desembocadura del riu Llastres - H191301000,325987,4539942,4483299,Endosulfan II
after_2007,0003,0006,F016210,Desembocadura del riu Llastres - H191301000,325987,4539942,4483300,"4,4'-DDD"
after_2007,0003,0006,F016210,Desembocadura del riu Llastres - H191301000,325987,4539942,4483301,Sulfat d'endosulfan
after_2007,0003,0006,F016210,Desembocadura del riu Llastres - H191301000,325987,4539942,4483302,"4,4'-DDT"
after_2007,0003,0006,F016210,Desembocadura del riu Llastres - H191301000,325987,4539942,4483303,Triclorofluorometà
after_2007,0003,0006,F016210,Desembocadura del riu Llastres - H191301000,325987,4539942,4483304,"1,3-diclorobenzè"
after_2007,0003,0006,F016210,Desembocadura del riu Llastres - H191301000,325987,4539942,4483305,Naftalè
after_2007,0003,0006,F016210,Desembocadura del riu Llastres - H191301000,325987,4539942,4483307,Diazinon
after_2007,0003,0006,F016210,Desembocadura del riu Llastres - H191301000,325987,4539942,4483308,Paration de Metil
after_2007,0003,0006,F016210,Desembocadura del riu Llastres - H191301000,325987,4539942,4483309,Fenitrotion
after_2007,0003,0006,F016210,Desembocadura del riu Llastres - H191301000,325987,4539942,4483310,Malation
after_2007,0003,0006,F016210,Desembocadura del riu Llastres - H191301000,325987,4539942,4483311,Clorpirifòs
after_2007,0003,0006,F016210,Desembocadura del riu Llastres - H191301000,325987,4539942,4483312,Paration
after_2007,0003,0006,F016210,Desembocadura del riu Llastres - H191301000,325987,4539942,4483313,Clorfenvinfòs (suma d'isòmers)
after_2007,0003,0006,F016210,Desembocadura del riu Llastres - H191301000,325987,4539942,4483314,Etion
after_2007,0003,0006,F016210,Desembocadura del riu Llastres - H191301000,325987,4539942,4483315,Azinfòs d'Etil
after_2007,0003,0006,F016210,Desembocadura del riu Llastres - H191301000,325987,4539942,4483316,Simazina
after_2007,0003,0006,F016210,Desembocadura del riu Llastres - H191301000,325987,4539942,4483317,Atrazina
after_2007,0003,0006,F016210,Desembocadura del riu Llastres - H191301000,325987,4539942,4483318,Propazina
after_2007,0003,0006,F016210,Desembocadura del riu Llastres - H191301000,325987,4539942,4483319,Terbutrina
after_2007,0003,0006,F016210,Desembocadura del riu Llastres - H191301000,325987,4539942,4483320,Antracè
after_2007,0003,0006,F016210,Desembocadura del riu Llastres - H191301000,325987,4539942,4483321,Fluorantè
after_2007,0003,0006,F016210,Desembocadura del riu Llastres - H191301000,325987,4539942,4483322,Benzo(b)fluorantè
after_2007,0003,0006,F016210,Desembocadura del riu Llastres - H191301000,325987,4539942,4483323,Benzo(k)fluorantè
after_2007,0003,0006,F016210,Desembocadura del riu Llastres - H191301000,325987,4539942,4483324,Benzo(a)pirè
after_2007,0003,0006,F016210,Desembocadura del riu Llastres - H191301000,325987,4539942,4483325,"Indeno(1,2,3-cd)pirè"
after_2007,0003,0006,F016210,Desembocadura del riu Llastres - H191301000,325987,4539942,4483326,Benzo(ghi)perilè
after_2007,0003,0006,F016210,Desembocadura del riu Llastres - H191301000,325987,4539942,4483327,Desetilatrazina
after_2007,0003,0006,F016210,Desembocadura del riu Llastres - H191301000,325987,4539942,4483328,Suma d'al-diel-iso-endrín
after_2007,0003,0006,F016210,Desembocadura del riu Llastres - H191301000,325987,4539942,4483329,Trifluralina
after_2007,0003,0006,F016210,Desembocadura del riu Llastres - H191301000,325987,4539942,4483330,Molinat
after_2007,0003,0006,F016210,Desembocadura del riu Llastres - H191301000,325987,4539942,4483331,Terbutilazina
after_2007,0003,0006,F016210,Desembocadura del riu Llastres - H191301000,325987,4539942,4483332,Alaclor
after_2007,0003,0006,F016210,Desembocadura del riu Llastres - H191301000,325987,4539942,4483333,Pentaclorobenzè
after_2007,0003,0006,F016210,Desembocadura del riu Llastres - H191301000,325987,4539942,4483334,tert-Octilfenol
after_2007,0003,0006,F016210,Desembocadura del riu Llastres - H191301000,325987,4539942,4483335,"2,4'-DDT"
after_2007,0003,0006,F016210,Desembocadura del riu Llastres - H191301000,325987,4539942,4483336,"2,4'-DDE"
after_2007,0003,0006,F016210,Desembocadura del riu Llastres - H191301000,325987,4539942,4483337,"2,4'-DDD"
after_2007,0003,0006,F016210,Desembocadura del riu Llastres - H191301000,325987,4539942,4483338,Metolaclor
after_2007,0003,0006,F016210,Desembocadura del riu Llastres - H191301000,325987,4539942,4483339,Epòxid d'heptaclor A
after_2007,0003,0006,F016210,Desembocadura del riu Llastres - H191301000,325987,4539942,4483340,Suma de diclorobenzens
after_2007,0003,0006,F016210,Desembocadura del riu Llastres - H191301000,325987,4539942,4483341,Cianazina
after_2007,0003,0006,F016210,Desembocadura del riu Llastres - H191301000,325987,4539942,4483342,Diuron
after_2007,0003,0006,F016210,Desembocadura del riu Llastres - H191301000,325987,4539942,4483343,Isoproturon
after_2007,0003,0006,F016210,Desembocadura del riu Llastres - H191301000,325987,4539942,4483344,Linuron
after_2007,0003,0006,F016210,Desembocadura del riu Llastres - H191301000,325987,4539942,4483345,Bentazona
after_2007,0003,0006,F016210,Desembocadura del riu Llastres - H191301000,325987,4539942,4483346,Cetona d'endrín
after_2007,0003,0006,F016210,Desembocadura del riu Llastres - H191301000,325987,4539942,4483347,BDE-28
after_2007,0003,0006,F016210,Desembocadura del riu Llastres - H191301000,325987,4539942,4483348,Quinoxifèn
after_2007,0003,0006,F016210,Desembocadura del riu Llastres - H191301000,325987,4539942,4483349,Aclonifèn
after_2007,0003,0006,F016210,Desembocadura del riu Llastres - H191301000,325987,4539942,4483350,Bifenox
after_2007,0003,0006,F016210,Desembocadura del riu Llastres - H191301000,325987,4539942,4483352,Cibutrina
after_2007,0003,0006,F016210,Desembocadura del riu Llastres - H191301000,325987,4539942,4483353,4-n-nonilfenol
after_2007,0003,0006,F016210,Desembocadura del riu Llastres - H191301000,325987,4539942,4483367,Clortoluron
after_2007,0003,0006,F016213,Sèquia Major - H190001000,346879,4549250,4284311,BDE-47
after_2007,0003,0006,F016213,Sèquia Major - H190001000,346879,4549250,4284312,BDE-99
after_2007,0003,0006,F016213,Sèquia Major - H190001000,346879,4549250,4284313,BDE-100
after_2007,0003,0006,F016213,Sèquia Major - H190001000,346879,4549250,4284314,BDE-153
after_2007,0003,0006,F016213,Sèquia Major - H190001000,346879,4549250,4284315,BDE-154
after_2007,0003,0006,F016213,Sèquia Major - H190001000,346879,4549250,4284316,Suma de PAH1
after_2007,0003,0006,F016213,Sèquia Major - H190001000,346879,4549250,4284317,Suma de PAH2
after_2007,0003,0006,F016213,Sèquia Major - H190001000,346879,4549250,4284318,Suma de DDT
after_2007,0003,0006,F016213,Sèquia Major - H190001000,346879,4549250,4284319,Bor
after_2007,0003,0006,F016213,Sèquia Major - H190001000,346879,4549250,4284320,Bari
after_2007,0003,0006,F016213,Sèquia Major - H190001000,346879,4549250,4284321,Crom
after_2007,0003,0006,F016213,Sèquia Major - H190001000,346879,4549250,4284322,Plom
after_2007,0003,0006,F016213,Sèquia Major - H190001000,346879,4549250,4284323,Zinc
after_2007,0003,0006,F016213,Sèquia Major - H190001000,346879,4549250,4284324,Cadmi
after_2007,0003,0006,F016213,Sèquia Major - H190001000,346879,4549250,4284325,Coure
after_2007,0003,0006,F016213,Sèquia Major - H190001000,346879,4549250,4284326,Ferro
after_2007,0003,0006,F016213,Sèquia Major - H190001000,346879,4549250,4284327,Cobalt
after_2007,0003,0006,F016213,Sèquia Major - H190001000,346879,4549250,4284328,Níquel
after_2007,0003,0006,F016213,Sèquia Major - H190001000,346879,4549250,4284329,Seleni
after_2007,0003,0006,F016213,Sèquia Major - H190001000,346879,4549250,4284330,Vanadi
after_2007,0003,0006,F016213,Sèquia Major - H190001000,346879,4549250,4284331,Alumini
after_2007,0003,0006,F016213,Sèquia Major - H190001000,346879,4549250,4284332,Arsènic
after_2007,0003,0006,F016213,Sèquia Major - H190001000,346879,4549250,4284333,Mercuri
after_2007,0003,0006,F016213,Sèquia Major - H190001000,346879,4549250,4284334,Molibdè
after_2007,0003,0006,F016213,Sèquia Major - H190001000,346879,4549250,4284335,Antimoni
after_2007,0003,0006,F016213,Sèquia Major - H190001000,346879,4549250,4284336,Beril·li
after_2007,0003,0006,F016213,Sèquia Major - H190001000,346879,4549250,4284337,Estronci
after_2007,0003,0006,F016213,Sèquia Major - H190001000,346879,4549250,4284338,Manganès
after_2007,0003,0006,F016213,Sèquia Major - H190001000,346879,4549250,4284413,Toluè
after_2007,0003,0006,F016213,Sèquia Major - H190001000,346879,4549250,4284414,Hexaclorobutadiè
after_2007,0003,0006,F016213,Sèquia Major - H190001000,346879,4549250,4284415,Diclorometà
after_2007,0003,0006,F016213,Sèquia Major - H190001000,346879,4549250,4284416,"trans-1,2-dicloroetilè"
after_2007,0003,0006,F016213,Sèquia Major - H190001000,346879,4549250,4284417,"cis-1,2-Dicloroetilè"
after_2007,0003,0006,F016213,Sèquia Major - H190001000,346879,4549250,4284418,Tetraclorur de Carboni
after_2007,0003,0006,F016213,Sèquia Major - H190001000,346879,4549250,4284419,Tricloroetilè
after_2007,0003,0006,F016213,Sèquia Major - H190001000,346879,4549250,4284420,Bromodiclorometà
after_2007,0003,0006,F016213,Sèquia Major - H190001000,346879,4549250,4284421,"cis-1,3-Dicloropropè"
after_2007,0003,0006,F016213,Sèquia Major - H190001000,346879,4549250,4284422,Triclorometà
after_2007,0003,0006,F016213,Sèquia Major - H190001000,346879,4549250,4284423,"1,1,2-Tricloroetà"
after_2007,0003,0006,F016213,Sèquia Major - H190001000,346879,4549250,4284424,Tetracloroetilè
after_2007,0003,0006,F016213,Sèquia Major - H190001000,346879,4549250,4284425,Dibromoclorometà
after_2007,0003,0006,F016213,Sèquia Major - H190001000,346879,4549250,4284426,Bromoform
after_2007,0003,0006,F016213,Sèquia Major - H190001000,346879,4549250,4284427,"1,2-Dicloroetà"
after_2007,0003,0006,F016213,Sèquia Major - H190001000,346879,4549250,4284428,"1,4-Diclorobenzè"
after_2007,0003,0006,F016213,Sèquia Major - H190001000,346879,4549250,4284429,"1,2-Diclorobenzè"
after_2007,0003,0006,F016213,Sèquia Major - H190001000,346879,4549250,4284430,Suma de triclorobenzens
after_2007,0003,0006,F016213,Sèquia Major - H190001000,346879,4549250,4284431,"1,2,4-Triclorobenzè"
after_2007,0003,0006,F016213,Sèquia Major - H190001000,346879,4549250,4284432,"1,2,3-Triclorobenzè"
after_2007,0003,0006,F016213,Sèquia Major - H190001000,346879,4549250,4284433,Benzè
after_2007,0003,0006,F016213,Sèquia Major - H190001000,346879,4549250,4284434,Etilbenzè
after_2007,0003,0006,F016213,Sèquia Major - H190001000,346879,4549250,4284435,"m,p-Xilè"
after_2007,0003,0006,F016213,Sèquia Major - H190001000,346879,4549250,4284436,o-Xilè
after_2007,0003,0006,F016213,Sèquia Major - H190001000,346879,4549250,4284437,Hexaclorobenzè
after_2007,0003,0006,F016213,Sèquia Major - H190001000,346879,4549250,4284438,Clorobenzè
after_2007,0003,0006,F016213,Sèquia Major - H190001000,346879,4549250,4284439,a-Hexaclorociclohexà
after_2007,0003,0006,F016213,Sèquia Major - H190001000,346879,4549250,4284440,Lindà(g-Hexaclorociclohexà)
after_2007,0003,0006,F016213,Sèquia Major - H190001000,346879,4549250,4284441,"1,1-Dicloroetilè"
after_2007,0003,0006,F016213,Sèquia Major - H190001000,346879,4549250,4284442,"1,1-Dicloroetà"
after_2007,0003,0006,F016213,Sèquia Major - H190001000,346879,4549250,4284443,"1,1,1-Tricloroetà"
after_2007,0003,0006,F016213,Sèquia Major - H190001000,346879,4549250,4284444,"1,2-Dicloropropà"
after_2007,0003,0006,F016213,Sèquia Major - H190001000,346879,4549250,4284445,"trans-1,3-Dicloropropè"
after_2007,0003,0006,F016213,Sèquia Major - H190001000,346879,4549250,4284446,"1,1,2,2-Tetracloroetà"
after_2007,0003,0006,F016213,Sèquia Major - H190001000,346879,4549250,4284447,"1,3,5-Triclorobenzè"
after_2007,0003,0006,F016213,Sèquia Major - H190001000,346879,4549250,4284448,Heptaclor
after_2007,0003,0006,F016213,Sèquia Major - H190001000,346879,4549250,4284449,Aldrín
after_2007,0003,0006,F016213,Sèquia Major - H190001000,346879,4549250,4284450,Isodrín
after_2007,0003,0006,F016213,Sèquia Major - H190001000,346879,4549250,4284451,Epòxid d'heptaclor B
after_2007,0003,0006,F016213,Sèquia Major - H190001000,346879,4549250,4284452,Endosulfan I
after_2007,0003,0006,F016213,Sèquia Major - H190001000,346879,4549250,4284453,Dieldrín
after_2007,0003,0006,F016213,Sèquia Major - H190001000,346879,4549250,4284454,Endrín
after_2007,0003,0006,F016213,Sèquia Major - H190001000,346879,4549250,4284455,"4,4'-DDE"
after_2007,0003,0006,F016213,Sèquia Major - H190001000,346879,4549250,4284456,Endosulfan II
after_2007,0003,0006,F016213,Sèquia Major - H190001000,346879,4549250,4284457,"4,4'-DDD"
after_2007,0003,0006,F016213,Sèquia Major - H190001000,346879,4549250,4284458,Sulfat d'endosulfan
after_2007,0003,0006,F016213,Sèquia Major - H190001000,346879,4549250,4284459,"4,4'-DDT"
after_2007,0003,0006,F016213,Sèquia Major - H190001000,346879,4549250,4284460,Triclorofluorometà
after_2007,0003,0006,F016213,Sèquia Major - H190001000,346879,4549250,4284461,"1,3-Diclorobenzè"
after_2007,0003,0006,F016213,Sèquia Major - H190001000,346879,4549250,4284462,Naftalè
after_2007,0003,0006,F016213,Sèquia Major - H190001000,346879,4549250,4284463,Diazinon
after_2007,0003,0006,F016213,Sèquia Major - H190001000,346879,4549250,4284464,Paration de metil
after_2007,0003,0006,F016213,Sèquia Major - H190001000,346879,4549250,4284465,Fenitrotion
after_2007,0003,0006,F016213,Sèquia Major - H190001000,346879,4549250,4284466,Malation
after_2007,0003,0006,F016213,Sèquia Major - H190001000,346879,4549250,4284467,Clorpirifòs
after_2007,0003,0006,F016213,Sèquia Major - H190001000,346879,4549250,4284468,Paration de metil
after_2007,0003,0006,F016213,Sèquia Major - H190001000,346879,4549250,4284469,Clorfenvinfòs (suma d'isòmers)
after_2007,0003,0006,F016213,Sèquia Major - H190001000,346879,4549250,4284470,Etion
after_2007,0003,0006,F016213,Sèquia Major - H190001000,346879,4549250,4284471,Azinfòs d'etil
after_2007,0003,0006,F016213,Sèquia Major - H190001000,346879,4549250,4284472,Simazina
after_2007,0003,0006,F016213,Sèquia Major - H190001000,346879,4549250,4284473,Atrazina
after_2007,0003,0006,F016213,Sèquia Major - H190001000,346879,4549250,4284474,Propazina
after_2007,0003,0006,F016213,Sèquia Major - H190001000,346879,4549250,4284475,Terbutrina
after_2007,0003,0006,F016213,Sèquia Major - H190001000,346879,4549250,4284476,Antracè
after_2007,0003,0006,F016213,Sèquia Major - H190001000,346879,4549250,4284477,Fluorantè
after_2007,0003,0006,F016213,Sèquia Major - H190001000,346879,4549250,4284478,Benzo(b)fluorantè
after_2007,0003,0006,F016213,Sèquia Major - H190001000,346879,4549250,4284479,Benzo(k)fluorantè
after_2007,0003,0006,F016213,Sèquia Major - H190001000,346879,4549250,4284480,Benzo(a)pirè
after_2007,0003,0006,F016213,Sèquia Major - H190001000,346879,4549250,4284481,"Indeno(1,2,3-cd)pirè"
after_2007,0003,0006,F016213,Sèquia Major - H190001000,346879,4549250,4284482,Benzo(ghi)perilè
after_2007,0003,0006,F016213,Sèquia Major - H190001000,346879,4549250,4284483,Suma d'al-diel-iso-endrín
after_2007,0003,0006,F016213,Sèquia Major - H190001000,346879,4549250,4284484,Suma d'Organofosforats
after_2007,0003,0006,F016213,Sèquia Major - H190001000,346879,4549250,4284485,Suma de Plaguicides Clorats
after_2007,0003,0006,F016213,Sèquia Major - H190001000,346879,4549250,4284486,Suma de Triazines
after_2007,0003,0006,F016213,Sèquia Major - H190001000,346879,4549250,4284487,Trifluralina
after_2007,0003,0006,F016213,Sèquia Major - H190001000,346879,4549250,4284488,Molinat
after_2007,0003,0006,F016213,Sèquia Major - H190001000,346879,4549250,4284489,Terbutilazina
after_2007,0003,0006,F016213,Sèquia Major - H190001000,346879,4549250,4284490,Alaclor
after_2007,0003,0006,F016213,Sèquia Major - H190001000,346879,4549250,4284491,Pentaclorobenzè
after_2007,0003,0006,F016213,Sèquia Major - H190001000,346879,4549250,4284492,tert-Octilfenol
after_2007,0003,0006,F016213,Sèquia Major - H190001000,346879,4549250,4284493,NPEO(e=0)
after_2007,0003,0006,F016213,Sèquia Major - H190001000,346879,4549250,4284494,"2,4'-DDT"
after_2007,0003,0006,F016213,Sèquia Major - H190001000,346879,4549250,4284495,"2,4'-DDE"
after_2007,0003,0006,F016213,Sèquia Major - H190001000,346879,4549250,4284496,"2,4'-DDD"
after_2007,0003,0006,F016213,Sèquia Major - H190001000,346879,4549250,4284497,Metolaclor
after_2007,0003,0006,F016213,Sèquia Major - H190001000,346879,4549250,4284498,Epòxid d'heptaclor A
after_2007,0003,0006,F016213,Sèquia Major - H190001000,346879,4549250,4284499,Suma de diclorobenzens
after_2007,0003,0006,F016213,Sèquia Major - H190001000,346879,4549250,4284500,Cetona d'endrín
after_2007,0003,0006,F016213,Sèquia Major - H190001000,346879,4549250,4284501,BDE-28
after_2007,0003,0006,F016213,Sèquia Major - H190001000,346879,4549250,4284502,Quinoxifèn
after_2007,0003,0006,F016213,Sèquia Major - H190001000,346879,4549250,4284503,Aclonifèn
after_2007,0003,0006,F016213,Sèquia Major - H190001000,346879,4549250,4284504,Bifenox
after_2007,0003,0006,F016213,Sèquia Major - H190001000,346879,4549250,4284505,Cipermetrín (suma d'isòmers)
after_2007,0003,0006,F016213,Sèquia Major - H190001000,346879,4549250,4284506,Cibutrina
after_2007,0003,0006,F016213,Sèquia Major - H190001000,346879,4549250,4284507,4-n-Nonilfenol
after_2007,0003,0006,F016213,Sèquia Major - H190001000,346879,4549250,4482697,Suma de xilens
after_2007,0003,0006,F016213,Sèquia Major - H190001000,346879,4549250,4482699,Desetilatrazina
after_2007,0003,0006,F016213,Sèquia Major - H190001000,346879,4549250,4482700,Cianazina
after_2007,0003,0006,F016213,Sèquia Major - H190001000,346879,4549250,4482701,Diuron
after_2007,0003,0006,F016213,Sèquia Major - H190001000,346879,4549250,4482702,Isoproturon
after_2007,0003,0006,F016213,Sèquia Major - H190001000,346879,4549250,4482703,Linuron
after_2007,0003,0006,F016213,Sèquia Major - H190001000,346879,4549250,4482704,Bentazona
after_2007,0003,0006,F016213,Sèquia Major - H190001000,346879,4549250,4482716,Clortoluron
after_2007,0003,0006,F016215,Desembocadura del riu Gaià - H101501000,362829,4554900,4170236,BDE-47
after_2007,0003,0006,F016215,Desembocadura del riu Gaià - H101501000,362829,4554900,4170237,BDE-99
after_2007,0003,0006,F016215,Desembocadura del riu Gaià - H101501000,362829,4554900,4170238,BDE-100
after_2007,0003,0006,F016215,Desembocadura del riu Gaià - H101501000,362829,4554900,4170239,BDE-153
after_2007,0003,0006,F016215,Desembocadura del riu Gaià - H101501000,362829,4554900,4170240,BDE-154
after_2007,0003,0006,F016215,Desembocadura del riu Gaià - H101501000,362829,4554900,4170241,Suma de PAH1
after_2007,0003,0006,F016215,Desembocadura del riu Gaià - H101501000,362829,4554900,4170242,Suma de PAH2
after_2007,0003,0006,F016215,Desembocadura del riu Gaià - H101501000,362829,4554900,4170243,Suma de DDT
after_2007,0003,0006,F016215,Desembocadura del riu Gaià - H101501000,362829,4554900,4170244,Bor
after_2007,0003,0006,F016215,Desembocadura del riu Gaià - H101501000,362829,4554900,4170245,Bari
after_2007,0003,0006,F016215,Desembocadura del riu Gaià - H101501000,362829,4554900,4170246,Crom
after_2007,0003,0006,F016215,Desembocadura del riu Gaià - H101501000,362829,4554900,4170247,Plom
after_2007,0003,0006,F016215,Desembocadura del riu Gaià - H101501000,362829,4554900,4170248,Zinc
after_2007,0003,0006,F016215,Desembocadura del riu Gaià - H101501000,362829,4554900,4170249,Cadmi
after_2007,0003,0006,F016215,Desembocadura del riu Gaià - H101501000,362829,4554900,4170250,Coure
after_2007,0003,0006,F016215,Desembocadura del riu Gaià - H101501000,362829,4554900,4170251,Ferro
after_2007,0003,0006,F016215,Desembocadura del riu Gaià - H101501000,362829,4554900,4170252,Cobalt
after_2007,0003,0006,F016215,Desembocadura del riu Gaià - H101501000,362829,4554900,4170253,Níquel
after_2007,0003,0006,F016215,Desembocadura del riu Gaià - H101501000,362829,4554900,4170254,Seleni
after_2007,0003,0006,F016215,Desembocadura del riu Gaià - H101501000,362829,4554900,4170255,Vanadi
after_2007,0003,0006,F016215,Desembocadura del riu Gaià - H101501000,362829,4554900,4170256,Alumini
after_2007,0003,0006,F016215,Desembocadura del riu Gaià - H101501000,362829,4554900,4170257,Arsènic
after_2007,0003,0006,F016215,Desembocadura del riu Gaià - H101501000,362829,4554900,4170258,Mercuri
after_2007,0003,0006,F016215,Desembocadura del riu Gaià - H101501000,362829,4554900,4170259,Molibdè
after_2007,0003,0006,F016215,Desembocadura del riu Gaià - H101501000,362829,4554900,4170260,Antimoni
after_2007,0003,0006,F016215,Desembocadura del riu Gaià - H101501000,362829,4554900,4170261,Beril·li
after_2007,0003,0006,F016215,Desembocadura del riu Gaià - H101501000,362829,4554900,4170262,Estronci
after_2007,0003,0006,F016215,Desembocadura del riu Gaià - H101501000,362829,4554900,4170263,Manganès
after_2007,0003,0006,F016215,Desembocadura del riu Gaià - H101501000,362829,4554900,4178100,Toluè
after_2007,0003,0006,F016215,Desembocadura del riu Gaià - H101501000,362829,4554900,4178101,Hexaclorobutadiè
after_2007,0003,0006,F016215,Desembocadura del riu Gaià - H101501000,362829,4554900,4178102,Diclorometà
after_2007,0003,0006,F016215,Desembocadura del riu Gaià - H101501000,362829,4554900,4178103,"trans-1,2-Dicloroetilè"
after_2007,0003,0006,F016215,Desembocadura del riu Gaià - H101501000,362829,4554900,4178104,"cis-1,2-Dicloroetilè"
after_2007,0003,0006,F016215,Desembocadura del riu Gaià - H101501000,362829,4554900,4178105,Tetraclorur de Carboni
after_2007,0003,0006,F016215,Desembocadura del riu Gaià - H101501000,362829,4554900,4178106,Tricloroetilè
after_2007,0003,0006,F016215,Desembocadura del riu Gaià - H101501000,362829,4554900,4178107,Bromodiclorometà
after_2007,0003,0006,F016215,Desembocadura del riu Gaià - H101501000,362829,4554900,4178108,"cis-1,3-Dicloropropè"
after_2007,0003,0006,F016215,Desembocadura del riu Gaià - H101501000,362829,4554900,4178109,Triclorometà
after_2007,0003,0006,F016215,Desembocadura del riu Gaià - H101501000,362829,4554900,4178110,"1,1,2-Tricloroetà"
after_2007,0003,0006,F016215,Desembocadura del riu Gaià - H101501000,362829,4554900,4178111,Tetracloroetilè
after_2007,0003,0006,F016215,Desembocadura del riu Gaià - H101501000,362829,4554900,4178112,Dibromoclorometà
after_2007,0003,0006,F016215,Desembocadura del riu Gaià - H101501000,362829,4554900,4178113,Bromoform
after_2007,0003,0006,F016215,Desembocadura del riu Gaià - H101501000,362829,4554900,4178114,"1,2-Dicloroetà"
after_2007,0003,0006,F016215,Desembocadura del riu Gaià - H101501000,362829,4554900,4178115,"1,4-Diclorobenzè"
after_2007,0003,0006,F016215,Desembocadura del riu Gaià - H101501000,362829,4554900,4178116,"1,2-Diclorobenzè"
after_2007,0003,0006,F016215,Desembocadura del riu Gaià - H101501000,362829,4554900,4178117,Suma de triclorobenzens
after_2007,0003,0006,F016215,Desembocadura del riu Gaià - H101501000,362829,4554900,4178118,"1,2,4-Triclorobenzè"
after_2007,0003,0006,F016215,Desembocadura del riu Gaià - H101501000,362829,4554900,4178119,"1,2,3-Triclorobenzè"
after_2007,0003,0006,F016215,Desembocadura del riu Gaià - H101501000,362829,4554900,4178120,Benzè
after_2007,0003,0006,F016215,Desembocadura del riu Gaià - H101501000,362829,4554900,4178121,Etilbenzè
after_2007,0003,0006,F016215,Desembocadura del riu Gaià - H101501000,362829,4554900,4178122,"m,p-Xilè"
after_2007,0003,0006,F016215,Desembocadura del riu Gaià - H101501000,362829,4554900,4178123,o-Xilè
after_2007,0003,0006,F016215,Desembocadura del riu Gaià - H101501000,362829,4554900,4178125,Hexaclorobenzè
after_2007,0003,0006,F016215,Desembocadura del riu Gaià - H101501000,362829,4554900,4178126,Clorobenzè
after_2007,0003,0006,F016215,Desembocadura del riu Gaià - H101501000,362829,4554900,4178127,a-Hexaclorociclohexà
after_2007,0003,0006,F016215,Desembocadura del riu Gaià - H101501000,362829,4554900,4178128,Lindà(g-Hexaclorociclohexà)
after_2007,0003,0006,F016215,Desembocadura del riu Gaià - H101501000,362829,4554900,4178129,"1,1-Dicloroetilè"
after_2007,0003,0006,F016215,Desembocadura del riu Gaià - H101501000,362829,4554900,4178130,"1,1-Dicloroetà"
after_2007,0003,0006,F016215,Desembocadura del riu Gaià - H101501000,362829,4554900,4178131,"1,1,1-Tricloroetà"
after_2007,0003,0006,F016215,Desembocadura del riu Gaià - H101501000,362829,4554900,4178132,"1,2-Dicloropropà"
after_2007,0003,0006,F016215,Desembocadura del riu Gaià - H101501000,362829,4554900,4178133,"trans-1,3-Dicloropropè"
after_2007,0003,0006,F016215,Desembocadura del riu Gaià - H101501000,362829,4554900,4178134,"1,1,2,2-Tetracloroetà"
after_2007,0003,0006,F016215,Desembocadura del riu Gaià - H101501000,362829,4554900,4178135,"1,3,5-Triclorobenzè"
after_2007,0003,0006,F016215,Desembocadura del riu Gaià - H101501000,362829,4554900,4178136,Heptaclor
after_2007,0003,0006,F016215,Desembocadura del riu Gaià - H101501000,362829,4554900,4178137,Aldrín
after_2007,0003,0006,F016215,Desembocadura del riu Gaià - H101501000,362829,4554900,4178138,Isodrín
after_2007,0003,0006,F016215,Desembocadura del riu Gaià - H101501000,362829,4554900,4178139,Epòxid d'heptaclor B
after_2007,0003,0006,F016215,Desembocadura del riu Gaià - H101501000,362829,4554900,4178140,Endosulfan I
after_2007,0003,0006,F016215,Desembocadura del riu Gaià - H101501000,362829,4554900,4178141,Dieldrín
after_2007,0003,0006,F016215,Desembocadura del riu Gaià - H101501000,362829,4554900,4178142,Endrín
after_2007,0003,0006,F016215,Desembocadura del riu Gaià - H101501000,362829,4554900,4178143,"4,4'-DDE"
after_2007,0003,0006,F016215,Desembocadura del riu Gaià - H101501000,362829,4554900,4178144,Endosulfan II
after_2007,0003,0006,F016215,Desembocadura del riu Gaià - H101501000,362829,4554900,4178145,"4,4'-DDD"
after_2007,0003,0006,F016215,Desembocadura del riu Gaià - H101501000,362829,4554900,4178146,Sulfat d'endosulfan
after_2007,0003,0006,F016215,Desembocadura del riu Gaià - H101501000,362829,4554900,4178147,"4,4'-DDT"
after_2007,0003,0006,F016215,Desembocadura del riu Gaià - H101501000,362829,4554900,4178148,Triclorofluorometà
after_2007,0003,0006,F016215,Desembocadura del riu Gaià - H101501000,362829,4554900,4178149,"1,3-diclorobenzè"
after_2007,0003,0006,F016215,Desembocadura del riu Gaià - H101501000,362829,4554900,4178150,Naftalè
after_2007,0003,0006,F016215,Desembocadura del riu Gaià - H101501000,362829,4554900,4178151,Diazinon
after_2007,0003,0006,F016215,Desembocadura del riu Gaià - H101501000,362829,4554900,4178152,Paration de metil
after_2007,0003,0006,F016215,Desembocadura del riu Gaià - H101501000,362829,4554900,4178153,Fenitrotion
after_2007,0003,0006,F016215,Desembocadura del riu Gaià - H101501000,362829,4554900,4178154,Malation
after_2007,0003,0006,F016215,Desembocadura del riu Gaià - H101501000,362829,4554900,4178155,Clorpirifòs
after_2007,0003,0006,F016215,Desembocadura del riu Gaià - H101501000,362829,4554900,4178156,Paration
after_2007,0003,0006,F016215,Desembocadura del riu Gaià - H101501000,362829,4554900,4178157,Clorfenvinfòs (suma d'isòmers)
after_2007,0003,0006,F016215,Desembocadura del riu Gaià - H101501000,362829,4554900,4178158,Etion
after_2007,0003,0006,F016215,Desembocadura del riu Gaià - H101501000,362829,4554900,4178159,Azinfòs d'etil
after_2007,0003,0006,F016215,Desembocadura del riu Gaià - H101501000,362829,4554900,4178160,Simazina
after_2007,0003,0006,F016215,Desembocadura del riu Gaià - H101501000,362829,4554900,4178161,Atrazina
after_2007,0003,0006,F016215,Desembocadura del riu Gaià - H101501000,362829,4554900,4178162,Propazina
after_2007,0003,0006,F016215,Desembocadura del riu Gaià - H101501000,362829,4554900,4178163,Terbutrina
after_2007,0003,0006,F016215,Desembocadura del riu Gaià - H101501000,362829,4554900,4178164,Antracè
after_2007,0003,0006,F016215,Desembocadura del riu Gaià - H101501000,362829,4554900,4178165,Fluorantè
after_2007,0003,0006,F016215,Desembocadura del riu Gaià - H101501000,362829,4554900,4178166,Benzo(b)fluorantè
after_2007,0003,0006,F016215,Desembocadura del riu Gaià - H101501000,362829,4554900,4178167,Benzo(k)fluorantè
after_2007,0003,0006,F016215,Desembocadura del riu Gaià - H101501000,362829,4554900,4178168,Benzo(a)pirè
after_2007,0003,0006,F016215,Desembocadura del riu Gaià - H101501000,362829,4554900,4178169,"Indeno(1,2,3-cd)pirè"
after_2007,0003,0006,F016215,Desembocadura del riu Gaià - H101501000,362829,4554900,4178170,Benzo(ghi)perilè
after_2007,0003,0006,F016215,Desembocadura del riu Gaià - H101501000,362829,4554900,4178171,Suma d'al-diel-iso-endrín
after_2007,0003,0006,F016215,Desembocadura del riu Gaià - H101501000,362829,4554900,4178172,Suma d'Organofosforats
after_2007,0003,0006,F016215,Desembocadura del riu Gaià - H101501000,362829,4554900,4178173,Suma de plaguicides clorats
after_2007,0003,0006,F016215,Desembocadura del riu Gaià - H101501000,362829,4554900,4178174,Suma de triazines
after_2007,0003,0006,F016215,Desembocadura del riu Gaià - H101501000,362829,4554900,4178175,Trifluralina
after_2007,0003,0006,F016215,Desembocadura del riu Gaià - H101501000,362829,4554900,4178176,Molinat
after_2007,0003,0006,F016215,Desembocadura del riu Gaià - H101501000,362829,4554900,4178177,Terbutilazina
after_2007,0003,0006,F016215,Desembocadura del riu Gaià - H101501000,362829,4554900,4178178,Alaclor
after_2007,0003,0006,F016215,Desembocadura del riu Gaià - H101501000,362829,4554900,4178179,Pentaclorobenzè
after_2007,0003,0006,F016215,Desembocadura del riu Gaià - H101501000,362829,4554900,4178180,tert-Octilfenol
after_2007,0003,0006,F016215,Desembocadura del riu Gaià - H101501000,362829,4554900,4178181,NPEO(e=0)
after_2007,0003,0006,F016215,Desembocadura del riu Gaià - H101501000,362829,4554900,4178182,"2,4'-DDT"
after_2007,0003,0006,F016215,Desembocadura del riu Gaià - H101501000,362829,4554900,4178183,"2,4'-DDE"
after_2007,0003,0006,F016215,Desembocadura del riu Gaià - H101501000,362829,4554900,4178184,"2,4'-DDD"
after_2007,0003,0006,F016215,Desembocadura del riu Gaià - H101501000,362829,4554900,4178185,Metolaclor
after_2007,0003,0006,F016215,Desembocadura del riu Gaià - H101501000,362829,4554900,4178186,Epòxid d'heptaclor A
after_2007,0003,0006,F016215,Desembocadura del riu Gaià - H101501000,362829,4554900,4178187,Suma de diclorobenzens
after_2007,0003,0006,F016215,Desembocadura del riu Gaià - H101501000,362829,4554900,4178188,Cetona d'endrín
after_2007,0003,0006,F016215,Desembocadura del riu Gaià - H101501000,362829,4554900,4178189,BDE-28
after_2007,0003,0006,F016215,Desembocadura del riu Gaià - H101501000,362829,4554900,4178190,Quinoxifèn
after_2007,0003,0006,F016215,Desembocadura del riu Gaià - H101501000,362829,4554900,4178191,Aclonifèn
after_2007,0003,0006,F016215,Desembocadura del riu Gaià - H101501000,362829,4554900,4178192,Bifenox
after_2007,0003,0006,F016215,Desembocadura del riu Gaià - H101501000,362829,4554900,4178193,Cipermetrín (suma d'isòmers)
after_2007,0003,0006,F016215,Desembocadura del riu Gaià - H101501000,362829,4554900,4178194,Cibutrina
after_2007,0003,0006,F016215,Desembocadura del riu Gaià - H101501000,362829,4554900,4178195,4-n-Nonilfenol
after_2007,0003,0006,F016215,Desembocadura del riu Gaià - H101501000,362829,4554900,4482769,Suma de xilens
after_2007,0003,0006,F016215,Desembocadura del riu Gaià - H101501000,362829,4554900,4482771,Desetilatrazina
after_2007,0003,0006,F016215,Desembocadura del riu Gaià - H101501000,362829,4554900,4482772,Cianazina
after_2007,0003,0006,F016215,Desembocadura del riu Gaià - H101501000,362829,4554900,4482773,Diuron
after_2007,0003,0006,F016215,Desembocadura del riu Gaià - H101501000,362829,4554900,4482774,Isoproturon
after_2007,0003,0006,F016215,Desembocadura del riu Gaià - H101501000,362829,4554900,4482775,Linuron
after_2007,0003,0006,F016215,Desembocadura del riu Gaià - H101501000,362829,4554900,4482776,Bentazona
after_2007,0003,0006,F016215,Desembocadura del riu Gaià - H101501000,362829,4554900,4482790,Clortoluron
after_2007,0003,0006,F016216,Platja de Torredembarra - H183301000,368784,4557163,4170208,BDE-47
after_2007,0003,0006,F016216,Platja de Torredembarra - H183301000,368784,4557163,4170209,BDE-99
after_2007,0003,0006,F016216,Platja de Torredembarra - H183301000,368784,4557163,4170210,BDE-100
after_2007,0003,0006,F016216,Platja de Torredembarra - H183301000,368784,4557163,4170211,BDE-153
after_2007,0003,0006,F016216,Platja de Torredembarra - H183301000,368784,4557163,4170212,BDE-154
after_2007,0003,0006,F016216,Platja de Torredembarra - H183301000,368784,4557163,4170213,Suma de PAH1
after_2007,0003,0006,F016216,Platja de Torredembarra - H183301000,368784,4557163,4170214,Suma de PAH2
after_2007,0003,0006,F016216,Platja de Torredembarra - H183301000,368784,4557163,4170215,Suma de DDT
after_2007,0003,0006,F016216,Platja de Torredembarra - H183301000,368784,4557163,4170216,Bor
after_2007,0003,0006,F016216,Platja de Torredembarra - H183301000,368784,4557163,4170217,Bari
after_2007,0003,0006,F016216,Platja de Torredembarra - H183301000,368784,4557163,4170218,Crom
after_2007,0003,0006,F016216,Platja de Torredembarra - H183301000,368784,4557163,4170219,Plom
after_2007,0003,0006,F016216,Platja de Torredembarra - H183301000,368784,4557163,4170220,Zinc
after_2007,0003,0006,F016216,Platja de Torredembarra - H183301000,368784,4557163,4170221,Cadmi
after_2007,0003,0006,F016216,Platja de Torredembarra - H183301000,368784,4557163,4170222,Coure
after_2007,0003,0006,F016216,Platja de Torredembarra - H183301000,368784,4557163,4170223,Ferro
after_2007,0003,0006,F016216,Platja de Torredembarra - H183301000,368784,4557163,4170224,Cobalt
after_2007,0003,0006,F016216,Platja de Torredembarra - H183301000,368784,4557163,4170225,Níquel
after_2007,0003,0006,F016216,Platja de Torredembarra - H183301000,368784,4557163,4170226,Seleni
after_2007,0003,0006,F016216,Platja de Torredembarra - H183301000,368784,4557163,4170227,Vanadi
after_2007,0003,0006,F016216,Platja de Torredembarra - H183301000,368784,4557163,4170228,Alumini
after_2007,0003,0006,F016216,Platja de Torredembarra - H183301000,368784,4557163,4170229,Arsènic
after_2007,0003,0006,F016216,Platja de Torredembarra - H183301000,368784,4557163,4170230,Mercuri
after_2007,0003,0006,F016216,Platja de Torredembarra - H183301000,368784,4557163,4170231,Molibdè
after_2007,0003,0006,F016216,Platja de Torredembarra - H183301000,368784,4557163,4170232,Antimoni
after_2007,0003,0006,F016216,Platja de Torredembarra - H183301000,368784,4557163,4170233,Beril·li
after_2007,0003,0006,F016216,Platja de Torredembarra - H183301000,368784,4557163,4170234,Estronci
after_2007,0003,0006,F016216,Platja de Torredembarra - H183301000,368784,4557163,4170235,Manganès
after_2007,0003,0006,F016216,Platja de Torredembarra - H183301000,368784,4557163,4178000,Toluè
after_2007,0003,0006,F016216,Platja de Torredembarra - H183301000,368784,4557163,4178001,Hexaclorobutadiè
after_2007,0003,0006,F016216,Platja de Torredembarra - H183301000,368784,4557163,4178002,Diclorometà
after_2007,0003,0006,F016216,Platja de Torredembarra - H183301000,368784,4557163,4178003,"trans-1,2-Dicloroetilè"
after_2007,0003,0006,F016216,Platja de Torredembarra - H183301000,368784,4557163,4178004,"cis-1,2-Dicloroetilè"
after_2007,0003,0006,F016216,Platja de Torredembarra - H183301000,368784,4557163,4178005,Tetraclorur de Carboni
after_2007,0003,0006,F016216,Platja de Torredembarra - H183301000,368784,4557163,4178006,Tricloroetilè
after_2007,0003,0006,F016216,Platja de Torredembarra - H183301000,368784,4557163,4178007,Bromodiclorometà
after_2007,0003,0006,F016216,Platja de Torredembarra - H183301000,368784,4557163,4178008,"cis-1,3-Dicloropropè"
after_2007,0003,0006,F016216,Platja de Torredembarra - H183301000,368784,4557163,4178009,Triclorometà
after_2007,0003,0006,F016216,Platja de Torredembarra - H183301000,368784,4557163,4178010,"1,1,2-Tricloroetà"
after_2007,0003,0006,F016216,Platja de Torredembarra - H183301000,368784,4557163,4178011,Tetracloroetilè
after_2007,0003,0006,F016216,Platja de Torredembarra - H183301000,368784,4557163,4178012,Dibromoclorometà
after_2007,0003,0006,F016216,Platja de Torredembarra - H183301000,368784,4557163,4178013,Bromoform
after_2007,0003,0006,F016216,Platja de Torredembarra - H183301000,368784,4557163,4178014,"1,2-Dicloroetà"
after_2007,0003,0006,F016216,Platja de Torredembarra - H183301000,368784,4557163,4178015,"1,4-Diclorobenzè"
after_2007,0003,0006,F016216,Platja de Torredembarra - H183301000,368784,4557163,4178016,"1,2-Diclorobenzè"
after_2007,0003,0006,F016216,Platja de Torredembarra - H183301000,368784,4557163,4178017,Suma de triclorobenzens
after_2007,0003,0006,F016216,Platja de Torredembarra - H183301000,368784,4557163,4178018,"1,2,4-Triclorobenzè"
after_2007,0003,0006,F016216,Platja de Torredembarra - H183301000,368784,4557163,4178019,"1,2,3-Triclorobenzè"
after_2007,0003,0006,F016216,Platja de Torredembarra - H183301000,368784,4557163,4178020,Benzè
after_2007,0003,0006,F016216,Platja de Torredembarra - H183301000,368784,4557163,4178021,Etilbenzè
after_2007,0003,0006,F016216,Platja de Torredembarra - H183301000,368784,4557163,4178022,"m,p-Xilè"
after_2007,0003,0006,F016216,Platja de Torredembarra - H183301000,368784,4557163,4178023,o-Xilè
after_2007,0003,0006,F016216,Platja de Torredembarra - H183301000,368784,4557163,4178025,Hexaclorobenzè
after_2007,0003,0006,F016216,Platja de Torredembarra - H183301000,368784,4557163,4178026,Clorobenzè
after_2007,0003,0006,F016216,Platja de Torredembarra - H183301000,368784,4557163,4178027,a-Hexaclorociclohexà
after_2007,0003,0006,F016216,Platja de Torredembarra - H183301000,368784,4557163,4178028,Lindà(g-Hexaclorociclohexà)
after_2007,0003,0006,F016216,Platja de Torredembarra - H183301000,368784,4557163,4178029,"1,1-Dicloroetilè"
after_2007,0003,0006,F016216,Platja de Torredembarra - H183301000,368784,4557163,4178030,"1,1-Dicloroetà"
after_2007,0003,0006,F016216,Platja de Torredembarra - H183301000,368784,4557163,4178031,"1,1,1-Tricloroetà"
after_2007,0003,0006,F016216,Platja de Torredembarra - H183301000,368784,4557163,4178032,"1,2-Dicloropropà"
after_2007,0003,0006,F016216,Platja de Torredembarra - H183301000,368784,4557163,4178033,"trans-1,3-Dicloropropè"
after_2007,0003,0006,F016216,Platja de Torredembarra - H183301000,368784,4557163,4178034,"1,1,2,2-Tetracloroetà"
after_2007,0003,0006,F016216,Platja de Torredembarra - H183301000,368784,4557163,4178035,"1,3,5-Triclorobenzè"
after_2007,0003,0006,F016216,Platja de Torredembarra - H183301000,368784,4557163,4178036,Heptaclor
after_2007,0003,0006,F016216,Platja de Torredembarra - H183301000,368784,4557163,4178037,Aldrín
after_2007,0003,0006,F016216,Platja de Torredembarra - H183301000,368784,4557163,4178038,Isodrín
after_2007,0003,0006,F016216,Platja de Torredembarra - H183301000,368784,4557163,4178039,Epòxid d'heptaclor B
after_2007,0003,0006,F016216,Platja de Torredembarra - H183301000,368784,4557163,4178040,Endosulfan I
after_2007,0003,0006,F016216,Platja de Torredembarra - H183301000,368784,4557163,4178041,Dieldrín
after_2007,0003,0006,F016216,Platja de Torredembarra - H183301000,368784,4557163,4178042,Endrín
after_2007,0003,0006,F016216,Platja de Torredembarra - H183301000,368784,4557163,4178043,"4,4'-DDE"
after_2007,0003,0006,F016216,Platja de Torredembarra - H183301000,368784,4557163,4178044,Endosulfan II
after_2007,0003,0006,F016216,Platja de Torredembarra - H183301000,368784,4557163,4178045,"4,4'-DDD"
after_2007,0003,0006,F016216,Platja de Torredembarra - H183301000,368784,4557163,4178046,Sulfat d'endosulfan
after_2007,0003,0006,F016216,Platja de Torredembarra - H183301000,368784,4557163,4178047,"4,4'-DDT"
after_2007,0003,0006,F016216,Platja de Torredembarra - H183301000,368784,4557163,4178048,Triclorofluorometà
after_2007,0003,0006,F016216,Platja de Torredembarra - H183301000,368784,4557163,4178049,"1,3-diclorobenzè"
after_2007,0003,0006,F016216,Platja de Torredembarra - H183301000,368784,4557163,4178050,Naftalè
after_2007,0003,0006,F016216,Platja de Torredembarra - H183301000,368784,4557163,4178051,Diazinon
after_2007,0003,0006,F016216,Platja de Torredembarra - H183301000,368784,4557163,4178052,Paration de metil
after_2007,0003,0006,F016216,Platja de Torredembarra - H183301000,368784,4557163,4178053,Fenitrotion
after_2007,0003,0006,F016216,Platja de Torredembarra - H183301000,368784,4557163,4178054,Malation
after_2007,0003,0006,F016216,Platja de Torredembarra - H183301000,368784,4557163,4178055,Clorpirifòs
after_2007,0003,0006,F016216,Platja de Torredembarra - H183301000,368784,4557163,4178056,Paration
after_2007,0003,0006,F016216,Platja de Torredembarra - H183301000,368784,4557163,4178057,Clorfenvinfòs (suma d'isòmers)
after_2007,0003,0006,F016216,Platja de Torredembarra - H183301000,368784,4557163,4178058,Etion
after_2007,0003,0006,F016216,Platja de Torredembarra - H183301000,368784,4557163,4178059,Azinfòs d'etil
after_2007,0003,0006,F016216,Platja de Torredembarra - H183301000,368784,4557163,4178060,Simazina
after_2007,0003,0006,F016216,Platja de Torredembarra - H183301000,368784,4557163,4178061,Atrazina
after_2007,0003,0006,F016216,Platja de Torredembarra - H183301000,368784,4557163,4178062,Propazina
after_2007,0003,0006,F016216,Platja de Torredembarra - H183301000,368784,4557163,4178063,Terbutrina
after_2007,0003,0006,F016216,Platja de Torredembarra - H183301000,368784,4557163,4178064,Antracè
after_2007,0003,0006,F016216,Platja de Torredembarra - H183301000,368784,4557163,4178065,Fluorantè
after_2007,0003,0006,F016216,Platja de Torredembarra - H183301000,368784,4557163,4178066,Benzo(b)fluorantè
after_2007,0003,0006,F016216,Platja de Torredembarra - H183301000,368784,4557163,4178067,Benzo(k)fluorantè
after_2007,0003,0006,F016216,Platja de Torredembarra - H183301000,368784,4557163,4178068,Benzo(a)pirè
after_2007,0003,0006,F016216,Platja de Torredembarra - H183301000,368784,4557163,4178069,"Indeno(1,2,3-cd)pirè"
after_2007,0003,0006,F016216,Platja de Torredembarra - H183301000,368784,4557163,4178070,Benzo(ghi)perilè
after_2007,0003,0006,F016216,Platja de Torredembarra - H183301000,368784,4557163,4178071,Suma d'al-diel-iso-endrín
after_2007,0003,0006,F016216,Platja de Torredembarra - H183301000,368784,4557163,4178072,Suma d'Organofosforats
after_2007,0003,0006,F016216,Platja de Torredembarra - H183301000,368784,4557163,4178073,Suma de plaguicides clorats
after_2007,0003,0006,F016216,Platja de Torredembarra - H183301000,368784,4557163,4178074,Suma de triazines
after_2007,0003,0006,F016216,Platja de Torredembarra - H183301000,368784,4557163,4178075,Trifluralina
after_2007,0003,0006,F016216,Platja de Torredembarra - H183301000,368784,4557163,4178076,Molinat
after_2007,0003,0006,F016216,Platja de Torredembarra - H183301000,368784,4557163,4178077,Terbutilazina
after_2007,0003,0006,F016216,Platja de Torredembarra - H183301000,368784,4557163,4178078,Alaclor
after_2007,0003,0006,F016216,Platja de Torredembarra - H183301000,368784,4557163,4178079,Pentaclorobenzè
after_2007,0003,0006,F016216,Platja de Torredembarra - H183301000,368784,4557163,4178080,tert-Octilfenol
after_2007,0003,0006,F016216,Platja de Torredembarra - H183301000,368784,4557163,4178081,NPEO(e=0)
after_2007,0003,0006,F016216,Platja de Torredembarra - H183301000,368784,4557163,4178082,"2,4'-DDT"
after_2007,0003,0006,F016216,Platja de Torredembarra - H183301000,368784,4557163,4178083,"2,4'-DDE"
after_2007,0003,0006,F016216,Platja de Torredembarra - H183301000,368784,4557163,4178084,"2,4'-DDD"
after_2007,0003,0006,F016216,Platja de Torredembarra - H183301000,368784,4557163,4178085,Metolaclor
after_2007,0003,0006,F016216,Platja de Torredembarra - H183301000,368784,4557163,4178086,Epòxid d'heptaclor A
after_2007,0003,0006,F016216,Platja de Torredembarra - H183301000,368784,4557163,4178087,Suma de diclorobenzens
after_2007,0003,0006,F016216,Platja de Torredembarra - H183301000,368784,4557163,4178088,Cetona d'endrín
after_2007,0003,0006,F016216,Platja de Torredembarra - H183301000,368784,4557163,4178089,BDE-28
after_2007,0003,0006,F016216,Platja de Torredembarra - H183301000,368784,4557163,4178090,Quinoxifèn
after_2007,0003,0006,F016216,Platja de Torredembarra - H183301000,368784,4557163,4178091,Aclonifèn
after_2007,0003,0006,F016216,Platja de Torredembarra - H183301000,368784,4557163,4178092,Bifenox
after_2007,0003,0006,F016216,Platja de Torredembarra - H183301000,368784,4557163,4178093,Cipermetrín (suma d'isòmers)
after_2007,0003,0006,F016216,Platja de Torredembarra - H183301000,368784,4557163,4178094,Cibutrina
after_2007,0003,0006,F016216,Platja de Torredembarra - H183301000,368784,4557163,4178095,4-n-Nonilfenol
after_2007,0003,0006,F016216,Platja de Torredembarra - H183301000,368784,4557163,4482733,Suma de xilens
after_2007,0003,0006,F016216,Platja de Torredembarra - H183301000,368784,4557163,4482735,Desetilatrazina
after_2007,0003,0006,F016216,Platja de Torredembarra - H183301000,368784,4557163,4482736,Cianazina
after_2007,0003,0006,F016216,Platja de Torredembarra - H183301000,368784,4557163,4482737,Diuron
after_2007,0003,0006,F016216,Platja de Torredembarra - H183301000,368784,4557163,4482738,Isoproturon
after_2007,0003,0006,F016216,Platja de Torredembarra - H183301000,368784,4557163,4482739,Linuron
after_2007,0003,0006,F016216,Platja de Torredembarra - H183301000,368784,4557163,4482740,Bentazona
after_2007,0003,0006,F016216,Platja de Torredembarra - H183301000,368784,4557163,4482752,Clortoluron
after_2007,0003,0006,F016217,Delta del Llobregat-Estany de la Murtra - H180002000,419713,4569594,4259871,BDE-47
after_2007,0003,0006,F016217,Delta del Llobregat-Estany de la Murtra - H180002000,419713,4569594,4259872,BDE-99
after_2007,0003,0006,F016217,Delta del Llobregat-Estany de la Murtra - H180002000,419713,4569594,4259873,BDE-100
after_2007,0003,0006,F016217,Delta del Llobregat-Estany de la Murtra - H180002000,419713,4569594,4259874,BDE-153
after_2007,0003,0006,F016217,Delta del Llobregat-Estany de la Murtra - H180002000,419713,4569594,4259875,BDE-154
after_2007,0003,0006,F016217,Delta del Llobregat-Estany de la Murtra - H180002000,419713,4569594,4259876,Suma de PAH1
after_2007,0003,0006,F016217,Delta del Llobregat-Estany de la Murtra - H180002000,419713,4569594,4259877,Suma de PAH2
after_2007,0003,0006,F016217,Delta del Llobregat-Estany de la Murtra - H180002000,419713,4569594,4259878,Suma de DDT
after_2007,0003,0006,F016217,Delta del Llobregat-Estany de la Murtra - H180002000,419713,4569594,4259879,Bor
after_2007,0003,0006,F016217,Delta del Llobregat-Estany de la Murtra - H180002000,419713,4569594,4259880,Bari
after_2007,0003,0006,F016217,Delta del Llobregat-Estany de la Murtra - H180002000,419713,4569594,4259881,Crom
after_2007,0003,0006,F016217,Delta del Llobregat-Estany de la Murtra - H180002000,419713,4569594,4259882,Plom
after_2007,0003,0006,F016217,Delta del Llobregat-Estany de la Murtra - H180002000,419713,4569594,4259883,Zinc
after_2007,0003,0006,F016217,Delta del Llobregat-Estany de la Murtra - H180002000,419713,4569594,4259884,Cadmi
after_2007,0003,0006,F016217,Delta del Llobregat-Estany de la Murtra - H180002000,419713,4569594,4259885,Coure
after_2007,0003,0006,F016217,Delta del Llobregat-Estany de la Murtra - H180002000,419713,4569594,4259886,Ferro
after_2007,0003,0006,F016217,Delta del Llobregat-Estany de la Murtra - H180002000,419713,4569594,4259887,Cobalt
after_2007,0003,0006,F016217,Delta del Llobregat-Estany de la Murtra - H180002000,419713,4569594,4259888,Níquel
after_2007,0003,0006,F016217,Delta del Llobregat-Estany de la Murtra - H180002000,419713,4569594,4259889,Seleni
after_2007,0003,0006,F016217,Delta del Llobregat-Estany de la Murtra - H180002000,419713,4569594,4259890,Vanadi
after_2007,0003,0006,F016217,Delta del Llobregat-Estany de la Murtra - H180002000,419713,4569594,4259891,Alumini
after_2007,0003,0006,F016217,Delta del Llobregat-Estany de la Murtra - H180002000,419713,4569594,4259892,Arsènic
after_2007,0003,0006,F016217,Delta del Llobregat-Estany de la Murtra - H180002000,419713,4569594,4259893,Mercuri
after_2007,0003,0006,F016217,Delta del Llobregat-Estany de la Murtra - H180002000,419713,4569594,4259894,Molibdè
after_2007,0003,0006,F016217,Delta del Llobregat-Estany de la Murtra - H180002000,419713,4569594,4259895,Antimoni
after_2007,0003,0006,F016217,Delta del Llobregat-Estany de la Murtra - H180002000,419713,4569594,4259896,Beril·li
after_2007,0003,0006,F016217,Delta del Llobregat-Estany de la Murtra - H180002000,419713,4569594,4259897,Estronci
after_2007,0003,0006,F016217,Delta del Llobregat-Estany de la Murtra - H180002000,419713,4569594,4259898,Manganès
after_2007,0003,0006,F016217,Delta del Llobregat-Estany de la Murtra - H180002000,419713,4569594,4268658,Diuron
after_2007,0003,0006,F016217,Delta del Llobregat-Estany de la Murtra - H180002000,419713,4569594,4268663,Isoproturon
after_2007,0003,0006,F016219,Delta del Llobregat-Riera de Sant Climent - H180001000,421436,4570049,4426231,BDE-47
after_2007,0003,0006,F016219,Delta del Llobregat-Riera de Sant Climent - H180001000,421436,4570049,4426232,BDE-99
after_2007,0003,0006,F016219,Delta del Llobregat-Riera de Sant Climent - H180001000,421436,4570049,4426233,BDE-100
after_2007,0003,0006,F016219,Delta del Llobregat-Riera de Sant Climent - H180001000,421436,4570049,4426234,BDE-153
after_2007,0003,0006,F016219,Delta del Llobregat-Riera de Sant Climent - H180001000,421436,4570049,4426235,BDE-154
after_2007,0003,0006,F016219,Delta del Llobregat-Riera de Sant Climent - H180001000,421436,4570049,4426236,Suma de PAH1
after_2007,0003,0006,F016219,Delta del Llobregat-Riera de Sant Climent - H180001000,421436,4570049,4426237,Suma de PAH2
after_2007,0003,0006,F016219,Delta del Llobregat-Riera de Sant Climent - H180001000,421436,4570049,4426238,Suma de DDT
after_2007,0003,0006,F016219,Delta del Llobregat-Riera de Sant Climent - H180001000,421436,4570049,4426239,Bor
after_2007,0003,0006,F016219,Delta del Llobregat-Riera de Sant Climent - H180001000,421436,4570049,4426240,Bari
after_2007,0003,0006,F016219,Delta del Llobregat-Riera de Sant Climent - H180001000,421436,4570049,4426241,Crom
after_2007,0003,0006,F016219,Delta del Llobregat-Riera de Sant Climent - H180001000,421436,4570049,4426242,Plom
after_2007,0003,0006,F016219,Delta del Llobregat-Riera de Sant Climent - H180001000,421436,4570049,4426243,Zinc
after_2007,0003,0006,F016219,Delta del Llobregat-Riera de Sant Climent - H180001000,421436,4570049,4426245,Coure
after_2007,0003,0006,F016219,Delta del Llobregat-Riera de Sant Climent - H180001000,421436,4570049,4426246,Ferro
after_2007,0003,0006,F016219,Delta del Llobregat-Riera de Sant Climent - H180001000,421436,4570049,4426247,Cobalt
after_2007,0003,0006,F016219,Delta del Llobregat-Riera de Sant Climent - H180001000,421436,4570049,4426248,Níquel
after_2007,0003,0006,F016219,Delta del Llobregat-Riera de Sant Climent - H180001000,421436,4570049,4426249,Seleni
after_2007,0003,0006,F016219,Delta del Llobregat-Riera de Sant Climent - H180001000,421436,4570049,4426250,Vanadi
after_2007,0003,0006,F016219,Delta del Llobregat-Riera de Sant Climent - H180001000,421436,4570049,4426251,Alumini
after_2007,0003,0006,F016219,Delta del Llobregat-Riera de Sant Climent - H180001000,421436,4570049,4426252,Arsènic
after_2007,0003,0006,F016219,Delta del Llobregat-Riera de Sant Climent - H180001000,421436,4570049,4426253,Mercuri
after_2007,0003,0006,F016219,Delta del Llobregat-Riera de Sant Climent - H180001000,421436,4570049,4426254,Molibdè
after_2007,0003,0006,F016219,Delta del Llobregat-Riera de Sant Climent - H180001000,421436,4570049,4426255,Antimoni
after_2007,0003,0006,F016219,Delta del Llobregat-Riera de Sant Climent - H180001000,421436,4570049,4426256,Beril·li
after_2007,0003,0006,F016219,Delta del Llobregat-Riera de Sant Climent - H180001000,421436,4570049,4426257,Estronci
after_2007,0003,0006,F016219,Delta del Llobregat-Riera de Sant Climent - H180001000,421436,4570049,4426258,Manganès
after_2007,0003,0006,F016219,Delta del Llobregat-Riera de Sant Climent - H180001000,421436,4570049,4454633,Suma de xilens
after_2007,0003,0006,F016219,Delta del Llobregat-Riera de Sant Climent - H180001000,421436,4570049,4454634,Toluè
after_2007,0003,0006,F016219,Delta del Llobregat-Riera de Sant Climent - H180001000,421436,4570049,4454635,Hexaclorobutadiè
after_2007,0003,0006,F016219,Delta del Llobregat-Riera de Sant Climent - H180001000,421436,4570049,4454636,Diclorometà
after_2007,0003,0006,F016219,Delta del Llobregat-Riera de Sant Climent - H180001000,421436,4570049,4454637,"trans-1,2-dicloroetilè"
after_2007,0003,0006,F016219,Delta del Llobregat-Riera de Sant Climent - H180001000,421436,4570049,4454638,"cis-1,2-dicloroetilè"
after_2007,0003,0006,F016219,Delta del Llobregat-Riera de Sant Climent - H180001000,421436,4570049,4454639,Tetraclorur de Carboni
after_2007,0003,0006,F016219,Delta del Llobregat-Riera de Sant Climent - H180001000,421436,4570049,4454640,Tricloroetilè
after_2007,0003,0006,F016219,Delta del Llobregat-Riera de Sant Climent - H180001000,421436,4570049,4454641,Bromodiclorometà
after_2007,0003,0006,F016219,Delta del Llobregat-Riera de Sant Climent - H180001000,421436,4570049,4454642,"cis-1,3-dicloropropè"
after_2007,0003,0006,F016219,Delta del Llobregat-Riera de Sant Climent - H180001000,421436,4570049,4454643,Triclorometà
after_2007,0003,0006,F016219,Delta del Llobregat-Riera de Sant Climent - H180001000,421436,4570049,4454644,"1,1,2-tricloroetà"
after_2007,0003,0006,F016219,Delta del Llobregat-Riera de Sant Climent - H180001000,421436,4570049,4454645,Tetracloroetilè
after_2007,0003,0006,F016219,Delta del Llobregat-Riera de Sant Climent - H180001000,421436,4570049,4454646,Dibromoclorometà
after_2007,0003,0006,F016219,Delta del Llobregat-Riera de Sant Climent - H180001000,421436,4570049,4454647,Bromoform
after_2007,0003,0006,F016219,Delta del Llobregat-Riera de Sant Climent - H180001000,421436,4570049,4454648,"1,2-dicloroetà"
after_2007,0003,0006,F016219,Delta del Llobregat-Riera de Sant Climent - H180001000,421436,4570049,4454649,"1,4-diclorobenzè"
after_2007,0003,0006,F016219,Delta del Llobregat-Riera de Sant Climent - H180001000,421436,4570049,4454650,"1,2-diclorobenzè"
after_2007,0003,0006,F016219,Delta del Llobregat-Riera de Sant Climent - H180001000,421436,4570049,4454651,Suma de triclorobenzens
after_2007,0003,0006,F016219,Delta del Llobregat-Riera de Sant Climent - H180001000,421436,4570049,4454652,"1,2,4-triclorobenzè"
after_2007,0003,0006,F016219,Delta del Llobregat-Riera de Sant Climent - H180001000,421436,4570049,4454653,"1,2,3-triclorobenzè"
after_2007,0003,0006,F016219,Delta del Llobregat-Riera de Sant Climent - H180001000,421436,4570049,4454654,Benzè
after_2007,0003,0006,F016219,Delta del Llobregat-Riera de Sant Climent - H180001000,421436,4570049,4454655,Etilbenzè
after_2007,0003,0006,F016219,Delta del Llobregat-Riera de Sant Climent - H180001000,421436,4570049,4454656,"m,p-Xilè"
after_2007,0003,0006,F016219,Delta del Llobregat-Riera de Sant Climent - H180001000,421436,4570049,4454657,o-Xilè
after_2007,0003,0006,F016219,Delta del Llobregat-Riera de Sant Climent - H180001000,421436,4570049,4454658,Hexaclorobenzè
after_2007,0003,0006,F016219,Delta del Llobregat-Riera de Sant Climent - H180001000,421436,4570049,4454659,Clorobenzè
after_2007,0003,0006,F016219,Delta del Llobregat-Riera de Sant Climent - H180001000,421436,4570049,4454660,a-hexaclorociclohexà
after_2007,0003,0006,F016219,Delta del Llobregat-Riera de Sant Climent - H180001000,421436,4570049,4454661,Lindà(g-hexaclorociclohexà)
after_2007,0003,0006,F016219,Delta del Llobregat-Riera de Sant Climent - H180001000,421436,4570049,4454662,"1,1-dicloroetilè"
after_2007,0003,0006,F016219,Delta del Llobregat-Riera de Sant Climent - H180001000,421436,4570049,4454663,"1,1-dicloroetà"
after_2007,0003,0006,F016219,Delta del Llobregat-Riera de Sant Climent - H180001000,421436,4570049,4454664,"1,1,1-tricloroetà"
after_2007,0003,0006,F016219,Delta del Llobregat-Riera de Sant Climent - H180001000,421436,4570049,4454665,"1,2-dicloropropà"
after_2007,0003,0006,F016219,Delta del Llobregat-Riera de Sant Climent - H180001000,421436,4570049,4454666,"trans-1,3-dicloropropè"
after_2007,0003,0006,F016219,Delta del Llobregat-Riera de Sant Climent - H180001000,421436,4570049,4454667,"1,1,2,2-tetracloroetà"
after_2007,0003,0006,F016219,Delta del Llobregat-Riera de Sant Climent - H180001000,421436,4570049,4454668,"1,3,5-triclorobenzè"
after_2007,0003,0006,F016219,Delta del Llobregat-Riera de Sant Climent - H180001000,421436,4570049,4454669,Heptaclor
after_2007,0003,0006,F016219,Delta del Llobregat-Riera de Sant Climent - H180001000,421436,4570049,4454670,Aldrín
after_2007,0003,0006,F016219,Delta del Llobregat-Riera de Sant Climent - H180001000,421436,4570049,4454671,Isodrín
after_2007,0003,0006,F016219,Delta del Llobregat-Riera de Sant Climent - H180001000,421436,4570049,4454672,Epòxid d'heptaclor B
after_2007,0003,0006,F016219,Delta del Llobregat-Riera de Sant Climent - H180001000,421436,4570049,4454673,Endosulfan I
after_2007,0003,0006,F016219,Delta del Llobregat-Riera de Sant Climent - H180001000,421436,4570049,4454674,Dieldrín
after_2007,0003,0006,F016219,Delta del Llobregat-Riera de Sant Climent - H180001000,421436,4570049,4454675,Endrín
after_2007,0003,0006,F016219,Delta del Llobregat-Riera de Sant Climent - H180001000,421436,4570049,4454676,"4,4'-DDE"
after_2007,0003,0006,F016219,Delta del Llobregat-Riera de Sant Climent - H180001000,421436,4570049,4454677,Endosulfan II
after_2007,0003,0006,F016219,Delta del Llobregat-Riera de Sant Climent - H180001000,421436,4570049,4454678,"4,4'-DDD"
after_2007,0003,0006,F016219,Delta del Llobregat-Riera de Sant Climent - H180001000,421436,4570049,4454679,Sulfat d'endosulfan
after_2007,0003,0006,F016219,Delta del Llobregat-Riera de Sant Climent - H180001000,421436,4570049,4454680,"4,4'-DDT"
after_2007,0003,0006,F016219,Delta del Llobregat-Riera de Sant Climent - H180001000,421436,4570049,4454681,Triclorofluorometà
after_2007,0003,0006,F016219,Delta del Llobregat-Riera de Sant Climent - H180001000,421436,4570049,4454682,"1,3-diclorobenzè"
after_2007,0003,0006,F016219,Delta del Llobregat-Riera de Sant Climent - H180001000,421436,4570049,4454683,Naftalè
after_2007,0003,0006,F016219,Delta del Llobregat-Riera de Sant Climent - H180001000,421436,4570049,4454685,Diazinon
after_2007,0003,0006,F016219,Delta del Llobregat-Riera de Sant Climent - H180001000,421436,4570049,4454686,Paration de Metil
after_2007,0003,0006,F016219,Delta del Llobregat-Riera de Sant Climent - H180001000,421436,4570049,4454687,Fenitrotion
after_2007,0003,0006,F016219,Delta del Llobregat-Riera de Sant Climent - H180001000,421436,4570049,4454688,Malation
after_2007,0003,0006,F016219,Delta del Llobregat-Riera de Sant Climent - H180001000,421436,4570049,4454689,Clorpirifòs
after_2007,0003,0006,F016219,Delta del Llobregat-Riera de Sant Climent - H180001000,421436,4570049,4454690,Paration
after_2007,0003,0006,F016219,Delta del Llobregat-Riera de Sant Climent - H180001000,421436,4570049,4454691,Clorfenvinfòs (suma d'isòmers)
after_2007,0003,0006,F016219,Delta del Llobregat-Riera de Sant Climent - H180001000,421436,4570049,4454692,Etion
after_2007,0003,0006,F016219,Delta del Llobregat-Riera de Sant Climent - H180001000,421436,4570049,4454693,Azinfòs d'Etil
after_2007,0003,0006,F016219,Delta del Llobregat-Riera de Sant Climent - H180001000,421436,4570049,4454694,Simazina
after_2007,0003,0006,F016219,Delta del Llobregat-Riera de Sant Climent - H180001000,421436,4570049,4454695,Atrazina
after_2007,0003,0006,F016219,Delta del Llobregat-Riera de Sant Climent - H180001000,421436,4570049,4454696,Propazina
after_2007,0003,0006,F016219,Delta del Llobregat-Riera de Sant Climent - H180001000,421436,4570049,4454697,Terbutrina
after_2007,0003,0006,F016219,Delta del Llobregat-Riera de Sant Climent - H180001000,421436,4570049,4454698,Antracè
after_2007,0003,0006,F016219,Delta del Llobregat-Riera de Sant Climent - H180001000,421436,4570049,4454699,Fluorantè
after_2007,0003,0006,F016219,Delta del Llobregat-Riera de Sant Climent - H180001000,421436,4570049,4454700,Benzo(b)fluorantè
after_2007,0003,0006,F016219,Delta del Llobregat-Riera de Sant Climent - H180001000,421436,4570049,4454701,Benzo(k)fluorantè
after_2007,0003,0006,F016219,Delta del Llobregat-Riera de Sant Climent - H180001000,421436,4570049,4454702,Benzo(a)pirè
after_2007,0003,0006,F016219,Delta del Llobregat-Riera de Sant Climent - H180001000,421436,4570049,4454703,"Indeno(1,2,3-cd)pirè"
after_2007,0003,0006,F016219,Delta del Llobregat-Riera de Sant Climent - H180001000,421436,4570049,4454704,Benzo(ghi)perilè
after_2007,0003,0006,F016219,Delta del Llobregat-Riera de Sant Climent - H180001000,421436,4570049,4454705,Desetilatrazina
after_2007,0003,0006,F016219,Delta del Llobregat-Riera de Sant Climent - H180001000,421436,4570049,4454706,Suma d'al-diel-iso-endrín
after_2007,0003,0006,F016219,Delta del Llobregat-Riera de Sant Climent - H180001000,421436,4570049,4454707,Trifluralina
after_2007,0003,0006,F016219,Delta del Llobregat-Riera de Sant Climent - H180001000,421436,4570049,4454708,Molinat
after_2007,0003,0006,F016219,Delta del Llobregat-Riera de Sant Climent - H180001000,421436,4570049,4454709,Terbutilazina
after_2007,0003,0006,F016219,Delta del Llobregat-Riera de Sant Climent - H180001000,421436,4570049,4454710,Alaclor
after_2007,0003,0006,F016219,Delta del Llobregat-Riera de Sant Climent - H180001000,421436,4570049,4454711,Pentaclorobenzè
after_2007,0003,0006,F016219,Delta del Llobregat-Riera de Sant Climent - H180001000,421436,4570049,4454712,tert-Octilfenol
after_2007,0003,0006,F016219,Delta del Llobregat-Riera de Sant Climent - H180001000,421436,4570049,4454713,"2,4'-DDT"
after_2007,0003,0006,F016219,Delta del Llobregat-Riera de Sant Climent - H180001000,421436,4570049,4454714,"2,4'-DDE"
after_2007,0003,0006,F016219,Delta del Llobregat-Riera de Sant Climent - H180001000,421436,4570049,4454715,"2,4'-DDD"
after_2007,0003,0006,F016219,Delta del Llobregat-Riera de Sant Climent - H180001000,421436,4570049,4454716,Metolaclor
after_2007,0003,0006,F016219,Delta del Llobregat-Riera de Sant Climent - H180001000,421436,4570049,4454717,Epòxid d'heptaclor A
after_2007,0003,0006,F016219,Delta del Llobregat-Riera de Sant Climent - H180001000,421436,4570049,4454718,Suma de diclorobenzens
after_2007,0003,0006,F016219,Delta del Llobregat-Riera de Sant Climent - H180001000,421436,4570049,4454719,Cianazina
after_2007,0003,0006,F016219,Delta del Llobregat-Riera de Sant Climent - H180001000,421436,4570049,4454720,Diuron
after_2007,0003,0006,F016219,Delta del Llobregat-Riera de Sant Climent - H180001000,421436,4570049,4454721,Isoproturon
after_2007,0003,0006,F016219,Delta del Llobregat-Riera de Sant Climent - H180001000,421436,4570049,4454722,Linuron
after_2007,0003,0006,F016219,Delta del Llobregat-Riera de Sant Climent - H180001000,421436,4570049,4454723,Bentazona
after_2007,0003,0006,F016219,Delta del Llobregat-Riera de Sant Climent - H180001000,421436,4570049,4454724,Cetona d'endrín
after_2007,0003,0006,F016219,Delta del Llobregat-Riera de Sant Climent - H180001000,421436,4570049,4454725,BDE-28
after_2007,0003,0006,F016219,Delta del Llobregat-Riera de Sant Climent - H180001000,421436,4570049,4454726,Quinoxifèn
after_2007,0003,0006,F016219,Delta del Llobregat-Riera de Sant Climent - H180001000,421436,4570049,4454727,Aclonifèn
after_2007,0003,0006,F016219,Delta del Llobregat-Riera de Sant Climent - H180001000,421436,4570049,4454728,Bifenox
after_2007,0003,0006,F016219,Delta del Llobregat-Riera de Sant Climent - H180001000,421436,4570049,4454730,Cibutrina
after_2007,0003,0006,F016219,Delta del Llobregat-Riera de Sant Climent - H180001000,421436,4570049,4454731,4-n-nonilfenol
after_2007,0003,0006,F016219,Delta del Llobregat-Riera de Sant Climent - H180001000,421436,4570049,4454745,Clortoluron
after_2007,0003,0006,F016220,Delta del Llobregat-El Remolar-Filipines-Pas Vaques - H178906000,422266,4570283,4259497,BDE-47
after_2007,0003,0006,F016220,Delta del Llobregat-El Remolar-Filipines-Pas Vaques - H178906000,422266,4570283,4259498,BDE-99
after_2007,0003,0006,F016220,Delta del Llobregat-El Remolar-Filipines-Pas Vaques - H178906000,422266,4570283,4259499,BDE-100
after_2007,0003,0006,F016220,Delta del Llobregat-El Remolar-Filipines-Pas Vaques - H178906000,422266,4570283,4259500,BDE-153
after_2007,0003,0006,F016220,Delta del Llobregat-El Remolar-Filipines-Pas Vaques - H178906000,422266,4570283,4259501,BDE-154
after_2007,0003,0006,F016220,Delta del Llobregat-El Remolar-Filipines-Pas Vaques - H178906000,422266,4570283,4259502,Suma de PAH1
after_2007,0003,0006,F016220,Delta del Llobregat-El Remolar-Filipines-Pas Vaques - H178906000,422266,4570283,4259503,Suma de PAH2
after_2007,0003,0006,F016220,Delta del Llobregat-El Remolar-Filipines-Pas Vaques - H178906000,422266,4570283,4259504,Suma de DDT
after_2007,0003,0006,F016220,Delta del Llobregat-El Remolar-Filipines-Pas Vaques - H178906000,422266,4570283,4259505,Bor
after_2007,0003,0006,F016220,Delta del Llobregat-El Remolar-Filipines-Pas Vaques - H178906000,422266,4570283,4259506,Bari
after_2007,0003,0006,F016220,Delta del Llobregat-El Remolar-Filipines-Pas Vaques - H178906000,422266,4570283,4259507,Crom
after_2007,0003,0006,F016220,Delta del Llobregat-El Remolar-Filipines-Pas Vaques - H178906000,422266,4570283,4259508,Plom
after_2007,0003,0006,F016220,Delta del Llobregat-El Remolar-Filipines-Pas Vaques - H178906000,422266,4570283,4259509,Zinc
after_2007,0003,0006,F016220,Delta del Llobregat-El Remolar-Filipines-Pas Vaques - H178906000,422266,4570283,4259510,Cadmi
after_2007,0003,0006,F016220,Delta del Llobregat-El Remolar-Filipines-Pas Vaques - H178906000,422266,4570283,4259511,Coure
after_2007,0003,0006,F016220,Delta del Llobregat-El Remolar-Filipines-Pas Vaques - H178906000,422266,4570283,4259512,Ferro
after_2007,0003,0006,F016220,Delta del Llobregat-El Remolar-Filipines-Pas Vaques - H178906000,422266,4570283,4259513,Cobalt
after_2007,0003,0006,F016220,Delta del Llobregat-El Remolar-Filipines-Pas Vaques - H178906000,422266,4570283,4259514,Níquel
after_2007,0003,0006,F016220,Delta del Llobregat-El Remolar-Filipines-Pas Vaques - H178906000,422266,4570283,4259515,Seleni
after_2007,0003,0006,F016220,Delta del Llobregat-El Remolar-Filipines-Pas Vaques - H178906000,422266,4570283,4259516,Vanadi
after_2007,0003,0006,F016220,Delta del Llobregat-El Remolar-Filipines-Pas Vaques - H178906000,422266,4570283,4259517,Alumini
after_2007,0003,0006,F016220,Delta del Llobregat-El Remolar-Filipines-Pas Vaques - H178906000,422266,4570283,4259518,Arsènic
after_2007,0003,0006,F016220,Delta del Llobregat-El Remolar-Filipines-Pas Vaques - H178906000,422266,4570283,4259519,Mercuri
after_2007,0003,0006,F016220,Delta del Llobregat-El Remolar-Filipines-Pas Vaques - H178906000,422266,4570283,4259520,Molibdè
after_2007,0003,0006,F016220,Delta del Llobregat-El Remolar-Filipines-Pas Vaques - H178906000,422266,4570283,4259521,Antimoni
after_2007,0003,0006,F016220,Delta del Llobregat-El Remolar-Filipines-Pas Vaques - H178906000,422266,4570283,4259522,Beril·li
after_2007,0003,0006,F016220,Delta del Llobregat-El Remolar-Filipines-Pas Vaques - H178906000,422266,4570283,4259523,Estronci
after_2007,0003,0006,F016220,Delta del Llobregat-El Remolar-Filipines-Pas Vaques - H178906000,422266,4570283,4259524,Manganès
after_2007,0003,0006,F016220,Delta del Llobregat-El Remolar-Filipines-Pas Vaques - H178906000,422266,4570283,4259633,Toluè
after_2007,0003,0006,F016220,Delta del Llobregat-El Remolar-Filipines-Pas Vaques - H178906000,422266,4570283,4259634,Hexaclorobutadiè
after_2007,0003,0006,F016220,Delta del Llobregat-El Remolar-Filipines-Pas Vaques - H178906000,422266,4570283,4259635,Diclorometà
after_2007,0003,0006,F016220,Delta del Llobregat-El Remolar-Filipines-Pas Vaques - H178906000,422266,4570283,4259636,"trans-1,2-Dicloroetilè"
after_2007,0003,0006,F016220,Delta del Llobregat-El Remolar-Filipines-Pas Vaques - H178906000,422266,4570283,4259637,"cis-1,2-Dicloroetilè"
after_2007,0003,0006,F016220,Delta del Llobregat-El Remolar-Filipines-Pas Vaques - H178906000,422266,4570283,4259638,Tetraclorur de Carboni
after_2007,0003,0006,F016220,Delta del Llobregat-El Remolar-Filipines-Pas Vaques - H178906000,422266,4570283,4259639,Tricloroetilè
after_2007,0003,0006,F016220,Delta del Llobregat-El Remolar-Filipines-Pas Vaques - H178906000,422266,4570283,4259640,Bromodiclorometà
after_2007,0003,0006,F016220,Delta del Llobregat-El Remolar-Filipines-Pas Vaques - H178906000,422266,4570283,4259641,"cis-1,3-Dicloropropè"
after_2007,0003,0006,F016220,Delta del Llobregat-El Remolar-Filipines-Pas Vaques - H178906000,422266,4570283,4259642,Triclorometà
after_2007,0003,0006,F016220,Delta del Llobregat-El Remolar-Filipines-Pas Vaques - H178906000,422266,4570283,4259643,"1,1,2-Tricloroetà"
after_2007,0003,0006,F016220,Delta del Llobregat-El Remolar-Filipines-Pas Vaques - H178906000,422266,4570283,4259644,Tetracloroetilè
after_2007,0003,0006,F016220,Delta del Llobregat-El Remolar-Filipines-Pas Vaques - H178906000,422266,4570283,4259645,Dibromoclorometà
after_2007,0003,0006,F016220,Delta del Llobregat-El Remolar-Filipines-Pas Vaques - H178906000,422266,4570283,4259646,Bromoform
after_2007,0003,0006,F016220,Delta del Llobregat-El Remolar-Filipines-Pas Vaques - H178906000,422266,4570283,4259647,"1,2-Dicloroetà"
after_2007,0003,0006,F016220,Delta del Llobregat-El Remolar-Filipines-Pas Vaques - H178906000,422266,4570283,4259648,"1,4-Diclorobenzè"
after_2007,0003,0006,F016220,Delta del Llobregat-El Remolar-Filipines-Pas Vaques - H178906000,422266,4570283,4259649,"1,2-Diclorobenzè"
after_2007,0003,0006,F016220,Delta del Llobregat-El Remolar-Filipines-Pas Vaques - H178906000,422266,4570283,4259650,Suma de triclorobenzens
after_2007,0003,0006,F016220,Delta del Llobregat-El Remolar-Filipines-Pas Vaques - H178906000,422266,4570283,4259651,"1,2,4-Triclorobenzè"
after_2007,0003,0006,F016220,Delta del Llobregat-El Remolar-Filipines-Pas Vaques - H178906000,422266,4570283,4259652,"1,2,3-Triclorobenzè"
after_2007,0003,0006,F016220,Delta del Llobregat-El Remolar-Filipines-Pas Vaques - H178906000,422266,4570283,4259653,Benzè
after_2007,0003,0006,F016220,Delta del Llobregat-El Remolar-Filipines-Pas Vaques - H178906000,422266,4570283,4259654,Etilbenzè
after_2007,0003,0006,F016220,Delta del Llobregat-El Remolar-Filipines-Pas Vaques - H178906000,422266,4570283,4259655,"m,p-Xilè"
after_2007,0003,0006,F016220,Delta del Llobregat-El Remolar-Filipines-Pas Vaques - H178906000,422266,4570283,4259656,o-Xilè
after_2007,0003,0006,F016220,Delta del Llobregat-El Remolar-Filipines-Pas Vaques - H178906000,422266,4570283,4259658,Hexaclorobenzè
after_2007,0003,0006,F016220,Delta del Llobregat-El Remolar-Filipines-Pas Vaques - H178906000,422266,4570283,4259659,Clorobenzè
after_2007,0003,0006,F016220,Delta del Llobregat-El Remolar-Filipines-Pas Vaques - H178906000,422266,4570283,4259660,a-Hexaclorociclohexà
after_2007,0003,0006,F016220,Delta del Llobregat-El Remolar-Filipines-Pas Vaques - H178906000,422266,4570283,4259661,Lindà(g-Hexaclorociclohexà)
after_2007,0003,0006,F016220,Delta del Llobregat-El Remolar-Filipines-Pas Vaques - H178906000,422266,4570283,4259662,"1,1-Dicloroetilè"
after_2007,0003,0006,F016220,Delta del Llobregat-El Remolar-Filipines-Pas Vaques - H178906000,422266,4570283,4259663,"1,1-Dicloroetà"
after_2007,0003,0006,F016220,Delta del Llobregat-El Remolar-Filipines-Pas Vaques - H178906000,422266,4570283,4259664,"1,1,1-Tricloroetà"
after_2007,0003,0006,F016220,Delta del Llobregat-El Remolar-Filipines-Pas Vaques - H178906000,422266,4570283,4259665,"1,2-Dicloropropà"
after_2007,0003,0006,F016220,Delta del Llobregat-El Remolar-Filipines-Pas Vaques - H178906000,422266,4570283,4259666,"trans-1,3-Dicloropropè"
after_2007,0003,0006,F016220,Delta del Llobregat-El Remolar-Filipines-Pas Vaques - H178906000,422266,4570283,4259667,"1,1,2,2-Tetracloroetà"
after_2007,0003,0006,F016220,Delta del Llobregat-El Remolar-Filipines-Pas Vaques - H178906000,422266,4570283,4259668,"1,3,5-Triclorobenzè"
after_2007,0003,0006,F016220,Delta del Llobregat-El Remolar-Filipines-Pas Vaques - H178906000,422266,4570283,4259669,Heptaclor
after_2007,0003,0006,F016220,Delta del Llobregat-El Remolar-Filipines-Pas Vaques - H178906000,422266,4570283,4259670,Aldrín
after_2007,0003,0006,F016220,Delta del Llobregat-El Remolar-Filipines-Pas Vaques - H178906000,422266,4570283,4259671,Isodrín
after_2007,0003,0006,F016220,Delta del Llobregat-El Remolar-Filipines-Pas Vaques - H178906000,422266,4570283,4259672,Epòxid d'heptaclor B
after_2007,0003,0006,F016220,Delta del Llobregat-El Remolar-Filipines-Pas Vaques - H178906000,422266,4570283,4259673,Endosulfan I
after_2007,0003,0006,F016220,Delta del Llobregat-El Remolar-Filipines-Pas Vaques - H178906000,422266,4570283,4259674,Dieldrín
after_2007,0003,0006,F016220,Delta del Llobregat-El Remolar-Filipines-Pas Vaques - H178906000,422266,4570283,4259675,Endrín
after_2007,0003,0006,F016220,Delta del Llobregat-El Remolar-Filipines-Pas Vaques - H178906000,422266,4570283,4259676,"4,4'-DDE"
after_2007,0003,0006,F016220,Delta del Llobregat-El Remolar-Filipines-Pas Vaques - H178906000,422266,4570283,4259677,Endosulfan II
after_2007,0003,0006,F016220,Delta del Llobregat-El Remolar-Filipines-Pas Vaques - H178906000,422266,4570283,4259678,"4,4'-DDD"
after_2007,0003,0006,F016220,Delta del Llobregat-El Remolar-Filipines-Pas Vaques - H178906000,422266,4570283,4259679,Sulfat d'endosulfan
after_2007,0003,0006,F016220,Delta del Llobregat-El Remolar-Filipines-Pas Vaques - H178906000,422266,4570283,4259680,"4,4'-DDT"
after_2007,0003,0006,F016220,Delta del Llobregat-El Remolar-Filipines-Pas Vaques - H178906000,422266,4570283,4259681,Triclorofluorometà
after_2007,0003,0006,F016220,Delta del Llobregat-El Remolar-Filipines-Pas Vaques - H178906000,422266,4570283,4259682,"1,3-diclorobenzè"
after_2007,0003,0006,F016220,Delta del Llobregat-El Remolar-Filipines-Pas Vaques - H178906000,422266,4570283,4259683,Naftalè
after_2007,0003,0006,F016220,Delta del Llobregat-El Remolar-Filipines-Pas Vaques - H178906000,422266,4570283,4259684,Diazinon
after_2007,0003,0006,F016220,Delta del Llobregat-El Remolar-Filipines-Pas Vaques - H178906000,422266,4570283,4259685,Paration de metil
after_2007,0003,0006,F016220,Delta del Llobregat-El Remolar-Filipines-Pas Vaques - H178906000,422266,4570283,4259686,Fenitrotion
after_2007,0003,0006,F016220,Delta del Llobregat-El Remolar-Filipines-Pas Vaques - H178906000,422266,4570283,4259687,Malation
after_2007,0003,0006,F016220,Delta del Llobregat-El Remolar-Filipines-Pas Vaques - H178906000,422266,4570283,4259688,Clorpirifòs
after_2007,0003,0006,F016220,Delta del Llobregat-El Remolar-Filipines-Pas Vaques - H178906000,422266,4570283,4259689,Paration
after_2007,0003,0006,F016220,Delta del Llobregat-El Remolar-Filipines-Pas Vaques - H178906000,422266,4570283,4259690,Clorfenvinfòs (suma d'isòmers)
after_2007,0003,0006,F016220,Delta del Llobregat-El Remolar-Filipines-Pas Vaques - H178906000,422266,4570283,4259691,Etion
after_2007,0003,0006,F016220,Delta del Llobregat-El Remolar-Filipines-Pas Vaques - H178906000,422266,4570283,4259692,Azinfòs d'etil
after_2007,0003,0006,F016220,Delta del Llobregat-El Remolar-Filipines-Pas Vaques - H178906000,422266,4570283,4259693,Simazina
after_2007,0003,0006,F016220,Delta del Llobregat-El Remolar-Filipines-Pas Vaques - H178906000,422266,4570283,4259694,Atrazina
after_2007,0003,0006,F016220,Delta del Llobregat-El Remolar-Filipines-Pas Vaques - H178906000,422266,4570283,4259695,Propazina
after_2007,0003,0006,F016220,Delta del Llobregat-El Remolar-Filipines-Pas Vaques - H178906000,422266,4570283,4259696,Terbutrina
after_2007,0003,0006,F016220,Delta del Llobregat-El Remolar-Filipines-Pas Vaques - H178906000,422266,4570283,4259697,Antracè
after_2007,0003,0006,F016220,Delta del Llobregat-El Remolar-Filipines-Pas Vaques - H178906000,422266,4570283,4259698,Fluorantè
after_2007,0003,0006,F016220,Delta del Llobregat-El Remolar-Filipines-Pas Vaques - H178906000,422266,4570283,4259699,Benzo(b)fluorantè
after_2007,0003,0006,F016220,Delta del Llobregat-El Remolar-Filipines-Pas Vaques - H178906000,422266,4570283,4259700,Benzo(k)fluorantè
after_2007,0003,0006,F016220,Delta del Llobregat-El Remolar-Filipines-Pas Vaques - H178906000,422266,4570283,4259701,Benzo(a)pirè
after_2007,0003,0006,F016220,Delta del Llobregat-El Remolar-Filipines-Pas Vaques - H178906000,422266,4570283,4259702,"Indeno(1,2,3-cd)pirè"
after_2007,0003,0006,F016220,Delta del Llobregat-El Remolar-Filipines-Pas Vaques - H178906000,422266,4570283,4259703,Benzo(ghi)perilè
after_2007,0003,0006,F016220,Delta del Llobregat-El Remolar-Filipines-Pas Vaques - H178906000,422266,4570283,4259704,Suma d'al-diel-iso-endrín
after_2007,0003,0006,F016220,Delta del Llobregat-El Remolar-Filipines-Pas Vaques - H178906000,422266,4570283,4259705,Suma d'Organofosforats
after_2007,0003,0006,F016220,Delta del Llobregat-El Remolar-Filipines-Pas Vaques - H178906000,422266,4570283,4259706,Suma de plaguicides clorats
after_2007,0003,0006,F016220,Delta del Llobregat-El Remolar-Filipines-Pas Vaques - H178906000,422266,4570283,4259707,Suma de triazines
after_2007,0003,0006,F016220,Delta del Llobregat-El Remolar-Filipines-Pas Vaques - H178906000,422266,4570283,4259708,Trifluralina
after_2007,0003,0006,F016220,Delta del Llobregat-El Remolar-Filipines-Pas Vaques - H178906000,422266,4570283,4259709,Molinat
after_2007,0003,0006,F016220,Delta del Llobregat-El Remolar-Filipines-Pas Vaques - H178906000,422266,4570283,4259710,Terbutilazina
after_2007,0003,0006,F016220,Delta del Llobregat-El Remolar-Filipines-Pas Vaques - H178906000,422266,4570283,4259711,Alaclor
after_2007,0003,0006,F016220,Delta del Llobregat-El Remolar-Filipines-Pas Vaques - H178906000,422266,4570283,4259712,Pentaclorobenzè
after_2007,0003,0006,F016220,Delta del Llobregat-El Remolar-Filipines-Pas Vaques - H178906000,422266,4570283,4259713,tert-Octilfenol
after_2007,0003,0006,F016220,Delta del Llobregat-El Remolar-Filipines-Pas Vaques - H178906000,422266,4570283,4259714,NPEO(e=0)
after_2007,0003,0006,F016220,Delta del Llobregat-El Remolar-Filipines-Pas Vaques - H178906000,422266,4570283,4259715,"2,4'-DDT"
after_2007,0003,0006,F016220,Delta del Llobregat-El Remolar-Filipines-Pas Vaques - H178906000,422266,4570283,4259716,"2,4'-DDE"
after_2007,0003,0006,F016220,Delta del Llobregat-El Remolar-Filipines-Pas Vaques - H178906000,422266,4570283,4259717,"2,4'-DDD"
after_2007,0003,0006,F016220,Delta del Llobregat-El Remolar-Filipines-Pas Vaques - H178906000,422266,4570283,4259718,Metolaclor
after_2007,0003,0006,F016220,Delta del Llobregat-El Remolar-Filipines-Pas Vaques - H178906000,422266,4570283,4259719,Epòxid d'heptaclor A
after_2007,0003,0006,F016220,Delta del Llobregat-El Remolar-Filipines-Pas Vaques - H178906000,422266,4570283,4259720,Suma de diclorobenzens
after_2007,0003,0006,F016220,Delta del Llobregat-El Remolar-Filipines-Pas Vaques - H178906000,422266,4570283,4259721,Cetona d'endrín
after_2007,0003,0006,F016220,Delta del Llobregat-El Remolar-Filipines-Pas Vaques - H178906000,422266,4570283,4259722,BDE-28
after_2007,0003,0006,F016220,Delta del Llobregat-El Remolar-Filipines-Pas Vaques - H178906000,422266,4570283,4259723,Quinoxifèn
after_2007,0003,0006,F016220,Delta del Llobregat-El Remolar-Filipines-Pas Vaques - H178906000,422266,4570283,4259724,Aclonifèn
after_2007,0003,0006,F016220,Delta del Llobregat-El Remolar-Filipines-Pas Vaques - H178906000,422266,4570283,4259725,Bifenox
after_2007,0003,0006,F016220,Delta del Llobregat-El Remolar-Filipines-Pas Vaques - H178906000,422266,4570283,4259726,Cipermetrín (suma d'isòmers)
after_2007,0003,0006,F016220,Delta del Llobregat-El Remolar-Filipines-Pas Vaques - H178906000,422266,4570283,4259727,Cibutrina
after_2007,0003,0006,F016220,Delta del Llobregat-El Remolar-Filipines-Pas Vaques - H178906000,422266,4570283,4259728,4-n-Nonilfenol
after_2007,0003,0006,F016220,Delta del Llobregat-El Remolar-Filipines-Pas Vaques - H178906000,422266,4570283,4268700,Diuron
after_2007,0003,0006,F016220,Delta del Llobregat-El Remolar-Filipines-Pas Vaques - H178906000,422266,4570283,4268705,Isoproturon
after_2007,0003,0006,F016221,Delta del Llobregat-La Roberta - H178905000,423345,4570476,4426259,BDE-47
after_2007,0003,0006,F016221,Delta del Llobregat-La Roberta - H178905000,423345,4570476,4426260,BDE-99
after_2007,0003,0006,F016221,Delta del Llobregat-La Roberta - H178905000,423345,4570476,4426261,BDE-100
after_2007,0003,0006,F016221,Delta del Llobregat-La Roberta - H178905000,423345,4570476,4426262,BDE-153
after_2007,0003,0006,F016221,Delta del Llobregat-La Roberta - H178905000,423345,4570476,4426263,BDE-154
after_2007,0003,0006,F016221,Delta del Llobregat-La Roberta - H178905000,423345,4570476,4426264,Suma de PAH1
after_2007,0003,0006,F016221,Delta del Llobregat-La Roberta - H178905000,423345,4570476,4426265,Suma de PAH2
after_2007,0003,0006,F016221,Delta del Llobregat-La Roberta - H178905000,423345,4570476,4426266,Suma de DDT
after_2007,0003,0006,F016221,Delta del Llobregat-La Roberta - H178905000,423345,4570476,4426267,Bor
after_2007,0003,0006,F016221,Delta del Llobregat-La Roberta - H178905000,423345,4570476,4426268,Bari
after_2007,0003,0006,F016221,Delta del Llobregat-La Roberta - H178905000,423345,4570476,4426269,Crom
after_2007,0003,0006,F016221,Delta del Llobregat-La Roberta - H178905000,423345,4570476,4426270,Plom
after_2007,0003,0006,F016221,Delta del Llobregat-La Roberta - H178905000,423345,4570476,4426271,Zinc
after_2007,0003,0006,F016221,Delta del Llobregat-La Roberta - H178905000,423345,4570476,4426273,Coure
after_2007,0003,0006,F016221,Delta del Llobregat-La Roberta - H178905000,423345,4570476,4426274,Ferro
after_2007,0003,0006,F016221,Delta del Llobregat-La Roberta - H178905000,423345,4570476,4426275,Cobalt
after_2007,0003,0006,F016221,Delta del Llobregat-La Roberta - H178905000,423345,4570476,4426276,Níquel
after_2007,0003,0006,F016221,Delta del Llobregat-La Roberta - H178905000,423345,4570476,4426277,Seleni
after_2007,0003,0006,F016221,Delta del Llobregat-La Roberta - H178905000,423345,4570476,4426278,Vanadi
after_2007,0003,0006,F016221,Delta del Llobregat-La Roberta - H178905000,423345,4570476,4426279,Alumini
after_2007,0003,0006,F016221,Delta del Llobregat-La Roberta - H178905000,423345,4570476,4426280,Arsènic
after_2007,0003,0006,F016221,Delta del Llobregat-La Roberta - H178905000,423345,4570476,4426281,Mercuri
after_2007,0003,0006,F016221,Delta del Llobregat-La Roberta - H178905000,423345,4570476,4426282,Molibdè
after_2007,0003,0006,F016221,Delta del Llobregat-La Roberta - H178905000,423345,4570476,4426283,Antimoni
after_2007,0003,0006,F016221,Delta del Llobregat-La Roberta - H178905000,423345,4570476,4426284,Beril·li
after_2007,0003,0006,F016221,Delta del Llobregat-La Roberta - H178905000,423345,4570476,4426285,Estronci
after_2007,0003,0006,F016221,Delta del Llobregat-La Roberta - H178905000,423345,4570476,4426286,Manganès
after_2007,0003,0006,F016221,Delta del Llobregat-La Roberta - H178905000,423345,4570476,4455153,Suma de xilens
after_2007,0003,0006,F016221,Delta del Llobregat-La Roberta - H178905000,423345,4570476,4455154,Toluè
after_2007,0003,0006,F016221,Delta del Llobregat-La Roberta - H178905000,423345,4570476,4455155,Hexaclorobutadiè
after_2007,0003,0006,F016221,Delta del Llobregat-La Roberta - H178905000,423345,4570476,4455156,Diclorometà
after_2007,0003,0006,F016221,Delta del Llobregat-La Roberta - H178905000,423345,4570476,4455157,"trans-1,2-dicloroetilè"
after_2007,0003,0006,F016221,Delta del Llobregat-La Roberta - H178905000,423345,4570476,4455158,"cis-1,2-dicloroetilè"
after_2007,0003,0006,F016221,Delta del Llobregat-La Roberta - H178905000,423345,4570476,4455159,Tetraclorur de Carboni
after_2007,0003,0006,F016221,Delta del Llobregat-La Roberta - H178905000,423345,4570476,4455160,Tricloroetilè
after_2007,0003,0006,F016221,Delta del Llobregat-La Roberta - H178905000,423345,4570476,4455161,Bromodiclorometà
after_2007,0003,0006,F016221,Delta del Llobregat-La Roberta - H178905000,423345,4570476,4455162,"cis-1,3-dicloropropè"
after_2007,0003,0006,F016221,Delta del Llobregat-La Roberta - H178905000,423345,4570476,4455163,Triclorometà
after_2007,0003,0006,F016221,Delta del Llobregat-La Roberta - H178905000,423345,4570476,4455164,"1,1,2-tricloroetà"
after_2007,0003,0006,F016221,Delta del Llobregat-La Roberta - H178905000,423345,4570476,4455165,Tetracloroetilè
after_2007,0003,0006,F016221,Delta del Llobregat-La Roberta - H178905000,423345,4570476,4455166,Dibromoclorometà
after_2007,0003,0006,F016221,Delta del Llobregat-La Roberta - H178905000,423345,4570476,4455167,Bromoform
after_2007,0003,0006,F016221,Delta del Llobregat-La Roberta - H178905000,423345,4570476,4455168,"1,2-dicloroetà"
after_2007,0003,0006,F016221,Delta del Llobregat-La Roberta - H178905000,423345,4570476,4455169,"1,4-diclorobenzè"
after_2007,0003,0006,F016221,Delta del Llobregat-La Roberta - H178905000,423345,4570476,4455170,"1,2-diclorobenzè"
after_2007,0003,0006,F016221,Delta del Llobregat-La Roberta - H178905000,423345,4570476,4455171,Suma de triclorobenzens
after_2007,0003,0006,F016221,Delta del Llobregat-La Roberta - H178905000,423345,4570476,4455172,"1,2,4-triclorobenzè"
after_2007,0003,0006,F016221,Delta del Llobregat-La Roberta - H178905000,423345,4570476,4455173,"1,2,3-triclorobenzè"
after_2007,0003,0006,F016221,Delta del Llobregat-La Roberta - H178905000,423345,4570476,4455174,Benzè
after_2007,0003,0006,F016221,Delta del Llobregat-La Roberta - H178905000,423345,4570476,4455175,Etilbenzè
after_2007,0003,0006,F016221,Delta del Llobregat-La Roberta - H178905000,423345,4570476,4455176,"m,p-Xilè"
after_2007,0003,0006,F016221,Delta del Llobregat-La Roberta - H178905000,423345,4570476,4455177,o-Xilè
after_2007,0003,0006,F016221,Delta del Llobregat-La Roberta - H178905000,423345,4570476,4455178,Hexaclorobenzè
after_2007,0003,0006,F016221,Delta del Llobregat-La Roberta - H178905000,423345,4570476,4455179,Clorobenzè
after_2007,0003,0006,F016221,Delta del Llobregat-La Roberta - H178905000,423345,4570476,4455180,a-hexaclorociclohexà
after_2007,0003,0006,F016221,Delta del Llobregat-La Roberta - H178905000,423345,4570476,4455181,Lindà(g-hexaclorociclohexà)
after_2007,0003,0006,F016221,Delta del Llobregat-La Roberta - H178905000,423345,4570476,4455182,"1,1-dicloroetilè"
after_2007,0003,0006,F016221,Delta del Llobregat-La Roberta - H178905000,423345,4570476,4455183,"1,1-dicloroetà"
after_2007,0003,0006,F016221,Delta del Llobregat-La Roberta - H178905000,423345,4570476,4455184,"1,1,1-tricloroetà"
after_2007,0003,0006,F016221,Delta del Llobregat-La Roberta - H178905000,423345,4570476,4455185,"1,2-dicloropropà"
after_2007,0003,0006,F016221,Delta del Llobregat-La Roberta - H178905000,423345,4570476,4455186,"trans-1,3-dicloropropè"
after_2007,0003,0006,F016221,Delta del Llobregat-La Roberta - H178905000,423345,4570476,4455187,"1,1,2,2-tetracloroetà"
after_2007,0003,0006,F016221,Delta del Llobregat-La Roberta - H178905000,423345,4570476,4455188,"1,3,5-triclorobenzè"
after_2007,0003,0006,F016221,Delta del Llobregat-La Roberta - H178905000,423345,4570476,4455189,Heptaclor
after_2007,0003,0006,F016221,Delta del Llobregat-La Roberta - H178905000,423345,4570476,4455190,Aldrín
after_2007,0003,0006,F016221,Delta del Llobregat-La Roberta - H178905000,423345,4570476,4455191,Isodrín
after_2007,0003,0006,F016221,Delta del Llobregat-La Roberta - H178905000,423345,4570476,4455192,Epòxid d'heptaclor B
after_2007,0003,0006,F016221,Delta del Llobregat-La Roberta - H178905000,423345,4570476,4455193,Endosulfan I
after_2007,0003,0006,F016221,Delta del Llobregat-La Roberta - H178905000,423345,4570476,4455194,Dieldrín
after_2007,0003,0006,F016221,Delta del Llobregat-La Roberta - H178905000,423345,4570476,4455195,Endrín
after_2007,0003,0006,F016221,Delta del Llobregat-La Roberta - H178905000,423345,4570476,4455196,"4,4'-DDE"
after_2007,0003,0006,F016221,Delta del Llobregat-La Roberta - H178905000,423345,4570476,4455197,Endosulfan II
after_2007,0003,0006,F016221,Delta del Llobregat-La Roberta - H178905000,423345,4570476,4455198,"4,4'-DDD"
after_2007,0003,0006,F016221,Delta del Llobregat-La Roberta - H178905000,423345,4570476,4455199,Sulfat d'endosulfan
after_2007,0003,0006,F016221,Delta del Llobregat-La Roberta - H178905000,423345,4570476,4455200,"4,4'-DDT"
after_2007,0003,0006,F016221,Delta del Llobregat-La Roberta - H178905000,423345,4570476,4455201,Triclorofluorometà
after_2007,0003,0006,F016221,Delta del Llobregat-La Roberta - H178905000,423345,4570476,4455202,"1,3-diclorobenzè"
after_2007,0003,0006,F016221,Delta del Llobregat-La Roberta - H178905000,423345,4570476,4455203,Naftalè
after_2007,0003,0006,F016221,Delta del Llobregat-La Roberta - H178905000,423345,4570476,4455205,Diazinon
after_2007,0003,0006,F016221,Delta del Llobregat-La Roberta - H178905000,423345,4570476,4455206,Paration de Metil
after_2007,0003,0006,F016221,Delta del Llobregat-La Roberta - H178905000,423345,4570476,4455207,Fenitrotion
after_2007,0003,0006,F016221,Delta del Llobregat-La Roberta - H178905000,423345,4570476,4455208,Malation
after_2007,0003,0006,F016221,Delta del Llobregat-La Roberta - H178905000,423345,4570476,4455209,Clorpirifòs
after_2007,0003,0006,F016221,Delta del Llobregat-La Roberta - H178905000,423345,4570476,4455210,Paration
after_2007,0003,0006,F016221,Delta del Llobregat-La Roberta - H178905000,423345,4570476,4455211,Clorfenvinfòs (suma d'isòmers)
after_2007,0003,0006,F016221,Delta del Llobregat-La Roberta - H178905000,423345,4570476,4455212,Etion
after_2007,0003,0006,F016221,Delta del Llobregat-La Roberta - H178905000,423345,4570476,4455213,Azinfòs d'Etil
after_2007,0003,0006,F016221,Delta del Llobregat-La Roberta - H178905000,423345,4570476,4455214,Simazina
after_2007,0003,0006,F016221,Delta del Llobregat-La Roberta - H178905000,423345,4570476,4455215,Atrazina
after_2007,0003,0006,F016221,Delta del Llobregat-La Roberta - H178905000,423345,4570476,4455216,Propazina
after_2007,0003,0006,F016221,Delta del Llobregat-La Roberta - H178905000,423345,4570476,4455217,Terbutrina
after_2007,0003,0006,F016221,Delta del Llobregat-La Roberta - H178905000,423345,4570476,4455218,Antracè
after_2007,0003,0006,F016221,Delta del Llobregat-La Roberta - H178905000,423345,4570476,4455219,Fluorantè
after_2007,0003,0006,F016221,Delta del Llobregat-La Roberta - H178905000,423345,4570476,4455220,Benzo(b)fluorantè
after_2007,0003,0006,F016221,Delta del Llobregat-La Roberta - H178905000,423345,4570476,4455221,Benzo(k)fluorantè
after_2007,0003,0006,F016221,Delta del Llobregat-La Roberta - H178905000,423345,4570476,4455222,Benzo(a)pirè
after_2007,0003,0006,F016221,Delta del Llobregat-La Roberta - H178905000,423345,4570476,4455223,"Indeno(1,2,3-cd)pirè"
after_2007,0003,0006,F016221,Delta del Llobregat-La Roberta - H178905000,423345,4570476,4455224,Benzo(ghi)perilè
after_2007,0003,0006,F016221,Delta del Llobregat-La Roberta - H178905000,423345,4570476,4455225,Desetilatrazina
after_2007,0003,0006,F016221,Delta del Llobregat-La Roberta - H178905000,423345,4570476,4455226,Suma d'al-diel-iso-endrín
after_2007,0003,0006,F016221,Delta del Llobregat-La Roberta - H178905000,423345,4570476,4455227,Trifluralina
after_2007,0003,0006,F016221,Delta del Llobregat-La Roberta - H178905000,423345,4570476,4455228,Molinat
after_2007,0003,0006,F016221,Delta del Llobregat-La Roberta - H178905000,423345,4570476,4455229,Terbutilazina
after_2007,0003,0006,F016221,Delta del Llobregat-La Roberta - H178905000,423345,4570476,4455230,Alaclor
after_2007,0003,0006,F016221,Delta del Llobregat-La Roberta - H178905000,423345,4570476,4455231,Pentaclorobenzè
after_2007,0003,0006,F016221,Delta del Llobregat-La Roberta - H178905000,423345,4570476,4455232,tert-Octilfenol
after_2007,0003,0006,F016221,Delta del Llobregat-La Roberta - H178905000,423345,4570476,4455233,"2,4'-DDT"
after_2007,0003,0006,F016221,Delta del Llobregat-La Roberta - H178905000,423345,4570476,4455234,"2,4'-DDE"
after_2007,0003,0006,F016221,Delta del Llobregat-La Roberta - H178905000,423345,4570476,4455235,"2,4'-DDD"
after_2007,0003,0006,F016221,Delta del Llobregat-La Roberta - H178905000,423345,4570476,4455236,Metolaclor
after_2007,0003,0006,F016221,Delta del Llobregat-La Roberta - H178905000,423345,4570476,4455237,Epòxid d'heptaclor A
after_2007,0003,0006,F016221,Delta del Llobregat-La Roberta - H178905000,423345,4570476,4455238,Suma de diclorobenzens
after_2007,0003,0006,F016221,Delta del Llobregat-La Roberta - H178905000,423345,4570476,4455239,Cianazina
after_2007,0003,0006,F016221,Delta del Llobregat-La Roberta - H178905000,423345,4570476,4455240,Diuron
after_2007,0003,0006,F016221,Delta del Llobregat-La Roberta - H178905000,423345,4570476,4455241,Isoproturon
after_2007,0003,0006,F016221,Delta del Llobregat-La Roberta - H178905000,423345,4570476,4455242,Linuron
after_2007,0003,0006,F016221,Delta del Llobregat-La Roberta - H178905000,423345,4570476,4455243,Bentazona
after_2007,0003,0006,F016221,Delta del Llobregat-La Roberta - H178905000,423345,4570476,4455244,Cetona d'endrín
after_2007,0003,0006,F016221,Delta del Llobregat-La Roberta - H178905000,423345,4570476,4455245,BDE-28
after_2007,0003,0006,F016221,Delta del Llobregat-La Roberta - H178905000,423345,4570476,4455246,Quinoxifèn
after_2007,0003,0006,F016221,Delta del Llobregat-La Roberta - H178905000,423345,4570476,4455247,Aclonifèn
after_2007,0003,0006,F016221,Delta del Llobregat-La Roberta - H178905000,423345,4570476,4455248,Bifenox
after_2007,0003,0006,F016221,Delta del Llobregat-La Roberta - H178905000,423345,4570476,4455250,Cibutrina
after_2007,0003,0006,F016221,Delta del Llobregat-La Roberta - H178905000,423345,4570476,4455251,4-n-nonilfenol
after_2007,0003,0006,F016221,Delta del Llobregat-La Roberta - H178905000,423345,4570476,4455265,Clortoluron
after_2007,0003,0006,F016222,Delta del Llobregat-Estany de la Ricarda - H178904000,425762,4571603,4259525,BDE-47
after_2007,0003,0006,F016222,Delta del Llobregat-Estany de la Ricarda - H178904000,425762,4571603,4259526,BDE-99
after_2007,0003,0006,F016222,Delta del Llobregat-Estany de la Ricarda - H178904000,425762,4571603,4259527,BDE-100
after_2007,0003,0006,F016222,Delta del Llobregat-Estany de la Ricarda - H178904000,425762,4571603,4259528,BDE-153
after_2007,0003,0006,F016222,Delta del Llobregat-Estany de la Ricarda - H178904000,425762,4571603,4259529,BDE-154
after_2007,0003,0006,F016222,Delta del Llobregat-Estany de la Ricarda - H178904000,425762,4571603,4259530,Suma de PAH1
after_2007,0003,0006,F016222,Delta del Llobregat-Estany de la Ricarda - H178904000,425762,4571603,4259531,Suma de PAH2
after_2007,0003,0006,F016222,Delta del Llobregat-Estany de la Ricarda - H178904000,425762,4571603,4259532,Suma de DDT
after_2007,0003,0006,F016222,Delta del Llobregat-Estany de la Ricarda - H178904000,425762,4571603,4259533,Bor
after_2007,0003,0006,F016222,Delta del Llobregat-Estany de la Ricarda - H178904000,425762,4571603,4259534,Bari
after_2007,0003,0006,F016222,Delta del Llobregat-Estany de la Ricarda - H178904000,425762,4571603,4259535,Crom
after_2007,0003,0006,F016222,Delta del Llobregat-Estany de la Ricarda - H178904000,425762,4571603,4259536,Plom
after_2007,0003,0006,F016222,Delta del Llobregat-Estany de la Ricarda - H178904000,425762,4571603,4259537,Zinc
after_2007,0003,0006,F016222,Delta del Llobregat-Estany de la Ricarda - H178904000,425762,4571603,4259538,Cadmi
after_2007,0003,0006,F016222,Delta del Llobregat-Estany de la Ricarda - H178904000,425762,4571603,4259539,Coure
after_2007,0003,0006,F016222,Delta del Llobregat-Estany de la Ricarda - H178904000,425762,4571603,4259540,Ferro
after_2007,0003,0006,F016222,Delta del Llobregat-Estany de la Ricarda - H178904000,425762,4571603,4259541,Cobalt
after_2007,0003,0006,F016222,Delta del Llobregat-Estany de la Ricarda - H178904000,425762,4571603,4259542,Níquel
after_2007,0003,0006,F016222,Delta del Llobregat-Estany de la Ricarda - H178904000,425762,4571603,4259543,Seleni
after_2007,0003,0006,F016222,Delta del Llobregat-Estany de la Ricarda - H178904000,425762,4571603,4259544,Vanadi
after_2007,0003,0006,F016222,Delta del Llobregat-Estany de la Ricarda - H178904000,425762,4571603,4259545,Alumini
after_2007,0003,0006,F016222,Delta del Llobregat-Estany de la Ricarda - H178904000,425762,4571603,4259546,Arsènic
after_2007,0003,0006,F016222,Delta del Llobregat-Estany de la Ricarda - H178904000,425762,4571603,4259547,Mercuri
after_2007,0003,0006,F016222,Delta del Llobregat-Estany de la Ricarda - H178904000,425762,4571603,4259548,Molibdè
after_2007,0003,0006,F016222,Delta del Llobregat-Estany de la Ricarda - H178904000,425762,4571603,4259549,Antimoni
after_2007,0003,0006,F016222,Delta del Llobregat-Estany de la Ricarda - H178904000,425762,4571603,4259550,Beril·li
after_2007,0003,0006,F016222,Delta del Llobregat-Estany de la Ricarda - H178904000,425762,4571603,4259551,Estronci
after_2007,0003,0006,F016222,Delta del Llobregat-Estany de la Ricarda - H178904000,425762,4571603,4259552,Manganès
after_2007,0003,0006,F016222,Delta del Llobregat-Estany de la Ricarda - H178904000,425762,4571603,4259733,Toluè
after_2007,0003,0006,F016222,Delta del Llobregat-Estany de la Ricarda - H178904000,425762,4571603,4259734,Hexaclorobutadiè
after_2007,0003,0006,F016222,Delta del Llobregat-Estany de la Ricarda - H178904000,425762,4571603,4259735,Diclorometà
after_2007,0003,0006,F016222,Delta del Llobregat-Estany de la Ricarda - H178904000,425762,4571603,4259736,"trans-1,2-Dicloroetilè"
after_2007,0003,0006,F016222,Delta del Llobregat-Estany de la Ricarda - H178904000,425762,4571603,4259737,"cis-1,2-Dicloroetilè"
after_2007,0003,0006,F016222,Delta del Llobregat-Estany de la Ricarda - H178904000,425762,4571603,4259738,Tetraclorur de Carboni
after_2007,0003,0006,F016222,Delta del Llobregat-Estany de la Ricarda - H178904000,425762,4571603,4259739,Tricloroetilè
after_2007,0003,0006,F016222,Delta del Llobregat-Estany de la Ricarda - H178904000,425762,4571603,4259740,Bromodiclorometà
after_2007,0003,0006,F016222,Delta del Llobregat-Estany de la Ricarda - H178904000,425762,4571603,4259741,"cis-1,3-Dicloropropè"
after_2007,0003,0006,F016222,Delta del Llobregat-Estany de la Ricarda - H178904000,425762,4571603,4259742,Triclorometà
after_2007,0003,0006,F016222,Delta del Llobregat-Estany de la Ricarda - H178904000,425762,4571603,4259743,"1,1,2-Tricloroetà"
after_2007,0003,0006,F016222,Delta del Llobregat-Estany de la Ricarda - H178904000,425762,4571603,4259744,Tetracloroetilè
after_2007,0003,0006,F016222,Delta del Llobregat-Estany de la Ricarda - H178904000,425762,4571603,4259745,Dibromoclorometà
after_2007,0003,0006,F016222,Delta del Llobregat-Estany de la Ricarda - H178904000,425762,4571603,4259746,Bromoform
after_2007,0003,0006,F016222,Delta del Llobregat-Estany de la Ricarda - H178904000,425762,4571603,4259747,"1,2-Dicloroetà"
after_2007,0003,0006,F016222,Delta del Llobregat-Estany de la Ricarda - H178904000,425762,4571603,4259748,"1,4-Diclorobenzè"
after_2007,0003,0006,F016222,Delta del Llobregat-Estany de la Ricarda - H178904000,425762,4571603,4259749,"1,2-Diclorobenzè"
after_2007,0003,0006,F016222,Delta del Llobregat-Estany de la Ricarda - H178904000,425762,4571603,4259750,Suma de triclorobenzens
after_2007,0003,0006,F016222,Delta del Llobregat-Estany de la Ricarda - H178904000,425762,4571603,4259751,"1,2,4-Triclorobenzè"
after_2007,0003,0006,F016222,Delta del Llobregat-Estany de la Ricarda - H178904000,425762,4571603,4259752,"1,2,3-Triclorobenzè"
after_2007,0003,0006,F016222,Delta del Llobregat-Estany de la Ricarda - H178904000,425762,4571603,4259753,Benzè
after_2007,0003,0006,F016222,Delta del Llobregat-Estany de la Ricarda - H178904000,425762,4571603,4259754,Etilbenzè
after_2007,0003,0006,F016222,Delta del Llobregat-Estany de la Ricarda - H178904000,425762,4571603,4259755,"m,p-Xilè"
after_2007,0003,0006,F016222,Delta del Llobregat-Estany de la Ricarda - H178904000,425762,4571603,4259756,o-Xilè
after_2007,0003,0006,F016222,Delta del Llobregat-Estany de la Ricarda - H178904000,425762,4571603,4259758,Hexaclorobenzè
after_2007,0003,0006,F016222,Delta del Llobregat-Estany de la Ricarda - H178904000,425762,4571603,4259759,Clorobenzè
after_2007,0003,0006,F016222,Delta del Llobregat-Estany de la Ricarda - H178904000,425762,4571603,4259760,a-Hexaclorociclohexà
after_2007,0003,0006,F016222,Delta del Llobregat-Estany de la Ricarda - H178904000,425762,4571603,4259761,Lindà(g-Hexaclorociclohexà)
after_2007,0003,0006,F016222,Delta del Llobregat-Estany de la Ricarda - H178904000,425762,4571603,4259762,"1,1-Dicloroetilè"
after_2007,0003,0006,F016222,Delta del Llobregat-Estany de la Ricarda - H178904000,425762,4571603,4259763,"1,1-Dicloroetà"
after_2007,0003,0006,F016222,Delta del Llobregat-Estany de la Ricarda - H178904000,425762,4571603,4259764,"1,1,1-Tricloroetà"
after_2007,0003,0006,F016222,Delta del Llobregat-Estany de la Ricarda - H178904000,425762,4571603,4259765,"1,2-Dicloropropà"
after_2007,0003,0006,F016222,Delta del Llobregat-Estany de la Ricarda - H178904000,425762,4571603,4259766,"trans-1,3-Dicloropropè"
after_2007,0003,0006,F016222,Delta del Llobregat-Estany de la Ricarda - H178904000,425762,4571603,4259767,"1,1,2,2-Tetracloroetà"
after_2007,0003,0006,F016222,Delta del Llobregat-Estany de la Ricarda - H178904000,425762,4571603,4259768,"1,3,5-Triclorobenzè"
after_2007,0003,0006,F016222,Delta del Llobregat-Estany de la Ricarda - H178904000,425762,4571603,4259769,Heptaclor
after_2007,0003,0006,F016222,Delta del Llobregat-Estany de la Ricarda - H178904000,425762,4571603,4259770,Aldrín
after_2007,0003,0006,F016222,Delta del Llobregat-Estany de la Ricarda - H178904000,425762,4571603,4259771,Isodrín
after_2007,0003,0006,F016222,Delta del Llobregat-Estany de la Ricarda - H178904000,425762,4571603,4259772,Epòxid d'heptaclor B
after_2007,0003,0006,F016222,Delta del Llobregat-Estany de la Ricarda - H178904000,425762,4571603,4259773,Endosulfan I
after_2007,0003,0006,F016222,Delta del Llobregat-Estany de la Ricarda - H178904000,425762,4571603,4259774,Dieldrín
after_2007,0003,0006,F016222,Delta del Llobregat-Estany de la Ricarda - H178904000,425762,4571603,4259775,Endrín
after_2007,0003,0006,F016222,Delta del Llobregat-Estany de la Ricarda - H178904000,425762,4571603,4259776,"4,4'-DDE"
after_2007,0003,0006,F016222,Delta del Llobregat-Estany de la Ricarda - H178904000,425762,4571603,4259777,Endosulfan II
after_2007,0003,0006,F016222,Delta del Llobregat-Estany de la Ricarda - H178904000,425762,4571603,4259778,"4,4'-DDD"
after_2007,0003,0006,F016222,Delta del Llobregat-Estany de la Ricarda - H178904000,425762,4571603,4259779,Sulfat d'endosulfan
after_2007,0003,0006,F016222,Delta del Llobregat-Estany de la Ricarda - H178904000,425762,4571603,4259780,"4,4'-DDT"
after_2007,0003,0006,F016222,Delta del Llobregat-Estany de la Ricarda - H178904000,425762,4571603,4259781,Triclorofluorometà
after_2007,0003,0006,F016222,Delta del Llobregat-Estany de la Ricarda - H178904000,425762,4571603,4259782,"1,3-diclorobenzè"
after_2007,0003,0006,F016222,Delta del Llobregat-Estany de la Ricarda - H178904000,425762,4571603,4259783,Naftalè
after_2007,0003,0006,F016222,Delta del Llobregat-Estany de la Ricarda - H178904000,425762,4571603,4259784,Diazinon
after_2007,0003,0006,F016222,Delta del Llobregat-Estany de la Ricarda - H178904000,425762,4571603,4259785,Paration de metil
after_2007,0003,0006,F016222,Delta del Llobregat-Estany de la Ricarda - H178904000,425762,4571603,4259786,Fenitrotion
after_2007,0003,0006,F016222,Delta del Llobregat-Estany de la Ricarda - H178904000,425762,4571603,4259787,Malation
after_2007,0003,0006,F016222,Delta del Llobregat-Estany de la Ricarda - H178904000,425762,4571603,4259788,Clorpirifòs
after_2007,0003,0006,F016222,Delta del Llobregat-Estany de la Ricarda - H178904000,425762,4571603,4259789,Paration
after_2007,0003,0006,F016222,Delta del Llobregat-Estany de la Ricarda - H178904000,425762,4571603,4259790,Clorfenvinfòs (suma d'isòmers)
after_2007,0003,0006,F016222,Delta del Llobregat-Estany de la Ricarda - H178904000,425762,4571603,4259791,Etion
after_2007,0003,0006,F016222,Delta del Llobregat-Estany de la Ricarda - H178904000,425762,4571603,4259792,Azinfòs d'etil
after_2007,0003,0006,F016222,Delta del Llobregat-Estany de la Ricarda - H178904000,425762,4571603,4259793,Simazina
after_2007,0003,0006,F016222,Delta del Llobregat-Estany de la Ricarda - H178904000,425762,4571603,4259794,Atrazina
after_2007,0003,0006,F016222,Delta del Llobregat-Estany de la Ricarda - H178904000,425762,4571603,4259795,Propazina
after_2007,0003,0006,F016222,Delta del Llobregat-Estany de la Ricarda - H178904000,425762,4571603,4259796,Terbutrina
after_2007,0003,0006,F016222,Delta del Llobregat-Estany de la Ricarda - H178904000,425762,4571603,4259797,Antracè
after_2007,0003,0006,F016222,Delta del Llobregat-Estany de la Ricarda - H178904000,425762,4571603,4259798,Fluorantè
after_2007,0003,0006,F016222,Delta del Llobregat-Estany de la Ricarda - H178904000,425762,4571603,4259799,Benzo(b)fluorantè
after_2007,0003,0006,F016222,Delta del Llobregat-Estany de la Ricarda - H178904000,425762,4571603,4259800,Benzo(k)fluorantè
after_2007,0003,0006,F016222,Delta del Llobregat-Estany de la Ricarda - H178904000,425762,4571603,4259801,Benzo(a)pirè
after_2007,0003,0006,F016222,Delta del Llobregat-Estany de la Ricarda - H178904000,425762,4571603,4259802,"Indeno(1,2,3-cd)pirè"
after_2007,0003,0006,F016222,Delta del Llobregat-Estany de la Ricarda - H178904000,425762,4571603,4259803,Benzo(ghi)perilè
after_2007,0003,0006,F016222,Delta del Llobregat-Estany de la Ricarda - H178904000,425762,4571603,4259804,Suma d'al-diel-iso-endrín
after_2007,0003,0006,F016222,Delta del Llobregat-Estany de la Ricarda - H178904000,425762,4571603,4259805,Suma d'Organofosforats
after_2007,0003,0006,F016222,Delta del Llobregat-Estany de la Ricarda - H178904000,425762,4571603,4259806,Suma de plaguicides clorats
after_2007,0003,0006,F016222,Delta del Llobregat-Estany de la Ricarda - H178904000,425762,4571603,4259807,Suma de triazines
after_2007,0003,0006,F016222,Delta del Llobregat-Estany de la Ricarda - H178904000,425762,4571603,4259808,Trifluralina
after_2007,0003,0006,F016222,Delta del Llobregat-Estany de la Ricarda - H178904000,425762,4571603,4259809,Molinat
after_2007,0003,0006,F016222,Delta del Llobregat-Estany de la Ricarda - H178904000,425762,4571603,4259810,Terbutilazina
after_2007,0003,0006,F016222,Delta del Llobregat-Estany de la Ricarda - H178904000,425762,4571603,4259811,Alaclor
after_2007,0003,0006,F016222,Delta del Llobregat-Estany de la Ricarda - H178904000,425762,4571603,4259812,Pentaclorobenzè
after_2007,0003,0006,F016222,Delta del Llobregat-Estany de la Ricarda - H178904000,425762,4571603,4259813,tert-Octilfenol
after_2007,0003,0006,F016222,Delta del Llobregat-Estany de la Ricarda - H178904000,425762,4571603,4259814,NPEO(e=0)
after_2007,0003,0006,F016222,Delta del Llobregat-Estany de la Ricarda - H178904000,425762,4571603,4259815,"2,4'-DDT"
after_2007,0003,0006,F016222,Delta del Llobregat-Estany de la Ricarda - H178904000,425762,4571603,4259816,"2,4'-DDE"
after_2007,0003,0006,F016222,Delta del Llobregat-Estany de la Ricarda - H178904000,425762,4571603,4259817,"2,4'-DDD"
after_2007,0003,0006,F016222,Delta del Llobregat-Estany de la Ricarda - H178904000,425762,4571603,4259818,Metolaclor
after_2007,0003,0006,F016222,Delta del Llobregat-Estany de la Ricarda - H178904000,425762,4571603,4259819,Epòxid d'heptaclor A
after_2007,0003,0006,F016222,Delta del Llobregat-Estany de la Ricarda - H178904000,425762,4571603,4259820,Suma de diclorobenzens
after_2007,0003,0006,F016222,Delta del Llobregat-Estany de la Ricarda - H178904000,425762,4571603,4259821,Cetona d'endrín
after_2007,0003,0006,F016222,Delta del Llobregat-Estany de la Ricarda - H178904000,425762,4571603,4259822,BDE-28
after_2007,0003,0006,F016222,Delta del Llobregat-Estany de la Ricarda - H178904000,425762,4571603,4259823,Quinoxifèn
after_2007,0003,0006,F016222,Delta del Llobregat-Estany de la Ricarda - H178904000,425762,4571603,4259824,Aclonifèn
after_2007,0003,0006,F016222,Delta del Llobregat-Estany de la Ricarda - H178904000,425762,4571603,4259825,Bifenox
after_2007,0003,0006,F016222,Delta del Llobregat-Estany de la Ricarda - H178904000,425762,4571603,4259826,Cipermetrín (suma d'isòmers)
after_2007,0003,0006,F016222,Delta del Llobregat-Estany de la Ricarda - H178904000,425762,4571603,4259827,Cibutrina
after_2007,0003,0006,F016222,Delta del Llobregat-Estany de la Ricarda - H178904000,425762,4571603,4259828,4-n-Nonilfenol
after_2007,0003,0006,F016222,Delta del Llobregat-Estany de la Ricarda - H178904000,425762,4571603,4268679,Diuron
after_2007,0003,0006,F016222,Delta del Llobregat-Estany de la Ricarda - H178904000,425762,4571603,4268684,Isoproturon
after_2007,0003,0006,F016222,Delta del Llobregat-Estany de la Ricarda - H178904000,425762,4571603,4455283,Suma de xilens
after_2007,0003,0006,F016222,Delta del Llobregat-Estany de la Ricarda - H178904000,425762,4571603,4455284,Desetilatrazina
after_2007,0003,0006,F016222,Delta del Llobregat-Estany de la Ricarda - H178904000,425762,4571603,4455285,Cianazina
after_2007,0003,0006,F016222,Delta del Llobregat-Estany de la Ricarda - H178904000,425762,4571603,4455286,Linuron
after_2007,0003,0006,F016222,Delta del Llobregat-Estany de la Ricarda - H178904000,425762,4571603,4455287,Bentazona
after_2007,0003,0006,F016222,Delta del Llobregat-Estany de la Ricarda - H178904000,425762,4571603,4455289,Clortoluron
after_2007,0003,0006,F016223,Delta del Llobregat - La Magarola - H178903000,426154,4571705,4416240,BDE-47
after_2007,0003,0006,F016223,Delta del Llobregat - La Magarola - H178903000,426154,4571705,4416241,BDE-99
after_2007,0003,0006,F016223,Delta del Llobregat - La Magarola - H178903000,426154,4571705,4416242,BDE-100
after_2007,0003,0006,F016223,Delta del Llobregat - La Magarola - H178903000,426154,4571705,4416243,BDE-153
after_2007,0003,0006,F016223,Delta del Llobregat - La Magarola - H178903000,426154,4571705,4416244,BDE-154
after_2007,0003,0006,F016223,Delta del Llobregat - La Magarola - H178903000,426154,4571705,4416245,Suma de PAH1
after_2007,0003,0006,F016223,Delta del Llobregat - La Magarola - H178903000,426154,4571705,4416246,Suma de PAH2
after_2007,0003,0006,F016223,Delta del Llobregat - La Magarola - H178903000,426154,4571705,4416247,Suma de DDT
after_2007,0003,0006,F016223,Delta del Llobregat - La Magarola - H178903000,426154,4571705,4416248,Bor
after_2007,0003,0006,F016223,Delta del Llobregat - La Magarola - H178903000,426154,4571705,4416249,Bari
after_2007,0003,0006,F016223,Delta del Llobregat - La Magarola - H178903000,426154,4571705,4416250,Crom
after_2007,0003,0006,F016223,Delta del Llobregat - La Magarola - H178903000,426154,4571705,4416251,Plom
after_2007,0003,0006,F016223,Delta del Llobregat - La Magarola - H178903000,426154,4571705,4416252,Zinc
after_2007,0003,0006,F016223,Delta del Llobregat - La Magarola - H178903000,426154,4571705,4416253,Cadmi
after_2007,0003,0006,F016223,Delta del Llobregat - La Magarola - H178903000,426154,4571705,4416254,Coure
after_2007,0003,0006,F016223,Delta del Llobregat - La Magarola - H178903000,426154,4571705,4416255,Ferro
after_2007,0003,0006,F016223,Delta del Llobregat - La Magarola - H178903000,426154,4571705,4416256,Cobalt
after_2007,0003,0006,F016223,Delta del Llobregat - La Magarola - H178903000,426154,4571705,4416257,Níquel
after_2007,0003,0006,F016223,Delta del Llobregat - La Magarola - H178903000,426154,4571705,4416258,Seleni
after_2007,0003,0006,F016223,Delta del Llobregat - La Magarola - H178903000,426154,4571705,4416259,Vanadi
after_2007,0003,0006,F016223,Delta del Llobregat - La Magarola - H178903000,426154,4571705,4416260,Alumini
after_2007,0003,0006,F016223,Delta del Llobregat - La Magarola - H178903000,426154,4571705,4416261,Arsènic
after_2007,0003,0006,F016223,Delta del Llobregat - La Magarola - H178903000,426154,4571705,4416262,Mercuri
after_2007,0003,0006,F016223,Delta del Llobregat - La Magarola - H178903000,426154,4571705,4416263,Molibdè
after_2007,0003,0006,F016223,Delta del Llobregat - La Magarola - H178903000,426154,4571705,4416264,Antimoni
after_2007,0003,0006,F016223,Delta del Llobregat - La Magarola - H178903000,426154,4571705,4416265,Beril·li
after_2007,0003,0006,F016223,Delta del Llobregat - La Magarola - H178903000,426154,4571705,4416266,Estronci
after_2007,0003,0006,F016223,Delta del Llobregat - La Magarola - H178903000,426154,4571705,4416267,Manganès
after_2007,0003,0006,F016223,Delta del Llobregat - La Magarola - H178903000,426154,4571705,4421830,Suma de xilens
after_2007,0003,0006,F016223,Delta del Llobregat - La Magarola - H178903000,426154,4571705,4421831,Toluè
after_2007,0003,0006,F016223,Delta del Llobregat - La Magarola - H178903000,426154,4571705,4421832,Hexaclorobutadiè
after_2007,0003,0006,F016223,Delta del Llobregat - La Magarola - H178903000,426154,4571705,4421833,Diclorometà
after_2007,0003,0006,F016223,Delta del Llobregat - La Magarola - H178903000,426154,4571705,4421834,"trans-1,2-Dicloroetilè"
after_2007,0003,0006,F016223,Delta del Llobregat - La Magarola - H178903000,426154,4571705,4421835,"cis-1,2-Dicloroetilè"
after_2007,0003,0006,F016223,Delta del Llobregat - La Magarola - H178903000,426154,4571705,4421836,Tetraclorur de Carboni
after_2007,0003,0006,F016223,Delta del Llobregat - La Magarola - H178903000,426154,4571705,4421837,Tricloroetilè
after_2007,0003,0006,F016223,Delta del Llobregat - La Magarola - H178903000,426154,4571705,4421838,Bromodiclorometà
after_2007,0003,0006,F016223,Delta del Llobregat - La Magarola - H178903000,426154,4571705,4421839,"cis-1,3-Dicloropropè"
after_2007,0003,0006,F016223,Delta del Llobregat - La Magarola - H178903000,426154,4571705,4421840,Triclorometà
after_2007,0003,0006,F016223,Delta del Llobregat - La Magarola - H178903000,426154,4571705,4421841,"1,1,2-Tricloroetà"
after_2007,0003,0006,F016223,Delta del Llobregat - La Magarola - H178903000,426154,4571705,4421842,Tetracloroetilè
after_2007,0003,0006,F016223,Delta del Llobregat - La Magarola - H178903000,426154,4571705,4421843,Dibromoclorometà
after_2007,0003,0006,F016223,Delta del Llobregat - La Magarola - H178903000,426154,4571705,4421844,Bromoform
after_2007,0003,0006,F016223,Delta del Llobregat - La Magarola - H178903000,426154,4571705,4421845,"1,2-Dicloroetà"
after_2007,0003,0006,F016223,Delta del Llobregat - La Magarola - H178903000,426154,4571705,4421846,"1,4-Diclorobenzè"
after_2007,0003,0006,F016223,Delta del Llobregat - La Magarola - H178903000,426154,4571705,4421847,"1,2-Diclorobenzè"
after_2007,0003,0006,F016223,Delta del Llobregat - La Magarola - H178903000,426154,4571705,4421848,Suma de triclorobenzens
after_2007,0003,0006,F016223,Delta del Llobregat - La Magarola - H178903000,426154,4571705,4421849,"1,2,4-Triclorobenzè"
after_2007,0003,0006,F016223,Delta del Llobregat - La Magarola - H178903000,426154,4571705,4421850,"1,2,3-Triclorobenzè"
after_2007,0003,0006,F016223,Delta del Llobregat - La Magarola - H178903000,426154,4571705,4421851,Benzè
after_2007,0003,0006,F016223,Delta del Llobregat - La Magarola - H178903000,426154,4571705,4421852,Etilbenzè
after_2007,0003,0006,F016223,Delta del Llobregat - La Magarola - H178903000,426154,4571705,4421853,"m,p-Xilè"
after_2007,0003,0006,F016223,Delta del Llobregat - La Magarola - H178903000,426154,4571705,4421854,o-Xilè
after_2007,0003,0006,F016223,Delta del Llobregat - La Magarola - H178903000,426154,4571705,4421855,Hexaclorobenzè
after_2007,0003,0006,F016223,Delta del Llobregat - La Magarola - H178903000,426154,4571705,4421856,Clorobenzè
after_2007,0003,0006,F016223,Delta del Llobregat - La Magarola - H178903000,426154,4571705,4421857,a-Hexaclorociclohexà
after_2007,0003,0006,F016223,Delta del Llobregat - La Magarola - H178903000,426154,4571705,4421858,Lindà(g-Hexaclorociclohexà)
after_2007,0003,0006,F016223,Delta del Llobregat - La Magarola - H178903000,426154,4571705,4421859,"1,1-Dicloroetilè"
after_2007,0003,0006,F016223,Delta del Llobregat - La Magarola - H178903000,426154,4571705,4421860,"1,1-Dicloroetà"
after_2007,0003,0006,F016223,Delta del Llobregat - La Magarola - H178903000,426154,4571705,4421861,"1,1,1-Tricloroetà"
after_2007,0003,0006,F016223,Delta del Llobregat - La Magarola - H178903000,426154,4571705,4421862,"1,2-Dicloropropà"
after_2007,0003,0006,F016223,Delta del Llobregat - La Magarola - H178903000,426154,4571705,4421863,"trans-1,3-Dicloropropè"
after_2007,0003,0006,F016223,Delta del Llobregat - La Magarola - H178903000,426154,4571705,4421864,"1,1,2,2-Tetracloroetà"
after_2007,0003,0006,F016223,Delta del Llobregat - La Magarola - H178903000,426154,4571705,4421865,"1,3,5-Triclorobenzè"
after_2007,0003,0006,F016223,Delta del Llobregat - La Magarola - H178903000,426154,4571705,4421866,Heptaclor
after_2007,0003,0006,F016223,Delta del Llobregat - La Magarola - H178903000,426154,4571705,4421867,Aldrín
after_2007,0003,0006,F016223,Delta del Llobregat - La Magarola - H178903000,426154,4571705,4421868,Isodrín
after_2007,0003,0006,F016223,Delta del Llobregat - La Magarola - H178903000,426154,4571705,4421869,Epòxid d'heptaclor B
after_2007,0003,0006,F016223,Delta del Llobregat - La Magarola - H178903000,426154,4571705,4421870,Endosulfan I
after_2007,0003,0006,F016223,Delta del Llobregat - La Magarola - H178903000,426154,4571705,4421871,Dieldrín
after_2007,0003,0006,F016223,Delta del Llobregat - La Magarola - H178903000,426154,4571705,4421872,Endrín
after_2007,0003,0006,F016223,Delta del Llobregat - La Magarola - H178903000,426154,4571705,4421873,"4,4'-DDE"
after_2007,0003,0006,F016223,Delta del Llobregat - La Magarola - H178903000,426154,4571705,4421874,Endosulfan II
after_2007,0003,0006,F016223,Delta del Llobregat - La Magarola - H178903000,426154,4571705,4421875,"4,4'-DDD"
after_2007,0003,0006,F016223,Delta del Llobregat - La Magarola - H178903000,426154,4571705,4421876,Sulfat d'endosulfan
after_2007,0003,0006,F016223,Delta del Llobregat - La Magarola - H178903000,426154,4571705,4421877,"4,4'-DDT"
after_2007,0003,0006,F016223,Delta del Llobregat - La Magarola - H178903000,426154,4571705,4421878,Triclorofluorometà
after_2007,0003,0006,F016223,Delta del Llobregat - La Magarola - H178903000,426154,4571705,4421879,"1,3-Diclorobenzè"
after_2007,0003,0006,F016223,Delta del Llobregat - La Magarola - H178903000,426154,4571705,4421880,Naftalè
after_2007,0003,0006,F016223,Delta del Llobregat - La Magarola - H178903000,426154,4571705,4421882,Diazinon
after_2007,0003,0006,F016223,Delta del Llobregat - La Magarola - H178903000,426154,4571705,4421883,Paration de metil
after_2007,0003,0006,F016223,Delta del Llobregat - La Magarola - H178903000,426154,4571705,4421884,Fenitrotion
after_2007,0003,0006,F016223,Delta del Llobregat - La Magarola - H178903000,426154,4571705,4421885,Malation
after_2007,0003,0006,F016223,Delta del Llobregat - La Magarola - H178903000,426154,4571705,4421886,Clorpirifòs
after_2007,0003,0006,F016223,Delta del Llobregat - La Magarola - H178903000,426154,4571705,4421887,Paration
after_2007,0003,0006,F016223,Delta del Llobregat - La Magarola - H178903000,426154,4571705,4421888,Clorfenvinfòs (suma d'isòmers)
after_2007,0003,0006,F016223,Delta del Llobregat - La Magarola - H178903000,426154,4571705,4421889,Etion
after_2007,0003,0006,F016223,Delta del Llobregat - La Magarola - H178903000,426154,4571705,4421890,Azinfòs d'etil
after_2007,0003,0006,F016223,Delta del Llobregat - La Magarola - H178903000,426154,4571705,4421891,Simazina
after_2007,0003,0006,F016223,Delta del Llobregat - La Magarola - H178903000,426154,4571705,4421892,Atrazina
after_2007,0003,0006,F016223,Delta del Llobregat - La Magarola - H178903000,426154,4571705,4421893,Propazina
after_2007,0003,0006,F016223,Delta del Llobregat - La Magarola - H178903000,426154,4571705,4421894,Terbutrina
after_2007,0003,0006,F016223,Delta del Llobregat - La Magarola - H178903000,426154,4571705,4421895,Antracè
after_2007,0003,0006,F016223,Delta del Llobregat - La Magarola - H178903000,426154,4571705,4421896,Fluorantè
after_2007,0003,0006,F016223,Delta del Llobregat - La Magarola - H178903000,426154,4571705,4421897,Benzo(b)fluorantè
after_2007,0003,0006,F016223,Delta del Llobregat - La Magarola - H178903000,426154,4571705,4421898,Benzo(k)fluorantè
after_2007,0003,0006,F016223,Delta del Llobregat - La Magarola - H178903000,426154,4571705,4421899,Benzo(a)pirè
after_2007,0003,0006,F016223,Delta del Llobregat - La Magarola - H178903000,426154,4571705,4421900,"Indeno(1,2,3-cd)pirè"
after_2007,0003,0006,F016223,Delta del Llobregat - La Magarola - H178903000,426154,4571705,4421901,Benzo(ghi)perilè
after_2007,0003,0006,F016223,Delta del Llobregat - La Magarola - H178903000,426154,4571705,4421902,Desetilatrazina
after_2007,0003,0006,F016223,Delta del Llobregat - La Magarola - H178903000,426154,4571705,4421903,Suma d'al-diel-iso-endrín
after_2007,0003,0006,F016223,Delta del Llobregat - La Magarola - H178903000,426154,4571705,4421904,Trifluralina
after_2007,0003,0006,F016223,Delta del Llobregat - La Magarola - H178903000,426154,4571705,4421905,Molinat
after_2007,0003,0006,F016223,Delta del Llobregat - La Magarola - H178903000,426154,4571705,4421906,Terbutilazina
after_2007,0003,0006,F016223,Delta del Llobregat - La Magarola - H178903000,426154,4571705,4421907,Alaclor
after_2007,0003,0006,F016223,Delta del Llobregat - La Magarola - H178903000,426154,4571705,4421908,Pentaclorobenzè
after_2007,0003,0006,F016223,Delta del Llobregat - La Magarola - H178903000,426154,4571705,4421909,tert-Octilfenol
after_2007,0003,0006,F016223,Delta del Llobregat - La Magarola - H178903000,426154,4571705,4421910,"2,4'-DDT"
after_2007,0003,0006,F016223,Delta del Llobregat - La Magarola - H178903000,426154,4571705,4421911,"2,4'-DDE"
after_2007,0003,0006,F016223,Delta del Llobregat - La Magarola - H178903000,426154,4571705,4421912,"2,4'-DDD"
after_2007,0003,0006,F016223,Delta del Llobregat - La Magarola - H178903000,426154,4571705,4421913,Metolaclor
after_2007,0003,0006,F016223,Delta del Llobregat - La Magarola - H178903000,426154,4571705,4421914,Epòxid d'heptaclor A
after_2007,0003,0006,F016223,Delta del Llobregat - La Magarola - H178903000,426154,4571705,4421915,Suma de diclorobenzens
after_2007,0003,0006,F016223,Delta del Llobregat - La Magarola - H178903000,426154,4571705,4421916,Cianazina
after_2007,0003,0006,F016223,Delta del Llobregat - La Magarola - H178903000,426154,4571705,4421917,Diuron
after_2007,0003,0006,F016223,Delta del Llobregat - La Magarola - H178903000,426154,4571705,4421918,Isoproturon
after_2007,0003,0006,F016223,Delta del Llobregat - La Magarola - H178903000,426154,4571705,4421919,Linuron
after_2007,0003,0006,F016223,Delta del Llobregat - La Magarola - H178903000,426154,4571705,4421920,Bentazona
after_2007,0003,0006,F016223,Delta del Llobregat - La Magarola - H178903000,426154,4571705,4421921,Cetona d'endrín
after_2007,0003,0006,F016223,Delta del Llobregat - La Magarola - H178903000,426154,4571705,4421922,BDE-28
after_2007,0003,0006,F016223,Delta del Llobregat - La Magarola - H178903000,426154,4571705,4421923,Quinoxifèn
after_2007,0003,0006,F016223,Delta del Llobregat - La Magarola - H178903000,426154,4571705,4421924,Aclonifèn
after_2007,0003,0006,F016223,Delta del Llobregat - La Magarola - H178903000,426154,4571705,4421925,Bifenox
after_2007,0003,0006,F016223,Delta del Llobregat - La Magarola - H178903000,426154,4571705,4421927,Cibutrina
after_2007,0003,0006,F016223,Delta del Llobregat - La Magarola - H178903000,426154,4571705,4421928,4-n-Nonilfenol
after_2007,0003,0006,F016223,Delta del Llobregat - La Magarola - H178903000,426154,4571705,4421942,Clortoluron
after_2007,0003,0006,F016224,Delta de Llobregat-Cal Tet - H178902000,426562,4572694,4426315,BDE-47
after_2007,0003,0006,F016224,Delta de Llobregat-Cal Tet - H178902000,426562,4572694,4426316,BDE-99
after_2007,0003,0006,F016224,Delta de Llobregat-Cal Tet - H178902000,426562,4572694,4426317,BDE-100
after_2007,0003,0006,F016224,Delta de Llobregat-Cal Tet - H178902000,426562,4572694,4426318,BDE-153
after_2007,0003,0006,F016224,Delta de Llobregat-Cal Tet - H178902000,426562,4572694,4426319,BDE-154
after_2007,0003,0006,F016224,Delta de Llobregat-Cal Tet - H178902000,426562,4572694,4426320,Suma de PAH1
after_2007,0003,0006,F016224,Delta de Llobregat-Cal Tet - H178902000,426562,4572694,4426321,Suma de PAH2
after_2007,0003,0006,F016224,Delta de Llobregat-Cal Tet - H178902000,426562,4572694,4426322,Suma de DDT
after_2007,0003,0006,F016224,Delta de Llobregat-Cal Tet - H178902000,426562,4572694,4426323,Bor
after_2007,0003,0006,F016224,Delta de Llobregat-Cal Tet - H178902000,426562,4572694,4426324,Bari
after_2007,0003,0006,F016224,Delta de Llobregat-Cal Tet - H178902000,426562,4572694,4426325,Crom
after_2007,0003,0006,F016224,Delta de Llobregat-Cal Tet - H178902000,426562,4572694,4426326,Plom
after_2007,0003,0006,F016224,Delta de Llobregat-Cal Tet - H178902000,426562,4572694,4426327,Zinc
after_2007,0003,0006,F016224,Delta de Llobregat-Cal Tet - H178902000,426562,4572694,4426329,Coure
after_2007,0003,0006,F016224,Delta de Llobregat-Cal Tet - H178902000,426562,4572694,4426330,Ferro
after_2007,0003,0006,F016224,Delta de Llobregat-Cal Tet - H178902000,426562,4572694,4426331,Cobalt
after_2007,0003,0006,F016224,Delta de Llobregat-Cal Tet - H178902000,426562,4572694,4426332,Níquel
after_2007,0003,0006,F016224,Delta de Llobregat-Cal Tet - H178902000,426562,4572694,4426333,Seleni
after_2007,0003,0006,F016224,Delta de Llobregat-Cal Tet - H178902000,426562,4572694,4426334,Vanadi
after_2007,0003,0006,F016224,Delta de Llobregat-Cal Tet - H178902000,426562,4572694,4426335,Alumini
after_2007,0003,0006,F016224,Delta de Llobregat-Cal Tet - H178902000,426562,4572694,4426336,Arsènic
after_2007,0003,0006,F016224,Delta de Llobregat-Cal Tet - H178902000,426562,4572694,4426337,Mercuri
after_2007,0003,0006,F016224,Delta de Llobregat-Cal Tet - H178902000,426562,4572694,4426338,Molibdè
after_2007,0003,0006,F016224,Delta de Llobregat-Cal Tet - H178902000,426562,4572694,4426339,Antimoni
after_2007,0003,0006,F016224,Delta de Llobregat-Cal Tet - H178902000,426562,4572694,4426340,Beril·li
after_2007,0003,0006,F016224,Delta de Llobregat-Cal Tet - H178902000,426562,4572694,4426341,Estronci
after_2007,0003,0006,F016224,Delta de Llobregat-Cal Tet - H178902000,426562,4572694,4426342,Manganès
after_2007,0003,0006,F016224,Delta de Llobregat-Cal Tet - H178902000,426562,4572694,4454893,Suma de xilens
after_2007,0003,0006,F016224,Delta de Llobregat-Cal Tet - H178902000,426562,4572694,4454894,Toluè
after_2007,0003,0006,F016224,Delta de Llobregat-Cal Tet - H178902000,426562,4572694,4454895,Hexaclorobutadiè
after_2007,0003,0006,F016224,Delta de Llobregat-Cal Tet - H178902000,426562,4572694,4454896,Diclorometà
after_2007,0003,0006,F016224,Delta de Llobregat-Cal Tet - H178902000,426562,4572694,4454897,"trans-1,2-dicloroetilè"
after_2007,0003,0006,F016224,Delta de Llobregat-Cal Tet - H178902000,426562,4572694,4454898,"cis-1,2-dicloroetilè"
after_2007,0003,0006,F016224,Delta de Llobregat-Cal Tet - H178902000,426562,4572694,4454899,Tetraclorur de Carboni
after_2007,0003,0006,F016224,Delta de Llobregat-Cal Tet - H178902000,426562,4572694,4454900,Tricloroetilè
after_2007,0003,0006,F016224,Delta de Llobregat-Cal Tet - H178902000,426562,4572694,4454901,Bromodiclorometà
after_2007,0003,0006,F016224,Delta de Llobregat-Cal Tet - H178902000,426562,4572694,4454902,"cis-1,3-dicloropropè"
after_2007,0003,0006,F016224,Delta de Llobregat-Cal Tet - H178902000,426562,4572694,4454903,Triclorometà
after_2007,0003,0006,F016224,Delta de Llobregat-Cal Tet - H178902000,426562,4572694,4454904,"1,1,2-tricloroetà"
after_2007,0003,0006,F016224,Delta de Llobregat-Cal Tet - H178902000,426562,4572694,4454905,Tetracloroetilè
after_2007,0003,0006,F016224,Delta de Llobregat-Cal Tet - H178902000,426562,4572694,4454906,Dibromoclorometà
after_2007,0003,0006,F016224,Delta de Llobregat-Cal Tet - H178902000,426562,4572694,4454907,Bromoform
after_2007,0003,0006,F016224,Delta de Llobregat-Cal Tet - H178902000,426562,4572694,4454908,"1,2-dicloroetà"
after_2007,0003,0006,F016224,Delta de Llobregat-Cal Tet - H178902000,426562,4572694,4454909,"1,4-diclorobenzè"
after_2007,0003,0006,F016224,Delta de Llobregat-Cal Tet - H178902000,426562,4572694,4454910,"1,2-diclorobenzè"
after_2007,0003,0006,F016224,Delta de Llobregat-Cal Tet - H178902000,426562,4572694,4454911,Suma de triclorobenzens
after_2007,0003,0006,F016224,Delta de Llobregat-Cal Tet - H178902000,426562,4572694,4454912,"1,2,4-triclorobenzè"
after_2007,0003,0006,F016224,Delta de Llobregat-Cal Tet - H178902000,426562,4572694,4454913,"1,2,3-triclorobenzè"
after_2007,0003,0006,F016224,Delta de Llobregat-Cal Tet - H178902000,426562,4572694,4454914,Benzè
after_2007,0003,0006,F016224,Delta de Llobregat-Cal Tet - H178902000,426562,4572694,4454915,Etilbenzè
after_2007,0003,0006,F016224,Delta de Llobregat-Cal Tet - H178902000,426562,4572694,4454916,"m,p-Xilè"
after_2007,0003,0006,F016224,Delta de Llobregat-Cal Tet - H178902000,426562,4572694,4454917,o-Xilè
after_2007,0003,0006,F016224,Delta de Llobregat-Cal Tet - H178902000,426562,4572694,4454918,Hexaclorobenzè
after_2007,0003,0006,F016224,Delta de Llobregat-Cal Tet - H178902000,426562,4572694,4454919,Clorobenzè
after_2007,0003,0006,F016224,Delta de Llobregat-Cal Tet - H178902000,426562,4572694,4454920,a-hexaclorociclohexà
after_2007,0003,0006,F016224,Delta de Llobregat-Cal Tet - H178902000,426562,4572694,4454921,Lindà(g-hexaclorociclohexà)
after_2007,0003,0006,F016224,Delta de Llobregat-Cal Tet - H178902000,426562,4572694,4454922,"1,1-dicloroetilè"
after_2007,0003,0006,F016224,Delta de Llobregat-Cal Tet - H178902000,426562,4572694,4454923,"1,1-dicloroetà"
after_2007,0003,0006,F016224,Delta de Llobregat-Cal Tet - H178902000,426562,4572694,4454924,"1,1,1-tricloroetà"
after_2007,0003,0006,F016224,Delta de Llobregat-Cal Tet - H178902000,426562,4572694,4454925,"1,2-dicloropropà"
after_2007,0003,0006,F016224,Delta de Llobregat-Cal Tet - H178902000,426562,4572694,4454926,"trans-1,3-dicloropropè"
after_2007,0003,0006,F016224,Delta de Llobregat-Cal Tet - H178902000,426562,4572694,4454927,"1,1,2,2-tetracloroetà"
after_2007,0003,0006,F016224,Delta de Llobregat-Cal Tet - H178902000,426562,4572694,4454928,"1,3,5-triclorobenzè"
after_2007,0003,0006,F016224,Delta de Llobregat-Cal Tet - H178902000,426562,4572694,4454929,Heptaclor
after_2007,0003,0006,F016224,Delta de Llobregat-Cal Tet - H178902000,426562,4572694,4454930,Aldrín
after_2007,0003,0006,F016224,Delta de Llobregat-Cal Tet - H178902000,426562,4572694,4454931,Isodrín
after_2007,0003,0006,F016224,Delta de Llobregat-Cal Tet - H178902000,426562,4572694,4454932,Epòxid d'heptaclor B
after_2007,0003,0006,F016224,Delta de Llobregat-Cal Tet - H178902000,426562,4572694,4454933,Endosulfan I
after_2007,0003,0006,F016224,Delta de Llobregat-Cal Tet - H178902000,426562,4572694,4454934,Dieldrín
after_2007,0003,0006,F016224,Delta de Llobregat-Cal Tet - H178902000,426562,4572694,4454935,Endrín
after_2007,0003,0006,F016224,Delta de Llobregat-Cal Tet - H178902000,426562,4572694,4454936,"4,4'-DDE"
after_2007,0003,0006,F016224,Delta de Llobregat-Cal Tet - H178902000,426562,4572694,4454937,Endosulfan II
after_2007,0003,0006,F016224,Delta de Llobregat-Cal Tet - H178902000,426562,4572694,4454938,"4,4'-DDD"
after_2007,0003,0006,F016224,Delta de Llobregat-Cal Tet - H178902000,426562,4572694,4454939,Sulfat d'endosulfan
after_2007,0003,0006,F016224,Delta de Llobregat-Cal Tet - H178902000,426562,4572694,4454940,"4,4'-DDT"
after_2007,0003,0006,F016224,Delta de Llobregat-Cal Tet - H178902000,426562,4572694,4454941,Triclorofluorometà
after_2007,0003,0006,F016224,Delta de Llobregat-Cal Tet - H178902000,426562,4572694,4454942,"1,3-diclorobenzè"
after_2007,0003,0006,F016224,Delta de Llobregat-Cal Tet - H178902000,426562,4572694,4454943,Naftalè
after_2007,0003,0006,F016224,Delta de Llobregat-Cal Tet - H178902000,426562,4572694,4454945,Diazinon
after_2007,0003,0006,F016224,Delta de Llobregat-Cal Tet - H178902000,426562,4572694,4454946,Paration de Metil
after_2007,0003,0006,F016224,Delta de Llobregat-Cal Tet - H178902000,426562,4572694,4454947,Fenitrotion
after_2007,0003,0006,F016224,Delta de Llobregat-Cal Tet - H178902000,426562,4572694,4454948,Malation
after_2007,0003,0006,F016224,Delta de Llobregat-Cal Tet - H178902000,426562,4572694,4454949,Clorpirifòs
after_2007,0003,0006,F016224,Delta de Llobregat-Cal Tet - H178902000,426562,4572694,4454950,Paration
after_2007,0003,0006,F016224,Delta de Llobregat-Cal Tet - H178902000,426562,4572694,4454951,Clorfenvinfòs (suma d'isòmers)
after_2007,0003,0006,F016224,Delta de Llobregat-Cal Tet - H178902000,426562,4572694,4454952,Etion
after_2007,0003,0006,F016224,Delta de Llobregat-Cal Tet - H178902000,426562,4572694,4454953,Azinfòs d'Etil
after_2007,0003,0006,F016224,Delta de Llobregat-Cal Tet - H178902000,426562,4572694,4454954,Simazina
after_2007,0003,0006,F016224,Delta de Llobregat-Cal Tet - H178902000,426562,4572694,4454955,Atrazina
after_2007,0003,0006,F016224,Delta de Llobregat-Cal Tet - H178902000,426562,4572694,4454956,Propazina
after_2007,0003,0006,F016224,Delta de Llobregat-Cal Tet - H178902000,426562,4572694,4454957,Terbutrina
after_2007,0003,0006,F016224,Delta de Llobregat-Cal Tet - H178902000,426562,4572694,4454958,Antracè
after_2007,0003,0006,F016224,Delta de Llobregat-Cal Tet - H178902000,426562,4572694,4454959,Fluorantè
after_2007,0003,0006,F016224,Delta de Llobregat-Cal Tet - H178902000,426562,4572694,4454960,Benzo(b)fluorantè
after_2007,0003,0006,F016224,Delta de Llobregat-Cal Tet - H178902000,426562,4572694,4454961,Benzo(k)fluorantè
after_2007,0003,0006,F016224,Delta de Llobregat-Cal Tet - H178902000,426562,4572694,4454962,Benzo(a)pirè
after_2007,0003,0006,F016224,Delta de Llobregat-Cal Tet - H178902000,426562,4572694,4454963,"Indeno(1,2,3-cd)pirè"
after_2007,0003,0006,F016224,Delta de Llobregat-Cal Tet - H178902000,426562,4572694,4454964,Benzo(ghi)perilè
after_2007,0003,0006,F016224,Delta de Llobregat-Cal Tet - H178902000,426562,4572694,4454965,Desetilatrazina
after_2007,0003,0006,F016224,Delta de Llobregat-Cal Tet - H178902000,426562,4572694,4454966,Suma d'al-diel-iso-endrín
after_2007,0003,0006,F016224,Delta de Llobregat-Cal Tet - H178902000,426562,4572694,4454967,Trifluralina
after_2007,0003,0006,F016224,Delta de Llobregat-Cal Tet - H178902000,426562,4572694,4454968,Molinat
after_2007,0003,0006,F016224,Delta de Llobregat-Cal Tet - H178902000,426562,4572694,4454969,Terbutilazina
after_2007,0003,0006,F016224,Delta de Llobregat-Cal Tet - H178902000,426562,4572694,4454970,Alaclor
after_2007,0003,0006,F016224,Delta de Llobregat-Cal Tet - H178902000,426562,4572694,4454971,Pentaclorobenzè
after_2007,0003,0006,F016224,Delta de Llobregat-Cal Tet - H178902000,426562,4572694,4454972,tert-Octilfenol
after_2007,0003,0006,F016224,Delta de Llobregat-Cal Tet - H178902000,426562,4572694,4454973,"2,4'-DDT"
after_2007,0003,0006,F016224,Delta de Llobregat-Cal Tet - H178902000,426562,4572694,4454974,"2,4'-DDE"
after_2007,0003,0006,F016224,Delta de Llobregat-Cal Tet - H178902000,426562,4572694,4454975,"2,4'-DDD"
after_2007,0003,0006,F016224,Delta de Llobregat-Cal Tet - H178902000,426562,4572694,4454976,Metolaclor
after_2007,0003,0006,F016224,Delta de Llobregat-Cal Tet - H178902000,426562,4572694,4454977,Epòxid d'heptaclor A
after_2007,0003,0006,F016224,Delta de Llobregat-Cal Tet - H178902000,426562,4572694,4454978,Suma de diclorobenzens
after_2007,0003,0006,F016224,Delta de Llobregat-Cal Tet - H178902000,426562,4572694,4454979,Cianazina
after_2007,0003,0006,F016224,Delta de Llobregat-Cal Tet - H178902000,426562,4572694,4454980,Diuron
after_2007,0003,0006,F016224,Delta de Llobregat-Cal Tet - H178902000,426562,4572694,4454981,Isoproturon
after_2007,0003,0006,F016224,Delta de Llobregat-Cal Tet - H178902000,426562,4572694,4454982,Linuron
after_2007,0003,0006,F016224,Delta de Llobregat-Cal Tet - H178902000,426562,4572694,4454983,Bentazona
after_2007,0003,0006,F016224,Delta de Llobregat-Cal Tet - H178902000,426562,4572694,4454984,Cetona d'endrín
after_2007,0003,0006,F016224,Delta de Llobregat-Cal Tet - H178902000,426562,4572694,4454985,BDE-28
after_2007,0003,0006,F016224,Delta de Llobregat-Cal Tet - H178902000,426562,4572694,4454986,Quinoxifèn
after_2007,0003,0006,F016224,Delta de Llobregat-Cal Tet - H178902000,426562,4572694,4454987,Aclonifèn
after_2007,0003,0006,F016224,Delta de Llobregat-Cal Tet - H178902000,426562,4572694,4454988,Bifenox
after_2007,0003,0006,F016224,Delta de Llobregat-Cal Tet - H178902000,426562,4572694,4454990,Cibutrina
after_2007,0003,0006,F016224,Delta de Llobregat-Cal Tet - H178902000,426562,4572694,4454991,4-n-nonilfenol
after_2007,0003,0006,F016224,Delta de Llobregat-Cal Tet - H178902000,426562,4572694,4455005,Clortoluron
after_2007,0003,0006,F016225,Delta de Llobregat-Ca l'Arana - H178901000,427070,4572706,4426287,BDE-47
after_2007,0003,0006,F016225,Delta de Llobregat-Ca l'Arana - H178901000,427070,4572706,4426288,BDE-99
after_2007,0003,0006,F016225,Delta de Llobregat-Ca l'Arana - H178901000,427070,4572706,4426289,BDE-100
after_2007,0003,0006,F016225,Delta de Llobregat-Ca l'Arana - H178901000,427070,4572706,4426290,BDE-153
after_2007,0003,0006,F016225,Delta de Llobregat-Ca l'Arana - H178901000,427070,4572706,4426291,BDE-154
after_2007,0003,0006,F016225,Delta de Llobregat-Ca l'Arana - H178901000,427070,4572706,4426292,Suma de PAH1
after_2007,0003,0006,F016225,Delta de Llobregat-Ca l'Arana - H178901000,427070,4572706,4426293,Suma de PAH2
after_2007,0003,0006,F016225,Delta de Llobregat-Ca l'Arana - H178901000,427070,4572706,4426294,Suma de DDT
after_2007,0003,0006,F016225,Delta de Llobregat-Ca l'Arana - H178901000,427070,4572706,4426295,Bor
after_2007,0003,0006,F016225,Delta de Llobregat-Ca l'Arana - H178901000,427070,4572706,4426296,Bari
after_2007,0003,0006,F016225,Delta de Llobregat-Ca l'Arana - H178901000,427070,4572706,4426297,Crom
after_2007,0003,0006,F016225,Delta de Llobregat-Ca l'Arana - H178901000,427070,4572706,4426298,Plom
after_2007,0003,0006,F016225,Delta de Llobregat-Ca l'Arana - H178901000,427070,4572706,4426299,Zinc
after_2007,0003,0006,F016225,Delta de Llobregat-Ca l'Arana - H178901000,427070,4572706,4426301,Coure
after_2007,0003,0006,F016225,Delta de Llobregat-Ca l'Arana - H178901000,427070,4572706,4426302,Ferro
after_2007,0003,0006,F016225,Delta de Llobregat-Ca l'Arana - H178901000,427070,4572706,4426303,Cobalt
after_2007,0003,0006,F016225,Delta de Llobregat-Ca l'Arana - H178901000,427070,4572706,4426304,Níquel
after_2007,0003,0006,F016225,Delta de Llobregat-Ca l'Arana - H178901000,427070,4572706,4426305,Seleni
after_2007,0003,0006,F016225,Delta de Llobregat-Ca l'Arana - H178901000,427070,4572706,4426306,Vanadi
after_2007,0003,0006,F016225,Delta de Llobregat-Ca l'Arana - H178901000,427070,4572706,4426307,Alumini
after_2007,0003,0006,F016225,Delta de Llobregat-Ca l'Arana - H178901000,427070,4572706,4426308,Arsènic
after_2007,0003,0006,F016225,Delta de Llobregat-Ca l'Arana - H178901000,427070,4572706,4426309,Mercuri
after_2007,0003,0006,F016225,Delta de Llobregat-Ca l'Arana - H178901000,427070,4572706,4426310,Molibdè
after_2007,0003,0006,F016225,Delta de Llobregat-Ca l'Arana - H178901000,427070,4572706,4426311,Antimoni
after_2007,0003,0006,F016225,Delta de Llobregat-Ca l'Arana - H178901000,427070,4572706,4426312,Beril·li
after_2007,0003,0006,F016225,Delta de Llobregat-Ca l'Arana - H178901000,427070,4572706,4426313,Estronci
after_2007,0003,0006,F016225,Delta de Llobregat-Ca l'Arana - H178901000,427070,4572706,4426314,Manganès
after_2007,0003,0006,F016225,Delta de Llobregat-Ca l'Arana - H178901000,427070,4572706,4454763,Suma de xilens
after_2007,0003,0006,F016225,Delta de Llobregat-Ca l'Arana - H178901000,427070,4572706,4454764,Toluè
after_2007,0003,0006,F016225,Delta de Llobregat-Ca l'Arana - H178901000,427070,4572706,4454765,Hexaclorobutadiè
after_2007,0003,0006,F016225,Delta de Llobregat-Ca l'Arana - H178901000,427070,4572706,4454766,Diclorometà
after_2007,0003,0006,F016225,Delta de Llobregat-Ca l'Arana - H178901000,427070,4572706,4454767,"trans-1,2-dicloroetilè"
after_2007,0003,0006,F016225,Delta de Llobregat-Ca l'Arana - H178901000,427070,4572706,4454768,"cis-1,2-dicloroetilè"
after_2007,0003,0006,F016225,Delta de Llobregat-Ca l'Arana - H178901000,427070,4572706,4454769,Tetraclorur de Carboni
after_2007,0003,0006,F016225,Delta de Llobregat-Ca l'Arana - H178901000,427070,4572706,4454770,Tricloroetilè
after_2007,0003,0006,F016225,Delta de Llobregat-Ca l'Arana - H178901000,427070,4572706,4454771,Bromodiclorometà
after_2007,0003,0006,F016225,Delta de Llobregat-Ca l'Arana - H178901000,427070,4572706,4454772,"cis-1,3-dicloropropè"
after_2007,0003,0006,F016225,Delta de Llobregat-Ca l'Arana - H178901000,427070,4572706,4454773,Triclorometà
after_2007,0003,0006,F016225,Delta de Llobregat-Ca l'Arana - H178901000,427070,4572706,4454774,"1,1,2-tricloroetà"
after_2007,0003,0006,F016225,Delta de Llobregat-Ca l'Arana - H178901000,427070,4572706,4454775,Tetracloroetilè
after_2007,0003,0006,F016225,Delta de Llobregat-Ca l'Arana - H178901000,427070,4572706,4454776,Dibromoclorometà
after_2007,0003,0006,F016225,Delta de Llobregat-Ca l'Arana - H178901000,427070,4572706,4454777,Bromoform
after_2007,0003,0006,F016225,Delta de Llobregat-Ca l'Arana - H178901000,427070,4572706,4454778,"1,2-dicloroetà"
after_2007,0003,0006,F016225,Delta de Llobregat-Ca l'Arana - H178901000,427070,4572706,4454779,"1,4-diclorobenzè"
after_2007,0003,0006,F016225,Delta de Llobregat-Ca l'Arana - H178901000,427070,4572706,4454780,"1,2-diclorobenzè"
after_2007,0003,0006,F016225,Delta de Llobregat-Ca l'Arana - H178901000,427070,4572706,4454781,Suma de triclorobenzens
after_2007,0003,0006,F016225,Delta de Llobregat-Ca l'Arana - H178901000,427070,4572706,4454782,"1,2,4-triclorobenzè"
after_2007,0003,0006,F016225,Delta de Llobregat-Ca l'Arana - H178901000,427070,4572706,4454783,"1,2,3-triclorobenzè"
after_2007,0003,0006,F016225,Delta de Llobregat-Ca l'Arana - H178901000,427070,4572706,4454784,Benzè
after_2007,0003,0006,F016225,Delta de Llobregat-Ca l'Arana - H178901000,427070,4572706,4454785,Etilbenzè
after_2007,0003,0006,F016225,Delta de Llobregat-Ca l'Arana - H178901000,427070,4572706,4454786,"m,p-Xilè"
after_2007,0003,0006,F016225,Delta de Llobregat-Ca l'Arana - H178901000,427070,4572706,4454787,o-Xilè
after_2007,0003,0006,F016225,Delta de Llobregat-Ca l'Arana - H178901000,427070,4572706,4454788,Hexaclorobenzè
after_2007,0003,0006,F016225,Delta de Llobregat-Ca l'Arana - H178901000,427070,4572706,4454789,Clorobenzè
after_2007,0003,0006,F016225,Delta de Llobregat-Ca l'Arana - H178901000,427070,4572706,4454790,a-hexaclorociclohexà
after_2007,0003,0006,F016225,Delta de Llobregat-Ca l'Arana - H178901000,427070,4572706,4454791,Lindà(g-hexaclorociclohexà)
after_2007,0003,0006,F016225,Delta de Llobregat-Ca l'Arana - H178901000,427070,4572706,4454792,"1,1-dicloroetilè"
after_2007,0003,0006,F016225,Delta de Llobregat-Ca l'Arana - H178901000,427070,4572706,4454793,"1,1-dicloroetà"
after_2007,0003,0006,F016225,Delta de Llobregat-Ca l'Arana - H178901000,427070,4572706,4454794,"1,1,1-tricloroetà"
after_2007,0003,0006,F016225,Delta de Llobregat-Ca l'Arana - H178901000,427070,4572706,4454795,"1,2-dicloropropà"
after_2007,0003,0006,F016225,Delta de Llobregat-Ca l'Arana - H178901000,427070,4572706,4454796,"trans-1,3-dicloropropè"
after_2007,0003,0006,F016225,Delta de Llobregat-Ca l'Arana - H178901000,427070,4572706,4454797,"1,1,2,2-tetracloroetà"
after_2007,0003,0006,F016225,Delta de Llobregat-Ca l'Arana - H178901000,427070,4572706,4454798,"1,3,5-triclorobenzè"
after_2007,0003,0006,F016225,Delta de Llobregat-Ca l'Arana - H178901000,427070,4572706,4454799,Heptaclor
after_2007,0003,0006,F016225,Delta de Llobregat-Ca l'Arana - H178901000,427070,4572706,4454800,Aldrín
after_2007,0003,0006,F016225,Delta de Llobregat-Ca l'Arana - H178901000,427070,4572706,4454801,Isodrín
after_2007,0003,0006,F016225,Delta de Llobregat-Ca l'Arana - H178901000,427070,4572706,4454802,Epòxid d'heptaclor B
after_2007,0003,0006,F016225,Delta de Llobregat-Ca l'Arana - H178901000,427070,4572706,4454803,Endosulfan I
after_2007,0003,0006,F016225,Delta de Llobregat-Ca l'Arana - H178901000,427070,4572706,4454804,Dieldrín
after_2007,0003,0006,F016225,Delta de Llobregat-Ca l'Arana - H178901000,427070,4572706,4454805,Endrín
after_2007,0003,0006,F016225,Delta de Llobregat-Ca l'Arana - H178901000,427070,4572706,4454806,"4,4'-DDE"
after_2007,0003,0006,F016225,Delta de Llobregat-Ca l'Arana - H178901000,427070,4572706,4454807,Endosulfan II
after_2007,0003,0006,F016225,Delta de Llobregat-Ca l'Arana - H178901000,427070,4572706,4454808,"4,4'-DDD"
after_2007,0003,0006,F016225,Delta de Llobregat-Ca l'Arana - H178901000,427070,4572706,4454809,Sulfat d'endosulfan
after_2007,0003,0006,F016225,Delta de Llobregat-Ca l'Arana - H178901000,427070,4572706,4454810,"4,4'-DDT"
after_2007,0003,0006,F016225,Delta de Llobregat-Ca l'Arana - H178901000,427070,4572706,4454811,Triclorofluorometà
after_2007,0003,0006,F016225,Delta de Llobregat-Ca l'Arana - H178901000,427070,4572706,4454812,"1,3-diclorobenzè"
after_2007,0003,0006,F016225,Delta de Llobregat-Ca l'Arana - H178901000,427070,4572706,4454813,Naftalè
after_2007,0003,0006,F016225,Delta de Llobregat-Ca l'Arana - H178901000,427070,4572706,4454815,Diazinon
after_2007,0003,0006,F016225,Delta de Llobregat-Ca l'Arana - H178901000,427070,4572706,4454816,Paration de Metil
after_2007,0003,0006,F016225,Delta de Llobregat-Ca l'Arana - H178901000,427070,4572706,4454817,Fenitrotion
after_2007,0003,0006,F016225,Delta de Llobregat-Ca l'Arana - H178901000,427070,4572706,4454818,Malation
after_2007,0003,0006,F016225,Delta de Llobregat-Ca l'Arana - H178901000,427070,4572706,4454819,Clorpirifòs
after_2007,0003,0006,F016225,Delta de Llobregat-Ca l'Arana - H178901000,427070,4572706,4454820,Paration
after_2007,0003,0006,F016225,Delta de Llobregat-Ca l'Arana - H178901000,427070,4572706,4454821,Clorfenvinfòs (suma d'isòmers)
after_2007,0003,0006,F016225,Delta de Llobregat-Ca l'Arana - H178901000,427070,4572706,4454822,Etion
after_2007,0003,0006,F016225,Delta de Llobregat-Ca l'Arana - H178901000,427070,4572706,4454823,Azinfòs d'Etil
after_2007,0003,0006,F016225,Delta de Llobregat-Ca l'Arana - H178901000,427070,4572706,4454824,Simazina
after_2007,0003,0006,F016225,Delta de Llobregat-Ca l'Arana - H178901000,427070,4572706,4454825,Atrazina
after_2007,0003,0006,F016225,Delta de Llobregat-Ca l'Arana - H178901000,427070,4572706,4454826,Propazina
after_2007,0003,0006,F016225,Delta de Llobregat-Ca l'Arana - H178901000,427070,4572706,4454827,Terbutrina
after_2007,0003,0006,F016225,Delta de Llobregat-Ca l'Arana - H178901000,427070,4572706,4454828,Antracè
after_2007,0003,0006,F016225,Delta de Llobregat-Ca l'Arana - H178901000,427070,4572706,4454829,Fluorantè
after_2007,0003,0006,F016225,Delta de Llobregat-Ca l'Arana - H178901000,427070,4572706,4454830,Benzo(b)fluorantè
after_2007,0003,0006,F016225,Delta de Llobregat-Ca l'Arana - H178901000,427070,4572706,4454831,Benzo(k)fluorantè
after_2007,0003,0006,F016225,Delta de Llobregat-Ca l'Arana - H178901000,427070,4572706,4454832,Benzo(a)pirè
after_2007,0003,0006,F016225,Delta de Llobregat-Ca l'Arana - H178901000,427070,4572706,4454833,"Indeno(1,2,3-cd)pirè"
after_2007,0003,0006,F016225,Delta de Llobregat-Ca l'Arana - H178901000,427070,4572706,4454834,Benzo(ghi)perilè
after_2007,0003,0006,F016225,Delta de Llobregat-Ca l'Arana - H178901000,427070,4572706,4454835,Desetilatrazina
after_2007,0003,0006,F016225,Delta de Llobregat-Ca l'Arana - H178901000,427070,4572706,4454836,Suma d'al-diel-iso-endrín
after_2007,0003,0006,F016225,Delta de Llobregat-Ca l'Arana - H178901000,427070,4572706,4454837,Trifluralina
after_2007,0003,0006,F016225,Delta de Llobregat-Ca l'Arana - H178901000,427070,4572706,4454838,Molinat
after_2007,0003,0006,F016225,Delta de Llobregat-Ca l'Arana - H178901000,427070,4572706,4454839,Terbutilazina
after_2007,0003,0006,F016225,Delta de Llobregat-Ca l'Arana - H178901000,427070,4572706,4454840,Alaclor
after_2007,0003,0006,F016225,Delta de Llobregat-Ca l'Arana - H178901000,427070,4572706,4454841,Pentaclorobenzè
after_2007,0003,0006,F016225,Delta de Llobregat-Ca l'Arana - H178901000,427070,4572706,4454842,tert-Octilfenol
after_2007,0003,0006,F016225,Delta de Llobregat-Ca l'Arana - H178901000,427070,4572706,4454843,"2,4'-DDT"
after_2007,0003,0006,F016225,Delta de Llobregat-Ca l'Arana - H178901000,427070,4572706,4454844,"2,4'-DDE"
after_2007,0003,0006,F016225,Delta de Llobregat-Ca l'Arana - H178901000,427070,4572706,4454845,"2,4'-DDD"
after_2007,0003,0006,F016225,Delta de Llobregat-Ca l'Arana - H178901000,427070,4572706,4454846,Metolaclor
after_2007,0003,0006,F016225,Delta de Llobregat-Ca l'Arana - H178901000,427070,4572706,4454847,Epòxid d'heptaclor A
after_2007,0003,0006,F016225,Delta de Llobregat-Ca l'Arana - H178901000,427070,4572706,4454848,Suma de diclorobenzens
after_2007,0003,0006,F016225,Delta de Llobregat-Ca l'Arana - H178901000,427070,4572706,4454849,Cianazina
after_2007,0003,0006,F016225,Delta de Llobregat-Ca l'Arana - H178901000,427070,4572706,4454850,Diuron
after_2007,0003,0006,F016225,Delta de Llobregat-Ca l'Arana - H178901000,427070,4572706,4454851,Isoproturon
after_2007,0003,0006,F016225,Delta de Llobregat-Ca l'Arana - H178901000,427070,4572706,4454852,Linuron
after_2007,0003,0006,F016225,Delta de Llobregat-Ca l'Arana - H178901000,427070,4572706,4454853,Bentazona
after_2007,0003,0006,F016225,Delta de Llobregat-Ca l'Arana - H178901000,427070,4572706,4454854,Cetona d'endrín
after_2007,0003,0006,F016225,Delta de Llobregat-Ca l'Arana - H178901000,427070,4572706,4454855,BDE-28
after_2007,0003,0006,F016225,Delta de Llobregat-Ca l'Arana - H178901000,427070,4572706,4454856,Quinoxifèn
after_2007,0003,0006,F016225,Delta de Llobregat-Ca l'Arana - H178901000,427070,4572706,4454857,Aclonifèn
after_2007,0003,0006,F016225,Delta de Llobregat-Ca l'Arana - H178901000,427070,4572706,4454858,Bifenox
after_2007,0003,0006,F016225,Delta de Llobregat-Ca l'Arana - H178901000,427070,4572706,4454860,Cibutrina
after_2007,0003,0006,F016225,Delta de Llobregat-Ca l'Arana - H178901000,427070,4572706,4454861,4-n-nonilfenol
after_2007,0003,0006,F016225,Delta de Llobregat-Ca l'Arana - H178901000,427070,4572706,4454875,Clortoluron
after_2007,0003,0006,F016228,Estanyols de la Vall de Sant Miquel de Campmajor-Estanyols temporanis petits - H104003000,473478,4664131,4278213,BDE-47
after_2007,0003,0006,F016228,Estanyols de la Vall de Sant Miquel de Campmajor-Estanyols temporanis petits - H104003000,473478,4664131,4278214,BDE-99
after_2007,0003,0006,F016228,Estanyols de la Vall de Sant Miquel de Campmajor-Estanyols temporanis petits - H104003000,473478,4664131,4278215,BDE-100
after_2007,0003,0006,F016228,Estanyols de la Vall de Sant Miquel de Campmajor-Estanyols temporanis petits - H104003000,473478,4664131,4278216,BDE-153
after_2007,0003,0006,F016228,Estanyols de la Vall de Sant Miquel de Campmajor-Estanyols temporanis petits - H104003000,473478,4664131,4278217,BDE-154
after_2007,0003,0006,F016228,Estanyols de la Vall de Sant Miquel de Campmajor-Estanyols temporanis petits - H104003000,473478,4664131,4278218,Suma de PAH1
after_2007,0003,0006,F016228,Estanyols de la Vall de Sant Miquel de Campmajor-Estanyols temporanis petits - H104003000,473478,4664131,4278219,Suma de PAH2
after_2007,0003,0006,F016228,Estanyols de la Vall de Sant Miquel de Campmajor-Estanyols temporanis petits - H104003000,473478,4664131,4278220,Suma de DDT
after_2007,0003,0006,F016228,Estanyols de la Vall de Sant Miquel de Campmajor-Estanyols temporanis petits - H104003000,473478,4664131,4278221,Bor
after_2007,0003,0006,F016228,Estanyols de la Vall de Sant Miquel de Campmajor-Estanyols temporanis petits - H104003000,473478,4664131,4278222,Bari
after_2007,0003,0006,F016228,Estanyols de la Vall de Sant Miquel de Campmajor-Estanyols temporanis petits - H104003000,473478,4664131,4278223,Crom
after_2007,0003,0006,F016228,Estanyols de la Vall de Sant Miquel de Campmajor-Estanyols temporanis petits - H104003000,473478,4664131,4278224,Plom
after_2007,0003,0006,F016228,Estanyols de la Vall de Sant Miquel de Campmajor-Estanyols temporanis petits - H104003000,473478,4664131,4278225,Zinc
after_2007,0003,0006,F016228,Estanyols de la Vall de Sant Miquel de Campmajor-Estanyols temporanis petits - H104003000,473478,4664131,4278226,Cadmi
after_2007,0003,0006,F016228,Estanyols de la Vall de Sant Miquel de Campmajor-Estanyols temporanis petits - H104003000,473478,4664131,4278227,Coure
after_2007,0003,0006,F016228,Estanyols de la Vall de Sant Miquel de Campmajor-Estanyols temporanis petits - H104003000,473478,4664131,4278228,Ferro
after_2007,0003,0006,F016228,Estanyols de la Vall de Sant Miquel de Campmajor-Estanyols temporanis petits - H104003000,473478,4664131,4278229,Cobalt
after_2007,0003,0006,F016228,Estanyols de la Vall de Sant Miquel de Campmajor-Estanyols temporanis petits - H104003000,473478,4664131,4278230,Níquel
after_2007,0003,0006,F016228,Estanyols de la Vall de Sant Miquel de Campmajor-Estanyols temporanis petits - H104003000,473478,4664131,4278231,Seleni
after_2007,0003,0006,F016228,Estanyols de la Vall de Sant Miquel de Campmajor-Estanyols temporanis petits - H104003000,473478,4664131,4278232,Vanadi
after_2007,0003,0006,F016228,Estanyols de la Vall de Sant Miquel de Campmajor-Estanyols temporanis petits - H104003000,473478,4664131,4278233,Alumini
after_2007,0003,0006,F016228,Estanyols de la Vall de Sant Miquel de Campmajor-Estanyols temporanis petits - H104003000,473478,4664131,4278234,Arsènic
after_2007,0003,0006,F016228,Estanyols de la Vall de Sant Miquel de Campmajor-Estanyols temporanis petits - H104003000,473478,4664131,4278235,Mercuri
after_2007,0003,0006,F016228,Estanyols de la Vall de Sant Miquel de Campmajor-Estanyols temporanis petits - H104003000,473478,4664131,4278236,Molibdè
after_2007,0003,0006,F016228,Estanyols de la Vall de Sant Miquel de Campmajor-Estanyols temporanis petits - H104003000,473478,4664131,4278237,Antimoni
after_2007,0003,0006,F016228,Estanyols de la Vall de Sant Miquel de Campmajor-Estanyols temporanis petits - H104003000,473478,4664131,4278238,Beril·li
after_2007,0003,0006,F016228,Estanyols de la Vall de Sant Miquel de Campmajor-Estanyols temporanis petits - H104003000,473478,4664131,4278239,Estronci
after_2007,0003,0006,F016228,Estanyols de la Vall de Sant Miquel de Campmajor-Estanyols temporanis petits - H104003000,473478,4664131,4278240,Manganès
after_2007,0003,0006,F016228,Estanyols de la Vall de Sant Miquel de Campmajor-Estanyols temporanis petits - H104003000,473478,4664131,4279268,Toluè
after_2007,0003,0006,F016228,Estanyols de la Vall de Sant Miquel de Campmajor-Estanyols temporanis petits - H104003000,473478,4664131,4279269,Hexaclorobutadiè
after_2007,0003,0006,F016228,Estanyols de la Vall de Sant Miquel de Campmajor-Estanyols temporanis petits - H104003000,473478,4664131,4279270,Diclorometà
after_2007,0003,0006,F016228,Estanyols de la Vall de Sant Miquel de Campmajor-Estanyols temporanis petits - H104003000,473478,4664131,4279271,"trans-1,2-Dicloroetilè"
after_2007,0003,0006,F016228,Estanyols de la Vall de Sant Miquel de Campmajor-Estanyols temporanis petits - H104003000,473478,4664131,4279272,"cis-1,2-Dicloroetilè"
after_2007,0003,0006,F016228,Estanyols de la Vall de Sant Miquel de Campmajor-Estanyols temporanis petits - H104003000,473478,4664131,4279273,Tetraclorur de Carboni
after_2007,0003,0006,F016228,Estanyols de la Vall de Sant Miquel de Campmajor-Estanyols temporanis petits - H104003000,473478,4664131,4279274,Tricloroetilè
after_2007,0003,0006,F016228,Estanyols de la Vall de Sant Miquel de Campmajor-Estanyols temporanis petits - H104003000,473478,4664131,4279275,Bromodiclorometà
after_2007,0003,0006,F016228,Estanyols de la Vall de Sant Miquel de Campmajor-Estanyols temporanis petits - H104003000,473478,4664131,4279276,"cis-1,3-Dicloropropè"
after_2007,0003,0006,F016228,Estanyols de la Vall de Sant Miquel de Campmajor-Estanyols temporanis petits - H104003000,473478,4664131,4279277,Triclorometà
after_2007,0003,0006,F016228,Estanyols de la Vall de Sant Miquel de Campmajor-Estanyols temporanis petits - H104003000,473478,4664131,4279278,"1,1,2-Tricloroetà"
after_2007,0003,0006,F016228,Estanyols de la Vall de Sant Miquel de Campmajor-Estanyols temporanis petits - H104003000,473478,4664131,4279279,Tetracloroetilè
after_2007,0003,0006,F016228,Estanyols de la Vall de Sant Miquel de Campmajor-Estanyols temporanis petits - H104003000,473478,4664131,4279280,Dibromoclorometà
after_2007,0003,0006,F016228,Estanyols de la Vall de Sant Miquel de Campmajor-Estanyols temporanis petits - H104003000,473478,4664131,4279281,Bromoform
after_2007,0003,0006,F016228,Estanyols de la Vall de Sant Miquel de Campmajor-Estanyols temporanis petits - H104003000,473478,4664131,4279282,"1,2-Dicloroetà"
after_2007,0003,0006,F016228,Estanyols de la Vall de Sant Miquel de Campmajor-Estanyols temporanis petits - H104003000,473478,4664131,4279283,"1,4-Diclorobenzè"
after_2007,0003,0006,F016228,Estanyols de la Vall de Sant Miquel de Campmajor-Estanyols temporanis petits - H104003000,473478,4664131,4279284,"1,2-Diclorobenzè"
after_2007,0003,0006,F016228,Estanyols de la Vall de Sant Miquel de Campmajor-Estanyols temporanis petits - H104003000,473478,4664131,4279285,Suma de triclorobenzens
after_2007,0003,0006,F016228,Estanyols de la Vall de Sant Miquel de Campmajor-Estanyols temporanis petits - H104003000,473478,4664131,4279286,"1,2,4-Triclorobenzè"
after_2007,0003,0006,F016228,Estanyols de la Vall de Sant Miquel de Campmajor-Estanyols temporanis petits - H104003000,473478,4664131,4279287,"1,2,3-Triclorobenzè"
after_2007,0003,0006,F016228,Estanyols de la Vall de Sant Miquel de Campmajor-Estanyols temporanis petits - H104003000,473478,4664131,4279288,Benzè
after_2007,0003,0006,F016228,Estanyols de la Vall de Sant Miquel de Campmajor-Estanyols temporanis petits - H104003000,473478,4664131,4279289,Etilbenzè
after_2007,0003,0006,F016228,Estanyols de la Vall de Sant Miquel de Campmajor-Estanyols temporanis petits - H104003000,473478,4664131,4279290,"m,p-Xilè"
after_2007,0003,0006,F016228,Estanyols de la Vall de Sant Miquel de Campmajor-Estanyols temporanis petits - H104003000,473478,4664131,4279291,o-Xilè
after_2007,0003,0006,F016228,Estanyols de la Vall de Sant Miquel de Campmajor-Estanyols temporanis petits - H104003000,473478,4664131,4279292,Hexaclorobenzè
after_2007,0003,0006,F016228,Estanyols de la Vall de Sant Miquel de Campmajor-Estanyols temporanis petits - H104003000,473478,4664131,4279293,Clorobenzè
after_2007,0003,0006,F016228,Estanyols de la Vall de Sant Miquel de Campmajor-Estanyols temporanis petits - H104003000,473478,4664131,4279294,a-Hexaclorociclohexà
after_2007,0003,0006,F016228,Estanyols de la Vall de Sant Miquel de Campmajor-Estanyols temporanis petits - H104003000,473478,4664131,4279295,Lindà(g-Hexaclorociclohexà)
after_2007,0003,0006,F016228,Estanyols de la Vall de Sant Miquel de Campmajor-Estanyols temporanis petits - H104003000,473478,4664131,4279296,"1,1-Dicloroetilè"
after_2007,0003,0006,F016228,Estanyols de la Vall de Sant Miquel de Campmajor-Estanyols temporanis petits - H104003000,473478,4664131,4279297,"1,1-Dicloroetà"
after_2007,0003,0006,F016228,Estanyols de la Vall de Sant Miquel de Campmajor-Estanyols temporanis petits - H104003000,473478,4664131,4279298,"1,1,1-Tricloroetà"
after_2007,0003,0006,F016228,Estanyols de la Vall de Sant Miquel de Campmajor-Estanyols temporanis petits - H104003000,473478,4664131,4279299,"1,2-Dicloropropà"
after_2007,0003,0006,F016228,Estanyols de la Vall de Sant Miquel de Campmajor-Estanyols temporanis petits - H104003000,473478,4664131,4279300,"trans-1,3-Dicloropropè"
after_2007,0003,0006,F016228,Estanyols de la Vall de Sant Miquel de Campmajor-Estanyols temporanis petits - H104003000,473478,4664131,4279301,"1,1,2,2-Tetracloroetà"
after_2007,0003,0006,F016228,Estanyols de la Vall de Sant Miquel de Campmajor-Estanyols temporanis petits - H104003000,473478,4664131,4279302,"1,3,5-Triclorobenzè"
after_2007,0003,0006,F016228,Estanyols de la Vall de Sant Miquel de Campmajor-Estanyols temporanis petits - H104003000,473478,4664131,4279303,Heptaclor
after_2007,0003,0006,F016228,Estanyols de la Vall de Sant Miquel de Campmajor-Estanyols temporanis petits - H104003000,473478,4664131,4279304,Aldrín
after_2007,0003,0006,F016228,Estanyols de la Vall de Sant Miquel de Campmajor-Estanyols temporanis petits - H104003000,473478,4664131,4279305,Isodrín
after_2007,0003,0006,F016228,Estanyols de la Vall de Sant Miquel de Campmajor-Estanyols temporanis petits - H104003000,473478,4664131,4279306,Epòxid d'heptaclor B
after_2007,0003,0006,F016228,Estanyols de la Vall de Sant Miquel de Campmajor-Estanyols temporanis petits - H104003000,473478,4664131,4279307,Endosulfan I
after_2007,0003,0006,F016228,Estanyols de la Vall de Sant Miquel de Campmajor-Estanyols temporanis petits - H104003000,473478,4664131,4279308,Dieldrín
after_2007,0003,0006,F016228,Estanyols de la Vall de Sant Miquel de Campmajor-Estanyols temporanis petits - H104003000,473478,4664131,4279309,Endrín
after_2007,0003,0006,F016228,Estanyols de la Vall de Sant Miquel de Campmajor-Estanyols temporanis petits - H104003000,473478,4664131,4279310,"4,4'-DDE"
after_2007,0003,0006,F016228,Estanyols de la Vall de Sant Miquel de Campmajor-Estanyols temporanis petits - H104003000,473478,4664131,4279311,Endosulfan II
after_2007,0003,0006,F016228,Estanyols de la Vall de Sant Miquel de Campmajor-Estanyols temporanis petits - H104003000,473478,4664131,4279312,"4,4'-DDD"
after_2007,0003,0006,F016228,Estanyols de la Vall de Sant Miquel de Campmajor-Estanyols temporanis petits - H104003000,473478,4664131,4279313,Sulfat d'endosulfan
after_2007,0003,0006,F016228,Estanyols de la Vall de Sant Miquel de Campmajor-Estanyols temporanis petits - H104003000,473478,4664131,4279314,"4,4'-DDT"
after_2007,0003,0006,F016228,Estanyols de la Vall de Sant Miquel de Campmajor-Estanyols temporanis petits - H104003000,473478,4664131,4279315,Triclorofluorometà
after_2007,0003,0006,F016228,Estanyols de la Vall de Sant Miquel de Campmajor-Estanyols temporanis petits - H104003000,473478,4664131,4279316,"1,3-diclorobenzè"
after_2007,0003,0006,F016228,Estanyols de la Vall de Sant Miquel de Campmajor-Estanyols temporanis petits - H104003000,473478,4664131,4279317,Naftalè
after_2007,0003,0006,F016228,Estanyols de la Vall de Sant Miquel de Campmajor-Estanyols temporanis petits - H104003000,473478,4664131,4279318,Diazinon
after_2007,0003,0006,F016228,Estanyols de la Vall de Sant Miquel de Campmajor-Estanyols temporanis petits - H104003000,473478,4664131,4279319,Paration de metil
after_2007,0003,0006,F016228,Estanyols de la Vall de Sant Miquel de Campmajor-Estanyols temporanis petits - H104003000,473478,4664131,4279320,Fenitrotion
after_2007,0003,0006,F016228,Estanyols de la Vall de Sant Miquel de Campmajor-Estanyols temporanis petits - H104003000,473478,4664131,4279321,Malation
after_2007,0003,0006,F016228,Estanyols de la Vall de Sant Miquel de Campmajor-Estanyols temporanis petits - H104003000,473478,4664131,4279322,Clorpirifòs
after_2007,0003,0006,F016228,Estanyols de la Vall de Sant Miquel de Campmajor-Estanyols temporanis petits - H104003000,473478,4664131,4279323,Paration
after_2007,0003,0006,F016228,Estanyols de la Vall de Sant Miquel de Campmajor-Estanyols temporanis petits - H104003000,473478,4664131,4279324,Clorfenvinfòs (suma d'isòmers)
after_2007,0003,0006,F016228,Estanyols de la Vall de Sant Miquel de Campmajor-Estanyols temporanis petits - H104003000,473478,4664131,4279325,Etion
after_2007,0003,0006,F016228,Estanyols de la Vall de Sant Miquel de Campmajor-Estanyols temporanis petits - H104003000,473478,4664131,4279326,Azinfòs d'etil
after_2007,0003,0006,F016228,Estanyols de la Vall de Sant Miquel de Campmajor-Estanyols temporanis petits - H104003000,473478,4664131,4279327,Simazina
after_2007,0003,0006,F016228,Estanyols de la Vall de Sant Miquel de Campmajor-Estanyols temporanis petits - H104003000,473478,4664131,4279328,Atrazina
after_2007,0003,0006,F016228,Estanyols de la Vall de Sant Miquel de Campmajor-Estanyols temporanis petits - H104003000,473478,4664131,4279329,Propazina
after_2007,0003,0006,F016228,Estanyols de la Vall de Sant Miquel de Campmajor-Estanyols temporanis petits - H104003000,473478,4664131,4279330,Terbutrina
after_2007,0003,0006,F016228,Estanyols de la Vall de Sant Miquel de Campmajor-Estanyols temporanis petits - H104003000,473478,4664131,4279331,Antracè
after_2007,0003,0006,F016228,Estanyols de la Vall de Sant Miquel de Campmajor-Estanyols temporanis petits - H104003000,473478,4664131,4279332,Fluorantè
after_2007,0003,0006,F016228,Estanyols de la Vall de Sant Miquel de Campmajor-Estanyols temporanis petits - H104003000,473478,4664131,4279333,Benzo(b)fluorantè
after_2007,0003,0006,F016228,Estanyols de la Vall de Sant Miquel de Campmajor-Estanyols temporanis petits - H104003000,473478,4664131,4279334,Benzo(k)fluorantè
after_2007,0003,0006,F016228,Estanyols de la Vall de Sant Miquel de Campmajor-Estanyols temporanis petits - H104003000,473478,4664131,4279335,Benzo(a)pirè
after_2007,0003,0006,F016228,Estanyols de la Vall de Sant Miquel de Campmajor-Estanyols temporanis petits - H104003000,473478,4664131,4279336,"Indeno(1,2,3-cd)pirè"
after_2007,0003,0006,F016228,Estanyols de la Vall de Sant Miquel de Campmajor-Estanyols temporanis petits - H104003000,473478,4664131,4279337,Benzo(ghi)perilè
after_2007,0003,0006,F016228,Estanyols de la Vall de Sant Miquel de Campmajor-Estanyols temporanis petits - H104003000,473478,4664131,4279338,Suma d'al-diel-iso-endrín
after_2007,0003,0006,F016228,Estanyols de la Vall de Sant Miquel de Campmajor-Estanyols temporanis petits - H104003000,473478,4664131,4279339,Suma d'Organofosforats
after_2007,0003,0006,F016228,Estanyols de la Vall de Sant Miquel de Campmajor-Estanyols temporanis petits - H104003000,473478,4664131,4279340,Suma de plaguicides clorats
after_2007,0003,0006,F016228,Estanyols de la Vall de Sant Miquel de Campmajor-Estanyols temporanis petits - H104003000,473478,4664131,4279341,Suma de triazines
after_2007,0003,0006,F016228,Estanyols de la Vall de Sant Miquel de Campmajor-Estanyols temporanis petits - H104003000,473478,4664131,4279342,Trifluralina
after_2007,0003,0006,F016228,Estanyols de la Vall de Sant Miquel de Campmajor-Estanyols temporanis petits - H104003000,473478,4664131,4279343,Molinat
after_2007,0003,0006,F016228,Estanyols de la Vall de Sant Miquel de Campmajor-Estanyols temporanis petits - H104003000,473478,4664131,4279344,Terbutilazina
after_2007,0003,0006,F016228,Estanyols de la Vall de Sant Miquel de Campmajor-Estanyols temporanis petits - H104003000,473478,4664131,4279345,Alaclor
after_2007,0003,0006,F016228,Estanyols de la Vall de Sant Miquel de Campmajor-Estanyols temporanis petits - H104003000,473478,4664131,4279346,Pentaclorobenzè
after_2007,0003,0006,F016228,Estanyols de la Vall de Sant Miquel de Campmajor-Estanyols temporanis petits - H104003000,473478,4664131,4279347,tert-Octilfenol
after_2007,0003,0006,F016228,Estanyols de la Vall de Sant Miquel de Campmajor-Estanyols temporanis petits - H104003000,473478,4664131,4279348,NPEO(e=0)
after_2007,0003,0006,F016228,Estanyols de la Vall de Sant Miquel de Campmajor-Estanyols temporanis petits - H104003000,473478,4664131,4279349,"2,4'-DDT"
after_2007,0003,0006,F016228,Estanyols de la Vall de Sant Miquel de Campmajor-Estanyols temporanis petits - H104003000,473478,4664131,4279350,"2,4'-DDE"
after_2007,0003,0006,F016228,Estanyols de la Vall de Sant Miquel de Campmajor-Estanyols temporanis petits - H104003000,473478,4664131,4279351,"2,4'-DDD"
after_2007,0003,0006,F016228,Estanyols de la Vall de Sant Miquel de Campmajor-Estanyols temporanis petits - H104003000,473478,4664131,4279352,Metolaclor
after_2007,0003,0006,F016228,Estanyols de la Vall de Sant Miquel de Campmajor-Estanyols temporanis petits - H104003000,473478,4664131,4279353,Epòxid d'heptaclor A
after_2007,0003,0006,F016228,Estanyols de la Vall de Sant Miquel de Campmajor-Estanyols temporanis petits - H104003000,473478,4664131,4279354,Suma de diclorobenzens
after_2007,0003,0006,F016228,Estanyols de la Vall de Sant Miquel de Campmajor-Estanyols temporanis petits - H104003000,473478,4664131,4279355,Cetona d'endrín
after_2007,0003,0006,F016228,Estanyols de la Vall de Sant Miquel de Campmajor-Estanyols temporanis petits - H104003000,473478,4664131,4279356,BDE-28
after_2007,0003,0006,F016228,Estanyols de la Vall de Sant Miquel de Campmajor-Estanyols temporanis petits - H104003000,473478,4664131,4279357,Quinoxifèn
after_2007,0003,0006,F016228,Estanyols de la Vall de Sant Miquel de Campmajor-Estanyols temporanis petits - H104003000,473478,4664131,4279358,Aclonifèn
after_2007,0003,0006,F016228,Estanyols de la Vall de Sant Miquel de Campmajor-Estanyols temporanis petits - H104003000,473478,4664131,4279359,Bifenox
after_2007,0003,0006,F016228,Estanyols de la Vall de Sant Miquel de Campmajor-Estanyols temporanis petits - H104003000,473478,4664131,4279360,Cipermetrín (suma d'isòmers)
after_2007,0003,0006,F016228,Estanyols de la Vall de Sant Miquel de Campmajor-Estanyols temporanis petits - H104003000,473478,4664131,4279361,Cibutrina
after_2007,0003,0006,F016228,Estanyols de la Vall de Sant Miquel de Campmajor-Estanyols temporanis petits - H104003000,473478,4664131,4279362,4-n-Nonilfenol
after_2007,0003,0006,F016230,Estany de Bancells - H105002000,474867,4621612,4270853,Manganès
after_2007,0003,0006,F016230,Estany de Bancells - H105002000,474867,4621612,4270854,Estronci
after_2007,0003,0006,F016230,Estany de Bancells - H105002000,474867,4621612,4270855,Beril·li
after_2007,0003,0006,F016230,Estany de Bancells - H105002000,474867,4621612,4270856,Antimoni
after_2007,0003,0006,F016230,Estany de Bancells - H105002000,474867,4621612,4270857,Molibdè
after_2007,0003,0006,F016230,Estany de Bancells - H105002000,474867,4621612,4270858,Mercuri
after_2007,0003,0006,F016230,Estany de Bancells - H105002000,474867,4621612,4270859,Arsènic
after_2007,0003,0006,F016230,Estany de Bancells - H105002000,474867,4621612,4270860,Alumini
after_2007,0003,0006,F016230,Estany de Bancells - H105002000,474867,4621612,4270861,Vanadi
after_2007,0003,0006,F016230,Estany de Bancells - H105002000,474867,4621612,4270862,Seleni
after_2007,0003,0006,F016230,Estany de Bancells - H105002000,474867,4621612,4270863,Níquel
after_2007,0003,0006,F016230,Estany de Bancells - H105002000,474867,4621612,4270864,Cobalt
after_2007,0003,0006,F016230,Estany de Bancells - H105002000,474867,4621612,4270865,Ferro
after_2007,0003,0006,F016230,Estany de Bancells - H105002000,474867,4621612,4270866,Coure
after_2007,0003,0006,F016230,Estany de Bancells - H105002000,474867,4621612,4270867,Cadmi
after_2007,0003,0006,F016230,Estany de Bancells - H105002000,474867,4621612,4270868,Zinc
after_2007,0003,0006,F016230,Estany de Bancells - H105002000,474867,4621612,4270869,Plom
after_2007,0003,0006,F016230,Estany de Bancells - H105002000,474867,4621612,4270870,Crom
after_2007,0003,0006,F016230,Estany de Bancells - H105002000,474867,4621612,4270871,Bari
after_2007,0003,0006,F016230,Estany de Bancells - H105002000,474867,4621612,4270872,Bor
after_2007,0003,0006,F016230,Estany de Bancells - H105002000,474867,4621612,4270873,Suma de DDT
after_2007,0003,0006,F016230,Estany de Bancells - H105002000,474867,4621612,4270874,Suma de PAH2
after_2007,0003,0006,F016230,Estany de Bancells - H105002000,474867,4621612,4270875,Suma de PAH1
after_2007,0003,0006,F016230,Estany de Bancells - H105002000,474867,4621612,4270876,BDE-154
after_2007,0003,0006,F016230,Estany de Bancells - H105002000,474867,4621612,4270877,BDE-153
after_2007,0003,0006,F016230,Estany de Bancells - H105002000,474867,4621612,4270878,BDE-100
after_2007,0003,0006,F016230,Estany de Bancells - H105002000,474867,4621612,4270879,BDE-99
after_2007,0003,0006,F016230,Estany de Bancells - H105002000,474867,4621612,4270880,BDE-47
after_2007,0003,0006,F016230,Estany de Bancells - H105002000,474867,4621612,4270927,4-n-Nonilfenol
after_2007,0003,0006,F016230,Estany de Bancells - H105002000,474867,4621612,4270928,Cibutrina
after_2007,0003,0006,F016230,Estany de Bancells - H105002000,474867,4621612,4270929,Cipermetrín (suma d'isòmers)
after_2007,0003,0006,F016230,Estany de Bancells - H105002000,474867,4621612,4270930,Bifenox
after_2007,0003,0006,F016230,Estany de Bancells - H105002000,474867,4621612,4270931,Aclonifèn
after_2007,0003,0006,F016230,Estany de Bancells - H105002000,474867,4621612,4270932,Quinoxifèn
after_2007,0003,0006,F016230,Estany de Bancells - H105002000,474867,4621612,4270933,BDE-28
after_2007,0003,0006,F016230,Estany de Bancells - H105002000,474867,4621612,4270934,Cetona d'endrín
after_2007,0003,0006,F016230,Estany de Bancells - H105002000,474867,4621612,4270935,Suma de diclorobenzens
after_2007,0003,0006,F016230,Estany de Bancells - H105002000,474867,4621612,4270936,Epòxid d'heptaclor A
after_2007,0003,0006,F016230,Estany de Bancells - H105002000,474867,4621612,4270937,Metolaclor
after_2007,0003,0006,F016230,Estany de Bancells - H105002000,474867,4621612,4270938,"2,4'-DDD"
after_2007,0003,0006,F016230,Estany de Bancells - H105002000,474867,4621612,4270939,"2,4'-DDE"
after_2007,0003,0006,F016230,Estany de Bancells - H105002000,474867,4621612,4270940,"2,4'-DDT"
after_2007,0003,0006,F016230,Estany de Bancells - H105002000,474867,4621612,4270941,NPEO(e=0)
after_2007,0003,0006,F016230,Estany de Bancells - H105002000,474867,4621612,4270942,tert-Octilfenol
after_2007,0003,0006,F016230,Estany de Bancells - H105002000,474867,4621612,4270943,Pentaclorobenzè
after_2007,0003,0006,F016230,Estany de Bancells - H105002000,474867,4621612,4270944,Alaclor
after_2007,0003,0006,F016230,Estany de Bancells - H105002000,474867,4621612,4270945,Terbutilazina
after_2007,0003,0006,F016230,Estany de Bancells - H105002000,474867,4621612,4270946,Molinat
after_2007,0003,0006,F016230,Estany de Bancells - H105002000,474867,4621612,4270947,Trifluralina
after_2007,0003,0006,F016230,Estany de Bancells - H105002000,474867,4621612,4270948,Suma de triazines
after_2007,0003,0006,F016230,Estany de Bancells - H105002000,474867,4621612,4270949,Suma de plaguicides clorats
after_2007,0003,0006,F016230,Estany de Bancells - H105002000,474867,4621612,4270950,Suma d'Organofosforats
after_2007,0003,0006,F016230,Estany de Bancells - H105002000,474867,4621612,4270951,Suma d'al-diel-iso-endrín
after_2007,0003,0006,F016230,Estany de Bancells - H105002000,474867,4621612,4270952,Benzo(ghi)perilè
after_2007,0003,0006,F016230,Estany de Bancells - H105002000,474867,4621612,4270953,"Indeno(1,2,3-cd)pirè"
after_2007,0003,0006,F016230,Estany de Bancells - H105002000,474867,4621612,4270954,Benzo(a)pirè
after_2007,0003,0006,F016230,Estany de Bancells - H105002000,474867,4621612,4270955,Benzo(k)fluorantè
after_2007,0003,0006,F016230,Estany de Bancells - H105002000,474867,4621612,4270956,Benzo(b)fluorantè
after_2007,0003,0006,F016230,Estany de Bancells - H105002000,474867,4621612,4270957,Fluorantè
after_2007,0003,0006,F016230,Estany de Bancells - H105002000,474867,4621612,4270958,Antracè
after_2007,0003,0006,F016230,Estany de Bancells - H105002000,474867,4621612,4270959,Terbutrina
after_2007,0003,0006,F016230,Estany de Bancells - H105002000,474867,4621612,4270960,Propazina
after_2007,0003,0006,F016230,Estany de Bancells - H105002000,474867,4621612,4270961,Atrazina
after_2007,0003,0006,F016230,Estany de Bancells - H105002000,474867,4621612,4270962,Simazina
after_2007,0003,0006,F016230,Estany de Bancells - H105002000,474867,4621612,4270963,Azinfòs d'etil
after_2007,0003,0006,F016230,Estany de Bancells - H105002000,474867,4621612,4270964,Etion
after_2007,0003,0006,F016230,Estany de Bancells - H105002000,474867,4621612,4270965,Clorfenvinfòs (suma d'isòmers)
after_2007,0003,0006,F016230,Estany de Bancells - H105002000,474867,4621612,4270966,Paration
after_2007,0003,0006,F016230,Estany de Bancells - H105002000,474867,4621612,4270967,Clorpirifòs
after_2007,0003,0006,F016230,Estany de Bancells - H105002000,474867,4621612,4270968,Malation
after_2007,0003,0006,F016230,Estany de Bancells - H105002000,474867,4621612,4270969,Fenitrotion
after_2007,0003,0006,F016230,Estany de Bancells - H105002000,474867,4621612,4270970,Paration de metil
after_2007,0003,0006,F016230,Estany de Bancells - H105002000,474867,4621612,4270971,Diazinon
after_2007,0003,0006,F016230,Estany de Bancells - H105002000,474867,4621612,4270972,Naftalè
after_2007,0003,0006,F016230,Estany de Bancells - H105002000,474867,4621612,4270973,"1,3-Diclorobenzè"
after_2007,0003,0006,F016230,Estany de Bancells - H105002000,474867,4621612,4270974,Triclorofluorometà
after_2007,0003,0006,F016230,Estany de Bancells - H105002000,474867,4621612,4270975,"4,4'-DDT"
after_2007,0003,0006,F016230,Estany de Bancells - H105002000,474867,4621612,4270976,Sulfat d'endosulfan
after_2007,0003,0006,F016230,Estany de Bancells - H105002000,474867,4621612,4270977,"4,4'-DDD"
after_2007,0003,0006,F016230,Estany de Bancells - H105002000,474867,4621612,4270978,Endosulfan II
after_2007,0003,0006,F016230,Estany de Bancells - H105002000,474867,4621612,4270979,"4,4'-DDE"
after_2007,0003,0006,F016230,Estany de Bancells - H105002000,474867,4621612,4270980,Endrín
after_2007,0003,0006,F016230,Estany de Bancells - H105002000,474867,4621612,4270981,Dieldrín
after_2007,0003,0006,F016230,Estany de Bancells - H105002000,474867,4621612,4270982,Endosulfan I
after_2007,0003,0006,F016230,Estany de Bancells - H105002000,474867,4621612,4270983,Epòxid d'heptaclor B
after_2007,0003,0006,F016230,Estany de Bancells - H105002000,474867,4621612,4270984,Isodrín
after_2007,0003,0006,F016230,Estany de Bancells - H105002000,474867,4621612,4270985,Aldrín
after_2007,0003,0006,F016230,Estany de Bancells - H105002000,474867,4621612,4270986,Heptaclor
after_2007,0003,0006,F016230,Estany de Bancells - H105002000,474867,4621612,4270987,"1,3,5-Triclorobenzè"
after_2007,0003,0006,F016230,Estany de Bancells - H105002000,474867,4621612,4270988,"1,1,2,2-Tetracloroetà"
after_2007,0003,0006,F016230,Estany de Bancells - H105002000,474867,4621612,4270989,"trans-1,3-Dicloropropè"
after_2007,0003,0006,F016230,Estany de Bancells - H105002000,474867,4621612,4270990,"1,2-Dicloropropà"
after_2007,0003,0006,F016230,Estany de Bancells - H105002000,474867,4621612,4270991,"1,1,1-Tricloroetà"
after_2007,0003,0006,F016230,Estany de Bancells - H105002000,474867,4621612,4270992,"1,1-Dicloroetà"
after_2007,0003,0006,F016230,Estany de Bancells - H105002000,474867,4621612,4270993,"1,1-Dicloroetilè"
after_2007,0003,0006,F016230,Estany de Bancells - H105002000,474867,4621612,4270994,Lindà(g-Hexaclorociclohexà)
after_2007,0003,0006,F016230,Estany de Bancells - H105002000,474867,4621612,4270995,a-Hexaclorociclohexà
after_2007,0003,0006,F016230,Estany de Bancells - H105002000,474867,4621612,4270996,Clorobenzè
after_2007,0003,0006,F016230,Estany de Bancells - H105002000,474867,4621612,4270997,Hexaclorobenzè
after_2007,0003,0006,F016230,Estany de Bancells - H105002000,474867,4621612,4270999,o-Xilè
after_2007,0003,0006,F016230,Estany de Bancells - H105002000,474867,4621612,4271000,"m,p-Xilè"
after_2007,0003,0006,F016230,Estany de Bancells - H105002000,474867,4621612,4271001,Etilbenzè
after_2007,0003,0006,F016230,Estany de Bancells - H105002000,474867,4621612,4271002,Benzè
after_2007,0003,0006,F016230,Estany de Bancells - H105002000,474867,4621612,4271003,"1,2,3-Triclorobenzè"
after_2007,0003,0006,F016230,Estany de Bancells - H105002000,474867,4621612,4271004,"1,2,4-Triclorobenzè"
after_2007,0003,0006,F016230,Estany de Bancells - H105002000,474867,4621612,4271005,Suma de triclorobenzens
after_2007,0003,0006,F016230,Estany de Bancells - H105002000,474867,4621612,4271006,"1,2-Diclorobenzè"
after_2007,0003,0006,F016230,Estany de Bancells - H105002000,474867,4621612,4271007,"1,4-Diclorobenzè"
after_2007,0003,0006,F016230,Estany de Bancells - H105002000,474867,4621612,4271008,"1,2-Dicloroetà"
after_2007,0003,0006,F016230,Estany de Bancells - H105002000,474867,4621612,4271009,Bromoform
after_2007,0003,0006,F016230,Estany de Bancells - H105002000,474867,4621612,4271010,Dibromoclorometà
after_2007,0003,0006,F016230,Estany de Bancells - H105002000,474867,4621612,4271011,Tetracloroetilè
after_2007,0003,0006,F016230,Estany de Bancells - H105002000,474867,4621612,4271012,"1,1,2-Tricloroetà"
after_2007,0003,0006,F016230,Estany de Bancells - H105002000,474867,4621612,4271013,Triclorometà
after_2007,0003,0006,F016230,Estany de Bancells - H105002000,474867,4621612,4271014,"cis-1,3-Dicloropropè"
after_2007,0003,0006,F016230,Estany de Bancells - H105002000,474867,4621612,4271015,Bromodiclorometà
after_2007,0003,0006,F016230,Estany de Bancells - H105002000,474867,4621612,4271016,Tricloroetilè
after_2007,0003,0006,F016230,Estany de Bancells - H105002000,474867,4621612,4271017,Tetraclorur de Carboni
after_2007,0003,0006,F016230,Estany de Bancells - H105002000,474867,4621612,4271018,"cis-1,2-Dicloroetilè"
after_2007,0003,0006,F016230,Estany de Bancells - H105002000,474867,4621612,4271019,"trans-1,2-Dicloroetilè"
after_2007,0003,0006,F016230,Estany de Bancells - H105002000,474867,4621612,4271020,Diclorometà
after_2007,0003,0006,F016230,Estany de Bancells - H105002000,474867,4621612,4271021,Hexaclorobutadiè
after_2007,0003,0006,F016230,Estany de Bancells - H105002000,474867,4621612,4271022,Toluè
after_2007,0003,0006,F016231,Estanys de Tordera-Estany de Can Torrent - H105006000,475258,4616435,4270881,Manganès
after_2007,0003,0006,F016231,Estanys de Tordera-Estany de Can Torrent - H105006000,475258,4616435,4270882,Estronci
after_2007,0003,0006,F016231,Estanys de Tordera-Estany de Can Torrent - H105006000,475258,4616435,4270883,Beril·li
after_2007,0003,0006,F016231,Estanys de Tordera-Estany de Can Torrent - H105006000,475258,4616435,4270884,Antimoni
after_2007,0003,0006,F016231,Estanys de Tordera-Estany de Can Torrent - H105006000,475258,4616435,4270885,Molibdè
after_2007,0003,0006,F016231,Estanys de Tordera-Estany de Can Torrent - H105006000,475258,4616435,4270886,Mercuri
after_2007,0003,0006,F016231,Estanys de Tordera-Estany de Can Torrent - H105006000,475258,4616435,4270887,Arsènic
after_2007,0003,0006,F016231,Estanys de Tordera-Estany de Can Torrent - H105006000,475258,4616435,4270888,Alumini
after_2007,0003,0006,F016231,Estanys de Tordera-Estany de Can Torrent - H105006000,475258,4616435,4270889,Vanadi
after_2007,0003,0006,F016231,Estanys de Tordera-Estany de Can Torrent - H105006000,475258,4616435,4270890,Seleni
after_2007,0003,0006,F016231,Estanys de Tordera-Estany de Can Torrent - H105006000,475258,4616435,4270891,Níquel
after_2007,0003,0006,F016231,Estanys de Tordera-Estany de Can Torrent - H105006000,475258,4616435,4270892,Cobalt
after_2007,0003,0006,F016231,Estanys de Tordera-Estany de Can Torrent - H105006000,475258,4616435,4270893,Ferro
after_2007,0003,0006,F016231,Estanys de Tordera-Estany de Can Torrent - H105006000,475258,4616435,4270894,Coure
after_2007,0003,0006,F016231,Estanys de Tordera-Estany de Can Torrent - H105006000,475258,4616435,4270895,Cadmi
after_2007,0003,0006,F016231,Estanys de Tordera-Estany de Can Torrent - H105006000,475258,4616435,4270896,Zinc
after_2007,0003,0006,F016231,Estanys de Tordera-Estany de Can Torrent - H105006000,475258,4616435,4270897,Plom
after_2007,0003,0006,F016231,Estanys de Tordera-Estany de Can Torrent - H105006000,475258,4616435,4270898,Crom
after_2007,0003,0006,F016231,Estanys de Tordera-Estany de Can Torrent - H105006000,475258,4616435,4270899,Bari
after_2007,0003,0006,F016231,Estanys de Tordera-Estany de Can Torrent - H105006000,475258,4616435,4270900,Bor
after_2007,0003,0006,F016231,Estanys de Tordera-Estany de Can Torrent - H105006000,475258,4616435,4270901,Suma de DDT
after_2007,0003,0006,F016231,Estanys de Tordera-Estany de Can Torrent - H105006000,475258,4616435,4270902,Suma de PAH2
after_2007,0003,0006,F016231,Estanys de Tordera-Estany de Can Torrent - H105006000,475258,4616435,4270903,Suma de PAH1
after_2007,0003,0006,F016231,Estanys de Tordera-Estany de Can Torrent - H105006000,475258,4616435,4270904,BDE-154
after_2007,0003,0006,F016231,Estanys de Tordera-Estany de Can Torrent - H105006000,475258,4616435,4270905,BDE-153
after_2007,0003,0006,F016231,Estanys de Tordera-Estany de Can Torrent - H105006000,475258,4616435,4270906,BDE-100
after_2007,0003,0006,F016231,Estanys de Tordera-Estany de Can Torrent - H105006000,475258,4616435,4270907,BDE-99
after_2007,0003,0006,F016231,Estanys de Tordera-Estany de Can Torrent - H105006000,475258,4616435,4270908,BDE-47
after_2007,0003,0006,F016231,Estanys de Tordera-Estany de Can Torrent - H105006000,475258,4616435,4271027,4-n-Nonilfenol
after_2007,0003,0006,F016231,Estanys de Tordera-Estany de Can Torrent - H105006000,475258,4616435,4271028,Cibutrina
after_2007,0003,0006,F016231,Estanys de Tordera-Estany de Can Torrent - H105006000,475258,4616435,4271029,Cipermetrín (suma d'isòmers)
after_2007,0003,0006,F016231,Estanys de Tordera-Estany de Can Torrent - H105006000,475258,4616435,4271030,Bifenox
after_2007,0003,0006,F016231,Estanys de Tordera-Estany de Can Torrent - H105006000,475258,4616435,4271031,Aclonifèn
after_2007,0003,0006,F016231,Estanys de Tordera-Estany de Can Torrent - H105006000,475258,4616435,4271032,Quinoxifèn
after_2007,0003,0006,F016231,Estanys de Tordera-Estany de Can Torrent - H105006000,475258,4616435,4271033,BDE-28
after_2007,0003,0006,F016231,Estanys de Tordera-Estany de Can Torrent - H105006000,475258,4616435,4271034,Cetona d'endrín
after_2007,0003,0006,F016231,Estanys de Tordera-Estany de Can Torrent - H105006000,475258,4616435,4271035,Suma de diclorobenzens
after_2007,0003,0006,F016231,Estanys de Tordera-Estany de Can Torrent - H105006000,475258,4616435,4271036,Epòxid d'heptaclor A
after_2007,0003,0006,F016231,Estanys de Tordera-Estany de Can Torrent - H105006000,475258,4616435,4271037,Metolaclor
after_2007,0003,0006,F016231,Estanys de Tordera-Estany de Can Torrent - H105006000,475258,4616435,4271038,"2,4'-DDD"
after_2007,0003,0006,F016231,Estanys de Tordera-Estany de Can Torrent - H105006000,475258,4616435,4271039,"2,4'-DDE"
after_2007,0003,0006,F016231,Estanys de Tordera-Estany de Can Torrent - H105006000,475258,4616435,4271040,"2,4'-DDT"
after_2007,0003,0006,F016231,Estanys de Tordera-Estany de Can Torrent - H105006000,475258,4616435,4271041,NPEO(e=0)
after_2007,0003,0006,F016231,Estanys de Tordera-Estany de Can Torrent - H105006000,475258,4616435,4271042,tert-Octilfenol
after_2007,0003,0006,F016231,Estanys de Tordera-Estany de Can Torrent - H105006000,475258,4616435,4271043,Pentaclorobenzè
after_2007,0003,0006,F016231,Estanys de Tordera-Estany de Can Torrent - H105006000,475258,4616435,4271044,Alaclor
after_2007,0003,0006,F016231,Estanys de Tordera-Estany de Can Torrent - H105006000,475258,4616435,4271045,Terbutilazina
after_2007,0003,0006,F016231,Estanys de Tordera-Estany de Can Torrent - H105006000,475258,4616435,4271046,Molinat
after_2007,0003,0006,F016231,Estanys de Tordera-Estany de Can Torrent - H105006000,475258,4616435,4271047,Trifluralina
after_2007,0003,0006,F016231,Estanys de Tordera-Estany de Can Torrent - H105006000,475258,4616435,4271048,Suma de triazines
after_2007,0003,0006,F016231,Estanys de Tordera-Estany de Can Torrent - H105006000,475258,4616435,4271049,Suma de plaguicides clorats
after_2007,0003,0006,F016231,Estanys de Tordera-Estany de Can Torrent - H105006000,475258,4616435,4271050,Suma d'Organofosforats
after_2007,0003,0006,F016231,Estanys de Tordera-Estany de Can Torrent - H105006000,475258,4616435,4271051,Suma d'al-diel-iso-endrín
after_2007,0003,0006,F016231,Estanys de Tordera-Estany de Can Torrent - H105006000,475258,4616435,4271052,Benzo(ghi)perilè
after_2007,0003,0006,F016231,Estanys de Tordera-Estany de Can Torrent - H105006000,475258,4616435,4271053,"Indeno(1,2,3-cd)pirè"
after_2007,0003,0006,F016231,Estanys de Tordera-Estany de Can Torrent - H105006000,475258,4616435,4271054,Benzo(a)pirè
after_2007,0003,0006,F016231,Estanys de Tordera-Estany de Can Torrent - H105006000,475258,4616435,4271055,Benzo(k)fluorantè
after_2007,0003,0006,F016231,Estanys de Tordera-Estany de Can Torrent - H105006000,475258,4616435,4271056,Benzo(b)fluorantè
after_2007,0003,0006,F016231,Estanys de Tordera-Estany de Can Torrent - H105006000,475258,4616435,4271057,Fluorantè
after_2007,0003,0006,F016231,Estanys de Tordera-Estany de Can Torrent - H105006000,475258,4616435,4271058,Antracè
after_2007,0003,0006,F016231,Estanys de Tordera-Estany de Can Torrent - H105006000,475258,4616435,4271059,Terbutrina
after_2007,0003,0006,F016231,Estanys de Tordera-Estany de Can Torrent - H105006000,475258,4616435,4271060,Propazina
after_2007,0003,0006,F016231,Estanys de Tordera-Estany de Can Torrent - H105006000,475258,4616435,4271061,Atrazina
after_2007,0003,0006,F016231,Estanys de Tordera-Estany de Can Torrent - H105006000,475258,4616435,4271062,Simazina
after_2007,0003,0006,F016231,Estanys de Tordera-Estany de Can Torrent - H105006000,475258,4616435,4271063,Azinfòs d'etil
after_2007,0003,0006,F016231,Estanys de Tordera-Estany de Can Torrent - H105006000,475258,4616435,4271064,Etion
after_2007,0003,0006,F016231,Estanys de Tordera-Estany de Can Torrent - H105006000,475258,4616435,4271065,Clorfenvinfòs (suma d'isòmers)
after_2007,0003,0006,F016231,Estanys de Tordera-Estany de Can Torrent - H105006000,475258,4616435,4271066,Paration
after_2007,0003,0006,F016231,Estanys de Tordera-Estany de Can Torrent - H105006000,475258,4616435,4271067,Clorpirifòs
after_2007,0003,0006,F016231,Estanys de Tordera-Estany de Can Torrent - H105006000,475258,4616435,4271068,Malation
after_2007,0003,0006,F016231,Estanys de Tordera-Estany de Can Torrent - H105006000,475258,4616435,4271069,Fenitrotion
after_2007,0003,0006,F016231,Estanys de Tordera-Estany de Can Torrent - H105006000,475258,4616435,4271070,Paration de metil
after_2007,0003,0006,F016231,Estanys de Tordera-Estany de Can Torrent - H105006000,475258,4616435,4271071,Diazinon
after_2007,0003,0006,F016231,Estanys de Tordera-Estany de Can Torrent - H105006000,475258,4616435,4271072,Naftalè
after_2007,0003,0006,F016231,Estanys de Tordera-Estany de Can Torrent - H105006000,475258,4616435,4271073,"1,3-diclorobenzè"
after_2007,0003,0006,F016231,Estanys de Tordera-Estany de Can Torrent - H105006000,475258,4616435,4271074,Triclorofluorometà
after_2007,0003,0006,F016231,Estanys de Tordera-Estany de Can Torrent - H105006000,475258,4616435,4271075,"4,4'-DDT"
after_2007,0003,0006,F016231,Estanys de Tordera-Estany de Can Torrent - H105006000,475258,4616435,4271076,Sulfat d'endosulfan
after_2007,0003,0006,F016231,Estanys de Tordera-Estany de Can Torrent - H105006000,475258,4616435,4271077,"4,4'-DDD"
after_2007,0003,0006,F016231,Estanys de Tordera-Estany de Can Torrent - H105006000,475258,4616435,4271078,Endosulfan II
after_2007,0003,0006,F016231,Estanys de Tordera-Estany de Can Torrent - H105006000,475258,4616435,4271079,"4,4'-DDE"
after_2007,0003,0006,F016231,Estanys de Tordera-Estany de Can Torrent - H105006000,475258,4616435,4271080,Endrín
after_2007,0003,0006,F016231,Estanys de Tordera-Estany de Can Torrent - H105006000,475258,4616435,4271081,Dieldrín
after_2007,0003,0006,F016231,Estanys de Tordera-Estany de Can Torrent - H105006000,475258,4616435,4271082,Endosulfan I
after_2007,0003,0006,F016231,Estanys de Tordera-Estany de Can Torrent - H105006000,475258,4616435,4271083,Epòxid d'heptaclor B
after_2007,0003,0006,F016231,Estanys de Tordera-Estany de Can Torrent - H105006000,475258,4616435,4271084,Isodrín
after_2007,0003,0006,F016231,Estanys de Tordera-Estany de Can Torrent - H105006000,475258,4616435,4271085,Aldrín
after_2007,0003,0006,F016231,Estanys de Tordera-Estany de Can Torrent - H105006000,475258,4616435,4271086,Heptaclor
after_2007,0003,0006,F016231,Estanys de Tordera-Estany de Can Torrent - H105006000,475258,4616435,4271087,"1,3,5-Triclorobenzè"
after_2007,0003,0006,F016231,Estanys de Tordera-Estany de Can Torrent - H105006000,475258,4616435,4271088,"1,1,2,2-Tetracloroetà"
after_2007,0003,0006,F016231,Estanys de Tordera-Estany de Can Torrent - H105006000,475258,4616435,4271089,"trans-1,3-Dicloropropè"
after_2007,0003,0006,F016231,Estanys de Tordera-Estany de Can Torrent - H105006000,475258,4616435,4271090,"1,2-Dicloropropà"
after_2007,0003,0006,F016231,Estanys de Tordera-Estany de Can Torrent - H105006000,475258,4616435,4271091,"1,1,1-Tricloroetà"
after_2007,0003,0006,F016231,Estanys de Tordera-Estany de Can Torrent - H105006000,475258,4616435,4271092,"1,1-Dicloroetà"
after_2007,0003,0006,F016231,Estanys de Tordera-Estany de Can Torrent - H105006000,475258,4616435,4271093,"1,1-Dicloroetilè"
after_2007,0003,0006,F016231,Estanys de Tordera-Estany de Can Torrent - H105006000,475258,4616435,4271094,Lindà(g-Hexaclorociclohexà)
after_2007,0003,0006,F016231,Estanys de Tordera-Estany de Can Torrent - H105006000,475258,4616435,4271095,a-Hexaclorociclohexà
after_2007,0003,0006,F016231,Estanys de Tordera-Estany de Can Torrent - H105006000,475258,4616435,4271096,Clorobenzè
after_2007,0003,0006,F016231,Estanys de Tordera-Estany de Can Torrent - H105006000,475258,4616435,4271097,Hexaclorobenzè
after_2007,0003,0006,F016231,Estanys de Tordera-Estany de Can Torrent - H105006000,475258,4616435,4271099,o-Xilè
after_2007,0003,0006,F016231,Estanys de Tordera-Estany de Can Torrent - H105006000,475258,4616435,4271100,"m,p-Xilè"
after_2007,0003,0006,F016231,Estanys de Tordera-Estany de Can Torrent - H105006000,475258,4616435,4271101,Etilbenzè
after_2007,0003,0006,F016231,Estanys de Tordera-Estany de Can Torrent - H105006000,475258,4616435,4271102,Benzè
after_2007,0003,0006,F016231,Estanys de Tordera-Estany de Can Torrent - H105006000,475258,4616435,4271103,"1,2,3-Triclorobenzè"
after_2007,0003,0006,F016231,Estanys de Tordera-Estany de Can Torrent - H105006000,475258,4616435,4271104,"1,2,4-Triclorobenzè"
after_2007,0003,0006,F016231,Estanys de Tordera-Estany de Can Torrent - H105006000,475258,4616435,4271105,Suma de triclorobenzens
after_2007,0003,0006,F016231,Estanys de Tordera-Estany de Can Torrent - H105006000,475258,4616435,4271106,"1,2-Diclorobenzè"
after_2007,0003,0006,F016231,Estanys de Tordera-Estany de Can Torrent - H105006000,475258,4616435,4271107,"1,4-Diclorobenzè"
after_2007,0003,0006,F016231,Estanys de Tordera-Estany de Can Torrent - H105006000,475258,4616435,4271108,"1,2-Dicloroetà"
after_2007,0003,0006,F016231,Estanys de Tordera-Estany de Can Torrent - H105006000,475258,4616435,4271109,Bromoform
after_2007,0003,0006,F016231,Estanys de Tordera-Estany de Can Torrent - H105006000,475258,4616435,4271110,Dibromoclorometà
after_2007,0003,0006,F016231,Estanys de Tordera-Estany de Can Torrent - H105006000,475258,4616435,4271111,Tetracloroetilè
after_2007,0003,0006,F016231,Estanys de Tordera-Estany de Can Torrent - H105006000,475258,4616435,4271112,"1,1,2-Tricloroetà"
after_2007,0003,0006,F016231,Estanys de Tordera-Estany de Can Torrent - H105006000,475258,4616435,4271113,Triclorometà
after_2007,0003,0006,F016231,Estanys de Tordera-Estany de Can Torrent - H105006000,475258,4616435,4271114,"cis-1,3-Dicloropropè"
after_2007,0003,0006,F016231,Estanys de Tordera-Estany de Can Torrent - H105006000,475258,4616435,4271115,Bromodiclorometà
after_2007,0003,0006,F016231,Estanys de Tordera-Estany de Can Torrent - H105006000,475258,4616435,4271116,Tricloroetilè
after_2007,0003,0006,F016231,Estanys de Tordera-Estany de Can Torrent - H105006000,475258,4616435,4271117,Tetraclorur de Carboni
after_2007,0003,0006,F016231,Estanys de Tordera-Estany de Can Torrent - H105006000,475258,4616435,4271118,"cis-1,2-Dicloroetilè"
after_2007,0003,0006,F016231,Estanys de Tordera-Estany de Can Torrent - H105006000,475258,4616435,4271119,"trans-1,2-Dicloroetilè"
after_2007,0003,0006,F016231,Estanys de Tordera-Estany de Can Torrent - H105006000,475258,4616435,4271120,Diclorometà
after_2007,0003,0006,F016231,Estanys de Tordera-Estany de Can Torrent - H105006000,475258,4616435,4271121,Hexaclorobutadiè
after_2007,0003,0006,F016231,Estanys de Tordera-Estany de Can Torrent - H105006000,475258,4616435,4271122,Toluè
after_2007,0003,0006,F016232,Estanys de Tordera-Estany de la Júlia - H105003000,475311,4618678,4271144,Manganès
after_2007,0003,0006,F016232,Estanys de Tordera-Estany de la Júlia - H105003000,475311,4618678,4271145,Estronci
after_2007,0003,0006,F016232,Estanys de Tordera-Estany de la Júlia - H105003000,475311,4618678,4271146,Beril·li
after_2007,0003,0006,F016232,Estanys de Tordera-Estany de la Júlia - H105003000,475311,4618678,4271147,Antimoni
after_2007,0003,0006,F016232,Estanys de Tordera-Estany de la Júlia - H105003000,475311,4618678,4271148,Molibdè
after_2007,0003,0006,F016232,Estanys de Tordera-Estany de la Júlia - H105003000,475311,4618678,4271149,Mercuri
after_2007,0003,0006,F016232,Estanys de Tordera-Estany de la Júlia - H105003000,475311,4618678,4271150,Arsènic
after_2007,0003,0006,F016232,Estanys de Tordera-Estany de la Júlia - H105003000,475311,4618678,4271151,Alumini
after_2007,0003,0006,F016232,Estanys de Tordera-Estany de la Júlia - H105003000,475311,4618678,4271152,Vanadi
after_2007,0003,0006,F016232,Estanys de Tordera-Estany de la Júlia - H105003000,475311,4618678,4271153,Seleni
after_2007,0003,0006,F016232,Estanys de Tordera-Estany de la Júlia - H105003000,475311,4618678,4271154,Níquel
after_2007,0003,0006,F016232,Estanys de Tordera-Estany de la Júlia - H105003000,475311,4618678,4271155,Cobalt
after_2007,0003,0006,F016232,Estanys de Tordera-Estany de la Júlia - H105003000,475311,4618678,4271156,Ferro
after_2007,0003,0006,F016232,Estanys de Tordera-Estany de la Júlia - H105003000,475311,4618678,4271157,Coure
after_2007,0003,0006,F016232,Estanys de Tordera-Estany de la Júlia - H105003000,475311,4618678,4271158,Cadmi
after_2007,0003,0006,F016232,Estanys de Tordera-Estany de la Júlia - H105003000,475311,4618678,4271159,Zinc
after_2007,0003,0006,F016232,Estanys de Tordera-Estany de la Júlia - H105003000,475311,4618678,4271160,Plom
after_2007,0003,0006,F016232,Estanys de Tordera-Estany de la Júlia - H105003000,475311,4618678,4271161,Crom
after_2007,0003,0006,F016232,Estanys de Tordera-Estany de la Júlia - H105003000,475311,4618678,4271162,Bari
after_2007,0003,0006,F016232,Estanys de Tordera-Estany de la Júlia - H105003000,475311,4618678,4271163,Bor
after_2007,0003,0006,F016232,Estanys de Tordera-Estany de la Júlia - H105003000,475311,4618678,4271164,Suma de DDT
after_2007,0003,0006,F016232,Estanys de Tordera-Estany de la Júlia - H105003000,475311,4618678,4271165,Suma de PAH2
after_2007,0003,0006,F016232,Estanys de Tordera-Estany de la Júlia - H105003000,475311,4618678,4271166,Suma de PAH1
after_2007,0003,0006,F016232,Estanys de Tordera-Estany de la Júlia - H105003000,475311,4618678,4271167,BDE-154
after_2007,0003,0006,F016232,Estanys de Tordera-Estany de la Júlia - H105003000,475311,4618678,4271168,BDE-153
after_2007,0003,0006,F016232,Estanys de Tordera-Estany de la Júlia - H105003000,475311,4618678,4271169,BDE-100
after_2007,0003,0006,F016232,Estanys de Tordera-Estany de la Júlia - H105003000,475311,4618678,4271170,BDE-99
after_2007,0003,0006,F016232,Estanys de Tordera-Estany de la Júlia - H105003000,475311,4618678,4271171,BDE-47
after_2007,0003,0006,F016232,Estanys de Tordera-Estany de la Júlia - H105003000,475311,4618678,4271190,4-n-Nonilfenol
after_2007,0003,0006,F016232,Estanys de Tordera-Estany de la Júlia - H105003000,475311,4618678,4271191,Cibutrina
after_2007,0003,0006,F016232,Estanys de Tordera-Estany de la Júlia - H105003000,475311,4618678,4271192,Cipermetrín (suma d'isòmers)
after_2007,0003,0006,F016232,Estanys de Tordera-Estany de la Júlia - H105003000,475311,4618678,4271193,Bifenox
after_2007,0003,0006,F016232,Estanys de Tordera-Estany de la Júlia - H105003000,475311,4618678,4271194,Aclonifèn
after_2007,0003,0006,F016232,Estanys de Tordera-Estany de la Júlia - H105003000,475311,4618678,4271195,Quinoxifèn
after_2007,0003,0006,F016232,Estanys de Tordera-Estany de la Júlia - H105003000,475311,4618678,4271196,BDE-28
after_2007,0003,0006,F016232,Estanys de Tordera-Estany de la Júlia - H105003000,475311,4618678,4271197,Cetona d'endrín
after_2007,0003,0006,F016232,Estanys de Tordera-Estany de la Júlia - H105003000,475311,4618678,4271198,Suma de diclorobenzens
after_2007,0003,0006,F016232,Estanys de Tordera-Estany de la Júlia - H105003000,475311,4618678,4271199,Epòxid d'heptaclor A
after_2007,0003,0006,F016232,Estanys de Tordera-Estany de la Júlia - H105003000,475311,4618678,4271200,Metolaclor
after_2007,0003,0006,F016232,Estanys de Tordera-Estany de la Júlia - H105003000,475311,4618678,4271201,"2,4'-DDD"
after_2007,0003,0006,F016232,Estanys de Tordera-Estany de la Júlia - H105003000,475311,4618678,4271202,"2,4'-DDE"
after_2007,0003,0006,F016232,Estanys de Tordera-Estany de la Júlia - H105003000,475311,4618678,4271203,"2,4'-DDT"
after_2007,0003,0006,F016232,Estanys de Tordera-Estany de la Júlia - H105003000,475311,4618678,4271204,NPEO(e=0)
after_2007,0003,0006,F016232,Estanys de Tordera-Estany de la Júlia - H105003000,475311,4618678,4271205,tert-Octilfenol
after_2007,0003,0006,F016232,Estanys de Tordera-Estany de la Júlia - H105003000,475311,4618678,4271206,Pentaclorobenzè
after_2007,0003,0006,F016232,Estanys de Tordera-Estany de la Júlia - H105003000,475311,4618678,4271207,Alaclor
after_2007,0003,0006,F016232,Estanys de Tordera-Estany de la Júlia - H105003000,475311,4618678,4271208,Terbutilazina
after_2007,0003,0006,F016232,Estanys de Tordera-Estany de la Júlia - H105003000,475311,4618678,4271209,Molinat
after_2007,0003,0006,F016232,Estanys de Tordera-Estany de la Júlia - H105003000,475311,4618678,4271210,Trifluralina
after_2007,0003,0006,F016232,Estanys de Tordera-Estany de la Júlia - H105003000,475311,4618678,4271211,Suma de triazines
after_2007,0003,0006,F016232,Estanys de Tordera-Estany de la Júlia - H105003000,475311,4618678,4271212,Suma de plaguicides clorats
after_2007,0003,0006,F016232,Estanys de Tordera-Estany de la Júlia - H105003000,475311,4618678,4271213,Suma d'Organofosforats
after_2007,0003,0006,F016232,Estanys de Tordera-Estany de la Júlia - H105003000,475311,4618678,4271214,Suma d'al-diel-iso-endrín
after_2007,0003,0006,F016232,Estanys de Tordera-Estany de la Júlia - H105003000,475311,4618678,4271215,Benzo(ghi)perilè
after_2007,0003,0006,F016232,Estanys de Tordera-Estany de la Júlia - H105003000,475311,4618678,4271216,"Indeno(1,2,3-cd)pirè"
after_2007,0003,0006,F016232,Estanys de Tordera-Estany de la Júlia - H105003000,475311,4618678,4271217,Benzo(a)pirè
after_2007,0003,0006,F016232,Estanys de Tordera-Estany de la Júlia - H105003000,475311,4618678,4271218,Benzo(k)fluorantè
after_2007,0003,0006,F016232,Estanys de Tordera-Estany de la Júlia - H105003000,475311,4618678,4271219,Benzo(b)fluorantè
after_2007,0003,0006,F016232,Estanys de Tordera-Estany de la Júlia - H105003000,475311,4618678,4271220,Fluorantè
after_2007,0003,0006,F016232,Estanys de Tordera-Estany de la Júlia - H105003000,475311,4618678,4271221,Antracè
after_2007,0003,0006,F016232,Estanys de Tordera-Estany de la Júlia - H105003000,475311,4618678,4271222,Terbutrina
after_2007,0003,0006,F016232,Estanys de Tordera-Estany de la Júlia - H105003000,475311,4618678,4271223,Propazina
after_2007,0003,0006,F016232,Estanys de Tordera-Estany de la Júlia - H105003000,475311,4618678,4271224,Atrazina
after_2007,0003,0006,F016232,Estanys de Tordera-Estany de la Júlia - H105003000,475311,4618678,4271225,Simazina
after_2007,0003,0006,F016232,Estanys de Tordera-Estany de la Júlia - H105003000,475311,4618678,4271226,Azinfòs d'etil
after_2007,0003,0006,F016232,Estanys de Tordera-Estany de la Júlia - H105003000,475311,4618678,4271227,Etion
after_2007,0003,0006,F016232,Estanys de Tordera-Estany de la Júlia - H105003000,475311,4618678,4271228,Clorfenvinfòs (suma d'isòmers)
after_2007,0003,0006,F016232,Estanys de Tordera-Estany de la Júlia - H105003000,475311,4618678,4271229,Paration
after_2007,0003,0006,F016232,Estanys de Tordera-Estany de la Júlia - H105003000,475311,4618678,4271230,Clorpirifòs
after_2007,0003,0006,F016232,Estanys de Tordera-Estany de la Júlia - H105003000,475311,4618678,4271231,Malation
after_2007,0003,0006,F016232,Estanys de Tordera-Estany de la Júlia - H105003000,475311,4618678,4271232,Fenitrotion
after_2007,0003,0006,F016232,Estanys de Tordera-Estany de la Júlia - H105003000,475311,4618678,4271233,Paration de metil
after_2007,0003,0006,F016232,Estanys de Tordera-Estany de la Júlia - H105003000,475311,4618678,4271234,Diazinon
after_2007,0003,0006,F016232,Estanys de Tordera-Estany de la Júlia - H105003000,475311,4618678,4271235,Naftalè
after_2007,0003,0006,F016232,Estanys de Tordera-Estany de la Júlia - H105003000,475311,4618678,4271236,"1,3-diclorobenzè"
after_2007,0003,0006,F016232,Estanys de Tordera-Estany de la Júlia - H105003000,475311,4618678,4271237,Triclorofluorometà
after_2007,0003,0006,F016232,Estanys de Tordera-Estany de la Júlia - H105003000,475311,4618678,4271238,"4,4'-DDT"
after_2007,0003,0006,F016232,Estanys de Tordera-Estany de la Júlia - H105003000,475311,4618678,4271239,Sulfat d'endosulfan
after_2007,0003,0006,F016232,Estanys de Tordera-Estany de la Júlia - H105003000,475311,4618678,4271240,"4,4'-DDD"
after_2007,0003,0006,F016232,Estanys de Tordera-Estany de la Júlia - H105003000,475311,4618678,4271241,Endosulfan II
after_2007,0003,0006,F016232,Estanys de Tordera-Estany de la Júlia - H105003000,475311,4618678,4271242,"4,4'-DDE"
after_2007,0003,0006,F016232,Estanys de Tordera-Estany de la Júlia - H105003000,475311,4618678,4271243,Endrín
after_2007,0003,0006,F016232,Estanys de Tordera-Estany de la Júlia - H105003000,475311,4618678,4271244,Dieldrín
after_2007,0003,0006,F016232,Estanys de Tordera-Estany de la Júlia - H105003000,475311,4618678,4271245,Endosulfan I
after_2007,0003,0006,F016232,Estanys de Tordera-Estany de la Júlia - H105003000,475311,4618678,4271246,Epòxid d'heptaclor B
after_2007,0003,0006,F016232,Estanys de Tordera-Estany de la Júlia - H105003000,475311,4618678,4271247,Isodrín
after_2007,0003,0006,F016232,Estanys de Tordera-Estany de la Júlia - H105003000,475311,4618678,4271248,Aldrín
after_2007,0003,0006,F016232,Estanys de Tordera-Estany de la Júlia - H105003000,475311,4618678,4271249,Heptaclor
after_2007,0003,0006,F016232,Estanys de Tordera-Estany de la Júlia - H105003000,475311,4618678,4271250,"1,3,5-Triclorobenzè"
after_2007,0003,0006,F016232,Estanys de Tordera-Estany de la Júlia - H105003000,475311,4618678,4271251,"1,1,2,2-Tetracloroetà"
after_2007,0003,0006,F016232,Estanys de Tordera-Estany de la Júlia - H105003000,475311,4618678,4271252,"trans-1,3-Dicloropropè"
after_2007,0003,0006,F016232,Estanys de Tordera-Estany de la Júlia - H105003000,475311,4618678,4271253,"1,2-Dicloropropà"
after_2007,0003,0006,F016232,Estanys de Tordera-Estany de la Júlia - H105003000,475311,4618678,4271254,"1,1,1-Tricloroetà"
after_2007,0003,0006,F016232,Estanys de Tordera-Estany de la Júlia - H105003000,475311,4618678,4271255,"1,1-Dicloroetà"
after_2007,0003,0006,F016232,Estanys de Tordera-Estany de la Júlia - H105003000,475311,4618678,4271256,"1,1-Dicloroetilè"
after_2007,0003,0006,F016232,Estanys de Tordera-Estany de la Júlia - H105003000,475311,4618678,4271257,Lindà(g-Hexaclorociclohexà)
after_2007,0003,0006,F016232,Estanys de Tordera-Estany de la Júlia - H105003000,475311,4618678,4271258,a-Hexaclorociclohexà
after_2007,0003,0006,F016232,Estanys de Tordera-Estany de la Júlia - H105003000,475311,4618678,4271259,Clorobenzè
after_2007,0003,0006,F016232,Estanys de Tordera-Estany de la Júlia - H105003000,475311,4618678,4271260,Hexaclorobenzè
after_2007,0003,0006,F016232,Estanys de Tordera-Estany de la Júlia - H105003000,475311,4618678,4271261,o-Xilè
after_2007,0003,0006,F016232,Estanys de Tordera-Estany de la Júlia - H105003000,475311,4618678,4271262,"m,p-Xilè"
after_2007,0003,0006,F016232,Estanys de Tordera-Estany de la Júlia - H105003000,475311,4618678,4271263,Etilbenzè
after_2007,0003,0006,F016232,Estanys de Tordera-Estany de la Júlia - H105003000,475311,4618678,4271264,Benzè
after_2007,0003,0006,F016232,Estanys de Tordera-Estany de la Júlia - H105003000,475311,4618678,4271265,"1,2,3-Triclorobenzè"
after_2007,0003,0006,F016232,Estanys de Tordera-Estany de la Júlia - H105003000,475311,4618678,4271266,"1,2,4-Triclorobenzè"
after_2007,0003,0006,F016232,Estanys de Tordera-Estany de la Júlia - H105003000,475311,4618678,4271267,Suma de triclorobenzens
after_2007,0003,0006,F016232,Estanys de Tordera-Estany de la Júlia - H105003000,475311,4618678,4271268,"1,2-Diclorobenzè"
after_2007,0003,0006,F016232,Estanys de Tordera-Estany de la Júlia - H105003000,475311,4618678,4271269,"1,4-Diclorobenzè"
after_2007,0003,0006,F016232,Estanys de Tordera-Estany de la Júlia - H105003000,475311,4618678,4271270,"1,2-Dicloroetà"
after_2007,0003,0006,F016232,Estanys de Tordera-Estany de la Júlia - H105003000,475311,4618678,4271271,Bromoform
after_2007,0003,0006,F016232,Estanys de Tordera-Estany de la Júlia - H105003000,475311,4618678,4271272,Dibromoclorometà
after_2007,0003,0006,F016232,Estanys de Tordera-Estany de la Júlia - H105003000,475311,4618678,4271273,Tetracloroetilè
after_2007,0003,0006,F016232,Estanys de Tordera-Estany de la Júlia - H105003000,475311,4618678,4271274,"1,1,2-Tricloroetà"
after_2007,0003,0006,F016232,Estanys de Tordera-Estany de la Júlia - H105003000,475311,4618678,4271275,Triclorometà
after_2007,0003,0006,F016232,Estanys de Tordera-Estany de la Júlia - H105003000,475311,4618678,4271276,"cis-1,3-Dicloropropè"
after_2007,0003,0006,F016232,Estanys de Tordera-Estany de la Júlia - H105003000,475311,4618678,4271277,Bromodiclorometà
after_2007,0003,0006,F016232,Estanys de Tordera-Estany de la Júlia - H105003000,475311,4618678,4271278,Tricloroetilè
after_2007,0003,0006,F016232,Estanys de Tordera-Estany de la Júlia - H105003000,475311,4618678,4271279,Tetraclorur de Carboni
after_2007,0003,0006,F016232,Estanys de Tordera-Estany de la Júlia - H105003000,475311,4618678,4271280,"cis-1,2-Dicloroetilè"
after_2007,0003,0006,F016232,Estanys de Tordera-Estany de la Júlia - H105003000,475311,4618678,4271281,"trans-1,2-Dicloroetilè"
after_2007,0003,0006,F016232,Estanys de Tordera-Estany de la Júlia - H105003000,475311,4618678,4271282,Diclorometà
after_2007,0003,0006,F016232,Estanys de Tordera-Estany de la Júlia - H105003000,475311,4618678,4271283,Hexaclorobutadiè
after_2007,0003,0006,F016232,Estanys de Tordera-Estany de la Júlia - H105003000,475311,4618678,4271284,Toluè
after_2007,0003,0006,F016233,Estanys de Tordera-Braç esquerre de l'illa del Tordera - H105004000,475842,4617296,4269593,Manganès
after_2007,0003,0006,F016233,Estanys de Tordera-Braç esquerre de l'illa del Tordera - H105004000,475842,4617296,4269594,Estronci
after_2007,0003,0006,F016233,Estanys de Tordera-Braç esquerre de l'illa del Tordera - H105004000,475842,4617296,4269595,Beril·li
after_2007,0003,0006,F016233,Estanys de Tordera-Braç esquerre de l'illa del Tordera - H105004000,475842,4617296,4269596,Antimoni
after_2007,0003,0006,F016233,Estanys de Tordera-Braç esquerre de l'illa del Tordera - H105004000,475842,4617296,4269597,Molibdè
after_2007,0003,0006,F016233,Estanys de Tordera-Braç esquerre de l'illa del Tordera - H105004000,475842,4617296,4269598,Mercuri
after_2007,0003,0006,F016233,Estanys de Tordera-Braç esquerre de l'illa del Tordera - H105004000,475842,4617296,4269599,Arsènic
after_2007,0003,0006,F016233,Estanys de Tordera-Braç esquerre de l'illa del Tordera - H105004000,475842,4617296,4269600,Alumini
after_2007,0003,0006,F016233,Estanys de Tordera-Braç esquerre de l'illa del Tordera - H105004000,475842,4617296,4269601,Vanadi
after_2007,0003,0006,F016233,Estanys de Tordera-Braç esquerre de l'illa del Tordera - H105004000,475842,4617296,4269602,Seleni
after_2007,0003,0006,F016233,Estanys de Tordera-Braç esquerre de l'illa del Tordera - H105004000,475842,4617296,4269603,Níquel
after_2007,0003,0006,F016233,Estanys de Tordera-Braç esquerre de l'illa del Tordera - H105004000,475842,4617296,4269604,Cobalt
after_2007,0003,0006,F016233,Estanys de Tordera-Braç esquerre de l'illa del Tordera - H105004000,475842,4617296,4269605,Ferro
after_2007,0003,0006,F016233,Estanys de Tordera-Braç esquerre de l'illa del Tordera - H105004000,475842,4617296,4269606,Coure
after_2007,0003,0006,F016233,Estanys de Tordera-Braç esquerre de l'illa del Tordera - H105004000,475842,4617296,4269607,Cadmi
after_2007,0003,0006,F016233,Estanys de Tordera-Braç esquerre de l'illa del Tordera - H105004000,475842,4617296,4269608,Zinc
after_2007,0003,0006,F016233,Estanys de Tordera-Braç esquerre de l'illa del Tordera - H105004000,475842,4617296,4269609,Plom
after_2007,0003,0006,F016233,Estanys de Tordera-Braç esquerre de l'illa del Tordera - H105004000,475842,4617296,4269610,Crom
after_2007,0003,0006,F016233,Estanys de Tordera-Braç esquerre de l'illa del Tordera - H105004000,475842,4617296,4269611,Bari
after_2007,0003,0006,F016233,Estanys de Tordera-Braç esquerre de l'illa del Tordera - H105004000,475842,4617296,4269612,Bor
after_2007,0003,0006,F016233,Estanys de Tordera-Braç esquerre de l'illa del Tordera - H105004000,475842,4617296,4269613,Suma de DDT
after_2007,0003,0006,F016233,Estanys de Tordera-Braç esquerre de l'illa del Tordera - H105004000,475842,4617296,4269614,Suma de PAH2
after_2007,0003,0006,F016233,Estanys de Tordera-Braç esquerre de l'illa del Tordera - H105004000,475842,4617296,4269615,Suma de PAH1
after_2007,0003,0006,F016233,Estanys de Tordera-Braç esquerre de l'illa del Tordera - H105004000,475842,4617296,4269616,BDE-154
after_2007,0003,0006,F016233,Estanys de Tordera-Braç esquerre de l'illa del Tordera - H105004000,475842,4617296,4269617,BDE-153
after_2007,0003,0006,F016233,Estanys de Tordera-Braç esquerre de l'illa del Tordera - H105004000,475842,4617296,4269618,BDE-100
after_2007,0003,0006,F016233,Estanys de Tordera-Braç esquerre de l'illa del Tordera - H105004000,475842,4617296,4269619,BDE-99
after_2007,0003,0006,F016233,Estanys de Tordera-Braç esquerre de l'illa del Tordera - H105004000,475842,4617296,4269620,BDE-47
after_2007,0003,0006,F016233,Estanys de Tordera-Braç esquerre de l'illa del Tordera - H105004000,475842,4617296,4270494,4-n-Nonilfenol
after_2007,0003,0006,F016233,Estanys de Tordera-Braç esquerre de l'illa del Tordera - H105004000,475842,4617296,4270495,Cibutrina
after_2007,0003,0006,F016233,Estanys de Tordera-Braç esquerre de l'illa del Tordera - H105004000,475842,4617296,4270496,Cipermetrín (suma d'isòmers)
after_2007,0003,0006,F016233,Estanys de Tordera-Braç esquerre de l'illa del Tordera - H105004000,475842,4617296,4270497,Bifenox
after_2007,0003,0006,F016233,Estanys de Tordera-Braç esquerre de l'illa del Tordera - H105004000,475842,4617296,4270498,Aclonifèn
after_2007,0003,0006,F016233,Estanys de Tordera-Braç esquerre de l'illa del Tordera - H105004000,475842,4617296,4270499,Quinoxifèn
after_2007,0003,0006,F016233,Estanys de Tordera-Braç esquerre de l'illa del Tordera - H105004000,475842,4617296,4270500,BDE-28
after_2007,0003,0006,F016233,Estanys de Tordera-Braç esquerre de l'illa del Tordera - H105004000,475842,4617296,4270501,Cetona d'endrín
after_2007,0003,0006,F016233,Estanys de Tordera-Braç esquerre de l'illa del Tordera - H105004000,475842,4617296,4270502,Suma de diclorobenzens
after_2007,0003,0006,F016233,Estanys de Tordera-Braç esquerre de l'illa del Tordera - H105004000,475842,4617296,4270503,Epòxid d'heptaclor A
after_2007,0003,0006,F016233,Estanys de Tordera-Braç esquerre de l'illa del Tordera - H105004000,475842,4617296,4270504,Metolaclor
after_2007,0003,0006,F016233,Estanys de Tordera-Braç esquerre de l'illa del Tordera - H105004000,475842,4617296,4270505,"2,4'-DDD"
after_2007,0003,0006,F016233,Estanys de Tordera-Braç esquerre de l'illa del Tordera - H105004000,475842,4617296,4270506,"2,4'-DDE"
after_2007,0003,0006,F016233,Estanys de Tordera-Braç esquerre de l'illa del Tordera - H105004000,475842,4617296,4270507,"2,4'-DDT"
after_2007,0003,0006,F016233,Estanys de Tordera-Braç esquerre de l'illa del Tordera - H105004000,475842,4617296,4270508,NPEO(e=0)
after_2007,0003,0006,F016233,Estanys de Tordera-Braç esquerre de l'illa del Tordera - H105004000,475842,4617296,4270509,tert-Octilfenol
after_2007,0003,0006,F016233,Estanys de Tordera-Braç esquerre de l'illa del Tordera - H105004000,475842,4617296,4270510,Pentaclorobenzè
after_2007,0003,0006,F016233,Estanys de Tordera-Braç esquerre de l'illa del Tordera - H105004000,475842,4617296,4270511,Alaclor
after_2007,0003,0006,F016233,Estanys de Tordera-Braç esquerre de l'illa del Tordera - H105004000,475842,4617296,4270512,Terbutilazina
after_2007,0003,0006,F016233,Estanys de Tordera-Braç esquerre de l'illa del Tordera - H105004000,475842,4617296,4270513,Molinat
after_2007,0003,0006,F016233,Estanys de Tordera-Braç esquerre de l'illa del Tordera - H105004000,475842,4617296,4270514,Trifluralina
after_2007,0003,0006,F016233,Estanys de Tordera-Braç esquerre de l'illa del Tordera - H105004000,475842,4617296,4270515,Suma de triazines
after_2007,0003,0006,F016233,Estanys de Tordera-Braç esquerre de l'illa del Tordera - H105004000,475842,4617296,4270516,Suma de plaguicides clorats
after_2007,0003,0006,F016233,Estanys de Tordera-Braç esquerre de l'illa del Tordera - H105004000,475842,4617296,4270517,Suma d'Organofosforats
after_2007,0003,0006,F016233,Estanys de Tordera-Braç esquerre de l'illa del Tordera - H105004000,475842,4617296,4270518,Suma d'al-diel-iso-endrín
after_2007,0003,0006,F016233,Estanys de Tordera-Braç esquerre de l'illa del Tordera - H105004000,475842,4617296,4270519,Benzo(ghi)perilè
after_2007,0003,0006,F016233,Estanys de Tordera-Braç esquerre de l'illa del Tordera - H105004000,475842,4617296,4270520,"Indeno(1,2,3-cd)pirè"
after_2007,0003,0006,F016233,Estanys de Tordera-Braç esquerre de l'illa del Tordera - H105004000,475842,4617296,4270521,Benzo(a)pirè
after_2007,0003,0006,F016233,Estanys de Tordera-Braç esquerre de l'illa del Tordera - H105004000,475842,4617296,4270522,Benzo(k)fluorantè
after_2007,0003,0006,F016233,Estanys de Tordera-Braç esquerre de l'illa del Tordera - H105004000,475842,4617296,4270523,Benzo(b)fluorantè
after_2007,0003,0006,F016233,Estanys de Tordera-Braç esquerre de l'illa del Tordera - H105004000,475842,4617296,4270524,Fluorantè
after_2007,0003,0006,F016233,Estanys de Tordera-Braç esquerre de l'illa del Tordera - H105004000,475842,4617296,4270525,Antracè
after_2007,0003,0006,F016233,Estanys de Tordera-Braç esquerre de l'illa del Tordera - H105004000,475842,4617296,4270526,Terbutrina
after_2007,0003,0006,F016233,Estanys de Tordera-Braç esquerre de l'illa del Tordera - H105004000,475842,4617296,4270527,Propazina
after_2007,0003,0006,F016233,Estanys de Tordera-Braç esquerre de l'illa del Tordera - H105004000,475842,4617296,4270528,Atrazina
after_2007,0003,0006,F016233,Estanys de Tordera-Braç esquerre de l'illa del Tordera - H105004000,475842,4617296,4270529,Simazina
after_2007,0003,0006,F016233,Estanys de Tordera-Braç esquerre de l'illa del Tordera - H105004000,475842,4617296,4270530,Azinfòs d'etil
after_2007,0003,0006,F016233,Estanys de Tordera-Braç esquerre de l'illa del Tordera - H105004000,475842,4617296,4270531,Etion
after_2007,0003,0006,F016233,Estanys de Tordera-Braç esquerre de l'illa del Tordera - H105004000,475842,4617296,4270532,Clorfenvinfòs (suma d'isòmers)
after_2007,0003,0006,F016233,Estanys de Tordera-Braç esquerre de l'illa del Tordera - H105004000,475842,4617296,4270533,Paration
after_2007,0003,0006,F016233,Estanys de Tordera-Braç esquerre de l'illa del Tordera - H105004000,475842,4617296,4270534,Clorpirifòs
after_2007,0003,0006,F016233,Estanys de Tordera-Braç esquerre de l'illa del Tordera - H105004000,475842,4617296,4270535,Malation
after_2007,0003,0006,F016233,Estanys de Tordera-Braç esquerre de l'illa del Tordera - H105004000,475842,4617296,4270536,Fenitrotion
after_2007,0003,0006,F016233,Estanys de Tordera-Braç esquerre de l'illa del Tordera - H105004000,475842,4617296,4270537,Paration de metil
after_2007,0003,0006,F016233,Estanys de Tordera-Braç esquerre de l'illa del Tordera - H105004000,475842,4617296,4270538,Diazinon
after_2007,0003,0006,F016233,Estanys de Tordera-Braç esquerre de l'illa del Tordera - H105004000,475842,4617296,4270539,Naftalè
after_2007,0003,0006,F016233,Estanys de Tordera-Braç esquerre de l'illa del Tordera - H105004000,475842,4617296,4270540,"1,3-diclorobenzè"
after_2007,0003,0006,F016233,Estanys de Tordera-Braç esquerre de l'illa del Tordera - H105004000,475842,4617296,4270541,Triclorofluorometà
after_2007,0003,0006,F016233,Estanys de Tordera-Braç esquerre de l'illa del Tordera - H105004000,475842,4617296,4270542,"4,4'-DDT"
after_2007,0003,0006,F016233,Estanys de Tordera-Braç esquerre de l'illa del Tordera - H105004000,475842,4617296,4270543,Sulfat d'endosulfan
after_2007,0003,0006,F016233,Estanys de Tordera-Braç esquerre de l'illa del Tordera - H105004000,475842,4617296,4270544,"4,4'-DDD"
after_2007,0003,0006,F016233,Estanys de Tordera-Braç esquerre de l'illa del Tordera - H105004000,475842,4617296,4270545,Endosulfan II
after_2007,0003,0006,F016233,Estanys de Tordera-Braç esquerre de l'illa del Tordera - H105004000,475842,4617296,4270546,"4,4'-DDE"
after_2007,0003,0006,F016233,Estanys de Tordera-Braç esquerre de l'illa del Tordera - H105004000,475842,4617296,4270547,Endrín
after_2007,0003,0006,F016233,Estanys de Tordera-Braç esquerre de l'illa del Tordera - H105004000,475842,4617296,4270548,Dieldrín
after_2007,0003,0006,F016233,Estanys de Tordera-Braç esquerre de l'illa del Tordera - H105004000,475842,4617296,4270549,Endosulfan I
after_2007,0003,0006,F016233,Estanys de Tordera-Braç esquerre de l'illa del Tordera - H105004000,475842,4617296,4270550,Epòxid d'heptaclor B
after_2007,0003,0006,F016233,Estanys de Tordera-Braç esquerre de l'illa del Tordera - H105004000,475842,4617296,4270551,Isodrín
after_2007,0003,0006,F016233,Estanys de Tordera-Braç esquerre de l'illa del Tordera - H105004000,475842,4617296,4270552,Aldrín
after_2007,0003,0006,F016233,Estanys de Tordera-Braç esquerre de l'illa del Tordera - H105004000,475842,4617296,4270553,Heptaclor
after_2007,0003,0006,F016233,Estanys de Tordera-Braç esquerre de l'illa del Tordera - H105004000,475842,4617296,4270554,"1,3,5-Triclorobenzè"
after_2007,0003,0006,F016233,Estanys de Tordera-Braç esquerre de l'illa del Tordera - H105004000,475842,4617296,4270555,"1,1,2,2-Tetracloroetà"
after_2007,0003,0006,F016233,Estanys de Tordera-Braç esquerre de l'illa del Tordera - H105004000,475842,4617296,4270556,"trans-1,3-Dicloropropè"
after_2007,0003,0006,F016233,Estanys de Tordera-Braç esquerre de l'illa del Tordera - H105004000,475842,4617296,4270557,"1,2-Dicloropropà"
after_2007,0003,0006,F016233,Estanys de Tordera-Braç esquerre de l'illa del Tordera - H105004000,475842,4617296,4270558,"1,1,1-Tricloroetà"
after_2007,0003,0006,F016233,Estanys de Tordera-Braç esquerre de l'illa del Tordera - H105004000,475842,4617296,4270559,"1,1-Dicloroetà"
after_2007,0003,0006,F016233,Estanys de Tordera-Braç esquerre de l'illa del Tordera - H105004000,475842,4617296,4270560,"1,1-Dicloroetilè"
after_2007,0003,0006,F016233,Estanys de Tordera-Braç esquerre de l'illa del Tordera - H105004000,475842,4617296,4270561,Lindà(g-Hexaclorociclohexà)
after_2007,0003,0006,F016233,Estanys de Tordera-Braç esquerre de l'illa del Tordera - H105004000,475842,4617296,4270562,a-Hexaclorociclohexà
after_2007,0003,0006,F016233,Estanys de Tordera-Braç esquerre de l'illa del Tordera - H105004000,475842,4617296,4270563,Clorobenzè
after_2007,0003,0006,F016233,Estanys de Tordera-Braç esquerre de l'illa del Tordera - H105004000,475842,4617296,4270564,Hexaclorobenzè
after_2007,0003,0006,F016233,Estanys de Tordera-Braç esquerre de l'illa del Tordera - H105004000,475842,4617296,4270566,o-Xilè
after_2007,0003,0006,F016233,Estanys de Tordera-Braç esquerre de l'illa del Tordera - H105004000,475842,4617296,4270567,"m,p-Xilè"
after_2007,0003,0006,F016233,Estanys de Tordera-Braç esquerre de l'illa del Tordera - H105004000,475842,4617296,4270568,Etilbenzè
after_2007,0003,0006,F016233,Estanys de Tordera-Braç esquerre de l'illa del Tordera - H105004000,475842,4617296,4270569,Benzè
after_2007,0003,0006,F016233,Estanys de Tordera-Braç esquerre de l'illa del Tordera - H105004000,475842,4617296,4270570,"1,2,3-Triclorobenzè"
after_2007,0003,0006,F016233,Estanys de Tordera-Braç esquerre de l'illa del Tordera - H105004000,475842,4617296,4270571,"1,2,4-Triclorobenzè"
after_2007,0003,0006,F016233,Estanys de Tordera-Braç esquerre de l'illa del Tordera - H105004000,475842,4617296,4270572,Suma de triclorobenzens
after_2007,0003,0006,F016233,Estanys de Tordera-Braç esquerre de l'illa del Tordera - H105004000,475842,4617296,4270573,"1,2-Diclorobenzè"
after_2007,0003,0006,F016233,Estanys de Tordera-Braç esquerre de l'illa del Tordera - H105004000,475842,4617296,4270574,"1,4-Diclorobenzè"
after_2007,0003,0006,F016233,Estanys de Tordera-Braç esquerre de l'illa del Tordera - H105004000,475842,4617296,4270575,"1,2-Dicloroetà"
after_2007,0003,0006,F016233,Estanys de Tordera-Braç esquerre de l'illa del Tordera - H105004000,475842,4617296,4270576,Bromoform
after_2007,0003,0006,F016233,Estanys de Tordera-Braç esquerre de l'illa del Tordera - H105004000,475842,4617296,4270577,Dibromoclorometà
after_2007,0003,0006,F016233,Estanys de Tordera-Braç esquerre de l'illa del Tordera - H105004000,475842,4617296,4270578,Tetracloroetilè
after_2007,0003,0006,F016233,Estanys de Tordera-Braç esquerre de l'illa del Tordera - H105004000,475842,4617296,4270579,"1,1,2-Tricloroetà"
after_2007,0003,0006,F016233,Estanys de Tordera-Braç esquerre de l'illa del Tordera - H105004000,475842,4617296,4270580,Triclorometà
after_2007,0003,0006,F016233,Estanys de Tordera-Braç esquerre de l'illa del Tordera - H105004000,475842,4617296,4270581,"cis-1,3-Dicloropropè"
after_2007,0003,0006,F016233,Estanys de Tordera-Braç esquerre de l'illa del Tordera - H105004000,475842,4617296,4270582,Bromodiclorometà
after_2007,0003,0006,F016233,Estanys de Tordera-Braç esquerre de l'illa del Tordera - H105004000,475842,4617296,4270583,Tricloroetilè
after_2007,0003,0006,F016233,Estanys de Tordera-Braç esquerre de l'illa del Tordera - H105004000,475842,4617296,4270584,Tetraclorur de Carboni
after_2007,0003,0006,F016233,Estanys de Tordera-Braç esquerre de l'illa del Tordera - H105004000,475842,4617296,4270585,"cis-1,2-Dicloroetilè"
after_2007,0003,0006,F016233,Estanys de Tordera-Braç esquerre de l'illa del Tordera - H105004000,475842,4617296,4270586,"trans-1,2-Dicloroetilè"
after_2007,0003,0006,F016233,Estanys de Tordera-Braç esquerre de l'illa del Tordera - H105004000,475842,4617296,4270587,Diclorometà
after_2007,0003,0006,F016233,Estanys de Tordera-Braç esquerre de l'illa del Tordera - H105004000,475842,4617296,4270588,Hexaclorobutadiè
after_2007,0003,0006,F016233,Estanys de Tordera-Braç esquerre de l'illa del Tordera - H105004000,475842,4617296,4270589,Toluè
after_2007,0003,0006,F016234,Estanys de Tordera-Estany de Can Raba - H105005000,476940,4617485,4170152,BDE-47
after_2007,0003,0006,F016234,Estanys de Tordera-Estany de Can Raba - H105005000,476940,4617485,4170153,BDE-99
after_2007,0003,0006,F016234,Estanys de Tordera-Estany de Can Raba - H105005000,476940,4617485,4170154,BDE-100
after_2007,0003,0006,F016234,Estanys de Tordera-Estany de Can Raba - H105005000,476940,4617485,4170155,BDE-153
after_2007,0003,0006,F016234,Estanys de Tordera-Estany de Can Raba - H105005000,476940,4617485,4170156,BDE-154
after_2007,0003,0006,F016234,Estanys de Tordera-Estany de Can Raba - H105005000,476940,4617485,4170157,Suma de PAH1
after_2007,0003,0006,F016234,Estanys de Tordera-Estany de Can Raba - H105005000,476940,4617485,4170158,Suma de PAH2
after_2007,0003,0006,F016234,Estanys de Tordera-Estany de Can Raba - H105005000,476940,4617485,4170159,Suma de DDT
after_2007,0003,0006,F016234,Estanys de Tordera-Estany de Can Raba - H105005000,476940,4617485,4170160,Bor
after_2007,0003,0006,F016234,Estanys de Tordera-Estany de Can Raba - H105005000,476940,4617485,4170161,Bari
after_2007,0003,0006,F016234,Estanys de Tordera-Estany de Can Raba - H105005000,476940,4617485,4170162,Crom
after_2007,0003,0006,F016234,Estanys de Tordera-Estany de Can Raba - H105005000,476940,4617485,4170163,Plom
after_2007,0003,0006,F016234,Estanys de Tordera-Estany de Can Raba - H105005000,476940,4617485,4170164,Zinc
after_2007,0003,0006,F016234,Estanys de Tordera-Estany de Can Raba - H105005000,476940,4617485,4170165,Cadmi
after_2007,0003,0006,F016234,Estanys de Tordera-Estany de Can Raba - H105005000,476940,4617485,4170166,Coure
after_2007,0003,0006,F016234,Estanys de Tordera-Estany de Can Raba - H105005000,476940,4617485,4170167,Ferro
after_2007,0003,0006,F016234,Estanys de Tordera-Estany de Can Raba - H105005000,476940,4617485,4170168,Cobalt
after_2007,0003,0006,F016234,Estanys de Tordera-Estany de Can Raba - H105005000,476940,4617485,4170169,Níquel
after_2007,0003,0006,F016234,Estanys de Tordera-Estany de Can Raba - H105005000,476940,4617485,4170170,Seleni
after_2007,0003,0006,F016234,Estanys de Tordera-Estany de Can Raba - H105005000,476940,4617485,4170171,Vanadi
after_2007,0003,0006,F016234,Estanys de Tordera-Estany de Can Raba - H105005000,476940,4617485,4170172,Alumini
after_2007,0003,0006,F016234,Estanys de Tordera-Estany de Can Raba - H105005000,476940,4617485,4170173,Arsènic
after_2007,0003,0006,F016234,Estanys de Tordera-Estany de Can Raba - H105005000,476940,4617485,4170174,Mercuri
after_2007,0003,0006,F016234,Estanys de Tordera-Estany de Can Raba - H105005000,476940,4617485,4170175,Molibdè
after_2007,0003,0006,F016234,Estanys de Tordera-Estany de Can Raba - H105005000,476940,4617485,4170176,Antimoni
after_2007,0003,0006,F016234,Estanys de Tordera-Estany de Can Raba - H105005000,476940,4617485,4170177,Beril·li
after_2007,0003,0006,F016234,Estanys de Tordera-Estany de Can Raba - H105005000,476940,4617485,4170178,Estronci
after_2007,0003,0006,F016234,Estanys de Tordera-Estany de Can Raba - H105005000,476940,4617485,4170179,Manganès
after_2007,0003,0006,F016234,Estanys de Tordera-Estany de Can Raba - H105005000,476940,4617485,4177799,Toluè
after_2007,0003,0006,F016234,Estanys de Tordera-Estany de Can Raba - H105005000,476940,4617485,4177800,Hexaclorobutadiè
after_2007,0003,0006,F016234,Estanys de Tordera-Estany de Can Raba - H105005000,476940,4617485,4177801,Diclorometà
after_2007,0003,0006,F016234,Estanys de Tordera-Estany de Can Raba - H105005000,476940,4617485,4177802,"trans-1,2-Dicloroetilè"
after_2007,0003,0006,F016234,Estanys de Tordera-Estany de Can Raba - H105005000,476940,4617485,4177803,"cis-1,2-Dicloroetilè"
after_2007,0003,0006,F016234,Estanys de Tordera-Estany de Can Raba - H105005000,476940,4617485,4177804,Tetraclorur de Carboni
after_2007,0003,0006,F016234,Estanys de Tordera-Estany de Can Raba - H105005000,476940,4617485,4177805,Tricloroetilè
after_2007,0003,0006,F016234,Estanys de Tordera-Estany de Can Raba - H105005000,476940,4617485,4177806,Bromodiclorometà
after_2007,0003,0006,F016234,Estanys de Tordera-Estany de Can Raba - H105005000,476940,4617485,4177807,"cis-1,3-Dicloropropè"
after_2007,0003,0006,F016234,Estanys de Tordera-Estany de Can Raba - H105005000,476940,4617485,4177808,Triclorometà
after_2007,0003,0006,F016234,Estanys de Tordera-Estany de Can Raba - H105005000,476940,4617485,4177809,"1,1,2-Tricloroetà"
after_2007,0003,0006,F016234,Estanys de Tordera-Estany de Can Raba - H105005000,476940,4617485,4177810,Tetracloroetilè
after_2007,0003,0006,F016234,Estanys de Tordera-Estany de Can Raba - H105005000,476940,4617485,4177811,Dibromoclorometà
after_2007,0003,0006,F016234,Estanys de Tordera-Estany de Can Raba - H105005000,476940,4617485,4177812,Bromoform
after_2007,0003,0006,F016234,Estanys de Tordera-Estany de Can Raba - H105005000,476940,4617485,4177813,"1,2-Dicloroetà"
after_2007,0003,0006,F016234,Estanys de Tordera-Estany de Can Raba - H105005000,476940,4617485,4177814,"1,4-Diclorobenzè"
after_2007,0003,0006,F016234,Estanys de Tordera-Estany de Can Raba - H105005000,476940,4617485,4177815,"1,2-Diclorobenzè"
after_2007,0003,0006,F016234,Estanys de Tordera-Estany de Can Raba - H105005000,476940,4617485,4177816,Suma de triclorobenzens
after_2007,0003,0006,F016234,Estanys de Tordera-Estany de Can Raba - H105005000,476940,4617485,4177817,"1,2,4-Triclorobenzè"
after_2007,0003,0006,F016234,Estanys de Tordera-Estany de Can Raba - H105005000,476940,4617485,4177818,"1,2,3-Triclorobenzè"
after_2007,0003,0006,F016234,Estanys de Tordera-Estany de Can Raba - H105005000,476940,4617485,4177819,Benzè
after_2007,0003,0006,F016234,Estanys de Tordera-Estany de Can Raba - H105005000,476940,4617485,4177820,Etilbenzè
after_2007,0003,0006,F016234,Estanys de Tordera-Estany de Can Raba - H105005000,476940,4617485,4177821,"m,p-Xilè"
after_2007,0003,0006,F016234,Estanys de Tordera-Estany de Can Raba - H105005000,476940,4617485,4177822,o-Xilè
after_2007,0003,0006,F016234,Estanys de Tordera-Estany de Can Raba - H105005000,476940,4617485,4177824,Hexaclorobenzè
after_2007,0003,0006,F016234,Estanys de Tordera-Estany de Can Raba - H105005000,476940,4617485,4177825,Clorobenzè
after_2007,0003,0006,F016234,Estanys de Tordera-Estany de Can Raba - H105005000,476940,4617485,4177826,a-Hexaclorociclohexà
after_2007,0003,0006,F016234,Estanys de Tordera-Estany de Can Raba - H105005000,476940,4617485,4177827,Lindà(g-Hexaclorociclohexà)
after_2007,0003,0006,F016234,Estanys de Tordera-Estany de Can Raba - H105005000,476940,4617485,4177828,"1,1-Dicloroetilè"
after_2007,0003,0006,F016234,Estanys de Tordera-Estany de Can Raba - H105005000,476940,4617485,4177829,"1,1-Dicloroetà"
after_2007,0003,0006,F016234,Estanys de Tordera-Estany de Can Raba - H105005000,476940,4617485,4177830,"1,1,1-Tricloroetà"
after_2007,0003,0006,F016234,Estanys de Tordera-Estany de Can Raba - H105005000,476940,4617485,4177831,"1,2-Dicloropropà"
after_2007,0003,0006,F016234,Estanys de Tordera-Estany de Can Raba - H105005000,476940,4617485,4177832,"trans-1,3-Dicloropropè"
after_2007,0003,0006,F016234,Estanys de Tordera-Estany de Can Raba - H105005000,476940,4617485,4177833,"1,1,2,2-Tetracloroetà"
after_2007,0003,0006,F016234,Estanys de Tordera-Estany de Can Raba - H105005000,476940,4617485,4177834,"1,3,5-Triclorobenzè"
after_2007,0003,0006,F016234,Estanys de Tordera-Estany de Can Raba - H105005000,476940,4617485,4177835,Heptaclor
after_2007,0003,0006,F016234,Estanys de Tordera-Estany de Can Raba - H105005000,476940,4617485,4177836,Aldrín
after_2007,0003,0006,F016234,Estanys de Tordera-Estany de Can Raba - H105005000,476940,4617485,4177837,Isodrín
after_2007,0003,0006,F016234,Estanys de Tordera-Estany de Can Raba - H105005000,476940,4617485,4177838,Epòxid d'heptaclor B
after_2007,0003,0006,F016234,Estanys de Tordera-Estany de Can Raba - H105005000,476940,4617485,4177839,Endosulfan I
after_2007,0003,0006,F016234,Estanys de Tordera-Estany de Can Raba - H105005000,476940,4617485,4177840,Dieldrín
after_2007,0003,0006,F016234,Estanys de Tordera-Estany de Can Raba - H105005000,476940,4617485,4177841,Endrín
after_2007,0003,0006,F016234,Estanys de Tordera-Estany de Can Raba - H105005000,476940,4617485,4177842,"4,4'-DDE"
after_2007,0003,0006,F016234,Estanys de Tordera-Estany de Can Raba - H105005000,476940,4617485,4177843,Endosulfan II
after_2007,0003,0006,F016234,Estanys de Tordera-Estany de Can Raba - H105005000,476940,4617485,4177844,"4,4'-DDD"
after_2007,0003,0006,F016234,Estanys de Tordera-Estany de Can Raba - H105005000,476940,4617485,4177845,Sulfat d'endosulfan
after_2007,0003,0006,F016234,Estanys de Tordera-Estany de Can Raba - H105005000,476940,4617485,4177846,"4,4'-DDT"
after_2007,0003,0006,F016234,Estanys de Tordera-Estany de Can Raba - H105005000,476940,4617485,4177847,Triclorofluorometà
after_2007,0003,0006,F016234,Estanys de Tordera-Estany de Can Raba - H105005000,476940,4617485,4177848,"1,3-diclorobenzè"
after_2007,0003,0006,F016234,Estanys de Tordera-Estany de Can Raba - H105005000,476940,4617485,4177849,Naftalè
after_2007,0003,0006,F016234,Estanys de Tordera-Estany de Can Raba - H105005000,476940,4617485,4177850,Diazinon
after_2007,0003,0006,F016234,Estanys de Tordera-Estany de Can Raba - H105005000,476940,4617485,4177851,Paration de metil
after_2007,0003,0006,F016234,Estanys de Tordera-Estany de Can Raba - H105005000,476940,4617485,4177852,Fenitrotion
after_2007,0003,0006,F016234,Estanys de Tordera-Estany de Can Raba - H105005000,476940,4617485,4177853,Malation
after_2007,0003,0006,F016234,Estanys de Tordera-Estany de Can Raba - H105005000,476940,4617485,4177854,Clorpirifòs
after_2007,0003,0006,F016234,Estanys de Tordera-Estany de Can Raba - H105005000,476940,4617485,4177855,Paration
after_2007,0003,0006,F016234,Estanys de Tordera-Estany de Can Raba - H105005000,476940,4617485,4177856,Clorfenvinfòs (suma d'isòmers)
after_2007,0003,0006,F016234,Estanys de Tordera-Estany de Can Raba - H105005000,476940,4617485,4177857,Etion
after_2007,0003,0006,F016234,Estanys de Tordera-Estany de Can Raba - H105005000,476940,4617485,4177858,Azinfòs d'etil
after_2007,0003,0006,F016234,Estanys de Tordera-Estany de Can Raba - H105005000,476940,4617485,4177859,Simazina
after_2007,0003,0006,F016234,Estanys de Tordera-Estany de Can Raba - H105005000,476940,4617485,4177860,Atrazina
after_2007,0003,0006,F016234,Estanys de Tordera-Estany de Can Raba - H105005000,476940,4617485,4177861,Propazina
after_2007,0003,0006,F016234,Estanys de Tordera-Estany de Can Raba - H105005000,476940,4617485,4177862,Terbutrina
after_2007,0003,0006,F016234,Estanys de Tordera-Estany de Can Raba - H105005000,476940,4617485,4177863,Antracè
after_2007,0003,0006,F016234,Estanys de Tordera-Estany de Can Raba - H105005000,476940,4617485,4177864,Fluorantè
after_2007,0003,0006,F016234,Estanys de Tordera-Estany de Can Raba - H105005000,476940,4617485,4177865,Benzo(b)fluorantè
after_2007,0003,0006,F016234,Estanys de Tordera-Estany de Can Raba - H105005000,476940,4617485,4177866,Benzo(k)fluorantè
after_2007,0003,0006,F016234,Estanys de Tordera-Estany de Can Raba - H105005000,476940,4617485,4177867,Benzo(a)pirè
after_2007,0003,0006,F016234,Estanys de Tordera-Estany de Can Raba - H105005000,476940,4617485,4177868,"Indeno(1,2,3-cd)pirè"
after_2007,0003,0006,F016234,Estanys de Tordera-Estany de Can Raba - H105005000,476940,4617485,4177869,Benzo(ghi)perilè
after_2007,0003,0006,F016234,Estanys de Tordera-Estany de Can Raba - H105005000,476940,4617485,4177870,Suma d'al-diel-iso-endrín
after_2007,0003,0006,F016234,Estanys de Tordera-Estany de Can Raba - H105005000,476940,4617485,4177871,Suma d'Organofosforats
after_2007,0003,0006,F016234,Estanys de Tordera-Estany de Can Raba - H105005000,476940,4617485,4177872,Suma de plaguicides clorats
after_2007,0003,0006,F016234,Estanys de Tordera-Estany de Can Raba - H105005000,476940,4617485,4177873,Suma de triazines
after_2007,0003,0006,F016234,Estanys de Tordera-Estany de Can Raba - H105005000,476940,4617485,4177874,Trifluralina
after_2007,0003,0006,F016234,Estanys de Tordera-Estany de Can Raba - H105005000,476940,4617485,4177875,Molinat
after_2007,0003,0006,F016234,Estanys de Tordera-Estany de Can Raba - H105005000,476940,4617485,4177876,Terbutilazina
after_2007,0003,0006,F016234,Estanys de Tordera-Estany de Can Raba - H105005000,476940,4617485,4177877,Alaclor
after_2007,0003,0006,F016234,Estanys de Tordera-Estany de Can Raba - H105005000,476940,4617485,4177878,Pentaclorobenzè
after_2007,0003,0006,F016234,Estanys de Tordera-Estany de Can Raba - H105005000,476940,4617485,4177879,tert-Octilfenol
after_2007,0003,0006,F016234,Estanys de Tordera-Estany de Can Raba - H105005000,476940,4617485,4177880,NPEO(e=0)
after_2007,0003,0006,F016234,Estanys de Tordera-Estany de Can Raba - H105005000,476940,4617485,4177881,"2,4'-DDT"
after_2007,0003,0006,F016234,Estanys de Tordera-Estany de Can Raba - H105005000,476940,4617485,4177882,"2,4'-DDE"
after_2007,0003,0006,F016234,Estanys de Tordera-Estany de Can Raba - H105005000,476940,4617485,4177883,"2,4'-DDD"
after_2007,0003,0006,F016234,Estanys de Tordera-Estany de Can Raba - H105005000,476940,4617485,4177884,Metolaclor
after_2007,0003,0006,F016234,Estanys de Tordera-Estany de Can Raba - H105005000,476940,4617485,4177885,Epòxid d'heptaclor A
after_2007,0003,0006,F016234,Estanys de Tordera-Estany de Can Raba - H105005000,476940,4617485,4177886,Suma de diclorobenzens
after_2007,0003,0006,F016234,Estanys de Tordera-Estany de Can Raba - H105005000,476940,4617485,4177887,Cetona d'endrín
after_2007,0003,0006,F016234,Estanys de Tordera-Estany de Can Raba - H105005000,476940,4617485,4177888,BDE-28
after_2007,0003,0006,F016234,Estanys de Tordera-Estany de Can Raba - H105005000,476940,4617485,4177889,Quinoxifèn
after_2007,0003,0006,F016234,Estanys de Tordera-Estany de Can Raba - H105005000,476940,4617485,4177890,Aclonifèn
after_2007,0003,0006,F016234,Estanys de Tordera-Estany de Can Raba - H105005000,476940,4617485,4177891,Bifenox
after_2007,0003,0006,F016234,Estanys de Tordera-Estany de Can Raba - H105005000,476940,4617485,4177892,Cipermetrín (suma d'isòmers)
after_2007,0003,0006,F016234,Estanys de Tordera-Estany de Can Raba - H105005000,476940,4617485,4177893,Cibutrina
after_2007,0003,0006,F016234,Estanys de Tordera-Estany de Can Raba - H105005000,476940,4617485,4177894,4-n-Nonilfenol
after_2007,0003,0006,F016235,Estany de Sils - H105001000,478631,4627820,4183494,BDE-47
after_2007,0003,0006,F016235,Estany de Sils - H105001000,478631,4627820,4183495,BDE-99
after_2007,0003,0006,F016235,Estany de Sils - H105001000,478631,4627820,4183496,BDE-100
after_2007,0003,0006,F016235,Estany de Sils - H105001000,478631,4627820,4183497,BDE-153
after_2007,0003,0006,F016235,Estany de Sils - H105001000,478631,4627820,4183498,BDE-154
after_2007,0003,0006,F016235,Estany de Sils - H105001000,478631,4627820,4183499,Suma de PAH1
after_2007,0003,0006,F016235,Estany de Sils - H105001000,478631,4627820,4183500,Suma de PAH2
after_2007,0003,0006,F016235,Estany de Sils - H105001000,478631,4627820,4183501,Suma de DDT
after_2007,0003,0006,F016235,Estany de Sils - H105001000,478631,4627820,4183502,Bor
after_2007,0003,0006,F016235,Estany de Sils - H105001000,478631,4627820,4183503,Bari
after_2007,0003,0006,F016235,Estany de Sils - H105001000,478631,4627820,4183504,Crom
after_2007,0003,0006,F016235,Estany de Sils - H105001000,478631,4627820,4183505,Plom
after_2007,0003,0006,F016235,Estany de Sils - H105001000,478631,4627820,4183506,Zinc
after_2007,0003,0006,F016235,Estany de Sils - H105001000,478631,4627820,4183507,Cadmi
after_2007,0003,0006,F016235,Estany de Sils - H105001000,478631,4627820,4183508,Coure
after_2007,0003,0006,F016235,Estany de Sils - H105001000,478631,4627820,4183509,Ferro
after_2007,0003,0006,F016235,Estany de Sils - H105001000,478631,4627820,4183510,Cobalt
after_2007,0003,0006,F016235,Estany de Sils - H105001000,478631,4627820,4183511,Níquel
after_2007,0003,0006,F016235,Estany de Sils - H105001000,478631,4627820,4183512,Seleni
after_2007,0003,0006,F016235,Estany de Sils - H105001000,478631,4627820,4183513,Vanadi
after_2007,0003,0006,F016235,Estany de Sils - H105001000,478631,4627820,4183514,Alumini
after_2007,0003,0006,F016235,Estany de Sils - H105001000,478631,4627820,4183515,Arsènic
after_2007,0003,0006,F016235,Estany de Sils - H105001000,478631,4627820,4183516,Mercuri
after_2007,0003,0006,F016235,Estany de Sils - H105001000,478631,4627820,4183517,Molibdè
after_2007,0003,0006,F016235,Estany de Sils - H105001000,478631,4627820,4183518,Antimoni
after_2007,0003,0006,F016235,Estany de Sils - H105001000,478631,4627820,4183519,Beril·li
after_2007,0003,0006,F016235,Estany de Sils - H105001000,478631,4627820,4183520,Estronci
after_2007,0003,0006,F016235,Estany de Sils - H105001000,478631,4627820,4183521,Manganès
after_2007,0003,0006,F016235,Estany de Sils - H105001000,478631,4627820,4184372,Toluè
after_2007,0003,0006,F016235,Estany de Sils - H105001000,478631,4627820,4184373,Hexaclorobutadiè
after_2007,0003,0006,F016235,Estany de Sils - H105001000,478631,4627820,4184374,Diclorometà
after_2007,0003,0006,F016235,Estany de Sils - H105001000,478631,4627820,4184375,"trans-1,2-Dicloroetilè"
after_2007,0003,0006,F016235,Estany de Sils - H105001000,478631,4627820,4184376,"cis-1,2-Dicloroetilè"
after_2007,0003,0006,F016235,Estany de Sils - H105001000,478631,4627820,4184377,Tetraclorur de Carboni
after_2007,0003,0006,F016235,Estany de Sils - H105001000,478631,4627820,4184378,Tricloroetilè
after_2007,0003,0006,F016235,Estany de Sils - H105001000,478631,4627820,4184379,Bromodiclorometà
after_2007,0003,0006,F016235,Estany de Sils - H105001000,478631,4627820,4184380,"cis-1,3-Dicloropropè"
after_2007,0003,0006,F016235,Estany de Sils - H105001000,478631,4627820,4184381,Triclorometà
after_2007,0003,0006,F016235,Estany de Sils - H105001000,478631,4627820,4184382,"1,1,2-Tricloroetà"
after_2007,0003,0006,F016235,Estany de Sils - H105001000,478631,4627820,4184383,Tetracloroetilè
after_2007,0003,0006,F016235,Estany de Sils - H105001000,478631,4627820,4184384,Dibromoclorometà
after_2007,0003,0006,F016235,Estany de Sils - H105001000,478631,4627820,4184385,Bromoform
after_2007,0003,0006,F016235,Estany de Sils - H105001000,478631,4627820,4184386,"1,2-Dicloroetà"
after_2007,0003,0006,F016235,Estany de Sils - H105001000,478631,4627820,4184387,"1,4-Diclorobenzè"
after_2007,0003,0006,F016235,Estany de Sils - H105001000,478631,4627820,4184388,"1,2-Diclorobenzè"
after_2007,0003,0006,F016235,Estany de Sils - H105001000,478631,4627820,4184389,Suma de triclorobenzens
after_2007,0003,0006,F016235,Estany de Sils - H105001000,478631,4627820,4184390,"1,2,4-Triclorobenzè"
after_2007,0003,0006,F016235,Estany de Sils - H105001000,478631,4627820,4184391,"1,2,3-Triclorobenzè"
after_2007,0003,0006,F016235,Estany de Sils - H105001000,478631,4627820,4184392,Benzè
after_2007,0003,0006,F016235,Estany de Sils - H105001000,478631,4627820,4184393,Etilbenzè
after_2007,0003,0006,F016235,Estany de Sils - H105001000,478631,4627820,4184394,"m,p-Xilè"
after_2007,0003,0006,F016235,Estany de Sils - H105001000,478631,4627820,4184395,o-Xilè
after_2007,0003,0006,F016235,Estany de Sils - H105001000,478631,4627820,4184397,Hexaclorobenzè
after_2007,0003,0006,F016235,Estany de Sils - H105001000,478631,4627820,4184398,Clorobenzè
after_2007,0003,0006,F016235,Estany de Sils - H105001000,478631,4627820,4184399,a-Hexaclorociclohexà
after_2007,0003,0006,F016235,Estany de Sils - H105001000,478631,4627820,4184400,Lindà(g-Hexaclorociclohexà)
after_2007,0003,0006,F016235,Estany de Sils - H105001000,478631,4627820,4184401,"1,1-Dicloroetilè"
after_2007,0003,0006,F016235,Estany de Sils - H105001000,478631,4627820,4184402,"1,1-Dicloroetà"
after_2007,0003,0006,F016235,Estany de Sils - H105001000,478631,4627820,4184403,"1,1,1-Tricloroetà"
after_2007,0003,0006,F016235,Estany de Sils - H105001000,478631,4627820,4184404,"1,2-Dicloropropà"
after_2007,0003,0006,F016235,Estany de Sils - H105001000,478631,4627820,4184405,"trans-1,3-Dicloropropè"
after_2007,0003,0006,F016235,Estany de Sils - H105001000,478631,4627820,4184406,"1,1,2,2-Tetracloroetà"
after_2007,0003,0006,F016235,Estany de Sils - H105001000,478631,4627820,4184407,"1,3,5-Triclorobenzè"
after_2007,0003,0006,F016235,Estany de Sils - H105001000,478631,4627820,4184408,Heptaclor
after_2007,0003,0006,F016235,Estany de Sils - H105001000,478631,4627820,4184409,Aldrín
after_2007,0003,0006,F016235,Estany de Sils - H105001000,478631,4627820,4184410,Isodrín
after_2007,0003,0006,F016235,Estany de Sils - H105001000,478631,4627820,4184411,Epòxid d'heptaclor B
after_2007,0003,0006,F016235,Estany de Sils - H105001000,478631,4627820,4184412,Endosulfan I
after_2007,0003,0006,F016235,Estany de Sils - H105001000,478631,4627820,4184413,Dieldrín
after_2007,0003,0006,F016235,Estany de Sils - H105001000,478631,4627820,4184414,Endrín
after_2007,0003,0006,F016235,Estany de Sils - H105001000,478631,4627820,4184415,"4,4'-DDE"
after_2007,0003,0006,F016235,Estany de Sils - H105001000,478631,4627820,4184416,Endosulfan II
after_2007,0003,0006,F016235,Estany de Sils - H105001000,478631,4627820,4184417,"4,4'-DDD"
after_2007,0003,0006,F016235,Estany de Sils - H105001000,478631,4627820,4184418,Sulfat d'endosulfan
after_2007,0003,0006,F016235,Estany de Sils - H105001000,478631,4627820,4184419,"4,4'-DDT"
after_2007,0003,0006,F016235,Estany de Sils - H105001000,478631,4627820,4184420,Triclorofluorometà
after_2007,0003,0006,F016235,Estany de Sils - H105001000,478631,4627820,4184421,"1,3-diclorobenzè"
after_2007,0003,0006,F016235,Estany de Sils - H105001000,478631,4627820,4184422,Naftalè
after_2007,0003,0006,F016235,Estany de Sils - H105001000,478631,4627820,4184423,Diazinon
after_2007,0003,0006,F016235,Estany de Sils - H105001000,478631,4627820,4184424,Paration de metil
after_2007,0003,0006,F016235,Estany de Sils - H105001000,478631,4627820,4184425,Fenitrotion
after_2007,0003,0006,F016235,Estany de Sils - H105001000,478631,4627820,4184426,Malation
after_2007,0003,0006,F016235,Estany de Sils - H105001000,478631,4627820,4184427,Clorpirifòs
after_2007,0003,0006,F016235,Estany de Sils - H105001000,478631,4627820,4184428,Paration
after_2007,0003,0006,F016235,Estany de Sils - H105001000,478631,4627820,4184429,Clorfenvinfòs (suma d'isòmers)
after_2007,0003,0006,F016235,Estany de Sils - H105001000,478631,4627820,4184430,Etion
after_2007,0003,0006,F016235,Estany de Sils - H105001000,478631,4627820,4184431,Azinfòs d'etil
after_2007,0003,0006,F016235,Estany de Sils - H105001000,478631,4627820,4184432,Simazina
after_2007,0003,0006,F016235,Estany de Sils - H105001000,478631,4627820,4184433,Atrazina
after_2007,0003,0006,F016235,Estany de Sils - H105001000,478631,4627820,4184434,Propazina
after_2007,0003,0006,F016235,Estany de Sils - H105001000,478631,4627820,4184435,Terbutrina
after_2007,0003,0006,F016235,Estany de Sils - H105001000,478631,4627820,4184436,Antracè
after_2007,0003,0006,F016235,Estany de Sils - H105001000,478631,4627820,4184437,Fluorantè
after_2007,0003,0006,F016235,Estany de Sils - H105001000,478631,4627820,4184438,Benzo(b)fluorantè
after_2007,0003,0006,F016235,Estany de Sils - H105001000,478631,4627820,4184439,Benzo(k)fluorantè
after_2007,0003,0006,F016235,Estany de Sils - H105001000,478631,4627820,4184440,Benzo(a)pirè
after_2007,0003,0006,F016235,Estany de Sils - H105001000,478631,4627820,4184441,"Indeno(1,2,3-cd)pirè"
after_2007,0003,0006,F016235,Estany de Sils - H105001000,478631,4627820,4184442,Benzo(ghi)perilè
after_2007,0003,0006,F016235,Estany de Sils - H105001000,478631,4627820,4184443,Suma d'al-diel-iso-endrín
after_2007,0003,0006,F016235,Estany de Sils - H105001000,478631,4627820,4184444,Suma d'Organofosforats
after_2007,0003,0006,F016235,Estany de Sils - H105001000,478631,4627820,4184445,Suma de plaguicides clorats
after_2007,0003,0006,F016235,Estany de Sils - H105001000,478631,4627820,4184446,Suma de triazines
after_2007,0003,0006,F016235,Estany de Sils - H105001000,478631,4627820,4184447,Trifluralina
after_2007,0003,0006,F016235,Estany de Sils - H105001000,478631,4627820,4184448,Molinat
after_2007,0003,0006,F016235,Estany de Sils - H105001000,478631,4627820,4184449,Terbutilazina
after_2007,0003,0006,F016235,Estany de Sils - H105001000,478631,4627820,4184450,Alaclor
after_2007,0003,0006,F016235,Estany de Sils - H105001000,478631,4627820,4184451,Pentaclorobenzè
after_2007,0003,0006,F016235,Estany de Sils - H105001000,478631,4627820,4184452,tert-Octilfenol
after_2007,0003,0006,F016235,Estany de Sils - H105001000,478631,4627820,4184453,NPEO(e=0)
after_2007,0003,0006,F016235,Estany de Sils - H105001000,478631,4627820,4184454,"2,4'-DDT"
after_2007,0003,0006,F016235,Estany de Sils - H105001000,478631,4627820,4184455,"2,4'-DDE"
after_2007,0003,0006,F016235,Estany de Sils - H105001000,478631,4627820,4184456,"2,4'-DDD"
after_2007,0003,0006,F016235,Estany de Sils - H105001000,478631,4627820,4184457,Metolaclor
after_2007,0003,0006,F016235,Estany de Sils - H105001000,478631,4627820,4184458,Epòxid d'heptaclor A
after_2007,0003,0006,F016235,Estany de Sils - H105001000,478631,4627820,4184459,Suma de diclorobenzens
after_2007,0003,0006,F016235,Estany de Sils - H105001000,478631,4627820,4184460,Cetona d'endrín
after_2007,0003,0006,F016235,Estany de Sils - H105001000,478631,4627820,4184461,BDE-28
after_2007,0003,0006,F016235,Estany de Sils - H105001000,478631,4627820,4184462,Quinoxifèn
after_2007,0003,0006,F016235,Estany de Sils - H105001000,478631,4627820,4184463,Aclonifèn
after_2007,0003,0006,F016235,Estany de Sils - H105001000,478631,4627820,4184464,Bifenox
after_2007,0003,0006,F016235,Estany de Sils - H105001000,478631,4627820,4184465,Cipermetrín (suma d'isòmers)
after_2007,0003,0006,F016235,Estany de Sils - H105001000,478631,4627820,4184466,Cibutrina
after_2007,0003,0006,F016235,Estany de Sils - H105001000,478631,4627820,4184467,4-n-Nonilfenol
after_2007,0003,0006,F016236,Clot d'Espolla-Platja d'Espolla - H104002000,480693,4666475,4275156,Bor
after_2007,0003,0006,F016236,Clot d'Espolla-Platja d'Espolla - H104002000,480693,4666475,4275157,Bari
after_2007,0003,0006,F016236,Clot d'Espolla-Platja d'Espolla - H104002000,480693,4666475,4275158,Crom
after_2007,0003,0006,F016236,Clot d'Espolla-Platja d'Espolla - H104002000,480693,4666475,4275159,Plom
after_2007,0003,0006,F016236,Clot d'Espolla-Platja d'Espolla - H104002000,480693,4666475,4275160,Zinc
after_2007,0003,0006,F016236,Clot d'Espolla-Platja d'Espolla - H104002000,480693,4666475,4275161,Cadmi
after_2007,0003,0006,F016236,Clot d'Espolla-Platja d'Espolla - H104002000,480693,4666475,4275162,Coure
after_2007,0003,0006,F016236,Clot d'Espolla-Platja d'Espolla - H104002000,480693,4666475,4275163,Ferro
after_2007,0003,0006,F016236,Clot d'Espolla-Platja d'Espolla - H104002000,480693,4666475,4275164,Cobalt
after_2007,0003,0006,F016236,Clot d'Espolla-Platja d'Espolla - H104002000,480693,4666475,4275165,Níquel
after_2007,0003,0006,F016236,Clot d'Espolla-Platja d'Espolla - H104002000,480693,4666475,4275166,Seleni
after_2007,0003,0006,F016236,Clot d'Espolla-Platja d'Espolla - H104002000,480693,4666475,4275167,Vanadi
after_2007,0003,0006,F016236,Clot d'Espolla-Platja d'Espolla - H104002000,480693,4666475,4275168,Alumini
after_2007,0003,0006,F016236,Clot d'Espolla-Platja d'Espolla - H104002000,480693,4666475,4275169,Arsènic
after_2007,0003,0006,F016236,Clot d'Espolla-Platja d'Espolla - H104002000,480693,4666475,4275170,Mercuri
after_2007,0003,0006,F016236,Clot d'Espolla-Platja d'Espolla - H104002000,480693,4666475,4275171,Molibdè
after_2007,0003,0006,F016236,Clot d'Espolla-Platja d'Espolla - H104002000,480693,4666475,4275172,Antimoni
after_2007,0003,0006,F016236,Clot d'Espolla-Platja d'Espolla - H104002000,480693,4666475,4275173,Beril·li
after_2007,0003,0006,F016236,Clot d'Espolla-Platja d'Espolla - H104002000,480693,4666475,4275174,Estronci
after_2007,0003,0006,F016236,Clot d'Espolla-Platja d'Espolla - H104002000,480693,4666475,4275175,Manganès
after_2007,0003,0006,F016236,Clot d'Espolla-Platja d'Espolla - H104002000,480693,4666475,4275609,Toluè
after_2007,0003,0006,F016236,Clot d'Espolla-Platja d'Espolla - H104002000,480693,4666475,4275610,Hexaclorobutadiè
after_2007,0003,0006,F016236,Clot d'Espolla-Platja d'Espolla - H104002000,480693,4666475,4275611,Diclorometà
after_2007,0003,0006,F016236,Clot d'Espolla-Platja d'Espolla - H104002000,480693,4666475,4275612,"trans-1,2-Dicloroetilè"
after_2007,0003,0006,F016236,Clot d'Espolla-Platja d'Espolla - H104002000,480693,4666475,4275613,"cis-1,2-Dicloroetilè"
after_2007,0003,0006,F016236,Clot d'Espolla-Platja d'Espolla - H104002000,480693,4666475,4275614,Tetraclorur de Carboni
after_2007,0003,0006,F016236,Clot d'Espolla-Platja d'Espolla - H104002000,480693,4666475,4275615,Tricloroetilè
after_2007,0003,0006,F016236,Clot d'Espolla-Platja d'Espolla - H104002000,480693,4666475,4275616,Bromodiclorometà
after_2007,0003,0006,F016236,Clot d'Espolla-Platja d'Espolla - H104002000,480693,4666475,4275617,"cis-1,3-Dicloropropè"
after_2007,0003,0006,F016236,Clot d'Espolla-Platja d'Espolla - H104002000,480693,4666475,4275618,Triclorometà
after_2007,0003,0006,F016236,Clot d'Espolla-Platja d'Espolla - H104002000,480693,4666475,4275619,"1,1,2-Tricloroetà"
after_2007,0003,0006,F016236,Clot d'Espolla-Platja d'Espolla - H104002000,480693,4666475,4275620,Tetracloroetilè
after_2007,0003,0006,F016236,Clot d'Espolla-Platja d'Espolla - H104002000,480693,4666475,4275621,Dibromoclorometà
after_2007,0003,0006,F016236,Clot d'Espolla-Platja d'Espolla - H104002000,480693,4666475,4275622,Bromoform
after_2007,0003,0006,F016236,Clot d'Espolla-Platja d'Espolla - H104002000,480693,4666475,4275623,"1,2-Dicloroetà"
after_2007,0003,0006,F016236,Clot d'Espolla-Platja d'Espolla - H104002000,480693,4666475,4275624,"1,4-Diclorobenzè"
after_2007,0003,0006,F016236,Clot d'Espolla-Platja d'Espolla - H104002000,480693,4666475,4275625,"1,2-Diclorobenzè"
after_2007,0003,0006,F016236,Clot d'Espolla-Platja d'Espolla - H104002000,480693,4666475,4275626,Suma de triclorobenzens
after_2007,0003,0006,F016236,Clot d'Espolla-Platja d'Espolla - H104002000,480693,4666475,4275627,"1,2,4-Triclorobenzè"
after_2007,0003,0006,F016236,Clot d'Espolla-Platja d'Espolla - H104002000,480693,4666475,4275628,"1,2,3-Triclorobenzè"
after_2007,0003,0006,F016236,Clot d'Espolla-Platja d'Espolla - H104002000,480693,4666475,4275629,Benzè
after_2007,0003,0006,F016236,Clot d'Espolla-Platja d'Espolla - H104002000,480693,4666475,4275630,Etilbenzè
after_2007,0003,0006,F016236,Clot d'Espolla-Platja d'Espolla - H104002000,480693,4666475,4275631,"m,p-Xilè"
after_2007,0003,0006,F016236,Clot d'Espolla-Platja d'Espolla - H104002000,480693,4666475,4275632,o-Xilè
after_2007,0003,0006,F016236,Clot d'Espolla-Platja d'Espolla - H104002000,480693,4666475,4275633,Clorobenzè
after_2007,0003,0006,F016236,Clot d'Espolla-Platja d'Espolla - H104002000,480693,4666475,4275634,"1,1-Dicloroetilè"
after_2007,0003,0006,F016236,Clot d'Espolla-Platja d'Espolla - H104002000,480693,4666475,4275635,"1,1-Dicloroetà"
after_2007,0003,0006,F016236,Clot d'Espolla-Platja d'Espolla - H104002000,480693,4666475,4275636,"1,1,1-Tricloroetà"
after_2007,0003,0006,F016236,Clot d'Espolla-Platja d'Espolla - H104002000,480693,4666475,4275637,"1,2-Dicloropropà"
after_2007,0003,0006,F016236,Clot d'Espolla-Platja d'Espolla - H104002000,480693,4666475,4275638,"trans-1,3-Dicloropropè"
after_2007,0003,0006,F016236,Clot d'Espolla-Platja d'Espolla - H104002000,480693,4666475,4275639,"1,1,2,2-Tetracloroetà"
after_2007,0003,0006,F016236,Clot d'Espolla-Platja d'Espolla - H104002000,480693,4666475,4275640,"1,3,5-Triclorobenzè"
after_2007,0003,0006,F016236,Clot d'Espolla-Platja d'Espolla - H104002000,480693,4666475,4275641,Triclorofluorometà
after_2007,0003,0006,F016236,Clot d'Espolla-Platja d'Espolla - H104002000,480693,4666475,4275642,"1,3-Diclorobenzè"
after_2007,0003,0006,F016236,Clot d'Espolla-Platja d'Espolla - H104002000,480693,4666475,4275643,Naftalè
after_2007,0003,0006,F016236,Clot d'Espolla-Platja d'Espolla - H104002000,480693,4666475,4275644,Suma de diclorobenzens
after_2007,0003,0006,F016237,Desembocadura del riu Tordera - H105007000,481386,4611198,4170180,BDE-47
after_2007,0003,0006,F016237,Desembocadura del riu Tordera - H105007000,481386,4611198,4170181,BDE-99
after_2007,0003,0006,F016237,Desembocadura del riu Tordera - H105007000,481386,4611198,4170182,BDE-100
after_2007,0003,0006,F016237,Desembocadura del riu Tordera - H105007000,481386,4611198,4170183,BDE-153
after_2007,0003,0006,F016237,Desembocadura del riu Tordera - H105007000,481386,4611198,4170184,BDE-154
after_2007,0003,0006,F016237,Desembocadura del riu Tordera - H105007000,481386,4611198,4170185,Suma de PAH1
after_2007,0003,0006,F016237,Desembocadura del riu Tordera - H105007000,481386,4611198,4170186,Suma de PAH2
after_2007,0003,0006,F016237,Desembocadura del riu Tordera - H105007000,481386,4611198,4170187,Suma de DDT
after_2007,0003,0006,F016237,Desembocadura del riu Tordera - H105007000,481386,4611198,4170188,Bor
after_2007,0003,0006,F016237,Desembocadura del riu Tordera - H105007000,481386,4611198,4170189,Bari
after_2007,0003,0006,F016237,Desembocadura del riu Tordera - H105007000,481386,4611198,4170190,Crom
after_2007,0003,0006,F016237,Desembocadura del riu Tordera - H105007000,481386,4611198,4170191,Plom
after_2007,0003,0006,F016237,Desembocadura del riu Tordera - H105007000,481386,4611198,4170192,Zinc
after_2007,0003,0006,F016237,Desembocadura del riu Tordera - H105007000,481386,4611198,4170193,Cadmi
after_2007,0003,0006,F016237,Desembocadura del riu Tordera - H105007000,481386,4611198,4170194,Coure
after_2007,0003,0006,F016237,Desembocadura del riu Tordera - H105007000,481386,4611198,4170195,Ferro
after_2007,0003,0006,F016237,Desembocadura del riu Tordera - H105007000,481386,4611198,4170196,Cobalt
after_2007,0003,0006,F016237,Desembocadura del riu Tordera - H105007000,481386,4611198,4170197,Níquel
after_2007,0003,0006,F016237,Desembocadura del riu Tordera - H105007000,481386,4611198,4170198,Seleni
after_2007,0003,0006,F016237,Desembocadura del riu Tordera - H105007000,481386,4611198,4170199,Vanadi
after_2007,0003,0006,F016237,Desembocadura del riu Tordera - H105007000,481386,4611198,4170200,Alumini
after_2007,0003,0006,F016237,Desembocadura del riu Tordera - H105007000,481386,4611198,4170201,Arsènic
after_2007,0003,0006,F016237,Desembocadura del riu Tordera - H105007000,481386,4611198,4170202,Mercuri
after_2007,0003,0006,F016237,Desembocadura del riu Tordera - H105007000,481386,4611198,4170203,Molibdè
after_2007,0003,0006,F016237,Desembocadura del riu Tordera - H105007000,481386,4611198,4170204,Antimoni
after_2007,0003,0006,F016237,Desembocadura del riu Tordera - H105007000,481386,4611198,4170205,Beril·li
after_2007,0003,0006,F016237,Desembocadura del riu Tordera - H105007000,481386,4611198,4170206,Estronci
after_2007,0003,0006,F016237,Desembocadura del riu Tordera - H105007000,481386,4611198,4170207,Manganès
after_2007,0003,0006,F016237,Desembocadura del riu Tordera - H105007000,481386,4611198,4177899,Toluè
after_2007,0003,0006,F016237,Desembocadura del riu Tordera - H105007000,481386,4611198,4177900,Hexaclorobutadiè
after_2007,0003,0006,F016237,Desembocadura del riu Tordera - H105007000,481386,4611198,4177901,Diclorometà
after_2007,0003,0006,F016237,Desembocadura del riu Tordera - H105007000,481386,4611198,4177902,"trans-1,2-Dicloroetilè"
after_2007,0003,0006,F016237,Desembocadura del riu Tordera - H105007000,481386,4611198,4177903,"cis-1,2-Dicloroetilè"
after_2007,0003,0006,F016237,Desembocadura del riu Tordera - H105007000,481386,4611198,4177904,Tetraclorur de Carboni
after_2007,0003,0006,F016237,Desembocadura del riu Tordera - H105007000,481386,4611198,4177905,Tricloroetilè
after_2007,0003,0006,F016237,Desembocadura del riu Tordera - H105007000,481386,4611198,4177906,Bromodiclorometà
after_2007,0003,0006,F016237,Desembocadura del riu Tordera - H105007000,481386,4611198,4177907,"cis-1,3-Dicloropropè"
after_2007,0003,0006,F016237,Desembocadura del riu Tordera - H105007000,481386,4611198,4177908,Triclorometà
after_2007,0003,0006,F016237,Desembocadura del riu Tordera - H105007000,481386,4611198,4177909,"1,1,2-Tricloroetà"
after_2007,0003,0006,F016237,Desembocadura del riu Tordera - H105007000,481386,4611198,4177910,Tetracloroetilè
after_2007,0003,0006,F016237,Desembocadura del riu Tordera - H105007000,481386,4611198,4177911,Dibromoclorometà
after_2007,0003,0006,F016237,Desembocadura del riu Tordera - H105007000,481386,4611198,4177912,Bromoform
after_2007,0003,0006,F016237,Desembocadura del riu Tordera - H105007000,481386,4611198,4177913,"1,2-Dicloroetà"
after_2007,0003,0006,F016237,Desembocadura del riu Tordera - H105007000,481386,4611198,4177914,"1,4-Diclorobenzè"
after_2007,0003,0006,F016237,Desembocadura del riu Tordera - H105007000,481386,4611198,4177915,"1,2-Diclorobenzè"
after_2007,0003,0006,F016237,Desembocadura del riu Tordera - H105007000,481386,4611198,4177916,Suma de triclorobenzens
after_2007,0003,0006,F016237,Desembocadura del riu Tordera - H105007000,481386,4611198,4177917,"1,2,4-Triclorobenzè"
after_2007,0003,0006,F016237,Desembocadura del riu Tordera - H105007000,481386,4611198,4177918,"1,2,3-Triclorobenzè"
after_2007,0003,0006,F016237,Desembocadura del riu Tordera - H105007000,481386,4611198,4177919,Benzè
after_2007,0003,0006,F016237,Desembocadura del riu Tordera - H105007000,481386,4611198,4177920,Etilbenzè
after_2007,0003,0006,F016237,Desembocadura del riu Tordera - H105007000,481386,4611198,4177921,"m,p-Xilè"
after_2007,0003,0006,F016237,Desembocadura del riu Tordera - H105007000,481386,4611198,4177922,o-Xilè
after_2007,0003,0006,F016237,Desembocadura del riu Tordera - H105007000,481386,4611198,4177924,Hexaclorobenzè
after_2007,0003,0006,F016237,Desembocadura del riu Tordera - H105007000,481386,4611198,4177925,Clorobenzè
after_2007,0003,0006,F016237,Desembocadura del riu Tordera - H105007000,481386,4611198,4177926,a-Hexaclorociclohexà
after_2007,0003,0006,F016237,Desembocadura del riu Tordera - H105007000,481386,4611198,4177927,Lindà(g-Hexaclorociclohexà)
after_2007,0003,0006,F016237,Desembocadura del riu Tordera - H105007000,481386,4611198,4177928,"1,1-Dicloroetilè"
after_2007,0003,0006,F016237,Desembocadura del riu Tordera - H105007000,481386,4611198,4177929,"1,1-Dicloroetà"
after_2007,0003,0006,F016237,Desembocadura del riu Tordera - H105007000,481386,4611198,4177930,"1,1,1-Tricloroetà"
after_2007,0003,0006,F016237,Desembocadura del riu Tordera - H105007000,481386,4611198,4177931,"1,2-Dicloropropà"
after_2007,0003,0006,F016237,Desembocadura del riu Tordera - H105007000,481386,4611198,4177932,"trans-1,3-Dicloropropè"
after_2007,0003,0006,F016237,Desembocadura del riu Tordera - H105007000,481386,4611198,4177933,"1,1,2,2-Tetracloroetà"
after_2007,0003,0006,F016237,Desembocadura del riu Tordera - H105007000,481386,4611198,4177934,"1,3,5-Triclorobenzè"
after_2007,0003,0006,F016237,Desembocadura del riu Tordera - H105007000,481386,4611198,4177935,Heptaclor
after_2007,0003,0006,F016237,Desembocadura del riu Tordera - H105007000,481386,4611198,4177936,Aldrín
after_2007,0003,0006,F016237,Desembocadura del riu Tordera - H105007000,481386,4611198,4177937,Isodrín
after_2007,0003,0006,F016237,Desembocadura del riu Tordera - H105007000,481386,4611198,4177938,Epòxid d'heptaclor B
after_2007,0003,0006,F016237,Desembocadura del riu Tordera - H105007000,481386,4611198,4177939,Endosulfan I
after_2007,0003,0006,F016237,Desembocadura del riu Tordera - H105007000,481386,4611198,4177940,Dieldrín
after_2007,0003,0006,F016237,Desembocadura del riu Tordera - H105007000,481386,4611198,4177941,Endrín
after_2007,0003,0006,F016237,Desembocadura del riu Tordera - H105007000,481386,4611198,4177942,"4,4'-DDE"
after_2007,0003,0006,F016237,Desembocadura del riu Tordera - H105007000,481386,4611198,4177943,Endosulfan II
after_2007,0003,0006,F016237,Desembocadura del riu Tordera - H105007000,481386,4611198,4177944,"4,4'-DDD"
after_2007,0003,0006,F016237,Desembocadura del riu Tordera - H105007000,481386,4611198,4177945,Sulfat d'endosulfan
after_2007,0003,0006,F016237,Desembocadura del riu Tordera - H105007000,481386,4611198,4177946,"4,4'-DDT"
after_2007,0003,0006,F016237,Desembocadura del riu Tordera - H105007000,481386,4611198,4177947,Triclorofluorometà
after_2007,0003,0006,F016237,Desembocadura del riu Tordera - H105007000,481386,4611198,4177948,"1,3-diclorobenzè"
after_2007,0003,0006,F016237,Desembocadura del riu Tordera - H105007000,481386,4611198,4177949,Naftalè
after_2007,0003,0006,F016237,Desembocadura del riu Tordera - H105007000,481386,4611198,4177950,Diazinon
after_2007,0003,0006,F016237,Desembocadura del riu Tordera - H105007000,481386,4611198,4177951,Paration de metil
after_2007,0003,0006,F016237,Desembocadura del riu Tordera - H105007000,481386,4611198,4177952,Fenitrotion
after_2007,0003,0006,F016237,Desembocadura del riu Tordera - H105007000,481386,4611198,4177953,Malation
after_2007,0003,0006,F016237,Desembocadura del riu Tordera - H105007000,481386,4611198,4177954,Clorpirifòs
after_2007,0003,0006,F016237,Desembocadura del riu Tordera - H105007000,481386,4611198,4177955,Paration
after_2007,0003,0006,F016237,Desembocadura del riu Tordera - H105007000,481386,4611198,4177956,Clorfenvinfòs (suma d'isòmers)
after_2007,0003,0006,F016237,Desembocadura del riu Tordera - H105007000,481386,4611198,4177957,Etion
after_2007,0003,0006,F016237,Desembocadura del riu Tordera - H105007000,481386,4611198,4177958,Azinfòs d'etil
after_2007,0003,0006,F016237,Desembocadura del riu Tordera - H105007000,481386,4611198,4177959,Simazina
after_2007,0003,0006,F016237,Desembocadura del riu Tordera - H105007000,481386,4611198,4177960,Atrazina
after_2007,0003,0006,F016237,Desembocadura del riu Tordera - H105007000,481386,4611198,4177961,Propazina
after_2007,0003,0006,F016237,Desembocadura del riu Tordera - H105007000,481386,4611198,4177962,Terbutrina
after_2007,0003,0006,F016237,Desembocadura del riu Tordera - H105007000,481386,4611198,4177963,Antracè
after_2007,0003,0006,F016237,Desembocadura del riu Tordera - H105007000,481386,4611198,4177964,Fluorantè
after_2007,0003,0006,F016237,Desembocadura del riu Tordera - H105007000,481386,4611198,4177965,Benzo(b)fluorantè
after_2007,0003,0006,F016237,Desembocadura del riu Tordera - H105007000,481386,4611198,4177966,Benzo(k)fluorantè
after_2007,0003,0006,F016237,Desembocadura del riu Tordera - H105007000,481386,4611198,4177967,Benzo(a)pirè
after_2007,0003,0006,F016237,Desembocadura del riu Tordera - H105007000,481386,4611198,4177968,"Indeno(1,2,3-cd)pirè"
after_2007,0003,0006,F016237,Desembocadura del riu Tordera - H105007000,481386,4611198,4177969,Benzo(ghi)perilè
after_2007,0003,0006,F016237,Desembocadura del riu Tordera - H105007000,481386,4611198,4177970,Suma d'Organofosforats
after_2007,0003,0006,F016237,Desembocadura del riu Tordera - H105007000,481386,4611198,4177972,Suma de plaguicides clorats
after_2007,0003,0006,F016237,Desembocadura del riu Tordera - H105007000,481386,4611198,4177973,Suma de triazines
after_2007,0003,0006,F016237,Desembocadura del riu Tordera - H105007000,481386,4611198,4177974,Trifluralina
after_2007,0003,0006,F016237,Desembocadura del riu Tordera - H105007000,481386,4611198,4177975,Molinat
after_2007,0003,0006,F016237,Desembocadura del riu Tordera - H105007000,481386,4611198,4177976,Terbutilazina
after_2007,0003,0006,F016237,Desembocadura del riu Tordera - H105007000,481386,4611198,4177977,Alaclor
after_2007,0003,0006,F016237,Desembocadura del riu Tordera - H105007000,481386,4611198,4177978,Pentaclorobenzè
after_2007,0003,0006,F016237,Desembocadura del riu Tordera - H105007000,481386,4611198,4177979,tert-Octilfenol
after_2007,0003,0006,F016237,Desembocadura del riu Tordera - H105007000,481386,4611198,4177980,NPEO(e=0)
after_2007,0003,0006,F016237,Desembocadura del riu Tordera - H105007000,481386,4611198,4177981,"2,4'-DDT"
after_2007,0003,0006,F016237,Desembocadura del riu Tordera - H105007000,481386,4611198,4177982,"2,4'-DDE"
after_2007,0003,0006,F016237,Desembocadura del riu Tordera - H105007000,481386,4611198,4177983,"2,4'-DDD"
after_2007,0003,0006,F016237,Desembocadura del riu Tordera - H105007000,481386,4611198,4177984,Metolaclor
after_2007,0003,0006,F016237,Desembocadura del riu Tordera - H105007000,481386,4611198,4177985,Epòxid d'heptaclor A
after_2007,0003,0006,F016237,Desembocadura del riu Tordera - H105007000,481386,4611198,4177986,Suma de diclorobenzens
after_2007,0003,0006,F016237,Desembocadura del riu Tordera - H105007000,481386,4611198,4177987,Cetona d'endrín
after_2007,0003,0006,F016237,Desembocadura del riu Tordera - H105007000,481386,4611198,4177988,BDE-28
after_2007,0003,0006,F016237,Desembocadura del riu Tordera - H105007000,481386,4611198,4177989,Quinoxifèn
after_2007,0003,0006,F016237,Desembocadura del riu Tordera - H105007000,481386,4611198,4177990,Aclonifèn
after_2007,0003,0006,F016237,Desembocadura del riu Tordera - H105007000,481386,4611198,4177991,Bifenox
after_2007,0003,0006,F016237,Desembocadura del riu Tordera - H105007000,481386,4611198,4177992,Cipermetrín (suma d'isòmers)
after_2007,0003,0006,F016237,Desembocadura del riu Tordera - H105007000,481386,4611198,4177993,Cibutrina
after_2007,0003,0006,F016237,Desembocadura del riu Tordera - H105007000,481386,4611198,4177994,4-n-Nonilfenol
after_2007,0003,0006,F016240,Estanys de les Alberes-Estanys de Canadal - H103001000,492581,4693746,4276812,BDE-47
after_2007,0003,0006,F016240,Estanys de les Alberes-Estanys de Canadal - H103001000,492581,4693746,4276813,BDE-99
after_2007,0003,0006,F016240,Estanys de les Alberes-Estanys de Canadal - H103001000,492581,4693746,4276814,BDE-100
after_2007,0003,0006,F016240,Estanys de les Alberes-Estanys de Canadal - H103001000,492581,4693746,4276815,BDE-153
after_2007,0003,0006,F016240,Estanys de les Alberes-Estanys de Canadal - H103001000,492581,4693746,4276816,BDE-154
after_2007,0003,0006,F016240,Estanys de les Alberes-Estanys de Canadal - H103001000,492581,4693746,4276817,Suma de PAH1
after_2007,0003,0006,F016240,Estanys de les Alberes-Estanys de Canadal - H103001000,492581,4693746,4276818,Suma de PAH2
after_2007,0003,0006,F016240,Estanys de les Alberes-Estanys de Canadal - H103001000,492581,4693746,4276819,Suma de DDT
after_2007,0003,0006,F016240,Estanys de les Alberes-Estanys de Canadal - H103001000,492581,4693746,4276820,Bor
after_2007,0003,0006,F016240,Estanys de les Alberes-Estanys de Canadal - H103001000,492581,4693746,4276821,Bari
after_2007,0003,0006,F016240,Estanys de les Alberes-Estanys de Canadal - H103001000,492581,4693746,4276822,Crom
after_2007,0003,0006,F016240,Estanys de les Alberes-Estanys de Canadal - H103001000,492581,4693746,4276823,Plom
after_2007,0003,0006,F016240,Estanys de les Alberes-Estanys de Canadal - H103001000,492581,4693746,4276824,Zinc
after_2007,0003,0006,F016240,Estanys de les Alberes-Estanys de Canadal - H103001000,492581,4693746,4276825,Cadmi
after_2007,0003,0006,F016240,Estanys de les Alberes-Estanys de Canadal - H103001000,492581,4693746,4276826,Coure
after_2007,0003,0006,F016240,Estanys de les Alberes-Estanys de Canadal - H103001000,492581,4693746,4276827,Ferro
after_2007,0003,0006,F016240,Estanys de les Alberes-Estanys de Canadal - H103001000,492581,4693746,4276828,Cobalt
after_2007,0003,0006,F016240,Estanys de les Alberes-Estanys de Canadal - H103001000,492581,4693746,4276829,Níquel
after_2007,0003,0006,F016240,Estanys de les Alberes-Estanys de Canadal - H103001000,492581,4693746,4276830,Seleni
after_2007,0003,0006,F016240,Estanys de les Alberes-Estanys de Canadal - H103001000,492581,4693746,4276831,Vanadi
after_2007,0003,0006,F016240,Estanys de les Alberes-Estanys de Canadal - H103001000,492581,4693746,4276832,Alumini
after_2007,0003,0006,F016240,Estanys de les Alberes-Estanys de Canadal - H103001000,492581,4693746,4276833,Arsènic
after_2007,0003,0006,F016240,Estanys de les Alberes-Estanys de Canadal - H103001000,492581,4693746,4276834,Mercuri
after_2007,0003,0006,F016240,Estanys de les Alberes-Estanys de Canadal - H103001000,492581,4693746,4276835,Molibdè
after_2007,0003,0006,F016240,Estanys de les Alberes-Estanys de Canadal - H103001000,492581,4693746,4276836,Antimoni
after_2007,0003,0006,F016240,Estanys de les Alberes-Estanys de Canadal - H103001000,492581,4693746,4276837,Beril·li
after_2007,0003,0006,F016240,Estanys de les Alberes-Estanys de Canadal - H103001000,492581,4693746,4276838,Estronci
after_2007,0003,0006,F016240,Estanys de les Alberes-Estanys de Canadal - H103001000,492581,4693746,4276839,Manganès
after_2007,0003,0006,F016240,Estanys de les Alberes-Estanys de Canadal - H103001000,492581,4693746,4277101,Toluè
after_2007,0003,0006,F016240,Estanys de les Alberes-Estanys de Canadal - H103001000,492581,4693746,4277102,Hexaclorobutadiè
after_2007,0003,0006,F016240,Estanys de les Alberes-Estanys de Canadal - H103001000,492581,4693746,4277103,Diclorometà
after_2007,0003,0006,F016240,Estanys de les Alberes-Estanys de Canadal - H103001000,492581,4693746,4277104,"trans-1,2-Dicloroetilè"
after_2007,0003,0006,F016240,Estanys de les Alberes-Estanys de Canadal - H103001000,492581,4693746,4277105,"cis-1,2-Dicloroetilè"
after_2007,0003,0006,F016240,Estanys de les Alberes-Estanys de Canadal - H103001000,492581,4693746,4277106,Tetraclorur de Carboni
after_2007,0003,0006,F016240,Estanys de les Alberes-Estanys de Canadal - H103001000,492581,4693746,4277107,Tricloroetilè
after_2007,0003,0006,F016240,Estanys de les Alberes-Estanys de Canadal - H103001000,492581,4693746,4277108,Bromodiclorometà
after_2007,0003,0006,F016240,Estanys de les Alberes-Estanys de Canadal - H103001000,492581,4693746,4277109,"cis-1,3-Dicloropropè"
after_2007,0003,0006,F016240,Estanys de les Alberes-Estanys de Canadal - H103001000,492581,4693746,4277110,Triclorometà
after_2007,0003,0006,F016240,Estanys de les Alberes-Estanys de Canadal - H103001000,492581,4693746,4277111,"1,1,2-Tricloroetà"
after_2007,0003,0006,F016240,Estanys de les Alberes-Estanys de Canadal - H103001000,492581,4693746,4277112,Tetracloroetilè
after_2007,0003,0006,F016240,Estanys de les Alberes-Estanys de Canadal - H103001000,492581,4693746,4277113,Dibromoclorometà
after_2007,0003,0006,F016240,Estanys de les Alberes-Estanys de Canadal - H103001000,492581,4693746,4277114,Bromoform
after_2007,0003,0006,F016240,Estanys de les Alberes-Estanys de Canadal - H103001000,492581,4693746,4277115,"1,2-Dicloroetà"
after_2007,0003,0006,F016240,Estanys de les Alberes-Estanys de Canadal - H103001000,492581,4693746,4277116,"1,4-Diclorobenzè"
after_2007,0003,0006,F016240,Estanys de les Alberes-Estanys de Canadal - H103001000,492581,4693746,4277117,"1,2-Diclorobenzè"
after_2007,0003,0006,F016240,Estanys de les Alberes-Estanys de Canadal - H103001000,492581,4693746,4277118,Suma de triclorobenzens
after_2007,0003,0006,F016240,Estanys de les Alberes-Estanys de Canadal - H103001000,492581,4693746,4277119,"1,2,4-Triclorobenzè"
after_2007,0003,0006,F016240,Estanys de les Alberes-Estanys de Canadal - H103001000,492581,4693746,4277120,"1,2,3-Triclorobenzè"
after_2007,0003,0006,F016240,Estanys de les Alberes-Estanys de Canadal - H103001000,492581,4693746,4277121,Benzè
after_2007,0003,0006,F016240,Estanys de les Alberes-Estanys de Canadal - H103001000,492581,4693746,4277122,Etilbenzè
after_2007,0003,0006,F016240,Estanys de les Alberes-Estanys de Canadal - H103001000,492581,4693746,4277123,"m,p-Xilè"
after_2007,0003,0006,F016240,Estanys de les Alberes-Estanys de Canadal - H103001000,492581,4693746,4277124,o-Xilè
after_2007,0003,0006,F016240,Estanys de les Alberes-Estanys de Canadal - H103001000,492581,4693746,4277125,Hexaclorobenzè
after_2007,0003,0006,F016240,Estanys de les Alberes-Estanys de Canadal - H103001000,492581,4693746,4277126,Clorobenzè
after_2007,0003,0006,F016240,Estanys de les Alberes-Estanys de Canadal - H103001000,492581,4693746,4277127,a-Hexaclorociclohexà
after_2007,0003,0006,F016240,Estanys de les Alberes-Estanys de Canadal - H103001000,492581,4693746,4277128,Lindà(g-Hexaclorociclohexà)
after_2007,0003,0006,F016240,Estanys de les Alberes-Estanys de Canadal - H103001000,492581,4693746,4277129,"1,1-Dicloroetilè"
after_2007,0003,0006,F016240,Estanys de les Alberes-Estanys de Canadal - H103001000,492581,4693746,4277130,"1,1-Dicloroetà"
after_2007,0003,0006,F016240,Estanys de les Alberes-Estanys de Canadal - H103001000,492581,4693746,4277131,"1,1,1-Tricloroetà"
after_2007,0003,0006,F016240,Estanys de les Alberes-Estanys de Canadal - H103001000,492581,4693746,4277132,"1,2-Dicloropropà"
after_2007,0003,0006,F016240,Estanys de les Alberes-Estanys de Canadal - H103001000,492581,4693746,4277133,"trans-1,3-Dicloropropè"
after_2007,0003,0006,F016240,Estanys de les Alberes-Estanys de Canadal - H103001000,492581,4693746,4277134,"1,1,2,2-Tetracloroetà"
after_2007,0003,0006,F016240,Estanys de les Alberes-Estanys de Canadal - H103001000,492581,4693746,4277135,"1,3,5-Triclorobenzè"
after_2007,0003,0006,F016240,Estanys de les Alberes-Estanys de Canadal - H103001000,492581,4693746,4277136,Heptaclor
after_2007,0003,0006,F016240,Estanys de les Alberes-Estanys de Canadal - H103001000,492581,4693746,4277137,Aldrín
after_2007,0003,0006,F016240,Estanys de les Alberes-Estanys de Canadal - H103001000,492581,4693746,4277138,Isodrín
after_2007,0003,0006,F016240,Estanys de les Alberes-Estanys de Canadal - H103001000,492581,4693746,4277139,Epòxid d'heptaclor B
after_2007,0003,0006,F016240,Estanys de les Alberes-Estanys de Canadal - H103001000,492581,4693746,4277140,Endosulfan I
after_2007,0003,0006,F016240,Estanys de les Alberes-Estanys de Canadal - H103001000,492581,4693746,4277141,Dieldrín
after_2007,0003,0006,F016240,Estanys de les Alberes-Estanys de Canadal - H103001000,492581,4693746,4277142,Endrín
after_2007,0003,0006,F016240,Estanys de les Alberes-Estanys de Canadal - H103001000,492581,4693746,4277143,"4,4'-DDE"
after_2007,0003,0006,F016240,Estanys de les Alberes-Estanys de Canadal - H103001000,492581,4693746,4277144,Endosulfan II
after_2007,0003,0006,F016240,Estanys de les Alberes-Estanys de Canadal - H103001000,492581,4693746,4277145,"4,4'-DDD"
after_2007,0003,0006,F016240,Estanys de les Alberes-Estanys de Canadal - H103001000,492581,4693746,4277146,Sulfat d'endosulfan
after_2007,0003,0006,F016240,Estanys de les Alberes-Estanys de Canadal - H103001000,492581,4693746,4277147,"4,4'-DDT"
after_2007,0003,0006,F016240,Estanys de les Alberes-Estanys de Canadal - H103001000,492581,4693746,4277148,Triclorofluorometà
after_2007,0003,0006,F016240,Estanys de les Alberes-Estanys de Canadal - H103001000,492581,4693746,4277149,"1,3-Diclorobenzè"
after_2007,0003,0006,F016240,Estanys de les Alberes-Estanys de Canadal - H103001000,492581,4693746,4277150,Naftalè
after_2007,0003,0006,F016240,Estanys de les Alberes-Estanys de Canadal - H103001000,492581,4693746,4277151,Diazinon
after_2007,0003,0006,F016240,Estanys de les Alberes-Estanys de Canadal - H103001000,492581,4693746,4277152,Paration de metil
after_2007,0003,0006,F016240,Estanys de les Alberes-Estanys de Canadal - H103001000,492581,4693746,4277153,Fenitrotion
after_2007,0003,0006,F016240,Estanys de les Alberes-Estanys de Canadal - H103001000,492581,4693746,4277154,Malation
after_2007,0003,0006,F016240,Estanys de les Alberes-Estanys de Canadal - H103001000,492581,4693746,4277155,Clorpirifòs
after_2007,0003,0006,F016240,Estanys de les Alberes-Estanys de Canadal - H103001000,492581,4693746,4277156,Paration
after_2007,0003,0006,F016240,Estanys de les Alberes-Estanys de Canadal - H103001000,492581,4693746,4277157,Clorfenvinfòs (suma d'isòmers)
after_2007,0003,0006,F016240,Estanys de les Alberes-Estanys de Canadal - H103001000,492581,4693746,4277158,Etion
after_2007,0003,0006,F016240,Estanys de les Alberes-Estanys de Canadal - H103001000,492581,4693746,4277159,Azinfòs d'etil
after_2007,0003,0006,F016240,Estanys de les Alberes-Estanys de Canadal - H103001000,492581,4693746,4277160,Simazina
after_2007,0003,0006,F016240,Estanys de les Alberes-Estanys de Canadal - H103001000,492581,4693746,4277161,Atrazina
after_2007,0003,0006,F016240,Estanys de les Alberes-Estanys de Canadal - H103001000,492581,4693746,4277162,Propazina
after_2007,0003,0006,F016240,Estanys de les Alberes-Estanys de Canadal - H103001000,492581,4693746,4277163,Terbutrina
after_2007,0003,0006,F016240,Estanys de les Alberes-Estanys de Canadal - H103001000,492581,4693746,4277164,Antracè
after_2007,0003,0006,F016240,Estanys de les Alberes-Estanys de Canadal - H103001000,492581,4693746,4277165,Fluorantè
after_2007,0003,0006,F016240,Estanys de les Alberes-Estanys de Canadal - H103001000,492581,4693746,4277166,Benzo(b)fluorantè
after_2007,0003,0006,F016240,Estanys de les Alberes-Estanys de Canadal - H103001000,492581,4693746,4277167,Benzo(k)fluorantè
after_2007,0003,0006,F016240,Estanys de les Alberes-Estanys de Canadal - H103001000,492581,4693746,4277168,Benzo(a)pirè
after_2007,0003,0006,F016240,Estanys de les Alberes-Estanys de Canadal - H103001000,492581,4693746,4277169,"Indeno(1,2,3-cd)pirè"
after_2007,0003,0006,F016240,Estanys de les Alberes-Estanys de Canadal - H103001000,492581,4693746,4277170,Benzo(ghi)perilè
after_2007,0003,0006,F016240,Estanys de les Alberes-Estanys de Canadal - H103001000,492581,4693746,4277171,Suma d'al-diel-iso-endrín
after_2007,0003,0006,F016240,Estanys de les Alberes-Estanys de Canadal - H103001000,492581,4693746,4277172,Suma d'Organofosforats
after_2007,0003,0006,F016240,Estanys de les Alberes-Estanys de Canadal - H103001000,492581,4693746,4277173,Suma de plaguicides clorats
after_2007,0003,0006,F016240,Estanys de les Alberes-Estanys de Canadal - H103001000,492581,4693746,4277174,Suma de triazines
after_2007,0003,0006,F016240,Estanys de les Alberes-Estanys de Canadal - H103001000,492581,4693746,4277175,Trifluralina
after_2007,0003,0006,F016240,Estanys de les Alberes-Estanys de Canadal - H103001000,492581,4693746,4277176,Molinat
after_2007,0003,0006,F016240,Estanys de les Alberes-Estanys de Canadal - H103001000,492581,4693746,4277177,Terbutilazina
after_2007,0003,0006,F016240,Estanys de les Alberes-Estanys de Canadal - H103001000,492581,4693746,4277178,Alaclor
after_2007,0003,0006,F016240,Estanys de les Alberes-Estanys de Canadal - H103001000,492581,4693746,4277179,Pentaclorobenzè
after_2007,0003,0006,F016240,Estanys de les Alberes-Estanys de Canadal - H103001000,492581,4693746,4277180,tert-Octilfenol
after_2007,0003,0006,F016240,Estanys de les Alberes-Estanys de Canadal - H103001000,492581,4693746,4277181,NPEO(e=0)
after_2007,0003,0006,F016240,Estanys de les Alberes-Estanys de Canadal - H103001000,492581,4693746,4277182,"2,4'-DDT"
after_2007,0003,0006,F016240,Estanys de les Alberes-Estanys de Canadal - H103001000,492581,4693746,4277183,"2,4'-DDE"
after_2007,0003,0006,F016240,Estanys de les Alberes-Estanys de Canadal - H103001000,492581,4693746,4277184,"2,4'-DDD"
after_2007,0003,0006,F016240,Estanys de les Alberes-Estanys de Canadal - H103001000,492581,4693746,4277185,Metolaclor
after_2007,0003,0006,F016240,Estanys de les Alberes-Estanys de Canadal - H103001000,492581,4693746,4277186,Epòxid d'heptaclor A
after_2007,0003,0006,F016240,Estanys de les Alberes-Estanys de Canadal - H103001000,492581,4693746,4277187,Suma de diclorobenzens
after_2007,0003,0006,F016240,Estanys de les Alberes-Estanys de Canadal - H103001000,492581,4693746,4277188,Cetona d'endrín
after_2007,0003,0006,F016240,Estanys de les Alberes-Estanys de Canadal - H103001000,492581,4693746,4277189,BDE-28
after_2007,0003,0006,F016240,Estanys de les Alberes-Estanys de Canadal - H103001000,492581,4693746,4277190,Quinoxifèn
after_2007,0003,0006,F016240,Estanys de les Alberes-Estanys de Canadal - H103001000,492581,4693746,4277191,Aclonifèn
after_2007,0003,0006,F016240,Estanys de les Alberes-Estanys de Canadal - H103001000,492581,4693746,4277192,Bifenox
after_2007,0003,0006,F016240,Estanys de les Alberes-Estanys de Canadal - H103001000,492581,4693746,4277193,Cipermetrín (suma d'isòmers)
after_2007,0003,0006,F016240,Estanys de les Alberes-Estanys de Canadal - H103001000,492581,4693746,4277194,Cibutrina
after_2007,0003,0006,F016240,Estanys de les Alberes-Estanys de Canadal - H103001000,492581,4693746,4277195,4-n-Nonilfenol
after_2007,0003,0006,F016241,Estanys de les Alberes-Estanys de Cantallops - H103002000,494139,4693988,4278185,BDE-47
after_2007,0003,0006,F016241,Estanys de les Alberes-Estanys de Cantallops - H103002000,494139,4693988,4278186,BDE-99
after_2007,0003,0006,F016241,Estanys de les Alberes-Estanys de Cantallops - H103002000,494139,4693988,4278187,BDE-100
after_2007,0003,0006,F016241,Estanys de les Alberes-Estanys de Cantallops - H103002000,494139,4693988,4278188,BDE-153
after_2007,0003,0006,F016241,Estanys de les Alberes-Estanys de Cantallops - H103002000,494139,4693988,4278189,BDE-154
after_2007,0003,0006,F016241,Estanys de les Alberes-Estanys de Cantallops - H103002000,494139,4693988,4278190,Suma de PAH1
after_2007,0003,0006,F016241,Estanys de les Alberes-Estanys de Cantallops - H103002000,494139,4693988,4278191,Suma de PAH2
after_2007,0003,0006,F016241,Estanys de les Alberes-Estanys de Cantallops - H103002000,494139,4693988,4278192,Suma de DDT
after_2007,0003,0006,F016241,Estanys de les Alberes-Estanys de Cantallops - H103002000,494139,4693988,4278193,Bor
after_2007,0003,0006,F016241,Estanys de les Alberes-Estanys de Cantallops - H103002000,494139,4693988,4278194,Bari
after_2007,0003,0006,F016241,Estanys de les Alberes-Estanys de Cantallops - H103002000,494139,4693988,4278195,Crom
after_2007,0003,0006,F016241,Estanys de les Alberes-Estanys de Cantallops - H103002000,494139,4693988,4278196,Plom
after_2007,0003,0006,F016241,Estanys de les Alberes-Estanys de Cantallops - H103002000,494139,4693988,4278197,Zinc
after_2007,0003,0006,F016241,Estanys de les Alberes-Estanys de Cantallops - H103002000,494139,4693988,4278198,Cadmi
after_2007,0003,0006,F016241,Estanys de les Alberes-Estanys de Cantallops - H103002000,494139,4693988,4278199,Coure
after_2007,0003,0006,F016241,Estanys de les Alberes-Estanys de Cantallops - H103002000,494139,4693988,4278200,Ferro
after_2007,0003,0006,F016241,Estanys de les Alberes-Estanys de Cantallops - H103002000,494139,4693988,4278201,Cobalt
after_2007,0003,0006,F016241,Estanys de les Alberes-Estanys de Cantallops - H103002000,494139,4693988,4278202,Níquel
after_2007,0003,0006,F016241,Estanys de les Alberes-Estanys de Cantallops - H103002000,494139,4693988,4278203,Seleni
after_2007,0003,0006,F016241,Estanys de les Alberes-Estanys de Cantallops - H103002000,494139,4693988,4278204,Vanadi
after_2007,0003,0006,F016241,Estanys de les Alberes-Estanys de Cantallops - H103002000,494139,4693988,4278205,Alumini
after_2007,0003,0006,F016241,Estanys de les Alberes-Estanys de Cantallops - H103002000,494139,4693988,4278206,Arsènic
after_2007,0003,0006,F016241,Estanys de les Alberes-Estanys de Cantallops - H103002000,494139,4693988,4278207,Mercuri
after_2007,0003,0006,F016241,Estanys de les Alberes-Estanys de Cantallops - H103002000,494139,4693988,4278208,Molibdè
after_2007,0003,0006,F016241,Estanys de les Alberes-Estanys de Cantallops - H103002000,494139,4693988,4278209,Antimoni
after_2007,0003,0006,F016241,Estanys de les Alberes-Estanys de Cantallops - H103002000,494139,4693988,4278210,Beril·li
after_2007,0003,0006,F016241,Estanys de les Alberes-Estanys de Cantallops - H103002000,494139,4693988,4278211,Estronci
after_2007,0003,0006,F016241,Estanys de les Alberes-Estanys de Cantallops - H103002000,494139,4693988,4278212,Manganès
after_2007,0003,0006,F016241,Estanys de les Alberes-Estanys de Cantallops - H103002000,494139,4693988,4279148,Toluè
after_2007,0003,0006,F016241,Estanys de les Alberes-Estanys de Cantallops - H103002000,494139,4693988,4279149,Hexaclorobutadiè
after_2007,0003,0006,F016241,Estanys de les Alberes-Estanys de Cantallops - H103002000,494139,4693988,4279150,Diclorometà
after_2007,0003,0006,F016241,Estanys de les Alberes-Estanys de Cantallops - H103002000,494139,4693988,4279151,"trans-1,2-Dicloroetilè"
after_2007,0003,0006,F016241,Estanys de les Alberes-Estanys de Cantallops - H103002000,494139,4693988,4279152,"cis-1,2-Dicloroetilè"
after_2007,0003,0006,F016241,Estanys de les Alberes-Estanys de Cantallops - H103002000,494139,4693988,4279153,Tetraclorur de Carboni
after_2007,0003,0006,F016241,Estanys de les Alberes-Estanys de Cantallops - H103002000,494139,4693988,4279154,Tricloroetilè
after_2007,0003,0006,F016241,Estanys de les Alberes-Estanys de Cantallops - H103002000,494139,4693988,4279155,Bromodiclorometà
after_2007,0003,0006,F016241,Estanys de les Alberes-Estanys de Cantallops - H103002000,494139,4693988,4279156,"cis-1,3-Dicloropropè"
after_2007,0003,0006,F016241,Estanys de les Alberes-Estanys de Cantallops - H103002000,494139,4693988,4279157,Triclorometà
after_2007,0003,0006,F016241,Estanys de les Alberes-Estanys de Cantallops - H103002000,494139,4693988,4279158,"1,1,2-Tricloroetà"
after_2007,0003,0006,F016241,Estanys de les Alberes-Estanys de Cantallops - H103002000,494139,4693988,4279159,Tetracloroetilè
after_2007,0003,0006,F016241,Estanys de les Alberes-Estanys de Cantallops - H103002000,494139,4693988,4279160,Dibromoclorometà
after_2007,0003,0006,F016241,Estanys de les Alberes-Estanys de Cantallops - H103002000,494139,4693988,4279161,Bromoform
after_2007,0003,0006,F016241,Estanys de les Alberes-Estanys de Cantallops - H103002000,494139,4693988,4279162,"1,2-Dicloroetà"
after_2007,0003,0006,F016241,Estanys de les Alberes-Estanys de Cantallops - H103002000,494139,4693988,4279163,"1,4-Diclorobenzè"
after_2007,0003,0006,F016241,Estanys de les Alberes-Estanys de Cantallops - H103002000,494139,4693988,4279164,"1,2-Diclorobenzè"
after_2007,0003,0006,F016241,Estanys de les Alberes-Estanys de Cantallops - H103002000,494139,4693988,4279165,Suma de triclorobenzens
after_2007,0003,0006,F016241,Estanys de les Alberes-Estanys de Cantallops - H103002000,494139,4693988,4279166,"1,2,4-Triclorobenzè"
after_2007,0003,0006,F016241,Estanys de les Alberes-Estanys de Cantallops - H103002000,494139,4693988,4279167,"1,2,3-Triclorobenzè"
after_2007,0003,0006,F016241,Estanys de les Alberes-Estanys de Cantallops - H103002000,494139,4693988,4279168,Benzè
after_2007,0003,0006,F016241,Estanys de les Alberes-Estanys de Cantallops - H103002000,494139,4693988,4279169,Etilbenzè
after_2007,0003,0006,F016241,Estanys de les Alberes-Estanys de Cantallops - H103002000,494139,4693988,4279170,"m,p-Xilè"
after_2007,0003,0006,F016241,Estanys de les Alberes-Estanys de Cantallops - H103002000,494139,4693988,4279171,o-Xilè
after_2007,0003,0006,F016241,Estanys de les Alberes-Estanys de Cantallops - H103002000,494139,4693988,4279172,Hexaclorobenzè
after_2007,0003,0006,F016241,Estanys de les Alberes-Estanys de Cantallops - H103002000,494139,4693988,4279173,Clorobenzè
after_2007,0003,0006,F016241,Estanys de les Alberes-Estanys de Cantallops - H103002000,494139,4693988,4279174,a-Hexaclorociclohexà
after_2007,0003,0006,F016241,Estanys de les Alberes-Estanys de Cantallops - H103002000,494139,4693988,4279175,Lindà(g-Hexaclorociclohexà)
after_2007,0003,0006,F016241,Estanys de les Alberes-Estanys de Cantallops - H103002000,494139,4693988,4279176,"1,1-Dicloroetilè"
after_2007,0003,0006,F016241,Estanys de les Alberes-Estanys de Cantallops - H103002000,494139,4693988,4279177,"1,1-Dicloroetà"
after_2007,0003,0006,F016241,Estanys de les Alberes-Estanys de Cantallops - H103002000,494139,4693988,4279178,"1,1,1-Tricloroetà"
after_2007,0003,0006,F016241,Estanys de les Alberes-Estanys de Cantallops - H103002000,494139,4693988,4279179,"1,2-Dicloropropà"
after_2007,0003,0006,F016241,Estanys de les Alberes-Estanys de Cantallops - H103002000,494139,4693988,4279180,"trans-1,3-Dicloropropè"
after_2007,0003,0006,F016241,Estanys de les Alberes-Estanys de Cantallops - H103002000,494139,4693988,4279181,"1,1,2,2-Tetracloroetà"
after_2007,0003,0006,F016241,Estanys de les Alberes-Estanys de Cantallops - H103002000,494139,4693988,4279182,"1,3,5-Triclorobenzè"
after_2007,0003,0006,F016241,Estanys de les Alberes-Estanys de Cantallops - H103002000,494139,4693988,4279183,Heptaclor
after_2007,0003,0006,F016241,Estanys de les Alberes-Estanys de Cantallops - H103002000,494139,4693988,4279184,Aldrín
after_2007,0003,0006,F016241,Estanys de les Alberes-Estanys de Cantallops - H103002000,494139,4693988,4279185,Isodrín
after_2007,0003,0006,F016241,Estanys de les Alberes-Estanys de Cantallops - H103002000,494139,4693988,4279186,Epòxid d'heptaclor B
after_2007,0003,0006,F016241,Estanys de les Alberes-Estanys de Cantallops - H103002000,494139,4693988,4279187,Endosulfan I
after_2007,0003,0006,F016241,Estanys de les Alberes-Estanys de Cantallops - H103002000,494139,4693988,4279188,Dieldrín
after_2007,0003,0006,F016241,Estanys de les Alberes-Estanys de Cantallops - H103002000,494139,4693988,4279189,Endrín
after_2007,0003,0006,F016241,Estanys de les Alberes-Estanys de Cantallops - H103002000,494139,4693988,4279190,"4,4'-DDE"
after_2007,0003,0006,F016241,Estanys de les Alberes-Estanys de Cantallops - H103002000,494139,4693988,4279191,Endosulfan II
after_2007,0003,0006,F016241,Estanys de les Alberes-Estanys de Cantallops - H103002000,494139,4693988,4279192,"4,4'-DDD"
after_2007,0003,0006,F016241,Estanys de les Alberes-Estanys de Cantallops - H103002000,494139,4693988,4279193,Sulfat d'endosulfan
after_2007,0003,0006,F016241,Estanys de les Alberes-Estanys de Cantallops - H103002000,494139,4693988,4279194,"4,4'-DDT"
after_2007,0003,0006,F016241,Estanys de les Alberes-Estanys de Cantallops - H103002000,494139,4693988,4279195,Triclorofluorometà
after_2007,0003,0006,F016241,Estanys de les Alberes-Estanys de Cantallops - H103002000,494139,4693988,4279196,"1,3-diclorobenzè"
after_2007,0003,0006,F016241,Estanys de les Alberes-Estanys de Cantallops - H103002000,494139,4693988,4279197,Naftalè
after_2007,0003,0006,F016241,Estanys de les Alberes-Estanys de Cantallops - H103002000,494139,4693988,4279198,Diazinon
after_2007,0003,0006,F016241,Estanys de les Alberes-Estanys de Cantallops - H103002000,494139,4693988,4279199,Paration de metil
after_2007,0003,0006,F016241,Estanys de les Alberes-Estanys de Cantallops - H103002000,494139,4693988,4279200,Fenitrotion
after_2007,0003,0006,F016241,Estanys de les Alberes-Estanys de Cantallops - H103002000,494139,4693988,4279201,Malation
after_2007,0003,0006,F016241,Estanys de les Alberes-Estanys de Cantallops - H103002000,494139,4693988,4279202,Clorpirifòs
after_2007,0003,0006,F016241,Estanys de les Alberes-Estanys de Cantallops - H103002000,494139,4693988,4279203,Paration
after_2007,0003,0006,F016241,Estanys de les Alberes-Estanys de Cantallops - H103002000,494139,4693988,4279204,Clorfenvinfòs (suma d'isòmers)
after_2007,0003,0006,F016241,Estanys de les Alberes-Estanys de Cantallops - H103002000,494139,4693988,4279205,Etion
after_2007,0003,0006,F016241,Estanys de les Alberes-Estanys de Cantallops - H103002000,494139,4693988,4279206,Azinfòs d'etil
after_2007,0003,0006,F016241,Estanys de les Alberes-Estanys de Cantallops - H103002000,494139,4693988,4279207,Simazina
after_2007,0003,0006,F016241,Estanys de les Alberes-Estanys de Cantallops - H103002000,494139,4693988,4279208,Atrazina
after_2007,0003,0006,F016241,Estanys de les Alberes-Estanys de Cantallops - H103002000,494139,4693988,4279209,Propazina
after_2007,0003,0006,F016241,Estanys de les Alberes-Estanys de Cantallops - H103002000,494139,4693988,4279210,Terbutrina
after_2007,0003,0006,F016241,Estanys de les Alberes-Estanys de Cantallops - H103002000,494139,4693988,4279211,Antracè
after_2007,0003,0006,F016241,Estanys de les Alberes-Estanys de Cantallops - H103002000,494139,4693988,4279212,Fluorantè
after_2007,0003,0006,F016241,Estanys de les Alberes-Estanys de Cantallops - H103002000,494139,4693988,4279213,Benzo(b)fluorantè
after_2007,0003,0006,F016241,Estanys de les Alberes-Estanys de Cantallops - H103002000,494139,4693988,4279214,Benzo(k)fluorantè
after_2007,0003,0006,F016241,Estanys de les Alberes-Estanys de Cantallops - H103002000,494139,4693988,4279215,Benzo(a)pirè
after_2007,0003,0006,F016241,Estanys de les Alberes-Estanys de Cantallops - H103002000,494139,4693988,4279216,"Indeno(1,2,3-cd)pirè"
after_2007,0003,0006,F016241,Estanys de les Alberes-Estanys de Cantallops - H103002000,494139,4693988,4279217,Benzo(ghi)perilè
after_2007,0003,0006,F016241,Estanys de les Alberes-Estanys de Cantallops - H103002000,494139,4693988,4279218,Suma d'al-diel-iso-endrín
after_2007,0003,0006,F016241,Estanys de les Alberes-Estanys de Cantallops - H103002000,494139,4693988,4279219,Suma d'Organofosforats
after_2007,0003,0006,F016241,Estanys de les Alberes-Estanys de Cantallops - H103002000,494139,4693988,4279220,Suma de plaguicides clorats
after_2007,0003,0006,F016241,Estanys de les Alberes-Estanys de Cantallops - H103002000,494139,4693988,4279221,Suma de triazines
after_2007,0003,0006,F016241,Estanys de les Alberes-Estanys de Cantallops - H103002000,494139,4693988,4279222,Trifluralina
after_2007,0003,0006,F016241,Estanys de les Alberes-Estanys de Cantallops - H103002000,494139,4693988,4279223,Molinat
after_2007,0003,0006,F016241,Estanys de les Alberes-Estanys de Cantallops - H103002000,494139,4693988,4279224,Terbutilazina
after_2007,0003,0006,F016241,Estanys de les Alberes-Estanys de Cantallops - H103002000,494139,4693988,4279225,Alaclor
after_2007,0003,0006,F016241,Estanys de les Alberes-Estanys de Cantallops - H103002000,494139,4693988,4279226,Pentaclorobenzè
after_2007,0003,0006,F016241,Estanys de les Alberes-Estanys de Cantallops - H103002000,494139,4693988,4279227,tert-Octilfenol
after_2007,0003,0006,F016241,Estanys de les Alberes-Estanys de Cantallops - H103002000,494139,4693988,4279228,NPEO(e=0)
after_2007,0003,0006,F016241,Estanys de les Alberes-Estanys de Cantallops - H103002000,494139,4693988,4279229,"2,4'-DDT"
after_2007,0003,0006,F016241,Estanys de les Alberes-Estanys de Cantallops - H103002000,494139,4693988,4279230,"2,4'-DDE"
after_2007,0003,0006,F016241,Estanys de les Alberes-Estanys de Cantallops - H103002000,494139,4693988,4279231,"2,4'-DDD"
after_2007,0003,0006,F016241,Estanys de les Alberes-Estanys de Cantallops - H103002000,494139,4693988,4279232,Metolaclor
after_2007,0003,0006,F016241,Estanys de les Alberes-Estanys de Cantallops - H103002000,494139,4693988,4279233,Epòxid d'heptaclor A
after_2007,0003,0006,F016241,Estanys de les Alberes-Estanys de Cantallops - H103002000,494139,4693988,4279234,Suma de diclorobenzens
after_2007,0003,0006,F016241,Estanys de les Alberes-Estanys de Cantallops - H103002000,494139,4693988,4279235,Cetona d'endrín
after_2007,0003,0006,F016241,Estanys de les Alberes-Estanys de Cantallops - H103002000,494139,4693988,4279236,BDE-28
after_2007,0003,0006,F016241,Estanys de les Alberes-Estanys de Cantallops - H103002000,494139,4693988,4279237,Quinoxifèn
after_2007,0003,0006,F016241,Estanys de les Alberes-Estanys de Cantallops - H103002000,494139,4693988,4279238,Aclonifèn
after_2007,0003,0006,F016241,Estanys de les Alberes-Estanys de Cantallops - H103002000,494139,4693988,4279239,Bifenox
after_2007,0003,0006,F016241,Estanys de les Alberes-Estanys de Cantallops - H103002000,494139,4693988,4279240,Cipermetrín (suma d'isòmers)
after_2007,0003,0006,F016241,Estanys de les Alberes-Estanys de Cantallops - H103002000,494139,4693988,4279241,Cibutrina
after_2007,0003,0006,F016241,Estanys de les Alberes-Estanys de Cantallops - H103002000,494139,4693988,4279242,4-n-Nonilfenol
after_2007,0003,0006,F016242,Estanys dels Tórlits - H103004000,495931,4690868,4276840,BDE-47
after_2007,0003,0006,F016242,Estanys dels Tórlits - H103004000,495931,4690868,4276841,BDE-99
after_2007,0003,0006,F016242,Estanys dels Tórlits - H103004000,495931,4690868,4276842,BDE-100
after_2007,0003,0006,F016242,Estanys dels Tórlits - H103004000,495931,4690868,4276843,BDE-153
after_2007,0003,0006,F016242,Estanys dels Tórlits - H103004000,495931,4690868,4276844,BDE-154
after_2007,0003,0006,F016242,Estanys dels Tórlits - H103004000,495931,4690868,4276845,Suma de PAH1
after_2007,0003,0006,F016242,Estanys dels Tórlits - H103004000,495931,4690868,4276846,Suma de PAH2
after_2007,0003,0006,F016242,Estanys dels Tórlits - H103004000,495931,4690868,4276847,Suma de DDT
after_2007,0003,0006,F016242,Estanys dels Tórlits - H103004000,495931,4690868,4276848,Bor
after_2007,0003,0006,F016242,Estanys dels Tórlits - H103004000,495931,4690868,4276849,Bari
after_2007,0003,0006,F016242,Estanys dels Tórlits - H103004000,495931,4690868,4276850,Crom
after_2007,0003,0006,F016242,Estanys dels Tórlits - H103004000,495931,4690868,4276851,Plom
after_2007,0003,0006,F016242,Estanys dels Tórlits - H103004000,495931,4690868,4276852,Zinc
after_2007,0003,0006,F016242,Estanys dels Tórlits - H103004000,495931,4690868,4276853,Cadmi
after_2007,0003,0006,F016242,Estanys dels Tórlits - H103004000,495931,4690868,4276854,Coure
after_2007,0003,0006,F016242,Estanys dels Tórlits - H103004000,495931,4690868,4276855,Ferro
after_2007,0003,0006,F016242,Estanys dels Tórlits - H103004000,495931,4690868,4276856,Cobalt
after_2007,0003,0006,F016242,Estanys dels Tórlits - H103004000,495931,4690868,4276857,Níquel
after_2007,0003,0006,F016242,Estanys dels Tórlits - H103004000,495931,4690868,4276858,Seleni
after_2007,0003,0006,F016242,Estanys dels Tórlits - H103004000,495931,4690868,4276859,Vanadi
after_2007,0003,0006,F016242,Estanys dels Tórlits - H103004000,495931,4690868,4276860,Alumini
after_2007,0003,0006,F016242,Estanys dels Tórlits - H103004000,495931,4690868,4276861,Arsènic
after_2007,0003,0006,F016242,Estanys dels Tórlits - H103004000,495931,4690868,4276862,Mercuri
after_2007,0003,0006,F016242,Estanys dels Tórlits - H103004000,495931,4690868,4276863,Molibdè
after_2007,0003,0006,F016242,Estanys dels Tórlits - H103004000,495931,4690868,4276864,Antimoni
after_2007,0003,0006,F016242,Estanys dels Tórlits - H103004000,495931,4690868,4276865,Beril·li
after_2007,0003,0006,F016242,Estanys dels Tórlits - H103004000,495931,4690868,4276866,Estronci
after_2007,0003,0006,F016242,Estanys dels Tórlits - H103004000,495931,4690868,4276867,Manganès
after_2007,0003,0006,F016242,Estanys dels Tórlits - H103004000,495931,4690868,4277201,Toluè
after_2007,0003,0006,F016242,Estanys dels Tórlits - H103004000,495931,4690868,4277202,Hexaclorobutadiè
after_2007,0003,0006,F016242,Estanys dels Tórlits - H103004000,495931,4690868,4277203,Diclorometà
after_2007,0003,0006,F016242,Estanys dels Tórlits - H103004000,495931,4690868,4277204,"trans-1,2-Dicloroetilè"
after_2007,0003,0006,F016242,Estanys dels Tórlits - H103004000,495931,4690868,4277205,"cis-1,2-Dicloroetilè"
after_2007,0003,0006,F016242,Estanys dels Tórlits - H103004000,495931,4690868,4277206,Tetraclorur de Carboni
after_2007,0003,0006,F016242,Estanys dels Tórlits - H103004000,495931,4690868,4277207,Tricloroetilè
after_2007,0003,0006,F016242,Estanys dels Tórlits - H103004000,495931,4690868,4277208,Bromodiclorometà
after_2007,0003,0006,F016242,Estanys dels Tórlits - H103004000,495931,4690868,4277209,"cis-1,3-Dicloropropè"
after_2007,0003,0006,F016242,Estanys dels Tórlits - H103004000,495931,4690868,4277210,Triclorometà
after_2007,0003,0006,F016242,Estanys dels Tórlits - H103004000,495931,4690868,4277211,"1,1,2-Tricloroetà"
after_2007,0003,0006,F016242,Estanys dels Tórlits - H103004000,495931,4690868,4277212,Tetracloroetilè
after_2007,0003,0006,F016242,Estanys dels Tórlits - H103004000,495931,4690868,4277213,Dibromoclorometà
after_2007,0003,0006,F016242,Estanys dels Tórlits - H103004000,495931,4690868,4277214,Bromoform
after_2007,0003,0006,F016242,Estanys dels Tórlits - H103004000,495931,4690868,4277215,"1,2-Dicloroetà"
after_2007,0003,0006,F016242,Estanys dels Tórlits - H103004000,495931,4690868,4277216,"1,4-Diclorobenzè"
after_2007,0003,0006,F016242,Estanys dels Tórlits - H103004000,495931,4690868,4277217,"1,2-Diclorobenzè"
after_2007,0003,0006,F016242,Estanys dels Tórlits - H103004000,495931,4690868,4277218,Suma de triclorobenzens
after_2007,0003,0006,F016242,Estanys dels Tórlits - H103004000,495931,4690868,4277219,"1,2,4-Triclorobenzè"
after_2007,0003,0006,F016242,Estanys dels Tórlits - H103004000,495931,4690868,4277220,"1,2,3-Triclorobenzè"
after_2007,0003,0006,F016242,Estanys dels Tórlits - H103004000,495931,4690868,4277221,Benzè
after_2007,0003,0006,F016242,Estanys dels Tórlits - H103004000,495931,4690868,4277222,Etilbenzè
after_2007,0003,0006,F016242,Estanys dels Tórlits - H103004000,495931,4690868,4277223,"m,p-Xilè"
after_2007,0003,0006,F016242,Estanys dels Tórlits - H103004000,495931,4690868,4277224,o-Xilè
after_2007,0003,0006,F016242,Estanys dels Tórlits - H103004000,495931,4690868,4277225,Hexaclorobenzè
after_2007,0003,0006,F016242,Estanys dels Tórlits - H103004000,495931,4690868,4277226,Clorobenzè
after_2007,0003,0006,F016242,Estanys dels Tórlits - H103004000,495931,4690868,4277227,a-Hexaclorociclohexà
after_2007,0003,0006,F016242,Estanys dels Tórlits - H103004000,495931,4690868,4277228,Lindà(g-Hexaclorociclohexà)
after_2007,0003,0006,F016242,Estanys dels Tórlits - H103004000,495931,4690868,4277229,"1,1-Dicloroetilè"
after_2007,0003,0006,F016242,Estanys dels Tórlits - H103004000,495931,4690868,4277230,"1,1-Dicloroetà"
after_2007,0003,0006,F016242,Estanys dels Tórlits - H103004000,495931,4690868,4277231,"1,1,1-Tricloroetà"
after_2007,0003,0006,F016242,Estanys dels Tórlits - H103004000,495931,4690868,4277232,"1,2-Dicloropropà"
after_2007,0003,0006,F016242,Estanys dels Tórlits - H103004000,495931,4690868,4277233,"trans-1,3-Dicloropropè"
after_2007,0003,0006,F016242,Estanys dels Tórlits - H103004000,495931,4690868,4277234,"1,1,2,2-Tetracloroetà"
after_2007,0003,0006,F016242,Estanys dels Tórlits - H103004000,495931,4690868,4277235,"1,3,5-Triclorobenzè"
after_2007,0003,0006,F016242,Estanys dels Tórlits - H103004000,495931,4690868,4277236,Heptaclor
after_2007,0003,0006,F016242,Estanys dels Tórlits - H103004000,495931,4690868,4277237,Aldrín
after_2007,0003,0006,F016242,Estanys dels Tórlits - H103004000,495931,4690868,4277238,Isodrín
after_2007,0003,0006,F016242,Estanys dels Tórlits - H103004000,495931,4690868,4277239,Epòxid d'heptaclor B
after_2007,0003,0006,F016242,Estanys dels Tórlits - H103004000,495931,4690868,4277240,Endosulfan I
after_2007,0003,0006,F016242,Estanys dels Tórlits - H103004000,495931,4690868,4277241,Dieldrín
after_2007,0003,0006,F016242,Estanys dels Tórlits - H103004000,495931,4690868,4277242,Endrín
after_2007,0003,0006,F016242,Estanys dels Tórlits - H103004000,495931,4690868,4277243,"4,4'-DDE"
after_2007,0003,0006,F016242,Estanys dels Tórlits - H103004000,495931,4690868,4277244,Endosulfan II
after_2007,0003,0006,F016242,Estanys dels Tórlits - H103004000,495931,4690868,4277245,"4,4'-DDD"
after_2007,0003,0006,F016242,Estanys dels Tórlits - H103004000,495931,4690868,4277246,Sulfat d'endosulfan
after_2007,0003,0006,F016242,Estanys dels Tórlits - H103004000,495931,4690868,4277247,"4,4'-DDT"
after_2007,0003,0006,F016242,Estanys dels Tórlits - H103004000,495931,4690868,4277248,Triclorofluorometà
after_2007,0003,0006,F016242,Estanys dels Tórlits - H103004000,495931,4690868,4277249,"1,3-Diclorobenzè"
after_2007,0003,0006,F016242,Estanys dels Tórlits - H103004000,495931,4690868,4277250,Naftalè
after_2007,0003,0006,F016242,Estanys dels Tórlits - H103004000,495931,4690868,4277251,Diazinon
after_2007,0003,0006,F016242,Estanys dels Tórlits - H103004000,495931,4690868,4277252,Paration de metil
after_2007,0003,0006,F016242,Estanys dels Tórlits - H103004000,495931,4690868,4277253,Fenitrotion
after_2007,0003,0006,F016242,Estanys dels Tórlits - H103004000,495931,4690868,4277254,Malation
after_2007,0003,0006,F016242,Estanys dels Tórlits - H103004000,495931,4690868,4277255,Clorpirifòs
after_2007,0003,0006,F016242,Estanys dels Tórlits - H103004000,495931,4690868,4277256,Paration
after_2007,0003,0006,F016242,Estanys dels Tórlits - H103004000,495931,4690868,4277257,Clorfenvinfòs (suma d'isòmers)
after_2007,0003,0006,F016242,Estanys dels Tórlits - H103004000,495931,4690868,4277258,Etion
after_2007,0003,0006,F016242,Estanys dels Tórlits - H103004000,495931,4690868,4277259,Azinfòs d'etil
after_2007,0003,0006,F016242,Estanys dels Tórlits - H103004000,495931,4690868,4277260,Simazina
after_2007,0003,0006,F016242,Estanys dels Tórlits - H103004000,495931,4690868,4277261,Atrazina
after_2007,0003,0006,F016242,Estanys dels Tórlits - H103004000,495931,4690868,4277262,Propazina
after_2007,0003,0006,F016242,Estanys dels Tórlits - H103004000,495931,4690868,4277263,Terbutrina
after_2007,0003,0006,F016242,Estanys dels Tórlits - H103004000,495931,4690868,4277264,Antracè
after_2007,0003,0006,F016242,Estanys dels Tórlits - H103004000,495931,4690868,4277265,Fluorantè
after_2007,0003,0006,F016242,Estanys dels Tórlits - H103004000,495931,4690868,4277266,Benzo(b)fluorantè
after_2007,0003,0006,F016242,Estanys dels Tórlits - H103004000,495931,4690868,4277267,Benzo(k)fluorantè
after_2007,0003,0006,F016242,Estanys dels Tórlits - H103004000,495931,4690868,4277268,Benzo(a)pirè
after_2007,0003,0006,F016242,Estanys dels Tórlits - H103004000,495931,4690868,4277269,"Indeno(1,2,3-cd)pirè"
after_2007,0003,0006,F016242,Estanys dels Tórlits - H103004000,495931,4690868,4277270,Benzo(ghi)perilè
after_2007,0003,0006,F016242,Estanys dels Tórlits - H103004000,495931,4690868,4277271,Suma d'al-diel-iso-endrín
after_2007,0003,0006,F016242,Estanys dels Tórlits - H103004000,495931,4690868,4277272,Suma d'Organofosforats
after_2007,0003,0006,F016242,Estanys dels Tórlits - H103004000,495931,4690868,4277273,Suma de plaguicides clorats
after_2007,0003,0006,F016242,Estanys dels Tórlits - H103004000,495931,4690868,4277274,Suma de triazines
after_2007,0003,0006,F016242,Estanys dels Tórlits - H103004000,495931,4690868,4277275,Trifluralina
after_2007,0003,0006,F016242,Estanys dels Tórlits - H103004000,495931,4690868,4277276,Molinat
after_2007,0003,0006,F016242,Estanys dels Tórlits - H103004000,495931,4690868,4277277,Terbutilazina
after_2007,0003,0006,F016242,Estanys dels Tórlits - H103004000,495931,4690868,4277278,Alaclor
after_2007,0003,0006,F016242,Estanys dels Tórlits - H103004000,495931,4690868,4277279,Pentaclorobenzè
after_2007,0003,0006,F016242,Estanys dels Tórlits - H103004000,495931,4690868,4277280,tert-Octilfenol
after_2007,0003,0006,F016242,Estanys dels Tórlits - H103004000,495931,4690868,4277281,NPEO(e=0)
after_2007,0003,0006,F016242,Estanys dels Tórlits - H103004000,495931,4690868,4277282,"2,4'-DDT"
after_2007,0003,0006,F016242,Estanys dels Tórlits - H103004000,495931,4690868,4277283,"2,4'-DDE"
after_2007,0003,0006,F016242,Estanys dels Tórlits - H103004000,495931,4690868,4277284,"2,4'-DDD"
after_2007,0003,0006,F016242,Estanys dels Tórlits - H103004000,495931,4690868,4277285,Metolaclor
after_2007,0003,0006,F016242,Estanys dels Tórlits - H103004000,495931,4690868,4277286,Epòxid d'heptaclor A
after_2007,0003,0006,F016242,Estanys dels Tórlits - H103004000,495931,4690868,4277287,Suma de diclorobenzens
after_2007,0003,0006,F016242,Estanys dels Tórlits - H103004000,495931,4690868,4277288,Cetona d'endrín
after_2007,0003,0006,F016242,Estanys dels Tórlits - H103004000,495931,4690868,4277289,BDE-28
after_2007,0003,0006,F016242,Estanys dels Tórlits - H103004000,495931,4690868,4277290,Quinoxifèn
after_2007,0003,0006,F016242,Estanys dels Tórlits - H103004000,495931,4690868,4277291,Aclonifèn
after_2007,0003,0006,F016242,Estanys dels Tórlits - H103004000,495931,4690868,4277292,Bifenox
after_2007,0003,0006,F016242,Estanys dels Tórlits - H103004000,495931,4690868,4277293,Cipermetrín (suma d'isòmers)
after_2007,0003,0006,F016242,Estanys dels Tórlits - H103004000,495931,4690868,4277294,Cibutrina
after_2007,0003,0006,F016242,Estanys dels Tórlits - H103004000,495931,4690868,4277295,4-n-Nonilfenol
after_2007,0003,0006,F016244,Estanys de Gutina - H103003000,498332,4693849,4276022,Bor
after_2007,0003,0006,F016244,Estanys de Gutina - H103003000,498332,4693849,4276023,Bari
after_2007,0003,0006,F016244,Estanys de Gutina - H103003000,498332,4693849,4276024,Crom
after_2007,0003,0006,F016244,Estanys de Gutina - H103003000,498332,4693849,4276025,Plom
after_2007,0003,0006,F016244,Estanys de Gutina - H103003000,498332,4693849,4276026,Zinc
after_2007,0003,0006,F016244,Estanys de Gutina - H103003000,498332,4693849,4276027,Cadmi
after_2007,0003,0006,F016244,Estanys de Gutina - H103003000,498332,4693849,4276028,Coure
after_2007,0003,0006,F016244,Estanys de Gutina - H103003000,498332,4693849,4276029,Ferro
after_2007,0003,0006,F016244,Estanys de Gutina - H103003000,498332,4693849,4276030,Cobalt
after_2007,0003,0006,F016244,Estanys de Gutina - H103003000,498332,4693849,4276031,Níquel
after_2007,0003,0006,F016244,Estanys de Gutina - H103003000,498332,4693849,4276032,Seleni
after_2007,0003,0006,F016244,Estanys de Gutina - H103003000,498332,4693849,4276033,Vanadi
after_2007,0003,0006,F016244,Estanys de Gutina - H103003000,498332,4693849,4276034,Alumini
after_2007,0003,0006,F016244,Estanys de Gutina - H103003000,498332,4693849,4276035,Arsènic
after_2007,0003,0006,F016244,Estanys de Gutina - H103003000,498332,4693849,4276036,Mercuri
after_2007,0003,0006,F016244,Estanys de Gutina - H103003000,498332,4693849,4276037,Molibdè
after_2007,0003,0006,F016244,Estanys de Gutina - H103003000,498332,4693849,4276038,Antimoni
after_2007,0003,0006,F016244,Estanys de Gutina - H103003000,498332,4693849,4276039,Beril·li
after_2007,0003,0006,F016244,Estanys de Gutina - H103003000,498332,4693849,4276040,Estronci
after_2007,0003,0006,F016244,Estanys de Gutina - H103003000,498332,4693849,4276041,Manganès
after_2007,0003,0006,F016244,Estanys de Gutina - H103003000,498332,4693849,4276645,Toluè
after_2007,0003,0006,F016244,Estanys de Gutina - H103003000,498332,4693849,4276646,Hexaclorobutadiè
after_2007,0003,0006,F016244,Estanys de Gutina - H103003000,498332,4693849,4276647,Diclorometà
after_2007,0003,0006,F016244,Estanys de Gutina - H103003000,498332,4693849,4276648,"trans-1,2-Dicloroetilè"
after_2007,0003,0006,F016244,Estanys de Gutina - H103003000,498332,4693849,4276649,"cis-1,2-Dicloroetilè"
after_2007,0003,0006,F016244,Estanys de Gutina - H103003000,498332,4693849,4276650,Tetraclorur de Carboni
after_2007,0003,0006,F016244,Estanys de Gutina - H103003000,498332,4693849,4276651,Tricloroetilè
after_2007,0003,0006,F016244,Estanys de Gutina - H103003000,498332,4693849,4276652,Bromodiclorometà
after_2007,0003,0006,F016244,Estanys de Gutina - H103003000,498332,4693849,4276653,"cis-1,3-Dicloropropè"
after_2007,0003,0006,F016244,Estanys de Gutina - H103003000,498332,4693849,4276654,Triclorometà
after_2007,0003,0006,F016244,Estanys de Gutina - H103003000,498332,4693849,4276655,"1,1,2-Tricloroetà"
after_2007,0003,0006,F016244,Estanys de Gutina - H103003000,498332,4693849,4276656,Tetracloroetilè
after_2007,0003,0006,F016244,Estanys de Gutina - H103003000,498332,4693849,4276657,Dibromoclorometà
after_2007,0003,0006,F016244,Estanys de Gutina - H103003000,498332,4693849,4276658,Bromoform
after_2007,0003,0006,F016244,Estanys de Gutina - H103003000,498332,4693849,4276659,"1,2-Dicloroetà"
after_2007,0003,0006,F016244,Estanys de Gutina - H103003000,498332,4693849,4276660,"1,4-Diclorobenzè"
after_2007,0003,0006,F016244,Estanys de Gutina - H103003000,498332,4693849,4276661,"1,2-Diclorobenzè"
after_2007,0003,0006,F016244,Estanys de Gutina - H103003000,498332,4693849,4276662,Suma de triclorobenzens
after_2007,0003,0006,F016244,Estanys de Gutina - H103003000,498332,4693849,4276663,"1,2,4-Triclorobenzè"
after_2007,0003,0006,F016244,Estanys de Gutina - H103003000,498332,4693849,4276664,"1,2,3-Triclorobenzè"
after_2007,0003,0006,F016244,Estanys de Gutina - H103003000,498332,4693849,4276665,Benzè
after_2007,0003,0006,F016244,Estanys de Gutina - H103003000,498332,4693849,4276666,Etilbenzè
after_2007,0003,0006,F016244,Estanys de Gutina - H103003000,498332,4693849,4276667,"m,p-Xilè"
after_2007,0003,0006,F016244,Estanys de Gutina - H103003000,498332,4693849,4276668,o-Xilè
after_2007,0003,0006,F016244,Estanys de Gutina - H103003000,498332,4693849,4276669,Clorobenzè
after_2007,0003,0006,F016244,Estanys de Gutina - H103003000,498332,4693849,4276670,"1,1-Dicloroetilè"
after_2007,0003,0006,F016244,Estanys de Gutina - H103003000,498332,4693849,4276671,"1,1-Dicloroetà"
after_2007,0003,0006,F016244,Estanys de Gutina - H103003000,498332,4693849,4276672,"1,1,1-Tricloroetà"
after_2007,0003,0006,F016244,Estanys de Gutina - H103003000,498332,4693849,4276673,"1,2-Dicloropropà"
after_2007,0003,0006,F016244,Estanys de Gutina - H103003000,498332,4693849,4276674,"trans-1,3-Dicloropropè"
after_2007,0003,0006,F016244,Estanys de Gutina - H103003000,498332,4693849,4276675,"1,1,2,2-Tetracloroetà"
after_2007,0003,0006,F016244,Estanys de Gutina - H103003000,498332,4693849,4276676,"1,3,5-Triclorobenzè"
after_2007,0003,0006,F016244,Estanys de Gutina - H103003000,498332,4693849,4276677,Triclorofluorometà
after_2007,0003,0006,F016244,Estanys de Gutina - H103003000,498332,4693849,4276678,"1,3-diclorobenzè"
after_2007,0003,0006,F016244,Estanys de Gutina - H103003000,498332,4693849,4276679,Naftalè
after_2007,0003,0006,F016244,Estanys de Gutina - H103003000,498332,4693849,4276680,Suma de diclorobenzens
after_2007,0003,0006,F016244,Estanys de Gutina - H103003000,498332,4693849,4280811,BDE-47
after_2007,0003,0006,F016244,Estanys de Gutina - H103003000,498332,4693849,4280812,BDE-99
after_2007,0003,0006,F016244,Estanys de Gutina - H103003000,498332,4693849,4280813,BDE-100
after_2007,0003,0006,F016244,Estanys de Gutina - H103003000,498332,4693849,4280814,BDE-153
after_2007,0003,0006,F016244,Estanys de Gutina - H103003000,498332,4693849,4280815,BDE-154
after_2007,0003,0006,F016244,Estanys de Gutina - H103003000,498332,4693849,4280816,Suma de PAH1
after_2007,0003,0006,F016244,Estanys de Gutina - H103003000,498332,4693849,4280817,Suma de PAH2
after_2007,0003,0006,F016244,Estanys de Gutina - H103003000,498332,4693849,4280818,Suma de DDT
after_2007,0003,0006,F016244,Estanys de Gutina - H103003000,498332,4693849,4280933,Hexaclorobenzè
after_2007,0003,0006,F016244,Estanys de Gutina - H103003000,498332,4693849,4280934,a-Hexaclorociclohexà
after_2007,0003,0006,F016244,Estanys de Gutina - H103003000,498332,4693849,4280935,Lindà(g-Hexaclorociclohexà)
after_2007,0003,0006,F016244,Estanys de Gutina - H103003000,498332,4693849,4280936,Heptaclor
after_2007,0003,0006,F016244,Estanys de Gutina - H103003000,498332,4693849,4280937,Aldrín
after_2007,0003,0006,F016244,Estanys de Gutina - H103003000,498332,4693849,4280938,Isodrín
after_2007,0003,0006,F016244,Estanys de Gutina - H103003000,498332,4693849,4280939,Epòxid d'heptaclor B
after_2007,0003,0006,F016244,Estanys de Gutina - H103003000,498332,4693849,4280940,Endosulfan I
after_2007,0003,0006,F016244,Estanys de Gutina - H103003000,498332,4693849,4280941,Dieldrín
after_2007,0003,0006,F016244,Estanys de Gutina - H103003000,498332,4693849,4280942,Endrín
after_2007,0003,0006,F016244,Estanys de Gutina - H103003000,498332,4693849,4280943,"4,4'-DDE"
after_2007,0003,0006,F016244,Estanys de Gutina - H103003000,498332,4693849,4280944,Endosulfan II
after_2007,0003,0006,F016244,Estanys de Gutina - H103003000,498332,4693849,4280945,"4,4'-DDD"
after_2007,0003,0006,F016244,Estanys de Gutina - H103003000,498332,4693849,4280946,Sulfat d'endosulfan
after_2007,0003,0006,F016244,Estanys de Gutina - H103003000,498332,4693849,4280947,"4,4'-DDT"
after_2007,0003,0006,F016244,Estanys de Gutina - H103003000,498332,4693849,4280948,Diazinon
after_2007,0003,0006,F016244,Estanys de Gutina - H103003000,498332,4693849,4280949,Paration de metil
after_2007,0003,0006,F016244,Estanys de Gutina - H103003000,498332,4693849,4280950,Fenitrotion
after_2007,0003,0006,F016244,Estanys de Gutina - H103003000,498332,4693849,4280951,Malation
after_2007,0003,0006,F016244,Estanys de Gutina - H103003000,498332,4693849,4280952,Clorpirifòs
after_2007,0003,0006,F016244,Estanys de Gutina - H103003000,498332,4693849,4280953,Paration de metil
after_2007,0003,0006,F016244,Estanys de Gutina - H103003000,498332,4693849,4280954,Clorfenvinfòs (suma d'isòmers)
after_2007,0003,0006,F016244,Estanys de Gutina - H103003000,498332,4693849,4280955,Etion
after_2007,0003,0006,F016244,Estanys de Gutina - H103003000,498332,4693849,4280956,Azinfòs d'etil
after_2007,0003,0006,F016244,Estanys de Gutina - H103003000,498332,4693849,4280957,Simazina
after_2007,0003,0006,F016244,Estanys de Gutina - H103003000,498332,4693849,4280958,Atrazina
after_2007,0003,0006,F016244,Estanys de Gutina - H103003000,498332,4693849,4280959,Propazina
after_2007,0003,0006,F016244,Estanys de Gutina - H103003000,498332,4693849,4280960,Terbutrina
after_2007,0003,0006,F016244,Estanys de Gutina - H103003000,498332,4693849,4280961,Antracè
after_2007,0003,0006,F016244,Estanys de Gutina - H103003000,498332,4693849,4280962,Fluorantè
after_2007,0003,0006,F016244,Estanys de Gutina - H103003000,498332,4693849,4280963,Benzo(b)fluorantè
after_2007,0003,0006,F016244,Estanys de Gutina - H103003000,498332,4693849,4280964,Benzo(k)fluorantè
after_2007,0003,0006,F016244,Estanys de Gutina - H103003000,498332,4693849,4280965,Benzo(a)pirè
after_2007,0003,0006,F016244,Estanys de Gutina - H103003000,498332,4693849,4280966,"Indeno(1,2,3-cd)pirè"
after_2007,0003,0006,F016244,Estanys de Gutina - H103003000,498332,4693849,4280967,Benzo(ghi)perilè
after_2007,0003,0006,F016244,Estanys de Gutina - H103003000,498332,4693849,4280968,Suma d'al-diel-iso-endrín
after_2007,0003,0006,F016244,Estanys de Gutina - H103003000,498332,4693849,4280969,Suma d'Organofosforats
after_2007,0003,0006,F016244,Estanys de Gutina - H103003000,498332,4693849,4280970,Suma de Plaguicides Clorats
after_2007,0003,0006,F016244,Estanys de Gutina - H103003000,498332,4693849,4280971,Suma de Triazines
after_2007,0003,0006,F016244,Estanys de Gutina - H103003000,498332,4693849,4280972,Trifluralina
after_2007,0003,0006,F016244,Estanys de Gutina - H103003000,498332,4693849,4280973,Molinat
after_2007,0003,0006,F016244,Estanys de Gutina - H103003000,498332,4693849,4280974,Terbutilazina
after_2007,0003,0006,F016244,Estanys de Gutina - H103003000,498332,4693849,4280975,Alaclor
after_2007,0003,0006,F016244,Estanys de Gutina - H103003000,498332,4693849,4280976,Pentaclorobenzè
after_2007,0003,0006,F016244,Estanys de Gutina - H103003000,498332,4693849,4280977,tert-Octilfenol
after_2007,0003,0006,F016244,Estanys de Gutina - H103003000,498332,4693849,4280978,NPEO(e=0)
after_2007,0003,0006,F016244,Estanys de Gutina - H103003000,498332,4693849,4280979,"2,4'-DDT"
after_2007,0003,0006,F016244,Estanys de Gutina - H103003000,498332,4693849,4280980,"2,4'-DDE"
after_2007,0003,0006,F016244,Estanys de Gutina - H103003000,498332,4693849,4280981,"2,4'-DDD"
after_2007,0003,0006,F016244,Estanys de Gutina - H103003000,498332,4693849,4280982,Metolaclor
after_2007,0003,0006,F016244,Estanys de Gutina - H103003000,498332,4693849,4280983,Epòxid d'heptaclor A
after_2007,0003,0006,F016244,Estanys de Gutina - H103003000,498332,4693849,4280984,Cetona d'endrín
after_2007,0003,0006,F016244,Estanys de Gutina - H103003000,498332,4693849,4280985,BDE-28
after_2007,0003,0006,F016244,Estanys de Gutina - H103003000,498332,4693849,4280986,Quinoxifèn
after_2007,0003,0006,F016244,Estanys de Gutina - H103003000,498332,4693849,4280987,Aclonifèn
after_2007,0003,0006,F016244,Estanys de Gutina - H103003000,498332,4693849,4280988,Bifenox
after_2007,0003,0006,F016244,Estanys de Gutina - H103003000,498332,4693849,4280989,Cipermetrín (suma d'isòmers)
after_2007,0003,0006,F016244,Estanys de Gutina - H103003000,498332,4693849,4280990,Cibutrina
after_2007,0003,0006,F016244,Estanys de Gutina - H103003000,498332,4693849,4280991,4-n-Nonilfenol
after_2007,0003,0006,F016245,Aiguamolls de l'Alt Empordà-Meandres del riu Fluvià - H104001000,506864,4669601,4180832,BDE-47
after_2007,0003,0006,F016245,Aiguamolls de l'Alt Empordà-Meandres del riu Fluvià - H104001000,506864,4669601,4180833,BDE-99
after_2007,0003,0006,F016245,Aiguamolls de l'Alt Empordà-Meandres del riu Fluvià - H104001000,506864,4669601,4180834,BDE-100
after_2007,0003,0006,F016245,Aiguamolls de l'Alt Empordà-Meandres del riu Fluvià - H104001000,506864,4669601,4180835,BDE-153
after_2007,0003,0006,F016245,Aiguamolls de l'Alt Empordà-Meandres del riu Fluvià - H104001000,506864,4669601,4180836,BDE-154
after_2007,0003,0006,F016245,Aiguamolls de l'Alt Empordà-Meandres del riu Fluvià - H104001000,506864,4669601,4180837,Suma de PAH1
after_2007,0003,0006,F016245,Aiguamolls de l'Alt Empordà-Meandres del riu Fluvià - H104001000,506864,4669601,4180838,Suma de PAH2
after_2007,0003,0006,F016245,Aiguamolls de l'Alt Empordà-Meandres del riu Fluvià - H104001000,506864,4669601,4180839,Suma de DDT
after_2007,0003,0006,F016245,Aiguamolls de l'Alt Empordà-Meandres del riu Fluvià - H104001000,506864,4669601,4180840,Bor
after_2007,0003,0006,F016245,Aiguamolls de l'Alt Empordà-Meandres del riu Fluvià - H104001000,506864,4669601,4180841,Bari
after_2007,0003,0006,F016245,Aiguamolls de l'Alt Empordà-Meandres del riu Fluvià - H104001000,506864,4669601,4180842,Crom
after_2007,0003,0006,F016245,Aiguamolls de l'Alt Empordà-Meandres del riu Fluvià - H104001000,506864,4669601,4180843,Plom
after_2007,0003,0006,F016245,Aiguamolls de l'Alt Empordà-Meandres del riu Fluvià - H104001000,506864,4669601,4180844,Zinc
after_2007,0003,0006,F016245,Aiguamolls de l'Alt Empordà-Meandres del riu Fluvià - H104001000,506864,4669601,4180845,Cadmi
after_2007,0003,0006,F016245,Aiguamolls de l'Alt Empordà-Meandres del riu Fluvià - H104001000,506864,4669601,4180846,Coure
after_2007,0003,0006,F016245,Aiguamolls de l'Alt Empordà-Meandres del riu Fluvià - H104001000,506864,4669601,4180847,Ferro
after_2007,0003,0006,F016245,Aiguamolls de l'Alt Empordà-Meandres del riu Fluvià - H104001000,506864,4669601,4180848,Cobalt
after_2007,0003,0006,F016245,Aiguamolls de l'Alt Empordà-Meandres del riu Fluvià - H104001000,506864,4669601,4180849,Níquel
after_2007,0003,0006,F016245,Aiguamolls de l'Alt Empordà-Meandres del riu Fluvià - H104001000,506864,4669601,4180850,Seleni
after_2007,0003,0006,F016245,Aiguamolls de l'Alt Empordà-Meandres del riu Fluvià - H104001000,506864,4669601,4180851,Vanadi
after_2007,0003,0006,F016245,Aiguamolls de l'Alt Empordà-Meandres del riu Fluvià - H104001000,506864,4669601,4180852,Alumini
after_2007,0003,0006,F016245,Aiguamolls de l'Alt Empordà-Meandres del riu Fluvià - H104001000,506864,4669601,4180853,Arsènic
after_2007,0003,0006,F016245,Aiguamolls de l'Alt Empordà-Meandres del riu Fluvià - H104001000,506864,4669601,4180854,Mercuri
after_2007,0003,0006,F016245,Aiguamolls de l'Alt Empordà-Meandres del riu Fluvià - H104001000,506864,4669601,4180855,Molibdè
after_2007,0003,0006,F016245,Aiguamolls de l'Alt Empordà-Meandres del riu Fluvià - H104001000,506864,4669601,4180856,Antimoni
after_2007,0003,0006,F016245,Aiguamolls de l'Alt Empordà-Meandres del riu Fluvià - H104001000,506864,4669601,4180857,Beril·li
after_2007,0003,0006,F016245,Aiguamolls de l'Alt Empordà-Meandres del riu Fluvià - H104001000,506864,4669601,4180858,Estronci
after_2007,0003,0006,F016245,Aiguamolls de l'Alt Empordà-Meandres del riu Fluvià - H104001000,506864,4669601,4180859,Manganès
after_2007,0003,0006,F016245,Aiguamolls de l'Alt Empordà-Meandres del riu Fluvià - H104001000,506864,4669601,4180988,Toluè
after_2007,0003,0006,F016245,Aiguamolls de l'Alt Empordà-Meandres del riu Fluvià - H104001000,506864,4669601,4180989,Hexaclorobutadiè
after_2007,0003,0006,F016245,Aiguamolls de l'Alt Empordà-Meandres del riu Fluvià - H104001000,506864,4669601,4180990,Diclorometà
after_2007,0003,0006,F016245,Aiguamolls de l'Alt Empordà-Meandres del riu Fluvià - H104001000,506864,4669601,4180991,"trans-1,2-Dicloroetilè"
after_2007,0003,0006,F016245,Aiguamolls de l'Alt Empordà-Meandres del riu Fluvià - H104001000,506864,4669601,4180992,"cis-1,2-Dicloroetilè"
after_2007,0003,0006,F016245,Aiguamolls de l'Alt Empordà-Meandres del riu Fluvià - H104001000,506864,4669601,4180993,Tetraclorur de Carboni
after_2007,0003,0006,F016245,Aiguamolls de l'Alt Empordà-Meandres del riu Fluvià - H104001000,506864,4669601,4180994,Tricloroetilè
after_2007,0003,0006,F016245,Aiguamolls de l'Alt Empordà-Meandres del riu Fluvià - H104001000,506864,4669601,4180995,Bromodiclorometà
after_2007,0003,0006,F016245,Aiguamolls de l'Alt Empordà-Meandres del riu Fluvià - H104001000,506864,4669601,4180996,"cis-1,3-Dicloropropè"
after_2007,0003,0006,F016245,Aiguamolls de l'Alt Empordà-Meandres del riu Fluvià - H104001000,506864,4669601,4180997,Triclorometà
after_2007,0003,0006,F016245,Aiguamolls de l'Alt Empordà-Meandres del riu Fluvià - H104001000,506864,4669601,4180998,"1,1,2-Tricloroetà"
after_2007,0003,0006,F016245,Aiguamolls de l'Alt Empordà-Meandres del riu Fluvià - H104001000,506864,4669601,4180999,Tetracloroetilè
after_2007,0003,0006,F016245,Aiguamolls de l'Alt Empordà-Meandres del riu Fluvià - H104001000,506864,4669601,4181000,Dibromoclorometà
after_2007,0003,0006,F016245,Aiguamolls de l'Alt Empordà-Meandres del riu Fluvià - H104001000,506864,4669601,4181001,Bromoform
after_2007,0003,0006,F016245,Aiguamolls de l'Alt Empordà-Meandres del riu Fluvià - H104001000,506864,4669601,4181002,"1,2-Dicloroetà"
after_2007,0003,0006,F016245,Aiguamolls de l'Alt Empordà-Meandres del riu Fluvià - H104001000,506864,4669601,4181003,"1,4-Diclorobenzè"
after_2007,0003,0006,F016245,Aiguamolls de l'Alt Empordà-Meandres del riu Fluvià - H104001000,506864,4669601,4181004,"1,2-Diclorobenzè"
after_2007,0003,0006,F016245,Aiguamolls de l'Alt Empordà-Meandres del riu Fluvià - H104001000,506864,4669601,4181005,Suma de triclorobenzens
after_2007,0003,0006,F016245,Aiguamolls de l'Alt Empordà-Meandres del riu Fluvià - H104001000,506864,4669601,4181006,"1,2,4-Triclorobenzè"
after_2007,0003,0006,F016245,Aiguamolls de l'Alt Empordà-Meandres del riu Fluvià - H104001000,506864,4669601,4181007,"1,2,3-Triclorobenzè"
after_2007,0003,0006,F016245,Aiguamolls de l'Alt Empordà-Meandres del riu Fluvià - H104001000,506864,4669601,4181008,Benzè
after_2007,0003,0006,F016245,Aiguamolls de l'Alt Empordà-Meandres del riu Fluvià - H104001000,506864,4669601,4181009,Etilbenzè
after_2007,0003,0006,F016245,Aiguamolls de l'Alt Empordà-Meandres del riu Fluvià - H104001000,506864,4669601,4181010,"m,p-Xilè"
after_2007,0003,0006,F016245,Aiguamolls de l'Alt Empordà-Meandres del riu Fluvià - H104001000,506864,4669601,4181011,o-Xilè
after_2007,0003,0006,F016245,Aiguamolls de l'Alt Empordà-Meandres del riu Fluvià - H104001000,506864,4669601,4181013,Hexaclorobenzè
after_2007,0003,0006,F016245,Aiguamolls de l'Alt Empordà-Meandres del riu Fluvià - H104001000,506864,4669601,4181014,Clorobenzè
after_2007,0003,0006,F016245,Aiguamolls de l'Alt Empordà-Meandres del riu Fluvià - H104001000,506864,4669601,4181015,a-Hexaclorociclohexà
after_2007,0003,0006,F016245,Aiguamolls de l'Alt Empordà-Meandres del riu Fluvià - H104001000,506864,4669601,4181016,Lindà(g-Hexaclorociclohexà)
after_2007,0003,0006,F016245,Aiguamolls de l'Alt Empordà-Meandres del riu Fluvià - H104001000,506864,4669601,4181017,"1,1-Dicloroetilè"
after_2007,0003,0006,F016245,Aiguamolls de l'Alt Empordà-Meandres del riu Fluvià - H104001000,506864,4669601,4181018,"1,1-Dicloroetà"
after_2007,0003,0006,F016245,Aiguamolls de l'Alt Empordà-Meandres del riu Fluvià - H104001000,506864,4669601,4181019,"1,1,1-Tricloroetà"
after_2007,0003,0006,F016245,Aiguamolls de l'Alt Empordà-Meandres del riu Fluvià - H104001000,506864,4669601,4181020,"1,2-Dicloropropà"
after_2007,0003,0006,F016245,Aiguamolls de l'Alt Empordà-Meandres del riu Fluvià - H104001000,506864,4669601,4181021,"trans-1,3-Dicloropropè"
after_2007,0003,0006,F016245,Aiguamolls de l'Alt Empordà-Meandres del riu Fluvià - H104001000,506864,4669601,4181022,"1,1,2,2-Tetracloroetà"
after_2007,0003,0006,F016245,Aiguamolls de l'Alt Empordà-Meandres del riu Fluvià - H104001000,506864,4669601,4181023,"1,3,5-Triclorobenzè"
after_2007,0003,0006,F016245,Aiguamolls de l'Alt Empordà-Meandres del riu Fluvià - H104001000,506864,4669601,4181024,Heptaclor
after_2007,0003,0006,F016245,Aiguamolls de l'Alt Empordà-Meandres del riu Fluvià - H104001000,506864,4669601,4181025,Aldrín
after_2007,0003,0006,F016245,Aiguamolls de l'Alt Empordà-Meandres del riu Fluvià - H104001000,506864,4669601,4181026,Isodrín
after_2007,0003,0006,F016245,Aiguamolls de l'Alt Empordà-Meandres del riu Fluvià - H104001000,506864,4669601,4181027,Epòxid d'heptaclor B
after_2007,0003,0006,F016245,Aiguamolls de l'Alt Empordà-Meandres del riu Fluvià - H104001000,506864,4669601,4181028,Endosulfan I
after_2007,0003,0006,F016245,Aiguamolls de l'Alt Empordà-Meandres del riu Fluvià - H104001000,506864,4669601,4181029,Dieldrín
after_2007,0003,0006,F016245,Aiguamolls de l'Alt Empordà-Meandres del riu Fluvià - H104001000,506864,4669601,4181030,Endrín
after_2007,0003,0006,F016245,Aiguamolls de l'Alt Empordà-Meandres del riu Fluvià - H104001000,506864,4669601,4181031,"4,4'-DDE"
after_2007,0003,0006,F016245,Aiguamolls de l'Alt Empordà-Meandres del riu Fluvià - H104001000,506864,4669601,4181032,Endosulfan II
after_2007,0003,0006,F016245,Aiguamolls de l'Alt Empordà-Meandres del riu Fluvià - H104001000,506864,4669601,4181033,"4,4'-DDD"
after_2007,0003,0006,F016245,Aiguamolls de l'Alt Empordà-Meandres del riu Fluvià - H104001000,506864,4669601,4181034,Sulfat d'endosulfan
after_2007,0003,0006,F016245,Aiguamolls de l'Alt Empordà-Meandres del riu Fluvià - H104001000,506864,4669601,4181035,"4,4'-DDT"
after_2007,0003,0006,F016245,Aiguamolls de l'Alt Empordà-Meandres del riu Fluvià - H104001000,506864,4669601,4181036,Triclorofluorometà
after_2007,0003,0006,F016245,Aiguamolls de l'Alt Empordà-Meandres del riu Fluvià - H104001000,506864,4669601,4181037,"1,3-diclorobenzè"
after_2007,0003,0006,F016245,Aiguamolls de l'Alt Empordà-Meandres del riu Fluvià - H104001000,506864,4669601,4181038,Naftalè
after_2007,0003,0006,F016245,Aiguamolls de l'Alt Empordà-Meandres del riu Fluvià - H104001000,506864,4669601,4181039,Diazinon
after_2007,0003,0006,F016245,Aiguamolls de l'Alt Empordà-Meandres del riu Fluvià - H104001000,506864,4669601,4181040,Paration de metil
after_2007,0003,0006,F016245,Aiguamolls de l'Alt Empordà-Meandres del riu Fluvià - H104001000,506864,4669601,4181041,Fenitrotion
after_2007,0003,0006,F016245,Aiguamolls de l'Alt Empordà-Meandres del riu Fluvià - H104001000,506864,4669601,4181042,Malation
after_2007,0003,0006,F016245,Aiguamolls de l'Alt Empordà-Meandres del riu Fluvià - H104001000,506864,4669601,4181043,Clorpirifòs
after_2007,0003,0006,F016245,Aiguamolls de l'Alt Empordà-Meandres del riu Fluvià - H104001000,506864,4669601,4181044,Paration
after_2007,0003,0006,F016245,Aiguamolls de l'Alt Empordà-Meandres del riu Fluvià - H104001000,506864,4669601,4181045,Clorfenvinfòs (suma d'isòmers)
after_2007,0003,0006,F016245,Aiguamolls de l'Alt Empordà-Meandres del riu Fluvià - H104001000,506864,4669601,4181046,Etion
after_2007,0003,0006,F016245,Aiguamolls de l'Alt Empordà-Meandres del riu Fluvià - H104001000,506864,4669601,4181047,Azinfòs d'etil
after_2007,0003,0006,F016245,Aiguamolls de l'Alt Empordà-Meandres del riu Fluvià - H104001000,506864,4669601,4181048,Simazina
after_2007,0003,0006,F016245,Aiguamolls de l'Alt Empordà-Meandres del riu Fluvià - H104001000,506864,4669601,4181049,Atrazina
after_2007,0003,0006,F016245,Aiguamolls de l'Alt Empordà-Meandres del riu Fluvià - H104001000,506864,4669601,4181050,Propazina
after_2007,0003,0006,F016245,Aiguamolls de l'Alt Empordà-Meandres del riu Fluvià - H104001000,506864,4669601,4181051,Terbutrina
after_2007,0003,0006,F016245,Aiguamolls de l'Alt Empordà-Meandres del riu Fluvià - H104001000,506864,4669601,4181052,Antracè
after_2007,0003,0006,F016245,Aiguamolls de l'Alt Empordà-Meandres del riu Fluvià - H104001000,506864,4669601,4181053,Fluorantè
after_2007,0003,0006,F016245,Aiguamolls de l'Alt Empordà-Meandres del riu Fluvià - H104001000,506864,4669601,4181054,Benzo(b)fluorantè
after_2007,0003,0006,F016245,Aiguamolls de l'Alt Empordà-Meandres del riu Fluvià - H104001000,506864,4669601,4181055,Benzo(k)fluorantè
after_2007,0003,0006,F016245,Aiguamolls de l'Alt Empordà-Meandres del riu Fluvià - H104001000,506864,4669601,4181056,Benzo(a)pirè
after_2007,0003,0006,F016245,Aiguamolls de l'Alt Empordà-Meandres del riu Fluvià - H104001000,506864,4669601,4181057,"Indeno(1,2,3-cd)pirè"
after_2007,0003,0006,F016245,Aiguamolls de l'Alt Empordà-Meandres del riu Fluvià - H104001000,506864,4669601,4181058,Benzo(ghi)perilè
after_2007,0003,0006,F016245,Aiguamolls de l'Alt Empordà-Meandres del riu Fluvià - H104001000,506864,4669601,4181059,Suma d'al-diel-iso-endrín
after_2007,0003,0006,F016245,Aiguamolls de l'Alt Empordà-Meandres del riu Fluvià - H104001000,506864,4669601,4181060,Suma d'Organofosforats
after_2007,0003,0006,F016245,Aiguamolls de l'Alt Empordà-Meandres del riu Fluvià - H104001000,506864,4669601,4181061,Suma de plaguicides clorats
after_2007,0003,0006,F016245,Aiguamolls de l'Alt Empordà-Meandres del riu Fluvià - H104001000,506864,4669601,4181062,Suma de triazines
after_2007,0003,0006,F016245,Aiguamolls de l'Alt Empordà-Meandres del riu Fluvià - H104001000,506864,4669601,4181063,Trifluralina
after_2007,0003,0006,F016245,Aiguamolls de l'Alt Empordà-Meandres del riu Fluvià - H104001000,506864,4669601,4181064,Molinat
after_2007,0003,0006,F016245,Aiguamolls de l'Alt Empordà-Meandres del riu Fluvià - H104001000,506864,4669601,4181065,Terbutilazina
after_2007,0003,0006,F016245,Aiguamolls de l'Alt Empordà-Meandres del riu Fluvià - H104001000,506864,4669601,4181066,Alaclor
after_2007,0003,0006,F016245,Aiguamolls de l'Alt Empordà-Meandres del riu Fluvià - H104001000,506864,4669601,4181067,Pentaclorobenzè
after_2007,0003,0006,F016245,Aiguamolls de l'Alt Empordà-Meandres del riu Fluvià - H104001000,506864,4669601,4181068,tert-Octilfenol
after_2007,0003,0006,F016245,Aiguamolls de l'Alt Empordà-Meandres del riu Fluvià - H104001000,506864,4669601,4181069,NPEO(e=0)
after_2007,0003,0006,F016245,Aiguamolls de l'Alt Empordà-Meandres del riu Fluvià - H104001000,506864,4669601,4181070,"2,4'-DDT"
after_2007,0003,0006,F016245,Aiguamolls de l'Alt Empordà-Meandres del riu Fluvià - H104001000,506864,4669601,4181071,"2,4'-DDE"
after_2007,0003,0006,F016245,Aiguamolls de l'Alt Empordà-Meandres del riu Fluvià - H104001000,506864,4669601,4181072,"2,4'-DDD"
after_2007,0003,0006,F016245,Aiguamolls de l'Alt Empordà-Meandres del riu Fluvià - H104001000,506864,4669601,4181073,Metolaclor
after_2007,0003,0006,F016245,Aiguamolls de l'Alt Empordà-Meandres del riu Fluvià - H104001000,506864,4669601,4181074,Epòxid d'heptaclor A
after_2007,0003,0006,F016245,Aiguamolls de l'Alt Empordà-Meandres del riu Fluvià - H104001000,506864,4669601,4181075,Suma de diclorobenzens
after_2007,0003,0006,F016245,Aiguamolls de l'Alt Empordà-Meandres del riu Fluvià - H104001000,506864,4669601,4181076,Cetona d'endrín
after_2007,0003,0006,F016245,Aiguamolls de l'Alt Empordà-Meandres del riu Fluvià - H104001000,506864,4669601,4181077,BDE-28
after_2007,0003,0006,F016245,Aiguamolls de l'Alt Empordà-Meandres del riu Fluvià - H104001000,506864,4669601,4181078,Quinoxifèn
after_2007,0003,0006,F016245,Aiguamolls de l'Alt Empordà-Meandres del riu Fluvià - H104001000,506864,4669601,4181079,Aclonifèn
after_2007,0003,0006,F016245,Aiguamolls de l'Alt Empordà-Meandres del riu Fluvià - H104001000,506864,4669601,4181080,Bifenox
after_2007,0003,0006,F016245,Aiguamolls de l'Alt Empordà-Meandres del riu Fluvià - H104001000,506864,4669601,4181081,Cipermetrín (suma d'isòmers)
after_2007,0003,0006,F016245,Aiguamolls de l'Alt Empordà-Meandres del riu Fluvià - H104001000,506864,4669601,4181082,Cibutrina
after_2007,0003,0006,F016245,Aiguamolls de l'Alt Empordà-Meandres del riu Fluvià - H104001000,506864,4669601,4181083,4-n-Nonilfenol
after_2007,0003,0006,F016245,Aiguamolls de l'Alt Empordà-Meandres del riu Fluvià - H104001000,506864,4669601,4482917,Suma de xilens
after_2007,0003,0006,F016245,Aiguamolls de l'Alt Empordà-Meandres del riu Fluvià - H104001000,506864,4669601,4482919,Desetilatrazina
after_2007,0003,0006,F016245,Aiguamolls de l'Alt Empordà-Meandres del riu Fluvià - H104001000,506864,4669601,4482920,Cianazina
after_2007,0003,0006,F016245,Aiguamolls de l'Alt Empordà-Meandres del riu Fluvià - H104001000,506864,4669601,4482921,Diuron
after_2007,0003,0006,F016245,Aiguamolls de l'Alt Empordà-Meandres del riu Fluvià - H104001000,506864,4669601,4482922,Isoproturon
after_2007,0003,0006,F016245,Aiguamolls de l'Alt Empordà-Meandres del riu Fluvià - H104001000,506864,4669601,4482923,Linuron
after_2007,0003,0006,F016245,Aiguamolls de l'Alt Empordà-Meandres del riu Fluvià - H104001000,506864,4669601,4482924,Bentazona
after_2007,0003,0006,F016245,Aiguamolls de l'Alt Empordà-Meandres del riu Fluvià - H104001000,506864,4669601,4482936,Clortoluron
after_2007,0003,0006,F016247,Aiguamolls de l'Alt Empordà-Riu Vell - H160001000,508751,4666210,4180860,BDE-47
after_2007,0003,0006,F016247,Aiguamolls de l'Alt Empordà-Riu Vell - H160001000,508751,4666210,4180861,BDE-99
after_2007,0003,0006,F016247,Aiguamolls de l'Alt Empordà-Riu Vell - H160001000,508751,4666210,4180862,BDE-100
after_2007,0003,0006,F016247,Aiguamolls de l'Alt Empordà-Riu Vell - H160001000,508751,4666210,4180863,BDE-153
after_2007,0003,0006,F016247,Aiguamolls de l'Alt Empordà-Riu Vell - H160001000,508751,4666210,4180864,BDE-154
after_2007,0003,0006,F016247,Aiguamolls de l'Alt Empordà-Riu Vell - H160001000,508751,4666210,4180865,Suma de PAH1
after_2007,0003,0006,F016247,Aiguamolls de l'Alt Empordà-Riu Vell - H160001000,508751,4666210,4180866,Suma de PAH2
after_2007,0003,0006,F016247,Aiguamolls de l'Alt Empordà-Riu Vell - H160001000,508751,4666210,4180867,Suma de DDT
after_2007,0003,0006,F016247,Aiguamolls de l'Alt Empordà-Riu Vell - H160001000,508751,4666210,4180868,Bor
after_2007,0003,0006,F016247,Aiguamolls de l'Alt Empordà-Riu Vell - H160001000,508751,4666210,4180869,Bari
after_2007,0003,0006,F016247,Aiguamolls de l'Alt Empordà-Riu Vell - H160001000,508751,4666210,4180870,Crom
after_2007,0003,0006,F016247,Aiguamolls de l'Alt Empordà-Riu Vell - H160001000,508751,4666210,4180871,Plom
after_2007,0003,0006,F016247,Aiguamolls de l'Alt Empordà-Riu Vell - H160001000,508751,4666210,4180872,Zinc
after_2007,0003,0006,F016247,Aiguamolls de l'Alt Empordà-Riu Vell - H160001000,508751,4666210,4180873,Cadmi
after_2007,0003,0006,F016247,Aiguamolls de l'Alt Empordà-Riu Vell - H160001000,508751,4666210,4180874,Coure
after_2007,0003,0006,F016247,Aiguamolls de l'Alt Empordà-Riu Vell - H160001000,508751,4666210,4180875,Ferro
after_2007,0003,0006,F016247,Aiguamolls de l'Alt Empordà-Riu Vell - H160001000,508751,4666210,4180876,Cobalt
after_2007,0003,0006,F016247,Aiguamolls de l'Alt Empordà-Riu Vell - H160001000,508751,4666210,4180877,Níquel
after_2007,0003,0006,F016247,Aiguamolls de l'Alt Empordà-Riu Vell - H160001000,508751,4666210,4180878,Seleni
after_2007,0003,0006,F016247,Aiguamolls de l'Alt Empordà-Riu Vell - H160001000,508751,4666210,4180879,Vanadi
after_2007,0003,0006,F016247,Aiguamolls de l'Alt Empordà-Riu Vell - H160001000,508751,4666210,4180880,Alumini
after_2007,0003,0006,F016247,Aiguamolls de l'Alt Empordà-Riu Vell - H160001000,508751,4666210,4180881,Arsènic
after_2007,0003,0006,F016247,Aiguamolls de l'Alt Empordà-Riu Vell - H160001000,508751,4666210,4180882,Mercuri
after_2007,0003,0006,F016247,Aiguamolls de l'Alt Empordà-Riu Vell - H160001000,508751,4666210,4180883,Molibdè
after_2007,0003,0006,F016247,Aiguamolls de l'Alt Empordà-Riu Vell - H160001000,508751,4666210,4180884,Antimoni
after_2007,0003,0006,F016247,Aiguamolls de l'Alt Empordà-Riu Vell - H160001000,508751,4666210,4180885,Beril·li
after_2007,0003,0006,F016247,Aiguamolls de l'Alt Empordà-Riu Vell - H160001000,508751,4666210,4180886,Estronci
after_2007,0003,0006,F016247,Aiguamolls de l'Alt Empordà-Riu Vell - H160001000,508751,4666210,4180887,Manganès
after_2007,0003,0006,F016247,Aiguamolls de l'Alt Empordà-Riu Vell - H160001000,508751,4666210,4181088,Toluè
after_2007,0003,0006,F016247,Aiguamolls de l'Alt Empordà-Riu Vell - H160001000,508751,4666210,4181089,Hexaclorobutadiè
after_2007,0003,0006,F016247,Aiguamolls de l'Alt Empordà-Riu Vell - H160001000,508751,4666210,4181090,Diclorometà
after_2007,0003,0006,F016247,Aiguamolls de l'Alt Empordà-Riu Vell - H160001000,508751,4666210,4181091,"trans-1,2-Dicloroetilè"
after_2007,0003,0006,F016247,Aiguamolls de l'Alt Empordà-Riu Vell - H160001000,508751,4666210,4181092,"cis-1,2-Dicloroetilè"
after_2007,0003,0006,F016247,Aiguamolls de l'Alt Empordà-Riu Vell - H160001000,508751,4666210,4181093,Tetraclorur de Carboni
after_2007,0003,0006,F016247,Aiguamolls de l'Alt Empordà-Riu Vell - H160001000,508751,4666210,4181094,Tricloroetilè
after_2007,0003,0006,F016247,Aiguamolls de l'Alt Empordà-Riu Vell - H160001000,508751,4666210,4181095,Bromodiclorometà
after_2007,0003,0006,F016247,Aiguamolls de l'Alt Empordà-Riu Vell - H160001000,508751,4666210,4181096,"cis-1,3-Dicloropropè"
after_2007,0003,0006,F016247,Aiguamolls de l'Alt Empordà-Riu Vell - H160001000,508751,4666210,4181097,Triclorometà
after_2007,0003,0006,F016247,Aiguamolls de l'Alt Empordà-Riu Vell - H160001000,508751,4666210,4181098,"1,1,2-Tricloroetà"
after_2007,0003,0006,F016247,Aiguamolls de l'Alt Empordà-Riu Vell - H160001000,508751,4666210,4181099,Tetracloroetilè
after_2007,0003,0006,F016247,Aiguamolls de l'Alt Empordà-Riu Vell - H160001000,508751,4666210,4181100,Dibromoclorometà
after_2007,0003,0006,F016247,Aiguamolls de l'Alt Empordà-Riu Vell - H160001000,508751,4666210,4181101,Bromoform
after_2007,0003,0006,F016247,Aiguamolls de l'Alt Empordà-Riu Vell - H160001000,508751,4666210,4181102,"1,2-Dicloroetà"
after_2007,0003,0006,F016247,Aiguamolls de l'Alt Empordà-Riu Vell - H160001000,508751,4666210,4181103,"1,4-Diclorobenzè"
after_2007,0003,0006,F016247,Aiguamolls de l'Alt Empordà-Riu Vell - H160001000,508751,4666210,4181104,"1,2-Diclorobenzè"
after_2007,0003,0006,F016247,Aiguamolls de l'Alt Empordà-Riu Vell - H160001000,508751,4666210,4181105,Suma de triclorobenzens
after_2007,0003,0006,F016247,Aiguamolls de l'Alt Empordà-Riu Vell - H160001000,508751,4666210,4181106,"1,2,4-Triclorobenzè"
after_2007,0003,0006,F016247,Aiguamolls de l'Alt Empordà-Riu Vell - H160001000,508751,4666210,4181107,"1,2,3-Triclorobenzè"
after_2007,0003,0006,F016247,Aiguamolls de l'Alt Empordà-Riu Vell - H160001000,508751,4666210,4181108,Benzè
after_2007,0003,0006,F016247,Aiguamolls de l'Alt Empordà-Riu Vell - H160001000,508751,4666210,4181109,Etilbenzè
after_2007,0003,0006,F016247,Aiguamolls de l'Alt Empordà-Riu Vell - H160001000,508751,4666210,4181110,"m,p-Xilè"
after_2007,0003,0006,F016247,Aiguamolls de l'Alt Empordà-Riu Vell - H160001000,508751,4666210,4181111,o-Xilè
after_2007,0003,0006,F016247,Aiguamolls de l'Alt Empordà-Riu Vell - H160001000,508751,4666210,4181113,Hexaclorobenzè
after_2007,0003,0006,F016247,Aiguamolls de l'Alt Empordà-Riu Vell - H160001000,508751,4666210,4181114,Clorobenzè
after_2007,0003,0006,F016247,Aiguamolls de l'Alt Empordà-Riu Vell - H160001000,508751,4666210,4181115,a-Hexaclorociclohexà
after_2007,0003,0006,F016247,Aiguamolls de l'Alt Empordà-Riu Vell - H160001000,508751,4666210,4181116,Lindà(g-Hexaclorociclohexà)
after_2007,0003,0006,F016247,Aiguamolls de l'Alt Empordà-Riu Vell - H160001000,508751,4666210,4181117,"1,1-Dicloroetilè"
after_2007,0003,0006,F016247,Aiguamolls de l'Alt Empordà-Riu Vell - H160001000,508751,4666210,4181118,"1,1-Dicloroetà"
after_2007,0003,0006,F016247,Aiguamolls de l'Alt Empordà-Riu Vell - H160001000,508751,4666210,4181119,"1,1,1-Tricloroetà"
after_2007,0003,0006,F016247,Aiguamolls de l'Alt Empordà-Riu Vell - H160001000,508751,4666210,4181120,"1,2-Dicloropropà"
after_2007,0003,0006,F016247,Aiguamolls de l'Alt Empordà-Riu Vell - H160001000,508751,4666210,4181121,"trans-1,3-Dicloropropè"
after_2007,0003,0006,F016247,Aiguamolls de l'Alt Empordà-Riu Vell - H160001000,508751,4666210,4181122,"1,1,2,2-Tetracloroetà"
after_2007,0003,0006,F016247,Aiguamolls de l'Alt Empordà-Riu Vell - H160001000,508751,4666210,4181123,"1,3,5-Triclorobenzè"
after_2007,0003,0006,F016247,Aiguamolls de l'Alt Empordà-Riu Vell - H160001000,508751,4666210,4181124,Heptaclor
after_2007,0003,0006,F016247,Aiguamolls de l'Alt Empordà-Riu Vell - H160001000,508751,4666210,4181125,Aldrín
after_2007,0003,0006,F016247,Aiguamolls de l'Alt Empordà-Riu Vell - H160001000,508751,4666210,4181126,Isodrín
after_2007,0003,0006,F016247,Aiguamolls de l'Alt Empordà-Riu Vell - H160001000,508751,4666210,4181127,Epòxid d'heptaclor B
after_2007,0003,0006,F016247,Aiguamolls de l'Alt Empordà-Riu Vell - H160001000,508751,4666210,4181128,Endosulfan I
after_2007,0003,0006,F016247,Aiguamolls de l'Alt Empordà-Riu Vell - H160001000,508751,4666210,4181129,Dieldrín
after_2007,0003,0006,F016247,Aiguamolls de l'Alt Empordà-Riu Vell - H160001000,508751,4666210,4181130,Endrín
after_2007,0003,0006,F016247,Aiguamolls de l'Alt Empordà-Riu Vell - H160001000,508751,4666210,4181131,"4,4'-DDE"
after_2007,0003,0006,F016247,Aiguamolls de l'Alt Empordà-Riu Vell - H160001000,508751,4666210,4181132,Endosulfan II
after_2007,0003,0006,F016247,Aiguamolls de l'Alt Empordà-Riu Vell - H160001000,508751,4666210,4181133,"4,4'-DDD"
after_2007,0003,0006,F016247,Aiguamolls de l'Alt Empordà-Riu Vell - H160001000,508751,4666210,4181134,Sulfat d'endosulfan
after_2007,0003,0006,F016247,Aiguamolls de l'Alt Empordà-Riu Vell - H160001000,508751,4666210,4181135,"4,4'-DDT"
after_2007,0003,0006,F016247,Aiguamolls de l'Alt Empordà-Riu Vell - H160001000,508751,4666210,4181136,Triclorofluorometà
after_2007,0003,0006,F016247,Aiguamolls de l'Alt Empordà-Riu Vell - H160001000,508751,4666210,4181137,"1,3-diclorobenzè"
after_2007,0003,0006,F016247,Aiguamolls de l'Alt Empordà-Riu Vell - H160001000,508751,4666210,4181138,Naftalè
after_2007,0003,0006,F016247,Aiguamolls de l'Alt Empordà-Riu Vell - H160001000,508751,4666210,4181139,Diazinon
after_2007,0003,0006,F016247,Aiguamolls de l'Alt Empordà-Riu Vell - H160001000,508751,4666210,4181140,Paration de metil
after_2007,0003,0006,F016247,Aiguamolls de l'Alt Empordà-Riu Vell - H160001000,508751,4666210,4181141,Fenitrotion
after_2007,0003,0006,F016247,Aiguamolls de l'Alt Empordà-Riu Vell - H160001000,508751,4666210,4181142,Malation
after_2007,0003,0006,F016247,Aiguamolls de l'Alt Empordà-Riu Vell - H160001000,508751,4666210,4181143,Clorpirifòs
after_2007,0003,0006,F016247,Aiguamolls de l'Alt Empordà-Riu Vell - H160001000,508751,4666210,4181144,Paration
after_2007,0003,0006,F016247,Aiguamolls de l'Alt Empordà-Riu Vell - H160001000,508751,4666210,4181145,Clorfenvinfòs (suma d'isòmers)
after_2007,0003,0006,F016247,Aiguamolls de l'Alt Empordà-Riu Vell - H160001000,508751,4666210,4181146,Etion
after_2007,0003,0006,F016247,Aiguamolls de l'Alt Empordà-Riu Vell - H160001000,508751,4666210,4181147,Azinfòs d'etil
after_2007,0003,0006,F016247,Aiguamolls de l'Alt Empordà-Riu Vell - H160001000,508751,4666210,4181148,Simazina
after_2007,0003,0006,F016247,Aiguamolls de l'Alt Empordà-Riu Vell - H160001000,508751,4666210,4181149,Atrazina
after_2007,0003,0006,F016247,Aiguamolls de l'Alt Empordà-Riu Vell - H160001000,508751,4666210,4181150,Propazina
after_2007,0003,0006,F016247,Aiguamolls de l'Alt Empordà-Riu Vell - H160001000,508751,4666210,4181151,Terbutrina
after_2007,0003,0006,F016247,Aiguamolls de l'Alt Empordà-Riu Vell - H160001000,508751,4666210,4181152,Antracè
after_2007,0003,0006,F016247,Aiguamolls de l'Alt Empordà-Riu Vell - H160001000,508751,4666210,4181153,Fluorantè
after_2007,0003,0006,F016247,Aiguamolls de l'Alt Empordà-Riu Vell - H160001000,508751,4666210,4181154,Benzo(b)fluorantè
after_2007,0003,0006,F016247,Aiguamolls de l'Alt Empordà-Riu Vell - H160001000,508751,4666210,4181155,Benzo(k)fluorantè
after_2007,0003,0006,F016247,Aiguamolls de l'Alt Empordà-Riu Vell - H160001000,508751,4666210,4181156,Benzo(a)pirè
after_2007,0003,0006,F016247,Aiguamolls de l'Alt Empordà-Riu Vell - H160001000,508751,4666210,4181157,"Indeno(1,2,3-cd)pirè"
after_2007,0003,0006,F016247,Aiguamolls de l'Alt Empordà-Riu Vell - H160001000,508751,4666210,4181158,Benzo(ghi)perilè
after_2007,0003,0006,F016247,Aiguamolls de l'Alt Empordà-Riu Vell - H160001000,508751,4666210,4181159,Suma d'al-diel-iso-endrín
after_2007,0003,0006,F016247,Aiguamolls de l'Alt Empordà-Riu Vell - H160001000,508751,4666210,4181160,Suma d'Organofosforats
after_2007,0003,0006,F016247,Aiguamolls de l'Alt Empordà-Riu Vell - H160001000,508751,4666210,4181161,Suma de plaguicides clorats
after_2007,0003,0006,F016247,Aiguamolls de l'Alt Empordà-Riu Vell - H160001000,508751,4666210,4181162,Suma de triazines
after_2007,0003,0006,F016247,Aiguamolls de l'Alt Empordà-Riu Vell - H160001000,508751,4666210,4181163,Trifluralina
after_2007,0003,0006,F016247,Aiguamolls de l'Alt Empordà-Riu Vell - H160001000,508751,4666210,4181164,Molinat
after_2007,0003,0006,F016247,Aiguamolls de l'Alt Empordà-Riu Vell - H160001000,508751,4666210,4181165,Terbutilazina
after_2007,0003,0006,F016247,Aiguamolls de l'Alt Empordà-Riu Vell - H160001000,508751,4666210,4181166,Alaclor
after_2007,0003,0006,F016247,Aiguamolls de l'Alt Empordà-Riu Vell - H160001000,508751,4666210,4181167,Pentaclorobenzè
after_2007,0003,0006,F016247,Aiguamolls de l'Alt Empordà-Riu Vell - H160001000,508751,4666210,4181168,tert-Octilfenol
after_2007,0003,0006,F016247,Aiguamolls de l'Alt Empordà-Riu Vell - H160001000,508751,4666210,4181169,NPEO(e=0)
after_2007,0003,0006,F016247,Aiguamolls de l'Alt Empordà-Riu Vell - H160001000,508751,4666210,4181170,"2,4'-DDT"
after_2007,0003,0006,F016247,Aiguamolls de l'Alt Empordà-Riu Vell - H160001000,508751,4666210,4181171,"2,4'-DDE"
after_2007,0003,0006,F016247,Aiguamolls de l'Alt Empordà-Riu Vell - H160001000,508751,4666210,4181172,"2,4'-DDD"
after_2007,0003,0006,F016247,Aiguamolls de l'Alt Empordà-Riu Vell - H160001000,508751,4666210,4181173,Metolaclor
after_2007,0003,0006,F016247,Aiguamolls de l'Alt Empordà-Riu Vell - H160001000,508751,4666210,4181174,Epòxid d'heptaclor A
after_2007,0003,0006,F016247,Aiguamolls de l'Alt Empordà-Riu Vell - H160001000,508751,4666210,4181175,Suma de diclorobenzens
after_2007,0003,0006,F016247,Aiguamolls de l'Alt Empordà-Riu Vell - H160001000,508751,4666210,4181176,Cetona d'endrín
after_2007,0003,0006,F016247,Aiguamolls de l'Alt Empordà-Riu Vell - H160001000,508751,4666210,4181177,BDE-28
after_2007,0003,0006,F016247,Aiguamolls de l'Alt Empordà-Riu Vell - H160001000,508751,4666210,4181178,Quinoxifèn
after_2007,0003,0006,F016247,Aiguamolls de l'Alt Empordà-Riu Vell - H160001000,508751,4666210,4181179,Aclonifèn
after_2007,0003,0006,F016247,Aiguamolls de l'Alt Empordà-Riu Vell - H160001000,508751,4666210,4181180,Bifenox
after_2007,0003,0006,F016247,Aiguamolls de l'Alt Empordà-Riu Vell - H160001000,508751,4666210,4181181,Cipermetrín (suma d'isòmers)
after_2007,0003,0006,F016247,Aiguamolls de l'Alt Empordà-Riu Vell - H160001000,508751,4666210,4181182,Cibutrina
after_2007,0003,0006,F016247,Aiguamolls de l'Alt Empordà-Riu Vell - H160001000,508751,4666210,4181183,4-n-Nonilfenol
after_2007,0003,0006,F016247,Aiguamolls de l'Alt Empordà-Riu Vell - H160001000,508751,4666210,4562264,Suma de Xilens
after_2007,0003,0006,F016247,Aiguamolls de l'Alt Empordà-Riu Vell - H160001000,508751,4666210,4562265,Desetilatrazina
after_2007,0003,0006,F016247,Aiguamolls de l'Alt Empordà-Riu Vell - H160001000,508751,4666210,4562266,Cianazina
after_2007,0003,0006,F016247,Aiguamolls de l'Alt Empordà-Riu Vell - H160001000,508751,4666210,4562267,Diuron
after_2007,0003,0006,F016247,Aiguamolls de l'Alt Empordà-Riu Vell - H160001000,508751,4666210,4562268,Isoproturon
after_2007,0003,0006,F016247,Aiguamolls de l'Alt Empordà-Riu Vell - H160001000,508751,4666210,4562269,Linuron
after_2007,0003,0006,F016247,Aiguamolls de l'Alt Empordà-Riu Vell - H160001000,508751,4666210,4562270,Bentazona
after_2007,0003,0006,F016247,Aiguamolls de l'Alt Empordà-Riu Vell - H160001000,508751,4666210,4562282,Clortoluron
after_2007,0003,0006,F016252,Aiguamolls de l'Alt Empordà-La Rogera - H103007000,509367,4674385,4426371,BDE-47
after_2007,0003,0006,F016252,Aiguamolls de l'Alt Empordà-La Rogera - H103007000,509367,4674385,4426372,BDE-99
after_2007,0003,0006,F016252,Aiguamolls de l'Alt Empordà-La Rogera - H103007000,509367,4674385,4426373,BDE-100
after_2007,0003,0006,F016252,Aiguamolls de l'Alt Empordà-La Rogera - H103007000,509367,4674385,4426374,BDE-153
after_2007,0003,0006,F016252,Aiguamolls de l'Alt Empordà-La Rogera - H103007000,509367,4674385,4426375,BDE-154
after_2007,0003,0006,F016252,Aiguamolls de l'Alt Empordà-La Rogera - H103007000,509367,4674385,4426376,Suma de PAH1
after_2007,0003,0006,F016252,Aiguamolls de l'Alt Empordà-La Rogera - H103007000,509367,4674385,4426377,Suma de PAH2
after_2007,0003,0006,F016252,Aiguamolls de l'Alt Empordà-La Rogera - H103007000,509367,4674385,4426378,Suma de DDT
after_2007,0003,0006,F016252,Aiguamolls de l'Alt Empordà-La Rogera - H103007000,509367,4674385,4426379,Bor
after_2007,0003,0006,F016252,Aiguamolls de l'Alt Empordà-La Rogera - H103007000,509367,4674385,4426380,Bari
after_2007,0003,0006,F016252,Aiguamolls de l'Alt Empordà-La Rogera - H103007000,509367,4674385,4426381,Crom
after_2007,0003,0006,F016252,Aiguamolls de l'Alt Empordà-La Rogera - H103007000,509367,4674385,4426382,Plom
after_2007,0003,0006,F016252,Aiguamolls de l'Alt Empordà-La Rogera - H103007000,509367,4674385,4426383,Zinc
after_2007,0003,0006,F016252,Aiguamolls de l'Alt Empordà-La Rogera - H103007000,509367,4674385,4426384,Cadmi
after_2007,0003,0006,F016252,Aiguamolls de l'Alt Empordà-La Rogera - H103007000,509367,4674385,4426385,Coure
after_2007,0003,0006,F016252,Aiguamolls de l'Alt Empordà-La Rogera - H103007000,509367,4674385,4426386,Ferro
after_2007,0003,0006,F016252,Aiguamolls de l'Alt Empordà-La Rogera - H103007000,509367,4674385,4426387,Cobalt
after_2007,0003,0006,F016252,Aiguamolls de l'Alt Empordà-La Rogera - H103007000,509367,4674385,4426388,Níquel
after_2007,0003,0006,F016252,Aiguamolls de l'Alt Empordà-La Rogera - H103007000,509367,4674385,4426389,Seleni
after_2007,0003,0006,F016252,Aiguamolls de l'Alt Empordà-La Rogera - H103007000,509367,4674385,4426390,Vanadi
after_2007,0003,0006,F016252,Aiguamolls de l'Alt Empordà-La Rogera - H103007000,509367,4674385,4426391,Alumini
after_2007,0003,0006,F016252,Aiguamolls de l'Alt Empordà-La Rogera - H103007000,509367,4674385,4426392,Arsènic
after_2007,0003,0006,F016252,Aiguamolls de l'Alt Empordà-La Rogera - H103007000,509367,4674385,4426393,Mercuri
after_2007,0003,0006,F016252,Aiguamolls de l'Alt Empordà-La Rogera - H103007000,509367,4674385,4426394,Molibdè
after_2007,0003,0006,F016252,Aiguamolls de l'Alt Empordà-La Rogera - H103007000,509367,4674385,4426395,Antimoni
after_2007,0003,0006,F016252,Aiguamolls de l'Alt Empordà-La Rogera - H103007000,509367,4674385,4426396,Beril·li
after_2007,0003,0006,F016252,Aiguamolls de l'Alt Empordà-La Rogera - H103007000,509367,4674385,4426397,Estronci
after_2007,0003,0006,F016252,Aiguamolls de l'Alt Empordà-La Rogera - H103007000,509367,4674385,4426398,Manganès
after_2007,0003,0006,F016252,Aiguamolls de l'Alt Empordà-La Rogera - H103007000,509367,4674385,4444400,Suma de xilens
after_2007,0003,0006,F016252,Aiguamolls de l'Alt Empordà-La Rogera - H103007000,509367,4674385,4444401,Toluè
after_2007,0003,0006,F016252,Aiguamolls de l'Alt Empordà-La Rogera - H103007000,509367,4674385,4444402,Hexaclorobutadiè
after_2007,0003,0006,F016252,Aiguamolls de l'Alt Empordà-La Rogera - H103007000,509367,4674385,4444403,Diclorometà
after_2007,0003,0006,F016252,Aiguamolls de l'Alt Empordà-La Rogera - H103007000,509367,4674385,4444404,"trans-1,2-Dicloroetilè"
after_2007,0003,0006,F016252,Aiguamolls de l'Alt Empordà-La Rogera - H103007000,509367,4674385,4444405,"cis-1,2-Dicloroetilè"
after_2007,0003,0006,F016252,Aiguamolls de l'Alt Empordà-La Rogera - H103007000,509367,4674385,4444406,Tetraclorur de Carboni
after_2007,0003,0006,F016252,Aiguamolls de l'Alt Empordà-La Rogera - H103007000,509367,4674385,4444407,Tricloroetilè
after_2007,0003,0006,F016252,Aiguamolls de l'Alt Empordà-La Rogera - H103007000,509367,4674385,4444408,Bromodiclorometà
after_2007,0003,0006,F016252,Aiguamolls de l'Alt Empordà-La Rogera - H103007000,509367,4674385,4444409,"cis-1,3-Dicloropropè"
after_2007,0003,0006,F016252,Aiguamolls de l'Alt Empordà-La Rogera - H103007000,509367,4674385,4444410,Triclorometà
after_2007,0003,0006,F016252,Aiguamolls de l'Alt Empordà-La Rogera - H103007000,509367,4674385,4444411,"1,1,2-Tricloroetà"
after_2007,0003,0006,F016252,Aiguamolls de l'Alt Empordà-La Rogera - H103007000,509367,4674385,4444412,Tetracloroetilè
after_2007,0003,0006,F016252,Aiguamolls de l'Alt Empordà-La Rogera - H103007000,509367,4674385,4444413,Dibromoclorometà
after_2007,0003,0006,F016252,Aiguamolls de l'Alt Empordà-La Rogera - H103007000,509367,4674385,4444414,Bromoform
after_2007,0003,0006,F016252,Aiguamolls de l'Alt Empordà-La Rogera - H103007000,509367,4674385,4444415,"1,2-dicloroetà"
after_2007,0003,0006,F016252,Aiguamolls de l'Alt Empordà-La Rogera - H103007000,509367,4674385,4444416,"1,4-diclorobenzè"
after_2007,0003,0006,F016252,Aiguamolls de l'Alt Empordà-La Rogera - H103007000,509367,4674385,4444417,"1,2-diclorobenzè"
after_2007,0003,0006,F016252,Aiguamolls de l'Alt Empordà-La Rogera - H103007000,509367,4674385,4444418,Suma de triclorobenzens
after_2007,0003,0006,F016252,Aiguamolls de l'Alt Empordà-La Rogera - H103007000,509367,4674385,4444419,"1,2,4-triclorobenzè"
after_2007,0003,0006,F016252,Aiguamolls de l'Alt Empordà-La Rogera - H103007000,509367,4674385,4444420,"1,2,3-Triclorobenzè"
after_2007,0003,0006,F016252,Aiguamolls de l'Alt Empordà-La Rogera - H103007000,509367,4674385,4444421,Benzè
after_2007,0003,0006,F016252,Aiguamolls de l'Alt Empordà-La Rogera - H103007000,509367,4674385,4444422,Etilbenzè
after_2007,0003,0006,F016252,Aiguamolls de l'Alt Empordà-La Rogera - H103007000,509367,4674385,4444423,"m,p-Xilè"
after_2007,0003,0006,F016252,Aiguamolls de l'Alt Empordà-La Rogera - H103007000,509367,4674385,4444424,o-Xilè
after_2007,0003,0006,F016252,Aiguamolls de l'Alt Empordà-La Rogera - H103007000,509367,4674385,4444425,Hexaclorobenzè
after_2007,0003,0006,F016252,Aiguamolls de l'Alt Empordà-La Rogera - H103007000,509367,4674385,4444426,Clorobenzè
after_2007,0003,0006,F016252,Aiguamolls de l'Alt Empordà-La Rogera - H103007000,509367,4674385,4444427,a-hexaclorociclohexà
after_2007,0003,0006,F016252,Aiguamolls de l'Alt Empordà-La Rogera - H103007000,509367,4674385,4444428,Lindà(g-hexaclorociclohexà)
after_2007,0003,0006,F016252,Aiguamolls de l'Alt Empordà-La Rogera - H103007000,509367,4674385,4444429,"1,1-dicloroetilè"
after_2007,0003,0006,F016252,Aiguamolls de l'Alt Empordà-La Rogera - H103007000,509367,4674385,4444430,"1,1-dicloroetà"
after_2007,0003,0006,F016252,Aiguamolls de l'Alt Empordà-La Rogera - H103007000,509367,4674385,4444431,"1,1,1-tricloroetà"
after_2007,0003,0006,F016252,Aiguamolls de l'Alt Empordà-La Rogera - H103007000,509367,4674385,4444432,"1,2-dicloropropà"
after_2007,0003,0006,F016252,Aiguamolls de l'Alt Empordà-La Rogera - H103007000,509367,4674385,4444433,"trans-1,3-Dicloropropè"
after_2007,0003,0006,F016252,Aiguamolls de l'Alt Empordà-La Rogera - H103007000,509367,4674385,4444434,"1,1,2,2-tetracloroetà"
after_2007,0003,0006,F016252,Aiguamolls de l'Alt Empordà-La Rogera - H103007000,509367,4674385,4444435,"1,3,5-triclorobenzè"
after_2007,0003,0006,F016252,Aiguamolls de l'Alt Empordà-La Rogera - H103007000,509367,4674385,4444436,Heptaclor
after_2007,0003,0006,F016252,Aiguamolls de l'Alt Empordà-La Rogera - H103007000,509367,4674385,4444437,Aldrín
after_2007,0003,0006,F016252,Aiguamolls de l'Alt Empordà-La Rogera - H103007000,509367,4674385,4444438,Isodrín
after_2007,0003,0006,F016252,Aiguamolls de l'Alt Empordà-La Rogera - H103007000,509367,4674385,4444439,Epòxid d'heptaclor B
after_2007,0003,0006,F016252,Aiguamolls de l'Alt Empordà-La Rogera - H103007000,509367,4674385,4444440,Endosulfan I
after_2007,0003,0006,F016252,Aiguamolls de l'Alt Empordà-La Rogera - H103007000,509367,4674385,4444441,Dieldrín
after_2007,0003,0006,F016252,Aiguamolls de l'Alt Empordà-La Rogera - H103007000,509367,4674385,4444442,Endrín
after_2007,0003,0006,F016252,Aiguamolls de l'Alt Empordà-La Rogera - H103007000,509367,4674385,4444443,"4,4'-DDE"
after_2007,0003,0006,F016252,Aiguamolls de l'Alt Empordà-La Rogera - H103007000,509367,4674385,4444444,Endosulfan II
after_2007,0003,0006,F016252,Aiguamolls de l'Alt Empordà-La Rogera - H103007000,509367,4674385,4444445,"4,4'-DDD"
after_2007,0003,0006,F016252,Aiguamolls de l'Alt Empordà-La Rogera - H103007000,509367,4674385,4444446,Sulfat d'endosulfan
after_2007,0003,0006,F016252,Aiguamolls de l'Alt Empordà-La Rogera - H103007000,509367,4674385,4444447,"4,4'-DDT"
after_2007,0003,0006,F016252,Aiguamolls de l'Alt Empordà-La Rogera - H103007000,509367,4674385,4444448,Triclorofluorometà
after_2007,0003,0006,F016252,Aiguamolls de l'Alt Empordà-La Rogera - H103007000,509367,4674385,4444449,"1,3-diclorobenzè"
after_2007,0003,0006,F016252,Aiguamolls de l'Alt Empordà-La Rogera - H103007000,509367,4674385,4444450,Naftalè
after_2007,0003,0006,F016252,Aiguamolls de l'Alt Empordà-La Rogera - H103007000,509367,4674385,4444452,Diazinon
after_2007,0003,0006,F016252,Aiguamolls de l'Alt Empordà-La Rogera - H103007000,509367,4674385,4444453,Paration de metil
after_2007,0003,0006,F016252,Aiguamolls de l'Alt Empordà-La Rogera - H103007000,509367,4674385,4444454,Fenitrotion
after_2007,0003,0006,F016252,Aiguamolls de l'Alt Empordà-La Rogera - H103007000,509367,4674385,4444455,Malation
after_2007,0003,0006,F016252,Aiguamolls de l'Alt Empordà-La Rogera - H103007000,509367,4674385,4444456,Clorpirifòs
after_2007,0003,0006,F016252,Aiguamolls de l'Alt Empordà-La Rogera - H103007000,509367,4674385,4444457,Paration
after_2007,0003,0006,F016252,Aiguamolls de l'Alt Empordà-La Rogera - H103007000,509367,4674385,4444458,Clorfenvinfòs (suma d'isòmers)
after_2007,0003,0006,F016252,Aiguamolls de l'Alt Empordà-La Rogera - H103007000,509367,4674385,4444459,Etion
after_2007,0003,0006,F016252,Aiguamolls de l'Alt Empordà-La Rogera - H103007000,509367,4674385,4444460,Azinfòs d'etil
after_2007,0003,0006,F016252,Aiguamolls de l'Alt Empordà-La Rogera - H103007000,509367,4674385,4444461,Simazina
after_2007,0003,0006,F016252,Aiguamolls de l'Alt Empordà-La Rogera - H103007000,509367,4674385,4444462,Atrazina
after_2007,0003,0006,F016252,Aiguamolls de l'Alt Empordà-La Rogera - H103007000,509367,4674385,4444463,Propazina
after_2007,0003,0006,F016252,Aiguamolls de l'Alt Empordà-La Rogera - H103007000,509367,4674385,4444464,Terbutrina
after_2007,0003,0006,F016252,Aiguamolls de l'Alt Empordà-La Rogera - H103007000,509367,4674385,4444465,Antracè
after_2007,0003,0006,F016252,Aiguamolls de l'Alt Empordà-La Rogera - H103007000,509367,4674385,4444466,Fluorantè
after_2007,0003,0006,F016252,Aiguamolls de l'Alt Empordà-La Rogera - H103007000,509367,4674385,4444467,Benzo(b)fluorantè
after_2007,0003,0006,F016252,Aiguamolls de l'Alt Empordà-La Rogera - H103007000,509367,4674385,4444468,Benzo(k)fluorantè
after_2007,0003,0006,F016252,Aiguamolls de l'Alt Empordà-La Rogera - H103007000,509367,4674385,4444469,Benzo(a)pirè
after_2007,0003,0006,F016252,Aiguamolls de l'Alt Empordà-La Rogera - H103007000,509367,4674385,4444470,"Indeno(1,2,3-cd)pirè"
after_2007,0003,0006,F016252,Aiguamolls de l'Alt Empordà-La Rogera - H103007000,509367,4674385,4444471,Benzo(ghi)perilè
after_2007,0003,0006,F016252,Aiguamolls de l'Alt Empordà-La Rogera - H103007000,509367,4674385,4444472,Desetilatrazina
after_2007,0003,0006,F016252,Aiguamolls de l'Alt Empordà-La Rogera - H103007000,509367,4674385,4444473,Suma d'al-diel-iso-endrín
after_2007,0003,0006,F016252,Aiguamolls de l'Alt Empordà-La Rogera - H103007000,509367,4674385,4444474,Trifluralina
after_2007,0003,0006,F016252,Aiguamolls de l'Alt Empordà-La Rogera - H103007000,509367,4674385,4444475,Molinat
after_2007,0003,0006,F016252,Aiguamolls de l'Alt Empordà-La Rogera - H103007000,509367,4674385,4444476,Terbutilazina
after_2007,0003,0006,F016252,Aiguamolls de l'Alt Empordà-La Rogera - H103007000,509367,4674385,4444477,Alaclor
after_2007,0003,0006,F016252,Aiguamolls de l'Alt Empordà-La Rogera - H103007000,509367,4674385,4444478,Pentaclorobenzè
after_2007,0003,0006,F016252,Aiguamolls de l'Alt Empordà-La Rogera - H103007000,509367,4674385,4444479,tert-Octilfenol
after_2007,0003,0006,F016252,Aiguamolls de l'Alt Empordà-La Rogera - H103007000,509367,4674385,4444480,"2,4'-DDT"
after_2007,0003,0006,F016252,Aiguamolls de l'Alt Empordà-La Rogera - H103007000,509367,4674385,4444481,"2,4'-DDE"
after_2007,0003,0006,F016252,Aiguamolls de l'Alt Empordà-La Rogera - H103007000,509367,4674385,4444482,"2,4'-DDD"
after_2007,0003,0006,F016252,Aiguamolls de l'Alt Empordà-La Rogera - H103007000,509367,4674385,4444483,Metolaclor
after_2007,0003,0006,F016252,Aiguamolls de l'Alt Empordà-La Rogera - H103007000,509367,4674385,4444484,Epòxid d'heptaclor A
after_2007,0003,0006,F016252,Aiguamolls de l'Alt Empordà-La Rogera - H103007000,509367,4674385,4444485,Suma de diclorobenzens
after_2007,0003,0006,F016252,Aiguamolls de l'Alt Empordà-La Rogera - H103007000,509367,4674385,4444486,Cianazina
after_2007,0003,0006,F016252,Aiguamolls de l'Alt Empordà-La Rogera - H103007000,509367,4674385,4444487,Diuron
after_2007,0003,0006,F016252,Aiguamolls de l'Alt Empordà-La Rogera - H103007000,509367,4674385,4444488,Isoproturon
after_2007,0003,0006,F016252,Aiguamolls de l'Alt Empordà-La Rogera - H103007000,509367,4674385,4444489,Linuron
after_2007,0003,0006,F016252,Aiguamolls de l'Alt Empordà-La Rogera - H103007000,509367,4674385,4444490,Bentazona
after_2007,0003,0006,F016252,Aiguamolls de l'Alt Empordà-La Rogera - H103007000,509367,4674385,4444491,Cetona d'endrín
after_2007,0003,0006,F016252,Aiguamolls de l'Alt Empordà-La Rogera - H103007000,509367,4674385,4444492,BDE-28
after_2007,0003,0006,F016252,Aiguamolls de l'Alt Empordà-La Rogera - H103007000,509367,4674385,4444493,Quinoxifèn
after_2007,0003,0006,F016252,Aiguamolls de l'Alt Empordà-La Rogera - H103007000,509367,4674385,4444494,Aclonifèn
after_2007,0003,0006,F016252,Aiguamolls de l'Alt Empordà-La Rogera - H103007000,509367,4674385,4444495,Bifenox
after_2007,0003,0006,F016252,Aiguamolls de l'Alt Empordà-La Rogera - H103007000,509367,4674385,4444497,Cibutrina
after_2007,0003,0006,F016252,Aiguamolls de l'Alt Empordà-La Rogera - H103007000,509367,4674385,4444498,4-n-nonilfenol
after_2007,0003,0006,F016252,Aiguamolls de l'Alt Empordà-La Rogera - H103007000,509367,4674385,4444512,Clortoluron
after_2007,0003,0006,F016253,Aiguamolls de l'Alt Empordà-Estany d'en Túries - H103006000,509405,4675999,4444254,BDE-47
after_2007,0003,0006,F016253,Aiguamolls de l'Alt Empordà-Estany d'en Túries - H103006000,509405,4675999,4444255,BDE-99
after_2007,0003,0006,F016253,Aiguamolls de l'Alt Empordà-Estany d'en Túries - H103006000,509405,4675999,4444256,BDE-100
after_2007,0003,0006,F016253,Aiguamolls de l'Alt Empordà-Estany d'en Túries - H103006000,509405,4675999,4444257,BDE-153
after_2007,0003,0006,F016253,Aiguamolls de l'Alt Empordà-Estany d'en Túries - H103006000,509405,4675999,4444258,BDE-154
after_2007,0003,0006,F016253,Aiguamolls de l'Alt Empordà-Estany d'en Túries - H103006000,509405,4675999,4444259,Suma de PAH1
after_2007,0003,0006,F016253,Aiguamolls de l'Alt Empordà-Estany d'en Túries - H103006000,509405,4675999,4444260,Suma de PAH2
after_2007,0003,0006,F016253,Aiguamolls de l'Alt Empordà-Estany d'en Túries - H103006000,509405,4675999,4444261,Suma de DDT
after_2007,0003,0006,F016253,Aiguamolls de l'Alt Empordà-Estany d'en Túries - H103006000,509405,4675999,4444262,Bor
after_2007,0003,0006,F016253,Aiguamolls de l'Alt Empordà-Estany d'en Túries - H103006000,509405,4675999,4444263,Bari
after_2007,0003,0006,F016253,Aiguamolls de l'Alt Empordà-Estany d'en Túries - H103006000,509405,4675999,4444264,Crom
after_2007,0003,0006,F016253,Aiguamolls de l'Alt Empordà-Estany d'en Túries - H103006000,509405,4675999,4444265,Plom
after_2007,0003,0006,F016253,Aiguamolls de l'Alt Empordà-Estany d'en Túries - H103006000,509405,4675999,4444266,Zinc
after_2007,0003,0006,F016253,Aiguamolls de l'Alt Empordà-Estany d'en Túries - H103006000,509405,4675999,4444268,Coure
after_2007,0003,0006,F016253,Aiguamolls de l'Alt Empordà-Estany d'en Túries - H103006000,509405,4675999,4444269,Ferro
after_2007,0003,0006,F016253,Aiguamolls de l'Alt Empordà-Estany d'en Túries - H103006000,509405,4675999,4444270,Cobalt
after_2007,0003,0006,F016253,Aiguamolls de l'Alt Empordà-Estany d'en Túries - H103006000,509405,4675999,4444271,Níquel
after_2007,0003,0006,F016253,Aiguamolls de l'Alt Empordà-Estany d'en Túries - H103006000,509405,4675999,4444272,Seleni
after_2007,0003,0006,F016253,Aiguamolls de l'Alt Empordà-Estany d'en Túries - H103006000,509405,4675999,4444273,Vanadi
after_2007,0003,0006,F016253,Aiguamolls de l'Alt Empordà-Estany d'en Túries - H103006000,509405,4675999,4444274,Alumini
after_2007,0003,0006,F016253,Aiguamolls de l'Alt Empordà-Estany d'en Túries - H103006000,509405,4675999,4444275,Arsènic
after_2007,0003,0006,F016253,Aiguamolls de l'Alt Empordà-Estany d'en Túries - H103006000,509405,4675999,4444276,Mercuri
after_2007,0003,0006,F016253,Aiguamolls de l'Alt Empordà-Estany d'en Túries - H103006000,509405,4675999,4444277,Molibdè
after_2007,0003,0006,F016253,Aiguamolls de l'Alt Empordà-Estany d'en Túries - H103006000,509405,4675999,4444278,Antimoni
after_2007,0003,0006,F016253,Aiguamolls de l'Alt Empordà-Estany d'en Túries - H103006000,509405,4675999,4444279,Beril·li
after_2007,0003,0006,F016253,Aiguamolls de l'Alt Empordà-Estany d'en Túries - H103006000,509405,4675999,4444280,Estronci
after_2007,0003,0006,F016253,Aiguamolls de l'Alt Empordà-Estany d'en Túries - H103006000,509405,4675999,4444281,Manganès
after_2007,0003,0006,F016253,Aiguamolls de l'Alt Empordà-Estany d'en Túries - H103006000,509405,4675999,4444531,Suma de xilens
after_2007,0003,0006,F016253,Aiguamolls de l'Alt Empordà-Estany d'en Túries - H103006000,509405,4675999,4444532,Toluè
after_2007,0003,0006,F016253,Aiguamolls de l'Alt Empordà-Estany d'en Túries - H103006000,509405,4675999,4444533,Hexaclorobutadiè
after_2007,0003,0006,F016253,Aiguamolls de l'Alt Empordà-Estany d'en Túries - H103006000,509405,4675999,4444534,Diclorometà
after_2007,0003,0006,F016253,Aiguamolls de l'Alt Empordà-Estany d'en Túries - H103006000,509405,4675999,4444535,"trans-1,2-dicloroetilè"
after_2007,0003,0006,F016253,Aiguamolls de l'Alt Empordà-Estany d'en Túries - H103006000,509405,4675999,4444536,"cis-1,2-dicloroetilè"
after_2007,0003,0006,F016253,Aiguamolls de l'Alt Empordà-Estany d'en Túries - H103006000,509405,4675999,4444537,Tetraclorur de Carboni
after_2007,0003,0006,F016253,Aiguamolls de l'Alt Empordà-Estany d'en Túries - H103006000,509405,4675999,4444538,Tricloroetilè
after_2007,0003,0006,F016253,Aiguamolls de l'Alt Empordà-Estany d'en Túries - H103006000,509405,4675999,4444539,Bromodiclorometà
after_2007,0003,0006,F016253,Aiguamolls de l'Alt Empordà-Estany d'en Túries - H103006000,509405,4675999,4444540,"cis-1,3-dicloropropè"
after_2007,0003,0006,F016253,Aiguamolls de l'Alt Empordà-Estany d'en Túries - H103006000,509405,4675999,4444541,Triclorometà
after_2007,0003,0006,F016253,Aiguamolls de l'Alt Empordà-Estany d'en Túries - H103006000,509405,4675999,4444542,"1,1,2-tricloroetà"
after_2007,0003,0006,F016253,Aiguamolls de l'Alt Empordà-Estany d'en Túries - H103006000,509405,4675999,4444543,Tetracloroetilè
after_2007,0003,0006,F016253,Aiguamolls de l'Alt Empordà-Estany d'en Túries - H103006000,509405,4675999,4444544,Dibromoclorometà
after_2007,0003,0006,F016253,Aiguamolls de l'Alt Empordà-Estany d'en Túries - H103006000,509405,4675999,4444545,Bromoform
after_2007,0003,0006,F016253,Aiguamolls de l'Alt Empordà-Estany d'en Túries - H103006000,509405,4675999,4444546,"1,2-dicloroetà"
after_2007,0003,0006,F016253,Aiguamolls de l'Alt Empordà-Estany d'en Túries - H103006000,509405,4675999,4444547,"1,4-diclorobenzè"
after_2007,0003,0006,F016253,Aiguamolls de l'Alt Empordà-Estany d'en Túries - H103006000,509405,4675999,4444548,"1,2-diclorobenzè"
after_2007,0003,0006,F016253,Aiguamolls de l'Alt Empordà-Estany d'en Túries - H103006000,509405,4675999,4444549,Suma de triclorobenzens
after_2007,0003,0006,F016253,Aiguamolls de l'Alt Empordà-Estany d'en Túries - H103006000,509405,4675999,4444550,"1,2,4-triclorobenzè"
after_2007,0003,0006,F016253,Aiguamolls de l'Alt Empordà-Estany d'en Túries - H103006000,509405,4675999,4444551,"1,2,3-triclorobenzè"
after_2007,0003,0006,F016253,Aiguamolls de l'Alt Empordà-Estany d'en Túries - H103006000,509405,4675999,4444552,Benzè
after_2007,0003,0006,F016253,Aiguamolls de l'Alt Empordà-Estany d'en Túries - H103006000,509405,4675999,4444553,Etilbenzè
after_2007,0003,0006,F016253,Aiguamolls de l'Alt Empordà-Estany d'en Túries - H103006000,509405,4675999,4444554,"m,p-Xilè"
after_2007,0003,0006,F016253,Aiguamolls de l'Alt Empordà-Estany d'en Túries - H103006000,509405,4675999,4444555,o-Xilè
after_2007,0003,0006,F016253,Aiguamolls de l'Alt Empordà-Estany d'en Túries - H103006000,509405,4675999,4444556,Hexaclorobenzè
after_2007,0003,0006,F016253,Aiguamolls de l'Alt Empordà-Estany d'en Túries - H103006000,509405,4675999,4444557,Clorobenzè
after_2007,0003,0006,F016253,Aiguamolls de l'Alt Empordà-Estany d'en Túries - H103006000,509405,4675999,4444558,a-hexaclorociclohexà
after_2007,0003,0006,F016253,Aiguamolls de l'Alt Empordà-Estany d'en Túries - H103006000,509405,4675999,4444559,Lindà(g-hexaclorociclohexà)
after_2007,0003,0006,F016253,Aiguamolls de l'Alt Empordà-Estany d'en Túries - H103006000,509405,4675999,4444560,"1,1-dicloroetilè"
after_2007,0003,0006,F016253,Aiguamolls de l'Alt Empordà-Estany d'en Túries - H103006000,509405,4675999,4444561,"1,1-dicloroetà"
after_2007,0003,0006,F016253,Aiguamolls de l'Alt Empordà-Estany d'en Túries - H103006000,509405,4675999,4444562,"1,1,1-tricloroetà"
after_2007,0003,0006,F016253,Aiguamolls de l'Alt Empordà-Estany d'en Túries - H103006000,509405,4675999,4444563,"1,2-dicloropropà"
after_2007,0003,0006,F016253,Aiguamolls de l'Alt Empordà-Estany d'en Túries - H103006000,509405,4675999,4444564,"trans-1,3-dicloropropè"
after_2007,0003,0006,F016253,Aiguamolls de l'Alt Empordà-Estany d'en Túries - H103006000,509405,4675999,4444565,"1,1,2,2-tetracloroetà"
after_2007,0003,0006,F016253,Aiguamolls de l'Alt Empordà-Estany d'en Túries - H103006000,509405,4675999,4444566,"1,3,5-triclorobenzè"
after_2007,0003,0006,F016253,Aiguamolls de l'Alt Empordà-Estany d'en Túries - H103006000,509405,4675999,4444567,Heptaclor
after_2007,0003,0006,F016253,Aiguamolls de l'Alt Empordà-Estany d'en Túries - H103006000,509405,4675999,4444568,Aldrín
after_2007,0003,0006,F016253,Aiguamolls de l'Alt Empordà-Estany d'en Túries - H103006000,509405,4675999,4444569,Isodrín
after_2007,0003,0006,F016253,Aiguamolls de l'Alt Empordà-Estany d'en Túries - H103006000,509405,4675999,4444570,Epòxid d'heptaclor B
after_2007,0003,0006,F016253,Aiguamolls de l'Alt Empordà-Estany d'en Túries - H103006000,509405,4675999,4444571,Endosulfan I
after_2007,0003,0006,F016253,Aiguamolls de l'Alt Empordà-Estany d'en Túries - H103006000,509405,4675999,4444572,Dieldrín
after_2007,0003,0006,F016253,Aiguamolls de l'Alt Empordà-Estany d'en Túries - H103006000,509405,4675999,4444573,Endrín
after_2007,0003,0006,F016253,Aiguamolls de l'Alt Empordà-Estany d'en Túries - H103006000,509405,4675999,4444574,"4,4'-DDE"
after_2007,0003,0006,F016253,Aiguamolls de l'Alt Empordà-Estany d'en Túries - H103006000,509405,4675999,4444575,Endosulfan II
after_2007,0003,0006,F016253,Aiguamolls de l'Alt Empordà-Estany d'en Túries - H103006000,509405,4675999,4444576,"4,4'-DDD"
after_2007,0003,0006,F016253,Aiguamolls de l'Alt Empordà-Estany d'en Túries - H103006000,509405,4675999,4444577,Sulfat d'endosulfan
after_2007,0003,0006,F016253,Aiguamolls de l'Alt Empordà-Estany d'en Túries - H103006000,509405,4675999,4444578,"4,4'-DDT"
after_2007,0003,0006,F016253,Aiguamolls de l'Alt Empordà-Estany d'en Túries - H103006000,509405,4675999,4444579,Triclorofluorometà
after_2007,0003,0006,F016253,Aiguamolls de l'Alt Empordà-Estany d'en Túries - H103006000,509405,4675999,4444580,"1,3-diclorobenzè"
after_2007,0003,0006,F016253,Aiguamolls de l'Alt Empordà-Estany d'en Túries - H103006000,509405,4675999,4444581,Naftalè
after_2007,0003,0006,F016253,Aiguamolls de l'Alt Empordà-Estany d'en Túries - H103006000,509405,4675999,4444583,Diazinon
after_2007,0003,0006,F016253,Aiguamolls de l'Alt Empordà-Estany d'en Túries - H103006000,509405,4675999,4444584,Paration de metil
after_2007,0003,0006,F016253,Aiguamolls de l'Alt Empordà-Estany d'en Túries - H103006000,509405,4675999,4444585,Fenitrotion
after_2007,0003,0006,F016253,Aiguamolls de l'Alt Empordà-Estany d'en Túries - H103006000,509405,4675999,4444586,Malation
after_2007,0003,0006,F016253,Aiguamolls de l'Alt Empordà-Estany d'en Túries - H103006000,509405,4675999,4444587,Clorpirifòs
after_2007,0003,0006,F016253,Aiguamolls de l'Alt Empordà-Estany d'en Túries - H103006000,509405,4675999,4444588,Paration
after_2007,0003,0006,F016253,Aiguamolls de l'Alt Empordà-Estany d'en Túries - H103006000,509405,4675999,4444589,Clorfenvinfòs (suma d'isòmers)
after_2007,0003,0006,F016253,Aiguamolls de l'Alt Empordà-Estany d'en Túries - H103006000,509405,4675999,4444590,Etion
after_2007,0003,0006,F016253,Aiguamolls de l'Alt Empordà-Estany d'en Túries - H103006000,509405,4675999,4444591,Azinfòs d'etil
after_2007,0003,0006,F016253,Aiguamolls de l'Alt Empordà-Estany d'en Túries - H103006000,509405,4675999,4444592,Simazina
after_2007,0003,0006,F016253,Aiguamolls de l'Alt Empordà-Estany d'en Túries - H103006000,509405,4675999,4444593,Atrazina
after_2007,0003,0006,F016253,Aiguamolls de l'Alt Empordà-Estany d'en Túries - H103006000,509405,4675999,4444594,Propazina
after_2007,0003,0006,F016253,Aiguamolls de l'Alt Empordà-Estany d'en Túries - H103006000,509405,4675999,4444595,Terbutrina
after_2007,0003,0006,F016253,Aiguamolls de l'Alt Empordà-Estany d'en Túries - H103006000,509405,4675999,4444596,Antracè
after_2007,0003,0006,F016253,Aiguamolls de l'Alt Empordà-Estany d'en Túries - H103006000,509405,4675999,4444597,Fluorantè
after_2007,0003,0006,F016253,Aiguamolls de l'Alt Empordà-Estany d'en Túries - H103006000,509405,4675999,4444598,Benzo(b)fluorantè
after_2007,0003,0006,F016253,Aiguamolls de l'Alt Empordà-Estany d'en Túries - H103006000,509405,4675999,4444599,Benzo(k)fluorantè
after_2007,0003,0006,F016253,Aiguamolls de l'Alt Empordà-Estany d'en Túries - H103006000,509405,4675999,4444600,Benzo(a)pirè
after_2007,0003,0006,F016253,Aiguamolls de l'Alt Empordà-Estany d'en Túries - H103006000,509405,4675999,4444601,"Indeno(1,2,3-cd)pirè"
after_2007,0003,0006,F016253,Aiguamolls de l'Alt Empordà-Estany d'en Túries - H103006000,509405,4675999,4444602,Benzo(ghi)perilè
after_2007,0003,0006,F016253,Aiguamolls de l'Alt Empordà-Estany d'en Túries - H103006000,509405,4675999,4444603,Desetilatrazina
after_2007,0003,0006,F016253,Aiguamolls de l'Alt Empordà-Estany d'en Túries - H103006000,509405,4675999,4444604,Suma d'al-diel-iso-endrín
after_2007,0003,0006,F016253,Aiguamolls de l'Alt Empordà-Estany d'en Túries - H103006000,509405,4675999,4444605,Trifluralina
after_2007,0003,0006,F016253,Aiguamolls de l'Alt Empordà-Estany d'en Túries - H103006000,509405,4675999,4444606,Molinat
after_2007,0003,0006,F016253,Aiguamolls de l'Alt Empordà-Estany d'en Túries - H103006000,509405,4675999,4444607,Terbutilazina
after_2007,0003,0006,F016253,Aiguamolls de l'Alt Empordà-Estany d'en Túries - H103006000,509405,4675999,4444608,Alaclor
after_2007,0003,0006,F016253,Aiguamolls de l'Alt Empordà-Estany d'en Túries - H103006000,509405,4675999,4444609,Pentaclorobenzè
after_2007,0003,0006,F016253,Aiguamolls de l'Alt Empordà-Estany d'en Túries - H103006000,509405,4675999,4444610,tert-Octilfenol
after_2007,0003,0006,F016253,Aiguamolls de l'Alt Empordà-Estany d'en Túries - H103006000,509405,4675999,4444611,"2,4'-DDT"
after_2007,0003,0006,F016253,Aiguamolls de l'Alt Empordà-Estany d'en Túries - H103006000,509405,4675999,4444612,"2,4'-DDE"
after_2007,0003,0006,F016253,Aiguamolls de l'Alt Empordà-Estany d'en Túries - H103006000,509405,4675999,4444613,"2,4'-DDD"
after_2007,0003,0006,F016253,Aiguamolls de l'Alt Empordà-Estany d'en Túries - H103006000,509405,4675999,4444614,Metolaclor
after_2007,0003,0006,F016253,Aiguamolls de l'Alt Empordà-Estany d'en Túries - H103006000,509405,4675999,4444615,Epòxid d'heptaclor A
after_2007,0003,0006,F016253,Aiguamolls de l'Alt Empordà-Estany d'en Túries - H103006000,509405,4675999,4444616,Suma de diclorobenzens
after_2007,0003,0006,F016253,Aiguamolls de l'Alt Empordà-Estany d'en Túries - H103006000,509405,4675999,4444617,Cianazina
after_2007,0003,0006,F016253,Aiguamolls de l'Alt Empordà-Estany d'en Túries - H103006000,509405,4675999,4444618,Diuron
after_2007,0003,0006,F016253,Aiguamolls de l'Alt Empordà-Estany d'en Túries - H103006000,509405,4675999,4444619,Isoproturon
after_2007,0003,0006,F016253,Aiguamolls de l'Alt Empordà-Estany d'en Túries - H103006000,509405,4675999,4444620,Linuron
after_2007,0003,0006,F016253,Aiguamolls de l'Alt Empordà-Estany d'en Túries - H103006000,509405,4675999,4444621,Bentazona
after_2007,0003,0006,F016253,Aiguamolls de l'Alt Empordà-Estany d'en Túries - H103006000,509405,4675999,4444622,Cetona d'endrín
after_2007,0003,0006,F016253,Aiguamolls de l'Alt Empordà-Estany d'en Túries - H103006000,509405,4675999,4444623,BDE-28
after_2007,0003,0006,F016253,Aiguamolls de l'Alt Empordà-Estany d'en Túries - H103006000,509405,4675999,4444624,Quinoxifèn
after_2007,0003,0006,F016253,Aiguamolls de l'Alt Empordà-Estany d'en Túries - H103006000,509405,4675999,4444625,Aclonifèn
after_2007,0003,0006,F016253,Aiguamolls de l'Alt Empordà-Estany d'en Túries - H103006000,509405,4675999,4444626,Bifenox
after_2007,0003,0006,F016253,Aiguamolls de l'Alt Empordà-Estany d'en Túries - H103006000,509405,4675999,4444628,Cibutrina
after_2007,0003,0006,F016253,Aiguamolls de l'Alt Empordà-Estany d'en Túries - H103006000,509405,4675999,4444629,4-n-nonilfenol
after_2007,0003,0006,F016253,Aiguamolls de l'Alt Empordà-Estany d'en Túries - H103006000,509405,4675999,4444643,Clortoluron
after_2007,0003,0006,F016259,Estanyets de Pals - H100601000,513424,4649229,4183466,BDE-47
after_2007,0003,0006,F016259,Estanyets de Pals - H100601000,513424,4649229,4183467,BDE-99
after_2007,0003,0006,F016259,Estanyets de Pals - H100601000,513424,4649229,4183468,BDE-100
after_2007,0003,0006,F016259,Estanyets de Pals - H100601000,513424,4649229,4183469,BDE-153
after_2007,0003,0006,F016259,Estanyets de Pals - H100601000,513424,4649229,4183470,BDE-154
after_2007,0003,0006,F016259,Estanyets de Pals - H100601000,513424,4649229,4183471,Suma de PAH1
after_2007,0003,0006,F016259,Estanyets de Pals - H100601000,513424,4649229,4183472,Suma de PAH2
after_2007,0003,0006,F016259,Estanyets de Pals - H100601000,513424,4649229,4183473,Suma de DDT
after_2007,0003,0006,F016259,Estanyets de Pals - H100601000,513424,4649229,4183474,Bor
after_2007,0003,0006,F016259,Estanyets de Pals - H100601000,513424,4649229,4183475,Bari
after_2007,0003,0006,F016259,Estanyets de Pals - H100601000,513424,4649229,4183476,Crom
after_2007,0003,0006,F016259,Estanyets de Pals - H100601000,513424,4649229,4183477,Plom
after_2007,0003,0006,F016259,Estanyets de Pals - H100601000,513424,4649229,4183478,Zinc
after_2007,0003,0006,F016259,Estanyets de Pals - H100601000,513424,4649229,4183479,Cadmi
after_2007,0003,0006,F016259,Estanyets de Pals - H100601000,513424,4649229,4183480,Coure
after_2007,0003,0006,F016259,Estanyets de Pals - H100601000,513424,4649229,4183481,Ferro
after_2007,0003,0006,F016259,Estanyets de Pals - H100601000,513424,4649229,4183482,Cobalt
after_2007,0003,0006,F016259,Estanyets de Pals - H100601000,513424,4649229,4183483,Níquel
after_2007,0003,0006,F016259,Estanyets de Pals - H100601000,513424,4649229,4183484,Seleni
after_2007,0003,0006,F016259,Estanyets de Pals - H100601000,513424,4649229,4183485,Vanadi
after_2007,0003,0006,F016259,Estanyets de Pals - H100601000,513424,4649229,4183486,Alumini
after_2007,0003,0006,F016259,Estanyets de Pals - H100601000,513424,4649229,4183487,Arsènic
after_2007,0003,0006,F016259,Estanyets de Pals - H100601000,513424,4649229,4183488,Mercuri
after_2007,0003,0006,F016259,Estanyets de Pals - H100601000,513424,4649229,4183489,Molibdè
after_2007,0003,0006,F016259,Estanyets de Pals - H100601000,513424,4649229,4183490,Antimoni
after_2007,0003,0006,F016259,Estanyets de Pals - H100601000,513424,4649229,4183491,Beril·li
after_2007,0003,0006,F016259,Estanyets de Pals - H100601000,513424,4649229,4183492,Estronci
after_2007,0003,0006,F016259,Estanyets de Pals - H100601000,513424,4649229,4183493,Manganès
after_2007,0003,0006,F016259,Estanyets de Pals - H100601000,513424,4649229,4184200,Toluè
after_2007,0003,0006,F016259,Estanyets de Pals - H100601000,513424,4649229,4184201,Hexaclorobutadiè
after_2007,0003,0006,F016259,Estanyets de Pals - H100601000,513424,4649229,4184202,Diclorometà
after_2007,0003,0006,F016259,Estanyets de Pals - H100601000,513424,4649229,4184203,"trans-1,2-Dicloroetilè"
after_2007,0003,0006,F016259,Estanyets de Pals - H100601000,513424,4649229,4184204,"cis-1,2-Dicloroetilè"
after_2007,0003,0006,F016259,Estanyets de Pals - H100601000,513424,4649229,4184205,Tetraclorur de Carboni
after_2007,0003,0006,F016259,Estanyets de Pals - H100601000,513424,4649229,4184206,Tricloroetilè
after_2007,0003,0006,F016259,Estanyets de Pals - H100601000,513424,4649229,4184207,Bromodiclorometà
after_2007,0003,0006,F016259,Estanyets de Pals - H100601000,513424,4649229,4184208,"cis-1,3-Dicloropropè"
after_2007,0003,0006,F016259,Estanyets de Pals - H100601000,513424,4649229,4184209,Triclorometà
after_2007,0003,0006,F016259,Estanyets de Pals - H100601000,513424,4649229,4184210,"1,1,2-Tricloroetà"
after_2007,0003,0006,F016259,Estanyets de Pals - H100601000,513424,4649229,4184211,Tetracloroetilè
after_2007,0003,0006,F016259,Estanyets de Pals - H100601000,513424,4649229,4184212,Dibromoclorometà
after_2007,0003,0006,F016259,Estanyets de Pals - H100601000,513424,4649229,4184213,Bromoform
after_2007,0003,0006,F016259,Estanyets de Pals - H100601000,513424,4649229,4184214,"1,2-Dicloroetà"
after_2007,0003,0006,F016259,Estanyets de Pals - H100601000,513424,4649229,4184215,"1,4-Diclorobenzè"
after_2007,0003,0006,F016259,Estanyets de Pals - H100601000,513424,4649229,4184216,"1,2-Diclorobenzè"
after_2007,0003,0006,F016259,Estanyets de Pals - H100601000,513424,4649229,4184217,Suma de triclorobenzens
after_2007,0003,0006,F016259,Estanyets de Pals - H100601000,513424,4649229,4184218,"1,2,4-Triclorobenzè"
after_2007,0003,0006,F016259,Estanyets de Pals - H100601000,513424,4649229,4184219,"1,2,3-Triclorobenzè"
after_2007,0003,0006,F016259,Estanyets de Pals - H100601000,513424,4649229,4184220,Benzè
after_2007,0003,0006,F016259,Estanyets de Pals - H100601000,513424,4649229,4184221,Etilbenzè
after_2007,0003,0006,F016259,Estanyets de Pals - H100601000,513424,4649229,4184222,"m,p-Xilè"
after_2007,0003,0006,F016259,Estanyets de Pals - H100601000,513424,4649229,4184223,o-Xilè
after_2007,0003,0006,F016259,Estanyets de Pals - H100601000,513424,4649229,4184225,Hexaclorobenzè
after_2007,0003,0006,F016259,Estanyets de Pals - H100601000,513424,4649229,4184226,Clorobenzè
after_2007,0003,0006,F016259,Estanyets de Pals - H100601000,513424,4649229,4184227,a-Hexaclorociclohexà
after_2007,0003,0006,F016259,Estanyets de Pals - H100601000,513424,4649229,4184228,Lindà(g-Hexaclorociclohexà)
after_2007,0003,0006,F016259,Estanyets de Pals - H100601000,513424,4649229,4184229,"1,1-Dicloroetilè"
after_2007,0003,0006,F016259,Estanyets de Pals - H100601000,513424,4649229,4184230,"1,1-Dicloroetà"
after_2007,0003,0006,F016259,Estanyets de Pals - H100601000,513424,4649229,4184231,"1,1,1-Tricloroetà"
after_2007,0003,0006,F016259,Estanyets de Pals - H100601000,513424,4649229,4184232,"1,2-Dicloropropà"
after_2007,0003,0006,F016259,Estanyets de Pals - H100601000,513424,4649229,4184233,"trans-1,3-Dicloropropè"
after_2007,0003,0006,F016259,Estanyets de Pals - H100601000,513424,4649229,4184234,"1,1,2,2-Tetracloroetà"
after_2007,0003,0006,F016259,Estanyets de Pals - H100601000,513424,4649229,4184235,"1,3,5-Triclorobenzè"
after_2007,0003,0006,F016259,Estanyets de Pals - H100601000,513424,4649229,4184236,Heptaclor
after_2007,0003,0006,F016259,Estanyets de Pals - H100601000,513424,4649229,4184237,Aldrín
after_2007,0003,0006,F016259,Estanyets de Pals - H100601000,513424,4649229,4184238,Isodrín
after_2007,0003,0006,F016259,Estanyets de Pals - H100601000,513424,4649229,4184239,Epòxid d'heptaclor B
after_2007,0003,0006,F016259,Estanyets de Pals - H100601000,513424,4649229,4184240,Endosulfan I
after_2007,0003,0006,F016259,Estanyets de Pals - H100601000,513424,4649229,4184241,Dieldrín
after_2007,0003,0006,F016259,Estanyets de Pals - H100601000,513424,4649229,4184242,Endrín
after_2007,0003,0006,F016259,Estanyets de Pals - H100601000,513424,4649229,4184243,"4,4'-DDE"
after_2007,0003,0006,F016259,Estanyets de Pals - H100601000,513424,4649229,4184244,Endosulfan II
after_2007,0003,0006,F016259,Estanyets de Pals - H100601000,513424,4649229,4184245,"4,4'-DDD"
after_2007,0003,0006,F016259,Estanyets de Pals - H100601000,513424,4649229,4184246,Sulfat d'endosulfan
after_2007,0003,0006,F016259,Estanyets de Pals - H100601000,513424,4649229,4184247,"4,4'-DDT"
after_2007,0003,0006,F016259,Estanyets de Pals - H100601000,513424,4649229,4184248,Triclorofluorometà
after_2007,0003,0006,F016259,Estanyets de Pals - H100601000,513424,4649229,4184249,"1,3-diclorobenzè"
after_2007,0003,0006,F016259,Estanyets de Pals - H100601000,513424,4649229,4184250,Naftalè
after_2007,0003,0006,F016259,Estanyets de Pals - H100601000,513424,4649229,4184251,Diazinon
after_2007,0003,0006,F016259,Estanyets de Pals - H100601000,513424,4649229,4184252,Paration de metil
after_2007,0003,0006,F016259,Estanyets de Pals - H100601000,513424,4649229,4184253,Fenitrotion
after_2007,0003,0006,F016259,Estanyets de Pals - H100601000,513424,4649229,4184254,Malation
after_2007,0003,0006,F016259,Estanyets de Pals - H100601000,513424,4649229,4184255,Clorpirifòs
after_2007,0003,0006,F016259,Estanyets de Pals - H100601000,513424,4649229,4184256,Paration
after_2007,0003,0006,F016259,Estanyets de Pals - H100601000,513424,4649229,4184257,Clorfenvinfòs (suma d'isòmers)
after_2007,0003,0006,F016259,Estanyets de Pals - H100601000,513424,4649229,4184258,Etion
after_2007,0003,0006,F016259,Estanyets de Pals - H100601000,513424,4649229,4184259,Azinfòs d'etil
after_2007,0003,0006,F016259,Estanyets de Pals - H100601000,513424,4649229,4184260,Simazina
after_2007,0003,0006,F016259,Estanyets de Pals - H100601000,513424,4649229,4184261,Atrazina
after_2007,0003,0006,F016259,Estanyets de Pals - H100601000,513424,4649229,4184262,Propazina
after_2007,0003,0006,F016259,Estanyets de Pals - H100601000,513424,4649229,4184263,Terbutrina
after_2007,0003,0006,F016259,Estanyets de Pals - H100601000,513424,4649229,4184264,Antracè
after_2007,0003,0006,F016259,Estanyets de Pals - H100601000,513424,4649229,4184265,Fluorantè
after_2007,0003,0006,F016259,Estanyets de Pals - H100601000,513424,4649229,4184266,Benzo(b)fluorantè
after_2007,0003,0006,F016259,Estanyets de Pals - H100601000,513424,4649229,4184267,Benzo(k)fluorantè
after_2007,0003,0006,F016259,Estanyets de Pals - H100601000,513424,4649229,4184268,Benzo(a)pirè
after_2007,0003,0006,F016259,Estanyets de Pals - H100601000,513424,4649229,4184269,"Indeno(1,2,3-cd)pirè"
after_2007,0003,0006,F016259,Estanyets de Pals - H100601000,513424,4649229,4184270,Benzo(ghi)perilè
after_2007,0003,0006,F016259,Estanyets de Pals - H100601000,513424,4649229,4184271,Suma d'al-diel-iso-endrín
after_2007,0003,0006,F016259,Estanyets de Pals - H100601000,513424,4649229,4184272,Suma d'Organofosforats
after_2007,0003,0006,F016259,Estanyets de Pals - H100601000,513424,4649229,4184273,Suma de plaguicides clorats
after_2007,0003,0006,F016259,Estanyets de Pals - H100601000,513424,4649229,4184274,Suma de triazines
after_2007,0003,0006,F016259,Estanyets de Pals - H100601000,513424,4649229,4184275,Trifluralina
after_2007,0003,0006,F016259,Estanyets de Pals - H100601000,513424,4649229,4184276,Molinat
after_2007,0003,0006,F016259,Estanyets de Pals - H100601000,513424,4649229,4184277,Terbutilazina
after_2007,0003,0006,F016259,Estanyets de Pals - H100601000,513424,4649229,4184278,Alaclor
after_2007,0003,0006,F016259,Estanyets de Pals - H100601000,513424,4649229,4184279,Pentaclorobenzè
after_2007,0003,0006,F016259,Estanyets de Pals - H100601000,513424,4649229,4184280,tert-Octilfenol
after_2007,0003,0006,F016259,Estanyets de Pals - H100601000,513424,4649229,4184281,NPEO(e=0)
after_2007,0003,0006,F016259,Estanyets de Pals - H100601000,513424,4649229,4184282,"2,4'-DDT"
after_2007,0003,0006,F016259,Estanyets de Pals - H100601000,513424,4649229,4184283,"2,4'-DDE"
after_2007,0003,0006,F016259,Estanyets de Pals - H100601000,513424,4649229,4184284,"2,4'-DDD"
after_2007,0003,0006,F016259,Estanyets de Pals - H100601000,513424,4649229,4184285,Metolaclor
after_2007,0003,0006,F016259,Estanyets de Pals - H100601000,513424,4649229,4184286,Epòxid d'heptaclor A
after_2007,0003,0006,F016259,Estanyets de Pals - H100601000,513424,4649229,4184287,Suma de diclorobenzens
after_2007,0003,0006,F016259,Estanyets de Pals - H100601000,513424,4649229,4184288,Cetona d'endrín
after_2007,0003,0006,F016259,Estanyets de Pals - H100601000,513424,4649229,4184289,BDE-28
after_2007,0003,0006,F016259,Estanyets de Pals - H100601000,513424,4649229,4184290,Quinoxifèn
after_2007,0003,0006,F016259,Estanyets de Pals - H100601000,513424,4649229,4184291,Aclonifèn
after_2007,0003,0006,F016259,Estanyets de Pals - H100601000,513424,4649229,4184292,Bifenox
after_2007,0003,0006,F016259,Estanyets de Pals - H100601000,513424,4649229,4184293,Cipermetrín (suma d'isòmers)
after_2007,0003,0006,F016259,Estanyets de Pals - H100601000,513424,4649229,4184294,Cibutrina
after_2007,0003,0006,F016259,Estanyets de Pals - H100601000,513424,4649229,4184295,4-n-Nonilfenol
after_2007,0003,0006,F016260,Aiguamolls del Baix Empordà-Bassa del Frare Ramon - H110003000,515751,4653027,4484806,BDE-47
after_2007,0003,0006,F016260,Aiguamolls del Baix Empordà-Bassa del Frare Ramon - H110003000,515751,4653027,4484807,BDE-99
after_2007,0003,0006,F016260,Aiguamolls del Baix Empordà-Bassa del Frare Ramon - H110003000,515751,4653027,4484808,BDE-100
after_2007,0003,0006,F016260,Aiguamolls del Baix Empordà-Bassa del Frare Ramon - H110003000,515751,4653027,4484809,BDE-153
after_2007,0003,0006,F016260,Aiguamolls del Baix Empordà-Bassa del Frare Ramon - H110003000,515751,4653027,4484810,BDE-154
after_2007,0003,0006,F016260,Aiguamolls del Baix Empordà-Bassa del Frare Ramon - H110003000,515751,4653027,4484811,Suma de PAH1
after_2007,0003,0006,F016260,Aiguamolls del Baix Empordà-Bassa del Frare Ramon - H110003000,515751,4653027,4484812,Suma de PAH2
after_2007,0003,0006,F016260,Aiguamolls del Baix Empordà-Bassa del Frare Ramon - H110003000,515751,4653027,4484813,Suma de DDT
after_2007,0003,0006,F016260,Aiguamolls del Baix Empordà-Bassa del Frare Ramon - H110003000,515751,4653027,4484814,Bor
after_2007,0003,0006,F016260,Aiguamolls del Baix Empordà-Bassa del Frare Ramon - H110003000,515751,4653027,4484815,Bari
after_2007,0003,0006,F016260,Aiguamolls del Baix Empordà-Bassa del Frare Ramon - H110003000,515751,4653027,4484816,Crom
after_2007,0003,0006,F016260,Aiguamolls del Baix Empordà-Bassa del Frare Ramon - H110003000,515751,4653027,4484817,Plom
after_2007,0003,0006,F016260,Aiguamolls del Baix Empordà-Bassa del Frare Ramon - H110003000,515751,4653027,4484818,Zinc
after_2007,0003,0006,F016260,Aiguamolls del Baix Empordà-Bassa del Frare Ramon - H110003000,515751,4653027,4484820,Coure
after_2007,0003,0006,F016260,Aiguamolls del Baix Empordà-Bassa del Frare Ramon - H110003000,515751,4653027,4484821,Ferro
after_2007,0003,0006,F016260,Aiguamolls del Baix Empordà-Bassa del Frare Ramon - H110003000,515751,4653027,4484822,Cobalt
after_2007,0003,0006,F016260,Aiguamolls del Baix Empordà-Bassa del Frare Ramon - H110003000,515751,4653027,4484823,Níquel
after_2007,0003,0006,F016260,Aiguamolls del Baix Empordà-Bassa del Frare Ramon - H110003000,515751,4653027,4484824,Seleni
after_2007,0003,0006,F016260,Aiguamolls del Baix Empordà-Bassa del Frare Ramon - H110003000,515751,4653027,4484825,Vanadi
after_2007,0003,0006,F016260,Aiguamolls del Baix Empordà-Bassa del Frare Ramon - H110003000,515751,4653027,4484826,Alumini
after_2007,0003,0006,F016260,Aiguamolls del Baix Empordà-Bassa del Frare Ramon - H110003000,515751,4653027,4484827,Arsènic
after_2007,0003,0006,F016260,Aiguamolls del Baix Empordà-Bassa del Frare Ramon - H110003000,515751,4653027,4484828,Mercuri
after_2007,0003,0006,F016260,Aiguamolls del Baix Empordà-Bassa del Frare Ramon - H110003000,515751,4653027,4484829,Molibdè
after_2007,0003,0006,F016260,Aiguamolls del Baix Empordà-Bassa del Frare Ramon - H110003000,515751,4653027,4484830,Antimoni
after_2007,0003,0006,F016260,Aiguamolls del Baix Empordà-Bassa del Frare Ramon - H110003000,515751,4653027,4484831,Beril·li
after_2007,0003,0006,F016260,Aiguamolls del Baix Empordà-Bassa del Frare Ramon - H110003000,515751,4653027,4484832,Estronci
after_2007,0003,0006,F016260,Aiguamolls del Baix Empordà-Bassa del Frare Ramon - H110003000,515751,4653027,4484833,Manganès
after_2007,0003,0006,F016260,Aiguamolls del Baix Empordà-Bassa del Frare Ramon - H110003000,515751,4653027,4484967,Suma de xilens
after_2007,0003,0006,F016260,Aiguamolls del Baix Empordà-Bassa del Frare Ramon - H110003000,515751,4653027,4484968,Toluè
after_2007,0003,0006,F016260,Aiguamolls del Baix Empordà-Bassa del Frare Ramon - H110003000,515751,4653027,4484969,Hexaclorobutadiè
after_2007,0003,0006,F016260,Aiguamolls del Baix Empordà-Bassa del Frare Ramon - H110003000,515751,4653027,4484970,Diclorometà
after_2007,0003,0006,F016260,Aiguamolls del Baix Empordà-Bassa del Frare Ramon - H110003000,515751,4653027,4484971,"trans-1,2-dicloroetilè"
after_2007,0003,0006,F016260,Aiguamolls del Baix Empordà-Bassa del Frare Ramon - H110003000,515751,4653027,4484972,"cis-1,2-dicloroetilè"
after_2007,0003,0006,F016260,Aiguamolls del Baix Empordà-Bassa del Frare Ramon - H110003000,515751,4653027,4484973,Tetraclorur de Carboni
after_2007,0003,0006,F016260,Aiguamolls del Baix Empordà-Bassa del Frare Ramon - H110003000,515751,4653027,4484974,Tricloroetilè
after_2007,0003,0006,F016260,Aiguamolls del Baix Empordà-Bassa del Frare Ramon - H110003000,515751,4653027,4484975,Bromodiclorometà
after_2007,0003,0006,F016260,Aiguamolls del Baix Empordà-Bassa del Frare Ramon - H110003000,515751,4653027,4484976,"cis-1,3-dicloropropè"
after_2007,0003,0006,F016260,Aiguamolls del Baix Empordà-Bassa del Frare Ramon - H110003000,515751,4653027,4484977,Triclorometà
after_2007,0003,0006,F016260,Aiguamolls del Baix Empordà-Bassa del Frare Ramon - H110003000,515751,4653027,4484978,"1,1,2-tricloroetà"
after_2007,0003,0006,F016260,Aiguamolls del Baix Empordà-Bassa del Frare Ramon - H110003000,515751,4653027,4484979,Tetracloroetilè
after_2007,0003,0006,F016260,Aiguamolls del Baix Empordà-Bassa del Frare Ramon - H110003000,515751,4653027,4484980,Dibromoclorometà
after_2007,0003,0006,F016260,Aiguamolls del Baix Empordà-Bassa del Frare Ramon - H110003000,515751,4653027,4484981,Bromoform
after_2007,0003,0006,F016260,Aiguamolls del Baix Empordà-Bassa del Frare Ramon - H110003000,515751,4653027,4484982,"1,2-dicloroetà"
after_2007,0003,0006,F016260,Aiguamolls del Baix Empordà-Bassa del Frare Ramon - H110003000,515751,4653027,4484983,"1,4-diclorobenzè"
after_2007,0003,0006,F016260,Aiguamolls del Baix Empordà-Bassa del Frare Ramon - H110003000,515751,4653027,4484984,"1,2-diclorobenzè"
after_2007,0003,0006,F016260,Aiguamolls del Baix Empordà-Bassa del Frare Ramon - H110003000,515751,4653027,4484985,Suma de triclorobenzens
after_2007,0003,0006,F016260,Aiguamolls del Baix Empordà-Bassa del Frare Ramon - H110003000,515751,4653027,4484986,"1,2,4-triclorobenzè"
after_2007,0003,0006,F016260,Aiguamolls del Baix Empordà-Bassa del Frare Ramon - H110003000,515751,4653027,4484987,"1,2,3-triclorobenzè"
after_2007,0003,0006,F016260,Aiguamolls del Baix Empordà-Bassa del Frare Ramon - H110003000,515751,4653027,4484988,Benzè
after_2007,0003,0006,F016260,Aiguamolls del Baix Empordà-Bassa del Frare Ramon - H110003000,515751,4653027,4484989,Etilbenzè
after_2007,0003,0006,F016260,Aiguamolls del Baix Empordà-Bassa del Frare Ramon - H110003000,515751,4653027,4484990,"m,p-Xilè"
after_2007,0003,0006,F016260,Aiguamolls del Baix Empordà-Bassa del Frare Ramon - H110003000,515751,4653027,4484991,o-Xilè
after_2007,0003,0006,F016260,Aiguamolls del Baix Empordà-Bassa del Frare Ramon - H110003000,515751,4653027,4484992,Hexaclorobenzè
after_2007,0003,0006,F016260,Aiguamolls del Baix Empordà-Bassa del Frare Ramon - H110003000,515751,4653027,4484993,Clorobenzè
after_2007,0003,0006,F016260,Aiguamolls del Baix Empordà-Bassa del Frare Ramon - H110003000,515751,4653027,4484994,a-hexaclorociclohexà
after_2007,0003,0006,F016260,Aiguamolls del Baix Empordà-Bassa del Frare Ramon - H110003000,515751,4653027,4484995,Lindà(g-hexaclorociclohexà)
after_2007,0003,0006,F016260,Aiguamolls del Baix Empordà-Bassa del Frare Ramon - H110003000,515751,4653027,4484996,"1,1-dicloroetilè"
after_2007,0003,0006,F016260,Aiguamolls del Baix Empordà-Bassa del Frare Ramon - H110003000,515751,4653027,4484997,"1,1-dicloroetà"
after_2007,0003,0006,F016260,Aiguamolls del Baix Empordà-Bassa del Frare Ramon - H110003000,515751,4653027,4484998,"1,1,1-tricloroetà"
after_2007,0003,0006,F016260,Aiguamolls del Baix Empordà-Bassa del Frare Ramon - H110003000,515751,4653027,4484999,"1,2-dicloropropà"
after_2007,0003,0006,F016260,Aiguamolls del Baix Empordà-Bassa del Frare Ramon - H110003000,515751,4653027,4485000,"trans-1,3-dicloropropè"
after_2007,0003,0006,F016260,Aiguamolls del Baix Empordà-Bassa del Frare Ramon - H110003000,515751,4653027,4485001,"1,1,2,2-tetracloroetà"
after_2007,0003,0006,F016260,Aiguamolls del Baix Empordà-Bassa del Frare Ramon - H110003000,515751,4653027,4485002,"1,3,5-triclorobenzè"
after_2007,0003,0006,F016260,Aiguamolls del Baix Empordà-Bassa del Frare Ramon - H110003000,515751,4653027,4485003,Heptaclor
after_2007,0003,0006,F016260,Aiguamolls del Baix Empordà-Bassa del Frare Ramon - H110003000,515751,4653027,4485004,Aldrín
after_2007,0003,0006,F016260,Aiguamolls del Baix Empordà-Bassa del Frare Ramon - H110003000,515751,4653027,4485005,Isodrín
after_2007,0003,0006,F016260,Aiguamolls del Baix Empordà-Bassa del Frare Ramon - H110003000,515751,4653027,4485006,Epòxid d'heptaclor B
after_2007,0003,0006,F016260,Aiguamolls del Baix Empordà-Bassa del Frare Ramon - H110003000,515751,4653027,4485007,Endosulfan I
after_2007,0003,0006,F016260,Aiguamolls del Baix Empordà-Bassa del Frare Ramon - H110003000,515751,4653027,4485008,Dieldrín
after_2007,0003,0006,F016260,Aiguamolls del Baix Empordà-Bassa del Frare Ramon - H110003000,515751,4653027,4485009,Endrín
after_2007,0003,0006,F016260,Aiguamolls del Baix Empordà-Bassa del Frare Ramon - H110003000,515751,4653027,4485010,"4,4'-DDE"
after_2007,0003,0006,F016260,Aiguamolls del Baix Empordà-Bassa del Frare Ramon - H110003000,515751,4653027,4485011,Endosulfan II
after_2007,0003,0006,F016260,Aiguamolls del Baix Empordà-Bassa del Frare Ramon - H110003000,515751,4653027,4485012,"4,4'-DDD"
after_2007,0003,0006,F016260,Aiguamolls del Baix Empordà-Bassa del Frare Ramon - H110003000,515751,4653027,4485013,Sulfat d'endosulfan
after_2007,0003,0006,F016260,Aiguamolls del Baix Empordà-Bassa del Frare Ramon - H110003000,515751,4653027,4485014,"4,4'-DDT"
after_2007,0003,0006,F016260,Aiguamolls del Baix Empordà-Bassa del Frare Ramon - H110003000,515751,4653027,4485015,Triclorofluorometà
after_2007,0003,0006,F016260,Aiguamolls del Baix Empordà-Bassa del Frare Ramon - H110003000,515751,4653027,4485016,"1,3-diclorobenzè"
after_2007,0003,0006,F016260,Aiguamolls del Baix Empordà-Bassa del Frare Ramon - H110003000,515751,4653027,4485017,Naftalè
after_2007,0003,0006,F016260,Aiguamolls del Baix Empordà-Bassa del Frare Ramon - H110003000,515751,4653027,4485019,Diazinon
after_2007,0003,0006,F016260,Aiguamolls del Baix Empordà-Bassa del Frare Ramon - H110003000,515751,4653027,4485020,Paration de Metil
after_2007,0003,0006,F016260,Aiguamolls del Baix Empordà-Bassa del Frare Ramon - H110003000,515751,4653027,4485021,Fenitrotion
after_2007,0003,0006,F016260,Aiguamolls del Baix Empordà-Bassa del Frare Ramon - H110003000,515751,4653027,4485022,Malation
after_2007,0003,0006,F016260,Aiguamolls del Baix Empordà-Bassa del Frare Ramon - H110003000,515751,4653027,4485023,Clorpirifòs
after_2007,0003,0006,F016260,Aiguamolls del Baix Empordà-Bassa del Frare Ramon - H110003000,515751,4653027,4485024,Paration
after_2007,0003,0006,F016260,Aiguamolls del Baix Empordà-Bassa del Frare Ramon - H110003000,515751,4653027,4485025,Clorfenvinfòs (suma d'isòmers)
after_2007,0003,0006,F016260,Aiguamolls del Baix Empordà-Bassa del Frare Ramon - H110003000,515751,4653027,4485026,Etion
after_2007,0003,0006,F016260,Aiguamolls del Baix Empordà-Bassa del Frare Ramon - H110003000,515751,4653027,4485027,Azinfòs d'Etil
after_2007,0003,0006,F016260,Aiguamolls del Baix Empordà-Bassa del Frare Ramon - H110003000,515751,4653027,4485028,Simazina
after_2007,0003,0006,F016260,Aiguamolls del Baix Empordà-Bassa del Frare Ramon - H110003000,515751,4653027,4485029,Atrazina
after_2007,0003,0006,F016260,Aiguamolls del Baix Empordà-Bassa del Frare Ramon - H110003000,515751,4653027,4485030,Propazina
after_2007,0003,0006,F016260,Aiguamolls del Baix Empordà-Bassa del Frare Ramon - H110003000,515751,4653027,4485031,Terbutrina
after_2007,0003,0006,F016260,Aiguamolls del Baix Empordà-Bassa del Frare Ramon - H110003000,515751,4653027,4485032,Antracè
after_2007,0003,0006,F016260,Aiguamolls del Baix Empordà-Bassa del Frare Ramon - H110003000,515751,4653027,4485033,Fluorantè
after_2007,0003,0006,F016260,Aiguamolls del Baix Empordà-Bassa del Frare Ramon - H110003000,515751,4653027,4485034,Benzo(b)fluorantè
after_2007,0003,0006,F016260,Aiguamolls del Baix Empordà-Bassa del Frare Ramon - H110003000,515751,4653027,4485035,Benzo(k)fluorantè
after_2007,0003,0006,F016260,Aiguamolls del Baix Empordà-Bassa del Frare Ramon - H110003000,515751,4653027,4485036,Benzo(a)pirè
after_2007,0003,0006,F016260,Aiguamolls del Baix Empordà-Bassa del Frare Ramon - H110003000,515751,4653027,4485037,"Indeno(1,2,3-cd)pirè"
after_2007,0003,0006,F016260,Aiguamolls del Baix Empordà-Bassa del Frare Ramon - H110003000,515751,4653027,4485038,Benzo(ghi)perilè
after_2007,0003,0006,F016260,Aiguamolls del Baix Empordà-Bassa del Frare Ramon - H110003000,515751,4653027,4485039,Desetilatrazina
after_2007,0003,0006,F016260,Aiguamolls del Baix Empordà-Bassa del Frare Ramon - H110003000,515751,4653027,4485040,Suma d'al-diel-iso-endrín
after_2007,0003,0006,F016260,Aiguamolls del Baix Empordà-Bassa del Frare Ramon - H110003000,515751,4653027,4485041,Trifluralina
after_2007,0003,0006,F016260,Aiguamolls del Baix Empordà-Bassa del Frare Ramon - H110003000,515751,4653027,4485042,Molinat
after_2007,0003,0006,F016260,Aiguamolls del Baix Empordà-Bassa del Frare Ramon - H110003000,515751,4653027,4485043,Terbutilazina
after_2007,0003,0006,F016260,Aiguamolls del Baix Empordà-Bassa del Frare Ramon - H110003000,515751,4653027,4485044,Alaclor
after_2007,0003,0006,F016260,Aiguamolls del Baix Empordà-Bassa del Frare Ramon - H110003000,515751,4653027,4485045,Pentaclorobenzè
after_2007,0003,0006,F016260,Aiguamolls del Baix Empordà-Bassa del Frare Ramon - H110003000,515751,4653027,4485046,tert-Octilfenol
after_2007,0003,0006,F016260,Aiguamolls del Baix Empordà-Bassa del Frare Ramon - H110003000,515751,4653027,4485047,"2,4'-DDT"
after_2007,0003,0006,F016260,Aiguamolls del Baix Empordà-Bassa del Frare Ramon - H110003000,515751,4653027,4485048,"2,4'-DDE"
after_2007,0003,0006,F016260,Aiguamolls del Baix Empordà-Bassa del Frare Ramon - H110003000,515751,4653027,4485049,"2,4'-DDD"
after_2007,0003,0006,F016260,Aiguamolls del Baix Empordà-Bassa del Frare Ramon - H110003000,515751,4653027,4485050,Metolaclor
after_2007,0003,0006,F016260,Aiguamolls del Baix Empordà-Bassa del Frare Ramon - H110003000,515751,4653027,4485051,Epòxid d'heptaclor A
after_2007,0003,0006,F016260,Aiguamolls del Baix Empordà-Bassa del Frare Ramon - H110003000,515751,4653027,4485052,Suma de diclorobenzens
after_2007,0003,0006,F016260,Aiguamolls del Baix Empordà-Bassa del Frare Ramon - H110003000,515751,4653027,4485053,Cianazina
after_2007,0003,0006,F016260,Aiguamolls del Baix Empordà-Bassa del Frare Ramon - H110003000,515751,4653027,4485054,Diuron
after_2007,0003,0006,F016260,Aiguamolls del Baix Empordà-Bassa del Frare Ramon - H110003000,515751,4653027,4485055,Isoproturon
after_2007,0003,0006,F016260,Aiguamolls del Baix Empordà-Bassa del Frare Ramon - H110003000,515751,4653027,4485056,Linuron
after_2007,0003,0006,F016260,Aiguamolls del Baix Empordà-Bassa del Frare Ramon - H110003000,515751,4653027,4485057,Bentazona
after_2007,0003,0006,F016260,Aiguamolls del Baix Empordà-Bassa del Frare Ramon - H110003000,515751,4653027,4485058,Cetona d'endrín
after_2007,0003,0006,F016260,Aiguamolls del Baix Empordà-Bassa del Frare Ramon - H110003000,515751,4653027,4485059,BDE-28
after_2007,0003,0006,F016260,Aiguamolls del Baix Empordà-Bassa del Frare Ramon - H110003000,515751,4653027,4485060,Quinoxifèn
after_2007,0003,0006,F016260,Aiguamolls del Baix Empordà-Bassa del Frare Ramon - H110003000,515751,4653027,4485061,Aclonifèn
after_2007,0003,0006,F016260,Aiguamolls del Baix Empordà-Bassa del Frare Ramon - H110003000,515751,4653027,4485062,Bifenox
after_2007,0003,0006,F016260,Aiguamolls del Baix Empordà-Bassa del Frare Ramon - H110003000,515751,4653027,4485064,Cibutrina
after_2007,0003,0006,F016260,Aiguamolls del Baix Empordà-Bassa del Frare Ramon - H110003000,515751,4653027,4485065,4-n-nonilfenol
after_2007,0003,0006,F016260,Aiguamolls del Baix Empordà-Bassa del Frare Ramon - H110003000,515751,4653027,4485079,Clortoluron
after_2007,0003,0006,F016261,Aiguamolls del Baix Empordà-Basses d'en Coll - H100602000,515980,4650235,4183438,BDE-47
after_2007,0003,0006,F016261,Aiguamolls del Baix Empordà-Basses d'en Coll - H100602000,515980,4650235,4183439,BDE-99
after_2007,0003,0006,F016261,Aiguamolls del Baix Empordà-Basses d'en Coll - H100602000,515980,4650235,4183440,BDE-100
after_2007,0003,0006,F016261,Aiguamolls del Baix Empordà-Basses d'en Coll - H100602000,515980,4650235,4183441,BDE-153
after_2007,0003,0006,F016261,Aiguamolls del Baix Empordà-Basses d'en Coll - H100602000,515980,4650235,4183442,BDE-154
after_2007,0003,0006,F016261,Aiguamolls del Baix Empordà-Basses d'en Coll - H100602000,515980,4650235,4183443,Suma de PAH1
after_2007,0003,0006,F016261,Aiguamolls del Baix Empordà-Basses d'en Coll - H100602000,515980,4650235,4183444,Suma de PAH2
after_2007,0003,0006,F016261,Aiguamolls del Baix Empordà-Basses d'en Coll - H100602000,515980,4650235,4183445,Suma de DDT
after_2007,0003,0006,F016261,Aiguamolls del Baix Empordà-Basses d'en Coll - H100602000,515980,4650235,4183446,Bor
after_2007,0003,0006,F016261,Aiguamolls del Baix Empordà-Basses d'en Coll - H100602000,515980,4650235,4183447,Bari
after_2007,0003,0006,F016261,Aiguamolls del Baix Empordà-Basses d'en Coll - H100602000,515980,4650235,4183448,Crom
after_2007,0003,0006,F016261,Aiguamolls del Baix Empordà-Basses d'en Coll - H100602000,515980,4650235,4183449,Plom
after_2007,0003,0006,F016261,Aiguamolls del Baix Empordà-Basses d'en Coll - H100602000,515980,4650235,4183450,Zinc
after_2007,0003,0006,F016261,Aiguamolls del Baix Empordà-Basses d'en Coll - H100602000,515980,4650235,4183451,Cadmi
after_2007,0003,0006,F016261,Aiguamolls del Baix Empordà-Basses d'en Coll - H100602000,515980,4650235,4183452,Coure
after_2007,0003,0006,F016261,Aiguamolls del Baix Empordà-Basses d'en Coll - H100602000,515980,4650235,4183453,Ferro
after_2007,0003,0006,F016261,Aiguamolls del Baix Empordà-Basses d'en Coll - H100602000,515980,4650235,4183454,Cobalt
after_2007,0003,0006,F016261,Aiguamolls del Baix Empordà-Basses d'en Coll - H100602000,515980,4650235,4183455,Níquel
after_2007,0003,0006,F016261,Aiguamolls del Baix Empordà-Basses d'en Coll - H100602000,515980,4650235,4183456,Seleni
after_2007,0003,0006,F016261,Aiguamolls del Baix Empordà-Basses d'en Coll - H100602000,515980,4650235,4183457,Vanadi
after_2007,0003,0006,F016261,Aiguamolls del Baix Empordà-Basses d'en Coll - H100602000,515980,4650235,4183458,Alumini
after_2007,0003,0006,F016261,Aiguamolls del Baix Empordà-Basses d'en Coll - H100602000,515980,4650235,4183459,Arsènic
after_2007,0003,0006,F016261,Aiguamolls del Baix Empordà-Basses d'en Coll - H100602000,515980,4650235,4183460,Mercuri
after_2007,0003,0006,F016261,Aiguamolls del Baix Empordà-Basses d'en Coll - H100602000,515980,4650235,4183461,Molibdè
after_2007,0003,0006,F016261,Aiguamolls del Baix Empordà-Basses d'en Coll - H100602000,515980,4650235,4183462,Antimoni
after_2007,0003,0006,F016261,Aiguamolls del Baix Empordà-Basses d'en Coll - H100602000,515980,4650235,4183463,Beril·li
after_2007,0003,0006,F016261,Aiguamolls del Baix Empordà-Basses d'en Coll - H100602000,515980,4650235,4183464,Estronci
after_2007,0003,0006,F016261,Aiguamolls del Baix Empordà-Basses d'en Coll - H100602000,515980,4650235,4183465,Manganès
after_2007,0003,0006,F016261,Aiguamolls del Baix Empordà-Basses d'en Coll - H100602000,515980,4650235,4184100,Toluè
after_2007,0003,0006,F016261,Aiguamolls del Baix Empordà-Basses d'en Coll - H100602000,515980,4650235,4184101,Hexaclorobutadiè
after_2007,0003,0006,F016261,Aiguamolls del Baix Empordà-Basses d'en Coll - H100602000,515980,4650235,4184102,Diclorometà
after_2007,0003,0006,F016261,Aiguamolls del Baix Empordà-Basses d'en Coll - H100602000,515980,4650235,4184103,"trans-1,2-Dicloroetilè"
after_2007,0003,0006,F016261,Aiguamolls del Baix Empordà-Basses d'en Coll - H100602000,515980,4650235,4184104,"cis-1,2-Dicloroetilè"
after_2007,0003,0006,F016261,Aiguamolls del Baix Empordà-Basses d'en Coll - H100602000,515980,4650235,4184105,Tetraclorur de Carboni
after_2007,0003,0006,F016261,Aiguamolls del Baix Empordà-Basses d'en Coll - H100602000,515980,4650235,4184106,Tricloroetilè
after_2007,0003,0006,F016261,Aiguamolls del Baix Empordà-Basses d'en Coll - H100602000,515980,4650235,4184107,Bromodiclorometà
after_2007,0003,0006,F016261,Aiguamolls del Baix Empordà-Basses d'en Coll - H100602000,515980,4650235,4184108,"cis-1,3-Dicloropropè"
after_2007,0003,0006,F016261,Aiguamolls del Baix Empordà-Basses d'en Coll - H100602000,515980,4650235,4184109,Triclorometà
after_2007,0003,0006,F016261,Aiguamolls del Baix Empordà-Basses d'en Coll - H100602000,515980,4650235,4184110,"1,1,2-Tricloroetà"
after_2007,0003,0006,F016261,Aiguamolls del Baix Empordà-Basses d'en Coll - H100602000,515980,4650235,4184111,Tetracloroetilè
after_2007,0003,0006,F016261,Aiguamolls del Baix Empordà-Basses d'en Coll - H100602000,515980,4650235,4184112,Dibromoclorometà
after_2007,0003,0006,F016261,Aiguamolls del Baix Empordà-Basses d'en Coll - H100602000,515980,4650235,4184113,Bromoform
after_2007,0003,0006,F016261,Aiguamolls del Baix Empordà-Basses d'en Coll - H100602000,515980,4650235,4184114,"1,2-Dicloroetà"
after_2007,0003,0006,F016261,Aiguamolls del Baix Empordà-Basses d'en Coll - H100602000,515980,4650235,4184115,"1,4-Diclorobenzè"
after_2007,0003,0006,F016261,Aiguamolls del Baix Empordà-Basses d'en Coll - H100602000,515980,4650235,4184116,"1,2-Diclorobenzè"
after_2007,0003,0006,F016261,Aiguamolls del Baix Empordà-Basses d'en Coll - H100602000,515980,4650235,4184117,Suma de triclorobenzens
after_2007,0003,0006,F016261,Aiguamolls del Baix Empordà-Basses d'en Coll - H100602000,515980,4650235,4184118,"1,2,4-Triclorobenzè"
after_2007,0003,0006,F016261,Aiguamolls del Baix Empordà-Basses d'en Coll - H100602000,515980,4650235,4184119,"1,2,3-Triclorobenzè"
after_2007,0003,0006,F016261,Aiguamolls del Baix Empordà-Basses d'en Coll - H100602000,515980,4650235,4184120,Benzè
after_2007,0003,0006,F016261,Aiguamolls del Baix Empordà-Basses d'en Coll - H100602000,515980,4650235,4184121,Etilbenzè
after_2007,0003,0006,F016261,Aiguamolls del Baix Empordà-Basses d'en Coll - H100602000,515980,4650235,4184122,"m,p-Xilè"
after_2007,0003,0006,F016261,Aiguamolls del Baix Empordà-Basses d'en Coll - H100602000,515980,4650235,4184123,o-Xilè
after_2007,0003,0006,F016261,Aiguamolls del Baix Empordà-Basses d'en Coll - H100602000,515980,4650235,4184125,Hexaclorobenzè
after_2007,0003,0006,F016261,Aiguamolls del Baix Empordà-Basses d'en Coll - H100602000,515980,4650235,4184126,Clorobenzè
after_2007,0003,0006,F016261,Aiguamolls del Baix Empordà-Basses d'en Coll - H100602000,515980,4650235,4184127,a-Hexaclorociclohexà
after_2007,0003,0006,F016261,Aiguamolls del Baix Empordà-Basses d'en Coll - H100602000,515980,4650235,4184128,Lindà(g-Hexaclorociclohexà)
after_2007,0003,0006,F016261,Aiguamolls del Baix Empordà-Basses d'en Coll - H100602000,515980,4650235,4184129,"1,1-Dicloroetilè"
after_2007,0003,0006,F016261,Aiguamolls del Baix Empordà-Basses d'en Coll - H100602000,515980,4650235,4184130,"1,1-Dicloroetà"
after_2007,0003,0006,F016261,Aiguamolls del Baix Empordà-Basses d'en Coll - H100602000,515980,4650235,4184131,"1,1,1-Tricloroetà"
after_2007,0003,0006,F016261,Aiguamolls del Baix Empordà-Basses d'en Coll - H100602000,515980,4650235,4184132,"1,2-Dicloropropà"
after_2007,0003,0006,F016261,Aiguamolls del Baix Empordà-Basses d'en Coll - H100602000,515980,4650235,4184133,"trans-1,3-Dicloropropè"
after_2007,0003,0006,F016261,Aiguamolls del Baix Empordà-Basses d'en Coll - H100602000,515980,4650235,4184134,"1,1,2,2-Tetracloroetà"
after_2007,0003,0006,F016261,Aiguamolls del Baix Empordà-Basses d'en Coll - H100602000,515980,4650235,4184135,"1,3,5-Triclorobenzè"
after_2007,0003,0006,F016261,Aiguamolls del Baix Empordà-Basses d'en Coll - H100602000,515980,4650235,4184136,Heptaclor
after_2007,0003,0006,F016261,Aiguamolls del Baix Empordà-Basses d'en Coll - H100602000,515980,4650235,4184137,Aldrín
after_2007,0003,0006,F016261,Aiguamolls del Baix Empordà-Basses d'en Coll - H100602000,515980,4650235,4184138,Isodrín
after_2007,0003,0006,F016261,Aiguamolls del Baix Empordà-Basses d'en Coll - H100602000,515980,4650235,4184139,Epòxid d'heptaclor B
after_2007,0003,0006,F016261,Aiguamolls del Baix Empordà-Basses d'en Coll - H100602000,515980,4650235,4184140,Endosulfan I
after_2007,0003,0006,F016261,Aiguamolls del Baix Empordà-Basses d'en Coll - H100602000,515980,4650235,4184141,Dieldrín
after_2007,0003,0006,F016261,Aiguamolls del Baix Empordà-Basses d'en Coll - H100602000,515980,4650235,4184142,Endrín
after_2007,0003,0006,F016261,Aiguamolls del Baix Empordà-Basses d'en Coll - H100602000,515980,4650235,4184143,"4,4'-DDE"
after_2007,0003,0006,F016261,Aiguamolls del Baix Empordà-Basses d'en Coll - H100602000,515980,4650235,4184144,Endosulfan II
after_2007,0003,0006,F016261,Aiguamolls del Baix Empordà-Basses d'en Coll - H100602000,515980,4650235,4184145,"4,4'-DDD"
after_2007,0003,0006,F016261,Aiguamolls del Baix Empordà-Basses d'en Coll - H100602000,515980,4650235,4184146,Sulfat d'endosulfan
after_2007,0003,0006,F016261,Aiguamolls del Baix Empordà-Basses d'en Coll - H100602000,515980,4650235,4184147,"4,4'-DDT"
after_2007,0003,0006,F016261,Aiguamolls del Baix Empordà-Basses d'en Coll - H100602000,515980,4650235,4184148,Triclorofluorometà
after_2007,0003,0006,F016261,Aiguamolls del Baix Empordà-Basses d'en Coll - H100602000,515980,4650235,4184149,"1,3-diclorobenzè"
after_2007,0003,0006,F016261,Aiguamolls del Baix Empordà-Basses d'en Coll - H100602000,515980,4650235,4184150,Naftalè
after_2007,0003,0006,F016261,Aiguamolls del Baix Empordà-Basses d'en Coll - H100602000,515980,4650235,4184151,Diazinon
after_2007,0003,0006,F016261,Aiguamolls del Baix Empordà-Basses d'en Coll - H100602000,515980,4650235,4184152,Paration de metil
after_2007,0003,0006,F016261,Aiguamolls del Baix Empordà-Basses d'en Coll - H100602000,515980,4650235,4184153,Fenitrotion
after_2007,0003,0006,F016261,Aiguamolls del Baix Empordà-Basses d'en Coll - H100602000,515980,4650235,4184154,Malation
after_2007,0003,0006,F016261,Aiguamolls del Baix Empordà-Basses d'en Coll - H100602000,515980,4650235,4184155,Clorpirifòs
after_2007,0003,0006,F016261,Aiguamolls del Baix Empordà-Basses d'en Coll - H100602000,515980,4650235,4184156,Paration
after_2007,0003,0006,F016261,Aiguamolls del Baix Empordà-Basses d'en Coll - H100602000,515980,4650235,4184157,Clorfenvinfòs (suma d'isòmers)
after_2007,0003,0006,F016261,Aiguamolls del Baix Empordà-Basses d'en Coll - H100602000,515980,4650235,4184158,Etion
after_2007,0003,0006,F016261,Aiguamolls del Baix Empordà-Basses d'en Coll - H100602000,515980,4650235,4184159,Azinfòs d'etil
after_2007,0003,0006,F016261,Aiguamolls del Baix Empordà-Basses d'en Coll - H100602000,515980,4650235,4184160,Simazina
after_2007,0003,0006,F016261,Aiguamolls del Baix Empordà-Basses d'en Coll - H100602000,515980,4650235,4184161,Atrazina
after_2007,0003,0006,F016261,Aiguamolls del Baix Empordà-Basses d'en Coll - H100602000,515980,4650235,4184162,Propazina
after_2007,0003,0006,F016261,Aiguamolls del Baix Empordà-Basses d'en Coll - H100602000,515980,4650235,4184163,Terbutrina
after_2007,0003,0006,F016261,Aiguamolls del Baix Empordà-Basses d'en Coll - H100602000,515980,4650235,4184164,Antracè
after_2007,0003,0006,F016261,Aiguamolls del Baix Empordà-Basses d'en Coll - H100602000,515980,4650235,4184165,Fluorantè
after_2007,0003,0006,F016261,Aiguamolls del Baix Empordà-Basses d'en Coll - H100602000,515980,4650235,4184166,Benzo(b)fluorantè
after_2007,0003,0006,F016261,Aiguamolls del Baix Empordà-Basses d'en Coll - H100602000,515980,4650235,4184167,Benzo(k)fluorantè
after_2007,0003,0006,F016261,Aiguamolls del Baix Empordà-Basses d'en Coll - H100602000,515980,4650235,4184168,Benzo(a)pirè
after_2007,0003,0006,F016261,Aiguamolls del Baix Empordà-Basses d'en Coll - H100602000,515980,4650235,4184169,"Indeno(1,2,3-cd)pirè"
after_2007,0003,0006,F016261,Aiguamolls del Baix Empordà-Basses d'en Coll - H100602000,515980,4650235,4184170,Benzo(ghi)perilè
after_2007,0003,0006,F016261,Aiguamolls del Baix Empordà-Basses d'en Coll - H100602000,515980,4650235,4184171,Suma d'al-diel-iso-endrín
after_2007,0003,0006,F016261,Aiguamolls del Baix Empordà-Basses d'en Coll - H100602000,515980,4650235,4184172,Suma d'Organofosforats
after_2007,0003,0006,F016261,Aiguamolls del Baix Empordà-Basses d'en Coll - H100602000,515980,4650235,4184173,Suma de plaguicides clorats
after_2007,0003,0006,F016261,Aiguamolls del Baix Empordà-Basses d'en Coll - H100602000,515980,4650235,4184174,Suma de triazines
after_2007,0003,0006,F016261,Aiguamolls del Baix Empordà-Basses d'en Coll - H100602000,515980,4650235,4184175,Trifluralina
after_2007,0003,0006,F016261,Aiguamolls del Baix Empordà-Basses d'en Coll - H100602000,515980,4650235,4184176,Molinat
after_2007,0003,0006,F016261,Aiguamolls del Baix Empordà-Basses d'en Coll - H100602000,515980,4650235,4184177,Terbutilazina
after_2007,0003,0006,F016261,Aiguamolls del Baix Empordà-Basses d'en Coll - H100602000,515980,4650235,4184178,Alaclor
after_2007,0003,0006,F016261,Aiguamolls del Baix Empordà-Basses d'en Coll - H100602000,515980,4650235,4184179,Pentaclorobenzè
after_2007,0003,0006,F016261,Aiguamolls del Baix Empordà-Basses d'en Coll - H100602000,515980,4650235,4184180,tert-Octilfenol
after_2007,0003,0006,F016261,Aiguamolls del Baix Empordà-Basses d'en Coll - H100602000,515980,4650235,4184181,NPEO(e=0)
after_2007,0003,0006,F016261,Aiguamolls del Baix Empordà-Basses d'en Coll - H100602000,515980,4650235,4184182,"2,4'-DDT"
after_2007,0003,0006,F016261,Aiguamolls del Baix Empordà-Basses d'en Coll - H100602000,515980,4650235,4184183,"2,4'-DDE"
after_2007,0003,0006,F016261,Aiguamolls del Baix Empordà-Basses d'en Coll - H100602000,515980,4650235,4184184,"2,4'-DDD"
after_2007,0003,0006,F016261,Aiguamolls del Baix Empordà-Basses d'en Coll - H100602000,515980,4650235,4184185,Metolaclor
after_2007,0003,0006,F016261,Aiguamolls del Baix Empordà-Basses d'en Coll - H100602000,515980,4650235,4184186,Epòxid d'heptaclor A
after_2007,0003,0006,F016261,Aiguamolls del Baix Empordà-Basses d'en Coll - H100602000,515980,4650235,4184187,Suma de diclorobenzens
after_2007,0003,0006,F016261,Aiguamolls del Baix Empordà-Basses d'en Coll - H100602000,515980,4650235,4184188,Cetona d'endrín
after_2007,0003,0006,F016261,Aiguamolls del Baix Empordà-Basses d'en Coll - H100602000,515980,4650235,4184189,BDE-28
after_2007,0003,0006,F016261,Aiguamolls del Baix Empordà-Basses d'en Coll - H100602000,515980,4650235,4184190,Quinoxifèn
after_2007,0003,0006,F016261,Aiguamolls del Baix Empordà-Basses d'en Coll - H100602000,515980,4650235,4184191,Aclonifèn
after_2007,0003,0006,F016261,Aiguamolls del Baix Empordà-Basses d'en Coll - H100602000,515980,4650235,4184192,Bifenox
after_2007,0003,0006,F016261,Aiguamolls del Baix Empordà-Basses d'en Coll - H100602000,515980,4650235,4184193,Cipermetrín (suma d'isòmers)
after_2007,0003,0006,F016261,Aiguamolls del Baix Empordà-Basses d'en Coll - H100602000,515980,4650235,4184194,Cibutrina
after_2007,0003,0006,F016261,Aiguamolls del Baix Empordà-Basses d'en Coll - H100602000,515980,4650235,4184195,4-n-Nonilfenol
after_2007,0003,0006,F016263,Aiguamolls del Baix Empordà-El Ter Vell - H110002000,516125,4654864,4180888,BDE-47
after_2007,0003,0006,F016263,Aiguamolls del Baix Empordà-El Ter Vell - H110002000,516125,4654864,4180889,BDE-99
after_2007,0003,0006,F016263,Aiguamolls del Baix Empordà-El Ter Vell - H110002000,516125,4654864,4180890,BDE-100
after_2007,0003,0006,F016263,Aiguamolls del Baix Empordà-El Ter Vell - H110002000,516125,4654864,4180891,BDE-153
after_2007,0003,0006,F016263,Aiguamolls del Baix Empordà-El Ter Vell - H110002000,516125,4654864,4180892,BDE-154
after_2007,0003,0006,F016263,Aiguamolls del Baix Empordà-El Ter Vell - H110002000,516125,4654864,4180893,Suma de PAH1
after_2007,0003,0006,F016263,Aiguamolls del Baix Empordà-El Ter Vell - H110002000,516125,4654864,4180894,Suma de PAH2
after_2007,0003,0006,F016263,Aiguamolls del Baix Empordà-El Ter Vell - H110002000,516125,4654864,4180895,Suma de DDT
after_2007,0003,0006,F016263,Aiguamolls del Baix Empordà-El Ter Vell - H110002000,516125,4654864,4180896,Bor
after_2007,0003,0006,F016263,Aiguamolls del Baix Empordà-El Ter Vell - H110002000,516125,4654864,4180897,Bari
after_2007,0003,0006,F016263,Aiguamolls del Baix Empordà-El Ter Vell - H110002000,516125,4654864,4180898,Crom
after_2007,0003,0006,F016263,Aiguamolls del Baix Empordà-El Ter Vell - H110002000,516125,4654864,4180899,Plom
after_2007,0003,0006,F016263,Aiguamolls del Baix Empordà-El Ter Vell - H110002000,516125,4654864,4180900,Zinc
after_2007,0003,0006,F016263,Aiguamolls del Baix Empordà-El Ter Vell - H110002000,516125,4654864,4180901,Cadmi
after_2007,0003,0006,F016263,Aiguamolls del Baix Empordà-El Ter Vell - H110002000,516125,4654864,4180902,Coure
after_2007,0003,0006,F016263,Aiguamolls del Baix Empordà-El Ter Vell - H110002000,516125,4654864,4180903,Ferro
after_2007,0003,0006,F016263,Aiguamolls del Baix Empordà-El Ter Vell - H110002000,516125,4654864,4180904,Cobalt
after_2007,0003,0006,F016263,Aiguamolls del Baix Empordà-El Ter Vell - H110002000,516125,4654864,4180905,Níquel
after_2007,0003,0006,F016263,Aiguamolls del Baix Empordà-El Ter Vell - H110002000,516125,4654864,4180906,Seleni
after_2007,0003,0006,F016263,Aiguamolls del Baix Empordà-El Ter Vell - H110002000,516125,4654864,4180907,Vanadi
after_2007,0003,0006,F016263,Aiguamolls del Baix Empordà-El Ter Vell - H110002000,516125,4654864,4180908,Alumini
after_2007,0003,0006,F016263,Aiguamolls del Baix Empordà-El Ter Vell - H110002000,516125,4654864,4180909,Arsènic
after_2007,0003,0006,F016263,Aiguamolls del Baix Empordà-El Ter Vell - H110002000,516125,4654864,4180910,Mercuri
after_2007,0003,0006,F016263,Aiguamolls del Baix Empordà-El Ter Vell - H110002000,516125,4654864,4180911,Molibdè
after_2007,0003,0006,F016263,Aiguamolls del Baix Empordà-El Ter Vell - H110002000,516125,4654864,4180912,Antimoni
after_2007,0003,0006,F016263,Aiguamolls del Baix Empordà-El Ter Vell - H110002000,516125,4654864,4180913,Beril·li
after_2007,0003,0006,F016263,Aiguamolls del Baix Empordà-El Ter Vell - H110002000,516125,4654864,4180914,Estronci
after_2007,0003,0006,F016263,Aiguamolls del Baix Empordà-El Ter Vell - H110002000,516125,4654864,4180915,Manganès
after_2007,0003,0006,F016263,Aiguamolls del Baix Empordà-El Ter Vell - H110002000,516125,4654864,4181188,Toluè
after_2007,0003,0006,F016263,Aiguamolls del Baix Empordà-El Ter Vell - H110002000,516125,4654864,4181189,Hexaclorobutadiè
after_2007,0003,0006,F016263,Aiguamolls del Baix Empordà-El Ter Vell - H110002000,516125,4654864,4181190,Diclorometà
after_2007,0003,0006,F016263,Aiguamolls del Baix Empordà-El Ter Vell - H110002000,516125,4654864,4181191,"trans-1,2-Dicloroetilè"
after_2007,0003,0006,F016263,Aiguamolls del Baix Empordà-El Ter Vell - H110002000,516125,4654864,4181192,"cis-1,2-Dicloroetilè"
after_2007,0003,0006,F016263,Aiguamolls del Baix Empordà-El Ter Vell - H110002000,516125,4654864,4181193,Tetraclorur de Carboni
after_2007,0003,0006,F016263,Aiguamolls del Baix Empordà-El Ter Vell - H110002000,516125,4654864,4181194,Tricloroetilè
after_2007,0003,0006,F016263,Aiguamolls del Baix Empordà-El Ter Vell - H110002000,516125,4654864,4181195,Bromodiclorometà
after_2007,0003,0006,F016263,Aiguamolls del Baix Empordà-El Ter Vell - H110002000,516125,4654864,4181196,"cis-1,3-Dicloropropè"
after_2007,0003,0006,F016263,Aiguamolls del Baix Empordà-El Ter Vell - H110002000,516125,4654864,4181197,Triclorometà
after_2007,0003,0006,F016263,Aiguamolls del Baix Empordà-El Ter Vell - H110002000,516125,4654864,4181198,"1,1,2-Tricloroetà"
after_2007,0003,0006,F016263,Aiguamolls del Baix Empordà-El Ter Vell - H110002000,516125,4654864,4181199,Tetracloroetilè
after_2007,0003,0006,F016263,Aiguamolls del Baix Empordà-El Ter Vell - H110002000,516125,4654864,4181200,Dibromoclorometà
after_2007,0003,0006,F016263,Aiguamolls del Baix Empordà-El Ter Vell - H110002000,516125,4654864,4181201,Bromoform
after_2007,0003,0006,F016263,Aiguamolls del Baix Empordà-El Ter Vell - H110002000,516125,4654864,4181202,"1,2-Dicloroetà"
after_2007,0003,0006,F016263,Aiguamolls del Baix Empordà-El Ter Vell - H110002000,516125,4654864,4181203,"1,4-Diclorobenzè"
after_2007,0003,0006,F016263,Aiguamolls del Baix Empordà-El Ter Vell - H110002000,516125,4654864,4181204,"1,2-Diclorobenzè"
after_2007,0003,0006,F016263,Aiguamolls del Baix Empordà-El Ter Vell - H110002000,516125,4654864,4181205,Suma de triclorobenzens
after_2007,0003,0006,F016263,Aiguamolls del Baix Empordà-El Ter Vell - H110002000,516125,4654864,4181206,"1,2,4-Triclorobenzè"
after_2007,0003,0006,F016263,Aiguamolls del Baix Empordà-El Ter Vell - H110002000,516125,4654864,4181207,"1,2,3-Triclorobenzè"
after_2007,0003,0006,F016263,Aiguamolls del Baix Empordà-El Ter Vell - H110002000,516125,4654864,4181208,Benzè
after_2007,0003,0006,F016263,Aiguamolls del Baix Empordà-El Ter Vell - H110002000,516125,4654864,4181209,Etilbenzè
after_2007,0003,0006,F016263,Aiguamolls del Baix Empordà-El Ter Vell - H110002000,516125,4654864,4181210,"m,p-Xilè"
after_2007,0003,0006,F016263,Aiguamolls del Baix Empordà-El Ter Vell - H110002000,516125,4654864,4181211,o-Xilè
after_2007,0003,0006,F016263,Aiguamolls del Baix Empordà-El Ter Vell - H110002000,516125,4654864,4181213,Hexaclorobenzè
after_2007,0003,0006,F016263,Aiguamolls del Baix Empordà-El Ter Vell - H110002000,516125,4654864,4181214,Clorobenzè
after_2007,0003,0006,F016263,Aiguamolls del Baix Empordà-El Ter Vell - H110002000,516125,4654864,4181215,a-Hexaclorociclohexà
after_2007,0003,0006,F016263,Aiguamolls del Baix Empordà-El Ter Vell - H110002000,516125,4654864,4181216,Lindà(g-Hexaclorociclohexà)
after_2007,0003,0006,F016263,Aiguamolls del Baix Empordà-El Ter Vell - H110002000,516125,4654864,4181217,"1,1-Dicloroetilè"
after_2007,0003,0006,F016263,Aiguamolls del Baix Empordà-El Ter Vell - H110002000,516125,4654864,4181218,"1,1-Dicloroetà"
after_2007,0003,0006,F016263,Aiguamolls del Baix Empordà-El Ter Vell - H110002000,516125,4654864,4181219,"1,1,1-Tricloroetà"
after_2007,0003,0006,F016263,Aiguamolls del Baix Empordà-El Ter Vell - H110002000,516125,4654864,4181220,"1,2-Dicloropropà"
after_2007,0003,0006,F016263,Aiguamolls del Baix Empordà-El Ter Vell - H110002000,516125,4654864,4181221,"trans-1,3-Dicloropropè"
after_2007,0003,0006,F016263,Aiguamolls del Baix Empordà-El Ter Vell - H110002000,516125,4654864,4181222,"1,1,2,2-Tetracloroetà"
after_2007,0003,0006,F016263,Aiguamolls del Baix Empordà-El Ter Vell - H110002000,516125,4654864,4181223,"1,3,5-Triclorobenzè"
after_2007,0003,0006,F016263,Aiguamolls del Baix Empordà-El Ter Vell - H110002000,516125,4654864,4181224,Heptaclor
after_2007,0003,0006,F016263,Aiguamolls del Baix Empordà-El Ter Vell - H110002000,516125,4654864,4181225,Aldrín
after_2007,0003,0006,F016263,Aiguamolls del Baix Empordà-El Ter Vell - H110002000,516125,4654864,4181226,Isodrín
after_2007,0003,0006,F016263,Aiguamolls del Baix Empordà-El Ter Vell - H110002000,516125,4654864,4181227,Epòxid d'heptaclor B
after_2007,0003,0006,F016263,Aiguamolls del Baix Empordà-El Ter Vell - H110002000,516125,4654864,4181228,Endosulfan I
after_2007,0003,0006,F016263,Aiguamolls del Baix Empordà-El Ter Vell - H110002000,516125,4654864,4181229,Dieldrín
after_2007,0003,0006,F016263,Aiguamolls del Baix Empordà-El Ter Vell - H110002000,516125,4654864,4181230,Endrín
after_2007,0003,0006,F016263,Aiguamolls del Baix Empordà-El Ter Vell - H110002000,516125,4654864,4181231,"4,4'-DDE"
after_2007,0003,0006,F016263,Aiguamolls del Baix Empordà-El Ter Vell - H110002000,516125,4654864,4181232,Endosulfan II
after_2007,0003,0006,F016263,Aiguamolls del Baix Empordà-El Ter Vell - H110002000,516125,4654864,4181233,"4,4'-DDD"
after_2007,0003,0006,F016263,Aiguamolls del Baix Empordà-El Ter Vell - H110002000,516125,4654864,4181234,Sulfat d'endosulfan
after_2007,0003,0006,F016263,Aiguamolls del Baix Empordà-El Ter Vell - H110002000,516125,4654864,4181235,"4,4'-DDT"
after_2007,0003,0006,F016263,Aiguamolls del Baix Empordà-El Ter Vell - H110002000,516125,4654864,4181236,Triclorofluorometà
after_2007,0003,0006,F016263,Aiguamolls del Baix Empordà-El Ter Vell - H110002000,516125,4654864,4181237,"1,3-diclorobenzè"
after_2007,0003,0006,F016263,Aiguamolls del Baix Empordà-El Ter Vell - H110002000,516125,4654864,4181238,Naftalè
after_2007,0003,0006,F016263,Aiguamolls del Baix Empordà-El Ter Vell - H110002000,516125,4654864,4181239,Diazinon
after_2007,0003,0006,F016263,Aiguamolls del Baix Empordà-El Ter Vell - H110002000,516125,4654864,4181240,Paration de metil
after_2007,0003,0006,F016263,Aiguamolls del Baix Empordà-El Ter Vell - H110002000,516125,4654864,4181241,Fenitrotion
after_2007,0003,0006,F016263,Aiguamolls del Baix Empordà-El Ter Vell - H110002000,516125,4654864,4181242,Malation
after_2007,0003,0006,F016263,Aiguamolls del Baix Empordà-El Ter Vell - H110002000,516125,4654864,4181243,Clorpirifòs
after_2007,0003,0006,F016263,Aiguamolls del Baix Empordà-El Ter Vell - H110002000,516125,4654864,4181244,Paration
after_2007,0003,0006,F016263,Aiguamolls del Baix Empordà-El Ter Vell - H110002000,516125,4654864,4181245,Clorfenvinfòs (suma d'isòmers)
after_2007,0003,0006,F016263,Aiguamolls del Baix Empordà-El Ter Vell - H110002000,516125,4654864,4181246,Etion
after_2007,0003,0006,F016263,Aiguamolls del Baix Empordà-El Ter Vell - H110002000,516125,4654864,4181247,Azinfòs d'etil
after_2007,0003,0006,F016263,Aiguamolls del Baix Empordà-El Ter Vell - H110002000,516125,4654864,4181248,Simazina
after_2007,0003,0006,F016263,Aiguamolls del Baix Empordà-El Ter Vell - H110002000,516125,4654864,4181249,Atrazina
after_2007,0003,0006,F016263,Aiguamolls del Baix Empordà-El Ter Vell - H110002000,516125,4654864,4181250,Propazina
after_2007,0003,0006,F016263,Aiguamolls del Baix Empordà-El Ter Vell - H110002000,516125,4654864,4181251,Terbutrina
after_2007,0003,0006,F016263,Aiguamolls del Baix Empordà-El Ter Vell - H110002000,516125,4654864,4181252,Antracè
after_2007,0003,0006,F016263,Aiguamolls del Baix Empordà-El Ter Vell - H110002000,516125,4654864,4181253,Fluorantè
after_2007,0003,0006,F016263,Aiguamolls del Baix Empordà-El Ter Vell - H110002000,516125,4654864,4181254,Benzo(b)fluorantè
after_2007,0003,0006,F016263,Aiguamolls del Baix Empordà-El Ter Vell - H110002000,516125,4654864,4181255,Benzo(k)fluorantè
after_2007,0003,0006,F016263,Aiguamolls del Baix Empordà-El Ter Vell - H110002000,516125,4654864,4181256,Benzo(a)pirè
after_2007,0003,0006,F016263,Aiguamolls del Baix Empordà-El Ter Vell - H110002000,516125,4654864,4181257,"Indeno(1,2,3-cd)pirè"
after_2007,0003,0006,F016263,Aiguamolls del Baix Empordà-El Ter Vell - H110002000,516125,4654864,4181258,Benzo(ghi)perilè
after_2007,0003,0006,F016263,Aiguamolls del Baix Empordà-El Ter Vell - H110002000,516125,4654864,4181259,Suma d'al-diel-iso-endrín
after_2007,0003,0006,F016263,Aiguamolls del Baix Empordà-El Ter Vell - H110002000,516125,4654864,4181260,Suma d'Organofosforats
after_2007,0003,0006,F016263,Aiguamolls del Baix Empordà-El Ter Vell - H110002000,516125,4654864,4181261,Suma de plaguicides clorats
after_2007,0003,0006,F016263,Aiguamolls del Baix Empordà-El Ter Vell - H110002000,516125,4654864,4181262,Suma de triazines
after_2007,0003,0006,F016263,Aiguamolls del Baix Empordà-El Ter Vell - H110002000,516125,4654864,4181263,Trifluralina
after_2007,0003,0006,F016263,Aiguamolls del Baix Empordà-El Ter Vell - H110002000,516125,4654864,4181264,Molinat
after_2007,0003,0006,F016263,Aiguamolls del Baix Empordà-El Ter Vell - H110002000,516125,4654864,4181265,Terbutilazina
after_2007,0003,0006,F016263,Aiguamolls del Baix Empordà-El Ter Vell - H110002000,516125,4654864,4181266,Alaclor
after_2007,0003,0006,F016263,Aiguamolls del Baix Empordà-El Ter Vell - H110002000,516125,4654864,4181267,Pentaclorobenzè
after_2007,0003,0006,F016263,Aiguamolls del Baix Empordà-El Ter Vell - H110002000,516125,4654864,4181268,tert-Octilfenol
after_2007,0003,0006,F016263,Aiguamolls del Baix Empordà-El Ter Vell - H110002000,516125,4654864,4181269,NPEO(e=0)
after_2007,0003,0006,F016263,Aiguamolls del Baix Empordà-El Ter Vell - H110002000,516125,4654864,4181270,"2,4'-DDT"
after_2007,0003,0006,F016263,Aiguamolls del Baix Empordà-El Ter Vell - H110002000,516125,4654864,4181271,"2,4'-DDE"
after_2007,0003,0006,F016263,Aiguamolls del Baix Empordà-El Ter Vell - H110002000,516125,4654864,4181272,"2,4'-DDD"
after_2007,0003,0006,F016263,Aiguamolls del Baix Empordà-El Ter Vell - H110002000,516125,4654864,4181273,Metolaclor
after_2007,0003,0006,F016263,Aiguamolls del Baix Empordà-El Ter Vell - H110002000,516125,4654864,4181274,Epòxid d'heptaclor A
after_2007,0003,0006,F016263,Aiguamolls del Baix Empordà-El Ter Vell - H110002000,516125,4654864,4181275,Suma de diclorobenzens
after_2007,0003,0006,F016263,Aiguamolls del Baix Empordà-El Ter Vell - H110002000,516125,4654864,4181276,Cetona d'endrín
after_2007,0003,0006,F016263,Aiguamolls del Baix Empordà-El Ter Vell - H110002000,516125,4654864,4181277,BDE-28
after_2007,0003,0006,F016263,Aiguamolls del Baix Empordà-El Ter Vell - H110002000,516125,4654864,4181278,Quinoxifèn
after_2007,0003,0006,F016263,Aiguamolls del Baix Empordà-El Ter Vell - H110002000,516125,4654864,4181279,Aclonifèn
after_2007,0003,0006,F016263,Aiguamolls del Baix Empordà-El Ter Vell - H110002000,516125,4654864,4181280,Bifenox
after_2007,0003,0006,F016263,Aiguamolls del Baix Empordà-El Ter Vell - H110002000,516125,4654864,4181281,Cipermetrín (suma d'isòmers)
after_2007,0003,0006,F016263,Aiguamolls del Baix Empordà-El Ter Vell - H110002000,516125,4654864,4181282,Cibutrina
after_2007,0003,0006,F016263,Aiguamolls del Baix Empordà-El Ter Vell - H110002000,516125,4654864,4181283,4-n-Nonilfenol
after_2007,0003,0006,F016263,Aiguamolls del Baix Empordà-El Ter Vell - H110002000,516125,4654864,4483083,Suma de xilens
after_2007,0003,0006,F016263,Aiguamolls del Baix Empordà-El Ter Vell - H110002000,516125,4654864,4483085,Desetilatrazina
after_2007,0003,0006,F016263,Aiguamolls del Baix Empordà-El Ter Vell - H110002000,516125,4654864,4483086,Cianazina
after_2007,0003,0006,F016263,Aiguamolls del Baix Empordà-El Ter Vell - H110002000,516125,4654864,4483087,Diuron
after_2007,0003,0006,F016263,Aiguamolls del Baix Empordà-El Ter Vell - H110002000,516125,4654864,4483088,Isoproturon
after_2007,0003,0006,F016263,Aiguamolls del Baix Empordà-El Ter Vell - H110002000,516125,4654864,4483089,Linuron
after_2007,0003,0006,F016263,Aiguamolls del Baix Empordà-El Ter Vell - H110002000,516125,4654864,4483090,Bentazona
after_2007,0003,0006,F016263,Aiguamolls del Baix Empordà-El Ter Vell - H110002000,516125,4654864,4483102,Clortoluron
after_2007,0003,0006,F024866,Delta de l'Ebre-L'Alfacada - H240007001,318641,4506009,4191322,Toluè
after_2007,0003,0006,F024866,Delta de l'Ebre-L'Alfacada - H240007001,318641,4506009,4191323,Hexaclorobutadiè
after_2007,0003,0006,F024866,Delta de l'Ebre-L'Alfacada - H240007001,318641,4506009,4191324,Diclorometà
after_2007,0003,0006,F024866,Delta de l'Ebre-L'Alfacada - H240007001,318641,4506009,4191325,"trans-1,2-Dicloroetilè"
after_2007,0003,0006,F024866,Delta de l'Ebre-L'Alfacada - H240007001,318641,4506009,4191326,"cis-1,2-Dicloroetilè"
after_2007,0003,0006,F024866,Delta de l'Ebre-L'Alfacada - H240007001,318641,4506009,4191327,Tetraclorur de Carboni
after_2007,0003,0006,F024866,Delta de l'Ebre-L'Alfacada - H240007001,318641,4506009,4191328,Tricloroetilè
after_2007,0003,0006,F024866,Delta de l'Ebre-L'Alfacada - H240007001,318641,4506009,4191329,Bromodiclorometà
after_2007,0003,0006,F024866,Delta de l'Ebre-L'Alfacada - H240007001,318641,4506009,4191330,"cis-1,3-Dicloropropè"
after_2007,0003,0006,F024866,Delta de l'Ebre-L'Alfacada - H240007001,318641,4506009,4191331,Triclorometà
after_2007,0003,0006,F024866,Delta de l'Ebre-L'Alfacada - H240007001,318641,4506009,4191332,"1,1,2-Tricloroetà"
after_2007,0003,0006,F024866,Delta de l'Ebre-L'Alfacada - H240007001,318641,4506009,4191333,Tetracloroetilè
after_2007,0003,0006,F024866,Delta de l'Ebre-L'Alfacada - H240007001,318641,4506009,4191334,Dibromoclorometà
after_2007,0003,0006,F024866,Delta de l'Ebre-L'Alfacada - H240007001,318641,4506009,4191335,Bromoform
after_2007,0003,0006,F024866,Delta de l'Ebre-L'Alfacada - H240007001,318641,4506009,4191336,"1,2-Dicloroetà"
after_2007,0003,0006,F024866,Delta de l'Ebre-L'Alfacada - H240007001,318641,4506009,4191337,"1,4-Diclorobenzè"
after_2007,0003,0006,F024866,Delta de l'Ebre-L'Alfacada - H240007001,318641,4506009,4191338,"1,2-Diclorobenzè"
after_2007,0003,0006,F024866,Delta de l'Ebre-L'Alfacada - H240007001,318641,4506009,4191339,Suma de triclorobenzens
after_2007,0003,0006,F024866,Delta de l'Ebre-L'Alfacada - H240007001,318641,4506009,4191340,"1,2,4-Triclorobenzè"
after_2007,0003,0006,F024866,Delta de l'Ebre-L'Alfacada - H240007001,318641,4506009,4191341,"1,2,3-Triclorobenzè"
after_2007,0003,0006,F024866,Delta de l'Ebre-L'Alfacada - H240007001,318641,4506009,4191342,Benzè
after_2007,0003,0006,F024866,Delta de l'Ebre-L'Alfacada - H240007001,318641,4506009,4191343,Etilbenzè
after_2007,0003,0006,F024866,Delta de l'Ebre-L'Alfacada - H240007001,318641,4506009,4191344,"m,p-Xilè"
after_2007,0003,0006,F024866,Delta de l'Ebre-L'Alfacada - H240007001,318641,4506009,4191345,o-Xilè
after_2007,0003,0006,F024866,Delta de l'Ebre-L'Alfacada - H240007001,318641,4506009,4191346,Clorobenzè
after_2007,0003,0006,F024866,Delta de l'Ebre-L'Alfacada - H240007001,318641,4506009,4191347,"1,1-Dicloroetilè"
after_2007,0003,0006,F024866,Delta de l'Ebre-L'Alfacada - H240007001,318641,4506009,4191348,"1,1-Dicloroetà"
after_2007,0003,0006,F024866,Delta de l'Ebre-L'Alfacada - H240007001,318641,4506009,4191349,"1,1,1-Tricloroetà"
after_2007,0003,0006,F024866,Delta de l'Ebre-L'Alfacada - H240007001,318641,4506009,4191350,"1,2-Dicloropropà"
after_2007,0003,0006,F024866,Delta de l'Ebre-L'Alfacada - H240007001,318641,4506009,4191351,"trans-1,3-Dicloropropè"
after_2007,0003,0006,F024866,Delta de l'Ebre-L'Alfacada - H240007001,318641,4506009,4191352,"1,1,2,2-Tetracloroetà"
after_2007,0003,0006,F024866,Delta de l'Ebre-L'Alfacada - H240007001,318641,4506009,4191353,"1,3,5-Triclorobenzè"
after_2007,0003,0006,F024866,Delta de l'Ebre-L'Alfacada - H240007001,318641,4506009,4191354,Triclorofluorometà
after_2007,0003,0006,F024866,Delta de l'Ebre-L'Alfacada - H240007001,318641,4506009,4191355,"1,3-diclorobenzè"
after_2007,0003,0006,F024866,Delta de l'Ebre-L'Alfacada - H240007001,318641,4506009,4191356,Naftalè
after_2007,0003,0006,F024866,Delta de l'Ebre-L'Alfacada - H240007001,318641,4506009,4191357,Suma de diclorobenzens
after_2007,0003,0006,F024866,Delta de l'Ebre-L'Alfacada - H240007001,318641,4506009,4191358,Bor
after_2007,0003,0006,F024866,Delta de l'Ebre-L'Alfacada - H240007001,318641,4506009,4191359,Bari
after_2007,0003,0006,F024866,Delta de l'Ebre-L'Alfacada - H240007001,318641,4506009,4191360,Crom
after_2007,0003,0006,F024866,Delta de l'Ebre-L'Alfacada - H240007001,318641,4506009,4191361,Plom
after_2007,0003,0006,F024866,Delta de l'Ebre-L'Alfacada - H240007001,318641,4506009,4191362,Zinc
after_2007,0003,0006,F024866,Delta de l'Ebre-L'Alfacada - H240007001,318641,4506009,4191363,Cadmi
after_2007,0003,0006,F024866,Delta de l'Ebre-L'Alfacada - H240007001,318641,4506009,4191364,Coure
after_2007,0003,0006,F024866,Delta de l'Ebre-L'Alfacada - H240007001,318641,4506009,4191365,Ferro
after_2007,0003,0006,F024866,Delta de l'Ebre-L'Alfacada - H240007001,318641,4506009,4191366,Cobalt
after_2007,0003,0006,F024866,Delta de l'Ebre-L'Alfacada - H240007001,318641,4506009,4191367,Níquel
after_2007,0003,0006,F024866,Delta de l'Ebre-L'Alfacada - H240007001,318641,4506009,4191368,Seleni
after_2007,0003,0006,F024866,Delta de l'Ebre-L'Alfacada - H240007001,318641,4506009,4191369,Vanadi
after_2007,0003,0006,F024866,Delta de l'Ebre-L'Alfacada - H240007001,318641,4506009,4191370,Alumini
after_2007,0003,0006,F024866,Delta de l'Ebre-L'Alfacada - H240007001,318641,4506009,4191371,Arsènic
after_2007,0003,0006,F024866,Delta de l'Ebre-L'Alfacada - H240007001,318641,4506009,4191372,Mercuri
after_2007,0003,0006,F024866,Delta de l'Ebre-L'Alfacada - H240007001,318641,4506009,4191373,Molibdè
after_2007,0003,0006,F024866,Delta de l'Ebre-L'Alfacada - H240007001,318641,4506009,4191374,Antimoni
after_2007,0003,0006,F024866,Delta de l'Ebre-L'Alfacada - H240007001,318641,4506009,4191375,Beril·li
after_2007,0003,0006,F024866,Delta de l'Ebre-L'Alfacada - H240007001,318641,4506009,4191376,Estronci
after_2007,0003,0006,F024866,Delta de l'Ebre-L'Alfacada - H240007001,318641,4506009,4191377,Manganès
after_2007,0003,0006,F024866,Delta de l'Ebre-L'Alfacada - H240007001,318641,4506009,4278639,Hexaclorobenzè
after_2007,0003,0006,F024866,Delta de l'Ebre-L'Alfacada - H240007001,318641,4506009,4278640,a-Hexaclorociclohexà
after_2007,0003,0006,F024866,Delta de l'Ebre-L'Alfacada - H240007001,318641,4506009,4278641,Lindà(g-Hexaclorociclohexà)
after_2007,0003,0006,F024866,Delta de l'Ebre-L'Alfacada - H240007001,318641,4506009,4278642,Heptaclor
after_2007,0003,0006,F024866,Delta de l'Ebre-L'Alfacada - H240007001,318641,4506009,4278643,Aldrín
after_2007,0003,0006,F024866,Delta de l'Ebre-L'Alfacada - H240007001,318641,4506009,4278644,Isodrín
after_2007,0003,0006,F024866,Delta de l'Ebre-L'Alfacada - H240007001,318641,4506009,4278645,Epòxid d'heptaclor B
after_2007,0003,0006,F024866,Delta de l'Ebre-L'Alfacada - H240007001,318641,4506009,4278646,Endosulfan I
after_2007,0003,0006,F024866,Delta de l'Ebre-L'Alfacada - H240007001,318641,4506009,4278647,Dieldrín
after_2007,0003,0006,F024866,Delta de l'Ebre-L'Alfacada - H240007001,318641,4506009,4278648,Endrín
after_2007,0003,0006,F024866,Delta de l'Ebre-L'Alfacada - H240007001,318641,4506009,4278649,"4,4'-DDE"
after_2007,0003,0006,F024866,Delta de l'Ebre-L'Alfacada - H240007001,318641,4506009,4278650,Endosulfan II
after_2007,0003,0006,F024866,Delta de l'Ebre-L'Alfacada - H240007001,318641,4506009,4278651,"4,4'-DDD"
after_2007,0003,0006,F024866,Delta de l'Ebre-L'Alfacada - H240007001,318641,4506009,4278652,Sulfat d'endosulfan
after_2007,0003,0006,F024866,Delta de l'Ebre-L'Alfacada - H240007001,318641,4506009,4278653,"4,4'-DDT"
after_2007,0003,0006,F024866,Delta de l'Ebre-L'Alfacada - H240007001,318641,4506009,4278654,Diazinon
after_2007,0003,0006,F024866,Delta de l'Ebre-L'Alfacada - H240007001,318641,4506009,4278655,Paration de metil
after_2007,0003,0006,F024866,Delta de l'Ebre-L'Alfacada - H240007001,318641,4506009,4278656,Fenitrotion
after_2007,0003,0006,F024866,Delta de l'Ebre-L'Alfacada - H240007001,318641,4506009,4278657,Malation
after_2007,0003,0006,F024866,Delta de l'Ebre-L'Alfacada - H240007001,318641,4506009,4278658,Clorpirifòs
after_2007,0003,0006,F024866,Delta de l'Ebre-L'Alfacada - H240007001,318641,4506009,4278659,Paration
after_2007,0003,0006,F024866,Delta de l'Ebre-L'Alfacada - H240007001,318641,4506009,4278660,Clorfenvinfòs (suma d'isòmers)
after_2007,0003,0006,F024866,Delta de l'Ebre-L'Alfacada - H240007001,318641,4506009,4278661,Etion
after_2007,0003,0006,F024866,Delta de l'Ebre-L'Alfacada - H240007001,318641,4506009,4278662,Azinfòs d'etil
after_2007,0003,0006,F024866,Delta de l'Ebre-L'Alfacada - H240007001,318641,4506009,4278663,Simazina
after_2007,0003,0006,F024866,Delta de l'Ebre-L'Alfacada - H240007001,318641,4506009,4278664,Atrazina
after_2007,0003,0006,F024866,Delta de l'Ebre-L'Alfacada - H240007001,318641,4506009,4278665,Propazina
after_2007,0003,0006,F024866,Delta de l'Ebre-L'Alfacada - H240007001,318641,4506009,4278666,Terbutrina
after_2007,0003,0006,F024866,Delta de l'Ebre-L'Alfacada - H240007001,318641,4506009,4278667,Antracè
after_2007,0003,0006,F024866,Delta de l'Ebre-L'Alfacada - H240007001,318641,4506009,4278668,Fluorantè
after_2007,0003,0006,F024866,Delta de l'Ebre-L'Alfacada - H240007001,318641,4506009,4278669,Benzo(b)fluorantè
after_2007,0003,0006,F024866,Delta de l'Ebre-L'Alfacada - H240007001,318641,4506009,4278670,Benzo(k)fluorantè
after_2007,0003,0006,F024866,Delta de l'Ebre-L'Alfacada - H240007001,318641,4506009,4278671,Benzo(a)pirè
after_2007,0003,0006,F024866,Delta de l'Ebre-L'Alfacada - H240007001,318641,4506009,4278672,"Indeno(1,2,3-cd)pirè"
after_2007,0003,0006,F024866,Delta de l'Ebre-L'Alfacada - H240007001,318641,4506009,4278673,Benzo(ghi)perilè
after_2007,0003,0006,F024866,Delta de l'Ebre-L'Alfacada - H240007001,318641,4506009,4278674,Suma d'al-diel-iso-endrín
after_2007,0003,0006,F024866,Delta de l'Ebre-L'Alfacada - H240007001,318641,4506009,4278675,Suma d'Organofosforats
after_2007,0003,0006,F024866,Delta de l'Ebre-L'Alfacada - H240007001,318641,4506009,4278676,Suma de plaguicides clorats
after_2007,0003,0006,F024866,Delta de l'Ebre-L'Alfacada - H240007001,318641,4506009,4278677,Suma de triazines
after_2007,0003,0006,F024866,Delta de l'Ebre-L'Alfacada - H240007001,318641,4506009,4278678,Trifluralina
after_2007,0003,0006,F024866,Delta de l'Ebre-L'Alfacada - H240007001,318641,4506009,4278679,Molinat
after_2007,0003,0006,F024866,Delta de l'Ebre-L'Alfacada - H240007001,318641,4506009,4278680,Terbutilazina
after_2007,0003,0006,F024866,Delta de l'Ebre-L'Alfacada - H240007001,318641,4506009,4278681,Alaclor
after_2007,0003,0006,F024866,Delta de l'Ebre-L'Alfacada - H240007001,318641,4506009,4278682,Pentaclorobenzè
after_2007,0003,0006,F024866,Delta de l'Ebre-L'Alfacada - H240007001,318641,4506009,4278683,tert-Octilfenol
after_2007,0003,0006,F024866,Delta de l'Ebre-L'Alfacada - H240007001,318641,4506009,4278684,NPEO(e=0)
after_2007,0003,0006,F024866,Delta de l'Ebre-L'Alfacada - H240007001,318641,4506009,4278685,"2,4'-DDT"
after_2007,0003,0006,F024866,Delta de l'Ebre-L'Alfacada - H240007001,318641,4506009,4278686,"2,4'-DDE"
after_2007,0003,0006,F024866,Delta de l'Ebre-L'Alfacada - H240007001,318641,4506009,4278687,"2,4'-DDD"
after_2007,0003,0006,F024866,Delta de l'Ebre-L'Alfacada - H240007001,318641,4506009,4278688,Metolaclor
after_2007,0003,0006,F024866,Delta de l'Ebre-L'Alfacada - H240007001,318641,4506009,4278689,Epòxid d'heptaclor A
after_2007,0003,0006,F024866,Delta de l'Ebre-L'Alfacada - H240007001,318641,4506009,4278690,BDE-47
after_2007,0003,0006,F024866,Delta de l'Ebre-L'Alfacada - H240007001,318641,4506009,4278691,BDE-99
after_2007,0003,0006,F024866,Delta de l'Ebre-L'Alfacada - H240007001,318641,4506009,4278692,BDE-100
after_2007,0003,0006,F024866,Delta de l'Ebre-L'Alfacada - H240007001,318641,4506009,4278693,Cetona d'endrín
after_2007,0003,0006,F024866,Delta de l'Ebre-L'Alfacada - H240007001,318641,4506009,4278694,BDE-28
after_2007,0003,0006,F024866,Delta de l'Ebre-L'Alfacada - H240007001,318641,4506009,4278695,BDE-153
after_2007,0003,0006,F024866,Delta de l'Ebre-L'Alfacada - H240007001,318641,4506009,4278696,BDE-154
after_2007,0003,0006,F024866,Delta de l'Ebre-L'Alfacada - H240007001,318641,4506009,4278697,Suma de PAH1
after_2007,0003,0006,F024866,Delta de l'Ebre-L'Alfacada - H240007001,318641,4506009,4278698,Suma de PAH2
after_2007,0003,0006,F024866,Delta de l'Ebre-L'Alfacada - H240007001,318641,4506009,4278699,Suma de DDT
after_2007,0003,0006,F024866,Delta de l'Ebre-L'Alfacada - H240007001,318641,4506009,4278700,Quinoxifèn
after_2007,0003,0006,F024866,Delta de l'Ebre-L'Alfacada - H240007001,318641,4506009,4278701,Aclonifèn
after_2007,0003,0006,F024866,Delta de l'Ebre-L'Alfacada - H240007001,318641,4506009,4278702,Bifenox
after_2007,0003,0006,F024866,Delta de l'Ebre-L'Alfacada - H240007001,318641,4506009,4278703,Cipermetrín (suma d'isòmers)
after_2007,0003,0006,F024866,Delta de l'Ebre-L'Alfacada - H240007001,318641,4506009,4278704,Cibutrina
after_2007,0003,0006,F024866,Delta de l'Ebre-L'Alfacada - H240007001,318641,4506009,4278705,4-n-Nonilfenol
after_2007,0003,0006,F024867,Delta de l'Ebre-L'Alfacada - H240007002,318026,4506349,4276868,Toluè
after_2007,0003,0006,F024867,Delta de l'Ebre-L'Alfacada - H240007002,318026,4506349,4276869,Hexaclorobutadiè
after_2007,0003,0006,F024867,Delta de l'Ebre-L'Alfacada - H240007002,318026,4506349,4276870,Diclorometà
after_2007,0003,0006,F024867,Delta de l'Ebre-L'Alfacada - H240007002,318026,4506349,4276871,"trans-1,2-Dicloroetilè"
after_2007,0003,0006,F024867,Delta de l'Ebre-L'Alfacada - H240007002,318026,4506349,4276872,"cis-1,2-Dicloroetilè"
after_2007,0003,0006,F024867,Delta de l'Ebre-L'Alfacada - H240007002,318026,4506349,4276873,Tetraclorur de Carboni
after_2007,0003,0006,F024867,Delta de l'Ebre-L'Alfacada - H240007002,318026,4506349,4276874,Tricloroetilè
after_2007,0003,0006,F024867,Delta de l'Ebre-L'Alfacada - H240007002,318026,4506349,4276875,Bromodiclorometà
after_2007,0003,0006,F024867,Delta de l'Ebre-L'Alfacada - H240007002,318026,4506349,4276876,"cis-1,3-Dicloropropè"
after_2007,0003,0006,F024867,Delta de l'Ebre-L'Alfacada - H240007002,318026,4506349,4276877,Triclorometà
after_2007,0003,0006,F024867,Delta de l'Ebre-L'Alfacada - H240007002,318026,4506349,4276878,"1,1,2-Tricloroetà"
after_2007,0003,0006,F024867,Delta de l'Ebre-L'Alfacada - H240007002,318026,4506349,4276879,Tetracloroetilè
after_2007,0003,0006,F024867,Delta de l'Ebre-L'Alfacada - H240007002,318026,4506349,4276880,Dibromoclorometà
after_2007,0003,0006,F024867,Delta de l'Ebre-L'Alfacada - H240007002,318026,4506349,4276881,Bromoform
after_2007,0003,0006,F024867,Delta de l'Ebre-L'Alfacada - H240007002,318026,4506349,4276882,"1,2-Dicloroetà"
after_2007,0003,0006,F024867,Delta de l'Ebre-L'Alfacada - H240007002,318026,4506349,4276883,"1,4-Diclorobenzè"
after_2007,0003,0006,F024867,Delta de l'Ebre-L'Alfacada - H240007002,318026,4506349,4276884,"1,2-Diclorobenzè"
after_2007,0003,0006,F024867,Delta de l'Ebre-L'Alfacada - H240007002,318026,4506349,4276885,Suma de triclorobenzens
after_2007,0003,0006,F024867,Delta de l'Ebre-L'Alfacada - H240007002,318026,4506349,4276886,"1,2,4-Triclorobenzè"
after_2007,0003,0006,F024867,Delta de l'Ebre-L'Alfacada - H240007002,318026,4506349,4276887,"1,2,3-Triclorobenzè"
after_2007,0003,0006,F024867,Delta de l'Ebre-L'Alfacada - H240007002,318026,4506349,4276888,Benzè
after_2007,0003,0006,F024867,Delta de l'Ebre-L'Alfacada - H240007002,318026,4506349,4276889,Etilbenzè
after_2007,0003,0006,F024867,Delta de l'Ebre-L'Alfacada - H240007002,318026,4506349,4276890,"m,p-Xilè"
after_2007,0003,0006,F024867,Delta de l'Ebre-L'Alfacada - H240007002,318026,4506349,4276891,o-Xilè
after_2007,0003,0006,F024867,Delta de l'Ebre-L'Alfacada - H240007002,318026,4506349,4276892,Hexaclorobenzè
after_2007,0003,0006,F024867,Delta de l'Ebre-L'Alfacada - H240007002,318026,4506349,4276893,Clorobenzè
after_2007,0003,0006,F024867,Delta de l'Ebre-L'Alfacada - H240007002,318026,4506349,4276894,a-Hexaclorociclohexà
after_2007,0003,0006,F024867,Delta de l'Ebre-L'Alfacada - H240007002,318026,4506349,4276895,Lindà(g-Hexaclorociclohexà)
after_2007,0003,0006,F024867,Delta de l'Ebre-L'Alfacada - H240007002,318026,4506349,4276896,"1,1-Dicloroetilè"
after_2007,0003,0006,F024867,Delta de l'Ebre-L'Alfacada - H240007002,318026,4506349,4276897,"1,1-Dicloroetà"
after_2007,0003,0006,F024867,Delta de l'Ebre-L'Alfacada - H240007002,318026,4506349,4276898,"1,1,1-Tricloroetà"
after_2007,0003,0006,F024867,Delta de l'Ebre-L'Alfacada - H240007002,318026,4506349,4276899,"1,2-Dicloropropà"
after_2007,0003,0006,F024867,Delta de l'Ebre-L'Alfacada - H240007002,318026,4506349,4276900,"trans-1,3-Dicloropropè"
after_2007,0003,0006,F024867,Delta de l'Ebre-L'Alfacada - H240007002,318026,4506349,4276901,"1,1,2,2-Tetracloroetà"
after_2007,0003,0006,F024867,Delta de l'Ebre-L'Alfacada - H240007002,318026,4506349,4276902,"1,3,5-Triclorobenzè"
after_2007,0003,0006,F024867,Delta de l'Ebre-L'Alfacada - H240007002,318026,4506349,4276903,Heptaclor
after_2007,0003,0006,F024867,Delta de l'Ebre-L'Alfacada - H240007002,318026,4506349,4276904,Aldrín
after_2007,0003,0006,F024867,Delta de l'Ebre-L'Alfacada - H240007002,318026,4506349,4276905,Isodrín
after_2007,0003,0006,F024867,Delta de l'Ebre-L'Alfacada - H240007002,318026,4506349,4276906,Epòxid d'heptaclor B
after_2007,0003,0006,F024867,Delta de l'Ebre-L'Alfacada - H240007002,318026,4506349,4276907,Endosulfan I
after_2007,0003,0006,F024867,Delta de l'Ebre-L'Alfacada - H240007002,318026,4506349,4276908,Dieldrín
after_2007,0003,0006,F024867,Delta de l'Ebre-L'Alfacada - H240007002,318026,4506349,4276909,Endrín
after_2007,0003,0006,F024867,Delta de l'Ebre-L'Alfacada - H240007002,318026,4506349,4276910,"4,4'-DDE"
after_2007,0003,0006,F024867,Delta de l'Ebre-L'Alfacada - H240007002,318026,4506349,4276911,Endosulfan II
after_2007,0003,0006,F024867,Delta de l'Ebre-L'Alfacada - H240007002,318026,4506349,4276912,"4,4'-DDD"
after_2007,0003,0006,F024867,Delta de l'Ebre-L'Alfacada - H240007002,318026,4506349,4276913,Sulfat d'endosulfan
after_2007,0003,0006,F024867,Delta de l'Ebre-L'Alfacada - H240007002,318026,4506349,4276914,"4,4'-DDT"
after_2007,0003,0006,F024867,Delta de l'Ebre-L'Alfacada - H240007002,318026,4506349,4276915,Triclorofluorometà
after_2007,0003,0006,F024867,Delta de l'Ebre-L'Alfacada - H240007002,318026,4506349,4276916,"1,3-Diclorobenzè"
after_2007,0003,0006,F024867,Delta de l'Ebre-L'Alfacada - H240007002,318026,4506349,4276917,Naftalè
after_2007,0003,0006,F024867,Delta de l'Ebre-L'Alfacada - H240007002,318026,4506349,4276918,Diazinon
after_2007,0003,0006,F024867,Delta de l'Ebre-L'Alfacada - H240007002,318026,4506349,4276919,Paration de metil
after_2007,0003,0006,F024867,Delta de l'Ebre-L'Alfacada - H240007002,318026,4506349,4276920,Fenitrotion
after_2007,0003,0006,F024867,Delta de l'Ebre-L'Alfacada - H240007002,318026,4506349,4276921,Malation
after_2007,0003,0006,F024867,Delta de l'Ebre-L'Alfacada - H240007002,318026,4506349,4276922,Clorpirifòs
after_2007,0003,0006,F024867,Delta de l'Ebre-L'Alfacada - H240007002,318026,4506349,4276923,Paration
after_2007,0003,0006,F024867,Delta de l'Ebre-L'Alfacada - H240007002,318026,4506349,4276924,Clorfenvinfòs (suma d'isòmers)
after_2007,0003,0006,F024867,Delta de l'Ebre-L'Alfacada - H240007002,318026,4506349,4276925,Etion
after_2007,0003,0006,F024867,Delta de l'Ebre-L'Alfacada - H240007002,318026,4506349,4276926,Azinfòs d'etil
after_2007,0003,0006,F024867,Delta de l'Ebre-L'Alfacada - H240007002,318026,4506349,4276927,Simazina
after_2007,0003,0006,F024867,Delta de l'Ebre-L'Alfacada - H240007002,318026,4506349,4276928,Atrazina
after_2007,0003,0006,F024867,Delta de l'Ebre-L'Alfacada - H240007002,318026,4506349,4276929,Propazina
after_2007,0003,0006,F024867,Delta de l'Ebre-L'Alfacada - H240007002,318026,4506349,4276930,Terbutrina
after_2007,0003,0006,F024867,Delta de l'Ebre-L'Alfacada - H240007002,318026,4506349,4276931,Antracè
after_2007,0003,0006,F024867,Delta de l'Ebre-L'Alfacada - H240007002,318026,4506349,4276932,Fluorantè
after_2007,0003,0006,F024867,Delta de l'Ebre-L'Alfacada - H240007002,318026,4506349,4276933,Benzo(b)fluorantè
after_2007,0003,0006,F024867,Delta de l'Ebre-L'Alfacada - H240007002,318026,4506349,4276934,Benzo(k)fluorantè
after_2007,0003,0006,F024867,Delta de l'Ebre-L'Alfacada - H240007002,318026,4506349,4276935,Benzo(a)pirè
after_2007,0003,0006,F024867,Delta de l'Ebre-L'Alfacada - H240007002,318026,4506349,4276936,"Indeno(1,2,3-cd)pirè"
after_2007,0003,0006,F024867,Delta de l'Ebre-L'Alfacada - H240007002,318026,4506349,4276937,Benzo(ghi)perilè
after_2007,0003,0006,F024867,Delta de l'Ebre-L'Alfacada - H240007002,318026,4506349,4276938,Suma d'al-diel-iso-endrín
after_2007,0003,0006,F024867,Delta de l'Ebre-L'Alfacada - H240007002,318026,4506349,4276939,Suma d'Organofosforats
after_2007,0003,0006,F024867,Delta de l'Ebre-L'Alfacada - H240007002,318026,4506349,4276940,Suma de plaguicides clorats
after_2007,0003,0006,F024867,Delta de l'Ebre-L'Alfacada - H240007002,318026,4506349,4276941,Suma de triazines
after_2007,0003,0006,F024867,Delta de l'Ebre-L'Alfacada - H240007002,318026,4506349,4276942,Trifluralina
after_2007,0003,0006,F024867,Delta de l'Ebre-L'Alfacada - H240007002,318026,4506349,4276943,Molinat
after_2007,0003,0006,F024867,Delta de l'Ebre-L'Alfacada - H240007002,318026,4506349,4276944,Terbutilazina
after_2007,0003,0006,F024867,Delta de l'Ebre-L'Alfacada - H240007002,318026,4506349,4276945,Alaclor
after_2007,0003,0006,F024867,Delta de l'Ebre-L'Alfacada - H240007002,318026,4506349,4276946,Pentaclorobenzè
after_2007,0003,0006,F024867,Delta de l'Ebre-L'Alfacada - H240007002,318026,4506349,4276947,tert-Octilfenol
after_2007,0003,0006,F024867,Delta de l'Ebre-L'Alfacada - H240007002,318026,4506349,4276948,NPEO(e=0)
after_2007,0003,0006,F024867,Delta de l'Ebre-L'Alfacada - H240007002,318026,4506349,4276949,"2,4'-DDT"
after_2007,0003,0006,F024867,Delta de l'Ebre-L'Alfacada - H240007002,318026,4506349,4276950,"2,4'-DDE"
after_2007,0003,0006,F024867,Delta de l'Ebre-L'Alfacada - H240007002,318026,4506349,4276951,"2,4'-DDD"
after_2007,0003,0006,F024867,Delta de l'Ebre-L'Alfacada - H240007002,318026,4506349,4276952,Metolaclor
after_2007,0003,0006,F024867,Delta de l'Ebre-L'Alfacada - H240007002,318026,4506349,4276953,Epòxid d'heptaclor A
after_2007,0003,0006,F024867,Delta de l'Ebre-L'Alfacada - H240007002,318026,4506349,4276954,Suma de diclorobenzens
after_2007,0003,0006,F024867,Delta de l'Ebre-L'Alfacada - H240007002,318026,4506349,4276955,BDE-47
after_2007,0003,0006,F024867,Delta de l'Ebre-L'Alfacada - H240007002,318026,4506349,4276956,BDE-99
after_2007,0003,0006,F024867,Delta de l'Ebre-L'Alfacada - H240007002,318026,4506349,4276957,BDE-100
after_2007,0003,0006,F024867,Delta de l'Ebre-L'Alfacada - H240007002,318026,4506349,4276958,Cetona d'endrín
after_2007,0003,0006,F024867,Delta de l'Ebre-L'Alfacada - H240007002,318026,4506349,4276959,BDE-28
after_2007,0003,0006,F024867,Delta de l'Ebre-L'Alfacada - H240007002,318026,4506349,4276960,BDE-153
after_2007,0003,0006,F024867,Delta de l'Ebre-L'Alfacada - H240007002,318026,4506349,4276961,BDE-154
after_2007,0003,0006,F024867,Delta de l'Ebre-L'Alfacada - H240007002,318026,4506349,4276962,Suma de PAH1
after_2007,0003,0006,F024867,Delta de l'Ebre-L'Alfacada - H240007002,318026,4506349,4276963,Suma de PAH2
after_2007,0003,0006,F024867,Delta de l'Ebre-L'Alfacada - H240007002,318026,4506349,4276964,Suma de DDT
after_2007,0003,0006,F024867,Delta de l'Ebre-L'Alfacada - H240007002,318026,4506349,4276965,Bor
after_2007,0003,0006,F024867,Delta de l'Ebre-L'Alfacada - H240007002,318026,4506349,4276966,Bari
after_2007,0003,0006,F024867,Delta de l'Ebre-L'Alfacada - H240007002,318026,4506349,4276967,Crom
after_2007,0003,0006,F024867,Delta de l'Ebre-L'Alfacada - H240007002,318026,4506349,4276968,Plom
after_2007,0003,0006,F024867,Delta de l'Ebre-L'Alfacada - H240007002,318026,4506349,4276969,Zinc
after_2007,0003,0006,F024867,Delta de l'Ebre-L'Alfacada - H240007002,318026,4506349,4276970,Cadmi
after_2007,0003,0006,F024867,Delta de l'Ebre-L'Alfacada - H240007002,318026,4506349,4276971,Coure
after_2007,0003,0006,F024867,Delta de l'Ebre-L'Alfacada - H240007002,318026,4506349,4276972,Ferro
after_2007,0003,0006,F024867,Delta de l'Ebre-L'Alfacada - H240007002,318026,4506349,4276973,Cobalt
after_2007,0003,0006,F024867,Delta de l'Ebre-L'Alfacada - H240007002,318026,4506349,4276974,Níquel
after_2007,0003,0006,F024867,Delta de l'Ebre-L'Alfacada - H240007002,318026,4506349,4276975,Seleni
after_2007,0003,0006,F024867,Delta de l'Ebre-L'Alfacada - H240007002,318026,4506349,4276976,Vanadi
after_2007,0003,0006,F024867,Delta de l'Ebre-L'Alfacada - H240007002,318026,4506349,4276977,Alumini
after_2007,0003,0006,F024867,Delta de l'Ebre-L'Alfacada - H240007002,318026,4506349,4276978,Arsènic
after_2007,0003,0006,F024867,Delta de l'Ebre-L'Alfacada - H240007002,318026,4506349,4276979,Mercuri
after_2007,0003,0006,F024867,Delta de l'Ebre-L'Alfacada - H240007002,318026,4506349,4276980,Molibdè
after_2007,0003,0006,F024867,Delta de l'Ebre-L'Alfacada - H240007002,318026,4506349,4276981,Antimoni
after_2007,0003,0006,F024867,Delta de l'Ebre-L'Alfacada - H240007002,318026,4506349,4276982,Beril·li
after_2007,0003,0006,F024867,Delta de l'Ebre-L'Alfacada - H240007002,318026,4506349,4276983,Estronci
after_2007,0003,0006,F024867,Delta de l'Ebre-L'Alfacada - H240007002,318026,4506349,4276984,Manganès
after_2007,0003,0006,F024867,Delta de l'Ebre-L'Alfacada - H240007002,318026,4506349,4276985,Quinoxifèn
after_2007,0003,0006,F024867,Delta de l'Ebre-L'Alfacada - H240007002,318026,4506349,4276986,Aclonifèn
after_2007,0003,0006,F024867,Delta de l'Ebre-L'Alfacada - H240007002,318026,4506349,4276987,Bifenox
after_2007,0003,0006,F024867,Delta de l'Ebre-L'Alfacada - H240007002,318026,4506349,4276988,Cipermetrín (suma d'isòmers)
after_2007,0003,0006,F024867,Delta de l'Ebre-L'Alfacada - H240007002,318026,4506349,4276989,Cibutrina
after_2007,0003,0006,F024867,Delta de l'Ebre-L'Alfacada - H240007002,318026,4506349,4276990,4-n-Nonilfenol
after_2007,0003,0006,F046151,N/D - H240016000,320219,4510017,4508890,Toluè
after_2007,0003,0006,F046151,N/D - H240016000,320219,4510017,4508891,Hexaclorobutadiè
after_2007,0003,0006,F046151,N/D - H240016000,320219,4510017,4508892,Diclorometà
after_2007,0003,0006,F046151,N/D - H240016000,320219,4510017,4508893,"trans-1,2-dicloroetilè"
after_2007,0003,0006,F046151,N/D - H240016000,320219,4510017,4508894,"cis-1,2-dicloroetilè"
after_2007,0003,0006,F046151,N/D - H240016000,320219,4510017,4508895,Tetraclorur de Carboni
after_2007,0003,0006,F046151,N/D - H240016000,320219,4510017,4508896,Tricloroetilè
after_2007,0003,0006,F046151,N/D - H240016000,320219,4510017,4508897,Bromodiclorometà
after_2007,0003,0006,F046151,N/D - H240016000,320219,4510017,4508898,"cis-1,3-dicloropropè"
after_2007,0003,0006,F046151,N/D - H240016000,320219,4510017,4508899,Triclorometà
after_2007,0003,0006,F046151,N/D - H240016000,320219,4510017,4508900,"1,1,2-tricloroetà"
after_2007,0003,0006,F046151,N/D - H240016000,320219,4510017,4508901,Tetracloroetilè
after_2007,0003,0006,F046151,N/D - H240016000,320219,4510017,4508902,Dibromoclorometà
after_2007,0003,0006,F046151,N/D - H240016000,320219,4510017,4508903,Bromoform
after_2007,0003,0006,F046151,N/D - H240016000,320219,4510017,4508904,"1,2-dicloroetà"
after_2007,0003,0006,F046151,N/D - H240016000,320219,4510017,4508905,"1,4-diclorobenzè"
after_2007,0003,0006,F046151,N/D - H240016000,320219,4510017,4508906,"1,2-diclorobenzè"
after_2007,0003,0006,F046151,N/D - H240016000,320219,4510017,4508907,"1,2,4-triclorobenzè"
after_2007,0003,0006,F046151,N/D - H240016000,320219,4510017,4508908,"1,2,3-triclorobenzè"
after_2007,0003,0006,F046151,N/D - H240016000,320219,4510017,4508909,Benzè
after_2007,0003,0006,F046151,N/D - H240016000,320219,4510017,4508910,Etilbenzè
after_2007,0003,0006,F046151,N/D - H240016000,320219,4510017,4508911,"m,p-Xilè"
after_2007,0003,0006,F046151,N/D - H240016000,320219,4510017,4508912,o-Xilè
after_2007,0003,0006,F046151,N/D - H240016000,320219,4510017,4508913,Hexaclorobenzè
after_2007,0003,0006,F046151,N/D - H240016000,320219,4510017,4508914,Clorobenzè
after_2007,0003,0006,F046151,N/D - H240016000,320219,4510017,4508915,a-hexaclorociclohexà
after_2007,0003,0006,F046151,N/D - H240016000,320219,4510017,4508916,Lindà(g-hexaclorociclohexà)
after_2007,0003,0006,F046151,N/D - H240016000,320219,4510017,4508917,"1,1-dicloroetilè"
after_2007,0003,0006,F046151,N/D - H240016000,320219,4510017,4508918,"1,1-dicloroetà"
after_2007,0003,0006,F046151,N/D - H240016000,320219,4510017,4508919,"1,1,1-tricloroetà"
after_2007,0003,0006,F046151,N/D - H240016000,320219,4510017,4508920,"1,2-dicloropropà"
after_2007,0003,0006,F046151,N/D - H240016000,320219,4510017,4508921,"trans-1,3-dicloropropè"
after_2007,0003,0006,F046151,N/D - H240016000,320219,4510017,4508922,"1,1,2,2-tetracloroetà"
after_2007,0003,0006,F046151,N/D - H240016000,320219,4510017,4508923,"1,3,5-triclorobenzè"
after_2007,0003,0006,F046151,N/D - H240016000,320219,4510017,4508924,Heptaclor
after_2007,0003,0006,F046151,N/D - H240016000,320219,4510017,4508925,Aldrín
after_2007,0003,0006,F046151,N/D - H240016000,320219,4510017,4508926,Isodrín
after_2007,0003,0006,F046151,N/D - H240016000,320219,4510017,4508927,Epòxid d'heptaclor B
after_2007,0003,0006,F046151,N/D - H240016000,320219,4510017,4508928,Endosulfan I
after_2007,0003,0006,F046151,N/D - H240016000,320219,4510017,4508929,Dieldrín
after_2007,0003,0006,F046151,N/D - H240016000,320219,4510017,4508930,Endrín
after_2007,0003,0006,F046151,N/D - H240016000,320219,4510017,4508931,"4,4'-DDE"
after_2007,0003,0006,F046151,N/D - H240016000,320219,4510017,4508932,Endosulfan II
after_2007,0003,0006,F046151,N/D - H240016000,320219,4510017,4508933,"4,4'-DDD"
after_2007,0003,0006,F046151,N/D - H240016000,320219,4510017,4508934,Sulfat d'endosulfan
after_2007,0003,0006,F046151,N/D - H240016000,320219,4510017,4508935,"4,4'-DDT"
after_2007,0003,0006,F046151,N/D - H240016000,320219,4510017,4508936,Triclorofluorometà
after_2007,0003,0006,F046151,N/D - H240016000,320219,4510017,4508937,"1,3-diclorobenzè"
after_2007,0003,0006,F046151,N/D - H240016000,320219,4510017,4508938,Naftalè
after_2007,0003,0006,F046151,N/D - H240016000,320219,4510017,4508940,Diazinon
after_2007,0003,0006,F046151,N/D - H240016000,320219,4510017,4508941,Paration de Metil
after_2007,0003,0006,F046151,N/D - H240016000,320219,4510017,4508942,Fenitrotion
after_2007,0003,0006,F046151,N/D - H240016000,320219,4510017,4508943,Malation
after_2007,0003,0006,F046151,N/D - H240016000,320219,4510017,4508944,Clorpirifòs
after_2007,0003,0006,F046151,N/D - H240016000,320219,4510017,4508945,Paration
after_2007,0003,0006,F046151,N/D - H240016000,320219,4510017,4508946,Clorfenvinfòs (suma d'isòmers)
after_2007,0003,0006,F046151,N/D - H240016000,320219,4510017,4508947,Etion
after_2007,0003,0006,F046151,N/D - H240016000,320219,4510017,4508948,Azinfòs d'Etil
after_2007,0003,0006,F046151,N/D - H240016000,320219,4510017,4508949,Simazina
after_2007,0003,0006,F046151,N/D - H240016000,320219,4510017,4508950,Atrazina
after_2007,0003,0006,F046151,N/D - H240016000,320219,4510017,4508951,Propazina
after_2007,0003,0006,F046151,N/D - H240016000,320219,4510017,4508952,Terbutrina
after_2007,0003,0006,F046151,N/D - H240016000,320219,4510017,4508953,Antracè
after_2007,0003,0006,F046151,N/D - H240016000,320219,4510017,4508954,Fluorantè
after_2007,0003,0006,F046151,N/D - H240016000,320219,4510017,4508955,Benzo(b)fluorantè
after_2007,0003,0006,F046151,N/D - H240016000,320219,4510017,4508956,Benzo(k)fluorantè
after_2007,0003,0006,F046151,N/D - H240016000,320219,4510017,4508957,Benzo(a)pirè
after_2007,0003,0006,F046151,N/D - H240016000,320219,4510017,4508958,"Indeno(1,2,3-cd)pirè"
after_2007,0003,0006,F046151,N/D - H240016000,320219,4510017,4508959,Benzo(ghi)perilè
after_2007,0003,0006,F046151,N/D - H240016000,320219,4510017,4508960,Desetilatrazina
after_2007,0003,0006,F046151,N/D - H240016000,320219,4510017,4508961,Suma d'al-diel-iso-endrín
after_2007,0003,0006,F046151,N/D - H240016000,320219,4510017,4508962,Trifluralina
after_2007,0003,0006,F046151,N/D - H240016000,320219,4510017,4508963,Molinat
after_2007,0003,0006,F046151,N/D - H240016000,320219,4510017,4508964,Terbutilazina
after_2007,0003,0006,F046151,N/D - H240016000,320219,4510017,4508965,Alaclor
after_2007,0003,0006,F046151,N/D - H240016000,320219,4510017,4508966,Pentaclorobenzè
after_2007,0003,0006,F046151,N/D - H240016000,320219,4510017,4508967,tert-Octilfenol
after_2007,0003,0006,F046151,N/D - H240016000,320219,4510017,4508968,"2,4'-DDT"
after_2007,0003,0006,F046151,N/D - H240016000,320219,4510017,4508969,"2,4'-DDE"
after_2007,0003,0006,F046151,N/D - H240016000,320219,4510017,4508970,"2,4'-DDD"
after_2007,0003,0006,F046151,N/D - H240016000,320219,4510017,4508971,Metolaclor
after_2007,0003,0006,F046151,N/D - H240016000,320219,4510017,4508972,Epòxid d'heptaclor A
after_2007,0003,0006,F046151,N/D - H240016000,320219,4510017,4508973,Cianazina
after_2007,0003,0006,F046151,N/D - H240016000,320219,4510017,4508974,Diuron
after_2007,0003,0006,F046151,N/D - H240016000,320219,4510017,4508975,Isoproturon
after_2007,0003,0006,F046151,N/D - H240016000,320219,4510017,4508976,Linuron
after_2007,0003,0006,F046151,N/D - H240016000,320219,4510017,4508977,Bentazona
after_2007,0003,0006,F046151,N/D - H240016000,320219,4510017,4508978,BDE-47
after_2007,0003,0006,F046151,N/D - H240016000,320219,4510017,4508979,BDE-99
after_2007,0003,0006,F046151,N/D - H240016000,320219,4510017,4508980,BDE-100
after_2007,0003,0006,F046151,N/D - H240016000,320219,4510017,4508981,Cetona d'endrín
after_2007,0003,0006,F046151,N/D - H240016000,320219,4510017,4508982,BDE-28
after_2007,0003,0006,F046151,N/D - H240016000,320219,4510017,4508983,BDE-153
after_2007,0003,0006,F046151,N/D - H240016000,320219,4510017,4508984,BDE-154
after_2007,0003,0006,F046151,N/D - H240016000,320219,4510017,4508985,Suma de PAH1
after_2007,0003,0006,F046151,N/D - H240016000,320219,4510017,4508986,Suma de PAH2
after_2007,0003,0006,F046151,N/D - H240016000,320219,4510017,4508987,Suma de DDT
after_2007,0003,0006,F046151,N/D - H240016000,320219,4510017,4508988,Bor
after_2007,0003,0006,F046151,N/D - H240016000,320219,4510017,4508989,Bari
after_2007,0003,0006,F046151,N/D - H240016000,320219,4510017,4508990,Crom
after_2007,0003,0006,F046151,N/D - H240016000,320219,4510017,4508991,Plom
after_2007,0003,0006,F046151,N/D - H240016000,320219,4510017,4508992,Zinc
after_2007,0003,0006,F046151,N/D - H240016000,320219,4510017,4508993,Cadmi
after_2007,0003,0006,F046151,N/D - H240016000,320219,4510017,4508994,Coure
after_2007,0003,0006,F046151,N/D - H240016000,320219,4510017,4508995,Ferro
after_2007,0003,0006,F046151,N/D - H240016000,320219,4510017,4508996,Cobalt
after_2007,0003,0006,F046151,N/D - H240016000,320219,4510017,4508997,Níquel
after_2007,0003,0006,F046151,N/D - H240016000,320219,4510017,4508998,Seleni
after_2007,0003,0006,F046151,N/D - H240016000,320219,4510017,4508999,Vanadi
after_2007,0003,0006,F046151,N/D - H240016000,320219,4510017,4509000,Alumini
after_2007,0003,0006,F046151,N/D - H240016000,320219,4510017,4509001,Arsènic
after_2007,0003,0006,F046151,N/D - H240016000,320219,4510017,4509002,Mercuri
after_2007,0003,0006,F046151,N/D - H240016000,320219,4510017,4509003,Molibdè
after_2007,0003,0006,F046151,N/D - H240016000,320219,4510017,4509004,Antimoni
after_2007,0003,0006,F046151,N/D - H240016000,320219,4510017,4509005,Beril·li
after_2007,0003,0006,F046151,N/D - H240016000,320219,4510017,4509006,Estronci
after_2007,0003,0006,F046151,N/D - H240016000,320219,4510017,4509007,Manganès
after_2007,0003,0006,F046151,N/D - H240016000,320219,4510017,4509008,Quinoxifèn
after_2007,0003,0006,F046151,N/D - H240016000,320219,4510017,4509009,Aclonifèn
after_2007,0003,0006,F046151,N/D - H240016000,320219,4510017,4509010,Bifenox
after_2007,0003,0006,F046151,N/D - H240016000,320219,4510017,4509011,Cibutrina
after_2007,0003,0006,F046151,N/D - H240016000,320219,4510017,4509012,4-n-nonilfenol
after_2007,0003,0006,F046151,N/D - H240016000,320219,4510017,4509026,Clortoluron
