period,network,subnetwork,station,station_name,x,y,variable_id,variable_name
before_2007,0004,0009,F010186,Badia de El Port de la Selva - MITC101000020 - PDS02,516067,4688024,4541505,NPEO(e=0) (en sediment)
before_2007,0004,0009,F010186,Badia de El Port de la Selva - MITC101000020 - PDS02,516067,4688024,4541509,Antracè (en sediment)
before_2007,0004,0009,F010186,Badia de El Port de la Selva - MITC101000020 - PDS02,516067,4688024,4541510,Fluorantè (en sediment)
before_2007,0004,0009,F010186,Badia de El Port de la Selva - MITC101000020 - PDS02,516067,4688024,4541512,Benzo(b)fluorantè (en sediment)
before_2007,0004,0009,F010186,Badia de El Port de la Selva - MITC101000020 - PDS02,516067,4688024,4541513,Benzo(k)fluorantè (en sediment)
before_2007,0004,0009,F010186,Badia de El Port de la Selva - MITC101000020 - PDS02,516067,4688024,4541514,Benzo(a)pirè (en sediment)
before_2007,0004,0009,F010186,Badia de El Port de la Selva - MITC101000020 - PDS02,516067,4688024,4541515,Benzo(ghi)perilè (en sediment)
before_2007,0004,0009,F010186,Badia de El Port de la Selva - MITC101000020 - PDS02,516067,4688024,4541516,"Indeno(1,2,3-cd)pirè (en sediment)"
before_2007,0004,0009,F010186,Badia de El Port de la Selva - MITC101000020 - PDS02,516067,4688024,4541517,Acenaftè (en sediment)
before_2007,0004,0009,F010186,Badia de El Port de la Selva - MITC101000020 - PDS02,516067,4688024,4541518,Acenaftilè (en sediment)
before_2007,0004,0009,F010186,Badia de El Port de la Selva - MITC101000020 - PDS02,516067,4688024,4541519,Benzo(a)antracè (en sediment)
before_2007,0004,0009,F010186,Badia de El Port de la Selva - MITC101000020 - PDS02,516067,4688024,4541520,Crisè (en sediment)
before_2007,0004,0009,F010186,Badia de El Port de la Selva - MITC101000020 - PDS02,516067,4688024,4541521,"Dibenzo(a,h)antracè (en sediment)"
before_2007,0004,0009,F010186,Badia de El Port de la Selva - MITC101000020 - PDS02,516067,4688024,4541522,Fenantrè (en sediment)
before_2007,0004,0009,F010186,Badia de El Port de la Selva - MITC101000020 - PDS02,516067,4688024,4541523,Fluorè (en sediment)
before_2007,0004,0009,F010186,Badia de El Port de la Selva - MITC101000020 - PDS02,516067,4688024,4541524,Pirè (en sediment)
before_2007,0004,0009,F010186,Badia de El Port de la Selva - MITC101000020 - PDS02,516067,4688024,4541525,Suma de PAH1 (en sediment)
before_2007,0004,0009,F010186,Badia de El Port de la Selva - MITC101000020 - PDS02,516067,4688024,4541526,Suma de PAH2 (en sediments)
before_2007,0004,0009,F010186,Badia de El Port de la Selva - MITC101000020 - PDS02,516067,4688024,4541528,BDE-47 (en sediment)
before_2007,0004,0009,F010186,Badia de El Port de la Selva - MITC101000020 - PDS02,516067,4688024,4541529,BDE-99 (en sediment)
before_2007,0004,0009,F010186,Badia de El Port de la Selva - MITC101000020 - PDS02,516067,4688024,4541530,BDE-100 (en sediment)
before_2007,0004,0009,F010186,Badia de El Port de la Selva - MITC101000020 - PDS02,516067,4688024,4541531,BDE-153 (en sediment)
before_2007,0004,0009,F010186,Badia de El Port de la Selva - MITC101000020 - PDS02,516067,4688024,4541532,BDE-154 (en sediment)
before_2007,0004,0009,F010186,Badia de El Port de la Selva - MITC101000020 - PDS02,516067,4688024,4541535,BDE-209 (en sediment)
before_2007,0004,0009,F010186,Badia de El Port de la Selva - MITC101000020 - PDS02,516067,4688024,4541536,Suma de BDE (en sediment)
before_2007,0004,0009,F010186,Badia de El Port de la Selva - MITC101000020 - PDS02,516067,4688024,4541540,PCB-28 (en sediment)
before_2007,0004,0009,F010186,Badia de El Port de la Selva - MITC101000020 - PDS02,516067,4688024,4541541,PCB-52 (en sediment)
before_2007,0004,0009,F010186,Badia de El Port de la Selva - MITC101000020 - PDS02,516067,4688024,4541542,PCB-101 (en sediment)
before_2007,0004,0009,F010186,Badia de El Port de la Selva - MITC101000020 - PDS02,516067,4688024,4541543,PCB-118 (en sediment)
before_2007,0004,0009,F010186,Badia de El Port de la Selva - MITC101000020 - PDS02,516067,4688024,4541544,PCB-138 (en sediment)
before_2007,0004,0009,F010186,Badia de El Port de la Selva - MITC101000020 - PDS02,516067,4688024,4541545,PCB-153 (en sediment)
before_2007,0004,0009,F010186,Badia de El Port de la Selva - MITC101000020 - PDS02,516067,4688024,4541546,PCB-180 (en sediment)
before_2007,0004,0009,F010186,Badia de El Port de la Selva - MITC101000020 - PDS02,516067,4688024,4541547,Suma PCBs (BCR) (en sediment)
before_2007,0004,0009,F010186,Badia de El Port de la Selva - MITC101000020 - PDS02,516067,4688024,4541548,Aldrín (en sediment)
before_2007,0004,0009,F010186,Badia de El Port de la Selva - MITC101000020 - PDS02,516067,4688024,4541549,Dieldrín (en sediment)
before_2007,0004,0009,F010186,Badia de El Port de la Selva - MITC101000020 - PDS02,516067,4688024,4541550,Endrín (en sediment)
before_2007,0004,0009,F010186,Badia de El Port de la Selva - MITC101000020 - PDS02,516067,4688024,4541551,Isodrín (en sediment)
before_2007,0004,0009,F010186,Badia de El Port de la Selva - MITC101000020 - PDS02,516067,4688024,4541552,Suma d'al-diel-iso-endrín (en sediment)
before_2007,0004,0009,F010186,Badia de El Port de la Selva - MITC101000020 - PDS02,516067,4688024,4541553,"2,4'-DDE (en sediment)"
before_2007,0004,0009,F010186,Badia de El Port de la Selva - MITC101000020 - PDS02,516067,4688024,4541554,"4,4'-DDE (en sediment)"
before_2007,0004,0009,F010186,Badia de El Port de la Selva - MITC101000020 - PDS02,516067,4688024,4541555,"2,4'-DDD (en sediment)"
before_2007,0004,0009,F010186,Badia de El Port de la Selva - MITC101000020 - PDS02,516067,4688024,4541556,"4,4'-DDD (en sediment)"
before_2007,0004,0009,F010186,Badia de El Port de la Selva - MITC101000020 - PDS02,516067,4688024,4541557,"2,4'-DDT (en sediment)"
before_2007,0004,0009,F010186,Badia de El Port de la Selva - MITC101000020 - PDS02,516067,4688024,4541558,"4,4'-DDT (en sediment)"
before_2007,0004,0009,F010186,Badia de El Port de la Selva - MITC101000020 - PDS02,516067,4688024,4541559,Suma de DDT (en sediment)
before_2007,0004,0009,F010186,Badia de El Port de la Selva - MITC101000020 - PDS02,516067,4688024,4541560,Hexaclorobenzè (en sediment)
before_2007,0004,0009,F010186,Badia de El Port de la Selva - MITC101000020 - PDS02,516067,4688024,4541561,Hexaclorobutadiè (en sediment)
before_2007,0004,0009,F010186,Badia de El Port de la Selva - MITC101000020 - PDS02,516067,4688024,4541562,a-Hexaclorociclohexà (en sediment)
before_2007,0004,0009,F010186,Badia de El Port de la Selva - MITC101000020 - PDS02,516067,4688024,4541563,b-Hexaclorociclohexà (en sediment)
before_2007,0004,0009,F010186,Badia de El Port de la Selva - MITC101000020 - PDS02,516067,4688024,4541564,Lindà(g-Hexaclorociclohexà) (en sediment)
before_2007,0004,0009,F010186,Badia de El Port de la Selva - MITC101000020 - PDS02,516067,4688024,4541565,Hexaclorociclohexà (en sediment)
before_2007,0004,0009,F012068,Badia de El Port de la Selva - PDS01,51618200,468766500,4641901,NPEO(e=0) (en sediment)
before_2007,0004,0009,F012068,Badia de El Port de la Selva - PDS01,51618200,468766500,4641902,Acenaftè (en sediment)
before_2007,0004,0009,F012068,Badia de El Port de la Selva - PDS01,51618200,468766500,4641903,Fluorè (en sediment)
before_2007,0004,0009,F012068,Badia de El Port de la Selva - PDS01,51618200,468766500,4641904,Acenaftilè (en sediment)
before_2007,0004,0009,F012068,Badia de El Port de la Selva - PDS01,51618200,468766500,4641905,Fenantrè (en sediment)
before_2007,0004,0009,F012068,Badia de El Port de la Selva - PDS01,51618200,468766500,4641906,Antracè (en sediment)
before_2007,0004,0009,F012068,Badia de El Port de la Selva - PDS01,51618200,468766500,4641907,Fluorantè (en sediment)
before_2007,0004,0009,F012068,Badia de El Port de la Selva - PDS01,51618200,468766500,4641908,Pirè (en sediment)
before_2007,0004,0009,F012068,Badia de El Port de la Selva - PDS01,51618200,468766500,4641909,Benzo(a)antracè (en sediment)
before_2007,0004,0009,F012068,Badia de El Port de la Selva - PDS01,51618200,468766500,4641910,Crisè (en sediment)
before_2007,0004,0009,F012068,Badia de El Port de la Selva - PDS01,51618200,468766500,4641911,Benzo(b)fluorantè (en sediment)
before_2007,0004,0009,F012068,Badia de El Port de la Selva - PDS01,51618200,468766500,4641912,Benzo(k)fluorantè (en sediment)
before_2007,0004,0009,F012068,Badia de El Port de la Selva - PDS01,51618200,468766500,4641913,Benzo(a)pirè (en sediment)
before_2007,0004,0009,F012068,Badia de El Port de la Selva - PDS01,51618200,468766500,4641914,"Indeno(1,2,3-cd)pirè (en sediment)"
before_2007,0004,0009,F012068,Badia de El Port de la Selva - PDS01,51618200,468766500,4641915,Benzo(ghi)perilè (en sediment)
before_2007,0004,0009,F012068,Badia de El Port de la Selva - PDS01,51618200,468766500,4641916,"Dibenzo(a,h)antracè (en sediment)"
before_2007,0004,0009,F012068,Badia de El Port de la Selva - PDS01,51618200,468766500,4641917,Suma de PAH1 (en sediment)
before_2007,0004,0009,F012068,Badia de El Port de la Selva - PDS01,51618200,468766500,4641918,Suma de PAH2 (en sediments)
before_2007,0004,0009,F012068,Badia de El Port de la Selva - PDS01,51618200,468766500,4641919,a-Hexaclorociclohexà (en sediment)
before_2007,0004,0009,F012068,Badia de El Port de la Selva - PDS01,51618200,468766500,4641920,b-Hexaclorociclohexà (en sediment)
before_2007,0004,0009,F012068,Badia de El Port de la Selva - PDS01,51618200,468766500,4641921,Lindà(g-Hexaclorociclohexà) (en sediment)
before_2007,0004,0009,F012068,Badia de El Port de la Selva - PDS01,51618200,468766500,4641922,Hexaclorociclohexà (en sediment)
before_2007,0004,0009,F012068,Badia de El Port de la Selva - PDS01,51618200,468766500,4641923,Hexaclorobutadiè (en sediment)
before_2007,0004,0009,F012068,Badia de El Port de la Selva - PDS01,51618200,468766500,4641924,Hexaclorobenzè (en sediment)
before_2007,0004,0009,F012068,Badia de El Port de la Selva - PDS01,51618200,468766500,4641925,Aldrín (en sediment)
before_2007,0004,0009,F012068,Badia de El Port de la Selva - PDS01,51618200,468766500,4641926,Isodrín (en sediment)
before_2007,0004,0009,F012068,Badia de El Port de la Selva - PDS01,51618200,468766500,4641927,Dieldrín (en sediment)
before_2007,0004,0009,F012068,Badia de El Port de la Selva - PDS01,51618200,468766500,4641928,Endrín (en sediment)
before_2007,0004,0009,F012068,Badia de El Port de la Selva - PDS01,51618200,468766500,4641929,Suma d'al-diel-iso-endrín (en sediment)
before_2007,0004,0009,F012068,Badia de El Port de la Selva - PDS01,51618200,468766500,4641930,"2,4'-DDE (en sediment)"
before_2007,0004,0009,F012068,Badia de El Port de la Selva - PDS01,51618200,468766500,4641931,"4,4'-DDE (en sediment)"
before_2007,0004,0009,F012068,Badia de El Port de la Selva - PDS01,51618200,468766500,4641932,"2,4'-DDD (en sediment)"
before_2007,0004,0009,F012068,Badia de El Port de la Selva - PDS01,51618200,468766500,4641933,"4,4'-DDD (en sediment)"
before_2007,0004,0009,F012068,Badia de El Port de la Selva - PDS01,51618200,468766500,4641934,"2,4'-DDT (en sediment)"
before_2007,0004,0009,F012068,Badia de El Port de la Selva - PDS01,51618200,468766500,4641935,"4,4'-DDT (en sediment)"
before_2007,0004,0009,F012068,Badia de El Port de la Selva - PDS01,51618200,468766500,4641936,Suma de DDT (en sediment)
before_2007,0004,0009,F012068,Badia de El Port de la Selva - PDS01,51618200,468766500,4641937,BDE-47 (en sediment)
before_2007,0004,0009,F012068,Badia de El Port de la Selva - PDS01,51618200,468766500,4641938,BDE-99 (en sediment)
before_2007,0004,0009,F012068,Badia de El Port de la Selva - PDS01,51618200,468766500,4641939,BDE-100 (en sediment)
before_2007,0004,0009,F012068,Badia de El Port de la Selva - PDS01,51618200,468766500,4641940,BDE-153 (en sediment)
before_2007,0004,0009,F012068,Badia de El Port de la Selva - PDS01,51618200,468766500,4641941,BDE-154 (en sediment)
before_2007,0004,0009,F012068,Badia de El Port de la Selva - PDS01,51618200,468766500,4641942,BDE-209 (en sediment)
before_2007,0004,0009,F012068,Badia de El Port de la Selva - PDS01,51618200,468766500,4641943,Suma de BDE (en sediment)
before_2007,0004,0009,F012068,Badia de El Port de la Selva - PDS01,51618200,468766500,4641944,PCB-28 (en sediment)
before_2007,0004,0009,F012068,Badia de El Port de la Selva - PDS01,51618200,468766500,4641945,PCB-52 (en sediment)
before_2007,0004,0009,F012068,Badia de El Port de la Selva - PDS01,51618200,468766500,4641946,PCB-101 (en sediment)
before_2007,0004,0009,F012068,Badia de El Port de la Selva - PDS01,51618200,468766500,4641947,PCB-138 (en sediment)
before_2007,0004,0009,F012068,Badia de El Port de la Selva - PDS01,51618200,468766500,4641948,PCB-153 (en sediment)
before_2007,0004,0009,F012068,Badia de El Port de la Selva - PDS01,51618200,468766500,4641949,PCB-180 (en sediment)
before_2007,0004,0009,F012068,Badia de El Port de la Selva - PDS01,51618200,468766500,4641950,Suma PCBs (BCR) (en sediment)
before_2007,0004,0009,F012068,Badia de El Port de la Selva - PDS01,51618200,468766500,4641951,PCB-118 (en sediment)
before_2007,0004,0009,F012070,Badia de El Port de la Selva - PDS03,516097,4688445,4641850,NPEO(e=0) (en sediment)
before_2007,0004,0009,F012070,Badia de El Port de la Selva - PDS03,516097,4688445,4641851,Acenaftè (en sediment)
before_2007,0004,0009,F012070,Badia de El Port de la Selva - PDS03,516097,4688445,4641852,Fluorè (en sediment)
before_2007,0004,0009,F012070,Badia de El Port de la Selva - PDS03,516097,4688445,4641853,Acenaftilè (en sediment)
before_2007,0004,0009,F012070,Badia de El Port de la Selva - PDS03,516097,4688445,4641854,Fenantrè (en sediment)
before_2007,0004,0009,F012070,Badia de El Port de la Selva - PDS03,516097,4688445,4641855,Antracè (en sediment)
before_2007,0004,0009,F012070,Badia de El Port de la Selva - PDS03,516097,4688445,4641856,Fluorantè (en sediment)
before_2007,0004,0009,F012070,Badia de El Port de la Selva - PDS03,516097,4688445,4641857,Pirè (en sediment)
before_2007,0004,0009,F012070,Badia de El Port de la Selva - PDS03,516097,4688445,4641858,Benzo(a)antracè (en sediment)
before_2007,0004,0009,F012070,Badia de El Port de la Selva - PDS03,516097,4688445,4641859,Crisè (en sediment)
before_2007,0004,0009,F012070,Badia de El Port de la Selva - PDS03,516097,4688445,4641860,Benzo(b)fluorantè (en sediment)
before_2007,0004,0009,F012070,Badia de El Port de la Selva - PDS03,516097,4688445,4641861,Benzo(k)fluorantè (en sediment)
before_2007,0004,0009,F012070,Badia de El Port de la Selva - PDS03,516097,4688445,4641862,Benzo(a)pirè (en sediment)
before_2007,0004,0009,F012070,Badia de El Port de la Selva - PDS03,516097,4688445,4641863,"Indeno(1,2,3-cd)pirè (en sediment)"
before_2007,0004,0009,F012070,Badia de El Port de la Selva - PDS03,516097,4688445,4641864,Benzo(ghi)perilè (en sediment)
before_2007,0004,0009,F012070,Badia de El Port de la Selva - PDS03,516097,4688445,4641865,"Dibenzo(a,h)antracè (en sediment)"
before_2007,0004,0009,F012070,Badia de El Port de la Selva - PDS03,516097,4688445,4641866,Suma de PAH1 (en sediment)
before_2007,0004,0009,F012070,Badia de El Port de la Selva - PDS03,516097,4688445,4641867,Suma de PAH2 (en sediments)
before_2007,0004,0009,F012070,Badia de El Port de la Selva - PDS03,516097,4688445,4641868,a-Hexaclorociclohexà (en sediment)
before_2007,0004,0009,F012070,Badia de El Port de la Selva - PDS03,516097,4688445,4641869,b-Hexaclorociclohexà (en sediment)
before_2007,0004,0009,F012070,Badia de El Port de la Selva - PDS03,516097,4688445,4641870,Lindà(g-Hexaclorociclohexà) (en sediment)
before_2007,0004,0009,F012070,Badia de El Port de la Selva - PDS03,516097,4688445,4641871,Hexaclorociclohexà (en sediment)
before_2007,0004,0009,F012070,Badia de El Port de la Selva - PDS03,516097,4688445,4641872,Hexaclorobutadiè (en sediment)
before_2007,0004,0009,F012070,Badia de El Port de la Selva - PDS03,516097,4688445,4641873,Hexaclorobenzè (en sediment)
before_2007,0004,0009,F012070,Badia de El Port de la Selva - PDS03,516097,4688445,4641874,Aldrín (en sediment)
before_2007,0004,0009,F012070,Badia de El Port de la Selva - PDS03,516097,4688445,4641875,Isodrín (en sediment)
before_2007,0004,0009,F012070,Badia de El Port de la Selva - PDS03,516097,4688445,4641876,Dieldrín (en sediment)
before_2007,0004,0009,F012070,Badia de El Port de la Selva - PDS03,516097,4688445,4641877,Endrín (en sediment)
before_2007,0004,0009,F012070,Badia de El Port de la Selva - PDS03,516097,4688445,4641878,Suma d'al-diel-iso-endrín (en sediment)
before_2007,0004,0009,F012070,Badia de El Port de la Selva - PDS03,516097,4688445,4641879,"2,4'-DDE (en sediment)"
before_2007,0004,0009,F012070,Badia de El Port de la Selva - PDS03,516097,4688445,4641880,"4,4'-DDE (en sediment)"
before_2007,0004,0009,F012070,Badia de El Port de la Selva - PDS03,516097,4688445,4641881,"2,4'-DDD (en sediment)"
before_2007,0004,0009,F012070,Badia de El Port de la Selva - PDS03,516097,4688445,4641882,"4,4'-DDD (en sediment)"
before_2007,0004,0009,F012070,Badia de El Port de la Selva - PDS03,516097,4688445,4641883,"2,4'-DDT (en sediment)"
before_2007,0004,0009,F012070,Badia de El Port de la Selva - PDS03,516097,4688445,4641884,"4,4'-DDT (en sediment)"
before_2007,0004,0009,F012070,Badia de El Port de la Selva - PDS03,516097,4688445,4641885,Suma de DDT (en sediment)
before_2007,0004,0009,F012070,Badia de El Port de la Selva - PDS03,516097,4688445,4641886,BDE-47 (en sediment)
before_2007,0004,0009,F012070,Badia de El Port de la Selva - PDS03,516097,4688445,4641887,BDE-99 (en sediment)
before_2007,0004,0009,F012070,Badia de El Port de la Selva - PDS03,516097,4688445,4641888,BDE-100 (en sediment)
before_2007,0004,0009,F012070,Badia de El Port de la Selva - PDS03,516097,4688445,4641889,BDE-153 (en sediment)
before_2007,0004,0009,F012070,Badia de El Port de la Selva - PDS03,516097,4688445,4641890,BDE-154 (en sediment)
before_2007,0004,0009,F012070,Badia de El Port de la Selva - PDS03,516097,4688445,4641891,BDE-209 (en sediment)
before_2007,0004,0009,F012070,Badia de El Port de la Selva - PDS03,516097,4688445,4641892,Suma de BDE (en sediment)
before_2007,0004,0009,F012070,Badia de El Port de la Selva - PDS03,516097,4688445,4641893,PCB-28 (en sediment)
before_2007,0004,0009,F012070,Badia de El Port de la Selva - PDS03,516097,4688445,4641894,PCB-52 (en sediment)
before_2007,0004,0009,F012070,Badia de El Port de la Selva - PDS03,516097,4688445,4641895,PCB-101 (en sediment)
before_2007,0004,0009,F012070,Badia de El Port de la Selva - PDS03,516097,4688445,4641896,PCB-138 (en sediment)
before_2007,0004,0009,F012070,Badia de El Port de la Selva - PDS03,516097,4688445,4641897,PCB-153 (en sediment)
before_2007,0004,0009,F012070,Badia de El Port de la Selva - PDS03,516097,4688445,4641898,PCB-180 (en sediment)
before_2007,0004,0009,F012070,Badia de El Port de la Selva - PDS03,516097,4688445,4641899,Suma PCBs (BCR) (en sediment)
before_2007,0004,0009,F012070,Badia de El Port de la Selva - PDS03,516097,4688445,4641900,PCB-118 (en sediment)
before_2007,0004,0009,F012072,Canyelles - CRO01,516007,4676776,4610263,"2,4'-DDD (en sediment)"
before_2007,0004,0009,F012072,Canyelles - CRO01,516007,4676776,4610489,"2,4'-DDE (en sediment)"
before_2007,0004,0009,F012072,Canyelles - CRO01,516007,4676776,4610715,"2,4'-DDT (en sediment)"
before_2007,0004,0009,F012072,Canyelles - CRO01,516007,4676776,4610941,"4,4'-DDD (en sediment)"
before_2007,0004,0009,F012072,Canyelles - CRO01,516007,4676776,4611167,"4,4'-DDE (en sediment)"
before_2007,0004,0009,F012072,Canyelles - CRO01,516007,4676776,4611393,"4,4'-DDT (en sediment)"
before_2007,0004,0009,F012072,Canyelles - CRO01,516007,4676776,4612749,Acenaftè (en sediment)
before_2007,0004,0009,F012072,Canyelles - CRO01,516007,4676776,4612975,Acenaftilè (en sediment)
before_2007,0004,0009,F012072,Canyelles - CRO01,516007,4676776,4613201,a-Hexaclorociclohexà (en sediment)
before_2007,0004,0009,F012072,Canyelles - CRO01,516007,4676776,4613427,Aldrín (en sediment)
before_2007,0004,0009,F012072,Canyelles - CRO01,516007,4676776,4613879,Antracè (en sediment)
before_2007,0004,0009,F012072,Canyelles - CRO01,516007,4676776,4614331,BDE-100 (en sediment)
before_2007,0004,0009,F012072,Canyelles - CRO01,516007,4676776,4614557,BDE-153 (en sediment)
before_2007,0004,0009,F012072,Canyelles - CRO01,516007,4676776,4614783,BDE-154 (en sediment)
before_2007,0004,0009,F012072,Canyelles - CRO01,516007,4676776,4615482,BDE-209 (en sediment)
before_2007,0004,0009,F012072,Canyelles - CRO01,516007,4676776,4615932,BDE-47 (en sediment)
before_2007,0004,0009,F012072,Canyelles - CRO01,516007,4676776,4616157,BDE-99 (en sediment)
before_2007,0004,0009,F012072,Canyelles - CRO01,516007,4676776,4616450,Benzo(a)antracè (en sediment)
before_2007,0004,0009,F012072,Canyelles - CRO01,516007,4676776,4616675,Benzo(a)pirè (en sediment)
before_2007,0004,0009,F012072,Canyelles - CRO01,516007,4676776,4616900,Benzo(b)fluorantè (en sediment)
before_2007,0004,0009,F012072,Canyelles - CRO01,516007,4676776,4617125,Benzo(ghi)perilè (en sediment)
before_2007,0004,0009,F012072,Canyelles - CRO01,516007,4676776,4617350,Benzo(k)fluorantè (en sediment)
before_2007,0004,0009,F012072,Canyelles - CRO01,516007,4676776,4617576,b-Hexaclorociclohexà (en sediment)
before_2007,0004,0009,F012072,Canyelles - CRO01,516007,4676776,4619377,Crisè (en sediment)
before_2007,0004,0009,F012072,Canyelles - CRO01,516007,4676776,4620053,"Dibenzo(a,h)antracè (en sediment)"
before_2007,0004,0009,F012072,Canyelles - CRO01,516007,4676776,4620503,Dieldrín (en sediment)
before_2007,0004,0009,F012072,Canyelles - CRO01,516007,4676776,4620954,Endrín (en sediment)
before_2007,0004,0009,F012072,Canyelles - CRO01,516007,4676776,4621179,Fenantrè (en sediment)
before_2007,0004,0009,F012072,Canyelles - CRO01,516007,4676776,4621854,Fluorantè (en sediment)
before_2007,0004,0009,F012072,Canyelles - CRO01,516007,4676776,4622080,Fluorè (en sediment)
before_2007,0004,0009,F012072,Canyelles - CRO01,516007,4676776,4623206,Hexaclorobenzè (en sediment)
before_2007,0004,0009,F012072,Canyelles - CRO01,516007,4676776,4623431,Hexaclorobutadiè (en sediment)
before_2007,0004,0009,F012072,Canyelles - CRO01,516007,4676776,4623656,Hexaclorociclohexà (en sediment)
before_2007,0004,0009,F012072,Canyelles - CRO01,516007,4676776,4623881,"Indeno(1,2,3-cd)pirè (en sediment)"
before_2007,0004,0009,F012072,Canyelles - CRO01,516007,4676776,4624106,Isodrín (en sediment)
before_2007,0004,0009,F012072,Canyelles - CRO01,516007,4676776,4624332,Lindà(g-Hexaclorociclohexà) (en sediment)
before_2007,0004,0009,F012072,Canyelles - CRO01,516007,4676776,4625232,NPEO(e=0) (en sediment)
before_2007,0004,0009,F012072,Canyelles - CRO01,516007,4676776,4625689,PCB-101 (en sediment)
before_2007,0004,0009,F012072,Canyelles - CRO01,516007,4676776,4626364,PCB-118 (en sediment)
before_2007,0004,0009,F012072,Canyelles - CRO01,516007,4676776,4627040,PCB-138 (en sediment)
before_2007,0004,0009,F012072,Canyelles - CRO01,516007,4676776,4627265,PCB-153 (en sediment)
before_2007,0004,0009,F012072,Canyelles - CRO01,516007,4676776,4628616,PCB-180 (en sediment)
before_2007,0004,0009,F012072,Canyelles - CRO01,516007,4676776,4629067,PCB-28 (en sediment)
before_2007,0004,0009,F012072,Canyelles - CRO01,516007,4676776,4629292,PCB-52 (en sediment)
before_2007,0004,0009,F012072,Canyelles - CRO01,516007,4676776,4631319,Pirè (en sediment)
before_2007,0004,0009,F012072,Canyelles - CRO01,516007,4676776,4632445,Suma d'al-diel-iso-endrín (en sediment)
before_2007,0004,0009,F012072,Canyelles - CRO01,516007,4676776,4632670,Suma de BDE (en sediment)
before_2007,0004,0009,F012072,Canyelles - CRO01,516007,4676776,4632895,Suma de DDT (en sediment)
before_2007,0004,0009,F012072,Canyelles - CRO01,516007,4676776,4633120,Suma de PAH1 (en sediment)
before_2007,0004,0009,F012072,Canyelles - CRO01,516007,4676776,4633346,Suma de PAH2 (en sediments)
before_2007,0004,0009,F012072,Canyelles - CRO01,516007,4676776,4634246,Suma PCBs (BCR) (en sediment)
before_2007,0004,0009,F012161,Mataró - Montgat - MAS01,445527,4589595,4543377,NPEO(e=0) (en sediment)
before_2007,0004,0009,F012161,Mataró - Montgat - MAS01,445527,4589595,4543381,Antracè (en sediment)
before_2007,0004,0009,F012161,Mataró - Montgat - MAS01,445527,4589595,4543382,Fluorantè (en sediment)
before_2007,0004,0009,F012161,Mataró - Montgat - MAS01,445527,4589595,4543384,Benzo(b)fluorantè (en sediment)
before_2007,0004,0009,F012161,Mataró - Montgat - MAS01,445527,4589595,4543385,Benzo(k)fluorantè (en sediment)
before_2007,0004,0009,F012161,Mataró - Montgat - MAS01,445527,4589595,4543386,Benzo(a)pirè (en sediment)
before_2007,0004,0009,F012161,Mataró - Montgat - MAS01,445527,4589595,4543387,Benzo(ghi)perilè (en sediment)
before_2007,0004,0009,F012161,Mataró - Montgat - MAS01,445527,4589595,4543388,"Indeno(1,2,3-cd)pirè (en sediment)"
before_2007,0004,0009,F012161,Mataró - Montgat - MAS01,445527,4589595,4543389,Acenaftè (en sediment)
before_2007,0004,0009,F012161,Mataró - Montgat - MAS01,445527,4589595,4543390,Acenaftilè (en sediment)
before_2007,0004,0009,F012161,Mataró - Montgat - MAS01,445527,4589595,4543391,Benzo(a)antracè (en sediment)
before_2007,0004,0009,F012161,Mataró - Montgat - MAS01,445527,4589595,4543392,Crisè (en sediment)
before_2007,0004,0009,F012161,Mataró - Montgat - MAS01,445527,4589595,4543393,"Dibenzo(a,h)antracè (en sediment)"
before_2007,0004,0009,F012161,Mataró - Montgat - MAS01,445527,4589595,4543394,Fenantrè (en sediment)
before_2007,0004,0009,F012161,Mataró - Montgat - MAS01,445527,4589595,4543395,Fluorè (en sediment)
before_2007,0004,0009,F012161,Mataró - Montgat - MAS01,445527,4589595,4543396,Pirè (en sediment)
before_2007,0004,0009,F012161,Mataró - Montgat - MAS01,445527,4589595,4543397,Suma de PAH1 (en sediment)
before_2007,0004,0009,F012161,Mataró - Montgat - MAS01,445527,4589595,4543398,Suma de PAH2 (en sediments)
before_2007,0004,0009,F012161,Mataró - Montgat - MAS01,445527,4589595,4543400,BDE-47 (en sediment)
before_2007,0004,0009,F012161,Mataró - Montgat - MAS01,445527,4589595,4543401,BDE-99 (en sediment)
before_2007,0004,0009,F012161,Mataró - Montgat - MAS01,445527,4589595,4543402,BDE-100 (en sediment)
before_2007,0004,0009,F012161,Mataró - Montgat - MAS01,445527,4589595,4543403,BDE-153 (en sediment)
before_2007,0004,0009,F012161,Mataró - Montgat - MAS01,445527,4589595,4543404,BDE-154 (en sediment)
before_2007,0004,0009,F012161,Mataró - Montgat - MAS01,445527,4589595,4543407,BDE-209 (en sediment)
before_2007,0004,0009,F012161,Mataró - Montgat - MAS01,445527,4589595,4543408,Suma de BDE (en sediment)
before_2007,0004,0009,F012161,Mataró - Montgat - MAS01,445527,4589595,4543412,PCB-28 (en sediment)
before_2007,0004,0009,F012161,Mataró - Montgat - MAS01,445527,4589595,4543413,PCB-52 (en sediment)
before_2007,0004,0009,F012161,Mataró - Montgat - MAS01,445527,4589595,4543414,PCB-101 (en sediment)
before_2007,0004,0009,F012161,Mataró - Montgat - MAS01,445527,4589595,4543415,PCB-118 (en sediment)
before_2007,0004,0009,F012161,Mataró - Montgat - MAS01,445527,4589595,4543416,PCB-138 (en sediment)
before_2007,0004,0009,F012161,Mataró - Montgat - MAS01,445527,4589595,4543417,PCB-153 (en sediment)
before_2007,0004,0009,F012161,Mataró - Montgat - MAS01,445527,4589595,4543418,PCB-180 (en sediment)
before_2007,0004,0009,F012161,Mataró - Montgat - MAS01,445527,4589595,4543419,Suma PCBs (BCR) (en sediment)
before_2007,0004,0009,F012161,Mataró - Montgat - MAS01,445527,4589595,4543420,Aldrín (en sediment)
before_2007,0004,0009,F012161,Mataró - Montgat - MAS01,445527,4589595,4543421,Dieldrín (en sediment)
before_2007,0004,0009,F012161,Mataró - Montgat - MAS01,445527,4589595,4543422,Endrín (en sediment)
before_2007,0004,0009,F012161,Mataró - Montgat - MAS01,445527,4589595,4543423,Isodrín (en sediment)
before_2007,0004,0009,F012161,Mataró - Montgat - MAS01,445527,4589595,4543424,Suma d'al-diel-iso-endrín (en sediment)
before_2007,0004,0009,F012161,Mataró - Montgat - MAS01,445527,4589595,4543425,"2,4'-DDE (en sediment)"
before_2007,0004,0009,F012161,Mataró - Montgat - MAS01,445527,4589595,4543426,"4,4'-DDE (en sediment)"
before_2007,0004,0009,F012161,Mataró - Montgat - MAS01,445527,4589595,4543427,"2,4'-DDD (en sediment)"
before_2007,0004,0009,F012161,Mataró - Montgat - MAS01,445527,4589595,4543428,"4,4'-DDD (en sediment)"
before_2007,0004,0009,F012161,Mataró - Montgat - MAS01,445527,4589595,4543429,"2,4'-DDT (en sediment)"
before_2007,0004,0009,F012161,Mataró - Montgat - MAS01,445527,4589595,4543430,"4,4'-DDT (en sediment)"
before_2007,0004,0009,F012161,Mataró - Montgat - MAS01,445527,4589595,4543431,Suma de DDT (en sediment)
before_2007,0004,0009,F012161,Mataró - Montgat - MAS01,445527,4589595,4543432,Hexaclorobenzè (en sediment)
before_2007,0004,0009,F012161,Mataró - Montgat - MAS01,445527,4589595,4543433,Hexaclorobutadiè (en sediment)
before_2007,0004,0009,F012161,Mataró - Montgat - MAS01,445527,4589595,4543434,a-Hexaclorociclohexà (en sediment)
before_2007,0004,0009,F012161,Mataró - Montgat - MAS01,445527,4589595,4543435,b-Hexaclorociclohexà (en sediment)
before_2007,0004,0009,F012161,Mataró - Montgat - MAS01,445527,4589595,4543436,Lindà(g-Hexaclorociclohexà) (en sediment)
before_2007,0004,0009,F012161,Mataró - Montgat - MAS01,445527,4589595,4543437,Hexaclorociclohexà (en sediment)
before_2007,0004,0009,F012162,Mataró - Montgat - MAS02,444996,4590606,4610339,"2,4'-DDD (en sediment)"
before_2007,0004,0009,F012162,Mataró - Montgat - MAS02,444996,4590606,4610565,"2,4'-DDE (en sediment)"
before_2007,0004,0009,F012162,Mataró - Montgat - MAS02,444996,4590606,4610791,"2,4'-DDT (en sediment)"
before_2007,0004,0009,F012162,Mataró - Montgat - MAS02,444996,4590606,4611017,"4,4'-DDD (en sediment)"
before_2007,0004,0009,F012162,Mataró - Montgat - MAS02,444996,4590606,4611243,"4,4'-DDE (en sediment)"
before_2007,0004,0009,F012162,Mataró - Montgat - MAS02,444996,4590606,4611469,"4,4'-DDT (en sediment)"
before_2007,0004,0009,F012162,Mataró - Montgat - MAS02,444996,4590606,4612825,Acenaftè (en sediment)
before_2007,0004,0009,F012162,Mataró - Montgat - MAS02,444996,4590606,4613051,Acenaftilè (en sediment)
before_2007,0004,0009,F012162,Mataró - Montgat - MAS02,444996,4590606,4613277,a-Hexaclorociclohexà (en sediment)
before_2007,0004,0009,F012162,Mataró - Montgat - MAS02,444996,4590606,4613503,Aldrín (en sediment)
before_2007,0004,0009,F012162,Mataró - Montgat - MAS02,444996,4590606,4613955,Antracè (en sediment)
before_2007,0004,0009,F012162,Mataró - Montgat - MAS02,444996,4590606,4614407,BDE-100 (en sediment)
before_2007,0004,0009,F012162,Mataró - Montgat - MAS02,444996,4590606,4614633,BDE-153 (en sediment)
before_2007,0004,0009,F012162,Mataró - Montgat - MAS02,444996,4590606,4614859,BDE-154 (en sediment)
before_2007,0004,0009,F012162,Mataró - Montgat - MAS02,444996,4590606,4615558,BDE-209 (en sediment)
before_2007,0004,0009,F012162,Mataró - Montgat - MAS02,444996,4590606,4616008,BDE-47 (en sediment)
before_2007,0004,0009,F012162,Mataró - Montgat - MAS02,444996,4590606,4616233,BDE-99 (en sediment)
before_2007,0004,0009,F012162,Mataró - Montgat - MAS02,444996,4590606,4616526,Benzo(a)antracè (en sediment)
before_2007,0004,0009,F012162,Mataró - Montgat - MAS02,444996,4590606,4616751,Benzo(a)pirè (en sediment)
before_2007,0004,0009,F012162,Mataró - Montgat - MAS02,444996,4590606,4616976,Benzo(b)fluorantè (en sediment)
before_2007,0004,0009,F012162,Mataró - Montgat - MAS02,444996,4590606,4617201,Benzo(ghi)perilè (en sediment)
before_2007,0004,0009,F012162,Mataró - Montgat - MAS02,444996,4590606,4617426,Benzo(k)fluorantè (en sediment)
before_2007,0004,0009,F012162,Mataró - Montgat - MAS02,444996,4590606,4617652,b-Hexaclorociclohexà (en sediment)
before_2007,0004,0009,F012162,Mataró - Montgat - MAS02,444996,4590606,4619453,Crisè (en sediment)
before_2007,0004,0009,F012162,Mataró - Montgat - MAS02,444996,4590606,4620129,"Dibenzo(a,h)antracè (en sediment)"
before_2007,0004,0009,F012162,Mataró - Montgat - MAS02,444996,4590606,4620579,Dieldrín (en sediment)
before_2007,0004,0009,F012162,Mataró - Montgat - MAS02,444996,4590606,4621030,Endrín (en sediment)
before_2007,0004,0009,F012162,Mataró - Montgat - MAS02,444996,4590606,4621255,Fenantrè (en sediment)
before_2007,0004,0009,F012162,Mataró - Montgat - MAS02,444996,4590606,4621930,Fluorantè (en sediment)
before_2007,0004,0009,F012162,Mataró - Montgat - MAS02,444996,4590606,4622156,Fluorè (en sediment)
before_2007,0004,0009,F012162,Mataró - Montgat - MAS02,444996,4590606,4623282,Hexaclorobenzè (en sediment)
before_2007,0004,0009,F012162,Mataró - Montgat - MAS02,444996,4590606,4623507,Hexaclorobutadiè (en sediment)
before_2007,0004,0009,F012162,Mataró - Montgat - MAS02,444996,4590606,4623732,Hexaclorociclohexà (en sediment)
before_2007,0004,0009,F012162,Mataró - Montgat - MAS02,444996,4590606,4623957,"Indeno(1,2,3-cd)pirè (en sediment)"
before_2007,0004,0009,F012162,Mataró - Montgat - MAS02,444996,4590606,4624182,Isodrín (en sediment)
before_2007,0004,0009,F012162,Mataró - Montgat - MAS02,444996,4590606,4624408,Lindà(g-Hexaclorociclohexà) (en sediment)
before_2007,0004,0009,F012162,Mataró - Montgat - MAS02,444996,4590606,4625308,NPEO(e=0) (en sediment)
before_2007,0004,0009,F012162,Mataró - Montgat - MAS02,444996,4590606,4625765,PCB-101 (en sediment)
before_2007,0004,0009,F012162,Mataró - Montgat - MAS02,444996,4590606,4626440,PCB-118 (en sediment)
before_2007,0004,0009,F012162,Mataró - Montgat - MAS02,444996,4590606,4627116,PCB-138 (en sediment)
before_2007,0004,0009,F012162,Mataró - Montgat - MAS02,444996,4590606,4627341,PCB-153 (en sediment)
before_2007,0004,0009,F012162,Mataró - Montgat - MAS02,444996,4590606,4628692,PCB-180 (en sediment)
before_2007,0004,0009,F012162,Mataró - Montgat - MAS02,444996,4590606,4629143,PCB-28 (en sediment)
before_2007,0004,0009,F012162,Mataró - Montgat - MAS02,444996,4590606,4629368,PCB-52 (en sediment)
before_2007,0004,0009,F012162,Mataró - Montgat - MAS02,444996,4590606,4631395,Pirè (en sediment)
before_2007,0004,0009,F012162,Mataró - Montgat - MAS02,444996,4590606,4632521,Suma d'al-diel-iso-endrín (en sediment)
before_2007,0004,0009,F012162,Mataró - Montgat - MAS02,444996,4590606,4632746,Suma de BDE (en sediment)
before_2007,0004,0009,F012162,Mataró - Montgat - MAS02,444996,4590606,4632971,Suma de DDT (en sediment)
before_2007,0004,0009,F012162,Mataró - Montgat - MAS02,444996,4590606,4633196,Suma de PAH1 (en sediment)
before_2007,0004,0009,F012162,Mataró - Montgat - MAS02,444996,4590606,4633422,Suma de PAH2 (en sediments)
before_2007,0004,0009,F012162,Mataró - Montgat - MAS02,444996,4590606,4634322,Suma PCBs (BCR) (en sediment)
before_2007,0004,0009,F012163,Mataró - Montgat - MAS03,444556,4591026,4610340,"2,4'-DDD (en sediment)"
before_2007,0004,0009,F012163,Mataró - Montgat - MAS03,444556,4591026,4610566,"2,4'-DDE (en sediment)"
before_2007,0004,0009,F012163,Mataró - Montgat - MAS03,444556,4591026,4610792,"2,4'-DDT (en sediment)"
before_2007,0004,0009,F012163,Mataró - Montgat - MAS03,444556,4591026,4611018,"4,4'-DDD (en sediment)"
before_2007,0004,0009,F012163,Mataró - Montgat - MAS03,444556,4591026,4611244,"4,4'-DDE (en sediment)"
before_2007,0004,0009,F012163,Mataró - Montgat - MAS03,444556,4591026,4611470,"4,4'-DDT (en sediment)"
before_2007,0004,0009,F012163,Mataró - Montgat - MAS03,444556,4591026,4612826,Acenaftè (en sediment)
before_2007,0004,0009,F012163,Mataró - Montgat - MAS03,444556,4591026,4613052,Acenaftilè (en sediment)
before_2007,0004,0009,F012163,Mataró - Montgat - MAS03,444556,4591026,4613278,a-Hexaclorociclohexà (en sediment)
before_2007,0004,0009,F012163,Mataró - Montgat - MAS03,444556,4591026,4613504,Aldrín (en sediment)
before_2007,0004,0009,F012163,Mataró - Montgat - MAS03,444556,4591026,4613956,Antracè (en sediment)
before_2007,0004,0009,F012163,Mataró - Montgat - MAS03,444556,4591026,4614408,BDE-100 (en sediment)
before_2007,0004,0009,F012163,Mataró - Montgat - MAS03,444556,4591026,4614634,BDE-153 (en sediment)
before_2007,0004,0009,F012163,Mataró - Montgat - MAS03,444556,4591026,4614860,BDE-154 (en sediment)
before_2007,0004,0009,F012163,Mataró - Montgat - MAS03,444556,4591026,4615559,BDE-209 (en sediment)
before_2007,0004,0009,F012163,Mataró - Montgat - MAS03,444556,4591026,4616009,BDE-47 (en sediment)
before_2007,0004,0009,F012163,Mataró - Montgat - MAS03,444556,4591026,4616234,BDE-99 (en sediment)
before_2007,0004,0009,F012163,Mataró - Montgat - MAS03,444556,4591026,4616527,Benzo(a)antracè (en sediment)
before_2007,0004,0009,F012163,Mataró - Montgat - MAS03,444556,4591026,4616752,Benzo(a)pirè (en sediment)
before_2007,0004,0009,F012163,Mataró - Montgat - MAS03,444556,4591026,4616977,Benzo(b)fluorantè (en sediment)
before_2007,0004,0009,F012163,Mataró - Montgat - MAS03,444556,4591026,4617202,Benzo(ghi)perilè (en sediment)
before_2007,0004,0009,F012163,Mataró - Montgat - MAS03,444556,4591026,4617427,Benzo(k)fluorantè (en sediment)
before_2007,0004,0009,F012163,Mataró - Montgat - MAS03,444556,4591026,4617653,b-Hexaclorociclohexà (en sediment)
before_2007,0004,0009,F012163,Mataró - Montgat - MAS03,444556,4591026,4619454,Crisè (en sediment)
before_2007,0004,0009,F012163,Mataró - Montgat - MAS03,444556,4591026,4620130,"Dibenzo(a,h)antracè (en sediment)"
before_2007,0004,0009,F012163,Mataró - Montgat - MAS03,444556,4591026,4620580,Dieldrín (en sediment)
before_2007,0004,0009,F012163,Mataró - Montgat - MAS03,444556,4591026,4621031,Endrín (en sediment)
before_2007,0004,0009,F012163,Mataró - Montgat - MAS03,444556,4591026,4621256,Fenantrè (en sediment)
before_2007,0004,0009,F012163,Mataró - Montgat - MAS03,444556,4591026,4621931,Fluorantè (en sediment)
before_2007,0004,0009,F012163,Mataró - Montgat - MAS03,444556,4591026,4622157,Fluorè (en sediment)
before_2007,0004,0009,F012163,Mataró - Montgat - MAS03,444556,4591026,4623283,Hexaclorobenzè (en sediment)
before_2007,0004,0009,F012163,Mataró - Montgat - MAS03,444556,4591026,4623508,Hexaclorobutadiè (en sediment)
before_2007,0004,0009,F012163,Mataró - Montgat - MAS03,444556,4591026,4623733,Hexaclorociclohexà (en sediment)
before_2007,0004,0009,F012163,Mataró - Montgat - MAS03,444556,4591026,4623958,"Indeno(1,2,3-cd)pirè (en sediment)"
before_2007,0004,0009,F012163,Mataró - Montgat - MAS03,444556,4591026,4624183,Isodrín (en sediment)
before_2007,0004,0009,F012163,Mataró - Montgat - MAS03,444556,4591026,4624409,Lindà(g-Hexaclorociclohexà) (en sediment)
before_2007,0004,0009,F012163,Mataró - Montgat - MAS03,444556,4591026,4625309,NPEO(e=0) (en sediment)
before_2007,0004,0009,F012163,Mataró - Montgat - MAS03,444556,4591026,4625766,PCB-101 (en sediment)
before_2007,0004,0009,F012163,Mataró - Montgat - MAS03,444556,4591026,4626441,PCB-118 (en sediment)
before_2007,0004,0009,F012163,Mataró - Montgat - MAS03,444556,4591026,4627117,PCB-138 (en sediment)
before_2007,0004,0009,F012163,Mataró - Montgat - MAS03,444556,4591026,4627342,PCB-153 (en sediment)
before_2007,0004,0009,F012163,Mataró - Montgat - MAS03,444556,4591026,4628693,PCB-180 (en sediment)
before_2007,0004,0009,F012163,Mataró - Montgat - MAS03,444556,4591026,4629144,PCB-28 (en sediment)
before_2007,0004,0009,F012163,Mataró - Montgat - MAS03,444556,4591026,4629369,PCB-52 (en sediment)
before_2007,0004,0009,F012163,Mataró - Montgat - MAS03,444556,4591026,4631396,Pirè (en sediment)
before_2007,0004,0009,F012163,Mataró - Montgat - MAS03,444556,4591026,4632522,Suma d'al-diel-iso-endrín (en sediment)
before_2007,0004,0009,F012163,Mataró - Montgat - MAS03,444556,4591026,4632747,Suma de BDE (en sediment)
before_2007,0004,0009,F012163,Mataró - Montgat - MAS03,444556,4591026,4632972,Suma de DDT (en sediment)
before_2007,0004,0009,F012163,Mataró - Montgat - MAS03,444556,4591026,4633197,Suma de PAH1 (en sediment)
before_2007,0004,0009,F012163,Mataró - Montgat - MAS03,444556,4591026,4633423,Suma de PAH2 (en sediments)
before_2007,0004,0009,F012163,Mataró - Montgat - MAS03,444556,4591026,4634323,Suma PCBs (BCR) (en sediment)
before_2007,0004,0009,F012185,Barceloneta - Zona II Port Barcelona - BTA01,433044,4581000,4610353,"2,4'-DDD (en sediment)"
before_2007,0004,0009,F012185,Barceloneta - Zona II Port Barcelona - BTA01,433044,4581000,4610579,"2,4'-DDE (en sediment)"
before_2007,0004,0009,F012185,Barceloneta - Zona II Port Barcelona - BTA01,433044,4581000,4610805,"2,4'-DDT (en sediment)"
before_2007,0004,0009,F012185,Barceloneta - Zona II Port Barcelona - BTA01,433044,4581000,4611031,"4,4'-DDD (en sediment)"
before_2007,0004,0009,F012185,Barceloneta - Zona II Port Barcelona - BTA01,433044,4581000,4611257,"4,4'-DDE (en sediment)"
before_2007,0004,0009,F012185,Barceloneta - Zona II Port Barcelona - BTA01,433044,4581000,4611483,"4,4'-DDT (en sediment)"
before_2007,0004,0009,F012185,Barceloneta - Zona II Port Barcelona - BTA01,433044,4581000,4612839,Acenaftè (en sediment)
before_2007,0004,0009,F012185,Barceloneta - Zona II Port Barcelona - BTA01,433044,4581000,4613065,Acenaftilè (en sediment)
before_2007,0004,0009,F012185,Barceloneta - Zona II Port Barcelona - BTA01,433044,4581000,4613291,a-Hexaclorociclohexà (en sediment)
before_2007,0004,0009,F012185,Barceloneta - Zona II Port Barcelona - BTA01,433044,4581000,4613517,Aldrín (en sediment)
before_2007,0004,0009,F012185,Barceloneta - Zona II Port Barcelona - BTA01,433044,4581000,4613969,Antracè (en sediment)
before_2007,0004,0009,F012185,Barceloneta - Zona II Port Barcelona - BTA01,433044,4581000,4614421,BDE-100 (en sediment)
before_2007,0004,0009,F012185,Barceloneta - Zona II Port Barcelona - BTA01,433044,4581000,4614647,BDE-153 (en sediment)
before_2007,0004,0009,F012185,Barceloneta - Zona II Port Barcelona - BTA01,433044,4581000,4614873,BDE-154 (en sediment)
before_2007,0004,0009,F012185,Barceloneta - Zona II Port Barcelona - BTA01,433044,4581000,4615572,BDE-209 (en sediment)
before_2007,0004,0009,F012185,Barceloneta - Zona II Port Barcelona - BTA01,433044,4581000,4616022,BDE-47 (en sediment)
before_2007,0004,0009,F012185,Barceloneta - Zona II Port Barcelona - BTA01,433044,4581000,4616247,BDE-99 (en sediment)
before_2007,0004,0009,F012185,Barceloneta - Zona II Port Barcelona - BTA01,433044,4581000,4616540,Benzo(a)antracè (en sediment)
before_2007,0004,0009,F012185,Barceloneta - Zona II Port Barcelona - BTA01,433044,4581000,4616765,Benzo(a)pirè (en sediment)
before_2007,0004,0009,F012185,Barceloneta - Zona II Port Barcelona - BTA01,433044,4581000,4616990,Benzo(b)fluorantè (en sediment)
before_2007,0004,0009,F012185,Barceloneta - Zona II Port Barcelona - BTA01,433044,4581000,4617215,Benzo(ghi)perilè (en sediment)
before_2007,0004,0009,F012185,Barceloneta - Zona II Port Barcelona - BTA01,433044,4581000,4617440,Benzo(k)fluorantè (en sediment)
before_2007,0004,0009,F012185,Barceloneta - Zona II Port Barcelona - BTA01,433044,4581000,4617666,b-Hexaclorociclohexà (en sediment)
before_2007,0004,0009,F012185,Barceloneta - Zona II Port Barcelona - BTA01,433044,4581000,4619467,Crisè (en sediment)
before_2007,0004,0009,F012185,Barceloneta - Zona II Port Barcelona - BTA01,433044,4581000,4620143,"Dibenzo(a,h)antracè (en sediment)"
before_2007,0004,0009,F012185,Barceloneta - Zona II Port Barcelona - BTA01,433044,4581000,4620593,Dieldrín (en sediment)
before_2007,0004,0009,F012185,Barceloneta - Zona II Port Barcelona - BTA01,433044,4581000,4621044,Endrín (en sediment)
before_2007,0004,0009,F012185,Barceloneta - Zona II Port Barcelona - BTA01,433044,4581000,4621269,Fenantrè (en sediment)
before_2007,0004,0009,F012185,Barceloneta - Zona II Port Barcelona - BTA01,433044,4581000,4621944,Fluorantè (en sediment)
before_2007,0004,0009,F012185,Barceloneta - Zona II Port Barcelona - BTA01,433044,4581000,4622170,Fluorè (en sediment)
before_2007,0004,0009,F012185,Barceloneta - Zona II Port Barcelona - BTA01,433044,4581000,4623296,Hexaclorobenzè (en sediment)
before_2007,0004,0009,F012185,Barceloneta - Zona II Port Barcelona - BTA01,433044,4581000,4623521,Hexaclorobutadiè (en sediment)
before_2007,0004,0009,F012185,Barceloneta - Zona II Port Barcelona - BTA01,433044,4581000,4623746,Hexaclorociclohexà (en sediment)
before_2007,0004,0009,F012185,Barceloneta - Zona II Port Barcelona - BTA01,433044,4581000,4623971,"Indeno(1,2,3-cd)pirè (en sediment)"
before_2007,0004,0009,F012185,Barceloneta - Zona II Port Barcelona - BTA01,433044,4581000,4624196,Isodrín (en sediment)
before_2007,0004,0009,F012185,Barceloneta - Zona II Port Barcelona - BTA01,433044,4581000,4624422,Lindà(g-Hexaclorociclohexà) (en sediment)
before_2007,0004,0009,F012185,Barceloneta - Zona II Port Barcelona - BTA01,433044,4581000,4625322,NPEO(e=0) (en sediment)
before_2007,0004,0009,F012185,Barceloneta - Zona II Port Barcelona - BTA01,433044,4581000,4625779,PCB-101 (en sediment)
before_2007,0004,0009,F012185,Barceloneta - Zona II Port Barcelona - BTA01,433044,4581000,4626454,PCB-118 (en sediment)
before_2007,0004,0009,F012185,Barceloneta - Zona II Port Barcelona - BTA01,433044,4581000,4627130,PCB-138 (en sediment)
before_2007,0004,0009,F012185,Barceloneta - Zona II Port Barcelona - BTA01,433044,4581000,4627355,PCB-153 (en sediment)
before_2007,0004,0009,F012185,Barceloneta - Zona II Port Barcelona - BTA01,433044,4581000,4628706,PCB-180 (en sediment)
before_2007,0004,0009,F012185,Barceloneta - Zona II Port Barcelona - BTA01,433044,4581000,4629157,PCB-28 (en sediment)
before_2007,0004,0009,F012185,Barceloneta - Zona II Port Barcelona - BTA01,433044,4581000,4629382,PCB-52 (en sediment)
before_2007,0004,0009,F012185,Barceloneta - Zona II Port Barcelona - BTA01,433044,4581000,4631409,Pirè (en sediment)
before_2007,0004,0009,F012185,Barceloneta - Zona II Port Barcelona - BTA01,433044,4581000,4632535,Suma d'al-diel-iso-endrín (en sediment)
before_2007,0004,0009,F012185,Barceloneta - Zona II Port Barcelona - BTA01,433044,4581000,4632760,Suma de BDE (en sediment)
before_2007,0004,0009,F012185,Barceloneta - Zona II Port Barcelona - BTA01,433044,4581000,4632985,Suma de DDT (en sediment)
before_2007,0004,0009,F012185,Barceloneta - Zona II Port Barcelona - BTA01,433044,4581000,4633210,Suma de PAH1 (en sediment)
before_2007,0004,0009,F012185,Barceloneta - Zona II Port Barcelona - BTA01,433044,4581000,4633436,Suma de PAH2 (en sediments)
before_2007,0004,0009,F012185,Barceloneta - Zona II Port Barcelona - BTA01,433044,4581000,4634336,Suma PCBs (BCR) (en sediment)
before_2007,0004,0009,F012186,Barceloneta - Zona II Port Barcelona - BTA02,433366,4580762,4610354,"2,4'-DDD (en sediment)"
before_2007,0004,0009,F012186,Barceloneta - Zona II Port Barcelona - BTA02,433366,4580762,4610580,"2,4'-DDE (en sediment)"
before_2007,0004,0009,F012186,Barceloneta - Zona II Port Barcelona - BTA02,433366,4580762,4610806,"2,4'-DDT (en sediment)"
before_2007,0004,0009,F012186,Barceloneta - Zona II Port Barcelona - BTA02,433366,4580762,4611032,"4,4'-DDD (en sediment)"
before_2007,0004,0009,F012186,Barceloneta - Zona II Port Barcelona - BTA02,433366,4580762,4611258,"4,4'-DDE (en sediment)"
before_2007,0004,0009,F012186,Barceloneta - Zona II Port Barcelona - BTA02,433366,4580762,4611484,"4,4'-DDT (en sediment)"
before_2007,0004,0009,F012186,Barceloneta - Zona II Port Barcelona - BTA02,433366,4580762,4612840,Acenaftè (en sediment)
before_2007,0004,0009,F012186,Barceloneta - Zona II Port Barcelona - BTA02,433366,4580762,4613066,Acenaftilè (en sediment)
before_2007,0004,0009,F012186,Barceloneta - Zona II Port Barcelona - BTA02,433366,4580762,4613292,a-Hexaclorociclohexà (en sediment)
before_2007,0004,0009,F012186,Barceloneta - Zona II Port Barcelona - BTA02,433366,4580762,4613518,Aldrín (en sediment)
before_2007,0004,0009,F012186,Barceloneta - Zona II Port Barcelona - BTA02,433366,4580762,4613970,Antracè (en sediment)
before_2007,0004,0009,F012186,Barceloneta - Zona II Port Barcelona - BTA02,433366,4580762,4614422,BDE-100 (en sediment)
before_2007,0004,0009,F012186,Barceloneta - Zona II Port Barcelona - BTA02,433366,4580762,4614648,BDE-153 (en sediment)
before_2007,0004,0009,F012186,Barceloneta - Zona II Port Barcelona - BTA02,433366,4580762,4614874,BDE-154 (en sediment)
before_2007,0004,0009,F012186,Barceloneta - Zona II Port Barcelona - BTA02,433366,4580762,4615348,BDE-197 (en sediment)
before_2007,0004,0009,F012186,Barceloneta - Zona II Port Barcelona - BTA02,433366,4580762,4615573,BDE-209 (en sediment)
before_2007,0004,0009,F012186,Barceloneta - Zona II Port Barcelona - BTA02,433366,4580762,4616023,BDE-47 (en sediment)
before_2007,0004,0009,F012186,Barceloneta - Zona II Port Barcelona - BTA02,433366,4580762,4616248,BDE-99 (en sediment)
before_2007,0004,0009,F012186,Barceloneta - Zona II Port Barcelona - BTA02,433366,4580762,4616541,Benzo(a)antracè (en sediment)
before_2007,0004,0009,F012186,Barceloneta - Zona II Port Barcelona - BTA02,433366,4580762,4616766,Benzo(a)pirè (en sediment)
before_2007,0004,0009,F012186,Barceloneta - Zona II Port Barcelona - BTA02,433366,4580762,4616991,Benzo(b)fluorantè (en sediment)
before_2007,0004,0009,F012186,Barceloneta - Zona II Port Barcelona - BTA02,433366,4580762,4617216,Benzo(ghi)perilè (en sediment)
before_2007,0004,0009,F012186,Barceloneta - Zona II Port Barcelona - BTA02,433366,4580762,4617441,Benzo(k)fluorantè (en sediment)
before_2007,0004,0009,F012186,Barceloneta - Zona II Port Barcelona - BTA02,433366,4580762,4617667,b-Hexaclorociclohexà (en sediment)
before_2007,0004,0009,F012186,Barceloneta - Zona II Port Barcelona - BTA02,433366,4580762,4619468,Crisè (en sediment)
before_2007,0004,0009,F012186,Barceloneta - Zona II Port Barcelona - BTA02,433366,4580762,4620144,"Dibenzo(a,h)antracè (en sediment)"
before_2007,0004,0009,F012186,Barceloneta - Zona II Port Barcelona - BTA02,433366,4580762,4620594,Dieldrín (en sediment)
before_2007,0004,0009,F012186,Barceloneta - Zona II Port Barcelona - BTA02,433366,4580762,4621045,Endrín (en sediment)
before_2007,0004,0009,F012186,Barceloneta - Zona II Port Barcelona - BTA02,433366,4580762,4621270,Fenantrè (en sediment)
before_2007,0004,0009,F012186,Barceloneta - Zona II Port Barcelona - BTA02,433366,4580762,4621945,Fluorantè (en sediment)
before_2007,0004,0009,F012186,Barceloneta - Zona II Port Barcelona - BTA02,433366,4580762,4622171,Fluorè (en sediment)
before_2007,0004,0009,F012186,Barceloneta - Zona II Port Barcelona - BTA02,433366,4580762,4623297,Hexaclorobenzè (en sediment)
before_2007,0004,0009,F012186,Barceloneta - Zona II Port Barcelona - BTA02,433366,4580762,4623522,Hexaclorobutadiè (en sediment)
before_2007,0004,0009,F012186,Barceloneta - Zona II Port Barcelona - BTA02,433366,4580762,4623747,Hexaclorociclohexà (en sediment)
before_2007,0004,0009,F012186,Barceloneta - Zona II Port Barcelona - BTA02,433366,4580762,4623972,"Indeno(1,2,3-cd)pirè (en sediment)"
before_2007,0004,0009,F012186,Barceloneta - Zona II Port Barcelona - BTA02,433366,4580762,4624197,Isodrín (en sediment)
before_2007,0004,0009,F012186,Barceloneta - Zona II Port Barcelona - BTA02,433366,4580762,4624423,Lindà(g-Hexaclorociclohexà) (en sediment)
before_2007,0004,0009,F012186,Barceloneta - Zona II Port Barcelona - BTA02,433366,4580762,4625323,NPEO(e=0) (en sediment)
before_2007,0004,0009,F012186,Barceloneta - Zona II Port Barcelona - BTA02,433366,4580762,4625780,PCB-101 (en sediment)
before_2007,0004,0009,F012186,Barceloneta - Zona II Port Barcelona - BTA02,433366,4580762,4626455,PCB-118 (en sediment)
before_2007,0004,0009,F012186,Barceloneta - Zona II Port Barcelona - BTA02,433366,4580762,4627131,PCB-138 (en sediment)
before_2007,0004,0009,F012186,Barceloneta - Zona II Port Barcelona - BTA02,433366,4580762,4627356,PCB-153 (en sediment)
before_2007,0004,0009,F012186,Barceloneta - Zona II Port Barcelona - BTA02,433366,4580762,4628707,PCB-180 (en sediment)
before_2007,0004,0009,F012186,Barceloneta - Zona II Port Barcelona - BTA02,433366,4580762,4629158,PCB-28 (en sediment)
before_2007,0004,0009,F012186,Barceloneta - Zona II Port Barcelona - BTA02,433366,4580762,4629383,PCB-52 (en sediment)
before_2007,0004,0009,F012186,Barceloneta - Zona II Port Barcelona - BTA02,433366,4580762,4631410,Pirè (en sediment)
before_2007,0004,0009,F012186,Barceloneta - Zona II Port Barcelona - BTA02,433366,4580762,4632536,Suma d'al-diel-iso-endrín (en sediment)
before_2007,0004,0009,F012186,Barceloneta - Zona II Port Barcelona - BTA02,433366,4580762,4632761,Suma de BDE (en sediment)
before_2007,0004,0009,F012186,Barceloneta - Zona II Port Barcelona - BTA02,433366,4580762,4632986,Suma de DDT (en sediment)
before_2007,0004,0009,F012186,Barceloneta - Zona II Port Barcelona - BTA02,433366,4580762,4633211,Suma de PAH1 (en sediment)
before_2007,0004,0009,F012186,Barceloneta - Zona II Port Barcelona - BTA02,433366,4580762,4633437,Suma de PAH2 (en sediments)
before_2007,0004,0009,F012186,Barceloneta - Zona II Port Barcelona - BTA02,433366,4580762,4634337,Suma PCBs (BCR) (en sediment)
before_2007,0004,0009,F012226,El Prat de Llobregat - Castelldefels - CDF01,418808,4567254,4610380,"2,4'-DDD (en sediment)"
before_2007,0004,0009,F012226,El Prat de Llobregat - Castelldefels - CDF01,418808,4567254,4610606,"2,4'-DDE (en sediment)"
before_2007,0004,0009,F012226,El Prat de Llobregat - Castelldefels - CDF01,418808,4567254,4610832,"2,4'-DDT (en sediment)"
before_2007,0004,0009,F012226,El Prat de Llobregat - Castelldefels - CDF01,418808,4567254,4611058,"4,4'-DDD (en sediment)"
before_2007,0004,0009,F012226,El Prat de Llobregat - Castelldefels - CDF01,418808,4567254,4611284,"4,4'-DDE (en sediment)"
before_2007,0004,0009,F012226,El Prat de Llobregat - Castelldefels - CDF01,418808,4567254,4611510,"4,4'-DDT (en sediment)"
before_2007,0004,0009,F012226,El Prat de Llobregat - Castelldefels - CDF01,418808,4567254,4612866,Acenaftè (en sediment)
before_2007,0004,0009,F012226,El Prat de Llobregat - Castelldefels - CDF01,418808,4567254,4613092,Acenaftilè (en sediment)
before_2007,0004,0009,F012226,El Prat de Llobregat - Castelldefels - CDF01,418808,4567254,4613318,a-Hexaclorociclohexà (en sediment)
before_2007,0004,0009,F012226,El Prat de Llobregat - Castelldefels - CDF01,418808,4567254,4613544,Aldrín (en sediment)
before_2007,0004,0009,F012226,El Prat de Llobregat - Castelldefels - CDF01,418808,4567254,4613996,Antracè (en sediment)
before_2007,0004,0009,F012226,El Prat de Llobregat - Castelldefels - CDF01,418808,4567254,4614448,BDE-100 (en sediment)
before_2007,0004,0009,F012226,El Prat de Llobregat - Castelldefels - CDF01,418808,4567254,4614674,BDE-153 (en sediment)
before_2007,0004,0009,F012226,El Prat de Llobregat - Castelldefels - CDF01,418808,4567254,4614900,BDE-154 (en sediment)
before_2007,0004,0009,F012226,El Prat de Llobregat - Castelldefels - CDF01,418808,4567254,4615599,BDE-209 (en sediment)
before_2007,0004,0009,F012226,El Prat de Llobregat - Castelldefels - CDF01,418808,4567254,4616049,BDE-47 (en sediment)
before_2007,0004,0009,F012226,El Prat de Llobregat - Castelldefels - CDF01,418808,4567254,4616274,BDE-99 (en sediment)
before_2007,0004,0009,F012226,El Prat de Llobregat - Castelldefels - CDF01,418808,4567254,4616567,Benzo(a)antracè (en sediment)
before_2007,0004,0009,F012226,El Prat de Llobregat - Castelldefels - CDF01,418808,4567254,4616792,Benzo(a)pirè (en sediment)
before_2007,0004,0009,F012226,El Prat de Llobregat - Castelldefels - CDF01,418808,4567254,4617017,Benzo(b)fluorantè (en sediment)
before_2007,0004,0009,F012226,El Prat de Llobregat - Castelldefels - CDF01,418808,4567254,4617242,Benzo(ghi)perilè (en sediment)
before_2007,0004,0009,F012226,El Prat de Llobregat - Castelldefels - CDF01,418808,4567254,4617467,Benzo(k)fluorantè (en sediment)
before_2007,0004,0009,F012226,El Prat de Llobregat - Castelldefels - CDF01,418808,4567254,4617693,b-Hexaclorociclohexà (en sediment)
before_2007,0004,0009,F012226,El Prat de Llobregat - Castelldefels - CDF01,418808,4567254,4619494,Crisè (en sediment)
before_2007,0004,0009,F012226,El Prat de Llobregat - Castelldefels - CDF01,418808,4567254,4620170,"Dibenzo(a,h)antracè (en sediment)"
before_2007,0004,0009,F012226,El Prat de Llobregat - Castelldefels - CDF01,418808,4567254,4620620,Dieldrín (en sediment)
before_2007,0004,0009,F012226,El Prat de Llobregat - Castelldefels - CDF01,418808,4567254,4621071,Endrín (en sediment)
before_2007,0004,0009,F012226,El Prat de Llobregat - Castelldefels - CDF01,418808,4567254,4621296,Fenantrè (en sediment)
before_2007,0004,0009,F012226,El Prat de Llobregat - Castelldefels - CDF01,418808,4567254,4621971,Fluorantè (en sediment)
before_2007,0004,0009,F012226,El Prat de Llobregat - Castelldefels - CDF01,418808,4567254,4622197,Fluorè (en sediment)
before_2007,0004,0009,F012226,El Prat de Llobregat - Castelldefels - CDF01,418808,4567254,4623323,Hexaclorobenzè (en sediment)
before_2007,0004,0009,F012226,El Prat de Llobregat - Castelldefels - CDF01,418808,4567254,4623548,Hexaclorobutadiè (en sediment)
before_2007,0004,0009,F012226,El Prat de Llobregat - Castelldefels - CDF01,418808,4567254,4623773,Hexaclorociclohexà (en sediment)
before_2007,0004,0009,F012226,El Prat de Llobregat - Castelldefels - CDF01,418808,4567254,4623998,"Indeno(1,2,3-cd)pirè (en sediment)"
before_2007,0004,0009,F012226,El Prat de Llobregat - Castelldefels - CDF01,418808,4567254,4624223,Isodrín (en sediment)
before_2007,0004,0009,F012226,El Prat de Llobregat - Castelldefels - CDF01,418808,4567254,4624449,Lindà(g-Hexaclorociclohexà) (en sediment)
before_2007,0004,0009,F012226,El Prat de Llobregat - Castelldefels - CDF01,418808,4567254,4625349,NPEO(e=0) (en sediment)
before_2007,0004,0009,F012226,El Prat de Llobregat - Castelldefels - CDF01,418808,4567254,4625806,PCB-101 (en sediment)
before_2007,0004,0009,F012226,El Prat de Llobregat - Castelldefels - CDF01,418808,4567254,4626481,PCB-118 (en sediment)
before_2007,0004,0009,F012226,El Prat de Llobregat - Castelldefels - CDF01,418808,4567254,4627157,PCB-138 (en sediment)
before_2007,0004,0009,F012226,El Prat de Llobregat - Castelldefels - CDF01,418808,4567254,4627382,PCB-153 (en sediment)
before_2007,0004,0009,F012226,El Prat de Llobregat - Castelldefels - CDF01,418808,4567254,4628733,PCB-180 (en sediment)
before_2007,0004,0009,F012226,El Prat de Llobregat - Castelldefels - CDF01,418808,4567254,4629184,PCB-28 (en sediment)
before_2007,0004,0009,F012226,El Prat de Llobregat - Castelldefels - CDF01,418808,4567254,4629409,PCB-52 (en sediment)
before_2007,0004,0009,F012226,El Prat de Llobregat - Castelldefels - CDF01,418808,4567254,4631436,Pirè (en sediment)
before_2007,0004,0009,F012226,El Prat de Llobregat - Castelldefels - CDF01,418808,4567254,4632562,Suma d'al-diel-iso-endrín (en sediment)
before_2007,0004,0009,F012226,El Prat de Llobregat - Castelldefels - CDF01,418808,4567254,4632787,Suma de BDE (en sediment)
before_2007,0004,0009,F012226,El Prat de Llobregat - Castelldefels - CDF01,418808,4567254,4633012,Suma de DDT (en sediment)
before_2007,0004,0009,F012226,El Prat de Llobregat - Castelldefels - CDF01,418808,4567254,4633237,Suma de PAH1 (en sediment)
before_2007,0004,0009,F012226,El Prat de Llobregat - Castelldefels - CDF01,418808,4567254,4633463,Suma de PAH2 (en sediments)
before_2007,0004,0009,F012226,El Prat de Llobregat - Castelldefels - CDF01,418808,4567254,4634363,Suma PCBs (BCR) (en sediment)
before_2007,0004,0009,F012231,El Prat de Llobregat - Castelldefels - CDF06,413316,4566861,4610381,"2,4'-DDD (en sediment)"
before_2007,0004,0009,F012231,El Prat de Llobregat - Castelldefels - CDF06,413316,4566861,4610607,"2,4'-DDE (en sediment)"
before_2007,0004,0009,F012231,El Prat de Llobregat - Castelldefels - CDF06,413316,4566861,4610833,"2,4'-DDT (en sediment)"
before_2007,0004,0009,F012231,El Prat de Llobregat - Castelldefels - CDF06,413316,4566861,4611059,"4,4'-DDD (en sediment)"
before_2007,0004,0009,F012231,El Prat de Llobregat - Castelldefels - CDF06,413316,4566861,4611285,"4,4'-DDE (en sediment)"
before_2007,0004,0009,F012231,El Prat de Llobregat - Castelldefels - CDF06,413316,4566861,4611511,"4,4'-DDT (en sediment)"
before_2007,0004,0009,F012231,El Prat de Llobregat - Castelldefels - CDF06,413316,4566861,4612867,Acenaftè (en sediment)
before_2007,0004,0009,F012231,El Prat de Llobregat - Castelldefels - CDF06,413316,4566861,4613093,Acenaftilè (en sediment)
before_2007,0004,0009,F012231,El Prat de Llobregat - Castelldefels - CDF06,413316,4566861,4613319,a-Hexaclorociclohexà (en sediment)
before_2007,0004,0009,F012231,El Prat de Llobregat - Castelldefels - CDF06,413316,4566861,4613545,Aldrín (en sediment)
before_2007,0004,0009,F012231,El Prat de Llobregat - Castelldefels - CDF06,413316,4566861,4613997,Antracè (en sediment)
before_2007,0004,0009,F012231,El Prat de Llobregat - Castelldefels - CDF06,413316,4566861,4614449,BDE-100 (en sediment)
before_2007,0004,0009,F012231,El Prat de Llobregat - Castelldefels - CDF06,413316,4566861,4614675,BDE-153 (en sediment)
before_2007,0004,0009,F012231,El Prat de Llobregat - Castelldefels - CDF06,413316,4566861,4614901,BDE-154 (en sediment)
before_2007,0004,0009,F012231,El Prat de Llobregat - Castelldefels - CDF06,413316,4566861,4615600,BDE-209 (en sediment)
before_2007,0004,0009,F012231,El Prat de Llobregat - Castelldefels - CDF06,413316,4566861,4616050,BDE-47 (en sediment)
before_2007,0004,0009,F012231,El Prat de Llobregat - Castelldefels - CDF06,413316,4566861,4616275,BDE-99 (en sediment)
before_2007,0004,0009,F012231,El Prat de Llobregat - Castelldefels - CDF06,413316,4566861,4616568,Benzo(a)antracè (en sediment)
before_2007,0004,0009,F012231,El Prat de Llobregat - Castelldefels - CDF06,413316,4566861,4616793,Benzo(a)pirè (en sediment)
before_2007,0004,0009,F012231,El Prat de Llobregat - Castelldefels - CDF06,413316,4566861,4617018,Benzo(b)fluorantè (en sediment)
before_2007,0004,0009,F012231,El Prat de Llobregat - Castelldefels - CDF06,413316,4566861,4617243,Benzo(ghi)perilè (en sediment)
before_2007,0004,0009,F012231,El Prat de Llobregat - Castelldefels - CDF06,413316,4566861,4617468,Benzo(k)fluorantè (en sediment)
before_2007,0004,0009,F012231,El Prat de Llobregat - Castelldefels - CDF06,413316,4566861,4617694,b-Hexaclorociclohexà (en sediment)
before_2007,0004,0009,F012231,El Prat de Llobregat - Castelldefels - CDF06,413316,4566861,4619495,Crisè (en sediment)
before_2007,0004,0009,F012231,El Prat de Llobregat - Castelldefels - CDF06,413316,4566861,4620171,"Dibenzo(a,h)antracè (en sediment)"
before_2007,0004,0009,F012231,El Prat de Llobregat - Castelldefels - CDF06,413316,4566861,4620621,Dieldrín (en sediment)
before_2007,0004,0009,F012231,El Prat de Llobregat - Castelldefels - CDF06,413316,4566861,4621072,Endrín (en sediment)
before_2007,0004,0009,F012231,El Prat de Llobregat - Castelldefels - CDF06,413316,4566861,4621297,Fenantrè (en sediment)
before_2007,0004,0009,F012231,El Prat de Llobregat - Castelldefels - CDF06,413316,4566861,4621972,Fluorantè (en sediment)
before_2007,0004,0009,F012231,El Prat de Llobregat - Castelldefels - CDF06,413316,4566861,4622198,Fluorè (en sediment)
before_2007,0004,0009,F012231,El Prat de Llobregat - Castelldefels - CDF06,413316,4566861,4623324,Hexaclorobenzè (en sediment)
before_2007,0004,0009,F012231,El Prat de Llobregat - Castelldefels - CDF06,413316,4566861,4623549,Hexaclorobutadiè (en sediment)
before_2007,0004,0009,F012231,El Prat de Llobregat - Castelldefels - CDF06,413316,4566861,4623774,Hexaclorociclohexà (en sediment)
before_2007,0004,0009,F012231,El Prat de Llobregat - Castelldefels - CDF06,413316,4566861,4623999,"Indeno(1,2,3-cd)pirè (en sediment)"
before_2007,0004,0009,F012231,El Prat de Llobregat - Castelldefels - CDF06,413316,4566861,4624224,Isodrín (en sediment)
before_2007,0004,0009,F012231,El Prat de Llobregat - Castelldefels - CDF06,413316,4566861,4624450,Lindà(g-Hexaclorociclohexà) (en sediment)
before_2007,0004,0009,F012231,El Prat de Llobregat - Castelldefels - CDF06,413316,4566861,4625350,NPEO(e=0) (en sediment)
before_2007,0004,0009,F012231,El Prat de Llobregat - Castelldefels - CDF06,413316,4566861,4625807,PCB-101 (en sediment)
before_2007,0004,0009,F012231,El Prat de Llobregat - Castelldefels - CDF06,413316,4566861,4626482,PCB-118 (en sediment)
before_2007,0004,0009,F012231,El Prat de Llobregat - Castelldefels - CDF06,413316,4566861,4627158,PCB-138 (en sediment)
before_2007,0004,0009,F012231,El Prat de Llobregat - Castelldefels - CDF06,413316,4566861,4627383,PCB-153 (en sediment)
before_2007,0004,0009,F012231,El Prat de Llobregat - Castelldefels - CDF06,413316,4566861,4628734,PCB-180 (en sediment)
before_2007,0004,0009,F012231,El Prat de Llobregat - Castelldefels - CDF06,413316,4566861,4629185,PCB-28 (en sediment)
before_2007,0004,0009,F012231,El Prat de Llobregat - Castelldefels - CDF06,413316,4566861,4629410,PCB-52 (en sediment)
before_2007,0004,0009,F012231,El Prat de Llobregat - Castelldefels - CDF06,413316,4566861,4631437,Pirè (en sediment)
before_2007,0004,0009,F012231,El Prat de Llobregat - Castelldefels - CDF06,413316,4566861,4632563,Suma d'al-diel-iso-endrín (en sediment)
before_2007,0004,0009,F012231,El Prat de Llobregat - Castelldefels - CDF06,413316,4566861,4632788,Suma de BDE (en sediment)
before_2007,0004,0009,F012231,El Prat de Llobregat - Castelldefels - CDF06,413316,4566861,4633013,Suma de DDT (en sediment)
before_2007,0004,0009,F012231,El Prat de Llobregat - Castelldefels - CDF06,413316,4566861,4633238,Suma de PAH1 (en sediment)
before_2007,0004,0009,F012231,El Prat de Llobregat - Castelldefels - CDF06,413316,4566861,4633464,Suma de PAH2 (en sediments)
before_2007,0004,0009,F012231,El Prat de Llobregat - Castelldefels - CDF06,413316,4566861,4634364,Suma PCBs (BCR) (en sediment)
before_2007,0004,0009,F012277,Cubelles - Altafulla  - VEN02,377141,4557286,4610423,"2,4'-DDD (en sediment)"
before_2007,0004,0009,F012277,Cubelles - Altafulla  - VEN02,377141,4557286,4610649,"2,4'-DDE (en sediment)"
before_2007,0004,0009,F012277,Cubelles - Altafulla  - VEN02,377141,4557286,4610875,"2,4'-DDT (en sediment)"
before_2007,0004,0009,F012277,Cubelles - Altafulla  - VEN02,377141,4557286,4611101,"4,4'-DDD (en sediment)"
before_2007,0004,0009,F012277,Cubelles - Altafulla  - VEN02,377141,4557286,4611327,"4,4'-DDE (en sediment)"
before_2007,0004,0009,F012277,Cubelles - Altafulla  - VEN02,377141,4557286,4611553,"4,4'-DDT (en sediment)"
before_2007,0004,0009,F012277,Cubelles - Altafulla  - VEN02,377141,4557286,4612909,Acenaftè (en sediment)
before_2007,0004,0009,F012277,Cubelles - Altafulla  - VEN02,377141,4557286,4613135,Acenaftilè (en sediment)
before_2007,0004,0009,F012277,Cubelles - Altafulla  - VEN02,377141,4557286,4613361,a-Hexaclorociclohexà (en sediment)
before_2007,0004,0009,F012277,Cubelles - Altafulla  - VEN02,377141,4557286,4613587,Aldrín (en sediment)
before_2007,0004,0009,F012277,Cubelles - Altafulla  - VEN02,377141,4557286,4614039,Antracè (en sediment)
before_2007,0004,0009,F012277,Cubelles - Altafulla  - VEN02,377141,4557286,4614491,BDE-100 (en sediment)
before_2007,0004,0009,F012277,Cubelles - Altafulla  - VEN02,377141,4557286,4614717,BDE-153 (en sediment)
before_2007,0004,0009,F012277,Cubelles - Altafulla  - VEN02,377141,4557286,4614943,BDE-154 (en sediment)
before_2007,0004,0009,F012277,Cubelles - Altafulla  - VEN02,377141,4557286,4615642,BDE-209 (en sediment)
before_2007,0004,0009,F012277,Cubelles - Altafulla  - VEN02,377141,4557286,4616092,BDE-47 (en sediment)
before_2007,0004,0009,F012277,Cubelles - Altafulla  - VEN02,377141,4557286,4616317,BDE-99 (en sediment)
before_2007,0004,0009,F012277,Cubelles - Altafulla  - VEN02,377141,4557286,4616610,Benzo(a)antracè (en sediment)
before_2007,0004,0009,F012277,Cubelles - Altafulla  - VEN02,377141,4557286,4616835,Benzo(a)pirè (en sediment)
before_2007,0004,0009,F012277,Cubelles - Altafulla  - VEN02,377141,4557286,4617060,Benzo(b)fluorantè (en sediment)
before_2007,0004,0009,F012277,Cubelles - Altafulla  - VEN02,377141,4557286,4617285,Benzo(ghi)perilè (en sediment)
before_2007,0004,0009,F012277,Cubelles - Altafulla  - VEN02,377141,4557286,4617510,Benzo(k)fluorantè (en sediment)
before_2007,0004,0009,F012277,Cubelles - Altafulla  - VEN02,377141,4557286,4617736,b-Hexaclorociclohexà (en sediment)
before_2007,0004,0009,F012277,Cubelles - Altafulla  - VEN02,377141,4557286,4619537,Crisè (en sediment)
before_2007,0004,0009,F012277,Cubelles - Altafulla  - VEN02,377141,4557286,4620213,"Dibenzo(a,h)antracè (en sediment)"
before_2007,0004,0009,F012277,Cubelles - Altafulla  - VEN02,377141,4557286,4620663,Dieldrín (en sediment)
before_2007,0004,0009,F012277,Cubelles - Altafulla  - VEN02,377141,4557286,4621114,Endrín (en sediment)
before_2007,0004,0009,F012277,Cubelles - Altafulla  - VEN02,377141,4557286,4621339,Fenantrè (en sediment)
before_2007,0004,0009,F012277,Cubelles - Altafulla  - VEN02,377141,4557286,4622014,Fluorantè (en sediment)
before_2007,0004,0009,F012277,Cubelles - Altafulla  - VEN02,377141,4557286,4622240,Fluorè (en sediment)
before_2007,0004,0009,F012277,Cubelles - Altafulla  - VEN02,377141,4557286,4623366,Hexaclorobenzè (en sediment)
before_2007,0004,0009,F012277,Cubelles - Altafulla  - VEN02,377141,4557286,4623591,Hexaclorobutadiè (en sediment)
before_2007,0004,0009,F012277,Cubelles - Altafulla  - VEN02,377141,4557286,4623816,Hexaclorociclohexà (en sediment)
before_2007,0004,0009,F012277,Cubelles - Altafulla  - VEN02,377141,4557286,4624041,"Indeno(1,2,3-cd)pirè (en sediment)"
before_2007,0004,0009,F012277,Cubelles - Altafulla  - VEN02,377141,4557286,4624266,Isodrín (en sediment)
before_2007,0004,0009,F012277,Cubelles - Altafulla  - VEN02,377141,4557286,4624492,Lindà(g-Hexaclorociclohexà) (en sediment)
before_2007,0004,0009,F012277,Cubelles - Altafulla  - VEN02,377141,4557286,4625392,NPEO(e=0) (en sediment)
before_2007,0004,0009,F012277,Cubelles - Altafulla  - VEN02,377141,4557286,4625849,PCB-101 (en sediment)
before_2007,0004,0009,F012277,Cubelles - Altafulla  - VEN02,377141,4557286,4626524,PCB-118 (en sediment)
before_2007,0004,0009,F012277,Cubelles - Altafulla  - VEN02,377141,4557286,4627200,PCB-138 (en sediment)
before_2007,0004,0009,F012277,Cubelles - Altafulla  - VEN02,377141,4557286,4627425,PCB-153 (en sediment)
before_2007,0004,0009,F012277,Cubelles - Altafulla  - VEN02,377141,4557286,4628776,PCB-180 (en sediment)
before_2007,0004,0009,F012277,Cubelles - Altafulla  - VEN02,377141,4557286,4629227,PCB-28 (en sediment)
before_2007,0004,0009,F012277,Cubelles - Altafulla  - VEN02,377141,4557286,4629452,PCB-52 (en sediment)
before_2007,0004,0009,F012277,Cubelles - Altafulla  - VEN02,377141,4557286,4631479,Pirè (en sediment)
before_2007,0004,0009,F012277,Cubelles - Altafulla  - VEN02,377141,4557286,4632605,Suma d'al-diel-iso-endrín (en sediment)
before_2007,0004,0009,F012277,Cubelles - Altafulla  - VEN02,377141,4557286,4632830,Suma de BDE (en sediment)
before_2007,0004,0009,F012277,Cubelles - Altafulla  - VEN02,377141,4557286,4633055,Suma de DDT (en sediment)
before_2007,0004,0009,F012277,Cubelles - Altafulla  - VEN02,377141,4557286,4633280,Suma de PAH1 (en sediment)
before_2007,0004,0009,F012277,Cubelles - Altafulla  - VEN02,377141,4557286,4633506,Suma de PAH2 (en sediments)
before_2007,0004,0009,F012277,Cubelles - Altafulla  - VEN02,377141,4557286,4634406,Suma PCBs (BCR) (en sediment)
before_2007,0004,0009,F012278,Cubelles - Altafulla  - VEN03,377326,4556506,4546113,NPEO(e=0) (en sediment)
before_2007,0004,0009,F012278,Cubelles - Altafulla  - VEN03,377326,4556506,4546117,Antracè (en sediment)
before_2007,0004,0009,F012278,Cubelles - Altafulla  - VEN03,377326,4556506,4546118,Fluorantè (en sediment)
before_2007,0004,0009,F012278,Cubelles - Altafulla  - VEN03,377326,4556506,4546120,Benzo(b)fluorantè (en sediment)
before_2007,0004,0009,F012278,Cubelles - Altafulla  - VEN03,377326,4556506,4546121,Benzo(k)fluorantè (en sediment)
before_2007,0004,0009,F012278,Cubelles - Altafulla  - VEN03,377326,4556506,4546122,Benzo(a)pirè (en sediment)
before_2007,0004,0009,F012278,Cubelles - Altafulla  - VEN03,377326,4556506,4546123,Benzo(ghi)perilè (en sediment)
before_2007,0004,0009,F012278,Cubelles - Altafulla  - VEN03,377326,4556506,4546124,"Indeno(1,2,3-cd)pirè (en sediment)"
before_2007,0004,0009,F012278,Cubelles - Altafulla  - VEN03,377326,4556506,4546125,Acenaftè (en sediment)
before_2007,0004,0009,F012278,Cubelles - Altafulla  - VEN03,377326,4556506,4546126,Acenaftilè (en sediment)
before_2007,0004,0009,F012278,Cubelles - Altafulla  - VEN03,377326,4556506,4546127,Benzo(a)antracè (en sediment)
before_2007,0004,0009,F012278,Cubelles - Altafulla  - VEN03,377326,4556506,4546128,Crisè (en sediment)
before_2007,0004,0009,F012278,Cubelles - Altafulla  - VEN03,377326,4556506,4546129,"Dibenzo(a,h)antracè (en sediment)"
before_2007,0004,0009,F012278,Cubelles - Altafulla  - VEN03,377326,4556506,4546130,Fenantrè (en sediment)
before_2007,0004,0009,F012278,Cubelles - Altafulla  - VEN03,377326,4556506,4546131,Fluorè (en sediment)
before_2007,0004,0009,F012278,Cubelles - Altafulla  - VEN03,377326,4556506,4546132,Pirè (en sediment)
before_2007,0004,0009,F012278,Cubelles - Altafulla  - VEN03,377326,4556506,4546133,Suma de PAH1 (en sediment)
before_2007,0004,0009,F012278,Cubelles - Altafulla  - VEN03,377326,4556506,4546134,Suma de PAH2 (en sediments)
before_2007,0004,0009,F012278,Cubelles - Altafulla  - VEN03,377326,4556506,4546136,BDE-47 (en sediment)
before_2007,0004,0009,F012278,Cubelles - Altafulla  - VEN03,377326,4556506,4546137,BDE-99 (en sediment)
before_2007,0004,0009,F012278,Cubelles - Altafulla  - VEN03,377326,4556506,4546138,BDE-100 (en sediment)
before_2007,0004,0009,F012278,Cubelles - Altafulla  - VEN03,377326,4556506,4546139,BDE-153 (en sediment)
before_2007,0004,0009,F012278,Cubelles - Altafulla  - VEN03,377326,4556506,4546140,BDE-154 (en sediment)
before_2007,0004,0009,F012278,Cubelles - Altafulla  - VEN03,377326,4556506,4546143,BDE-209 (en sediment)
before_2007,0004,0009,F012278,Cubelles - Altafulla  - VEN03,377326,4556506,4546144,Suma de BDE (en sediment)
before_2007,0004,0009,F012278,Cubelles - Altafulla  - VEN03,377326,4556506,4546148,PCB-28 (en sediment)
before_2007,0004,0009,F012278,Cubelles - Altafulla  - VEN03,377326,4556506,4546149,PCB-52 (en sediment)
before_2007,0004,0009,F012278,Cubelles - Altafulla  - VEN03,377326,4556506,4546150,PCB-101 (en sediment)
before_2007,0004,0009,F012278,Cubelles - Altafulla  - VEN03,377326,4556506,4546151,PCB-118 (en sediment)
before_2007,0004,0009,F012278,Cubelles - Altafulla  - VEN03,377326,4556506,4546152,PCB-138 (en sediment)
before_2007,0004,0009,F012278,Cubelles - Altafulla  - VEN03,377326,4556506,4546153,PCB-153 (en sediment)
before_2007,0004,0009,F012278,Cubelles - Altafulla  - VEN03,377326,4556506,4546154,PCB-180 (en sediment)
before_2007,0004,0009,F012278,Cubelles - Altafulla  - VEN03,377326,4556506,4546155,Suma PCBs (BCR) (en sediment)
before_2007,0004,0009,F012278,Cubelles - Altafulla  - VEN03,377326,4556506,4546156,Aldrín (en sediment)
before_2007,0004,0009,F012278,Cubelles - Altafulla  - VEN03,377326,4556506,4546157,Dieldrín (en sediment)
before_2007,0004,0009,F012278,Cubelles - Altafulla  - VEN03,377326,4556506,4546158,Endrín (en sediment)
before_2007,0004,0009,F012278,Cubelles - Altafulla  - VEN03,377326,4556506,4546159,Isodrín (en sediment)
before_2007,0004,0009,F012278,Cubelles - Altafulla  - VEN03,377326,4556506,4546160,Suma d'al-diel-iso-endrín (en sediment)
before_2007,0004,0009,F012278,Cubelles - Altafulla  - VEN03,377326,4556506,4546161,"2,4'-DDE (en sediment)"
before_2007,0004,0009,F012278,Cubelles - Altafulla  - VEN03,377326,4556506,4546162,"4,4'-DDE (en sediment)"
before_2007,0004,0009,F012278,Cubelles - Altafulla  - VEN03,377326,4556506,4546163,"2,4'-DDD (en sediment)"
before_2007,0004,0009,F012278,Cubelles - Altafulla  - VEN03,377326,4556506,4546164,"4,4'-DDD (en sediment)"
before_2007,0004,0009,F012278,Cubelles - Altafulla  - VEN03,377326,4556506,4546165,"2,4'-DDT (en sediment)"
before_2007,0004,0009,F012278,Cubelles - Altafulla  - VEN03,377326,4556506,4546166,"4,4'-DDT (en sediment)"
before_2007,0004,0009,F012278,Cubelles - Altafulla  - VEN03,377326,4556506,4546167,Suma de DDT (en sediment)
before_2007,0004,0009,F012278,Cubelles - Altafulla  - VEN03,377326,4556506,4546168,Hexaclorobenzè (en sediment)
before_2007,0004,0009,F012278,Cubelles - Altafulla  - VEN03,377326,4556506,4546169,Hexaclorobutadiè (en sediment)
before_2007,0004,0009,F012278,Cubelles - Altafulla  - VEN03,377326,4556506,4546170,a-Hexaclorociclohexà (en sediment)
before_2007,0004,0009,F012278,Cubelles - Altafulla  - VEN03,377326,4556506,4546171,b-Hexaclorociclohexà (en sediment)
before_2007,0004,0009,F012278,Cubelles - Altafulla  - VEN03,377326,4556506,4546172,Lindà(g-Hexaclorociclohexà) (en sediment)
before_2007,0004,0009,F012278,Cubelles - Altafulla  - VEN03,377326,4556506,4546173,Hexaclorociclohexà (en sediment)
before_2007,0004,0009,F012318,Salou - Cambrils - CAM01,341833,4547035,4610456,"2,4'-DDD (en sediment)"
before_2007,0004,0009,F012318,Salou - Cambrils - CAM01,341833,4547035,4610682,"2,4'-DDE (en sediment)"
before_2007,0004,0009,F012318,Salou - Cambrils - CAM01,341833,4547035,4610908,"2,4'-DDT (en sediment)"
before_2007,0004,0009,F012318,Salou - Cambrils - CAM01,341833,4547035,4611134,"4,4'-DDD (en sediment)"
before_2007,0004,0009,F012318,Salou - Cambrils - CAM01,341833,4547035,4611360,"4,4'-DDE (en sediment)"
before_2007,0004,0009,F012318,Salou - Cambrils - CAM01,341833,4547035,4611586,"4,4'-DDT (en sediment)"
before_2007,0004,0009,F012318,Salou - Cambrils - CAM01,341833,4547035,4612942,Acenaftè (en sediment)
before_2007,0004,0009,F012318,Salou - Cambrils - CAM01,341833,4547035,4613168,Acenaftilè (en sediment)
before_2007,0004,0009,F012318,Salou - Cambrils - CAM01,341833,4547035,4613394,a-Hexaclorociclohexà (en sediment)
before_2007,0004,0009,F012318,Salou - Cambrils - CAM01,341833,4547035,4613620,Aldrín (en sediment)
before_2007,0004,0009,F012318,Salou - Cambrils - CAM01,341833,4547035,4614072,Antracè (en sediment)
before_2007,0004,0009,F012318,Salou - Cambrils - CAM01,341833,4547035,4614524,BDE-100 (en sediment)
before_2007,0004,0009,F012318,Salou - Cambrils - CAM01,341833,4547035,4614750,BDE-153 (en sediment)
before_2007,0004,0009,F012318,Salou - Cambrils - CAM01,341833,4547035,4614976,BDE-154 (en sediment)
before_2007,0004,0009,F012318,Salou - Cambrils - CAM01,341833,4547035,4615675,BDE-209 (en sediment)
before_2007,0004,0009,F012318,Salou - Cambrils - CAM01,341833,4547035,4616125,BDE-47 (en sediment)
before_2007,0004,0009,F012318,Salou - Cambrils - CAM01,341833,4547035,4616350,BDE-99 (en sediment)
before_2007,0004,0009,F012318,Salou - Cambrils - CAM01,341833,4547035,4616643,Benzo(a)antracè (en sediment)
before_2007,0004,0009,F012318,Salou - Cambrils - CAM01,341833,4547035,4616868,Benzo(a)pirè (en sediment)
before_2007,0004,0009,F012318,Salou - Cambrils - CAM01,341833,4547035,4617093,Benzo(b)fluorantè (en sediment)
before_2007,0004,0009,F012318,Salou - Cambrils - CAM01,341833,4547035,4617318,Benzo(ghi)perilè (en sediment)
before_2007,0004,0009,F012318,Salou - Cambrils - CAM01,341833,4547035,4617543,Benzo(k)fluorantè (en sediment)
before_2007,0004,0009,F012318,Salou - Cambrils - CAM01,341833,4547035,4617769,b-Hexaclorociclohexà (en sediment)
before_2007,0004,0009,F012318,Salou - Cambrils - CAM01,341833,4547035,4619570,Crisè (en sediment)
before_2007,0004,0009,F012318,Salou - Cambrils - CAM01,341833,4547035,4620246,"Dibenzo(a,h)antracè (en sediment)"
before_2007,0004,0009,F012318,Salou - Cambrils - CAM01,341833,4547035,4620696,Dieldrín (en sediment)
before_2007,0004,0009,F012318,Salou - Cambrils - CAM01,341833,4547035,4621147,Endrín (en sediment)
before_2007,0004,0009,F012318,Salou - Cambrils - CAM01,341833,4547035,4621372,Fenantrè (en sediment)
before_2007,0004,0009,F012318,Salou - Cambrils - CAM01,341833,4547035,4622047,Fluorantè (en sediment)
before_2007,0004,0009,F012318,Salou - Cambrils - CAM01,341833,4547035,4622273,Fluorè (en sediment)
before_2007,0004,0009,F012318,Salou - Cambrils - CAM01,341833,4547035,4623399,Hexaclorobenzè (en sediment)
before_2007,0004,0009,F012318,Salou - Cambrils - CAM01,341833,4547035,4623624,Hexaclorobutadiè (en sediment)
before_2007,0004,0009,F012318,Salou - Cambrils - CAM01,341833,4547035,4623849,Hexaclorociclohexà (en sediment)
before_2007,0004,0009,F012318,Salou - Cambrils - CAM01,341833,4547035,4624074,"Indeno(1,2,3-cd)pirè (en sediment)"
before_2007,0004,0009,F012318,Salou - Cambrils - CAM01,341833,4547035,4624299,Isodrín (en sediment)
before_2007,0004,0009,F012318,Salou - Cambrils - CAM01,341833,4547035,4624525,Lindà(g-Hexaclorociclohexà) (en sediment)
before_2007,0004,0009,F012318,Salou - Cambrils - CAM01,341833,4547035,4625425,NPEO(e=0) (en sediment)
before_2007,0004,0009,F012318,Salou - Cambrils - CAM01,341833,4547035,4625882,PCB-101 (en sediment)
before_2007,0004,0009,F012318,Salou - Cambrils - CAM01,341833,4547035,4626557,PCB-118 (en sediment)
before_2007,0004,0009,F012318,Salou - Cambrils - CAM01,341833,4547035,4627233,PCB-138 (en sediment)
before_2007,0004,0009,F012318,Salou - Cambrils - CAM01,341833,4547035,4627458,PCB-153 (en sediment)
before_2007,0004,0009,F012318,Salou - Cambrils - CAM01,341833,4547035,4628809,PCB-180 (en sediment)
before_2007,0004,0009,F012318,Salou - Cambrils - CAM01,341833,4547035,4629260,PCB-28 (en sediment)
before_2007,0004,0009,F012318,Salou - Cambrils - CAM01,341833,4547035,4629485,PCB-52 (en sediment)
before_2007,0004,0009,F012318,Salou - Cambrils - CAM01,341833,4547035,4631512,Pirè (en sediment)
before_2007,0004,0009,F012318,Salou - Cambrils - CAM01,341833,4547035,4632638,Suma d'al-diel-iso-endrín (en sediment)
before_2007,0004,0009,F012318,Salou - Cambrils - CAM01,341833,4547035,4632863,Suma de BDE (en sediment)
before_2007,0004,0009,F012318,Salou - Cambrils - CAM01,341833,4547035,4633088,Suma de DDT (en sediment)
before_2007,0004,0009,F012318,Salou - Cambrils - CAM01,341833,4547035,4633313,Suma de PAH1 (en sediment)
before_2007,0004,0009,F012318,Salou - Cambrils - CAM01,341833,4547035,4633539,Suma de PAH2 (en sediments)
before_2007,0004,0009,F012318,Salou - Cambrils - CAM01,341833,4547035,4634439,Suma PCBs (BCR) (en sediment)
before_2007,0004,0009,F012319,Salou - Cambrils - CAM02,341900,4546351,4610457,"2,4'-DDD (en sediment)"
before_2007,0004,0009,F012319,Salou - Cambrils - CAM02,341900,4546351,4610683,"2,4'-DDE (en sediment)"
before_2007,0004,0009,F012319,Salou - Cambrils - CAM02,341900,4546351,4610909,"2,4'-DDT (en sediment)"
before_2007,0004,0009,F012319,Salou - Cambrils - CAM02,341900,4546351,4611135,"4,4'-DDD (en sediment)"
before_2007,0004,0009,F012319,Salou - Cambrils - CAM02,341900,4546351,4611361,"4,4'-DDE (en sediment)"
before_2007,0004,0009,F012319,Salou - Cambrils - CAM02,341900,4546351,4611587,"4,4'-DDT (en sediment)"
before_2007,0004,0009,F012319,Salou - Cambrils - CAM02,341900,4546351,4612943,Acenaftè (en sediment)
before_2007,0004,0009,F012319,Salou - Cambrils - CAM02,341900,4546351,4613169,Acenaftilè (en sediment)
before_2007,0004,0009,F012319,Salou - Cambrils - CAM02,341900,4546351,4613395,a-Hexaclorociclohexà (en sediment)
before_2007,0004,0009,F012319,Salou - Cambrils - CAM02,341900,4546351,4613621,Aldrín (en sediment)
before_2007,0004,0009,F012319,Salou - Cambrils - CAM02,341900,4546351,4614073,Antracè (en sediment)
before_2007,0004,0009,F012319,Salou - Cambrils - CAM02,341900,4546351,4614525,BDE-100 (en sediment)
before_2007,0004,0009,F012319,Salou - Cambrils - CAM02,341900,4546351,4614751,BDE-153 (en sediment)
before_2007,0004,0009,F012319,Salou - Cambrils - CAM02,341900,4546351,4614977,BDE-154 (en sediment)
before_2007,0004,0009,F012319,Salou - Cambrils - CAM02,341900,4546351,4615676,BDE-209 (en sediment)
before_2007,0004,0009,F012319,Salou - Cambrils - CAM02,341900,4546351,4616126,BDE-47 (en sediment)
before_2007,0004,0009,F012319,Salou - Cambrils - CAM02,341900,4546351,4616351,BDE-99 (en sediment)
before_2007,0004,0009,F012319,Salou - Cambrils - CAM02,341900,4546351,4616644,Benzo(a)antracè (en sediment)
before_2007,0004,0009,F012319,Salou - Cambrils - CAM02,341900,4546351,4616869,Benzo(a)pirè (en sediment)
before_2007,0004,0009,F012319,Salou - Cambrils - CAM02,341900,4546351,4617094,Benzo(b)fluorantè (en sediment)
before_2007,0004,0009,F012319,Salou - Cambrils - CAM02,341900,4546351,4617319,Benzo(ghi)perilè (en sediment)
before_2007,0004,0009,F012319,Salou - Cambrils - CAM02,341900,4546351,4617544,Benzo(k)fluorantè (en sediment)
before_2007,0004,0009,F012319,Salou - Cambrils - CAM02,341900,4546351,4617770,b-Hexaclorociclohexà (en sediment)
before_2007,0004,0009,F012319,Salou - Cambrils - CAM02,341900,4546351,4619571,Crisè (en sediment)
before_2007,0004,0009,F012319,Salou - Cambrils - CAM02,341900,4546351,4620247,"Dibenzo(a,h)antracè (en sediment)"
before_2007,0004,0009,F012319,Salou - Cambrils - CAM02,341900,4546351,4620697,Dieldrín (en sediment)
before_2007,0004,0009,F012319,Salou - Cambrils - CAM02,341900,4546351,4621148,Endrín (en sediment)
before_2007,0004,0009,F012319,Salou - Cambrils - CAM02,341900,4546351,4621373,Fenantrè (en sediment)
before_2007,0004,0009,F012319,Salou - Cambrils - CAM02,341900,4546351,4622048,Fluorantè (en sediment)
before_2007,0004,0009,F012319,Salou - Cambrils - CAM02,341900,4546351,4622274,Fluorè (en sediment)
before_2007,0004,0009,F012319,Salou - Cambrils - CAM02,341900,4546351,4623400,Hexaclorobenzè (en sediment)
before_2007,0004,0009,F012319,Salou - Cambrils - CAM02,341900,4546351,4623625,Hexaclorobutadiè (en sediment)
before_2007,0004,0009,F012319,Salou - Cambrils - CAM02,341900,4546351,4623850,Hexaclorociclohexà (en sediment)
before_2007,0004,0009,F012319,Salou - Cambrils - CAM02,341900,4546351,4624075,"Indeno(1,2,3-cd)pirè (en sediment)"
before_2007,0004,0009,F012319,Salou - Cambrils - CAM02,341900,4546351,4624300,Isodrín (en sediment)
before_2007,0004,0009,F012319,Salou - Cambrils - CAM02,341900,4546351,4624526,Lindà(g-Hexaclorociclohexà) (en sediment)
before_2007,0004,0009,F012319,Salou - Cambrils - CAM02,341900,4546351,4625426,NPEO(e=0) (en sediment)
before_2007,0004,0009,F012319,Salou - Cambrils - CAM02,341900,4546351,4625883,PCB-101 (en sediment)
before_2007,0004,0009,F012319,Salou - Cambrils - CAM02,341900,4546351,4626558,PCB-118 (en sediment)
before_2007,0004,0009,F012319,Salou - Cambrils - CAM02,341900,4546351,4627234,PCB-138 (en sediment)
before_2007,0004,0009,F012319,Salou - Cambrils - CAM02,341900,4546351,4627459,PCB-153 (en sediment)
before_2007,0004,0009,F012319,Salou - Cambrils - CAM02,341900,4546351,4628810,PCB-180 (en sediment)
before_2007,0004,0009,F012319,Salou - Cambrils - CAM02,341900,4546351,4629261,PCB-28 (en sediment)
before_2007,0004,0009,F012319,Salou - Cambrils - CAM02,341900,4546351,4629486,PCB-52 (en sediment)
before_2007,0004,0009,F012319,Salou - Cambrils - CAM02,341900,4546351,4631513,Pirè (en sediment)
before_2007,0004,0009,F012319,Salou - Cambrils - CAM02,341900,4546351,4632639,Suma d'al-diel-iso-endrín (en sediment)
before_2007,0004,0009,F012319,Salou - Cambrils - CAM02,341900,4546351,4632864,Suma de BDE (en sediment)
before_2007,0004,0009,F012319,Salou - Cambrils - CAM02,341900,4546351,4633089,Suma de DDT (en sediment)
before_2007,0004,0009,F012319,Salou - Cambrils - CAM02,341900,4546351,4633314,Suma de PAH1 (en sediment)
before_2007,0004,0009,F012319,Salou - Cambrils - CAM02,341900,4546351,4633540,Suma de PAH2 (en sediments)
before_2007,0004,0009,F012319,Salou - Cambrils - CAM02,341900,4546351,4634440,Suma PCBs (BCR) (en sediment)
before_2007,0004,0009,F012320,Salou - Cambrils - CAM03,341905,4545716,4546797,NPEO(e=0) (en sediment)
before_2007,0004,0009,F012320,Salou - Cambrils - CAM03,341905,4545716,4546801,Antracè (en sediment)
before_2007,0004,0009,F012320,Salou - Cambrils - CAM03,341905,4545716,4546802,Fluorantè (en sediment)
before_2007,0004,0009,F012320,Salou - Cambrils - CAM03,341905,4545716,4546804,Benzo(b)fluorantè (en sediment)
before_2007,0004,0009,F012320,Salou - Cambrils - CAM03,341905,4545716,4546805,Benzo(k)fluorantè (en sediment)
before_2007,0004,0009,F012320,Salou - Cambrils - CAM03,341905,4545716,4546806,Benzo(a)pirè (en sediment)
before_2007,0004,0009,F012320,Salou - Cambrils - CAM03,341905,4545716,4546807,Benzo(ghi)perilè (en sediment)
before_2007,0004,0009,F012320,Salou - Cambrils - CAM03,341905,4545716,4546808,"Indeno(1,2,3-cd)pirè (en sediment)"
before_2007,0004,0009,F012320,Salou - Cambrils - CAM03,341905,4545716,4546809,Acenaftè (en sediment)
before_2007,0004,0009,F012320,Salou - Cambrils - CAM03,341905,4545716,4546810,Acenaftilè (en sediment)
before_2007,0004,0009,F012320,Salou - Cambrils - CAM03,341905,4545716,4546811,Benzo(a)antracè (en sediment)
before_2007,0004,0009,F012320,Salou - Cambrils - CAM03,341905,4545716,4546812,Crisè (en sediment)
before_2007,0004,0009,F012320,Salou - Cambrils - CAM03,341905,4545716,4546813,"Dibenzo(a,h)antracè (en sediment)"
before_2007,0004,0009,F012320,Salou - Cambrils - CAM03,341905,4545716,4546814,Fenantrè (en sediment)
before_2007,0004,0009,F012320,Salou - Cambrils - CAM03,341905,4545716,4546815,Fluorè (en sediment)
before_2007,0004,0009,F012320,Salou - Cambrils - CAM03,341905,4545716,4546816,Pirè (en sediment)
before_2007,0004,0009,F012320,Salou - Cambrils - CAM03,341905,4545716,4546817,Suma de PAH1 (en sediment)
before_2007,0004,0009,F012320,Salou - Cambrils - CAM03,341905,4545716,4546818,Suma de PAH2 (en sediments)
before_2007,0004,0009,F012320,Salou - Cambrils - CAM03,341905,4545716,4546820,BDE-47 (en sediment)
before_2007,0004,0009,F012320,Salou - Cambrils - CAM03,341905,4545716,4546821,BDE-99 (en sediment)
before_2007,0004,0009,F012320,Salou - Cambrils - CAM03,341905,4545716,4546822,BDE-100 (en sediment)
before_2007,0004,0009,F012320,Salou - Cambrils - CAM03,341905,4545716,4546823,BDE-153 (en sediment)
before_2007,0004,0009,F012320,Salou - Cambrils - CAM03,341905,4545716,4546824,BDE-154 (en sediment)
before_2007,0004,0009,F012320,Salou - Cambrils - CAM03,341905,4545716,4546827,BDE-209 (en sediment)
before_2007,0004,0009,F012320,Salou - Cambrils - CAM03,341905,4545716,4546828,Suma de BDE (en sediment)
before_2007,0004,0009,F012320,Salou - Cambrils - CAM03,341905,4545716,4546832,PCB-28 (en sediment)
before_2007,0004,0009,F012320,Salou - Cambrils - CAM03,341905,4545716,4546833,PCB-52 (en sediment)
before_2007,0004,0009,F012320,Salou - Cambrils - CAM03,341905,4545716,4546834,PCB-101 (en sediment)
before_2007,0004,0009,F012320,Salou - Cambrils - CAM03,341905,4545716,4546835,PCB-118 (en sediment)
before_2007,0004,0009,F012320,Salou - Cambrils - CAM03,341905,4545716,4546836,PCB-138 (en sediment)
before_2007,0004,0009,F012320,Salou - Cambrils - CAM03,341905,4545716,4546837,PCB-153 (en sediment)
before_2007,0004,0009,F012320,Salou - Cambrils - CAM03,341905,4545716,4546838,PCB-180 (en sediment)
before_2007,0004,0009,F012320,Salou - Cambrils - CAM03,341905,4545716,4546839,Suma PCBs (BCR) (en sediment)
before_2007,0004,0009,F012320,Salou - Cambrils - CAM03,341905,4545716,4546840,Aldrín (en sediment)
before_2007,0004,0009,F012320,Salou - Cambrils - CAM03,341905,4545716,4546841,Dieldrín (en sediment)
before_2007,0004,0009,F012320,Salou - Cambrils - CAM03,341905,4545716,4546842,Endrín (en sediment)
before_2007,0004,0009,F012320,Salou - Cambrils - CAM03,341905,4545716,4546843,Isodrín (en sediment)
before_2007,0004,0009,F012320,Salou - Cambrils - CAM03,341905,4545716,4546844,Suma d'al-diel-iso-endrín (en sediment)
before_2007,0004,0009,F012320,Salou - Cambrils - CAM03,341905,4545716,4546845,"2,4'-DDE (en sediment)"
before_2007,0004,0009,F012320,Salou - Cambrils - CAM03,341905,4545716,4546846,"4,4'-DDE (en sediment)"
before_2007,0004,0009,F012320,Salou - Cambrils - CAM03,341905,4545716,4546847,"2,4'-DDD (en sediment)"
before_2007,0004,0009,F012320,Salou - Cambrils - CAM03,341905,4545716,4546848,"4,4'-DDD (en sediment)"
before_2007,0004,0009,F012320,Salou - Cambrils - CAM03,341905,4545716,4546849,"2,4'-DDT (en sediment)"
before_2007,0004,0009,F012320,Salou - Cambrils - CAM03,341905,4545716,4546850,"4,4'-DDT (en sediment)"
before_2007,0004,0009,F012320,Salou - Cambrils - CAM03,341905,4545716,4546851,Suma de DDT (en sediment)
before_2007,0004,0009,F012320,Salou - Cambrils - CAM03,341905,4545716,4546852,Hexaclorobenzè (en sediment)
before_2007,0004,0009,F012320,Salou - Cambrils - CAM03,341905,4545716,4546853,Hexaclorobutadiè (en sediment)
before_2007,0004,0009,F012320,Salou - Cambrils - CAM03,341905,4545716,4546854,a-Hexaclorociclohexà (en sediment)
before_2007,0004,0009,F012320,Salou - Cambrils - CAM03,341905,4545716,4546855,b-Hexaclorociclohexà (en sediment)
before_2007,0004,0009,F012320,Salou - Cambrils - CAM03,341905,4545716,4546856,Lindà(g-Hexaclorociclohexà) (en sediment)
before_2007,0004,0009,F012320,Salou - Cambrils - CAM03,341905,4545716,4546857,Hexaclorociclohexà (en sediment)
before_2007,0004,0009,F015972,Canyelles - CRO02,515717,4676725,4639705,NPEO(e=0) (en sediment)
before_2007,0004,0009,F015972,Canyelles - CRO02,515717,4676725,4639706,Acenaftè (en sediment)
before_2007,0004,0009,F015972,Canyelles - CRO02,515717,4676725,4639707,Fluorè (en sediment)
before_2007,0004,0009,F015972,Canyelles - CRO02,515717,4676725,4639708,Acenaftilè (en sediment)
before_2007,0004,0009,F015972,Canyelles - CRO02,515717,4676725,4639709,Fenantrè (en sediment)
before_2007,0004,0009,F015972,Canyelles - CRO02,515717,4676725,4639710,Antracè (en sediment)
before_2007,0004,0009,F015972,Canyelles - CRO02,515717,4676725,4639711,Fluorantè (en sediment)
before_2007,0004,0009,F015972,Canyelles - CRO02,515717,4676725,4639712,Pirè (en sediment)
before_2007,0004,0009,F015972,Canyelles - CRO02,515717,4676725,4639713,Benzo(a)antracè (en sediment)
before_2007,0004,0009,F015972,Canyelles - CRO02,515717,4676725,4639714,Crisè (en sediment)
before_2007,0004,0009,F015972,Canyelles - CRO02,515717,4676725,4639715,Benzo(b)fluorantè (en sediment)
before_2007,0004,0009,F015972,Canyelles - CRO02,515717,4676725,4639716,Benzo(k)fluorantè (en sediment)
before_2007,0004,0009,F015972,Canyelles - CRO02,515717,4676725,4639717,Benzo(a)pirè (en sediment)
before_2007,0004,0009,F015972,Canyelles - CRO02,515717,4676725,4639718,"Indeno(1,2,3-cd)pirè (en sediment)"
before_2007,0004,0009,F015972,Canyelles - CRO02,515717,4676725,4639719,Benzo(ghi)perilè (en sediment)
before_2007,0004,0009,F015972,Canyelles - CRO02,515717,4676725,4639720,"Dibenzo(a,h)antracè (en sediment)"
before_2007,0004,0009,F015972,Canyelles - CRO02,515717,4676725,4639721,Suma de PAH1 (en sediment)
before_2007,0004,0009,F015972,Canyelles - CRO02,515717,4676725,4639722,Suma de PAH2 (en sediments)
before_2007,0004,0009,F015972,Canyelles - CRO02,515717,4676725,4639723,a-Hexaclorociclohexà (en sediment)
before_2007,0004,0009,F015972,Canyelles - CRO02,515717,4676725,4639724,b-Hexaclorociclohexà (en sediment)
before_2007,0004,0009,F015972,Canyelles - CRO02,515717,4676725,4639725,Lindà(g-Hexaclorociclohexà) (en sediment)
before_2007,0004,0009,F015972,Canyelles - CRO02,515717,4676725,4639726,Hexaclorociclohexà (en sediment)
before_2007,0004,0009,F015972,Canyelles - CRO02,515717,4676725,4639727,Hexaclorobutadiè (en sediment)
before_2007,0004,0009,F015972,Canyelles - CRO02,515717,4676725,4639728,Hexaclorobenzè (en sediment)
before_2007,0004,0009,F015972,Canyelles - CRO02,515717,4676725,4639729,Aldrín (en sediment)
before_2007,0004,0009,F015972,Canyelles - CRO02,515717,4676725,4639730,Isodrín (en sediment)
before_2007,0004,0009,F015972,Canyelles - CRO02,515717,4676725,4639731,Dieldrín (en sediment)
before_2007,0004,0009,F015972,Canyelles - CRO02,515717,4676725,4639732,Endrín (en sediment)
before_2007,0004,0009,F015972,Canyelles - CRO02,515717,4676725,4639733,Suma d'al-diel-iso-endrín (en sediment)
before_2007,0004,0009,F015972,Canyelles - CRO02,515717,4676725,4639734,"2,4'-DDE (en sediment)"
before_2007,0004,0009,F015972,Canyelles - CRO02,515717,4676725,4639735,"4,4'-DDE (en sediment)"
before_2007,0004,0009,F015972,Canyelles - CRO02,515717,4676725,4639736,"2,4'-DDD (en sediment)"
before_2007,0004,0009,F015972,Canyelles - CRO02,515717,4676725,4639737,"4,4'-DDD (en sediment)"
before_2007,0004,0009,F015972,Canyelles - CRO02,515717,4676725,4639738,"2,4'-DDT (en sediment)"
before_2007,0004,0009,F015972,Canyelles - CRO02,515717,4676725,4639739,"4,4'-DDT (en sediment)"
before_2007,0004,0009,F015972,Canyelles - CRO02,515717,4676725,4639740,Suma de DDT (en sediment)
before_2007,0004,0009,F015972,Canyelles - CRO02,515717,4676725,4639741,BDE-47 (en sediment)
before_2007,0004,0009,F015972,Canyelles - CRO02,515717,4676725,4639742,BDE-99 (en sediment)
before_2007,0004,0009,F015972,Canyelles - CRO02,515717,4676725,4639743,BDE-100 (en sediment)
before_2007,0004,0009,F015972,Canyelles - CRO02,515717,4676725,4639744,BDE-153 (en sediment)
before_2007,0004,0009,F015972,Canyelles - CRO02,515717,4676725,4639745,BDE-154 (en sediment)
before_2007,0004,0009,F015972,Canyelles - CRO02,515717,4676725,4639746,BDE-209 (en sediment)
before_2007,0004,0009,F015972,Canyelles - CRO02,515717,4676725,4639747,Suma de BDE (en sediment)
before_2007,0004,0009,F015972,Canyelles - CRO02,515717,4676725,4639748,PCB-28 (en sediment)
before_2007,0004,0009,F015972,Canyelles - CRO02,515717,4676725,4639749,PCB-52 (en sediment)
before_2007,0004,0009,F015972,Canyelles - CRO02,515717,4676725,4639750,PCB-101 (en sediment)
before_2007,0004,0009,F015972,Canyelles - CRO02,515717,4676725,4639751,PCB-138 (en sediment)
before_2007,0004,0009,F015972,Canyelles - CRO02,515717,4676725,4639752,PCB-153 (en sediment)
before_2007,0004,0009,F015972,Canyelles - CRO02,515717,4676725,4639753,PCB-180 (en sediment)
before_2007,0004,0009,F015972,Canyelles - CRO02,515717,4676725,4639754,Suma PCBs (BCR) (en sediment)
before_2007,0004,0009,F015972,Canyelles - CRO02,515717,4676725,4639755,PCB-118 (en sediment)
before_2007,0004,0009,F015974,Mataró - Montgat - MAT03,453699,4593465,4610336,"2,4'-DDD (en sediment)"
before_2007,0004,0009,F015974,Mataró - Montgat - MAT03,453699,4593465,4610562,"2,4'-DDE (en sediment)"
before_2007,0004,0009,F015974,Mataró - Montgat - MAT03,453699,4593465,4610788,"2,4'-DDT (en sediment)"
before_2007,0004,0009,F015974,Mataró - Montgat - MAT03,453699,4593465,4611014,"4,4'-DDD (en sediment)"
before_2007,0004,0009,F015974,Mataró - Montgat - MAT03,453699,4593465,4611240,"4,4'-DDE (en sediment)"
before_2007,0004,0009,F015974,Mataró - Montgat - MAT03,453699,4593465,4611466,"4,4'-DDT (en sediment)"
before_2007,0004,0009,F015974,Mataró - Montgat - MAT03,453699,4593465,4612822,Acenaftè (en sediment)
before_2007,0004,0009,F015974,Mataró - Montgat - MAT03,453699,4593465,4613048,Acenaftilè (en sediment)
before_2007,0004,0009,F015974,Mataró - Montgat - MAT03,453699,4593465,4613274,a-Hexaclorociclohexà (en sediment)
before_2007,0004,0009,F015974,Mataró - Montgat - MAT03,453699,4593465,4613500,Aldrín (en sediment)
before_2007,0004,0009,F015974,Mataró - Montgat - MAT03,453699,4593465,4613952,Antracè (en sediment)
before_2007,0004,0009,F015974,Mataró - Montgat - MAT03,453699,4593465,4614404,BDE-100 (en sediment)
before_2007,0004,0009,F015974,Mataró - Montgat - MAT03,453699,4593465,4614630,BDE-153 (en sediment)
before_2007,0004,0009,F015974,Mataró - Montgat - MAT03,453699,4593465,4614856,BDE-154 (en sediment)
before_2007,0004,0009,F015974,Mataró - Montgat - MAT03,453699,4593465,4615555,BDE-209 (en sediment)
before_2007,0004,0009,F015974,Mataró - Montgat - MAT03,453699,4593465,4616005,BDE-47 (en sediment)
before_2007,0004,0009,F015974,Mataró - Montgat - MAT03,453699,4593465,4616230,BDE-99 (en sediment)
before_2007,0004,0009,F015974,Mataró - Montgat - MAT03,453699,4593465,4616523,Benzo(a)antracè (en sediment)
before_2007,0004,0009,F015974,Mataró - Montgat - MAT03,453699,4593465,4616748,Benzo(a)pirè (en sediment)
before_2007,0004,0009,F015974,Mataró - Montgat - MAT03,453699,4593465,4616973,Benzo(b)fluorantè (en sediment)
before_2007,0004,0009,F015974,Mataró - Montgat - MAT03,453699,4593465,4617198,Benzo(ghi)perilè (en sediment)
before_2007,0004,0009,F015974,Mataró - Montgat - MAT03,453699,4593465,4617423,Benzo(k)fluorantè (en sediment)
before_2007,0004,0009,F015974,Mataró - Montgat - MAT03,453699,4593465,4617649,b-Hexaclorociclohexà (en sediment)
before_2007,0004,0009,F015974,Mataró - Montgat - MAT03,453699,4593465,4619450,Crisè (en sediment)
before_2007,0004,0009,F015974,Mataró - Montgat - MAT03,453699,4593465,4620126,"Dibenzo(a,h)antracè (en sediment)"
before_2007,0004,0009,F015974,Mataró - Montgat - MAT03,453699,4593465,4620576,Dieldrín (en sediment)
before_2007,0004,0009,F015974,Mataró - Montgat - MAT03,453699,4593465,4621027,Endrín (en sediment)
before_2007,0004,0009,F015974,Mataró - Montgat - MAT03,453699,4593465,4621252,Fenantrè (en sediment)
before_2007,0004,0009,F015974,Mataró - Montgat - MAT03,453699,4593465,4621927,Fluorantè (en sediment)
before_2007,0004,0009,F015974,Mataró - Montgat - MAT03,453699,4593465,4622153,Fluorè (en sediment)
before_2007,0004,0009,F015974,Mataró - Montgat - MAT03,453699,4593465,4623279,Hexaclorobenzè (en sediment)
before_2007,0004,0009,F015974,Mataró - Montgat - MAT03,453699,4593465,4623504,Hexaclorobutadiè (en sediment)
before_2007,0004,0009,F015974,Mataró - Montgat - MAT03,453699,4593465,4623729,Hexaclorociclohexà (en sediment)
before_2007,0004,0009,F015974,Mataró - Montgat - MAT03,453699,4593465,4623954,"Indeno(1,2,3-cd)pirè (en sediment)"
before_2007,0004,0009,F015974,Mataró - Montgat - MAT03,453699,4593465,4624179,Isodrín (en sediment)
before_2007,0004,0009,F015974,Mataró - Montgat - MAT03,453699,4593465,4624405,Lindà(g-Hexaclorociclohexà) (en sediment)
before_2007,0004,0009,F015974,Mataró - Montgat - MAT03,453699,4593465,4625305,NPEO(e=0) (en sediment)
before_2007,0004,0009,F015974,Mataró - Montgat - MAT03,453699,4593465,4625762,PCB-101 (en sediment)
before_2007,0004,0009,F015974,Mataró - Montgat - MAT03,453699,4593465,4626437,PCB-118 (en sediment)
before_2007,0004,0009,F015974,Mataró - Montgat - MAT03,453699,4593465,4627113,PCB-138 (en sediment)
before_2007,0004,0009,F015974,Mataró - Montgat - MAT03,453699,4593465,4627338,PCB-153 (en sediment)
before_2007,0004,0009,F015974,Mataró - Montgat - MAT03,453699,4593465,4628689,PCB-180 (en sediment)
before_2007,0004,0009,F015974,Mataró - Montgat - MAT03,453699,4593465,4629140,PCB-28 (en sediment)
before_2007,0004,0009,F015974,Mataró - Montgat - MAT03,453699,4593465,4629365,PCB-52 (en sediment)
before_2007,0004,0009,F015974,Mataró - Montgat - MAT03,453699,4593465,4631392,Pirè (en sediment)
before_2007,0004,0009,F015974,Mataró - Montgat - MAT03,453699,4593465,4632518,Suma d'al-diel-iso-endrín (en sediment)
before_2007,0004,0009,F015974,Mataró - Montgat - MAT03,453699,4593465,4632743,Suma de BDE (en sediment)
before_2007,0004,0009,F015974,Mataró - Montgat - MAT03,453699,4593465,4632968,Suma de DDT (en sediment)
before_2007,0004,0009,F015974,Mataró - Montgat - MAT03,453699,4593465,4633193,Suma de PAH1 (en sediment)
before_2007,0004,0009,F015974,Mataró - Montgat - MAT03,453699,4593465,4633419,Suma de PAH2 (en sediments)
before_2007,0004,0009,F015974,Mataró - Montgat - MAT03,453699,4593465,4634319,Suma PCBs (BCR) (en sediment)
before_2007,0004,0009,F015987,Vilanova i la Geltrú - VIL03,395451,4556001,4610403,"2,4'-DDD (en sediment)"
before_2007,0004,0009,F015987,Vilanova i la Geltrú - VIL03,395451,4556001,4610629,"2,4'-DDE (en sediment)"
before_2007,0004,0009,F015987,Vilanova i la Geltrú - VIL03,395451,4556001,4610855,"2,4'-DDT (en sediment)"
before_2007,0004,0009,F015987,Vilanova i la Geltrú - VIL03,395451,4556001,4611081,"4,4'-DDD (en sediment)"
before_2007,0004,0009,F015987,Vilanova i la Geltrú - VIL03,395451,4556001,4611307,"4,4'-DDE (en sediment)"
before_2007,0004,0009,F015987,Vilanova i la Geltrú - VIL03,395451,4556001,4611533,"4,4'-DDT (en sediment)"
before_2007,0004,0009,F015987,Vilanova i la Geltrú - VIL03,395451,4556001,4612889,Acenaftè (en sediment)
before_2007,0004,0009,F015987,Vilanova i la Geltrú - VIL03,395451,4556001,4613115,Acenaftilè (en sediment)
before_2007,0004,0009,F015987,Vilanova i la Geltrú - VIL03,395451,4556001,4613341,a-Hexaclorociclohexà (en sediment)
before_2007,0004,0009,F015987,Vilanova i la Geltrú - VIL03,395451,4556001,4613567,Aldrín (en sediment)
before_2007,0004,0009,F015987,Vilanova i la Geltrú - VIL03,395451,4556001,4614019,Antracè (en sediment)
before_2007,0004,0009,F015987,Vilanova i la Geltrú - VIL03,395451,4556001,4614471,BDE-100 (en sediment)
before_2007,0004,0009,F015987,Vilanova i la Geltrú - VIL03,395451,4556001,4614697,BDE-153 (en sediment)
before_2007,0004,0009,F015987,Vilanova i la Geltrú - VIL03,395451,4556001,4614923,BDE-154 (en sediment)
before_2007,0004,0009,F015987,Vilanova i la Geltrú - VIL03,395451,4556001,4615622,BDE-209 (en sediment)
before_2007,0004,0009,F015987,Vilanova i la Geltrú - VIL03,395451,4556001,4616072,BDE-47 (en sediment)
before_2007,0004,0009,F015987,Vilanova i la Geltrú - VIL03,395451,4556001,4616297,BDE-99 (en sediment)
before_2007,0004,0009,F015987,Vilanova i la Geltrú - VIL03,395451,4556001,4616590,Benzo(a)antracè (en sediment)
before_2007,0004,0009,F015987,Vilanova i la Geltrú - VIL03,395451,4556001,4616815,Benzo(a)pirè (en sediment)
before_2007,0004,0009,F015987,Vilanova i la Geltrú - VIL03,395451,4556001,4617040,Benzo(b)fluorantè (en sediment)
before_2007,0004,0009,F015987,Vilanova i la Geltrú - VIL03,395451,4556001,4617265,Benzo(ghi)perilè (en sediment)
before_2007,0004,0009,F015987,Vilanova i la Geltrú - VIL03,395451,4556001,4617490,Benzo(k)fluorantè (en sediment)
before_2007,0004,0009,F015987,Vilanova i la Geltrú - VIL03,395451,4556001,4617716,b-Hexaclorociclohexà (en sediment)
before_2007,0004,0009,F015987,Vilanova i la Geltrú - VIL03,395451,4556001,4619517,Crisè (en sediment)
before_2007,0004,0009,F015987,Vilanova i la Geltrú - VIL03,395451,4556001,4620193,"Dibenzo(a,h)antracè (en sediment)"
before_2007,0004,0009,F015987,Vilanova i la Geltrú - VIL03,395451,4556001,4620643,Dieldrín (en sediment)
before_2007,0004,0009,F015987,Vilanova i la Geltrú - VIL03,395451,4556001,4621094,Endrín (en sediment)
before_2007,0004,0009,F015987,Vilanova i la Geltrú - VIL03,395451,4556001,4621319,Fenantrè (en sediment)
before_2007,0004,0009,F015987,Vilanova i la Geltrú - VIL03,395451,4556001,4621994,Fluorantè (en sediment)
before_2007,0004,0009,F015987,Vilanova i la Geltrú - VIL03,395451,4556001,4622220,Fluorè (en sediment)
before_2007,0004,0009,F015987,Vilanova i la Geltrú - VIL03,395451,4556001,4623346,Hexaclorobenzè (en sediment)
before_2007,0004,0009,F015987,Vilanova i la Geltrú - VIL03,395451,4556001,4623571,Hexaclorobutadiè (en sediment)
before_2007,0004,0009,F015987,Vilanova i la Geltrú - VIL03,395451,4556001,4623796,Hexaclorociclohexà (en sediment)
before_2007,0004,0009,F015987,Vilanova i la Geltrú - VIL03,395451,4556001,4624021,"Indeno(1,2,3-cd)pirè (en sediment)"
before_2007,0004,0009,F015987,Vilanova i la Geltrú - VIL03,395451,4556001,4624246,Isodrín (en sediment)
before_2007,0004,0009,F015987,Vilanova i la Geltrú - VIL03,395451,4556001,4624472,Lindà(g-Hexaclorociclohexà) (en sediment)
before_2007,0004,0009,F015987,Vilanova i la Geltrú - VIL03,395451,4556001,4625372,NPEO(e=0) (en sediment)
before_2007,0004,0009,F015987,Vilanova i la Geltrú - VIL03,395451,4556001,4625829,PCB-101 (en sediment)
before_2007,0004,0009,F015987,Vilanova i la Geltrú - VIL03,395451,4556001,4626504,PCB-118 (en sediment)
before_2007,0004,0009,F015987,Vilanova i la Geltrú - VIL03,395451,4556001,4627180,PCB-138 (en sediment)
before_2007,0004,0009,F015987,Vilanova i la Geltrú - VIL03,395451,4556001,4627405,PCB-153 (en sediment)
before_2007,0004,0009,F015987,Vilanova i la Geltrú - VIL03,395451,4556001,4628756,PCB-180 (en sediment)
before_2007,0004,0009,F015987,Vilanova i la Geltrú - VIL03,395451,4556001,4629207,PCB-28 (en sediment)
before_2007,0004,0009,F015987,Vilanova i la Geltrú - VIL03,395451,4556001,4629432,PCB-52 (en sediment)
before_2007,0004,0009,F015987,Vilanova i la Geltrú - VIL03,395451,4556001,4631459,Pirè (en sediment)
before_2007,0004,0009,F015987,Vilanova i la Geltrú - VIL03,395451,4556001,4632585,Suma d'al-diel-iso-endrín (en sediment)
before_2007,0004,0009,F015987,Vilanova i la Geltrú - VIL03,395451,4556001,4632810,Suma de BDE (en sediment)
before_2007,0004,0009,F015987,Vilanova i la Geltrú - VIL03,395451,4556001,4633035,Suma de DDT (en sediment)
before_2007,0004,0009,F015987,Vilanova i la Geltrú - VIL03,395451,4556001,4633260,Suma de PAH1 (en sediment)
before_2007,0004,0009,F015987,Vilanova i la Geltrú - VIL03,395451,4556001,4633486,Suma de PAH2 (en sediments)
before_2007,0004,0009,F015987,Vilanova i la Geltrú - VIL03,395451,4556001,4634386,Suma PCBs (BCR) (en sediment)
before_2007,0004,0009,F015988,Cubelles - Altafulla  - VEN01,376937,4558440,4610422,"2,4'-DDD (en sediment)"
before_2007,0004,0009,F015988,Cubelles - Altafulla  - VEN01,376937,4558440,4610648,"2,4'-DDE (en sediment)"
before_2007,0004,0009,F015988,Cubelles - Altafulla  - VEN01,376937,4558440,4610874,"2,4'-DDT (en sediment)"
before_2007,0004,0009,F015988,Cubelles - Altafulla  - VEN01,376937,4558440,4611100,"4,4'-DDD (en sediment)"
before_2007,0004,0009,F015988,Cubelles - Altafulla  - VEN01,376937,4558440,4611326,"4,4'-DDE (en sediment)"
before_2007,0004,0009,F015988,Cubelles - Altafulla  - VEN01,376937,4558440,4611552,"4,4'-DDT (en sediment)"
before_2007,0004,0009,F015988,Cubelles - Altafulla  - VEN01,376937,4558440,4612908,Acenaftè (en sediment)
before_2007,0004,0009,F015988,Cubelles - Altafulla  - VEN01,376937,4558440,4613134,Acenaftilè (en sediment)
before_2007,0004,0009,F015988,Cubelles - Altafulla  - VEN01,376937,4558440,4613360,a-Hexaclorociclohexà (en sediment)
before_2007,0004,0009,F015988,Cubelles - Altafulla  - VEN01,376937,4558440,4613586,Aldrín (en sediment)
before_2007,0004,0009,F015988,Cubelles - Altafulla  - VEN01,376937,4558440,4614038,Antracè (en sediment)
before_2007,0004,0009,F015988,Cubelles - Altafulla  - VEN01,376937,4558440,4614490,BDE-100 (en sediment)
before_2007,0004,0009,F015988,Cubelles - Altafulla  - VEN01,376937,4558440,4614716,BDE-153 (en sediment)
before_2007,0004,0009,F015988,Cubelles - Altafulla  - VEN01,376937,4558440,4614942,BDE-154 (en sediment)
before_2007,0004,0009,F015988,Cubelles - Altafulla  - VEN01,376937,4558440,4615641,BDE-209 (en sediment)
before_2007,0004,0009,F015988,Cubelles - Altafulla  - VEN01,376937,4558440,4616091,BDE-47 (en sediment)
before_2007,0004,0009,F015988,Cubelles - Altafulla  - VEN01,376937,4558440,4616316,BDE-99 (en sediment)
before_2007,0004,0009,F015988,Cubelles - Altafulla  - VEN01,376937,4558440,4616609,Benzo(a)antracè (en sediment)
before_2007,0004,0009,F015988,Cubelles - Altafulla  - VEN01,376937,4558440,4616834,Benzo(a)pirè (en sediment)
before_2007,0004,0009,F015988,Cubelles - Altafulla  - VEN01,376937,4558440,4617059,Benzo(b)fluorantè (en sediment)
before_2007,0004,0009,F015988,Cubelles - Altafulla  - VEN01,376937,4558440,4617284,Benzo(ghi)perilè (en sediment)
before_2007,0004,0009,F015988,Cubelles - Altafulla  - VEN01,376937,4558440,4617509,Benzo(k)fluorantè (en sediment)
before_2007,0004,0009,F015988,Cubelles - Altafulla  - VEN01,376937,4558440,4617735,b-Hexaclorociclohexà (en sediment)
before_2007,0004,0009,F015988,Cubelles - Altafulla  - VEN01,376937,4558440,4619536,Crisè (en sediment)
before_2007,0004,0009,F015988,Cubelles - Altafulla  - VEN01,376937,4558440,4620212,"Dibenzo(a,h)antracè (en sediment)"
before_2007,0004,0009,F015988,Cubelles - Altafulla  - VEN01,376937,4558440,4620662,Dieldrín (en sediment)
before_2007,0004,0009,F015988,Cubelles - Altafulla  - VEN01,376937,4558440,4621113,Endrín (en sediment)
before_2007,0004,0009,F015988,Cubelles - Altafulla  - VEN01,376937,4558440,4621338,Fenantrè (en sediment)
before_2007,0004,0009,F015988,Cubelles - Altafulla  - VEN01,376937,4558440,4622013,Fluorantè (en sediment)
before_2007,0004,0009,F015988,Cubelles - Altafulla  - VEN01,376937,4558440,4622239,Fluorè (en sediment)
before_2007,0004,0009,F015988,Cubelles - Altafulla  - VEN01,376937,4558440,4623365,Hexaclorobenzè (en sediment)
before_2007,0004,0009,F015988,Cubelles - Altafulla  - VEN01,376937,4558440,4623590,Hexaclorobutadiè (en sediment)
before_2007,0004,0009,F015988,Cubelles - Altafulla  - VEN01,376937,4558440,4623815,Hexaclorociclohexà (en sediment)
before_2007,0004,0009,F015988,Cubelles - Altafulla  - VEN01,376937,4558440,4624040,"Indeno(1,2,3-cd)pirè (en sediment)"
before_2007,0004,0009,F015988,Cubelles - Altafulla  - VEN01,376937,4558440,4624265,Isodrín (en sediment)
before_2007,0004,0009,F015988,Cubelles - Altafulla  - VEN01,376937,4558440,4624491,Lindà(g-Hexaclorociclohexà) (en sediment)
before_2007,0004,0009,F015988,Cubelles - Altafulla  - VEN01,376937,4558440,4625391,NPEO(e=0) (en sediment)
before_2007,0004,0009,F015988,Cubelles - Altafulla  - VEN01,376937,4558440,4625848,PCB-101 (en sediment)
before_2007,0004,0009,F015988,Cubelles - Altafulla  - VEN01,376937,4558440,4626523,PCB-118 (en sediment)
before_2007,0004,0009,F015988,Cubelles - Altafulla  - VEN01,376937,4558440,4627199,PCB-138 (en sediment)
before_2007,0004,0009,F015988,Cubelles - Altafulla  - VEN01,376937,4558440,4627424,PCB-153 (en sediment)
before_2007,0004,0009,F015988,Cubelles - Altafulla  - VEN01,376937,4558440,4628775,PCB-180 (en sediment)
before_2007,0004,0009,F015988,Cubelles - Altafulla  - VEN01,376937,4558440,4629226,PCB-28 (en sediment)
before_2007,0004,0009,F015988,Cubelles - Altafulla  - VEN01,376937,4558440,4629451,PCB-52 (en sediment)
before_2007,0004,0009,F015988,Cubelles - Altafulla  - VEN01,376937,4558440,4631478,Pirè (en sediment)
before_2007,0004,0009,F015988,Cubelles - Altafulla  - VEN01,376937,4558440,4632604,Suma d'al-diel-iso-endrín (en sediment)
before_2007,0004,0009,F015988,Cubelles - Altafulla  - VEN01,376937,4558440,4632829,Suma de BDE (en sediment)
before_2007,0004,0009,F015988,Cubelles - Altafulla  - VEN01,376937,4558440,4633054,Suma de DDT (en sediment)
before_2007,0004,0009,F015988,Cubelles - Altafulla  - VEN01,376937,4558440,4633279,Suma de PAH1 (en sediment)
before_2007,0004,0009,F015988,Cubelles - Altafulla  - VEN01,376937,4558440,4633505,Suma de PAH2 (en sediments)
before_2007,0004,0009,F015988,Cubelles - Altafulla  - VEN01,376937,4558440,4634405,Suma PCBs (BCR) (en sediment)
before_2007,0004,0009,F016032,Mataró - Montgat - MAT01,452476,4594606,4610334,"2,4'-DDD (en sediment)"
before_2007,0004,0009,F016032,Mataró - Montgat - MAT01,452476,4594606,4610560,"2,4'-DDE (en sediment)"
before_2007,0004,0009,F016032,Mataró - Montgat - MAT01,452476,4594606,4610786,"2,4'-DDT (en sediment)"
before_2007,0004,0009,F016032,Mataró - Montgat - MAT01,452476,4594606,4611012,"4,4'-DDD (en sediment)"
before_2007,0004,0009,F016032,Mataró - Montgat - MAT01,452476,4594606,4611238,"4,4'-DDE (en sediment)"
before_2007,0004,0009,F016032,Mataró - Montgat - MAT01,452476,4594606,4611464,"4,4'-DDT (en sediment)"
before_2007,0004,0009,F016032,Mataró - Montgat - MAT01,452476,4594606,4612820,Acenaftè (en sediment)
before_2007,0004,0009,F016032,Mataró - Montgat - MAT01,452476,4594606,4613046,Acenaftilè (en sediment)
before_2007,0004,0009,F016032,Mataró - Montgat - MAT01,452476,4594606,4613272,a-Hexaclorociclohexà (en sediment)
before_2007,0004,0009,F016032,Mataró - Montgat - MAT01,452476,4594606,4613498,Aldrín (en sediment)
before_2007,0004,0009,F016032,Mataró - Montgat - MAT01,452476,4594606,4613950,Antracè (en sediment)
before_2007,0004,0009,F016032,Mataró - Montgat - MAT01,452476,4594606,4614402,BDE-100 (en sediment)
before_2007,0004,0009,F016032,Mataró - Montgat - MAT01,452476,4594606,4614628,BDE-153 (en sediment)
before_2007,0004,0009,F016032,Mataró - Montgat - MAT01,452476,4594606,4614854,BDE-154 (en sediment)
before_2007,0004,0009,F016032,Mataró - Montgat - MAT01,452476,4594606,4615553,BDE-209 (en sediment)
before_2007,0004,0009,F016032,Mataró - Montgat - MAT01,452476,4594606,4616003,BDE-47 (en sediment)
before_2007,0004,0009,F016032,Mataró - Montgat - MAT01,452476,4594606,4616228,BDE-99 (en sediment)
before_2007,0004,0009,F016032,Mataró - Montgat - MAT01,452476,4594606,4616521,Benzo(a)antracè (en sediment)
before_2007,0004,0009,F016032,Mataró - Montgat - MAT01,452476,4594606,4616746,Benzo(a)pirè (en sediment)
before_2007,0004,0009,F016032,Mataró - Montgat - MAT01,452476,4594606,4616971,Benzo(b)fluorantè (en sediment)
before_2007,0004,0009,F016032,Mataró - Montgat - MAT01,452476,4594606,4617196,Benzo(ghi)perilè (en sediment)
before_2007,0004,0009,F016032,Mataró - Montgat - MAT01,452476,4594606,4617421,Benzo(k)fluorantè (en sediment)
before_2007,0004,0009,F016032,Mataró - Montgat - MAT01,452476,4594606,4617647,b-Hexaclorociclohexà (en sediment)
before_2007,0004,0009,F016032,Mataró - Montgat - MAT01,452476,4594606,4619448,Crisè (en sediment)
before_2007,0004,0009,F016032,Mataró - Montgat - MAT01,452476,4594606,4620124,"Dibenzo(a,h)antracè (en sediment)"
before_2007,0004,0009,F016032,Mataró - Montgat - MAT01,452476,4594606,4620574,Dieldrín (en sediment)
before_2007,0004,0009,F016032,Mataró - Montgat - MAT01,452476,4594606,4621025,Endrín (en sediment)
before_2007,0004,0009,F016032,Mataró - Montgat - MAT01,452476,4594606,4621250,Fenantrè (en sediment)
before_2007,0004,0009,F016032,Mataró - Montgat - MAT01,452476,4594606,4621925,Fluorantè (en sediment)
before_2007,0004,0009,F016032,Mataró - Montgat - MAT01,452476,4594606,4622151,Fluorè (en sediment)
before_2007,0004,0009,F016032,Mataró - Montgat - MAT01,452476,4594606,4623277,Hexaclorobenzè (en sediment)
before_2007,0004,0009,F016032,Mataró - Montgat - MAT01,452476,4594606,4623502,Hexaclorobutadiè (en sediment)
before_2007,0004,0009,F016032,Mataró - Montgat - MAT01,452476,4594606,4623727,Hexaclorociclohexà (en sediment)
before_2007,0004,0009,F016032,Mataró - Montgat - MAT01,452476,4594606,4623952,"Indeno(1,2,3-cd)pirè (en sediment)"
before_2007,0004,0009,F016032,Mataró - Montgat - MAT01,452476,4594606,4624177,Isodrín (en sediment)
before_2007,0004,0009,F016032,Mataró - Montgat - MAT01,452476,4594606,4624403,Lindà(g-Hexaclorociclohexà) (en sediment)
before_2007,0004,0009,F016032,Mataró - Montgat - MAT01,452476,4594606,4625303,NPEO(e=0) (en sediment)
before_2007,0004,0009,F016032,Mataró - Montgat - MAT01,452476,4594606,4625760,PCB-101 (en sediment)
before_2007,0004,0009,F016032,Mataró - Montgat - MAT01,452476,4594606,4626435,PCB-118 (en sediment)
before_2007,0004,0009,F016032,Mataró - Montgat - MAT01,452476,4594606,4627111,PCB-138 (en sediment)
before_2007,0004,0009,F016032,Mataró - Montgat - MAT01,452476,4594606,4627336,PCB-153 (en sediment)
before_2007,0004,0009,F016032,Mataró - Montgat - MAT01,452476,4594606,4628687,PCB-180 (en sediment)
before_2007,0004,0009,F016032,Mataró - Montgat - MAT01,452476,4594606,4629138,PCB-28 (en sediment)
before_2007,0004,0009,F016032,Mataró - Montgat - MAT01,452476,4594606,4629363,PCB-52 (en sediment)
before_2007,0004,0009,F016032,Mataró - Montgat - MAT01,452476,4594606,4631390,Pirè (en sediment)
before_2007,0004,0009,F016032,Mataró - Montgat - MAT01,452476,4594606,4632516,Suma d'al-diel-iso-endrín (en sediment)
before_2007,0004,0009,F016032,Mataró - Montgat - MAT01,452476,4594606,4632741,Suma de BDE (en sediment)
before_2007,0004,0009,F016032,Mataró - Montgat - MAT01,452476,4594606,4632966,Suma de DDT (en sediment)
before_2007,0004,0009,F016032,Mataró - Montgat - MAT01,452476,4594606,4633191,Suma de PAH1 (en sediment)
before_2007,0004,0009,F016032,Mataró - Montgat - MAT01,452476,4594606,4633417,Suma de PAH2 (en sediments)
before_2007,0004,0009,F016032,Mataró - Montgat - MAT01,452476,4594606,4634317,Suma PCBs (BCR) (en sediment)
before_2007,0004,0009,F016033,Mataró - Montgat - MAT02,453239,4593945,4610335,"2,4'-DDD (en sediment)"
before_2007,0004,0009,F016033,Mataró - Montgat - MAT02,453239,4593945,4610561,"2,4'-DDE (en sediment)"
before_2007,0004,0009,F016033,Mataró - Montgat - MAT02,453239,4593945,4610787,"2,4'-DDT (en sediment)"
before_2007,0004,0009,F016033,Mataró - Montgat - MAT02,453239,4593945,4611013,"4,4'-DDD (en sediment)"
before_2007,0004,0009,F016033,Mataró - Montgat - MAT02,453239,4593945,4611239,"4,4'-DDE (en sediment)"
before_2007,0004,0009,F016033,Mataró - Montgat - MAT02,453239,4593945,4611465,"4,4'-DDT (en sediment)"
before_2007,0004,0009,F016033,Mataró - Montgat - MAT02,453239,4593945,4612821,Acenaftè (en sediment)
before_2007,0004,0009,F016033,Mataró - Montgat - MAT02,453239,4593945,4613047,Acenaftilè (en sediment)
before_2007,0004,0009,F016033,Mataró - Montgat - MAT02,453239,4593945,4613273,a-Hexaclorociclohexà (en sediment)
before_2007,0004,0009,F016033,Mataró - Montgat - MAT02,453239,4593945,4613499,Aldrín (en sediment)
before_2007,0004,0009,F016033,Mataró - Montgat - MAT02,453239,4593945,4613951,Antracè (en sediment)
before_2007,0004,0009,F016033,Mataró - Montgat - MAT02,453239,4593945,4614403,BDE-100 (en sediment)
before_2007,0004,0009,F016033,Mataró - Montgat - MAT02,453239,4593945,4614629,BDE-153 (en sediment)
before_2007,0004,0009,F016033,Mataró - Montgat - MAT02,453239,4593945,4614855,BDE-154 (en sediment)
before_2007,0004,0009,F016033,Mataró - Montgat - MAT02,453239,4593945,4615554,BDE-209 (en sediment)
before_2007,0004,0009,F016033,Mataró - Montgat - MAT02,453239,4593945,4616004,BDE-47 (en sediment)
before_2007,0004,0009,F016033,Mataró - Montgat - MAT02,453239,4593945,4616229,BDE-99 (en sediment)
before_2007,0004,0009,F016033,Mataró - Montgat - MAT02,453239,4593945,4616522,Benzo(a)antracè (en sediment)
before_2007,0004,0009,F016033,Mataró - Montgat - MAT02,453239,4593945,4616747,Benzo(a)pirè (en sediment)
before_2007,0004,0009,F016033,Mataró - Montgat - MAT02,453239,4593945,4616972,Benzo(b)fluorantè (en sediment)
before_2007,0004,0009,F016033,Mataró - Montgat - MAT02,453239,4593945,4617197,Benzo(ghi)perilè (en sediment)
before_2007,0004,0009,F016033,Mataró - Montgat - MAT02,453239,4593945,4617422,Benzo(k)fluorantè (en sediment)
before_2007,0004,0009,F016033,Mataró - Montgat - MAT02,453239,4593945,4617648,b-Hexaclorociclohexà (en sediment)
before_2007,0004,0009,F016033,Mataró - Montgat - MAT02,453239,4593945,4619449,Crisè (en sediment)
before_2007,0004,0009,F016033,Mataró - Montgat - MAT02,453239,4593945,4620125,"Dibenzo(a,h)antracè (en sediment)"
before_2007,0004,0009,F016033,Mataró - Montgat - MAT02,453239,4593945,4620575,Dieldrín (en sediment)
before_2007,0004,0009,F016033,Mataró - Montgat - MAT02,453239,4593945,4621026,Endrín (en sediment)
before_2007,0004,0009,F016033,Mataró - Montgat - MAT02,453239,4593945,4621251,Fenantrè (en sediment)
before_2007,0004,0009,F016033,Mataró - Montgat - MAT02,453239,4593945,4621926,Fluorantè (en sediment)
before_2007,0004,0009,F016033,Mataró - Montgat - MAT02,453239,4593945,4622152,Fluorè (en sediment)
before_2007,0004,0009,F016033,Mataró - Montgat - MAT02,453239,4593945,4623278,Hexaclorobenzè (en sediment)
before_2007,0004,0009,F016033,Mataró - Montgat - MAT02,453239,4593945,4623503,Hexaclorobutadiè (en sediment)
before_2007,0004,0009,F016033,Mataró - Montgat - MAT02,453239,4593945,4623728,Hexaclorociclohexà (en sediment)
before_2007,0004,0009,F016033,Mataró - Montgat - MAT02,453239,4593945,4623953,"Indeno(1,2,3-cd)pirè (en sediment)"
before_2007,0004,0009,F016033,Mataró - Montgat - MAT02,453239,4593945,4624178,Isodrín (en sediment)
before_2007,0004,0009,F016033,Mataró - Montgat - MAT02,453239,4593945,4624404,Lindà(g-Hexaclorociclohexà) (en sediment)
before_2007,0004,0009,F016033,Mataró - Montgat - MAT02,453239,4593945,4625304,NPEO(e=0) (en sediment)
before_2007,0004,0009,F016033,Mataró - Montgat - MAT02,453239,4593945,4625761,PCB-101 (en sediment)
before_2007,0004,0009,F016033,Mataró - Montgat - MAT02,453239,4593945,4626436,PCB-118 (en sediment)
before_2007,0004,0009,F016033,Mataró - Montgat - MAT02,453239,4593945,4627112,PCB-138 (en sediment)
before_2007,0004,0009,F016033,Mataró - Montgat - MAT02,453239,4593945,4627337,PCB-153 (en sediment)
before_2007,0004,0009,F016033,Mataró - Montgat - MAT02,453239,4593945,4628688,PCB-180 (en sediment)
before_2007,0004,0009,F016033,Mataró - Montgat - MAT02,453239,4593945,4629139,PCB-28 (en sediment)
before_2007,0004,0009,F016033,Mataró - Montgat - MAT02,453239,4593945,4629364,PCB-52 (en sediment)
before_2007,0004,0009,F016033,Mataró - Montgat - MAT02,453239,4593945,4631391,Pirè (en sediment)
before_2007,0004,0009,F016033,Mataró - Montgat - MAT02,453239,4593945,4632517,Suma d'al-diel-iso-endrín (en sediment)
before_2007,0004,0009,F016033,Mataró - Montgat - MAT02,453239,4593945,4632742,Suma de BDE (en sediment)
before_2007,0004,0009,F016033,Mataró - Montgat - MAT02,453239,4593945,4632967,Suma de DDT (en sediment)
before_2007,0004,0009,F016033,Mataró - Montgat - MAT02,453239,4593945,4633192,Suma de PAH1 (en sediment)
before_2007,0004,0009,F016033,Mataró - Montgat - MAT02,453239,4593945,4633418,Suma de PAH2 (en sediments)
before_2007,0004,0009,F016033,Mataró - Montgat - MAT02,453239,4593945,4634318,Suma PCBs (BCR) (en sediment)
before_2007,0004,0009,F016034,Sitges - STG02,401324,4560705,4638687,"4,4'-DDT (en sediment)"
before_2007,0004,0009,F016034,Sitges - STG02,401324,4560705,4638693,Acenaftè (en sediment)
before_2007,0004,0009,F016034,Sitges - STG02,401324,4560705,4638694,Acenaftilè (en sediment)
before_2007,0004,0009,F016034,Sitges - STG02,401324,4560705,4638696,Aldrín (en sediment)
before_2007,0004,0009,F016034,Sitges - STG02,401324,4560705,4638698,Antracè (en sediment)
before_2007,0004,0009,F016034,Sitges - STG02,401324,4560705,4638709,Benzo(a)antracè (en sediment)
before_2007,0004,0009,F016034,Sitges - STG02,401324,4560705,4638710,Benzo(a)pirè (en sediment)
before_2007,0004,0009,F016034,Sitges - STG02,401324,4560705,4638711,Benzo(b)fluorantè (en sediment)
before_2007,0004,0009,F016034,Sitges - STG02,401324,4560705,4638712,Benzo(ghi)perilè (en sediment)
before_2007,0004,0009,F016034,Sitges - STG02,401324,4560705,4638713,Benzo(k)fluorantè (en sediment)
before_2007,0004,0009,F016034,Sitges - STG02,401324,4560705,4638722,Crisè (en sediment)
before_2007,0004,0009,F016034,Sitges - STG02,401324,4560705,4638725,"Dibenzo(a,h)antracè (en sediment)"
before_2007,0004,0009,F016034,Sitges - STG02,401324,4560705,4638727,Dieldrín (en sediment)
before_2007,0004,0009,F016034,Sitges - STG02,401324,4560705,4638729,Endrín (en sediment)
before_2007,0004,0009,F016034,Sitges - STG02,401324,4560705,4638730,Fenantrè (en sediment)
before_2007,0004,0009,F016034,Sitges - STG02,401324,4560705,4638733,Fluorantè (en sediment)
before_2007,0004,0009,F016034,Sitges - STG02,401324,4560705,4638734,Fluorè (en sediment)
before_2007,0004,0009,F016034,Sitges - STG02,401324,4560705,4638739,Hexaclorobenzè (en sediment)
before_2007,0004,0009,F016034,Sitges - STG02,401324,4560705,4638740,Hexaclorobutadiè (en sediment)
before_2007,0004,0009,F016034,Sitges - STG02,401324,4560705,4638741,Hexaclorociclohexà (en sediment)
before_2007,0004,0009,F016034,Sitges - STG02,401324,4560705,4638742,"Indeno(1,2,3-cd)pirè (en sediment)"
before_2007,0004,0009,F016034,Sitges - STG02,401324,4560705,4638743,Isodrín (en sediment)
before_2007,0004,0009,F016034,Sitges - STG02,401324,4560705,4638748,NPEO(e=0) (en sediment)
before_2007,0004,0009,F016034,Sitges - STG02,401324,4560705,4638750,PCB-101 (en sediment)
before_2007,0004,0009,F016034,Sitges - STG02,401324,4560705,4638753,PCB-118 (en sediment)
before_2007,0004,0009,F016034,Sitges - STG02,401324,4560705,4638756,PCB-138 (en sediment)
before_2007,0004,0009,F016034,Sitges - STG02,401324,4560705,4638757,PCB-153 (en sediment)
before_2007,0004,0009,F016034,Sitges - STG02,401324,4560705,4638763,PCB-180 (en sediment)
before_2007,0004,0009,F016034,Sitges - STG02,401324,4560705,4638765,PCB-28 (en sediment)
before_2007,0004,0009,F016034,Sitges - STG02,401324,4560705,4638766,PCB-52 (en sediment)
before_2007,0004,0009,F016034,Sitges - STG02,401324,4560705,4638775,Pirè (en sediment)
before_2007,0004,0009,F016034,Sitges - STG02,401324,4560705,4638780,Suma d'al-diel-iso-endrín (en sediment)
before_2007,0004,0009,F016034,Sitges - STG02,401324,4560705,4638781,Suma de BDE (en sediment)
before_2007,0004,0009,F016034,Sitges - STG02,401324,4560705,4638782,Suma de DDT (en sediment)
before_2007,0004,0009,F016034,Sitges - STG02,401324,4560705,4638783,Suma de PAH1 (en sediment)
before_2007,0004,0009,F016034,Sitges - STG02,401324,4560705,4638784,Suma de PAH2 (en sediments)
before_2007,0004,0009,F016034,Sitges - STG02,401324,4560705,4638788,Suma PCBs (BCR) (en sediment)
before_2007,0004,0009,F040105,Canyelles - MITC101000061 - CRO03 CMFI - CRO03,514995,4676473,4548693,NPEO(e=0) (en sediment)
before_2007,0004,0009,F040105,Canyelles - MITC101000061 - CRO03 CMFI - CRO03,514995,4676473,4548697,Antracè (en sediment)
before_2007,0004,0009,F040105,Canyelles - MITC101000061 - CRO03 CMFI - CRO03,514995,4676473,4548698,Fluorantè (en sediment)
before_2007,0004,0009,F040105,Canyelles - MITC101000061 - CRO03 CMFI - CRO03,514995,4676473,4548700,Benzo(b)fluorantè (en sediment)
before_2007,0004,0009,F040105,Canyelles - MITC101000061 - CRO03 CMFI - CRO03,514995,4676473,4548701,Benzo(k)fluorantè (en sediment)
before_2007,0004,0009,F040105,Canyelles - MITC101000061 - CRO03 CMFI - CRO03,514995,4676473,4548702,Benzo(a)pirè (en sediment)
before_2007,0004,0009,F040105,Canyelles - MITC101000061 - CRO03 CMFI - CRO03,514995,4676473,4548703,Benzo(ghi)perilè (en sediment)
before_2007,0004,0009,F040105,Canyelles - MITC101000061 - CRO03 CMFI - CRO03,514995,4676473,4548704,"Indeno(1,2,3-cd)pirè (en sediment)"
before_2007,0004,0009,F040105,Canyelles - MITC101000061 - CRO03 CMFI - CRO03,514995,4676473,4548705,Acenaftè (en sediment)
before_2007,0004,0009,F040105,Canyelles - MITC101000061 - CRO03 CMFI - CRO03,514995,4676473,4548706,Acenaftilè (en sediment)
before_2007,0004,0009,F040105,Canyelles - MITC101000061 - CRO03 CMFI - CRO03,514995,4676473,4548707,Benzo(a)antracè (en sediment)
before_2007,0004,0009,F040105,Canyelles - MITC101000061 - CRO03 CMFI - CRO03,514995,4676473,4548708,Crisè (en sediment)
before_2007,0004,0009,F040105,Canyelles - MITC101000061 - CRO03 CMFI - CRO03,514995,4676473,4548709,"Dibenzo(a,h)antracè (en sediment)"
before_2007,0004,0009,F040105,Canyelles - MITC101000061 - CRO03 CMFI - CRO03,514995,4676473,4548710,Fenantrè (en sediment)
before_2007,0004,0009,F040105,Canyelles - MITC101000061 - CRO03 CMFI - CRO03,514995,4676473,4548711,Fluorè (en sediment)
before_2007,0004,0009,F040105,Canyelles - MITC101000061 - CRO03 CMFI - CRO03,514995,4676473,4548712,Pirè (en sediment)
before_2007,0004,0009,F040105,Canyelles - MITC101000061 - CRO03 CMFI - CRO03,514995,4676473,4548713,Suma de PAH1 (en sediment)
before_2007,0004,0009,F040105,Canyelles - MITC101000061 - CRO03 CMFI - CRO03,514995,4676473,4548714,Suma de PAH2 (en sediments)
before_2007,0004,0009,F040105,Canyelles - MITC101000061 - CRO03 CMFI - CRO03,514995,4676473,4548716,BDE-47 (en sediment)
before_2007,0004,0009,F040105,Canyelles - MITC101000061 - CRO03 CMFI - CRO03,514995,4676473,4548717,BDE-99 (en sediment)
before_2007,0004,0009,F040105,Canyelles - MITC101000061 - CRO03 CMFI - CRO03,514995,4676473,4548718,BDE-100 (en sediment)
before_2007,0004,0009,F040105,Canyelles - MITC101000061 - CRO03 CMFI - CRO03,514995,4676473,4548719,BDE-153 (en sediment)
before_2007,0004,0009,F040105,Canyelles - MITC101000061 - CRO03 CMFI - CRO03,514995,4676473,4548720,BDE-154 (en sediment)
before_2007,0004,0009,F040105,Canyelles - MITC101000061 - CRO03 CMFI - CRO03,514995,4676473,4548723,BDE-209 (en sediment)
before_2007,0004,0009,F040105,Canyelles - MITC101000061 - CRO03 CMFI - CRO03,514995,4676473,4548724,Suma de BDE (en sediment)
before_2007,0004,0009,F040105,Canyelles - MITC101000061 - CRO03 CMFI - CRO03,514995,4676473,4548728,PCB-28 (en sediment)
before_2007,0004,0009,F040105,Canyelles - MITC101000061 - CRO03 CMFI - CRO03,514995,4676473,4548729,PCB-52 (en sediment)
before_2007,0004,0009,F040105,Canyelles - MITC101000061 - CRO03 CMFI - CRO03,514995,4676473,4548730,PCB-101 (en sediment)
before_2007,0004,0009,F040105,Canyelles - MITC101000061 - CRO03 CMFI - CRO03,514995,4676473,4548731,PCB-118 (en sediment)
before_2007,0004,0009,F040105,Canyelles - MITC101000061 - CRO03 CMFI - CRO03,514995,4676473,4548732,PCB-138 (en sediment)
before_2007,0004,0009,F040105,Canyelles - MITC101000061 - CRO03 CMFI - CRO03,514995,4676473,4548733,PCB-153 (en sediment)
before_2007,0004,0009,F040105,Canyelles - MITC101000061 - CRO03 CMFI - CRO03,514995,4676473,4548734,PCB-180 (en sediment)
before_2007,0004,0009,F040105,Canyelles - MITC101000061 - CRO03 CMFI - CRO03,514995,4676473,4548735,Suma PCBs (BCR) (en sediment)
before_2007,0004,0009,F040105,Canyelles - MITC101000061 - CRO03 CMFI - CRO03,514995,4676473,4548736,Aldrín (en sediment)
before_2007,0004,0009,F040105,Canyelles - MITC101000061 - CRO03 CMFI - CRO03,514995,4676473,4548737,Dieldrín (en sediment)
before_2007,0004,0009,F040105,Canyelles - MITC101000061 - CRO03 CMFI - CRO03,514995,4676473,4548738,Endrín (en sediment)
before_2007,0004,0009,F040105,Canyelles - MITC101000061 - CRO03 CMFI - CRO03,514995,4676473,4548739,Isodrín (en sediment)
before_2007,0004,0009,F040105,Canyelles - MITC101000061 - CRO03 CMFI - CRO03,514995,4676473,4548740,Suma d'al-diel-iso-endrín (en sediment)
before_2007,0004,0009,F040105,Canyelles - MITC101000061 - CRO03 CMFI - CRO03,514995,4676473,4548741,"2,4'-DDE (en sediment)"
before_2007,0004,0009,F040105,Canyelles - MITC101000061 - CRO03 CMFI - CRO03,514995,4676473,4548742,"4,4'-DDE (en sediment)"
before_2007,0004,0009,F040105,Canyelles - MITC101000061 - CRO03 CMFI - CRO03,514995,4676473,4548743,"2,4'-DDD (en sediment)"
before_2007,0004,0009,F040105,Canyelles - MITC101000061 - CRO03 CMFI - CRO03,514995,4676473,4548744,"4,4'-DDD (en sediment)"
before_2007,0004,0009,F040105,Canyelles - MITC101000061 - CRO03 CMFI - CRO03,514995,4676473,4548745,"2,4'-DDT (en sediment)"
before_2007,0004,0009,F040105,Canyelles - MITC101000061 - CRO03 CMFI - CRO03,514995,4676473,4548746,"4,4'-DDT (en sediment)"
before_2007,0004,0009,F040105,Canyelles - MITC101000061 - CRO03 CMFI - CRO03,514995,4676473,4548747,Suma de DDT (en sediment)
before_2007,0004,0009,F040105,Canyelles - MITC101000061 - CRO03 CMFI - CRO03,514995,4676473,4548748,Hexaclorobenzè (en sediment)
before_2007,0004,0009,F040105,Canyelles - MITC101000061 - CRO03 CMFI - CRO03,514995,4676473,4548749,Hexaclorobutadiè (en sediment)
before_2007,0004,0009,F040105,Canyelles - MITC101000061 - CRO03 CMFI - CRO03,514995,4676473,4548750,a-Hexaclorociclohexà (en sediment)
before_2007,0004,0009,F040105,Canyelles - MITC101000061 - CRO03 CMFI - CRO03,514995,4676473,4548751,b-Hexaclorociclohexà (en sediment)
before_2007,0004,0009,F040105,Canyelles - MITC101000061 - CRO03 CMFI - CRO03,514995,4676473,4548752,Lindà(g-Hexaclorociclohexà) (en sediment)
before_2007,0004,0009,F040105,Canyelles - MITC101000061 - CRO03 CMFI - CRO03,514995,4676473,4548753,Hexaclorociclohexà (en sediment)
before_2007,0004,0009,F046581,Vilanova i la Geltrú - VIL04,391897,4556994,4640080,NPEO(e=0) (en sediment)
before_2007,0004,0009,F046581,Vilanova i la Geltrú - VIL04,391897,4556994,4640081,Acenaftè (en sediment)
before_2007,0004,0009,F046581,Vilanova i la Geltrú - VIL04,391897,4556994,4640082,Fluorè (en sediment)
before_2007,0004,0009,F046581,Vilanova i la Geltrú - VIL04,391897,4556994,4640083,Acenaftilè (en sediment)
before_2007,0004,0009,F046581,Vilanova i la Geltrú - VIL04,391897,4556994,4640084,Fenantrè (en sediment)
before_2007,0004,0009,F046581,Vilanova i la Geltrú - VIL04,391897,4556994,4640085,Antracè (en sediment)
before_2007,0004,0009,F046581,Vilanova i la Geltrú - VIL04,391897,4556994,4640086,Fluorantè (en sediment)
before_2007,0004,0009,F046581,Vilanova i la Geltrú - VIL04,391897,4556994,4640087,Pirè (en sediment)
before_2007,0004,0009,F046581,Vilanova i la Geltrú - VIL04,391897,4556994,4640088,Benzo(a)antracè (en sediment)
before_2007,0004,0009,F046581,Vilanova i la Geltrú - VIL04,391897,4556994,4640089,Crisè (en sediment)
before_2007,0004,0009,F046581,Vilanova i la Geltrú - VIL04,391897,4556994,4640090,Benzo(b)fluorantè (en sediment)
before_2007,0004,0009,F046581,Vilanova i la Geltrú - VIL04,391897,4556994,4640091,Benzo(k)fluorantè (en sediment)
before_2007,0004,0009,F046581,Vilanova i la Geltrú - VIL04,391897,4556994,4640092,Benzo(a)pirè (en sediment)
before_2007,0004,0009,F046581,Vilanova i la Geltrú - VIL04,391897,4556994,4640093,"Indeno(1,2,3-cd)pirè (en sediment)"
before_2007,0004,0009,F046581,Vilanova i la Geltrú - VIL04,391897,4556994,4640094,Benzo(ghi)perilè (en sediment)
before_2007,0004,0009,F046581,Vilanova i la Geltrú - VIL04,391897,4556994,4640095,"Dibenzo(a,h)antracè (en sediment)"
before_2007,0004,0009,F046581,Vilanova i la Geltrú - VIL04,391897,4556994,4640096,Suma de PAH1 (en sediment)
before_2007,0004,0009,F046581,Vilanova i la Geltrú - VIL04,391897,4556994,4640097,Suma de PAH2 (en sediments)
before_2007,0004,0009,F046581,Vilanova i la Geltrú - VIL04,391897,4556994,4640098,a-Hexaclorociclohexà (en sediment)
before_2007,0004,0009,F046581,Vilanova i la Geltrú - VIL04,391897,4556994,4640099,b-Hexaclorociclohexà (en sediment)
before_2007,0004,0009,F046581,Vilanova i la Geltrú - VIL04,391897,4556994,4640100,Lindà(g-Hexaclorociclohexà) (en sediment)
before_2007,0004,0009,F046581,Vilanova i la Geltrú - VIL04,391897,4556994,4640101,Hexaclorociclohexà (en sediment)
before_2007,0004,0009,F046581,Vilanova i la Geltrú - VIL04,391897,4556994,4640102,Hexaclorobutadiè (en sediment)
before_2007,0004,0009,F046581,Vilanova i la Geltrú - VIL04,391897,4556994,4640103,Hexaclorobenzè (en sediment)
before_2007,0004,0009,F046581,Vilanova i la Geltrú - VIL04,391897,4556994,4640104,Aldrín (en sediment)
before_2007,0004,0009,F046581,Vilanova i la Geltrú - VIL04,391897,4556994,4640105,Isodrín (en sediment)
before_2007,0004,0009,F046581,Vilanova i la Geltrú - VIL04,391897,4556994,4640106,Dieldrín (en sediment)
before_2007,0004,0009,F046581,Vilanova i la Geltrú - VIL04,391897,4556994,4640107,Endrín (en sediment)
before_2007,0004,0009,F046581,Vilanova i la Geltrú - VIL04,391897,4556994,4640108,Suma d'al-diel-iso-endrín (en sediment)
before_2007,0004,0009,F046581,Vilanova i la Geltrú - VIL04,391897,4556994,4640109,"2,4'-DDE (en sediment)"
before_2007,0004,0009,F046581,Vilanova i la Geltrú - VIL04,391897,4556994,4640110,"4,4'-DDE (en sediment)"
before_2007,0004,0009,F046581,Vilanova i la Geltrú - VIL04,391897,4556994,4640111,"2,4'-DDD (en sediment)"
before_2007,0004,0009,F046581,Vilanova i la Geltrú - VIL04,391897,4556994,4640112,"4,4'-DDD (en sediment)"
before_2007,0004,0009,F046581,Vilanova i la Geltrú - VIL04,391897,4556994,4640113,"2,4'-DDT (en sediment)"
before_2007,0004,0009,F046581,Vilanova i la Geltrú - VIL04,391897,4556994,4640114,"4,4'-DDT (en sediment)"
before_2007,0004,0009,F046581,Vilanova i la Geltrú - VIL04,391897,4556994,4640115,Suma de DDT (en sediment)
before_2007,0004,0009,F046581,Vilanova i la Geltrú - VIL04,391897,4556994,4640116,BDE-47 (en sediment)
before_2007,0004,0009,F046581,Vilanova i la Geltrú - VIL04,391897,4556994,4640117,BDE-99 (en sediment)
before_2007,0004,0009,F046581,Vilanova i la Geltrú - VIL04,391897,4556994,4640118,BDE-100 (en sediment)
before_2007,0004,0009,F046581,Vilanova i la Geltrú - VIL04,391897,4556994,4640119,BDE-153 (en sediment)
before_2007,0004,0009,F046581,Vilanova i la Geltrú - VIL04,391897,4556994,4640120,BDE-154 (en sediment)
before_2007,0004,0009,F046581,Vilanova i la Geltrú - VIL04,391897,4556994,4640121,BDE-209 (en sediment)
before_2007,0004,0009,F046581,Vilanova i la Geltrú - VIL04,391897,4556994,4640122,Suma de BDE (en sediment)
before_2007,0004,0009,F046581,Vilanova i la Geltrú - VIL04,391897,4556994,4640123,PCB-28 (en sediment)
before_2007,0004,0009,F046581,Vilanova i la Geltrú - VIL04,391897,4556994,4640124,PCB-52 (en sediment)
before_2007,0004,0009,F046581,Vilanova i la Geltrú - VIL04,391897,4556994,4640125,PCB-101 (en sediment)
before_2007,0004,0009,F046581,Vilanova i la Geltrú - VIL04,391897,4556994,4640126,PCB-138 (en sediment)
before_2007,0004,0009,F046581,Vilanova i la Geltrú - VIL04,391897,4556994,4640127,PCB-153 (en sediment)
before_2007,0004,0009,F046581,Vilanova i la Geltrú - VIL04,391897,4556994,4640128,PCB-180 (en sediment)
before_2007,0004,0009,F046581,Vilanova i la Geltrú - VIL04,391897,4556994,4640129,Suma PCBs (BCR) (en sediment)
before_2007,0004,0009,F046581,Vilanova i la Geltrú - VIL04,391897,4556994,4640130,PCB-118 (en sediment)
before_2007,0004,0009,F049285,Blanes - Pineda de Mar - BLE01,484076,4611945,4611606,"4,4'-DDT (en sediment)"
before_2007,0004,0009,F049285,Blanes - Pineda de Mar - BLE01,484076,4611945,4612962,Acenaftè (en sediment)
before_2007,0004,0009,F049285,Blanes - Pineda de Mar - BLE01,484076,4611945,4613188,Acenaftilè (en sediment)
before_2007,0004,0009,F049285,Blanes - Pineda de Mar - BLE01,484076,4611945,4613640,Aldrín (en sediment)
before_2007,0004,0009,F049285,Blanes - Pineda de Mar - BLE01,484076,4611945,4614092,Antracè (en sediment)
before_2007,0004,0009,F049285,Blanes - Pineda de Mar - BLE01,484076,4611945,4616663,Benzo(a)antracè (en sediment)
before_2007,0004,0009,F049285,Blanes - Pineda de Mar - BLE01,484076,4611945,4616888,Benzo(a)pirè (en sediment)
before_2007,0004,0009,F049285,Blanes - Pineda de Mar - BLE01,484076,4611945,4617113,Benzo(b)fluorantè (en sediment)
before_2007,0004,0009,F049285,Blanes - Pineda de Mar - BLE01,484076,4611945,4617338,Benzo(ghi)perilè (en sediment)
before_2007,0004,0009,F049285,Blanes - Pineda de Mar - BLE01,484076,4611945,4617563,Benzo(k)fluorantè (en sediment)
before_2007,0004,0009,F049285,Blanes - Pineda de Mar - BLE01,484076,4611945,4619590,Crisè (en sediment)
before_2007,0004,0009,F049285,Blanes - Pineda de Mar - BLE01,484076,4611945,4620266,"Dibenzo(a,h)antracè (en sediment)"
before_2007,0004,0009,F049285,Blanes - Pineda de Mar - BLE01,484076,4611945,4620716,Dieldrín (en sediment)
before_2007,0004,0009,F049285,Blanes - Pineda de Mar - BLE01,484076,4611945,4621167,Endrín (en sediment)
before_2007,0004,0009,F049285,Blanes - Pineda de Mar - BLE01,484076,4611945,4621392,Fenantrè (en sediment)
before_2007,0004,0009,F049285,Blanes - Pineda de Mar - BLE01,484076,4611945,4622067,Fluorantè (en sediment)
before_2007,0004,0009,F049285,Blanes - Pineda de Mar - BLE01,484076,4611945,4622293,Fluorè (en sediment)
before_2007,0004,0009,F049285,Blanes - Pineda de Mar - BLE01,484076,4611945,4623419,Hexaclorobenzè (en sediment)
before_2007,0004,0009,F049285,Blanes - Pineda de Mar - BLE01,484076,4611945,4623644,Hexaclorobutadiè (en sediment)
before_2007,0004,0009,F049285,Blanes - Pineda de Mar - BLE01,484076,4611945,4623869,Hexaclorociclohexà (en sediment)
before_2007,0004,0009,F049285,Blanes - Pineda de Mar - BLE01,484076,4611945,4624094,"Indeno(1,2,3-cd)pirè (en sediment)"
before_2007,0004,0009,F049285,Blanes - Pineda de Mar - BLE01,484076,4611945,4624319,Isodrín (en sediment)
before_2007,0004,0009,F049285,Blanes - Pineda de Mar - BLE01,484076,4611945,4625445,NPEO(e=0) (en sediment)
before_2007,0004,0009,F049285,Blanes - Pineda de Mar - BLE01,484076,4611945,4625902,PCB-101 (en sediment)
before_2007,0004,0009,F049285,Blanes - Pineda de Mar - BLE01,484076,4611945,4626577,PCB-118 (en sediment)
before_2007,0004,0009,F049285,Blanes - Pineda de Mar - BLE01,484076,4611945,4627253,PCB-138 (en sediment)
before_2007,0004,0009,F049285,Blanes - Pineda de Mar - BLE01,484076,4611945,4627478,PCB-153 (en sediment)
before_2007,0004,0009,F049285,Blanes - Pineda de Mar - BLE01,484076,4611945,4628829,PCB-180 (en sediment)
before_2007,0004,0009,F049285,Blanes - Pineda de Mar - BLE01,484076,4611945,4629280,PCB-28 (en sediment)
before_2007,0004,0009,F049285,Blanes - Pineda de Mar - BLE01,484076,4611945,4629505,PCB-52 (en sediment)
before_2007,0004,0009,F049285,Blanes - Pineda de Mar - BLE01,484076,4611945,4631532,Pirè (en sediment)
before_2007,0004,0009,F049285,Blanes - Pineda de Mar - BLE01,484076,4611945,4632658,Suma d'al-diel-iso-endrín (en sediment)
before_2007,0004,0009,F049285,Blanes - Pineda de Mar - BLE01,484076,4611945,4632883,Suma de BDE (en sediment)
before_2007,0004,0009,F049285,Blanes - Pineda de Mar - BLE01,484076,4611945,4633108,Suma de DDT (en sediment)
before_2007,0004,0009,F049285,Blanes - Pineda de Mar - BLE01,484076,4611945,4633333,Suma de PAH1 (en sediment)
before_2007,0004,0009,F049285,Blanes - Pineda de Mar - BLE01,484076,4611945,4633559,Suma de PAH2 (en sediments)
before_2007,0004,0009,F049285,Blanes - Pineda de Mar - BLE01,484076,4611945,4634459,Suma PCBs (BCR) (en sediment)
before_2007,0004,0009,F049339,Cap de Creus - CLJ01,525887,4684605,4635861,"4,4'-DDT (en sediment)"
before_2007,0004,0009,F049339,Cap de Creus - CLJ01,525887,4684605,4635867,Acenaftè (en sediment)
before_2007,0004,0009,F049339,Cap de Creus - CLJ01,525887,4684605,4635868,Acenaftilè (en sediment)
before_2007,0004,0009,F049339,Cap de Creus - CLJ01,525887,4684605,4635870,Aldrín (en sediment)
before_2007,0004,0009,F049339,Cap de Creus - CLJ01,525887,4684605,4635872,Antracè (en sediment)
before_2007,0004,0009,F049339,Cap de Creus - CLJ01,525887,4684605,4635883,Benzo(a)antracè (en sediment)
before_2007,0004,0009,F049339,Cap de Creus - CLJ01,525887,4684605,4635884,Benzo(a)pirè (en sediment)
before_2007,0004,0009,F049339,Cap de Creus - CLJ01,525887,4684605,4635885,Benzo(b)fluorantè (en sediment)
before_2007,0004,0009,F049339,Cap de Creus - CLJ01,525887,4684605,4635886,Benzo(ghi)perilè (en sediment)
before_2007,0004,0009,F049339,Cap de Creus - CLJ01,525887,4684605,4635887,Benzo(k)fluorantè (en sediment)
before_2007,0004,0009,F049339,Cap de Creus - CLJ01,525887,4684605,4635896,Crisè (en sediment)
before_2007,0004,0009,F049339,Cap de Creus - CLJ01,525887,4684605,4635899,"Dibenzo(a,h)antracè (en sediment)"
before_2007,0004,0009,F049339,Cap de Creus - CLJ01,525887,4684605,4635901,Dieldrín (en sediment)
before_2007,0004,0009,F049339,Cap de Creus - CLJ01,525887,4684605,4635903,Endrín (en sediment)
before_2007,0004,0009,F049339,Cap de Creus - CLJ01,525887,4684605,4635904,Fenantrè (en sediment)
before_2007,0004,0009,F049339,Cap de Creus - CLJ01,525887,4684605,4635907,Fluorantè (en sediment)
before_2007,0004,0009,F049339,Cap de Creus - CLJ01,525887,4684605,4635908,Fluorè (en sediment)
before_2007,0004,0009,F049339,Cap de Creus - CLJ01,525887,4684605,4635913,Hexaclorobenzè (en sediment)
before_2007,0004,0009,F049339,Cap de Creus - CLJ01,525887,4684605,4635914,Hexaclorobutadiè (en sediment)
before_2007,0004,0009,F049339,Cap de Creus - CLJ01,525887,4684605,4635915,Hexaclorociclohexà (en sediment)
before_2007,0004,0009,F049339,Cap de Creus - CLJ01,525887,4684605,4635916,"Indeno(1,2,3-cd)pirè (en sediment)"
before_2007,0004,0009,F049339,Cap de Creus - CLJ01,525887,4684605,4635917,Isodrín (en sediment)
before_2007,0004,0009,F049339,Cap de Creus - CLJ01,525887,4684605,4635922,NPEO(e=0) (en sediment)
before_2007,0004,0009,F049339,Cap de Creus - CLJ01,525887,4684605,4635924,PCB-101 (en sediment)
before_2007,0004,0009,F049339,Cap de Creus - CLJ01,525887,4684605,4635927,PCB-118 (en sediment)
before_2007,0004,0009,F049339,Cap de Creus - CLJ01,525887,4684605,4635930,PCB-138 (en sediment)
before_2007,0004,0009,F049339,Cap de Creus - CLJ01,525887,4684605,4635931,PCB-153 (en sediment)
before_2007,0004,0009,F049339,Cap de Creus - CLJ01,525887,4684605,4635937,PCB-180 (en sediment)
before_2007,0004,0009,F049339,Cap de Creus - CLJ01,525887,4684605,4635939,PCB-28 (en sediment)
before_2007,0004,0009,F049339,Cap de Creus - CLJ01,525887,4684605,4635940,PCB-52 (en sediment)
before_2007,0004,0009,F049339,Cap de Creus - CLJ01,525887,4684605,4635949,Pirè (en sediment)
before_2007,0004,0009,F049339,Cap de Creus - CLJ01,525887,4684605,4635954,Suma d'al-diel-iso-endrín (en sediment)
before_2007,0004,0009,F049339,Cap de Creus - CLJ01,525887,4684605,4635955,Suma de BDE (en sediment)
before_2007,0004,0009,F049339,Cap de Creus - CLJ01,525887,4684605,4635956,Suma de DDT (en sediment)
before_2007,0004,0009,F049339,Cap de Creus - CLJ01,525887,4684605,4635957,Suma de PAH1 (en sediment)
before_2007,0004,0009,F049339,Cap de Creus - CLJ01,525887,4684605,4635958,Suma de PAH2 (en sediments)
before_2007,0004,0009,F049339,Cap de Creus - CLJ01,525887,4684605,4635962,Suma PCBs (BCR) (en sediment)
before_2007,0004,0009,F049341,Tarragona Nord - ALT00,359882,4553446,4636115,"4,4'-DDT (en sediment)"
before_2007,0004,0009,F049341,Tarragona Nord - ALT00,359882,4553446,4636121,Acenaftè (en sediment)
before_2007,0004,0009,F049341,Tarragona Nord - ALT00,359882,4553446,4636122,Acenaftilè (en sediment)
before_2007,0004,0009,F049341,Tarragona Nord - ALT00,359882,4553446,4636124,Aldrín (en sediment)
before_2007,0004,0009,F049341,Tarragona Nord - ALT00,359882,4553446,4636126,Antracè (en sediment)
before_2007,0004,0009,F049341,Tarragona Nord - ALT00,359882,4553446,4636137,Benzo(a)antracè (en sediment)
before_2007,0004,0009,F049341,Tarragona Nord - ALT00,359882,4553446,4636138,Benzo(a)pirè (en sediment)
before_2007,0004,0009,F049341,Tarragona Nord - ALT00,359882,4553446,4636139,Benzo(b)fluorantè (en sediment)
before_2007,0004,0009,F049341,Tarragona Nord - ALT00,359882,4553446,4636140,Benzo(ghi)perilè (en sediment)
before_2007,0004,0009,F049341,Tarragona Nord - ALT00,359882,4553446,4636141,Benzo(k)fluorantè (en sediment)
before_2007,0004,0009,F049341,Tarragona Nord - ALT00,359882,4553446,4636150,Crisè (en sediment)
before_2007,0004,0009,F049341,Tarragona Nord - ALT00,359882,4553446,4636153,"Dibenzo(a,h)antracè (en sediment)"
before_2007,0004,0009,F049341,Tarragona Nord - ALT00,359882,4553446,4636155,Dieldrín (en sediment)
before_2007,0004,0009,F049341,Tarragona Nord - ALT00,359882,4553446,4636157,Endrín (en sediment)
before_2007,0004,0009,F049341,Tarragona Nord - ALT00,359882,4553446,4636158,Fenantrè (en sediment)
before_2007,0004,0009,F049341,Tarragona Nord - ALT00,359882,4553446,4636161,Fluorantè (en sediment)
before_2007,0004,0009,F049341,Tarragona Nord - ALT00,359882,4553446,4636162,Fluorè (en sediment)
before_2007,0004,0009,F049341,Tarragona Nord - ALT00,359882,4553446,4636167,Hexaclorobenzè (en sediment)
before_2007,0004,0009,F049341,Tarragona Nord - ALT00,359882,4553446,4636168,Hexaclorobutadiè (en sediment)
before_2007,0004,0009,F049341,Tarragona Nord - ALT00,359882,4553446,4636169,Hexaclorociclohexà (en sediment)
before_2007,0004,0009,F049341,Tarragona Nord - ALT00,359882,4553446,4636170,"Indeno(1,2,3-cd)pirè (en sediment)"
before_2007,0004,0009,F049341,Tarragona Nord - ALT00,359882,4553446,4636171,Isodrín (en sediment)
before_2007,0004,0009,F049341,Tarragona Nord - ALT00,359882,4553446,4636176,NPEO(e=0) (en sediment)
before_2007,0004,0009,F049341,Tarragona Nord - ALT00,359882,4553446,4636178,PCB-101 (en sediment)
before_2007,0004,0009,F049341,Tarragona Nord - ALT00,359882,4553446,4636181,PCB-118 (en sediment)
before_2007,0004,0009,F049341,Tarragona Nord - ALT00,359882,4553446,4636184,PCB-138 (en sediment)
before_2007,0004,0009,F049341,Tarragona Nord - ALT00,359882,4553446,4636185,PCB-153 (en sediment)
before_2007,0004,0009,F049341,Tarragona Nord - ALT00,359882,4553446,4636191,PCB-180 (en sediment)
before_2007,0004,0009,F049341,Tarragona Nord - ALT00,359882,4553446,4636193,PCB-28 (en sediment)
before_2007,0004,0009,F049341,Tarragona Nord - ALT00,359882,4553446,4636194,PCB-52 (en sediment)
before_2007,0004,0009,F049341,Tarragona Nord - ALT00,359882,4553446,4636203,Pirè (en sediment)
before_2007,0004,0009,F049341,Tarragona Nord - ALT00,359882,4553446,4636208,Suma d'al-diel-iso-endrín (en sediment)
before_2007,0004,0009,F049341,Tarragona Nord - ALT00,359882,4553446,4636209,Suma de BDE (en sediment)
before_2007,0004,0009,F049341,Tarragona Nord - ALT00,359882,4553446,4636210,Suma de DDT (en sediment)
before_2007,0004,0009,F049341,Tarragona Nord - ALT00,359882,4553446,4636211,Suma de PAH1 (en sediment)
before_2007,0004,0009,F049341,Tarragona Nord - ALT00,359882,4553446,4636212,Suma de PAH2 (en sediments)
before_2007,0004,0009,F049341,Tarragona Nord - ALT00,359882,4553446,4636216,Suma PCBs (BCR) (en sediment)
