period,network,subnetwork,station,station_name,x,y,variable_id,variable_name
before_2007,0006,0014,F002180,Calcàries de Tàrrega - 43159-0002,354006.93,4602804.26,1669839,Amoni
before_2007,0006,0014,F002180,Calcàries de Tàrrega - 43159-0002,354006.93,4602804.26,1690704,Nitrats
before_2007,0006,0014,F002180,Calcàries de Tàrrega - 43159-0002,354006.93,4602804.26,2679705,Nitrits
before_2007,0006,0014,F002189,Calcàries de Tàrrega - 43159-0003,352896,4602846,1669848,Amoni
before_2007,0006,0014,F002189,Calcàries de Tàrrega - 43159-0003,352896,4602846,1690713,Nitrats
before_2007,0006,0014,F002189,Calcàries de Tàrrega - 43159-0003,352896,4602846,2679714,Nitrits
before_2007,0006,0014,F002255,Alta Anoia - 08031-0005,376153,4621468,1669913,Amoni
before_2007,0006,0014,F002255,Alta Anoia - 08031-0005,376153,4621468,1690778,Nitrats
before_2007,0006,0014,F002255,Alta Anoia - 08031-0005,376153,4621468,2679779,Nitrits
before_2007,0006,0014,F002261,Baix Camp - 43005-0087,346394.66,4569314.27,1669919,Amoni
before_2007,0006,0014,F002261,Baix Camp - 43005-0087,346394.66,4569314.27,1690784,Nitrats
before_2007,0006,0014,F002261,Baix Camp - 43005-0087,346394.66,4569314.27,2679785,Nitrits
before_2007,0006,0014,F002303,Montseny-Guilleries - 17180-0020,471839,4633943,1669959,Amoni
before_2007,0006,0014,F002303,Montseny-Guilleries - 17180-0020,471839,4633943,1690824,Nitrats
before_2007,0006,0014,F002303,Montseny-Guilleries - 17180-0020,471839,4633943,2679825,Nitrits
before_2007,0006,0014,F002303,Montseny-Guilleries - 17180-0020,471839,4633943,4157202,Fosfats
before_2007,0006,0014,F002341,Prelitoral del Vallès - 08269-0013,436386.24,4627743.68,1669995,Amoni
before_2007,0006,0014,F002341,Prelitoral del Vallès - 08269-0013,436386.24,4627743.68,1690860,Nitrats
before_2007,0006,0014,F002341,Prelitoral del Vallès - 08269-0013,436386.24,4627743.68,2679861,Nitrits
before_2007,0006,0014,F002344,Montseny-Guilleries - 17220-0065,450052.3,4632373.58,1669998,Amoni
before_2007,0006,0014,F002344,Montseny-Guilleries - 17220-0065,450052.3,4632373.58,1690863,Nitrats
before_2007,0006,0014,F002344,Montseny-Guilleries - 17220-0065,450052.3,4632373.58,2679864,Nitrits
before_2007,0006,0014,F002347,Montseny-Guilleries - 17063-0001,452685,4635770.8,1670001,Amoni
before_2007,0006,0014,F002347,Montseny-Guilleries - 17063-0001,452685,4635770.8,1690866,Nitrats
before_2007,0006,0014,F002347,Montseny-Guilleries - 17063-0001,452685,4635770.8,2679867,Nitrits
before_2007,0006,0014,F002364,Montseny-Guilleries - 17180-0068,472297,4633404,1670017,Amoni
before_2007,0006,0014,F002364,Montseny-Guilleries - 17180-0068,472297,4633404,1690882,Nitrats
before_2007,0006,0014,F002364,Montseny-Guilleries - 17180-0068,472297,4633404,2679883,Nitrits
before_2007,0006,0014,F002369,Al·luvials de la baixa i delta de la Tordera - 08110-0148,480062,4611344,1670021,Amoni
before_2007,0006,0014,F002369,Al·luvials de la baixa i delta de la Tordera - 08110-0148,480062,4611344,1690886,Nitrats
before_2007,0006,0014,F002369,Al·luvials de la baixa i delta de la Tordera - 08110-0148,480062,4611344,2679887,Nitrits
before_2007,0006,0014,F002372,Fluviodeltaic del Baix Ter - 17081-0008,508947.6,4653316.1,1670024,Amoni
before_2007,0006,0014,F002372,Fluviodeltaic del Baix Ter - 17081-0008,508947.6,4653316.1,1690889,Nitrats
before_2007,0006,0014,F002372,Fluviodeltaic del Baix Ter - 17081-0008,508947.6,4653316.1,2679890,Nitrits
before_2007,0006,0014,F002385,Llaberia - Prades meridional - 43167-0049,326409.41,4553282,1690902,Nitrats
before_2007,0006,0014,F002385,Llaberia - Prades meridional - 43167-0049,326409.41,4553282,4041133,Nitrits
before_2007,0006,0014,F002385,Llaberia - Prades meridional - 43167-0049,326409.41,4553282,4041134,Amoni
before_2007,0006,0014,F002395,Al·luvials de la baixa i delta de la Tordera - 08110-0010,480891,4611195,1665873,Fosfats
before_2007,0006,0014,F002395,Al·luvials de la baixa i delta de la Tordera - 08110-0010,480891,4611195,1670046,Amoni
before_2007,0006,0014,F002395,Al·luvials de la baixa i delta de la Tordera - 08110-0010,480891,4611195,1690911,Nitrats
before_2007,0006,0014,F002395,Al·luvials de la baixa i delta de la Tordera - 08110-0010,480891,4611195,2679912,Nitrits
before_2007,0006,0014,F002405,Montseny-Guilleries - 08241-0006,448699.35,4639186.6,1672898,Amoni
before_2007,0006,0014,F002405,Montseny-Guilleries - 08241-0006,448699.35,4639186.6,1693763,Nitrats
before_2007,0006,0014,F002405,Montseny-Guilleries - 08241-0006,448699.35,4639186.6,2682764,Nitrits
before_2007,0006,0014,F002439,Al·luvials del Vallès - 08902-0028,439967.04,4600584.61,1670087,Amoni
before_2007,0006,0014,F002439,Al·luvials del Vallès - 08902-0028,439967.04,4600584.61,1690952,Nitrats
before_2007,0006,0014,F002439,Al·luvials del Vallès - 08902-0028,439967.04,4600584.61,2679953,Nitrits
before_2007,0006,0014,F002451,Calcàries de Tàrrega - 08176-0001,369393,4619744,3046774,Nitrits
before_2007,0006,0014,F002451,Calcàries de Tàrrega - 08176-0001,369393,4619744,3046775,Nitrats
before_2007,0006,0014,F002451,Calcàries de Tàrrega - 08176-0001,369393,4619744,3046780,Amoni
before_2007,0006,0014,F002455,Detrític neogen del Vallès - 08198-0047,450212.15,4613189.55,1670102,Amoni
before_2007,0006,0014,F002455,Detrític neogen del Vallès - 08198-0047,450212.15,4613189.55,1690967,Nitrats
before_2007,0006,0014,F002455,Detrític neogen del Vallès - 08198-0047,450212.15,4613189.55,2679968,Nitrits
before_2007,0006,0014,F002457,Detrític neogen del Vallès - 08198-0033,449966.15,4613296.55,1670104,Amoni
before_2007,0006,0014,F002457,Detrític neogen del Vallès - 08198-0033,449966.15,4613296.55,1690969,Nitrats
before_2007,0006,0014,F002457,Detrític neogen del Vallès - 08198-0033,449966.15,4613296.55,2679970,Nitrits
before_2007,0006,0014,F002461,Detrític neogen del Vallès - 08042-0015,446485.17,4616147.58,1670108,Amoni
before_2007,0006,0014,F002461,Detrític neogen del Vallès - 08042-0015,446485.17,4616147.58,1690973,Nitrats
before_2007,0006,0014,F002461,Detrític neogen del Vallès - 08042-0015,446485.17,4616147.58,2679974,Nitrits
before_2007,0006,0014,F002462,Al·luvials del Vallès - 08135-0022,438069.04,4600575.62,1670109,Amoni
before_2007,0006,0014,F002462,Al·luvials del Vallès - 08135-0022,438069.04,4600575.62,1690974,Nitrats
before_2007,0006,0014,F002462,Al·luvials del Vallès - 08135-0022,438069.04,4600575.62,2679975,Nitrits
before_2007,0006,0014,F002463,Al·luvials del Vallès - 08135-0021,438791.05,4601865.62,1670110,Amoni
before_2007,0006,0014,F002463,Al·luvials del Vallès - 08135-0021,438791.05,4601865.62,1690975,Nitrats
before_2007,0006,0014,F002463,Al·luvials del Vallès - 08135-0021,438791.05,4601865.62,2679976,Nitrits
before_2007,0006,0014,F002464,Al·luvials del Vallès - 08108-0028,433949.05,4603183.66,1670111,Amoni
before_2007,0006,0014,F002464,Al·luvials del Vallès - 08108-0028,433949.05,4603183.66,1690976,Nitrats
before_2007,0006,0014,F002464,Al·luvials del Vallès - 08108-0028,433949.05,4603183.66,2679977,Nitrits
before_2007,0006,0014,F002465,Al·luvials del Vallès - 08159-0039,436728,4602073,1670112,Amoni
before_2007,0006,0014,F002465,Al·luvials del Vallès - 08159-0039,436728,4602073,1690977,Nitrats
before_2007,0006,0014,F002465,Al·luvials del Vallès - 08159-0039,436728,4602073,2679978,Nitrits
before_2007,0006,0014,F002474,Garraf - 43024-0010,380464.69,4566406.01,1669552,Amoni
before_2007,0006,0014,F002474,Garraf - 43024-0010,380464.69,4566406.01,1690417,Nitrats
before_2007,0006,0014,F002474,Garraf - 43024-0010,380464.69,4566406.01,2679418,Nitrits
before_2007,0006,0014,F002476,Bloc del Gaià-Bonastre - 43002-0012,373929,4567671,1669554,Amoni
before_2007,0006,0014,F002476,Bloc del Gaià-Bonastre - 43002-0012,373929,4567671,1690419,Nitrats
before_2007,0006,0014,F002476,Bloc del Gaià-Bonastre - 43002-0012,373929,4567671,2679420,Nitrits
before_2007,0006,0014,F002481,Calcàries de Tàrrega - 08176-0002,371245,4618575.2,3046781,Nitrits
before_2007,0006,0014,F002481,Calcàries de Tàrrega - 08176-0002,371245,4618575.2,3046782,Nitrats
before_2007,0006,0014,F002481,Calcàries de Tàrrega - 08176-0002,371245,4618575.2,3046787,Amoni
before_2007,0006,0014,F002484,Al·luvials del Vallès - 08033-0006,431656.1,4609870.69,1669562,Amoni
before_2007,0006,0014,F002484,Al·luvials del Vallès - 08033-0006,431656.1,4609870.69,1690427,Nitrats
before_2007,0006,0014,F002484,Al·luvials del Vallès - 08033-0006,431656.1,4609870.69,2679428,Nitrits
before_2007,0006,0014,F002491,N/D - Subterrània - 43073-0009,360401,4600472,1669569,Amoni
before_2007,0006,0014,F002491,N/D - Subterrània - 43073-0009,360401,4600472,1690434,Nitrats
before_2007,0006,0014,F002491,N/D - Subterrània - 43073-0009,360401,4600472,2679435,Nitrits
before_2007,0006,0014,F002492,Calcàries de Tàrrega - 08060-0004,369781,4623494,3046761,Nitrits
before_2007,0006,0014,F002492,Calcàries de Tàrrega - 08060-0004,369781,4623494,3046762,Nitrats
before_2007,0006,0014,F002492,Calcàries de Tàrrega - 08060-0004,369781,4623494,3046767,Amoni
before_2007,0006,0014,F002495,N/D - Subterrània - 43143-0003,355180.91,4600101.25,1669573,Amoni
before_2007,0006,0014,F002495,N/D - Subterrània - 43143-0003,355180.91,4600101.25,1690438,Nitrats
before_2007,0006,0014,F002495,N/D - Subterrània - 43143-0003,355180.91,4600101.25,2679439,Nitrits
before_2007,0006,0014,F002496,N/D - Subterrània - 25035-0003,322408,4630904,1669574,Amoni
before_2007,0006,0014,F002496,N/D - Subterrània - 25035-0003,322408,4630904,1690439,Nitrats
before_2007,0006,0014,F002496,N/D - Subterrània - 25035-0003,322408,4630904,2679440,Nitrits
before_2007,0006,0014,F002498,N/D - Subterrània - 08902-0011,443037,4599049,3045832,Nitrits
before_2007,0006,0014,F002498,N/D - Subterrània - 08902-0011,443037,4599049,3045833,Nitrats
before_2007,0006,0014,F002498,N/D - Subterrània - 08902-0011,443037,4599049,3045835,Amoni
before_2007,0006,0014,F002499,Al·luvials del Vallès - 08159-0063,434783,4601188,1669577,Amoni
before_2007,0006,0014,F002499,Al·luvials del Vallès - 08159-0063,434783,4601188,1690442,Nitrats
before_2007,0006,0014,F002499,Al·luvials del Vallès - 08159-0063,434783,4601188,2679443,Nitrits
before_2007,0006,0014,F002500,Al·luvials del Vallès - 08181-0031,445649.09,4606209.57,1669578,Amoni
before_2007,0006,0014,F002500,Al·luvials del Vallès - 08181-0031,445649.09,4606209.57,1690443,Nitrats
before_2007,0006,0014,F002500,Al·luvials del Vallès - 08181-0031,445649.09,4606209.57,2679444,Nitrits
before_2007,0006,0014,F002501,Detrític neogen del Vallès - 08086-0061,444299.14,4613206.6,1672903,Amoni
before_2007,0006,0014,F002501,Detrític neogen del Vallès - 08086-0061,444299.14,4613206.6,1693768,Nitrats
before_2007,0006,0014,F002501,Detrític neogen del Vallès - 08086-0061,444299.14,4613206.6,2682769,Nitrits
before_2007,0006,0014,F002502,Detrític neogen del Vallès - 08086-0062,444341.15,4613344.6,1669579,Amoni
before_2007,0006,0014,F002502,Detrític neogen del Vallès - 08086-0062,444341.15,4613344.6,1690444,Nitrats
before_2007,0006,0014,F002502,Detrític neogen del Vallès - 08086-0062,444341.15,4613344.6,2679445,Nitrits
before_2007,0006,0014,F002504,Conca alta de la Muga - 17051-0009,486100.73,4682045.39,1669581,Amoni
before_2007,0006,0014,F002504,Conca alta de la Muga - 17051-0009,486100.73,4682045.39,1690446,Nitrats
before_2007,0006,0014,F002504,Conca alta de la Muga - 17051-0009,486100.73,4682045.39,2679447,Nitrits
before_2007,0006,0014,F002506,Al·luvials del Vallès - 08181-0023,444566.7,4604688.3,1669583,Amoni
before_2007,0006,0014,F002506,Al·luvials del Vallès - 08181-0023,444566.7,4604688.3,1690448,Nitrats
before_2007,0006,0014,F002506,Al·luvials del Vallès - 08181-0023,444566.7,4604688.3,2679449,Nitrits
before_2007,0006,0014,F002507,Al·luvials del Vallès - 08107-0043,436907,4607409,1669584,Amoni
before_2007,0006,0014,F002507,Al·luvials del Vallès - 08107-0043,436907,4607409,1690449,Nitrats
before_2007,0006,0014,F002507,Al·luvials del Vallès - 08107-0043,436907,4607409,2679450,Nitrits
before_2007,0006,0014,F002509,Detrític neogen del Vallès - 08234-0012,449580.16,4614140.56,1669586,Amoni
before_2007,0006,0014,F002509,Detrític neogen del Vallès - 08234-0012,449580.16,4614140.56,1690451,Nitrats
before_2007,0006,0014,F002509,Detrític neogen del Vallès - 08234-0012,449580.16,4614140.56,2679452,Nitrits
before_2007,0006,0014,F002512,Al·luvials del Vallès - 08902-0027,440512,4600700,3045836,Nitrits
before_2007,0006,0014,F002512,Al·luvials del Vallès - 08902-0027,440512,4600700,3045837,Nitrats
before_2007,0006,0014,F002512,Al·luvials del Vallès - 08902-0027,440512,4600700,3045839,Amoni
before_2007,0006,0014,F002514,Detrític neogen de l'Empordà - 17228-0012,491595,4677950,1669591,Amoni
before_2007,0006,0014,F002514,Detrític neogen de l'Empordà - 17228-0012,491595,4677950,1690456,Nitrats
before_2007,0006,0014,F002514,Detrític neogen de l'Empordà - 17228-0012,491595,4677950,2679457,Nitrits
before_2007,0006,0014,F002518,Plioquaternari de la Riera Santa Coloma - 17101-0102,470982,4624375,1665422,Fosfats
before_2007,0006,0014,F002518,Plioquaternari de la Riera Santa Coloma - 17101-0102,470982,4624375,1669595,Amoni
before_2007,0006,0014,F002518,Plioquaternari de la Riera Santa Coloma - 17101-0102,470982,4624375,1690460,Nitrats
before_2007,0006,0014,F002518,Plioquaternari de la Riera Santa Coloma - 17101-0102,470982,4624375,2679461,Nitrits
before_2007,0006,0014,F002519,Al·luvials del Vallès - 08181-0016,443988.08,4604730.59,1669596,Amoni
before_2007,0006,0014,F002519,Al·luvials del Vallès - 08181-0016,443988.08,4604730.59,1690461,Nitrats
before_2007,0006,0014,F002519,Al·luvials del Vallès - 08181-0016,443988.08,4604730.59,2679462,Nitrits
before_2007,0006,0014,F002522,Al·luvials del Vallès - 08023-0063,434893.1,4613232,3046789,Nitrits
before_2007,0006,0014,F002522,Al·luvials del Vallès - 08023-0063,434893.1,4613232,3046790,Nitrats
before_2007,0006,0014,F002522,Al·luvials del Vallès - 08023-0063,434893.1,4613232,3046792,Amoni
before_2007,0006,0014,F002524,Detrític neogen del Vallès - 08046-0016,446686.14,4611590.58,1669600,Amoni
before_2007,0006,0014,F002524,Detrític neogen del Vallès - 08046-0016,446686.14,4611590.58,1690465,Nitrats
before_2007,0006,0014,F002524,Detrític neogen del Vallès - 08046-0016,446686.14,4611590.58,2679466,Nitrits
before_2007,0006,0014,F002526,Detrític neogen del Vallès - 08234-0033,451801.16,4614173.54,1669602,Amoni
before_2007,0006,0014,F002526,Detrític neogen del Vallès - 08234-0033,451801.16,4614173.54,1690467,Nitrats
before_2007,0006,0014,F002526,Detrític neogen del Vallès - 08234-0033,451801.16,4614173.54,2679468,Nitrits
before_2007,0006,0014,F002527,Al·luvials del Vallès - 08023-0026,435631.13,4613075.66,3045821,Nitrits
before_2007,0006,0014,F002527,Al·luvials del Vallès - 08023-0026,435631.13,4613075.66,3045822,Nitrats
before_2007,0006,0014,F002527,Al·luvials del Vallès - 08023-0026,435631.13,4613075.66,3045824,Amoni
before_2007,0006,0014,F002527,Al·luvials del Vallès - 08023-0026,435631.13,4613075.66,3114110,Fosfats
before_2007,0006,0014,F002530,Al·luvials del Vallès - 08136-0098,439415,4600135,1669606,Amoni
before_2007,0006,0014,F002530,Al·luvials del Vallès - 08136-0098,439415,4600135,1690471,Nitrats
before_2007,0006,0014,F002530,Al·luvials del Vallès - 08136-0098,439415,4600135,2679472,Nitrits
before_2007,0006,0014,F002532,Detrític neogen del Vallès - 08046-0004,445848.13,4611030.58,1669608,Amoni
before_2007,0006,0014,F002532,Detrític neogen del Vallès - 08046-0004,445848.13,4611030.58,1690473,Nitrats
before_2007,0006,0014,F002532,Detrític neogen del Vallès - 08046-0004,445848.13,4611030.58,2679474,Nitrits
before_2007,0006,0014,F002533,Prelitoral del Vallès - 08033-0055,431443,4609612,1669609,Amoni
before_2007,0006,0014,F002533,Prelitoral del Vallès - 08033-0055,431443,4609612,1690474,Nitrats
before_2007,0006,0014,F002533,Prelitoral del Vallès - 08033-0055,431443,4609612,2679475,Nitrits
before_2007,0006,0014,F002534,Baixa Garrotxa-Pla de l'Estany - 17190-0009,478956.62,4668204.42,1669610,Amoni
before_2007,0006,0014,F002534,Baixa Garrotxa-Pla de l'Estany - 17190-0009,478956.62,4668204.42,1690475,Nitrats
before_2007,0006,0014,F002534,Baixa Garrotxa-Pla de l'Estany - 17190-0009,478956.62,4668204.42,2679476,Nitrits
before_2007,0006,0014,F002535,Detrític neogen de l'Empordà - 17111-0016,486686.69,4675895.37,1669611,Amoni
before_2007,0006,0014,F002535,Detrític neogen de l'Empordà - 17111-0016,486686.69,4675895.37,1690476,Nitrats
before_2007,0006,0014,F002535,Detrític neogen de l'Empordà - 17111-0016,486686.69,4675895.37,2679477,Nitrits
before_2007,0006,0014,F002536,Detrític neogen del Vallès - 08234-0034,449745.17,4615669.56,1669612,Amoni
before_2007,0006,0014,F002536,Detrític neogen del Vallès - 08234-0034,449745.17,4615669.56,1690477,Nitrats
before_2007,0006,0014,F002536,Detrític neogen del Vallès - 08234-0034,449745.17,4615669.56,2679478,Nitrits
before_2007,0006,0014,F002538,Alt Urgell - 25203-0011,373897,4690748,1669614,Amoni
before_2007,0006,0014,F002538,Alt Urgell - 25203-0011,373897,4690748,1690479,Nitrats
before_2007,0006,0014,F002538,Alt Urgell - 25203-0011,373897,4690748,2679480,Nitrits
before_2007,0006,0014,F002541,Massís Axial Pirenaic_Cat - 25185-0018,366207,4687296,1672905,Amoni
before_2007,0006,0014,F002541,Massís Axial Pirenaic_Cat - 25185-0018,366207,4687296,1693770,Nitrats
before_2007,0006,0014,F002541,Massís Axial Pirenaic_Cat - 25185-0018,366207,4687296,2682771,Nitrits
before_2007,0006,0014,F002542,Alt Urgell - 25185-0014,365527,4684895,1669617,Amoni
before_2007,0006,0014,F002542,Alt Urgell - 25185-0014,365527,4684895,1690482,Nitrats
before_2007,0006,0014,F002542,Alt Urgell - 25185-0014,365527,4684895,2679483,Nitrits
before_2007,0006,0014,F002549,La Cerdanya - 25051-0027,402084,4690831,1669624,Amoni
before_2007,0006,0014,F002549,La Cerdanya - 25051-0027,402084,4690831,1690489,Nitrats
before_2007,0006,0014,F002549,La Cerdanya - 25051-0027,402084,4690831,2679490,Nitrits
before_2007,0006,0014,F002552,La Cerdanya - 25051-0024,399057.67,4691521.06,1669627,Amoni
before_2007,0006,0014,F002552,La Cerdanya - 25051-0024,399057.67,4691521.06,1690492,Nitrats
before_2007,0006,0014,F002552,La Cerdanya - 25051-0024,399057.67,4691521.06,2679493,Nitrits
before_2007,0006,0014,F002561,La Cerdanya - 25913-0003,403446.42,4689084.92,1672787,Amoni
before_2007,0006,0014,F002561,La Cerdanya - 25913-0003,403446.42,4689084.92,1693652,Nitrats
before_2007,0006,0014,F002561,La Cerdanya - 25913-0003,403446.42,4689084.92,2682653,Nitrits
before_2007,0006,0014,F002564,La Cerdanya - 17078-0004,406256.7,4697146,1669637,Amoni
before_2007,0006,0014,F002564,La Cerdanya - 17078-0004,406256.7,4697146,1690502,Nitrats
before_2007,0006,0014,F002564,La Cerdanya - 17078-0004,406256.7,4697146,2679503,Nitrits
before_2007,0006,0014,F002585,Conca alta de Cardener i Llobregat - 08268-0014,405651,4666548,3044640,Nitrits
before_2007,0006,0014,F002585,Conca alta de Cardener i Llobregat - 08268-0014,405651,4666548,3044641,Nitrats
before_2007,0006,0014,F002585,Conca alta de Cardener i Llobregat - 08268-0014,405651,4666548,3044664,Amoni
before_2007,0006,0014,F002589,Tremp-Isona - 25171-0008,332981.18,4679764.7,1669661,Amoni
before_2007,0006,0014,F002589,Tremp-Isona - 25171-0008,332981.18,4679764.7,1690526,Nitrats
before_2007,0006,0014,F002589,Tremp-Isona - 25171-0008,332981.18,4679764.7,2679527,Nitrits
before_2007,0006,0014,F002591,Tremp-Isona - 25001-0002,340906,4666796,1669663,Amoni
before_2007,0006,0014,F002591,Tremp-Isona - 25001-0002,340906,4666796,1690528,Nitrats
before_2007,0006,0014,F002591,Tremp-Isona - 25001-0002,340906,4666796,2679529,Nitrits
before_2007,0006,0014,F002593,Tremp-Isona - 25128-0003,327987.33,4661847.55,1669665,Amoni
before_2007,0006,0014,F002593,Tremp-Isona - 25128-0003,327987.33,4661847.55,1690530,Nitrats
before_2007,0006,0014,F002593,Tremp-Isona - 25128-0003,327987.33,4661847.55,2679531,Nitrits
before_2007,0006,0014,F002594,Tremp-Isona - 25115-0021,335208,4666775,1669666,Amoni
before_2007,0006,0014,F002594,Tremp-Isona - 25115-0021,335208,4666775,1690531,Nitrats
before_2007,0006,0014,F002594,Tremp-Isona - 25115-0021,335208,4666775,2679532,Nitrits
before_2007,0006,0014,F002598,Tremp-Isona - 25904-0006,324840,4659547,1669669,Amoni
before_2007,0006,0014,F002598,Tremp-Isona - 25904-0006,324840,4659547,1690534,Nitrats
before_2007,0006,0014,F002598,Tremp-Isona - 25904-0006,324840,4659547,2679535,Nitrits
before_2007,0006,0014,F002600,Tremp-Isona - 25115-0012,339345,4665145,1669671,Amoni
before_2007,0006,0014,F002600,Tremp-Isona - 25115-0012,339345,4665145,1690536,Nitrats
before_2007,0006,0014,F002600,Tremp-Isona - 25115-0012,339345,4665145,2679537,Nitrits
before_2007,0006,0014,F002602,Tremp-Isona - 25234-0013,331306,4669297,1669673,Amoni
before_2007,0006,0014,F002602,Tremp-Isona - 25234-0013,331306,4669297,1690538,Nitrats
before_2007,0006,0014,F002602,Tremp-Isona - 25234-0013,331306,4669297,2679539,Nitrits
before_2007,0006,0014,F002604,Tremp-Isona - 25171-0006,332806,4680547,1669675,Amoni
before_2007,0006,0014,F002604,Tremp-Isona - 25171-0006,332806,4680547,1690540,Nitrats
before_2007,0006,0014,F002604,Tremp-Isona - 25171-0006,332806,4680547,2679541,Nitrits
before_2007,0006,0014,F002609,Detrític neogen de l'Empordà - 17016-0015,493472,4667980,1669680,Amoni
before_2007,0006,0014,F002609,Detrític neogen de l'Empordà - 17016-0015,493472,4667980,1690545,Nitrats
before_2007,0006,0014,F002609,Detrític neogen de l'Empordà - 17016-0015,493472,4667980,2679546,Nitrits
before_2007,0006,0014,F002612,Detrític neogen de l'Empordà - 17031-0021,486988.65,4670766.36,1669683,Amoni
before_2007,0006,0014,F002612,Detrític neogen de l'Empordà - 17031-0021,486988.65,4670766.36,1690548,Nitrats
before_2007,0006,0014,F002612,Detrític neogen de l'Empordà - 17031-0021,486988.65,4670766.36,2679549,Nitrits
before_2007,0006,0014,F002617,Detrític neogen de l'Empordà - 17119-0005,497015.65,4669431.28,1672909,Amoni
before_2007,0006,0014,F002617,Detrític neogen de l'Empordà - 17119-0005,497015.65,4669431.28,1693774,Nitrats
before_2007,0006,0014,F002617,Detrític neogen de l'Empordà - 17119-0005,497015.65,4669431.28,2682775,Nitrits
before_2007,0006,0014,F002621,Detrític neogen de l'Empordà - 17031-0023,483161.66,4673635.39,1669691,Amoni
before_2007,0006,0014,F002621,Detrític neogen de l'Empordà - 17031-0023,483161.66,4673635.39,1690556,Nitrats
before_2007,0006,0014,F002621,Detrític neogen de l'Empordà - 17031-0023,483161.66,4673635.39,2679557,Nitrits
before_2007,0006,0014,F002623,Detrític neogen de l'Empordà - 17056-0012,483895.58,4661945.37,1669693,Amoni
before_2007,0006,0014,F002623,Detrític neogen de l'Empordà - 17056-0012,483895.58,4661945.37,1690558,Nitrats
before_2007,0006,0014,F002623,Detrític neogen de l'Empordà - 17056-0012,483895.58,4661945.37,2679559,Nitrits
before_2007,0006,0014,F002645,Detrític neogen de l'Empordà - 17031-0002,484836.67,4674365.38,1669711,Amoni
before_2007,0006,0014,F002645,Detrític neogen de l'Empordà - 17031-0002,484836.67,4674365.38,1690576,Nitrats
before_2007,0006,0014,F002645,Detrític neogen de l'Empordà - 17031-0002,484836.67,4674365.38,2679577,Nitrits
before_2007,0006,0014,F002653,Detrític neogen de l'Empordà - 17226-0004,498666.7,4675395.28,1669719,Amoni
before_2007,0006,0014,F002653,Detrític neogen de l'Empordà - 17226-0004,498666.7,4675395.28,1690584,Nitrats
before_2007,0006,0014,F002653,Detrític neogen de l'Empordà - 17226-0004,498666.7,4675395.28,2679585,Nitrits
before_2007,0006,0014,F002655,Fluviodeltaic del Baix Ter - 17173-0007,494129,4651827,1669721,Amoni
before_2007,0006,0014,F002655,Fluviodeltaic del Baix Ter - 17173-0007,494129,4651827,1690586,Nitrats
before_2007,0006,0014,F002655,Fluviodeltaic del Baix Ter - 17173-0007,494129,4651827,2679587,Nitrits
before_2007,0006,0014,F002665,Detrític neogen de l'Empordà - 17218-0018,490601.61,4665244.33,1669730,Amoni
before_2007,0006,0014,F002665,Detrític neogen de l'Empordà - 17218-0018,490601.61,4665244.33,1690595,Nitrats
before_2007,0006,0014,F002665,Detrític neogen de l'Empordà - 17218-0018,490601.61,4665244.33,2679596,Nitrits
before_2007,0006,0014,F002666,Detrític neogen de l'Empordà - 17218-0021,486161,4666843,1669731,Amoni
before_2007,0006,0014,F002666,Detrític neogen de l'Empordà - 17218-0021,486161,4666843,1690596,Nitrats
before_2007,0006,0014,F002666,Detrític neogen de l'Empordà - 17218-0021,486161,4666843,2679597,Nitrits
before_2007,0006,0014,F002667,Detrític neogen de l'Empordà - 17218-0023,488100,4664990,1669732,Amoni
before_2007,0006,0014,F002667,Detrític neogen de l'Empordà - 17218-0023,488100,4664990,1690597,Nitrats
before_2007,0006,0014,F002667,Detrític neogen de l'Empordà - 17218-0023,488100,4664990,2679598,Nitrits
before_2007,0006,0014,F002673,Baixa Garrotxa-Pla de l'Estany - 17137-0009,479271.59,4665355.41,1665565,Fosfats
before_2007,0006,0014,F002673,Baixa Garrotxa-Pla de l'Estany - 17137-0009,479271.59,4665355.41,1669738,Amoni
before_2007,0006,0014,F002673,Baixa Garrotxa-Pla de l'Estany - 17137-0009,479271.59,4665355.41,1690603,Nitrats
before_2007,0006,0014,F002673,Baixa Garrotxa-Pla de l'Estany - 17137-0009,479271.59,4665355.41,2679604,Nitrits
before_2007,0006,0014,F002674,Detrític neogen de l'Empordà - 17218-0012,489330,4666507,1669739,Amoni
before_2007,0006,0014,F002674,Detrític neogen de l'Empordà - 17218-0012,489330,4666507,1690604,Nitrats
before_2007,0006,0014,F002674,Detrític neogen de l'Empordà - 17218-0012,489330,4666507,2679605,Nitrits
before_2007,0006,0014,F002680,Fluviodeltaic del Baix Ter - 17126-0005,504087,4652335,1672913,Amoni
before_2007,0006,0014,F002680,Fluviodeltaic del Baix Ter - 17126-0005,504087,4652335,1693778,Nitrats
before_2007,0006,0014,F002680,Fluviodeltaic del Baix Ter - 17126-0005,504087,4652335,2682779,Nitrits
before_2007,0006,0014,F002682,Baixa Garrotxa-Pla de l'Estany - 17071-0007,480741.6,4666288.4,1669746,Amoni
before_2007,0006,0014,F002682,Baixa Garrotxa-Pla de l'Estany - 17071-0007,480741.6,4666288.4,1690611,Nitrats
before_2007,0006,0014,F002682,Baixa Garrotxa-Pla de l'Estany - 17071-0007,480741.6,4666288.4,2679612,Nitrits
before_2007,0006,0014,F002685,Baixa Garrotxa-Pla de l'Estany - 17065-0015,481545,4668970,1669749,Amoni
before_2007,0006,0014,F002685,Baixa Garrotxa-Pla de l'Estany - 17065-0015,481545,4668970,1690614,Nitrats
before_2007,0006,0014,F002685,Baixa Garrotxa-Pla de l'Estany - 17065-0015,481545,4668970,2679615,Nitrits
before_2007,0006,0014,F002690,Detrític neogen de l'Empordà - 17111-0010,488894.58,4674684.86,1669754,Amoni
before_2007,0006,0014,F002690,Detrític neogen de l'Empordà - 17111-0010,488894.58,4674684.86,1690619,Nitrats
before_2007,0006,0014,F002690,Detrític neogen de l'Empordà - 17111-0010,488894.58,4674684.86,2679620,Nitrits
before_2007,0006,0014,F002693,Detrític neogen de l'Empordà - 17218-0013,489334.58,4661496.33,1669757,Amoni
before_2007,0006,0014,F002693,Detrític neogen de l'Empordà - 17218-0013,489334.58,4661496.33,1690622,Nitrats
before_2007,0006,0014,F002693,Detrític neogen de l'Empordà - 17218-0013,489334.58,4661496.33,2679623,Nitrits
before_2007,0006,0014,F002697,Detrític neogen de l'Empordà - 17216-0018,494334.58,4661022.29,1669760,Amoni
before_2007,0006,0014,F002697,Detrític neogen de l'Empordà - 17216-0018,494334.58,4661022.29,1690625,Nitrats
before_2007,0006,0014,F002697,Detrític neogen de l'Empordà - 17216-0018,494334.58,4661022.29,2679626,Nitrits
before_2007,0006,0014,F002699,Detrític neogen de l'Empordà - 17052-0012,499385.8,4672977.1,1669762,Amoni
before_2007,0006,0014,F002699,Detrític neogen de l'Empordà - 17052-0012,499385.8,4672977.1,1690627,Nitrats
before_2007,0006,0014,F002699,Detrític neogen de l'Empordà - 17052-0012,499385.8,4672977.1,2679628,Nitrits
before_2007,0006,0014,F002700,Detrític neogen de l'Empordà - 17226-0010,497806.69,4673695.28,1669763,Amoni
before_2007,0006,0014,F002700,Detrític neogen de l'Empordà - 17226-0010,497806.69,4673695.28,1690628,Nitrats
before_2007,0006,0014,F002700,Detrític neogen de l'Empordà - 17226-0010,497806.69,4673695.28,2679629,Nitrits
before_2007,0006,0014,F002702,Paleògens del Baix Ter - 17121-0027,508839.51,4648143.16,1669764,Amoni
before_2007,0006,0014,F002702,Paleògens del Baix Ter - 17121-0027,508839.51,4648143.16,1690629,Nitrats
before_2007,0006,0014,F002702,Paleògens del Baix Ter - 17121-0027,508839.51,4648143.16,2679630,Nitrits
before_2007,0006,0014,F002703,Detrític neogen de l'Empordà - 17218-0014,484406.61,4666595.37,1669765,Amoni
before_2007,0006,0014,F002703,Detrític neogen de l'Empordà - 17218-0014,484406.61,4666595.37,1690630,Nitrats
before_2007,0006,0014,F002703,Detrític neogen de l'Empordà - 17218-0014,484406.61,4666595.37,2679631,Nitrits
before_2007,0006,0014,F002710,Paleògens del Baix Ter - 17087-0001,492941.51,4652105.29,1669771,Amoni
before_2007,0006,0014,F002710,Paleògens del Baix Ter - 17087-0001,492941.51,4652105.29,1690636,Nitrats
before_2007,0006,0014,F002710,Paleògens del Baix Ter - 17087-0001,492941.51,4652105.29,2679637,Nitrits
before_2007,0006,0014,F002711,Paleògens del Baix Ter - 17087-0010,492936.52,4652135.29,1669772,Amoni
before_2007,0006,0014,F002711,Paleògens del Baix Ter - 17087-0010,492936.52,4652135.29,1690637,Nitrats
before_2007,0006,0014,F002711,Paleògens del Baix Ter - 17087-0010,492936.52,4652135.29,2679638,Nitrits
before_2007,0006,0014,F002712,Fluviodeltaic del Baix Ter - 17087-0004,493082,4653700,1669773,Amoni
before_2007,0006,0014,F002712,Fluviodeltaic del Baix Ter - 17087-0004,493082,4653700,1690638,Nitrats
before_2007,0006,0014,F002712,Fluviodeltaic del Baix Ter - 17087-0004,493082,4653700,2679639,Nitrits
before_2007,0006,0014,F002713,Paleògens del Baix Ter - 17168-0007,495066.53,4654195.27,1669774,Amoni
before_2007,0006,0014,F002713,Paleògens del Baix Ter - 17168-0007,495066.53,4654195.27,1690639,Nitrats
before_2007,0006,0014,F002713,Paleògens del Baix Ter - 17168-0007,495066.53,4654195.27,2679640,Nitrits
before_2007,0006,0014,F002732,Detrític neogen de l'Empordà - 17075-0004,495456.66,4671245.3,1669792,Amoni
before_2007,0006,0014,F002732,Detrític neogen de l'Empordà - 17075-0004,495456.66,4671245.3,1690657,Nitrats
before_2007,0006,0014,F002732,Detrític neogen de l'Empordà - 17075-0004,495456.66,4671245.3,2679658,Nitrits
before_2007,0006,0014,F002734,Baixa Garrotxa-Pla de l'Estany - 17065-0002,481385,4669003,1665621,Fosfats
before_2007,0006,0014,F002734,Baixa Garrotxa-Pla de l'Estany - 17065-0002,481385,4669003,1669794,Amoni
before_2007,0006,0014,F002734,Baixa Garrotxa-Pla de l'Estany - 17065-0002,481385,4669003,1690659,Nitrats
before_2007,0006,0014,F002734,Baixa Garrotxa-Pla de l'Estany - 17065-0002,481385,4669003,2679660,Nitrits
before_2007,0006,0014,F002739,Detrític neogen de l'Empordà - 17056-0052,487226.55,4657895.34,1672916,Amoni
before_2007,0006,0014,F002739,Detrític neogen de l'Empordà - 17056-0052,487226.55,4657895.34,1693781,Nitrats
before_2007,0006,0014,F002739,Detrític neogen de l'Empordà - 17056-0052,487226.55,4657895.34,2682782,Nitrits
before_2007,0006,0014,F002740,Detrític neogen de l'Empordà - 17056-0051,485321,4661391,1669799,Amoni
before_2007,0006,0014,F002740,Detrític neogen de l'Empordà - 17056-0051,485321,4661391,1690664,Nitrats
before_2007,0006,0014,F002740,Detrític neogen de l'Empordà - 17056-0051,485321,4661391,2679665,Nitrits
before_2007,0006,0014,F002741,Detrític neogen de l'Empordà - 17056-0045,483852.56,4659991.37,1669800,Amoni
before_2007,0006,0014,F002741,Detrític neogen de l'Empordà - 17056-0045,483852.56,4659991.37,1690665,Nitrats
before_2007,0006,0014,F002741,Detrític neogen de l'Empordà - 17056-0045,483852.56,4659991.37,2679666,Nitrits
before_2007,0006,0014,F002746,Detrític neogen de l'Empordà - 17218-0022,490465,4668459,1669805,Amoni
before_2007,0006,0014,F002746,Detrític neogen de l'Empordà - 17218-0022,490465,4668459,1690670,Nitrats
before_2007,0006,0014,F002746,Detrític neogen de l'Empordà - 17218-0022,490465,4668459,2679671,Nitrits
before_2007,0006,0014,F002748,Fluviodeltaic del Baix Ter - 17166-0004,496036.56,4657392.27,1665634,Fosfats
before_2007,0006,0014,F002748,Fluviodeltaic del Baix Ter - 17166-0004,496036.56,4657392.27,1669807,Amoni
before_2007,0006,0014,F002748,Fluviodeltaic del Baix Ter - 17166-0004,496036.56,4657392.27,1690672,Nitrats
before_2007,0006,0014,F002748,Fluviodeltaic del Baix Ter - 17166-0004,496036.56,4657392.27,2679673,Nitrits
before_2007,0006,0014,F002754,Detrític neogen de l'Empordà - 17016-0010,493345,4667758,1669813,Amoni
before_2007,0006,0014,F002754,Detrític neogen de l'Empordà - 17016-0010,493345,4667758,1690678,Nitrats
before_2007,0006,0014,F002754,Detrític neogen de l'Empordà - 17016-0010,493345,4667758,2679679,Nitrits
before_2007,0006,0014,F002755,Detrític neogen de l'Empordà - 17026-0011,493206.69,4674561.32,1669814,Amoni
before_2007,0006,0014,F002755,Detrític neogen de l'Empordà - 17026-0011,493206.69,4674561.32,1690679,Nitrats
before_2007,0006,0014,F002755,Detrític neogen de l'Empordà - 17026-0011,493206.69,4674561.32,2679680,Nitrits
before_2007,0006,0014,F002756,Detrític neogen de l'Empordà - 17111-0007,488709.68,4674628.35,1669815,Amoni
before_2007,0006,0014,F002756,Detrític neogen de l'Empordà - 17111-0007,488709.68,4674628.35,1690680,Nitrats
before_2007,0006,0014,F002756,Detrític neogen de l'Empordà - 17111-0007,488709.68,4674628.35,2679681,Nitrits
before_2007,0006,0014,F002759,Detrític neogen de l'Empordà - 17221-0016,495010,4677382,1672917,Amoni
before_2007,0006,0014,F002759,Detrític neogen de l'Empordà - 17221-0016,495010,4677382,1693782,Nitrats
before_2007,0006,0014,F002759,Detrític neogen de l'Empordà - 17221-0016,495010,4677382,2682783,Nitrits
before_2007,0006,0014,F002762,Detrític neogen de l'Empordà - 17226-0008,496887.7,4675159.29,1669820,Amoni
before_2007,0006,0014,F002762,Detrític neogen de l'Empordà - 17226-0008,496887.7,4675159.29,1690685,Nitrats
before_2007,0006,0014,F002762,Detrític neogen de l'Empordà - 17226-0008,496887.7,4675159.29,2679686,Nitrits
before_2007,0006,0014,F002771,Detrític neogen de l'Empordà - 17187-0006,498230.62,4664441.27,1670466,Amoni
before_2007,0006,0014,F002771,Detrític neogen de l'Empordà - 17187-0006,498230.62,4664441.27,1691331,Nitrats
before_2007,0006,0014,F002771,Detrític neogen de l'Empordà - 17187-0006,498230.62,4664441.27,2680332,Nitrits
before_2007,0006,0014,F002774,Detrític neogen de l'Empordà - 17218-0019,490464.6,4668459.3,1670468,Amoni
before_2007,0006,0014,F002774,Detrític neogen de l'Empordà - 17218-0019,490464.6,4668459.3,1691333,Nitrats
before_2007,0006,0014,F002774,Detrític neogen de l'Empordà - 17218-0019,490464.6,4668459.3,2680334,Nitrits
before_2007,0006,0014,F002779,Fluviodeltaic del Baix Ter - 17022-0027,503478,4647694,1666300,Fosfats
before_2007,0006,0014,F002779,Fluviodeltaic del Baix Ter - 17022-0027,503478,4647694,1670473,Amoni
before_2007,0006,0014,F002779,Fluviodeltaic del Baix Ter - 17022-0027,503478,4647694,1691338,Nitrats
before_2007,0006,0014,F002779,Fluviodeltaic del Baix Ter - 17022-0027,503478,4647694,2680339,Nitrits
before_2007,0006,0014,F002780,Detrític neogen de l'Empordà - 17187-0012,494725.61,4663913.29,1670474,Amoni
before_2007,0006,0014,F002780,Detrític neogen de l'Empordà - 17187-0012,494725.61,4663913.29,1691339,Nitrats
before_2007,0006,0014,F002780,Detrític neogen de l'Empordà - 17187-0012,494725.61,4663913.29,2680340,Nitrits
before_2007,0006,0014,F002792,Fluviodeltaic del Baix Ter - 17049-0007,489034,4653489,1666311,Fosfats
before_2007,0006,0014,F002792,Fluviodeltaic del Baix Ter - 17049-0007,489034,4653489,1670484,Amoni
before_2007,0006,0014,F002792,Fluviodeltaic del Baix Ter - 17049-0007,489034,4653489,1691349,Nitrats
before_2007,0006,0014,F002792,Fluviodeltaic del Baix Ter - 17049-0007,489034,4653489,2680350,Nitrits
before_2007,0006,0014,F002793,Detrític neogen de l'Empordà - 17221-0026,494837.71,4676877.31,1670485,Amoni
before_2007,0006,0014,F002793,Detrític neogen de l'Empordà - 17221-0026,494837.71,4676877.31,1691350,Nitrats
before_2007,0006,0014,F002793,Detrític neogen de l'Empordà - 17221-0026,494837.71,4676877.31,2680351,Nitrits
before_2007,0006,0014,F002800,Paleògens del Baix Ter - 17055-0008,498976.58,4659700.25,1670492,Amoni
before_2007,0006,0014,F002800,Paleògens del Baix Ter - 17055-0008,498976.58,4659700.25,1691357,Nitrats
before_2007,0006,0014,F002800,Paleògens del Baix Ter - 17055-0008,498976.58,4659700.25,2680358,Nitrits
before_2007,0006,0014,F002804,Paleògens del Baix Ter - 17055-0005,498889.58,4659145.25,1670496,Amoni
before_2007,0006,0014,F002804,Paleògens del Baix Ter - 17055-0005,498889.58,4659145.25,1691361,Nitrats
before_2007,0006,0014,F002804,Paleògens del Baix Ter - 17055-0005,498889.58,4659145.25,2680362,Nitrits
before_2007,0006,0014,F002807,Fluviodeltaic del Baix Ter - 17049-0024,489264.53,4654694.32,1666326,Fosfats
before_2007,0006,0014,F002807,Fluviodeltaic del Baix Ter - 17049-0024,489264.53,4654694.32,1670499,Amoni
before_2007,0006,0014,F002807,Fluviodeltaic del Baix Ter - 17049-0024,489264.53,4654694.32,1691364,Nitrats
before_2007,0006,0014,F002807,Fluviodeltaic del Baix Ter - 17049-0024,489264.53,4654694.32,2680365,Nitrits
before_2007,0006,0014,F002813,Detrític neogen de l'Empordà - 17058-0003,482923,4670402,1670504,Amoni
before_2007,0006,0014,F002813,Detrític neogen de l'Empordà - 17058-0003,482923,4670402,1691369,Nitrats
before_2007,0006,0014,F002813,Detrític neogen de l'Empordà - 17058-0003,482923,4670402,2680370,Nitrits
before_2007,0006,0014,F002819,Paleògens del Baix Ter - 17187-0009,498066.61,4663025.27,1670510,Amoni
before_2007,0006,0014,F002819,Paleògens del Baix Ter - 17187-0009,498066.61,4663025.27,1691375,Nitrats
before_2007,0006,0014,F002819,Paleògens del Baix Ter - 17187-0009,498066.61,4663025.27,2680376,Nitrits
before_2007,0006,0014,F002826,Detrític neogen de l'Empordà - 17015-0009,481713,4663519,1670517,Amoni
before_2007,0006,0014,F002826,Detrític neogen de l'Empordà - 17015-0009,481713,4663519,1691382,Nitrats
before_2007,0006,0014,F002826,Detrític neogen de l'Empordà - 17015-0009,481713,4663519,2680383,Nitrits
before_2007,0006,0014,F002829,Detrític neogen de l'Empordà - 17222-0008,496058,4666225,1670520,Amoni
before_2007,0006,0014,F002829,Detrític neogen de l'Empordà - 17222-0008,496058,4666225,1691385,Nitrats
before_2007,0006,0014,F002829,Detrític neogen de l'Empordà - 17222-0008,496058,4666225,2680386,Nitrits
before_2007,0006,0014,F002835,Detrític neogen de l'Empordà - 17015-0006,481606.58,4663190.39,1670525,Amoni
before_2007,0006,0014,F002835,Detrític neogen de l'Empordà - 17015-0006,481606.58,4663190.39,1691390,Nitrats
before_2007,0006,0014,F002835,Detrític neogen de l'Empordà - 17015-0006,481606.58,4663190.39,2680391,Nitrits
before_2007,0006,0014,F002840,Detrític neogen de l'Empordà - 17056-0047,482686.57,4660965.38,1670530,Amoni
before_2007,0006,0014,F002840,Detrític neogen de l'Empordà - 17056-0047,482686.57,4660965.38,1691395,Nitrats
before_2007,0006,0014,F002840,Detrític neogen de l'Empordà - 17056-0047,482686.57,4660965.38,2680396,Nitrits
before_2007,0006,0014,F002849,Detrític neogen de l'Empordà - 17216-0014,492255.89,4661883.41,1670538,Amoni
before_2007,0006,0014,F002849,Detrític neogen de l'Empordà - 17216-0014,492255.89,4661883.41,1691403,Nitrats
before_2007,0006,0014,F002849,Detrític neogen de l'Empordà - 17216-0014,492255.89,4661883.41,2680404,Nitrits
before_2007,0006,0014,F002851,Fluviodeltaic del Baix Ter - 17067-0013,495923,4655242,1670540,Amoni
before_2007,0006,0014,F002851,Fluviodeltaic del Baix Ter - 17067-0013,495923,4655242,1691405,Nitrats
before_2007,0006,0014,F002851,Fluviodeltaic del Baix Ter - 17067-0013,495923,4655242,2680406,Nitrits
before_2007,0006,0014,F002856,Fluviodeltaic del Baix Ter - 17057-0009,503562,4650115,1670544,Amoni
before_2007,0006,0014,F002856,Fluviodeltaic del Baix Ter - 17057-0009,503562,4650115,1691409,Nitrats
before_2007,0006,0014,F002856,Fluviodeltaic del Baix Ter - 17057-0009,503562,4650115,2680410,Nitrits
before_2007,0006,0014,F002874,Baixa Garrotxa-Pla de l'Estany - 17071-0014,480663,4666250,1670560,Amoni
before_2007,0006,0014,F002874,Baixa Garrotxa-Pla de l'Estany - 17071-0014,480663,4666250,1691425,Nitrats
before_2007,0006,0014,F002874,Baixa Garrotxa-Pla de l'Estany - 17071-0014,480663,4666250,2680426,Nitrits
before_2007,0006,0014,F002886,Fluviodeltaic del Baix Ter - 17166-0005,496033.56,4657392.27,1670571,Amoni
before_2007,0006,0014,F002886,Fluviodeltaic del Baix Ter - 17166-0005,496033.56,4657392.27,1691436,Nitrats
before_2007,0006,0014,F002886,Fluviodeltaic del Baix Ter - 17166-0005,496033.56,4657392.27,2680437,Nitrits
before_2007,0006,0014,F002894,Detrític neogen de l'Empordà - 17216-0017,494112,4660328,1670579,Amoni
before_2007,0006,0014,F002894,Detrític neogen de l'Empordà - 17216-0017,494112,4660328,1691444,Nitrats
before_2007,0006,0014,F002894,Detrític neogen de l'Empordà - 17216-0017,494112,4660328,2680445,Nitrits
before_2007,0006,0014,F002917,Detrític neogen de l'Empordà - 17012-0014,493362,4675539,1670116,Amoni
before_2007,0006,0014,F002917,Detrític neogen de l'Empordà - 17012-0014,493362,4675539,1690981,Nitrats
before_2007,0006,0014,F002917,Detrític neogen de l'Empordà - 17012-0014,493362,4675539,2679982,Nitrits
before_2007,0006,0014,F002920,Detrític neogen de l'Empordà - 17026-0014,495161.69,4674715.31,1670119,Amoni
before_2007,0006,0014,F002920,Detrític neogen de l'Empordà - 17026-0014,495161.69,4674715.31,1690984,Nitrats
before_2007,0006,0014,F002920,Detrític neogen de l'Empordà - 17026-0014,495161.69,4674715.31,2679985,Nitrits
before_2007,0006,0014,F002934,Detrític neogen de l'Empordà - 17123-0006,484036.54,4657605.36,1670132,Amoni
before_2007,0006,0014,F002934,Detrític neogen de l'Empordà - 17123-0006,484036.54,4657605.36,1690997,Nitrats
before_2007,0006,0014,F002934,Detrític neogen de l'Empordà - 17123-0006,484036.54,4657605.36,2679998,Nitrits
before_2007,0006,0014,F002947,Detrític neogen de l'Empordà - 17012-0021,493026.71,4677445.33,1670143,Amoni
before_2007,0006,0014,F002947,Detrític neogen de l'Empordà - 17012-0021,493026.71,4677445.33,1691008,Nitrats
before_2007,0006,0014,F002947,Detrític neogen de l'Empordà - 17012-0021,493026.71,4677445.33,2680009,Nitrits
before_2007,0006,0014,F002954,Detrític neogen de l'Empordà - 17075-0012,496246.58,4670965.34,1670149,Amoni
before_2007,0006,0014,F002954,Detrític neogen de l'Empordà - 17075-0012,496246.58,4670965.34,1691014,Nitrats
before_2007,0006,0014,F002954,Detrític neogen de l'Empordà - 17075-0012,496246.58,4670965.34,2680015,Nitrits
before_2007,0006,0014,F002968,Fluviodeltaic del Baix Ter - 17050-0021,492717,4657249,1670163,Amoni
before_2007,0006,0014,F002968,Fluviodeltaic del Baix Ter - 17050-0021,492717,4657249,1691028,Nitrats
before_2007,0006,0014,F002968,Fluviodeltaic del Baix Ter - 17050-0021,492717,4657249,2680029,Nitrits
before_2007,0006,0014,F002969,Detrític neogen de l'Empordà - 17218-0016,489634,4662555,1670164,Amoni
before_2007,0006,0014,F002969,Detrític neogen de l'Empordà - 17218-0016,489634,4662555,1691029,Nitrats
before_2007,0006,0014,F002969,Detrític neogen de l'Empordà - 17218-0016,489634,4662555,2680030,Nitrits
before_2007,0006,0014,F002971,Detrític neogen de l'Empordà - 17016-0006,492319,4663900,1672927,Amoni
before_2007,0006,0014,F002971,Detrític neogen de l'Empordà - 17016-0006,492319,4663900,1693792,Nitrats
before_2007,0006,0014,F002971,Detrític neogen de l'Empordà - 17016-0006,492319,4663900,2682793,Nitrits
before_2007,0006,0014,F002980,Fluviodeltaic del Baix Ter - 17025-0005,492989,4653923,1670174,Amoni
before_2007,0006,0014,F002980,Fluviodeltaic del Baix Ter - 17025-0005,492989,4653923,1691039,Nitrats
before_2007,0006,0014,F002980,Fluviodeltaic del Baix Ter - 17025-0005,492989,4653923,2680040,Nitrits
before_2007,0006,0014,F002996,Fluviovolcànic de la Garrotxa - 17114-0020,456531,4669174,1670189,Amoni
before_2007,0006,0014,F002996,Fluviovolcànic de la Garrotxa - 17114-0020,456531,4669174,1691054,Nitrats
before_2007,0006,0014,F002996,Fluviovolcànic de la Garrotxa - 17114-0020,456531,4669174,2680055,Nitrits
before_2007,0006,0014,F003032,Fluviovolcànic de la Garrotxa - 17046-0002,461870.5,4674146,1672930,Amoni
before_2007,0006,0014,F003032,Fluviovolcànic de la Garrotxa - 17046-0002,461870.5,4674146,1693795,Nitrats
before_2007,0006,0014,F003032,Fluviovolcànic de la Garrotxa - 17046-0002,461870.5,4674146,2682796,Nitrits
before_2007,0006,0014,F003035,Fluviovolcànic de la Garrotxa - 17184-0026,461137,4666371,1670226,Amoni
before_2007,0006,0014,F003035,Fluviovolcànic de la Garrotxa - 17184-0026,461137,4666371,1691091,Nitrats
before_2007,0006,0014,F003035,Fluviovolcànic de la Garrotxa - 17184-0026,461137,4666371,2680092,Nitrits
before_2007,0006,0014,F003043,Fluviovolcànic de la Garrotxa - 17207-0004,453046.56,4666579.61,1670234,Amoni
before_2007,0006,0014,F003043,Fluviovolcànic de la Garrotxa - 17207-0004,453046.56,4666579.61,1691099,Nitrats
before_2007,0006,0014,F003043,Fluviovolcànic de la Garrotxa - 17207-0004,453046.56,4666579.61,2680100,Nitrits
before_2007,0006,0014,F003050,Baixa Garrotxa-Pla de l'Estany - 17174-0015,473907.57,4663782.45,1670241,Amoni
before_2007,0006,0014,F003050,Baixa Garrotxa-Pla de l'Estany - 17174-0015,473907.57,4663782.45,1691106,Nitrats
before_2007,0006,0014,F003050,Baixa Garrotxa-Pla de l'Estany - 17174-0015,473907.57,4663782.45,2680107,Nitrits
before_2007,0006,0014,F003052,Baixa Garrotxa-Pla de l'Estany - 17174-0012,474131.57,4663245.45,1666070,Fosfats
before_2007,0006,0014,F003052,Baixa Garrotxa-Pla de l'Estany - 17174-0012,474131.57,4663245.45,1670243,Amoni
before_2007,0006,0014,F003052,Baixa Garrotxa-Pla de l'Estany - 17174-0012,474131.57,4663245.45,1691108,Nitrats
before_2007,0006,0014,F003052,Baixa Garrotxa-Pla de l'Estany - 17174-0012,474131.57,4663245.45,2680109,Nitrits
before_2007,0006,0014,F003080,Plana de Vic - Collsacabra - 08112-0023,442095,4652244,1666234,Fosfats
before_2007,0006,0014,F003080,Plana de Vic - Collsacabra - 08112-0023,442095,4652244,1670407,Amoni
before_2007,0006,0014,F003080,Plana de Vic - Collsacabra - 08112-0023,442095,4652244,1691272,Nitrats
before_2007,0006,0014,F003080,Plana de Vic - Collsacabra - 08112-0023,442095,4652244,2680273,Nitrits
before_2007,0006,0014,F003082,Moianès-Sant Llorenç del Munt - 08017-0010,436506,4629596,1670409,Amoni
before_2007,0006,0014,F003082,Moianès-Sant Llorenç del Munt - 08017-0010,436506,4629596,1691274,Nitrats
before_2007,0006,0014,F003082,Moianès-Sant Llorenç del Munt - 08017-0010,436506,4629596,2680275,Nitrits
before_2007,0006,0014,F003086,Plana de Vic - Collsacabra - 08111-0006,438171,4638596,1668626,Fosfats
before_2007,0006,0014,F003086,Plana de Vic - Collsacabra - 08111-0006,438171,4638596,1672799,Amoni
before_2007,0006,0014,F003086,Plana de Vic - Collsacabra - 08111-0006,438171,4638596,1693664,Nitrats
before_2007,0006,0014,F003086,Plana de Vic - Collsacabra - 08111-0006,438171,4638596,2682665,Nitrits
before_2007,0006,0014,F003090,N/D - Subterrània - 08199-0021,429456.41,4650870.77,1670416,Amoni
before_2007,0006,0014,F003090,N/D - Subterrània - 08199-0021,429456.41,4650870.77,1691281,Nitrats
before_2007,0006,0014,F003090,N/D - Subterrània - 08199-0021,429456.41,4650870.77,2680282,Nitrits
before_2007,0006,0014,F003092,Plana de Vic - Collsacabra - 08116-0004,445081.4,4647295.64,1670418,Amoni
before_2007,0006,0014,F003092,Plana de Vic - Collsacabra - 08116-0004,445081.4,4647295.64,1691283,Nitrats
before_2007,0006,0014,F003092,Plana de Vic - Collsacabra - 08116-0004,445081.4,4647295.64,2680284,Nitrits
before_2007,0006,0014,F003102,Plana de Vic - Collsacabra - 08247-0004,431666,4640496,1670426,Amoni
before_2007,0006,0014,F003102,Plana de Vic - Collsacabra - 08247-0004,431666,4640496,1691291,Nitrats
before_2007,0006,0014,F003102,Plana de Vic - Collsacabra - 08247-0004,431666,4640496,2680292,Nitrits
before_2007,0006,0014,F003103,Plana de Vic - Collsacabra - 08100-0014,439819,4645853,1666254,Fosfats
before_2007,0006,0014,F003103,Plana de Vic - Collsacabra - 08100-0014,439819,4645853,1670427,Amoni
before_2007,0006,0014,F003103,Plana de Vic - Collsacabra - 08100-0014,439819,4645853,1691292,Nitrats
before_2007,0006,0014,F003103,Plana de Vic - Collsacabra - 08100-0014,439819,4645853,2680293,Nitrits
before_2007,0006,0014,F003104,Prelitoral del Vallès - 08067-0029,436071.24,4627508.68,1670428,Amoni
before_2007,0006,0014,F003104,Prelitoral del Vallès - 08067-0029,436071.24,4627508.68,1691293,Nitrats
before_2007,0006,0014,F003104,Prelitoral del Vallès - 08067-0029,436071.24,4627508.68,2680294,Nitrits
before_2007,0006,0014,F003105,Plana de Vic - Collsacabra - 08111-0008,437905.93,4639308.58,1670429,Amoni
before_2007,0006,0014,F003105,Plana de Vic - Collsacabra - 08111-0008,437905.93,4639308.58,1691294,Nitrats
before_2007,0006,0014,F003105,Plana de Vic - Collsacabra - 08111-0008,437905.93,4639308.58,2680295,Nitrits
before_2007,0006,0014,F003106,Moianès-Sant Llorenç del Munt - 08269-0007,436977,4632427,1670430,Amoni
before_2007,0006,0014,F003106,Moianès-Sant Llorenç del Munt - 08269-0007,436977,4632427,1691295,Nitrats
before_2007,0006,0014,F003106,Moianès-Sant Llorenç del Munt - 08269-0007,436977,4632427,2680296,Nitrits
before_2007,0006,0014,F003107,Plana de Vic - Collsacabra - 08083-0005,443456,4643046,1670431,Amoni
before_2007,0006,0014,F003107,Plana de Vic - Collsacabra - 08083-0005,443456,4643046,1691296,Nitrats
before_2007,0006,0014,F003107,Plana de Vic - Collsacabra - 08083-0005,443456,4643046,2680297,Nitrits
before_2007,0006,0014,F003109,Plana de Vic - Collsacabra - 08278-0004,440806.31,4636345.66,1670433,Amoni
before_2007,0006,0014,F003109,Plana de Vic - Collsacabra - 08278-0004,440806.31,4636345.66,1691298,Nitrats
before_2007,0006,0014,F003109,Plana de Vic - Collsacabra - 08278-0004,440806.31,4636345.66,2680299,Nitrits
before_2007,0006,0014,F003110,Plana de Vic - Collsacabra - 08100-0013,436256,4645996,1670434,Amoni
before_2007,0006,0014,F003110,Plana de Vic - Collsacabra - 08100-0013,436256,4645996,1691299,Nitrats
before_2007,0006,0014,F003110,Plana de Vic - Collsacabra - 08100-0013,436256,4645996,2680300,Nitrits
before_2007,0006,0014,F003111,Plana de Vic - Collsacabra - 08129-0010,431106,4637146,1670435,Amoni
before_2007,0006,0014,F003111,Plana de Vic - Collsacabra - 08129-0010,431106,4637146,1691300,Nitrats
before_2007,0006,0014,F003111,Plana de Vic - Collsacabra - 08129-0010,431106,4637146,2680301,Nitrits
before_2007,0006,0014,F003111,Plana de Vic - Collsacabra - 08129-0010,431106,4637146,3113462,Fosfats
before_2007,0006,0014,F003112,Moianès-Sant Llorenç del Munt - 08269-0002,437194,4632220,1670436,Amoni
before_2007,0006,0014,F003112,Moianès-Sant Llorenç del Munt - 08269-0002,437194,4632220,1691301,Nitrats
before_2007,0006,0014,F003112,Moianès-Sant Llorenç del Munt - 08269-0002,437194,4632220,2680302,Nitrits
before_2007,0006,0014,F003116,Plana de Vic - Collsacabra - 08129-0011,435652,4636555,1670439,Amoni
before_2007,0006,0014,F003116,Plana de Vic - Collsacabra - 08129-0011,435652,4636555,1691304,Nitrats
before_2007,0006,0014,F003116,Plana de Vic - Collsacabra - 08129-0011,435652,4636555,2680305,Nitrits
before_2007,0006,0014,F003117,Plana de Vic - Collsacabra - 08083-0004,443356,4643046,1670440,Amoni
before_2007,0006,0014,F003117,Plana de Vic - Collsacabra - 08083-0004,443356,4643046,1691305,Nitrats
before_2007,0006,0014,F003117,Plana de Vic - Collsacabra - 08083-0004,443356,4643046,2680306,Nitrits
before_2007,0006,0014,F003118,Plana de Vic - Collsacabra - 08254-0041,447806,4655746,1670441,Amoni
before_2007,0006,0014,F003118,Plana de Vic - Collsacabra - 08254-0041,447806,4655746,1691306,Nitrats
before_2007,0006,0014,F003118,Plana de Vic - Collsacabra - 08254-0041,447806,4655746,2680307,Nitrits
before_2007,0006,0014,F003119,N/D - Subterrània - 08201-0008,427556,4654496,1670442,Amoni
before_2007,0006,0014,F003119,N/D - Subterrània - 08201-0008,427556,4654496,1691307,Nitrats
before_2007,0006,0014,F003119,N/D - Subterrània - 08201-0008,427556,4654496,2680308,Nitrits
before_2007,0006,0014,F003120,Plana de Vic - Collsacabra - 08271-0003,430966,4653632,1670443,Amoni
before_2007,0006,0014,F003120,Plana de Vic - Collsacabra - 08271-0003,430966,4653632,1691308,Nitrats
before_2007,0006,0014,F003120,Plana de Vic - Collsacabra - 08271-0003,430966,4653632,2680309,Nitrits
before_2007,0006,0014,F003122,Plana de Vic - Collsacabra - 08116-0002,441656,4648496,1670445,Amoni
before_2007,0006,0014,F003122,Plana de Vic - Collsacabra - 08116-0002,441656,4648496,1691310,Nitrats
before_2007,0006,0014,F003122,Plana de Vic - Collsacabra - 08116-0002,441656,4648496,2680311,Nitrits
before_2007,0006,0014,F003124,Plana de Vic - Collsacabra - 08117-0004,437126,4653171,1670447,Amoni
before_2007,0006,0014,F003124,Plana de Vic - Collsacabra - 08117-0004,437126,4653171,1691312,Nitrats
before_2007,0006,0014,F003124,Plana de Vic - Collsacabra - 08117-0004,437126,4653171,2680313,Nitrits
before_2007,0006,0014,F003125,Plana de Vic - Collsacabra - 08100-0012,437689,4648467,1670448,Amoni
before_2007,0006,0014,F003125,Plana de Vic - Collsacabra - 08100-0012,437689,4648467,1691313,Nitrats
before_2007,0006,0014,F003125,Plana de Vic - Collsacabra - 08100-0012,437689,4648467,2680314,Nitrits
before_2007,0006,0014,F003126,Plana de Vic - Collsacabra - 08183-0002,443431,4648546,1670449,Amoni
before_2007,0006,0014,F003126,Plana de Vic - Collsacabra - 08183-0002,443431,4648546,1691314,Nitrats
before_2007,0006,0014,F003126,Plana de Vic - Collsacabra - 08183-0002,443431,4648546,2680315,Nitrits
before_2007,0006,0014,F003128,Plana de Vic - Collsacabra - 08254-0038,451356,4655296,1670451,Amoni
before_2007,0006,0014,F003128,Plana de Vic - Collsacabra - 08254-0038,451356,4655296,1691316,Nitrats
before_2007,0006,0014,F003128,Plana de Vic - Collsacabra - 08254-0038,451356,4655296,2680317,Nitrits
before_2007,0006,0014,F003129,Plana de Vic - Collsacabra - 08254-0040,451756.47,4654595.6,1670452,Amoni
before_2007,0006,0014,F003129,Plana de Vic - Collsacabra - 08254-0040,451756.47,4654595.6,1691317,Nitrats
before_2007,0006,0014,F003129,Plana de Vic - Collsacabra - 08254-0040,451756.47,4654595.6,2680318,Nitrits
before_2007,0006,0014,F003131,Plana de Vic - Collsacabra - 08117-0018,437202,4653311,1670454,Amoni
before_2007,0006,0014,F003131,Plana de Vic - Collsacabra - 08117-0018,437202,4653311,1691319,Nitrats
before_2007,0006,0014,F003131,Plana de Vic - Collsacabra - 08117-0018,437202,4653311,2680320,Nitrits
before_2007,0006,0014,F003132,Plana de Vic - Collsacabra - 08100-0010,436505.39,4646724.71,1666282,Fosfats
before_2007,0006,0014,F003132,Plana de Vic - Collsacabra - 08100-0010,436505.39,4646724.71,1670455,Amoni
before_2007,0006,0014,F003132,Plana de Vic - Collsacabra - 08100-0010,436505.39,4646724.71,1691320,Nitrats
before_2007,0006,0014,F003132,Plana de Vic - Collsacabra - 08100-0010,436505.39,4646724.71,2680321,Nitrits
before_2007,0006,0014,F003134,Plana de Vic - Collsacabra - 08280-0005,451768,4651682,1670456,Amoni
before_2007,0006,0014,F003134,Plana de Vic - Collsacabra - 08280-0005,451768,4651682,1691321,Nitrats
before_2007,0006,0014,F003134,Plana de Vic - Collsacabra - 08280-0005,451768,4651682,2680322,Nitrits
before_2007,0006,0014,F003135,Plana de Vic - Collsacabra - 08246-0009,439674,4640003,1666284,Fosfats
before_2007,0006,0014,F003135,Plana de Vic - Collsacabra - 08246-0009,439674,4640003,1670457,Amoni
before_2007,0006,0014,F003135,Plana de Vic - Collsacabra - 08246-0009,439674,4640003,1691322,Nitrats
before_2007,0006,0014,F003135,Plana de Vic - Collsacabra - 08246-0009,439674,4640003,2680323,Nitrits
before_2007,0006,0014,F003136,Plana de Vic - Collsacabra - 08278-0003,440581.3,4634895.66,1666285,Fosfats
before_2007,0006,0014,F003136,Plana de Vic - Collsacabra - 08278-0003,440581.3,4634895.66,1670458,Amoni
before_2007,0006,0014,F003136,Plana de Vic - Collsacabra - 08278-0003,440581.3,4634895.66,1691323,Nitrats
before_2007,0006,0014,F003136,Plana de Vic - Collsacabra - 08278-0003,440581.3,4634895.66,2680324,Nitrits
before_2007,0006,0014,F003140,Plana de Vic - Collsacabra - 08233-0004,441856,4657146,1666289,Fosfats
before_2007,0006,0014,F003140,Plana de Vic - Collsacabra - 08233-0004,441856,4657146,1670462,Amoni
before_2007,0006,0014,F003140,Plana de Vic - Collsacabra - 08233-0004,441856,4657146,1691327,Nitrats
before_2007,0006,0014,F003140,Plana de Vic - Collsacabra - 08233-0004,441856,4657146,2680328,Nitrits
before_2007,0006,0014,F003141,Plana de Vic - Collsacabra - 08233-0002,441956.49,4658945.68,1666082,Fosfats
before_2007,0006,0014,F003141,Plana de Vic - Collsacabra - 08233-0002,441956.49,4658945.68,1670255,Amoni
before_2007,0006,0014,F003141,Plana de Vic - Collsacabra - 08233-0002,441956.49,4658945.68,1691120,Nitrats
before_2007,0006,0014,F003141,Plana de Vic - Collsacabra - 08233-0002,441956.49,4658945.68,2680121,Nitrits
before_2007,0006,0014,F003143,Plana de Vic - Collsacabra - 08243-0002,435088,4649462,1666084,Fosfats
before_2007,0006,0014,F003143,Plana de Vic - Collsacabra - 08243-0002,435088,4649462,1670257,Amoni
before_2007,0006,0014,F003143,Plana de Vic - Collsacabra - 08243-0002,435088,4649462,1691122,Nitrats
before_2007,0006,0014,F003143,Plana de Vic - Collsacabra - 08243-0002,435088,4649462,2680123,Nitrits
before_2007,0006,0014,F003145,N/D - Subterrània - 08160-0007,426660,4654682,1670259,Amoni
before_2007,0006,0014,F003145,N/D - Subterrània - 08160-0007,426660,4654682,1691124,Nitrats
before_2007,0006,0014,F003145,N/D - Subterrània - 08160-0007,426660,4654682,2680125,Nitrits
before_2007,0006,0014,F003146,Plana de Vic - Collsacabra - 08195-0003,427706.45,4657245.79,1670260,Amoni
before_2007,0006,0014,F003146,Plana de Vic - Collsacabra - 08195-0003,427706.45,4657245.79,1691125,Nitrats
before_2007,0006,0014,F003146,Plana de Vic - Collsacabra - 08195-0003,427706.45,4657245.79,2680126,Nitrits
before_2007,0006,0014,F003147,Plana de Vic - Collsacabra - 08265-0010,438148,4656795,1670261,Amoni
before_2007,0006,0014,F003147,Plana de Vic - Collsacabra - 08265-0010,438148,4656795,1691126,Nitrats
before_2007,0006,0014,F003147,Plana de Vic - Collsacabra - 08265-0010,438148,4656795,2680127,Nitrits
before_2007,0006,0014,F003152,Plana de Vic - Collsacabra - 08183-0001,442723,4648744,1666092,Fosfats
before_2007,0006,0014,F003152,Plana de Vic - Collsacabra - 08183-0001,442723,4648744,1670265,Amoni
before_2007,0006,0014,F003152,Plana de Vic - Collsacabra - 08183-0001,442723,4648744,1691130,Nitrats
before_2007,0006,0014,F003152,Plana de Vic - Collsacabra - 08183-0001,442723,4648744,2680131,Nitrits
before_2007,0006,0014,F003154,Prelitoral del Vallès - 08269-0016,436656.24,4627295.68,1672936,Amoni
before_2007,0006,0014,F003154,Prelitoral del Vallès - 08269-0016,436656.24,4627295.68,1693801,Nitrats
before_2007,0006,0014,F003154,Prelitoral del Vallès - 08269-0016,436656.24,4627295.68,2682802,Nitrits
before_2007,0006,0014,F003157,Plana de Vic - Collsacabra - 08247-0003,432468.32,4639329.73,1670269,Amoni
before_2007,0006,0014,F003157,Plana de Vic - Collsacabra - 08247-0003,432468.32,4639329.73,1691134,Nitrats
before_2007,0006,0014,F003157,Plana de Vic - Collsacabra - 08247-0003,432468.32,4639329.73,2680135,Nitrits
before_2007,0006,0014,F003158,Plana de Vic - Collsacabra - 08183-0005,442282,4647247,1666097,Fosfats
before_2007,0006,0014,F003158,Plana de Vic - Collsacabra - 08183-0005,442282,4647247,1670270,Amoni
before_2007,0006,0014,F003158,Plana de Vic - Collsacabra - 08183-0005,442282,4647247,1691135,Nitrats
before_2007,0006,0014,F003158,Plana de Vic - Collsacabra - 08183-0005,442282,4647247,2680136,Nitrits
before_2007,0006,0014,F003161,Plana de Vic - Collsacabra - 08278-0008,441231,4637121,1672802,Amoni
before_2007,0006,0014,F003161,Plana de Vic - Collsacabra - 08278-0008,441231,4637121,1693667,Nitrats
before_2007,0006,0014,F003161,Plana de Vic - Collsacabra - 08278-0008,441231,4637121,2682668,Nitrits
before_2007,0006,0014,F003162,Plana de Vic - Collsacabra - 08037-0004,443263,4641474,1670273,Amoni
before_2007,0006,0014,F003162,Plana de Vic - Collsacabra - 08037-0004,443263,4641474,1691138,Nitrats
before_2007,0006,0014,F003162,Plana de Vic - Collsacabra - 08037-0004,443263,4641474,2680139,Nitrits
before_2007,0006,0014,F003164,Plana de Vic - Collsacabra - 08220-0005,443475.36,4641950.65,1666102,Fosfats
before_2007,0006,0014,F003164,Plana de Vic - Collsacabra - 08220-0005,443475.36,4641950.65,1670275,Amoni
before_2007,0006,0014,F003164,Plana de Vic - Collsacabra - 08220-0005,443475.36,4641950.65,1691140,Nitrats
before_2007,0006,0014,F003164,Plana de Vic - Collsacabra - 08220-0005,443475.36,4641950.65,2680141,Nitrits
before_2007,0006,0014,F003169,Plana de Vic - Collsacabra - 08298-0009,438281,4643619,1666107,Fosfats
before_2007,0006,0014,F003169,Plana de Vic - Collsacabra - 08298-0009,438281,4643619,1670280,Amoni
before_2007,0006,0014,F003169,Plana de Vic - Collsacabra - 08298-0009,438281,4643619,1691145,Nitrats
before_2007,0006,0014,F003169,Plana de Vic - Collsacabra - 08298-0009,438281,4643619,2680146,Nitrits
before_2007,0006,0014,F003170,Plana de Vic - Collsacabra - 08269-0011,440386,4631956,1666108,Fosfats
before_2007,0006,0014,F003170,Plana de Vic - Collsacabra - 08269-0011,440386,4631956,1670281,Amoni
before_2007,0006,0014,F003170,Plana de Vic - Collsacabra - 08269-0011,440386,4631956,1691146,Nitrats
before_2007,0006,0014,F003170,Plana de Vic - Collsacabra - 08269-0011,440386,4631956,2680147,Nitrits
before_2007,0006,0014,F003173,Plana de Vic - Collsacabra - 08150-0006,438026.46,4656280.71,1670284,Amoni
before_2007,0006,0014,F003173,Plana de Vic - Collsacabra - 08150-0006,438026.46,4656280.71,1691149,Nitrats
before_2007,0006,0014,F003173,Plana de Vic - Collsacabra - 08150-0006,438026.46,4656280.71,2680150,Nitrits
before_2007,0006,0014,F003175,Plana de Vic - Collsacabra - 08201-0005,430216.57,4656749.4,1670285,Amoni
before_2007,0006,0014,F003175,Plana de Vic - Collsacabra - 08201-0005,430216.57,4656749.4,1691150,Nitrats
before_2007,0006,0014,F003175,Plana de Vic - Collsacabra - 08201-0005,430216.57,4656749.4,2680151,Nitrits
before_2007,0006,0014,F003180,Plana de Vic - Collsacabra - 08298-0008,435916.35,4641445.7,1666116,Fosfats
before_2007,0006,0014,F003180,Plana de Vic - Collsacabra - 08298-0008,435916.35,4641445.7,1670289,Amoni
before_2007,0006,0014,F003180,Plana de Vic - Collsacabra - 08298-0008,435916.35,4641445.7,1691154,Nitrats
before_2007,0006,0014,F003180,Plana de Vic - Collsacabra - 08298-0008,435916.35,4641445.7,2680155,Nitrits
before_2007,0006,0014,F003181,Plana de Vic - Collsacabra - 08117-0017,437221,4653221,1670290,Amoni
before_2007,0006,0014,F003181,Plana de Vic - Collsacabra - 08117-0017,437221,4653221,1691155,Nitrats
before_2007,0006,0014,F003181,Plana de Vic - Collsacabra - 08117-0017,437221,4653221,2680156,Nitrits
before_2007,0006,0014,F003182,Moianès-Sant Llorenç del Munt - 08067-0026,435701,4626034,1670291,Amoni
before_2007,0006,0014,F003182,Moianès-Sant Llorenç del Munt - 08067-0026,435701,4626034,1691156,Nitrats
before_2007,0006,0014,F003182,Moianès-Sant Llorenç del Munt - 08067-0026,435701,4626034,2680157,Nitrits
before_2007,0006,0014,F003185,Plana de Vic - Collsacabra - 08220-0002,443590,4637818,1672938,Amoni
before_2007,0006,0014,F003185,Plana de Vic - Collsacabra - 08220-0002,443590,4637818,1693803,Nitrats
before_2007,0006,0014,F003185,Plana de Vic - Collsacabra - 08220-0002,443590,4637818,2682804,Nitrits
before_2007,0006,0014,F003186,Plana de Vic - Collsacabra - 08285-0005,438765.15,4654991.9,1670294,Amoni
before_2007,0006,0014,F003186,Plana de Vic - Collsacabra - 08285-0005,438765.15,4654991.9,1691159,Nitrats
before_2007,0006,0014,F003186,Plana de Vic - Collsacabra - 08285-0005,438765.15,4654991.9,2680160,Nitrits
before_2007,0006,0014,F003190,Plana de Vic - Collsacabra - 08283-0007,439331.3,4634635.67,1670298,Amoni
before_2007,0006,0014,F003190,Plana de Vic - Collsacabra - 08283-0007,439331.3,4634635.67,1691163,Nitrats
before_2007,0006,0014,F003190,Plana de Vic - Collsacabra - 08283-0007,439331.3,4634635.67,2680164,Nitrits
before_2007,0006,0014,F003192,Moianès-Sant Llorenç del Munt - 08283-0015,433456.27,4632170.71,1666127,Fosfats
before_2007,0006,0014,F003192,Moianès-Sant Llorenç del Munt - 08283-0015,433456.27,4632170.71,1670300,Amoni
before_2007,0006,0014,F003192,Moianès-Sant Llorenç del Munt - 08283-0015,433456.27,4632170.71,1691165,Nitrats
before_2007,0006,0014,F003192,Moianès-Sant Llorenç del Munt - 08283-0015,433456.27,4632170.71,2680166,Nitrits
before_2007,0006,0014,F003194,Plana de Vic - Collsacabra - 08285-0021,439227,4655606,1666129,Fosfats
before_2007,0006,0014,F003194,Plana de Vic - Collsacabra - 08285-0021,439227,4655606,1670302,Amoni
before_2007,0006,0014,F003194,Plana de Vic - Collsacabra - 08285-0021,439227,4655606,1691167,Nitrats
before_2007,0006,0014,F003194,Plana de Vic - Collsacabra - 08285-0021,439227,4655606,2680168,Nitrits
before_2007,0006,0014,F003196,Plana de Vic - Collsacabra - 08285-0022,438486,4655336,1670304,Amoni
before_2007,0006,0014,F003196,Plana de Vic - Collsacabra - 08285-0022,438486,4655336,1691169,Nitrats
before_2007,0006,0014,F003196,Plana de Vic - Collsacabra - 08285-0022,438486,4655336,2680170,Nitrits
before_2007,0006,0014,F003197,Plana de Vic - Collsacabra - 08285-0019,438576.45,4655220.7,1670305,Amoni
before_2007,0006,0014,F003197,Plana de Vic - Collsacabra - 08285-0019,438576.45,4655220.7,1691170,Nitrats
before_2007,0006,0014,F003197,Plana de Vic - Collsacabra - 08285-0019,438576.45,4655220.7,2680171,Nitrits
before_2007,0006,0014,F003198,Plana de Vic - Collsacabra - 08278-0009,441206,4638846,1670306,Amoni
before_2007,0006,0014,F003198,Plana de Vic - Collsacabra - 08278-0009,441206,4638846,1691171,Nitrats
before_2007,0006,0014,F003198,Plana de Vic - Collsacabra - 08278-0009,441206,4638846,2680172,Nitrits
before_2007,0006,0014,F003199,Plana de Vic - Collsacabra - 08112-0021,441856,4651796,1670307,Amoni
before_2007,0006,0014,F003199,Plana de Vic - Collsacabra - 08112-0021,441856,4651796,1691172,Nitrats
before_2007,0006,0014,F003199,Plana de Vic - Collsacabra - 08112-0021,441856,4651796,2680173,Nitrits
before_2007,0006,0014,F003200,Plana de Vic - Collsacabra - 08112-0022,441769,4650024,1670308,Amoni
before_2007,0006,0014,F003200,Plana de Vic - Collsacabra - 08112-0022,441769,4650024,1691173,Nitrats
before_2007,0006,0014,F003200,Plana de Vic - Collsacabra - 08112-0022,441769,4650024,2680174,Nitrits
before_2007,0006,0014,F003201,Plana de Vic - Collsacabra - 08285-0027,438688,4653003,1666136,Fosfats
before_2007,0006,0014,F003201,Plana de Vic - Collsacabra - 08285-0027,438688,4653003,1670309,Amoni
before_2007,0006,0014,F003201,Plana de Vic - Collsacabra - 08285-0027,438688,4653003,1691174,Nitrats
before_2007,0006,0014,F003201,Plana de Vic - Collsacabra - 08285-0027,438688,4653003,2680175,Nitrits
before_2007,0006,0014,F003202,Plana de Vic - Collsacabra - 08285-0031,440404,4654251,1666137,Fosfats
before_2007,0006,0014,F003202,Plana de Vic - Collsacabra - 08285-0031,440404,4654251,1670310,Amoni
before_2007,0006,0014,F003202,Plana de Vic - Collsacabra - 08285-0031,440404,4654251,1691175,Nitrats
before_2007,0006,0014,F003202,Plana de Vic - Collsacabra - 08285-0031,440404,4654251,2680176,Nitrits
before_2007,0006,0014,F003203,Plana de Vic - Collsacabra - 08275-0009,443856,4644796,1670311,Amoni
before_2007,0006,0014,F003203,Plana de Vic - Collsacabra - 08275-0009,443856,4644796,1691176,Nitrats
before_2007,0006,0014,F003203,Plana de Vic - Collsacabra - 08275-0009,443856,4644796,2680177,Nitrits
before_2007,0006,0014,F003204,Plana de Vic - Collsacabra - 08283-0004,436691,4634601,1670312,Amoni
before_2007,0006,0014,F003204,Plana de Vic - Collsacabra - 08283-0004,436691,4634601,1691177,Nitrats
before_2007,0006,0014,F003204,Plana de Vic - Collsacabra - 08283-0004,436691,4634601,2680178,Nitrits
before_2007,0006,0014,F003206,Plana de Vic - Collsacabra - 08037-0005,441806.36,4641895.66,1666140,Fosfats
before_2007,0006,0014,F003206,Plana de Vic - Collsacabra - 08037-0005,441806.36,4641895.66,1670313,Amoni
before_2007,0006,0014,F003206,Plana de Vic - Collsacabra - 08037-0005,441806.36,4641895.66,1691178,Nitrats
before_2007,0006,0014,F003206,Plana de Vic - Collsacabra - 08037-0005,441806.36,4641895.66,2680179,Nitrits
before_2007,0006,0014,F003207,Plana de Vic - Collsacabra - 08117-0003,437346,4652986,1670314,Amoni
before_2007,0006,0014,F003207,Plana de Vic - Collsacabra - 08117-0003,437346,4652986,1691179,Nitrats
before_2007,0006,0014,F003207,Plana de Vic - Collsacabra - 08117-0003,437346,4652986,2680180,Nitrits
before_2007,0006,0014,F003210,Al·luvials del Vallès - 08088-0025,440147.15,4614973.63,3045806,Nitrits
before_2007,0006,0014,F003210,Al·luvials del Vallès - 08088-0025,440147.15,4614973.63,3045807,Nitrats
before_2007,0006,0014,F003210,Al·luvials del Vallès - 08088-0025,440147.15,4614973.63,3045809,Amoni
before_2007,0006,0014,F003244,Al·luvials del Vallès - 08088-0016,440153.15,4614989.63,3045810,Nitrits
before_2007,0006,0014,F003244,Al·luvials del Vallès - 08088-0016,440153.15,4614989.63,3045811,Nitrats
before_2007,0006,0014,F003244,Al·luvials del Vallès - 08088-0016,440153.15,4614989.63,3045813,Amoni
before_2007,0006,0014,F003265,Conca alta de Cardener i Llobregat - 08022-0008,403467.9,4662946.4,1670367,Amoni
before_2007,0006,0014,F003265,Conca alta de Cardener i Llobregat - 08022-0008,403467.9,4662946.4,1691232,Nitrats
before_2007,0006,0014,F003265,Conca alta de Cardener i Llobregat - 08022-0008,403467.9,4662946.4,2680233,Nitrits
before_2007,0006,0014,F003269,N/D - Subterrània - 08177-0001,413506,4661966,1670371,Amoni
before_2007,0006,0014,F003269,N/D - Subterrània - 08177-0001,413506,4661966,1691236,Nitrats
before_2007,0006,0014,F003269,N/D - Subterrània - 08177-0001,413506,4661966,2680237,Nitrits
before_2007,0006,0014,F003272,N/D - Subterrània - 25166-0002,369206,4645496,1670374,Amoni
before_2007,0006,0014,F003272,N/D - Subterrània - 25166-0002,369206,4645496,1691239,Nitrats
before_2007,0006,0014,F003272,N/D - Subterrània - 25166-0002,369206,4645496,2680240,Nitrits
before_2007,0006,0014,F003283,Conca alta de Cardener i Llobregat - 08045-0010,395156.44,4662466.04,1670384,Amoni
before_2007,0006,0014,F003283,Conca alta de Cardener i Llobregat - 08045-0010,395156.44,4662466.04,1691249,Nitrats
before_2007,0006,0014,F003283,Conca alta de Cardener i Llobregat - 08045-0010,395156.44,4662466.04,2680250,Nitrits
before_2007,0006,0014,F003284,N/D - Subterrània - 08045-0002,397815,4658379,1670385,Amoni
before_2007,0006,0014,F003284,N/D - Subterrània - 08045-0002,397815,4658379,1691250,Nitrats
before_2007,0006,0014,F003284,N/D - Subterrània - 08045-0002,397815,4658379,2680251,Nitrits
before_2007,0006,0014,F003286,Al·luvial d'Urgell - 25041-0005,334931,4616287,1666214,Fosfats
before_2007,0006,0014,F003286,Al·luvial d'Urgell - 25041-0005,334931,4616287,1670387,Amoni
before_2007,0006,0014,F003286,Al·luvial d'Urgell - 25041-0005,334931,4616287,1691252,Nitrats
before_2007,0006,0014,F003286,Al·luvial d'Urgell - 25041-0005,334931,4616287,2680253,Nitrits
before_2007,0006,0014,F003288,Al·luvial del baix Segre_Cat - 25220-0002,314342,4621714,1670389,Amoni
before_2007,0006,0014,F003288,Al·luvial del baix Segre_Cat - 25220-0002,314342,4621714,1691254,Nitrats
before_2007,0006,0014,F003288,Al·luvial del baix Segre_Cat - 25220-0002,314342,4621714,2680255,Nitrits
before_2007,0006,0014,F003294,N/D - Subterrània - 25079-0002,333725,4634635,1670879,Amoni
before_2007,0006,0014,F003294,N/D - Subterrània - 25079-0002,333725,4634635,1691744,Nitrats
before_2007,0006,0014,F003294,N/D - Subterrània - 25079-0002,333725,4634635,2680745,Nitrits
before_2007,0006,0014,F003295,N/D - Subterrània - 25145-0002,342726,4602871,1670880,Amoni
before_2007,0006,0014,F003295,N/D - Subterrània - 25145-0002,342726,4602871,1691745,Nitrats
before_2007,0006,0014,F003295,N/D - Subterrània - 25145-0002,342726,4602871,2680746,Nitrits
before_2007,0006,0014,F003296,Calcàries de Tàrrega - 25907-0024,354706.5,4626324.7,1670881,Amoni
before_2007,0006,0014,F003296,Calcàries de Tàrrega - 25907-0024,354706.5,4626324.7,1691746,Nitrats
before_2007,0006,0014,F003296,Calcàries de Tàrrega - 25907-0024,354706.5,4626324.7,2680747,Nitrits
before_2007,0006,0014,F003306,Al·luvial del baix Segre_Cat - 25220-0004,314406,4621797,1670890,Amoni
before_2007,0006,0014,F003306,Al·luvial del baix Segre_Cat - 25220-0004,314406,4621797,1691755,Nitrats
before_2007,0006,0014,F003306,Al·luvial del baix Segre_Cat - 25220-0004,314406,4621797,2680756,Nitrits
before_2007,0006,0014,F003310,Calcàries de Tàrrega - 25219-0002,357956,4621796,1670894,Amoni
before_2007,0006,0014,F003310,Calcàries de Tàrrega - 25219-0002,357956,4621796,1691759,Nitrats
before_2007,0006,0014,F003310,Calcàries de Tàrrega - 25219-0002,357956,4621796,2680760,Nitrits
before_2007,0006,0014,F003312,Calcàries de Tàrrega - 25907-0016,356474,4624166,1670896,Amoni
before_2007,0006,0014,F003312,Calcàries de Tàrrega - 25907-0016,356474,4624166,1691761,Nitrats
before_2007,0006,0014,F003312,Calcàries de Tàrrega - 25907-0016,356474,4624166,2680762,Nitrits
before_2007,0006,0014,F003313,Calcàries de Tàrrega - 25907-0023,355556,4621446,1670897,Amoni
before_2007,0006,0014,F003313,Calcàries de Tàrrega - 25907-0023,355556,4621446,1691762,Nitrats
before_2007,0006,0014,F003313,Calcàries de Tàrrega - 25907-0023,355556,4621446,2680763,Nitrits
before_2007,0006,0014,F003314,Calcàries de Tàrrega - 25907-0004,357705.6,4624145.5,1670898,Amoni
before_2007,0006,0014,F003314,Calcàries de Tàrrega - 25907-0004,357705.6,4624145.5,1691763,Nitrats
before_2007,0006,0014,F003314,Calcàries de Tàrrega - 25907-0004,357705.6,4624145.5,2680764,Nitrits
before_2007,0006,0014,F003316,Al·luvial d'Urgell - 25096-0008,335260,4619778,1666727,Fosfats
before_2007,0006,0014,F003316,Al·luvial d'Urgell - 25096-0008,335260,4619778,1670900,Amoni
before_2007,0006,0014,F003316,Al·luvial d'Urgell - 25096-0008,335260,4619778,1691765,Nitrats
before_2007,0006,0014,F003316,Al·luvial d'Urgell - 25096-0008,335260,4619778,2680766,Nitrits
before_2007,0006,0014,F003318,Al·luvial d'Urgell - 25093-0001,323736,4610945,1666728,Fosfats
before_2007,0006,0014,F003318,Al·luvial d'Urgell - 25093-0001,323736,4610945,1670901,Amoni
before_2007,0006,0014,F003318,Al·luvial d'Urgell - 25093-0001,323736,4610945,1691766,Nitrats
before_2007,0006,0014,F003318,Al·luvial d'Urgell - 25093-0001,323736,4610945,2680767,Nitrits
before_2007,0006,0014,F003321,N/D - Subterrània - 25015-0003,301609,4632906,1670903,Amoni
before_2007,0006,0014,F003321,N/D - Subterrània - 25015-0003,301609,4632906,1691768,Nitrats
before_2007,0006,0014,F003321,N/D - Subterrània - 25015-0003,301609,4632906,2680769,Nitrits
before_2007,0006,0014,F003327,Al·luvial d'Urgell - 25052-0002,318292,4615027,1668635,Fosfats
before_2007,0006,0014,F003327,Al·luvial d'Urgell - 25052-0002,318292,4615027,1672808,Amoni
before_2007,0006,0014,F003327,Al·luvial d'Urgell - 25052-0002,318292,4615027,1693673,Nitrats
before_2007,0006,0014,F003327,Al·luvial d'Urgell - 25052-0002,318292,4615027,2682674,Nitrits
before_2007,0006,0014,F003330,Al·luvial del baix Segre_Cat - 25102-0001,278378,4589163,1670911,Amoni
before_2007,0006,0014,F003330,Al·luvial del baix Segre_Cat - 25102-0001,278378,4589163,1691776,Nitrats
before_2007,0006,0014,F003330,Al·luvial del baix Segre_Cat - 25102-0001,278378,4589163,2680777,Nitrits
before_2007,0006,0014,F003338,N/D - Subterrània - 25120-0021,286936,4620082,1670918,Amoni
before_2007,0006,0014,F003338,N/D - Subterrània - 25120-0021,286936,4620082,1691783,Nitrats
before_2007,0006,0014,F003338,N/D - Subterrània - 25120-0021,286936,4620082,2680784,Nitrits
before_2007,0006,0014,F003339,Al·luvial del baix Segre_Cat - 25120-0020,297835,4606041,1670919,Amoni
before_2007,0006,0014,F003339,Al·luvial del baix Segre_Cat - 25120-0020,297835,4606041,1691784,Nitrats
before_2007,0006,0014,F003339,Al·luvial del baix Segre_Cat - 25120-0020,297835,4606041,2680785,Nitrits
before_2007,0006,0014,F003340,Al·luvial del baix Segre_Cat - 25210-0001,291154,4602567,1670920,Amoni
before_2007,0006,0014,F003340,Al·luvial del baix Segre_Cat - 25210-0001,291154,4602567,1691785,Nitrats
before_2007,0006,0014,F003340,Al·luvial del baix Segre_Cat - 25210-0001,291154,4602567,2680786,Nitrits
before_2007,0006,0014,F003347,Calcàries de Tàrrega - 25907-0020,354642.6,4625835.4,1670927,Amoni
before_2007,0006,0014,F003347,Calcàries de Tàrrega - 25907-0020,354642.6,4625835.4,1691792,Nitrats
before_2007,0006,0014,F003347,Calcàries de Tàrrega - 25907-0020,354642.6,4625835.4,2680793,Nitrits
before_2007,0006,0014,F003348,Al·luvial d'Urgell - 25225-0002,337156,4617746,1670928,Amoni
before_2007,0006,0014,F003348,Al·luvial d'Urgell - 25225-0002,337156,4617746,1691793,Nitrats
before_2007,0006,0014,F003348,Al·luvial d'Urgell - 25225-0002,337156,4617746,2680794,Nitrits
before_2007,0006,0014,F003350,Al·luvial d'Urgell - 25225-0004,337956,4616746,1670930,Amoni
before_2007,0006,0014,F003350,Al·luvial d'Urgell - 25225-0004,337956,4616746,1691795,Nitrats
before_2007,0006,0014,F003350,Al·luvial d'Urgell - 25225-0004,337956,4616746,2680796,Nitrits
before_2007,0006,0014,F003352,Al·luvial d'Urgell - 25158-0005,323056,4612647,1670932,Amoni
before_2007,0006,0014,F003352,Al·luvial d'Urgell - 25158-0005,323056,4612647,1691797,Nitrats
before_2007,0006,0014,F003352,Al·luvial d'Urgell - 25158-0005,323056,4612647,2680798,Nitrits
before_2007,0006,0014,F003353,Al·luvial d'Urgell - 25248-0004,327285,4606183,1666760,Fosfats
before_2007,0006,0014,F003353,Al·luvial d'Urgell - 25248-0004,327285,4606183,1670933,Amoni
before_2007,0006,0014,F003353,Al·luvial d'Urgell - 25248-0004,327285,4606183,1691798,Nitrats
before_2007,0006,0014,F003353,Al·luvial d'Urgell - 25248-0004,327285,4606183,2680799,Nitrits
before_2007,0006,0014,F003354,Al·luvial d'Urgell - 25052-0003,320456,4614817,1670934,Amoni
before_2007,0006,0014,F003354,Al·luvial d'Urgell - 25052-0003,320456,4614817,1691799,Nitrats
before_2007,0006,0014,F003354,Al·luvial d'Urgell - 25052-0003,320456,4614817,2680800,Nitrits
before_2007,0006,0014,F003355,Al·luvial d'Urgell - 25158-0004,322256,4612897,1670935,Amoni
before_2007,0006,0014,F003355,Al·luvial d'Urgell - 25158-0004,322256,4612897,1691800,Nitrats
before_2007,0006,0014,F003355,Al·luvial d'Urgell - 25158-0004,322256,4612897,2680801,Nitrits
before_2007,0006,0014,F003356,N/D - Subterrània - 25019-0001,292378,4619513,1670936,Amoni
before_2007,0006,0014,F003356,N/D - Subterrània - 25019-0001,292378,4619513,1691801,Nitrats
before_2007,0006,0014,F003356,N/D - Subterrània - 25019-0001,292378,4619513,2680802,Nitrits
before_2007,0006,0014,F003358,Al·luvial del baix Segre_Cat - 25254-0003,310768.98,4618433.62,1670937,Amoni
before_2007,0006,0014,F003358,Al·luvial del baix Segre_Cat - 25254-0003,310768.98,4618433.62,1691802,Nitrats
before_2007,0006,0014,F003358,Al·luvial del baix Segre_Cat - 25254-0003,310768.98,4618433.62,2680803,Nitrits
before_2007,0006,0014,F003360,Calcàries de Tàrrega - 25132-0002,359621,4628976,1670939,Amoni
before_2007,0006,0014,F003360,Calcàries de Tàrrega - 25132-0002,359621,4628976,1691804,Nitrats
before_2007,0006,0014,F003360,Calcàries de Tàrrega - 25132-0002,359621,4628976,2680805,Nitrits
before_2007,0006,0014,F003361,Al·luvial d'Urgell - 25027-0004,337106,4616896,1670940,Amoni
before_2007,0006,0014,F003361,Al·luvial d'Urgell - 25027-0004,337106,4616896,1691805,Nitrats
before_2007,0006,0014,F003361,Al·luvial d'Urgell - 25027-0004,337106,4616896,2680806,Nitrits
before_2007,0006,0014,F003369,Al·luvial del baix Segre_Cat - 25231-0003,308092,4619350,1670948,Amoni
before_2007,0006,0014,F003369,Al·luvial del baix Segre_Cat - 25231-0003,308092,4619350,1691813,Nitrats
before_2007,0006,0014,F003369,Al·luvial del baix Segre_Cat - 25231-0003,308092,4619350,2680814,Nitrits
before_2007,0006,0014,F003373,Al·luvial d'Urgell - 25068-0009,329956,4611846,1670952,Amoni
before_2007,0006,0014,F003373,Al·luvial d'Urgell - 25068-0009,329956,4611846,1691817,Nitrats
before_2007,0006,0014,F003373,Al·luvial d'Urgell - 25068-0009,329956,4611846,2680818,Nitrits
before_2007,0006,0014,F003377,N/D - Subterrània - 25135-0012,322756,4607899,1672946,Amoni
before_2007,0006,0014,F003377,N/D - Subterrània - 25135-0012,322756,4607899,1693811,Nitrats
before_2007,0006,0014,F003377,N/D - Subterrània - 25135-0012,322756,4607899,2682812,Nitrits
before_2007,0006,0014,F003380,N/D - Subterrània - 25049-0001,330011.05,4624708.48,1670958,Amoni
before_2007,0006,0014,F003380,N/D - Subterrània - 25049-0001,330011.05,4624708.48,1691823,Nitrats
before_2007,0006,0014,F003380,N/D - Subterrània - 25049-0001,330011.05,4624708.48,2680824,Nitrits
before_2007,0006,0014,F003381,Calcàries de Tàrrega - 25907-0011,355866,4624796,1670959,Amoni
before_2007,0006,0014,F003381,Calcàries de Tàrrega - 25907-0011,355866,4624796,1691824,Nitrats
before_2007,0006,0014,F003381,Calcàries de Tàrrega - 25907-0011,355866,4624796,2680825,Nitrits
before_2007,0006,0014,F003384,Calcàries de Tàrrega - 25907-0007,355856,4627996,1670962,Amoni
before_2007,0006,0014,F003384,Calcàries de Tàrrega - 25907-0007,355856,4627996,1691827,Nitrats
before_2007,0006,0014,F003384,Calcàries de Tàrrega - 25907-0007,355856,4627996,2680828,Nitrits
before_2007,0006,0014,F003386,N/D - Subterrània - 25047-0001,325421,4626547,1670964,Amoni
before_2007,0006,0014,F003386,N/D - Subterrània - 25047-0001,325421,4626547,1691829,Nitrats
before_2007,0006,0014,F003386,N/D - Subterrània - 25047-0001,325421,4626547,2680830,Nitrits
before_2007,0006,0014,F003389,Calcàries de Tàrrega - 25132-0001,360006,4629946,1670967,Amoni
before_2007,0006,0014,F003389,Calcàries de Tàrrega - 25132-0001,360006,4629946,1691832,Nitrats
before_2007,0006,0014,F003389,Calcàries de Tàrrega - 25132-0001,360006,4629946,2680833,Nitrits
before_2007,0006,0014,F003391,N/D - Subterrània - 25048-0002,314006,4607842,1672810,Amoni
before_2007,0006,0014,F003391,N/D - Subterrània - 25048-0002,314006,4607842,1693675,Nitrats
before_2007,0006,0014,F003391,N/D - Subterrània - 25048-0002,314006,4607842,2682676,Nitrits
before_2007,0006,0014,F003392,Calcàries de Tàrrega - 25907-0025,356256,4626746,1670969,Amoni
before_2007,0006,0014,F003392,Calcàries de Tàrrega - 25907-0025,356256,4626746,1691834,Nitrats
before_2007,0006,0014,F003392,Calcàries de Tàrrega - 25907-0025,356256,4626746,2680835,Nitrits
before_2007,0006,0014,F003396,Al·luvial d'Urgell - 25027-0008,337156,4615796,1670973,Amoni
before_2007,0006,0014,F003396,Al·luvial d'Urgell - 25027-0008,337156,4615796,1691838,Nitrats
before_2007,0006,0014,F003396,Al·luvial d'Urgell - 25027-0008,337156,4615796,2680839,Nitrits
before_2007,0006,0014,F003398,N/D - Subterrània - 25113-0003,330767,4615722,1670975,Amoni
before_2007,0006,0014,F003398,N/D - Subterrània - 25113-0003,330767,4615722,1691840,Nitrats
before_2007,0006,0014,F003398,N/D - Subterrània - 25113-0003,330767,4615722,2680841,Nitrits
before_2007,0006,0014,F003399,Serres marginals catalanes - 25094-0003,334922,4639920,1672947,Amoni
before_2007,0006,0014,F003399,Serres marginals catalanes - 25094-0003,334922,4639920,1693812,Nitrats
before_2007,0006,0014,F003399,Serres marginals catalanes - 25094-0003,334922,4639920,2682813,Nitrits
before_2007,0006,0014,F003402,Al·luvial d'Urgell - 25093-0003,323596,4610897,1670978,Amoni
before_2007,0006,0014,F003402,Al·luvial d'Urgell - 25093-0003,323596,4610897,1691843,Nitrats
before_2007,0006,0014,F003402,Al·luvial d'Urgell - 25093-0003,323596,4610897,2680844,Nitrits
before_2007,0006,0014,F003403,Calcàries de Tàrrega - 25911-0027,350406,4624296,1670979,Amoni
before_2007,0006,0014,F003403,Calcàries de Tàrrega - 25911-0027,350406,4624296,1691844,Nitrats
before_2007,0006,0014,F003403,Calcàries de Tàrrega - 25911-0027,350406,4624296,2680845,Nitrits
before_2007,0006,0014,F003405,Calcàries de Tàrrega - 25157-0008,345577,4625300,1670980,Amoni
before_2007,0006,0014,F003405,Calcàries de Tàrrega - 25157-0008,345577,4625300,1691845,Nitrats
before_2007,0006,0014,F003405,Calcàries de Tàrrega - 25157-0008,345577,4625300,2680846,Nitrits
before_2007,0006,0014,F003417,Al·luvial d'Urgell - 25048-0003,316006,4611852,1670991,Amoni
before_2007,0006,0014,F003417,Al·luvial d'Urgell - 25048-0003,316006,4611852,1691856,Nitrats
before_2007,0006,0014,F003417,Al·luvial d'Urgell - 25048-0003,316006,4611852,2680857,Nitrits
before_2007,0006,0014,F003418,Al·luvial d'Urgell - 25252-0004,324816,4612277,1670992,Amoni
before_2007,0006,0014,F003418,Al·luvial d'Urgell - 25252-0004,324816,4612277,1691857,Nitrats
before_2007,0006,0014,F003418,Al·luvial d'Urgell - 25252-0004,324816,4612277,2680858,Nitrits
before_2007,0006,0014,F003419,Al·luvial d'Urgell - 25248-0005,329821,4608510,1666820,Fosfats
before_2007,0006,0014,F003419,Al·luvial d'Urgell - 25248-0005,329821,4608510,1670993,Amoni
before_2007,0006,0014,F003419,Al·luvial d'Urgell - 25248-0005,329821,4608510,1691858,Nitrats
before_2007,0006,0014,F003419,Al·luvial d'Urgell - 25248-0005,329821,4608510,2680859,Nitrits
before_2007,0006,0014,F003420,N/D - Subterrània - 25003-0004,334956,4626346,1670994,Amoni
before_2007,0006,0014,F003420,N/D - Subterrània - 25003-0004,334956,4626346,1691859,Nitrats
before_2007,0006,0014,F003420,N/D - Subterrània - 25003-0004,334956,4626346,2680860,Nitrits
before_2007,0006,0014,F003423,Calcàries de Tàrrega - 25157-0003,346998.58,4624594.25,1670997,Amoni
before_2007,0006,0014,F003423,Calcàries de Tàrrega - 25157-0003,346998.58,4624594.25,1691862,Nitrats
before_2007,0006,0014,F003423,Calcàries de Tàrrega - 25157-0003,346998.58,4624594.25,2680863,Nitrits
before_2007,0006,0014,F003424,N/D - Subterrània - 25177-0003,335974,4629599,1672948,Amoni
before_2007,0006,0014,F003424,N/D - Subterrània - 25177-0003,335974,4629599,1693813,Nitrats
before_2007,0006,0014,F003424,N/D - Subterrània - 25177-0003,335974,4629599,2682814,Nitrits
before_2007,0006,0014,F003425,Al·luvial del baix Segre_Cat - 25211-0001,297039,4604345,1670998,Amoni
before_2007,0006,0014,F003425,Al·luvial del baix Segre_Cat - 25211-0001,297039,4604345,1691863,Nitrats
before_2007,0006,0014,F003425,Al·luvial del baix Segre_Cat - 25211-0001,297039,4604345,2680864,Nitrits
before_2007,0006,0014,F003426,N/D - Subterrània - 25150-0003,352611,4636320,1670999,Amoni
before_2007,0006,0014,F003426,N/D - Subterrània - 25150-0003,352611,4636320,1691864,Nitrats
before_2007,0006,0014,F003426,N/D - Subterrània - 25150-0003,352611,4636320,2680865,Nitrits
before_2007,0006,0014,F003429,N/D - Subterrània - 25055-0004,363662,4632875,1671002,Amoni
before_2007,0006,0014,F003429,N/D - Subterrània - 25055-0004,363662,4632875,1691867,Nitrats
before_2007,0006,0014,F003429,N/D - Subterrània - 25055-0004,363662,4632875,2680868,Nitrits
before_2007,0006,0014,F003435,Calcàries de Tàrrega - 25157-0007,348073.88,4624132.34,1671008,Amoni
before_2007,0006,0014,F003435,Calcàries de Tàrrega - 25157-0007,348073.88,4624132.34,1691873,Nitrats
before_2007,0006,0014,F003435,Calcàries de Tàrrega - 25157-0007,348073.88,4624132.34,2680874,Nitrits
before_2007,0006,0014,F003436,N/D - Subterrània - 25004-0003,312036,4608907,1671009,Amoni
before_2007,0006,0014,F003436,N/D - Subterrània - 25004-0003,312036,4608907,1691874,Nitrats
before_2007,0006,0014,F003436,N/D - Subterrània - 25004-0003,312036,4608907,2680875,Nitrits
before_2007,0006,0014,F003439,Calcàries de Tàrrega - 25907-0026,356985.66,4632560.89,1671012,Amoni
before_2007,0006,0014,F003439,Calcàries de Tàrrega - 25907-0026,356985.66,4632560.89,1691877,Nitrats
before_2007,0006,0014,F003439,Calcàries de Tàrrega - 25907-0026,356985.66,4632560.89,2680878,Nitrits
before_2007,0006,0014,F003444,Al·luvial d'Urgell - 25093-0002,321416,4610547,1672949,Amoni
before_2007,0006,0014,F003444,Al·luvial d'Urgell - 25093-0002,321416,4610547,1693814,Nitrats
before_2007,0006,0014,F003444,Al·luvial d'Urgell - 25093-0002,321416,4610547,2682815,Nitrits
before_2007,0006,0014,F003449,Al·luvial d'Urgell - 25225-0003,338579.02,4618834.41,1666848,Fosfats
before_2007,0006,0014,F003449,Al·luvial d'Urgell - 25225-0003,338579.02,4618834.41,1671021,Amoni
before_2007,0006,0014,F003449,Al·luvial d'Urgell - 25225-0003,338579.02,4618834.41,1691886,Nitrats
before_2007,0006,0014,F003449,Al·luvial d'Urgell - 25225-0003,338579.02,4618834.41,2680887,Nitrits
before_2007,0006,0014,F003450,Al·luvial d'Urgell - 25168-0003,320687,4616752,1666849,Fosfats
before_2007,0006,0014,F003450,Al·luvial d'Urgell - 25168-0003,320687,4616752,1671022,Amoni
before_2007,0006,0014,F003450,Al·luvial d'Urgell - 25168-0003,320687,4616752,1691887,Nitrats
before_2007,0006,0014,F003450,Al·luvial d'Urgell - 25168-0003,320687,4616752,2680888,Nitrits
before_2007,0006,0014,F003451,N/D - Subterrània - 25003-0006,341906,4624796,1671023,Amoni
before_2007,0006,0014,F003451,N/D - Subterrània - 25003-0006,341906,4624796,1691888,Nitrats
before_2007,0006,0014,F003451,N/D - Subterrània - 25003-0006,341906,4624796,2680889,Nitrits
before_2007,0006,0014,F003452,Al·luvial d'Urgell - 25050-0009,330904,4609808,1671024,Amoni
before_2007,0006,0014,F003452,Al·luvial d'Urgell - 25050-0009,330904,4609808,1691889,Nitrats
before_2007,0006,0014,F003452,Al·luvial d'Urgell - 25050-0009,330904,4609808,2680890,Nitrits
before_2007,0006,0014,F003453,Calcàries de Tàrrega - 25907-0019,356506,4624396,1666852,Fosfats
before_2007,0006,0014,F003453,Calcàries de Tàrrega - 25907-0019,356506,4624396,1671025,Amoni
before_2007,0006,0014,F003453,Calcàries de Tàrrega - 25907-0019,356506,4624396,1691890,Nitrats
before_2007,0006,0014,F003453,Calcàries de Tàrrega - 25907-0019,356506,4624396,2680891,Nitrits
before_2007,0006,0014,F003454,Al·luvial d'Urgell - 25158-0003,323745,4612839,1671026,Amoni
before_2007,0006,0014,F003454,Al·luvial d'Urgell - 25158-0003,323745,4612839,1691891,Nitrats
before_2007,0006,0014,F003454,Al·luvial d'Urgell - 25158-0003,323745,4612839,2680892,Nitrits
before_2007,0006,0014,F003456,Al·luvial d'Urgell - 25248-0003,328356,4607936,1671028,Amoni
before_2007,0006,0014,F003456,Al·luvial d'Urgell - 25248-0003,328356,4607936,1691893,Nitrats
before_2007,0006,0014,F003456,Al·luvial d'Urgell - 25248-0003,328356,4607936,2680894,Nitrits
before_2007,0006,0014,F003457,Al·luvial d'Urgell - 25248-0002,328276,4606116,1671029,Amoni
before_2007,0006,0014,F003457,Al·luvial d'Urgell - 25248-0002,328276,4606116,1691894,Nitrats
before_2007,0006,0014,F003457,Al·luvial d'Urgell - 25248-0002,328276,4606116,2680895,Nitrits
before_2007,0006,0014,F003458,N/D - Subterrània - 25003-0003,334788.3,4626695.2,1671030,Amoni
before_2007,0006,0014,F003458,N/D - Subterrània - 25003-0003,334788.3,4626695.2,1691895,Nitrats
before_2007,0006,0014,F003458,N/D - Subterrània - 25003-0003,334788.3,4626695.2,2680896,Nitrits
before_2007,0006,0014,F003459,Calcàries de Tàrrega - 25907-0027,354671,4621338,1671031,Amoni
before_2007,0006,0014,F003459,Calcàries de Tàrrega - 25907-0027,354671,4621338,1691896,Nitrats
before_2007,0006,0014,F003459,Calcàries de Tàrrega - 25907-0027,354671,4621338,2680897,Nitrits
before_2007,0006,0014,F003462,Calcàries de Tàrrega - 25907-0021,359171,4623496,1671034,Amoni
before_2007,0006,0014,F003462,Calcàries de Tàrrega - 25907-0021,359171,4623496,1691899,Nitrats
before_2007,0006,0014,F003462,Calcàries de Tàrrega - 25907-0021,359171,4623496,2680900,Nitrits
before_2007,0006,0014,F003464,Al·luvial d'Urgell - 25099-0002,328121,4608687,1671036,Amoni
before_2007,0006,0014,F003464,Al·luvial d'Urgell - 25099-0002,328121,4608687,1691901,Nitrats
before_2007,0006,0014,F003464,Al·luvial d'Urgell - 25099-0002,328121,4608687,2680902,Nitrits
before_2007,0006,0014,F003486,N/D - Subterrània - 25170-0002,310206,4578497,1672951,Amoni
before_2007,0006,0014,F003486,N/D - Subterrània - 25170-0002,310206,4578497,1693816,Nitrats
before_2007,0006,0014,F003486,N/D - Subterrània - 25170-0002,310206,4578497,2682817,Nitrits
before_2007,0006,0014,F003522,N/D - Subterrània - 25902-0006,339057,4602678,1673231,Amoni
before_2007,0006,0014,F003522,N/D - Subterrània - 25902-0006,339057,4602678,1694096,Nitrats
before_2007,0006,0014,F003522,N/D - Subterrània - 25902-0006,339057,4602678,2683097,Nitrits
before_2007,0006,0014,F003523,N/D - Subterrània - 25902-0005,339047,4602678,1671089,Amoni
before_2007,0006,0014,F003523,N/D - Subterrània - 25902-0005,339047,4602678,1691954,Nitrats
before_2007,0006,0014,F003523,N/D - Subterrània - 25902-0005,339047,4602678,2680955,Nitrits
before_2007,0006,0014,F003524,N/D - Subterrània - 25130-0004,336999,4602283,1671090,Amoni
before_2007,0006,0014,F003524,N/D - Subterrània - 25130-0004,336999,4602283,1691955,Nitrats
before_2007,0006,0014,F003524,N/D - Subterrània - 25130-0004,336999,4602283,2680956,Nitrits
before_2007,0006,0014,F003526,Calcàries de Tàrrega - 25152-0012,361689.04,4615967.23,1671092,Amoni
before_2007,0006,0014,F003526,Calcàries de Tàrrega - 25152-0012,361689.04,4615967.23,1691957,Nitrats
before_2007,0006,0014,F003526,Calcàries de Tàrrega - 25152-0012,361689.04,4615967.23,2680958,Nitrits
before_2007,0006,0014,F003530,Calcàries de Tàrrega - 25152-0006,362296.4,4617128.6,1671096,Amoni
before_2007,0006,0014,F003530,Calcàries de Tàrrega - 25152-0006,362296.4,4617128.6,1691961,Nitrats
before_2007,0006,0014,F003530,Calcàries de Tàrrega - 25152-0006,362296.4,4617128.6,2680962,Nitrits
before_2007,0006,0014,F003531,Calcàries de Tàrrega - 25907-0014,354743,4618698,1671097,Amoni
before_2007,0006,0014,F003531,Calcàries de Tàrrega - 25907-0014,354743,4618698,1691962,Nitrats
before_2007,0006,0014,F003531,Calcàries de Tàrrega - 25907-0014,354743,4618698,2680963,Nitrits
before_2007,0006,0014,F003533,Calcàries de Tàrrega - 25085-0003,364081,4618946,1671099,Amoni
before_2007,0006,0014,F003533,Calcàries de Tàrrega - 25085-0003,364081,4618946,1691964,Nitrats
before_2007,0006,0014,F003533,Calcàries de Tàrrega - 25085-0003,364081,4618946,2680965,Nitrits
before_2007,0006,0014,F003534,Calcàries de Tàrrega - 25192-0004,364980,4610919,1666927,Fosfats
before_2007,0006,0014,F003534,Calcàries de Tàrrega - 25192-0004,364980,4610919,1671100,Amoni
before_2007,0006,0014,F003534,Calcàries de Tàrrega - 25192-0004,364980,4610919,1691965,Nitrats
before_2007,0006,0014,F003534,Calcàries de Tàrrega - 25192-0004,364980,4610919,2680966,Nitrits
before_2007,0006,0014,F003535,Calcàries de Tàrrega - 25194-0010,364412,4620840,1671101,Amoni
before_2007,0006,0014,F003535,Calcàries de Tàrrega - 25194-0010,364412,4620840,1691966,Nitrats
before_2007,0006,0014,F003535,Calcàries de Tàrrega - 25194-0010,364412,4620840,2680967,Nitrits
before_2007,0006,0014,F003536,Calcàries de Tàrrega - 25911-0013,351904,4618958,1671102,Amoni
before_2007,0006,0014,F003536,Calcàries de Tàrrega - 25911-0013,351904,4618958,1691967,Nitrats
before_2007,0006,0014,F003536,Calcàries de Tàrrega - 25911-0013,351904,4618958,2680968,Nitrits
before_2007,0006,0014,F003537,Calcàries de Tàrrega - 25217-0008,349895,4619708,1671103,Amoni
before_2007,0006,0014,F003537,Calcàries de Tàrrega - 25217-0008,349895,4619708,1691968,Nitrats
before_2007,0006,0014,F003537,Calcàries de Tàrrega - 25217-0008,349895,4619708,2680969,Nitrits
before_2007,0006,0014,F003538,Calcàries de Tàrrega - 25103-0009,352614.7,4614254.6,1671104,Amoni
before_2007,0006,0014,F003538,Calcàries de Tàrrega - 25103-0009,352614.7,4614254.6,1691969,Nitrats
before_2007,0006,0014,F003538,Calcàries de Tàrrega - 25103-0009,352614.7,4614254.6,2680970,Nitrits
before_2007,0006,0014,F003539,N/D - Subterrània - 25216-0012,365061,4604077,1671105,Amoni
before_2007,0006,0014,F003539,N/D - Subterrània - 25216-0012,365061,4604077,1691970,Nitrats
before_2007,0006,0014,F003539,N/D - Subterrània - 25216-0012,365061,4604077,2680971,Nitrits
before_2007,0006,0014,F003542,Calcàries de Tàrrega - 25905-0012,359721,4611360,1671107,Amoni
before_2007,0006,0014,F003542,Calcàries de Tàrrega - 25905-0012,359721,4611360,1691972,Nitrats
before_2007,0006,0014,F003542,Calcàries de Tàrrega - 25905-0012,359721,4611360,2680973,Nitrits
before_2007,0006,0014,F003544,Calcàries de Tàrrega - 25911-0028,353427,4618092,1671108,Amoni
before_2007,0006,0014,F003544,Calcàries de Tàrrega - 25911-0028,353427,4618092,1691973,Nitrats
before_2007,0006,0014,F003544,Calcàries de Tàrrega - 25911-0028,353427,4618092,2680974,Nitrits
before_2007,0006,0014,F003545,Calcàries de Tàrrega - 25197-0008,362510,4623123,1671109,Amoni
before_2007,0006,0014,F003545,Calcàries de Tàrrega - 25197-0008,362510,4623123,1691974,Nitrats
before_2007,0006,0014,F003545,Calcàries de Tàrrega - 25197-0008,362510,4623123,2680975,Nitrits
before_2007,0006,0014,F003546,Calcàries de Tàrrega - 25911-0025,350853,4616595,1671110,Amoni
before_2007,0006,0014,F003546,Calcàries de Tàrrega - 25911-0025,350853,4616595,1691975,Nitrats
before_2007,0006,0014,F003546,Calcàries de Tàrrega - 25911-0025,350853,4616595,2680976,Nitrits
before_2007,0006,0014,F003547,Calcàries de Tàrrega - 25085-0009,365214,4616547,1671111,Amoni
before_2007,0006,0014,F003547,Calcàries de Tàrrega - 25085-0009,365214,4616547,1691976,Nitrats
before_2007,0006,0014,F003547,Calcàries de Tàrrega - 25085-0009,365214,4616547,2680977,Nitrits
before_2007,0006,0014,F003548,Calcàries de Tàrrega - 25109-0002,349344.92,4602926.3,1671112,Amoni
before_2007,0006,0014,F003548,Calcàries de Tàrrega - 25109-0002,349344.92,4602926.3,1691977,Nitrats
before_2007,0006,0014,F003548,Calcàries de Tàrrega - 25109-0002,349344.92,4602926.3,2680978,Nitrits
before_2007,0006,0014,F003549,N/D - Subterrània - 25192-0007,365884.2,4610396.39,1671113,Amoni
before_2007,0006,0014,F003549,N/D - Subterrània - 25192-0007,365884.2,4610396.39,1691978,Nitrats
before_2007,0006,0014,F003549,N/D - Subterrània - 25192-0007,365884.2,4610396.39,2680979,Nitrits
before_2007,0006,0014,F003551,Calcàries de Tàrrega - 25217-0004,348511,4617904,1672816,Amoni
before_2007,0006,0014,F003551,Calcàries de Tàrrega - 25217-0004,348511,4617904,1693681,Nitrats
before_2007,0006,0014,F003551,Calcàries de Tàrrega - 25217-0004,348511,4617904,2682682,Nitrits
before_2007,0006,0014,F003558,Calcàries de Tàrrega - 25197-0009,360718,4624702,1671121,Amoni
before_2007,0006,0014,F003558,Calcàries de Tàrrega - 25197-0009,360718,4624702,1691986,Nitrats
before_2007,0006,0014,F003558,Calcàries de Tàrrega - 25197-0009,360718,4624702,2680987,Nitrits
before_2007,0006,0014,F003559,Calcàries de Tàrrega - 25194-0014,362707.78,4621857.13,1671122,Amoni
before_2007,0006,0014,F003559,Calcàries de Tàrrega - 25194-0014,362707.78,4621857.13,1691987,Nitrats
before_2007,0006,0014,F003559,Calcàries de Tàrrega - 25194-0014,362707.78,4621857.13,2680988,Nitrits
before_2007,0006,0014,F003562,Calcàries de Tàrrega - 08036-0001,374335,4621523,3046224,Nitrats
before_2007,0006,0014,F003562,Calcàries de Tàrrega - 08036-0001,374335,4621523,3046768,Nitrits
before_2007,0006,0014,F003562,Calcàries de Tàrrega - 08036-0001,374335,4621523,3046773,Amoni
before_2007,0006,0014,F003570,N/D - Subterrània - 25081-0004,333771,4595711,1671131,Amoni
before_2007,0006,0014,F003570,N/D - Subterrània - 25081-0004,333771,4595711,1691996,Nitrats
before_2007,0006,0014,F003570,N/D - Subterrània - 25081-0004,333771,4595711,2680997,Nitrits
before_2007,0006,0014,F003571,N/D - Subterrània - 25081-0001,335577,4596079,1671132,Amoni
before_2007,0006,0014,F003571,N/D - Subterrània - 25081-0001,335577,4596079,1691997,Nitrats
before_2007,0006,0014,F003571,N/D - Subterrània - 25081-0001,335577,4596079,2680998,Nitrits
before_2007,0006,0014,F003572,N/D - Subterrània - 25154-0003,339325.85,4595887.37,1671133,Amoni
before_2007,0006,0014,F003572,N/D - Subterrània - 25154-0003,339325.85,4595887.37,1691998,Nitrats
before_2007,0006,0014,F003572,N/D - Subterrània - 25154-0003,339325.85,4595887.37,2680999,Nitrits
before_2007,0006,0014,F003575,Calcàries de Tàrrega - 25103-0006,350567,4613142,1671136,Amoni
before_2007,0006,0014,F003575,Calcàries de Tàrrega - 25103-0006,350567,4613142,1692001,Nitrats
before_2007,0006,0014,F003575,Calcàries de Tàrrega - 25103-0006,350567,4613142,2681002,Nitrits
before_2007,0006,0014,F003576,Calcàries de Tàrrega - 25902-0018,340655,4602600,1671137,Amoni
before_2007,0006,0014,F003576,Calcàries de Tàrrega - 25902-0018,340655,4602600,1692002,Nitrats
before_2007,0006,0014,F003576,Calcàries de Tàrrega - 25902-0018,340655,4602600,2681003,Nitrits
before_2007,0006,0014,F003577,Calcàries de Tàrrega - 25217-0009,346912,4612011,1671138,Amoni
before_2007,0006,0014,F003577,Calcàries de Tàrrega - 25217-0009,346912,4612011,1692003,Nitrats
before_2007,0006,0014,F003577,Calcàries de Tàrrega - 25217-0009,346912,4612011,2681004,Nitrits
before_2007,0006,0014,F003579,Calcàries de Tàrrega - 25141-0006,356856,4607246,1671140,Amoni
before_2007,0006,0014,F003579,Calcàries de Tàrrega - 25141-0006,356856,4607246,1692005,Nitrats
before_2007,0006,0014,F003579,Calcàries de Tàrrega - 25141-0006,356856,4607246,2681006,Nitrits
before_2007,0006,0014,F003585,Calcàries de Tàrrega - 25152-0008,360500.82,4617245.71,1671145,Amoni
before_2007,0006,0014,F003585,Calcàries de Tàrrega - 25152-0008,360500.82,4617245.71,1692010,Nitrats
before_2007,0006,0014,F003585,Calcàries de Tàrrega - 25152-0008,360500.82,4617245.71,2681011,Nitrits
before_2007,0006,0014,F003589,N/D - Subterrània - 25074-0003,345507.91,4602874.33,1671149,Amoni
before_2007,0006,0014,F003589,N/D - Subterrània - 25074-0003,345507.91,4602874.33,1692014,Nitrats
before_2007,0006,0014,F003589,N/D - Subterrània - 25074-0003,345507.91,4602874.33,2681015,Nitrits
before_2007,0006,0014,F003590,Calcàries de Tàrrega - 25217-0007,346106,4612896,1671150,Amoni
before_2007,0006,0014,F003590,Calcàries de Tàrrega - 25217-0007,346106,4612896,1692015,Nitrats
before_2007,0006,0014,F003590,Calcàries de Tàrrega - 25217-0007,346106,4612896,2681016,Nitrits
before_2007,0006,0014,F003591,Prades - Alt Francolí - 43147-0003,349410.4,4589875.4,1666978,Fosfats
before_2007,0006,0014,F003591,Prades - Alt Francolí - 43147-0003,349410.4,4589875.4,1671151,Amoni
before_2007,0006,0014,F003591,Prades - Alt Francolí - 43147-0003,349410.4,4589875.4,1692016,Nitrats
before_2007,0006,0014,F003591,Prades - Alt Francolí - 43147-0003,349410.4,4589875.4,2681017,Nitrits
before_2007,0006,0014,F003593,Calcàries de Tàrrega - 25072-0009,358412,4618963,1666428,Fosfats
before_2007,0006,0014,F003593,Calcàries de Tàrrega - 25072-0009,358412,4618963,1670601,Amoni
before_2007,0006,0014,F003593,Calcàries de Tàrrega - 25072-0009,358412,4618963,1691466,Nitrats
before_2007,0006,0014,F003593,Calcàries de Tàrrega - 25072-0009,358412,4618963,2680467,Nitrits
before_2007,0006,0014,F003594,Calcàries de Tàrrega - 25905-0006,361006,4610046,1670602,Amoni
before_2007,0006,0014,F003594,Calcàries de Tàrrega - 25905-0006,361006,4610046,1691467,Nitrats
before_2007,0006,0014,F003594,Calcàries de Tàrrega - 25905-0006,361006,4610046,2680468,Nitrits
before_2007,0006,0014,F003595,Calcàries de Tàrrega - 25217-0005,345106,4614986,1670603,Amoni
before_2007,0006,0014,F003595,Calcàries de Tàrrega - 25217-0005,345106,4614986,1691468,Nitrats
before_2007,0006,0014,F003595,Calcàries de Tàrrega - 25217-0005,345106,4614986,2680469,Nitrits
before_2007,0006,0014,F003597,Calcàries de Tàrrega - 25217-0010,345086,4614946,1670605,Amoni
before_2007,0006,0014,F003597,Calcàries de Tàrrega - 25217-0010,345086,4614946,1691470,Nitrats
before_2007,0006,0014,F003597,Calcàries de Tàrrega - 25217-0010,345086,4614946,2680471,Nitrits
before_2007,0006,0014,F003598,N/D - Subterrània - 43142-0016,354330,4587612,1666433,Fosfats
before_2007,0006,0014,F003598,N/D - Subterrània - 43142-0016,354330,4587612,1670606,Amoni
before_2007,0006,0014,F003598,N/D - Subterrània - 43142-0016,354330,4587612,1691471,Nitrats
before_2007,0006,0014,F003598,N/D - Subterrània - 43142-0016,354330,4587612,2680472,Nitrits
before_2007,0006,0014,F003605,Calcàries de Tàrrega - 25217-0002,345096,4612866,1670612,Amoni
before_2007,0006,0014,F003605,Calcàries de Tàrrega - 25217-0002,345096,4612866,1691477,Nitrats
before_2007,0006,0014,F003605,Calcàries de Tàrrega - 25217-0002,345096,4612866,2680478,Nitrits
before_2007,0006,0014,F003606,N/D - Subterrània - 25902-0008,337806,4602051,1670613,Amoni
before_2007,0006,0014,F003606,N/D - Subterrània - 25902-0008,337806,4602051,1691478,Nitrats
before_2007,0006,0014,F003606,N/D - Subterrània - 25902-0008,337806,4602051,2680479,Nitrits
before_2007,0006,0014,F003607,N/D - Subterrània - 25902-0010,335406,4602796,1670614,Amoni
before_2007,0006,0014,F003607,N/D - Subterrània - 25902-0010,335406,4602796,1691479,Nitrats
before_2007,0006,0014,F003607,N/D - Subterrània - 25902-0010,335406,4602796,2680480,Nitrits
before_2007,0006,0014,F003612,N/D - Subterrània - 25081-0002,333761,4595711,1670619,Amoni
before_2007,0006,0014,F003612,N/D - Subterrània - 25081-0002,333761,4595711,1691484,Nitrats
before_2007,0006,0014,F003612,N/D - Subterrània - 25081-0002,333761,4595711,2680485,Nitrits
before_2007,0006,0014,F003616,Calcàries de Tàrrega - 25194-0007,365656,4622296,1670623,Amoni
before_2007,0006,0014,F003616,Calcàries de Tàrrega - 25194-0007,365656,4622296,1691488,Nitrats
before_2007,0006,0014,F003616,Calcàries de Tàrrega - 25194-0007,365656,4622296,2680489,Nitrits
before_2007,0006,0014,F003617,Calcàries de Tàrrega - 25085-0001,365506,4616091,1670624,Amoni
before_2007,0006,0014,F003617,Calcàries de Tàrrega - 25085-0001,365506,4616091,1691489,Nitrats
before_2007,0006,0014,F003617,Calcàries de Tàrrega - 25085-0001,365506,4616091,2680490,Nitrits
before_2007,0006,0014,F003618,Calcàries de Tàrrega - 25085-0004,365998,4616451,1670625,Amoni
before_2007,0006,0014,F003618,Calcàries de Tàrrega - 25085-0004,365998,4616451,1691490,Nitrats
before_2007,0006,0014,F003618,Calcàries de Tàrrega - 25085-0004,365998,4616451,2680491,Nitrits
before_2007,0006,0014,F003620,Calcàries de Tàrrega - 25103-0003,351616,4615147,1670627,Amoni
before_2007,0006,0014,F003620,Calcàries de Tàrrega - 25103-0003,351616,4615147,1691492,Nitrats
before_2007,0006,0014,F003620,Calcàries de Tàrrega - 25103-0003,351616,4615147,2680493,Nitrits
before_2007,0006,0014,F003621,Calcàries de Tàrrega - 25143-0008,352426,4607596,1670628,Amoni
before_2007,0006,0014,F003621,Calcàries de Tàrrega - 25143-0008,352426,4607596,1691493,Nitrats
before_2007,0006,0014,F003621,Calcàries de Tàrrega - 25143-0008,352426,4607596,2680494,Nitrits
before_2007,0006,0014,F003625,Calcàries de Tàrrega - 25143-0007,349856,4607396,1670630,Amoni
before_2007,0006,0014,F003625,Calcàries de Tàrrega - 25143-0007,349856,4607396,1691495,Nitrats
before_2007,0006,0014,F003625,Calcàries de Tàrrega - 25143-0007,349856,4607396,2680496,Nitrits
before_2007,0006,0014,F003626,Calcàries de Tàrrega - 25072-0013,354886,4615796,1670631,Amoni
before_2007,0006,0014,F003626,Calcàries de Tàrrega - 25072-0013,354886,4615796,1691496,Nitrats
before_2007,0006,0014,F003626,Calcàries de Tàrrega - 25072-0013,354886,4615796,2680497,Nitrits
before_2007,0006,0014,F003627,Calcàries de Tàrrega - 25911-0005,349856,4616496,1670632,Amoni
before_2007,0006,0014,F003627,Calcàries de Tàrrega - 25911-0005,349856,4616496,1691497,Nitrats
before_2007,0006,0014,F003627,Calcàries de Tàrrega - 25911-0005,349856,4616496,2680498,Nitrits
before_2007,0006,0014,F003630,Calcàries de Tàrrega - 25141-0011,353556,4604146,1670635,Amoni
before_2007,0006,0014,F003630,Calcàries de Tàrrega - 25141-0011,353556,4604146,1691500,Nitrats
before_2007,0006,0014,F003630,Calcàries de Tàrrega - 25141-0011,353556,4604146,2680501,Nitrits
before_2007,0006,0014,F003633,Prades - Alt Francolí - 43086-0045,351795,4582145,1668646,Fosfats
before_2007,0006,0014,F003633,Prades - Alt Francolí - 43086-0045,351795,4582145,1672819,Amoni
before_2007,0006,0014,F003633,Prades - Alt Francolí - 43086-0045,351795,4582145,1693684,Nitrats
before_2007,0006,0014,F003633,Prades - Alt Francolí - 43086-0045,351795,4582145,2682685,Nitrits
before_2007,0006,0014,F003634,Prades - Alt Francolí - 43054-0008,340341.75,4582769.34,1666465,Fosfats
before_2007,0006,0014,F003634,Prades - Alt Francolí - 43054-0008,340341.75,4582769.34,1670638,Amoni
before_2007,0006,0014,F003634,Prades - Alt Francolí - 43054-0008,340341.75,4582769.34,1691503,Nitrats
before_2007,0006,0014,F003634,Prades - Alt Francolí - 43054-0008,340341.75,4582769.34,2680504,Nitrits
before_2007,0006,0014,F003635,Prades - Alt Francolí - 43029-0004,346228,4587899,1666466,Fosfats
before_2007,0006,0014,F003635,Prades - Alt Francolí - 43029-0004,346228,4587899,1670639,Amoni
before_2007,0006,0014,F003635,Prades - Alt Francolí - 43029-0004,346228,4587899,1691504,Nitrats
before_2007,0006,0014,F003635,Prades - Alt Francolí - 43029-0004,346228,4587899,2680505,Nitrits
before_2007,0006,0014,F003636,Calcàries de Tàrrega - 25143-0003,352897,4607176,1670640,Amoni
before_2007,0006,0014,F003636,Calcàries de Tàrrega - 25143-0003,352897,4607176,1691505,Nitrats
before_2007,0006,0014,F003636,Calcàries de Tàrrega - 25143-0003,352897,4607176,2680506,Nitrits
before_2007,0006,0014,F003637,Prades - Alt Francolí - 43130-0005,356367,4593424,1666468,Fosfats
before_2007,0006,0014,F003637,Prades - Alt Francolí - 43130-0005,356367,4593424,1670641,Amoni
before_2007,0006,0014,F003637,Prades - Alt Francolí - 43130-0005,356367,4593424,1691506,Nitrats
before_2007,0006,0014,F003637,Prades - Alt Francolí - 43130-0005,356367,4593424,2680507,Nitrits
before_2007,0006,0014,F003642,N/D - Subterrània - 25216-0011,362016,4604946,1670646,Amoni
before_2007,0006,0014,F003642,N/D - Subterrània - 25216-0011,362016,4604946,1691511,Nitrats
before_2007,0006,0014,F003642,N/D - Subterrània - 25216-0011,362016,4604946,2680512,Nitrits
before_2007,0006,0014,F003643,N/D - Subterrània - 25216-0009,362006,4604946,1670647,Amoni
before_2007,0006,0014,F003643,N/D - Subterrània - 25216-0009,362006,4604946,1691512,Nitrats
before_2007,0006,0014,F003643,N/D - Subterrània - 25216-0009,362006,4604946,2680513,Nitrits
before_2007,0006,0014,F003645,Calcàries de Tàrrega - 25905-0003,359956,4608846,1670648,Amoni
before_2007,0006,0014,F003645,Calcàries de Tàrrega - 25905-0003,359956,4608846,1691513,Nitrats
before_2007,0006,0014,F003645,Calcàries de Tàrrega - 25905-0003,359956,4608846,2680514,Nitrits
before_2007,0006,0014,F003646,N/D - Subterrània - 25902-0015,339009,4602681,1670649,Amoni
before_2007,0006,0014,F003646,N/D - Subterrània - 25902-0015,339009,4602681,1691514,Nitrats
before_2007,0006,0014,F003646,N/D - Subterrània - 25902-0015,339009,4602681,2680515,Nitrits
before_2007,0006,0014,F003648,Calcàries de Tàrrega - 25905-0002,362021.99,4609682.81,1670651,Amoni
before_2007,0006,0014,F003648,Calcàries de Tàrrega - 25905-0002,362021.99,4609682.81,1691516,Nitrats
before_2007,0006,0014,F003648,Calcàries de Tàrrega - 25905-0002,362021.99,4609682.81,2680517,Nitrits
before_2007,0006,0014,F003649,Calcàries de Tàrrega - 25905-0010,361856,4610746,1670652,Amoni
before_2007,0006,0014,F003649,Calcàries de Tàrrega - 25905-0010,361856,4610746,1691517,Nitrats
before_2007,0006,0014,F003649,Calcàries de Tàrrega - 25905-0010,361856,4610746,2680518,Nitrits
before_2007,0006,0014,F003650,Calcàries de Tàrrega - 25905-0005,354856,4608806,1670653,Amoni
before_2007,0006,0014,F003650,Calcàries de Tàrrega - 25905-0005,354856,4608806,1691518,Nitrats
before_2007,0006,0014,F003650,Calcàries de Tàrrega - 25905-0005,354856,4608806,2680519,Nitrits
before_2007,0006,0014,F003651,Calcàries de Tàrrega - 25141-0007,357606,4605146,1670654,Amoni
before_2007,0006,0014,F003651,Calcàries de Tàrrega - 25141-0007,357606,4605146,1691519,Nitrats
before_2007,0006,0014,F003651,Calcàries de Tàrrega - 25141-0007,357606,4605146,2680520,Nitrits
before_2007,0006,0014,F003652,Calcàries de Tàrrega - 25141-0008,358903,4604750,1670655,Amoni
before_2007,0006,0014,F003652,Calcàries de Tàrrega - 25141-0008,358903,4604750,1691520,Nitrats
before_2007,0006,0014,F003652,Calcàries de Tàrrega - 25141-0008,358903,4604750,2680521,Nitrits
before_2007,0006,0014,F003653,Alta Anoia - 25216-0016,366556,4606046,1670656,Amoni
before_2007,0006,0014,F003653,Alta Anoia - 25216-0016,366556,4606046,1691521,Nitrats
before_2007,0006,0014,F003653,Alta Anoia - 25216-0016,366556,4606046,2680522,Nitrits
before_2007,0006,0014,F003654,Calcàries de Tàrrega - 25242-0007,345424.06,4608628.94,1670657,Amoni
before_2007,0006,0014,F003654,Calcàries de Tàrrega - 25242-0007,345424.06,4608628.94,1691522,Nitrats
before_2007,0006,0014,F003654,Calcàries de Tàrrega - 25242-0007,345424.06,4608628.94,2680523,Nitrits
before_2007,0006,0014,F003658,Calcàries de Tàrrega - 25152-0004,360450,4617173,1670661,Amoni
before_2007,0006,0014,F003658,Calcàries de Tàrrega - 25152-0004,360450,4617173,1691526,Nitrats
before_2007,0006,0014,F003658,Calcàries de Tàrrega - 25152-0004,360450,4617173,2680527,Nitrits
before_2007,0006,0014,F003661,Calcàries de Tàrrega - 25176-0002,340056,4605646,1673237,Amoni
before_2007,0006,0014,F003661,Calcàries de Tàrrega - 25176-0002,340056,4605646,1694102,Nitrats
before_2007,0006,0014,F003661,Calcàries de Tàrrega - 25176-0002,340056,4605646,2683103,Nitrits
before_2007,0006,0014,F003669,N/D - Subterrània - 25020-0001,284006,4576897,1670671,Amoni
before_2007,0006,0014,F003669,N/D - Subterrània - 25020-0001,284006,4576897,1691536,Nitrats
before_2007,0006,0014,F003669,N/D - Subterrània - 25020-0001,284006,4576897,2680537,Nitrits
before_2007,0006,0014,F003672,N/D - Subterrània - 25058-0005,321906,4595546,1670674,Amoni
before_2007,0006,0014,F003672,N/D - Subterrània - 25058-0005,321906,4595546,1691539,Nitrats
before_2007,0006,0014,F003672,N/D - Subterrània - 25058-0005,321906,4595546,2680540,Nitrits
before_2007,0006,0014,F003686,Ports de Beseit (CHE)_Cat - 43071-0041,274158.23,4527096.65,1670687,Amoni
before_2007,0006,0014,F003686,Ports de Beseit (CHE)_Cat - 43071-0041,274158.23,4527096.65,1691552,Nitrats
before_2007,0006,0014,F003686,Ports de Beseit (CHE)_Cat - 43071-0041,274158.23,4527096.65,2680553,Nitrits
before_2007,0006,0014,F003687,Ports de Beseit (CHE)_Cat - 43071-0040,273619.24,4528479.46,1670688,Amoni
before_2007,0006,0014,F003687,Ports de Beseit (CHE)_Cat - 43071-0040,273619.24,4528479.46,1691553,Nitrats
before_2007,0006,0014,F003687,Ports de Beseit (CHE)_Cat - 43071-0040,273619.24,4528479.46,2680554,Nitrits
before_2007,0006,0014,F003691,Al·luvials de l'alta i mitjana Tordera - 17103-0008,474439.9,4621253.3,1666519,Fosfats
before_2007,0006,0014,F003691,Al·luvials de l'alta i mitjana Tordera - 17103-0008,474439.9,4621253.3,1670692,Amoni
before_2007,0006,0014,F003691,Al·luvials de l'alta i mitjana Tordera - 17103-0008,474439.9,4621253.3,1691557,Nitrats
before_2007,0006,0014,F003691,Al·luvials de l'alta i mitjana Tordera - 17103-0008,474439.9,4621253.3,2680558,Nitrits
before_2007,0006,0014,F003728,Al·luvials de l'alta i mitjana Tordera - 08082-0019,472834.25,4621055.39,1669067,Fosfats
before_2007,0006,0014,F003728,Al·luvials de l'alta i mitjana Tordera - 08082-0019,472834.25,4621055.39,1673240,Amoni
before_2007,0006,0014,F003728,Al·luvials de l'alta i mitjana Tordera - 08082-0019,472834.25,4621055.39,1694105,Nitrats
before_2007,0006,0014,F003728,Al·luvials de l'alta i mitjana Tordera - 08082-0019,472834.25,4621055.39,2683106,Nitrits
before_2007,0006,0014,F003742,Plioquaternari de l'Onyar - 17073-0024,483244,4642178,1670739,Amoni
before_2007,0006,0014,F003742,Plioquaternari de l'Onyar - 17073-0024,483244,4642178,1691604,Nitrats
before_2007,0006,0014,F003742,Plioquaternari de l'Onyar - 17073-0024,483244,4642178,2680605,Nitrits
before_2007,0006,0014,F003745,Plioquaternari de l'Onyar - 17044-0060,490266,4635245,1670742,Amoni
before_2007,0006,0014,F003745,Plioquaternari de l'Onyar - 17044-0060,490266,4635245,1691607,Nitrats
before_2007,0006,0014,F003745,Plioquaternari de l'Onyar - 17044-0060,490266,4635245,2680608,Nitrits
before_2007,0006,0014,F003751,Plioquaternari de l'Onyar - 17033-0072,485224.2,4632852.6,1666574,Fosfats
before_2007,0006,0014,F003751,Plioquaternari de l'Onyar - 17033-0072,485224.2,4632852.6,1670747,Amoni
before_2007,0006,0014,F003751,Plioquaternari de l'Onyar - 17033-0072,485224.2,4632852.6,1691612,Nitrats
before_2007,0006,0014,F003751,Plioquaternari de l'Onyar - 17033-0072,485224.2,4632852.6,2680613,Nitrits
before_2007,0006,0014,F003755,N/D - Subterrània - 17002-0015,480172,4643039,1670751,Amoni
before_2007,0006,0014,F003755,N/D - Subterrània - 17002-0015,480172,4643039,1691616,Nitrats
before_2007,0006,0014,F003755,N/D - Subterrània - 17002-0015,480172,4643039,2680617,Nitrits
before_2007,0006,0014,F003756,Plioquaternari de la Riera Santa Coloma - 17148-0060,475561,4630397,1666579,Fosfats
before_2007,0006,0014,F003756,Plioquaternari de la Riera Santa Coloma - 17148-0060,475561,4630397,1670752,Amoni
before_2007,0006,0014,F003756,Plioquaternari de la Riera Santa Coloma - 17148-0060,475561,4630397,1691617,Nitrats
before_2007,0006,0014,F003756,Plioquaternari de la Riera Santa Coloma - 17148-0060,475561,4630397,2680618,Nitrits
before_2007,0006,0014,F003758,Plioquaternari de l'Onyar - 17233-0022,479116,4636895,1666581,Fosfats
before_2007,0006,0014,F003758,Plioquaternari de l'Onyar - 17233-0022,479116,4636895,1670754,Amoni
before_2007,0006,0014,F003758,Plioquaternari de l'Onyar - 17233-0022,479116,4636895,1691619,Nitrats
before_2007,0006,0014,F003758,Plioquaternari de l'Onyar - 17233-0022,479116,4636895,2680620,Nitrits
before_2007,0006,0014,F003768,Plioquaternari de la Riera Santa Coloma - 17193-0035,480486.6,4629254.5,1666591,Fosfats
before_2007,0006,0014,F003768,Plioquaternari de la Riera Santa Coloma - 17193-0035,480486.6,4629254.5,1670764,Amoni
before_2007,0006,0014,F003768,Plioquaternari de la Riera Santa Coloma - 17193-0035,480486.6,4629254.5,1691629,Nitrats
before_2007,0006,0014,F003768,Plioquaternari de la Riera Santa Coloma - 17193-0035,480486.6,4629254.5,2680630,Nitrits
before_2007,0006,0014,F003774,Montseny-Guilleries - 17164-0006,459256.35,4637275.52,1666596,Fosfats
before_2007,0006,0014,F003774,Montseny-Guilleries - 17164-0006,459256.35,4637275.52,1670769,Amoni
before_2007,0006,0014,F003774,Montseny-Guilleries - 17164-0006,459256.35,4637275.52,1691634,Nitrats
before_2007,0006,0014,F003774,Montseny-Guilleries - 17164-0006,459256.35,4637275.52,2680635,Nitrits
before_2007,0006,0014,F003775,Fluviodeltaic del Baix Ter - 17049-0009,489177,4652825,1670770,Amoni
before_2007,0006,0014,F003775,Fluviodeltaic del Baix Ter - 17049-0009,489177,4652825,1691635,Nitrats
before_2007,0006,0014,F003775,Fluviodeltaic del Baix Ter - 17049-0009,489177,4652825,2680636,Nitrits
before_2007,0006,0014,F003785,"Al·luvials del Ter Mig, Brugent i Llémena - 17020-0026",478839,4646385,1666607,Fosfats
before_2007,0006,0014,F003785,"Al·luvials del Ter Mig, Brugent i Llémena - 17020-0026",478839,4646385,1670780,Amoni
before_2007,0006,0014,F003785,"Al·luvials del Ter Mig, Brugent i Llémena - 17020-0026",478839,4646385,1691645,Nitrats
before_2007,0006,0014,F003785,"Al·luvials del Ter Mig, Brugent i Llémena - 17020-0026",478839,4646385,2680646,Nitrits
before_2007,0006,0014,F003793,Fluviodeltaic del Baix Ter - 17049-0016,489642.53,4654165.32,1670786,Amoni
before_2007,0006,0014,F003793,Fluviodeltaic del Baix Ter - 17049-0016,489642.53,4654165.32,1691651,Nitrats
before_2007,0006,0014,F003793,Fluviodeltaic del Baix Ter - 17049-0016,489642.53,4654165.32,2680652,Nitrits
before_2007,0006,0014,F003794,Al·luvials de la Baixa Costa Brava - 17034-0031,508024.4,4633399.14,1670787,Amoni
before_2007,0006,0014,F003794,Al·luvials de la Baixa Costa Brava - 17034-0031,508024.4,4633399.14,1691652,Nitrats
before_2007,0006,0014,F003794,Al·luvials de la Baixa Costa Brava - 17034-0031,508024.4,4633399.14,2680653,Nitrits
before_2007,0006,0014,F003816,Al·luvials de la Baixa Costa Brava - 17118-0023,510809.8,4634486,1670809,Amoni
before_2007,0006,0014,F003816,Al·luvials de la Baixa Costa Brava - 17118-0023,510809.8,4634486,1691674,Nitrats
before_2007,0006,0014,F003816,Al·luvials de la Baixa Costa Brava - 17118-0023,510809.8,4634486,2680675,Nitrits
before_2007,0006,0014,F003846,Detrític neogen del Vallès - 08107-0035,432686.07,4606046.67,1670837,Amoni
before_2007,0006,0014,F003846,Detrític neogen del Vallès - 08107-0035,432686.07,4606046.67,1691702,Nitrats
before_2007,0006,0014,F003846,Detrític neogen del Vallès - 08107-0035,432686.07,4606046.67,2680703,Nitrits
before_2007,0006,0014,F003904,Al·luvials del Vallès - 08156-0025,431150,4601918,1671511,Amoni
before_2007,0006,0014,F003904,Al·luvials del Vallès - 08156-0025,431150,4601918,1692376,Nitrats
before_2007,0006,0014,F003904,Al·luvials del Vallès - 08156-0025,431150,4601918,2681377,Nitrits
before_2007,0006,0014,F003915,Al·luvials del Vallès - 08902-0033,440541.05,4600977.61,1671522,Amoni
before_2007,0006,0014,F003915,Al·luvials del Vallès - 08902-0033,440541.05,4600977.61,1692387,Nitrats
before_2007,0006,0014,F003915,Al·luvials del Vallès - 08902-0033,440541.05,4600977.61,2681388,Nitrits
before_2007,0006,0014,F003976,Al·luvials del Vallès - 08136-0027,436720.03,4599340.63,1671578,Amoni
before_2007,0006,0014,F003976,Al·luvials del Vallès - 08136-0027,436720.03,4599340.63,1692443,Nitrats
before_2007,0006,0014,F003976,Al·luvials del Vallès - 08136-0027,436720.03,4599340.63,2681444,Nitrits
before_2007,0006,0014,F003982,Al·luvials del Vallès - 08248-0024,435899,4612259,1692449,Nitrats
before_2007,0006,0014,F003982,Al·luvials del Vallès - 08248-0024,435899,4612259,3045825,Nitrits
before_2007,0006,0014,F003982,Al·luvials del Vallès - 08248-0024,435899,4612259,3045827,Amoni
before_2007,0006,0014,F004009,Al·luvials del Vallès - 08041-0023,440300.11,4609350.62,1671610,Amoni
before_2007,0006,0014,F004009,Al·luvials del Vallès - 08041-0023,440300.11,4609350.62,1692475,Nitrats
before_2007,0006,0014,F004009,Al·luvials del Vallès - 08041-0023,440300.11,4609350.62,2681476,Nitrits
before_2007,0006,0014,F004011,Al·luvials de l'alta i mitjana Tordera - 17159-0039,464804,4619350,1667439,Fosfats
before_2007,0006,0014,F004011,Al·luvials de l'alta i mitjana Tordera - 17159-0039,464804,4619350,1671612,Amoni
before_2007,0006,0014,F004011,Al·luvials de l'alta i mitjana Tordera - 17159-0039,464804,4619350,1692477,Nitrats
before_2007,0006,0014,F004011,Al·luvials de l'alta i mitjana Tordera - 17159-0039,464804,4619350,2681478,Nitrits
before_2007,0006,0014,F004012,Al·luvials del Vallès - 08096-0057,440268.08,4605201.61,1668654,Fosfats
before_2007,0006,0014,F004012,Al·luvials del Vallès - 08096-0057,440268.08,4605201.61,1672827,Amoni
before_2007,0006,0014,F004012,Al·luvials del Vallès - 08096-0057,440268.08,4605201.61,1693692,Nitrats
before_2007,0006,0014,F004012,Al·luvials del Vallès - 08096-0057,440268.08,4605201.61,2682693,Nitrits
before_2007,0006,0014,F004013,Al·luvials del Vallès - 08096-0104,439664.08,4606015.62,1667440,Fosfats
before_2007,0006,0014,F004013,Al·luvials del Vallès - 08096-0104,439664.08,4606015.62,1671613,Amoni
before_2007,0006,0014,F004013,Al·luvials del Vallès - 08096-0104,439664.08,4606015.62,1692478,Nitrats
before_2007,0006,0014,F004013,Al·luvials del Vallès - 08096-0104,439664.08,4606015.62,2681479,Nitrits
before_2007,0006,0014,F004045,Al·luvials del Vallès - 08033-0022,431544.07,4606178.68,1671152,Amoni
before_2007,0006,0014,F004045,Al·luvials del Vallès - 08033-0022,431544.07,4606178.68,1692017,Nitrats
before_2007,0006,0014,F004045,Al·luvials del Vallès - 08033-0022,431544.07,4606178.68,2681018,Nitrits
before_2007,0006,0014,F004049,Al·luvials del Vallès - 08041-0013,440374.1,4607997.62,1666983,Fosfats
before_2007,0006,0014,F004049,Al·luvials del Vallès - 08041-0013,440374.1,4607997.62,1671156,Amoni
before_2007,0006,0014,F004049,Al·luvials del Vallès - 08041-0013,440374.1,4607997.62,1692021,Nitrats
before_2007,0006,0014,F004049,Al·luvials del Vallès - 08041-0013,440374.1,4607997.62,2681022,Nitrits
before_2007,0006,0014,F004090,Al·luvials del Vallès - 08108-0009,437035.07,4604805.64,1671194,Amoni
before_2007,0006,0014,F004090,Al·luvials del Vallès - 08108-0009,437035.07,4604805.64,1692059,Nitrats
before_2007,0006,0014,F004090,Al·luvials del Vallès - 08108-0009,437035.07,4604805.64,2681060,Nitrits
before_2007,0006,0014,F004107,Al·luvials del Vallès - 08106-0041,447565.11,4608190.56,1667036,Fosfats
before_2007,0006,0014,F004107,Al·luvials del Vallès - 08106-0041,447565.11,4608190.56,1671209,Amoni
before_2007,0006,0014,F004107,Al·luvials del Vallès - 08106-0041,447565.11,4608190.56,1692074,Nitrats
before_2007,0006,0014,F004107,Al·luvials del Vallès - 08106-0041,447565.11,4608190.56,2681075,Nitrits
before_2007,0006,0014,F004110,Detrític neogen del Vallès - 08106-0046,450679.13,4609897.54,1668659,Fosfats
before_2007,0006,0014,F004110,Detrític neogen del Vallès - 08106-0046,450679.13,4609897.54,1672832,Amoni
before_2007,0006,0014,F004110,Detrític neogen del Vallès - 08106-0046,450679.13,4609897.54,1693697,Nitrats
before_2007,0006,0014,F004110,Detrític neogen del Vallès - 08106-0046,450679.13,4609897.54,2682698,Nitrits
before_2007,0006,0014,F004127,Maresme - 08029-0029,450366.02,4595805.52,1671226,Amoni
before_2007,0006,0014,F004127,Maresme - 08029-0029,450366.02,4595805.52,1692091,Nitrats
before_2007,0006,0014,F004127,Maresme - 08029-0029,450366.02,4595805.52,2681092,Nitrits
before_2007,0006,0014,F004128,Maresme - 08121-0102,453056.06,4600095.51,1671227,Amoni
before_2007,0006,0014,F004128,Maresme - 08121-0102,453056.06,4600095.51,1692092,Nitrats
before_2007,0006,0014,F004128,Maresme - 08121-0102,453056.06,4600095.51,2681093,Nitrits
before_2007,0006,0014,F004130,Maresme - 08121-0117,454726.06,4599485.5,1671229,Amoni
before_2007,0006,0014,F004130,Maresme - 08121-0117,454726.06,4599485.5,1692094,Nitrats
before_2007,0006,0014,F004130,Maresme - 08121-0117,454726.06,4599485.5,2681095,Nitrits
before_2007,0006,0014,F004132,Maresme - 08121-0112,451785.4,4597694.9,1671231,Amoni
before_2007,0006,0014,F004132,Maresme - 08121-0112,451785.4,4597694.9,1692096,Nitrats
before_2007,0006,0014,F004132,Maresme - 08121-0112,451785.4,4597694.9,2681097,Nitrits
before_2007,0006,0014,F004146,Maresme - 08029-0022,451073.03,4597038.52,1671244,Amoni
before_2007,0006,0014,F004146,Maresme - 08029-0022,451073.03,4597038.52,1692109,Nitrats
before_2007,0006,0014,F004146,Maresme - 08029-0022,451073.03,4597038.52,2681110,Nitrits
before_2007,0006,0014,F004149,Maresme - 08029-0031,450256.03,4596595.52,1671247,Amoni
before_2007,0006,0014,F004149,Maresme - 08029-0031,450256.03,4596595.52,1692112,Nitrats
before_2007,0006,0014,F004149,Maresme - 08029-0031,450256.03,4596595.52,2681113,Nitrits
before_2007,0006,0014,F004150,Maresme - 08009-0060,450856.05,4599755.53,1671248,Amoni
before_2007,0006,0014,F004150,Maresme - 08009-0060,450856.05,4599755.53,1692113,Nitrats
before_2007,0006,0014,F004150,Maresme - 08009-0060,450856.05,4599755.53,2681114,Nitrits
before_2007,0006,0014,F004151,Maresme - 08009-0061,449281,4602345,1671249,Amoni
before_2007,0006,0014,F004151,Maresme - 08009-0061,449281,4602345,1692114,Nitrats
before_2007,0006,0014,F004151,Maresme - 08009-0061,449281,4602345,2681115,Nitrits
before_2007,0006,0014,F004152,Maresme - 08009-0031,450582,4600683,1671250,Amoni
before_2007,0006,0014,F004152,Maresme - 08009-0031,450582,4600683,1692115,Nitrats
before_2007,0006,0014,F004152,Maresme - 08009-0031,450582,4600683,2681116,Nitrits
before_2007,0006,0014,F004153,Maresme - 08006-0017,461796.09,4602705.45,1671251,Amoni
before_2007,0006,0014,F004153,Maresme - 08006-0017,461796.09,4602705.45,1692116,Nitrats
before_2007,0006,0014,F004153,Maresme - 08006-0017,461796.09,4602705.45,2681117,Nitrits
before_2007,0006,0014,F004155,Maresme - 08163-0015,474515.16,4608543.36,1671253,Amoni
before_2007,0006,0014,F004155,Maresme - 08163-0015,474515.16,4608543.36,1692118,Nitrats
before_2007,0006,0014,F004155,Maresme - 08163-0015,474515.16,4608543.36,2681119,Nitrits
before_2007,0006,0014,F004158,Maresme - 08003-0029,441941.98,4592661.58,1671256,Amoni
before_2007,0006,0014,F004158,Maresme - 08003-0029,441941.98,4592661.58,1692121,Nitrats
before_2007,0006,0014,F004158,Maresme - 08003-0029,441941.98,4592661.58,2681122,Nitrits
before_2007,0006,0014,F004162,Maresme - 08219-0029,448514.01,4595275.54,1671259,Amoni
before_2007,0006,0014,F004162,Maresme - 08219-0029,448514.01,4595275.54,1692124,Nitrats
before_2007,0006,0014,F004162,Maresme - 08219-0029,448514.01,4595275.54,2681125,Nitrits
before_2007,0006,0014,F004164,Maresme - 08006-0016,464038.1,4603670.43,1671261,Amoni
before_2007,0006,0014,F004164,Maresme - 08006-0016,464038.1,4603670.43,1692126,Nitrats
before_2007,0006,0014,F004164,Maresme - 08006-0016,464038.1,4603670.43,2681127,Nitrits
before_2007,0006,0014,F004166,Maresme - 08163-0012,473554.15,4608355.37,1671263,Amoni
before_2007,0006,0014,F004166,Maresme - 08163-0012,473554.15,4608355.37,1692128,Nitrats
before_2007,0006,0014,F004166,Maresme - 08163-0012,473554.15,4608355.37,2681129,Nitrits
before_2007,0006,0014,F004171,Maresme - 08121-0101,452214.5,4601021.7,1671268,Amoni
before_2007,0006,0014,F004171,Maresme - 08121-0101,452214.5,4601021.7,1692133,Nitrats
before_2007,0006,0014,F004171,Maresme - 08121-0101,452214.5,4601021.7,2681134,Nitrits
before_2007,0006,0014,F004174,Maresme - 08163-0013,474103.15,4608340.36,1671270,Amoni
before_2007,0006,0014,F004174,Maresme - 08163-0013,474103.15,4608340.36,1692135,Nitrats
before_2007,0006,0014,F004174,Maresme - 08163-0013,474103.15,4608340.36,2681136,Nitrits
before_2007,0006,0014,F004176,Maresme - 08121-0108,455776.06,4600055.49,1671272,Amoni
before_2007,0006,0014,F004176,Maresme - 08121-0108,455776.06,4600055.49,1692137,Nitrats
before_2007,0006,0014,F004176,Maresme - 08121-0108,455776.06,4600055.49,2681138,Nitrits
before_2007,0006,0014,F004178,Maresme - 08163-0019,474391.16,4608830.36,1671274,Amoni
before_2007,0006,0014,F004178,Maresme - 08163-0019,474391.16,4608830.36,1692139,Nitrats
before_2007,0006,0014,F004178,Maresme - 08163-0019,474391.16,4608830.36,2681140,Nitrits
before_2007,0006,0014,F004180,Maresme - 08126-0011,441075.98,4591585.59,1671275,Amoni
before_2007,0006,0014,F004180,Maresme - 08126-0011,441075.98,4591585.59,1692140,Nitrats
before_2007,0006,0014,F004180,Maresme - 08126-0011,441075.98,4591585.59,2681141,Nitrits
before_2007,0006,0014,F004184,Maresme - 08030-0019,448010.02,4596062.54,1671278,Amoni
before_2007,0006,0014,F004184,Maresme - 08030-0019,448010.02,4596062.54,1692143,Nitrats
before_2007,0006,0014,F004184,Maresme - 08030-0019,448010.02,4596062.54,2681144,Nitrits
before_2007,0006,0014,F004187,Maresme - 08163-0017,472428.15,4607703.37,1671281,Amoni
before_2007,0006,0014,F004187,Maresme - 08163-0017,472428.15,4607703.37,1692146,Nitrats
before_2007,0006,0014,F004187,Maresme - 08163-0017,472428.15,4607703.37,2681147,Nitrits
before_2007,0006,0014,F004188,Maresme - 08040-0016,464804.11,4604249.43,1671282,Amoni
before_2007,0006,0014,F004188,Maresme - 08040-0016,464804.11,4604249.43,1692147,Nitrats
before_2007,0006,0014,F004188,Maresme - 08040-0016,464804.11,4604249.43,2681148,Nitrits
before_2007,0006,0014,F004189,Maresme - 08040-0011,464499.11,4604484.43,1671283,Amoni
before_2007,0006,0014,F004189,Maresme - 08040-0011,464499.11,4604484.43,1692148,Nitrats
before_2007,0006,0014,F004189,Maresme - 08040-0011,464499.11,4604484.43,2681149,Nitrits
before_2007,0006,0014,F004195,Maresme - 08029-0023,450460.03,4596672.52,1671289,Amoni
before_2007,0006,0014,F004195,Maresme - 08029-0023,450460.03,4596672.52,1692154,Nitrats
before_2007,0006,0014,F004195,Maresme - 08029-0023,450460.03,4596672.52,2681155,Nitrits
before_2007,0006,0014,F004200,Maresme - 08040-0010,464134.95,4604500.12,1671431,Amoni
before_2007,0006,0014,F004200,Maresme - 08040-0010,464134.95,4604500.12,1692296,Nitrats
before_2007,0006,0014,F004200,Maresme - 08040-0010,464134.95,4604500.12,2681297,Nitrits
before_2007,0006,0014,F004203,Maresme - 08007-0045,461908,4605043.8,1671434,Amoni
before_2007,0006,0014,F004203,Maresme - 08007-0045,461908,4605043.8,1692299,Nitrats
before_2007,0006,0014,F004203,Maresme - 08007-0045,461908,4605043.8,2681300,Nitrits
before_2007,0006,0014,F004205,Maresme - 08006-0021,462089.1,4603598.45,1671436,Amoni
before_2007,0006,0014,F004205,Maresme - 08006-0021,462089.1,4603598.45,1692301,Nitrats
before_2007,0006,0014,F004205,Maresme - 08006-0021,462089.1,4603598.45,2681302,Nitrits
before_2007,0006,0014,F004207,Maresme - 08007-0074,462479.13,4607744.45,1671438,Amoni
before_2007,0006,0014,F004207,Maresme - 08007-0074,462479.13,4607744.45,1692303,Nitrats
before_2007,0006,0014,F004207,Maresme - 08007-0074,462479.13,4607744.45,2681304,Nitrits
before_2007,0006,0014,F004211,Maresme - 08029-0043,450542.03,4596610.52,1671442,Amoni
before_2007,0006,0014,F004211,Maresme - 08029-0043,450542.03,4596610.52,1692307,Nitrats
before_2007,0006,0014,F004211,Maresme - 08029-0043,450542.03,4596610.52,2681308,Nitrits
before_2007,0006,0014,F004213,Maresme - 08075-0024,451677.1,4605495.53,1671444,Amoni
before_2007,0006,0014,F004213,Maresme - 08075-0024,451677.1,4605495.53,1692309,Nitrats
before_2007,0006,0014,F004213,Maresme - 08075-0024,451677.1,4605495.53,2681310,Nitrits
before_2007,0006,0014,F004214,Maresme - 08197-0043,457377.07,4601057.48,1671445,Amoni
before_2007,0006,0014,F004214,Maresme - 08197-0043,457377.07,4601057.48,1692310,Nitrats
before_2007,0006,0014,F004214,Maresme - 08197-0043,457377.07,4601057.48,2681311,Nitrits
before_2007,0006,0014,F004215,Maresme - 08197-0049,457734.07,4601298.48,1671446,Amoni
before_2007,0006,0014,F004215,Maresme - 08197-0049,457734.07,4601298.48,1692311,Nitrats
before_2007,0006,0014,F004215,Maresme - 08197-0049,457734.07,4601298.48,2681312,Nitrits
before_2007,0006,0014,F004216,Maresme - 08197-0040,457980,4601214,1671447,Amoni
before_2007,0006,0014,F004216,Maresme - 08197-0040,457980,4601214,1692312,Nitrats
before_2007,0006,0014,F004216,Maresme - 08197-0040,457980,4601214,2681313,Nitrits
before_2007,0006,0014,F004217,Maresme - 08197-0031,457871.08,4601309.47,1671448,Amoni
before_2007,0006,0014,F004217,Maresme - 08197-0031,457871.08,4601309.47,1692313,Nitrats
before_2007,0006,0014,F004217,Maresme - 08197-0031,457871.08,4601309.47,2681314,Nitrits
before_2007,0006,0014,F004218,Maresme - 08197-0039,457488.08,4601708.48,1671449,Amoni
before_2007,0006,0014,F004218,Maresme - 08197-0039,457488.08,4601708.48,1692314,Nitrats
before_2007,0006,0014,F004218,Maresme - 08197-0039,457488.08,4601708.48,2681315,Nitrits
before_2007,0006,0014,F004227,Maresme - 08261-0020,476530.17,4609692.35,1671457,Amoni
before_2007,0006,0014,F004227,Maresme - 08261-0020,476530.17,4609692.35,1692322,Nitrats
before_2007,0006,0014,F004227,Maresme - 08261-0020,476530.17,4609692.35,2681323,Nitrits
before_2007,0006,0014,F004229,Maresme - 08261-0015,476270.17,4609529.35,1671459,Amoni
before_2007,0006,0014,F004229,Maresme - 08261-0015,476270.17,4609529.35,1692324,Nitrats
before_2007,0006,0014,F004229,Maresme - 08261-0015,476270.17,4609529.35,2681325,Nitrits
before_2007,0006,0014,F004233,Maresme - 08009-0037,451844.07,4601759.52,1671463,Amoni
before_2007,0006,0014,F004233,Maresme - 08009-0037,451844.07,4601759.52,1692328,Nitrats
before_2007,0006,0014,F004233,Maresme - 08009-0037,451844.07,4601759.52,2681329,Nitrits
before_2007,0006,0014,F004234,Maresme - 08230-0020,446742,4594261.55,1671464,Amoni
before_2007,0006,0014,F004234,Maresme - 08230-0020,446742,4594261.55,1692329,Nitrats
before_2007,0006,0014,F004234,Maresme - 08230-0020,446742,4594261.55,2681330,Nitrits
before_2007,0006,0014,F004237,Maresme - 08118-0003,444223.99,4592754.56,1671467,Amoni
before_2007,0006,0014,F004237,Maresme - 08118-0003,444223.99,4592754.56,1692332,Nitrats
before_2007,0006,0014,F004237,Maresme - 08118-0003,444223.99,4592754.56,2681333,Nitrits
before_2007,0006,0014,F004238,Maresme - 08118-0019,445049.99,4593013.56,1671468,Amoni
before_2007,0006,0014,F004238,Maresme - 08118-0019,445049.99,4593013.56,1692333,Nitrats
before_2007,0006,0014,F004238,Maresme - 08118-0019,445049.99,4593013.56,2681334,Nitrits
before_2007,0006,0014,F004239,Maresme - 08214-0019,446631.02,4596589.55,1673267,Amoni
before_2007,0006,0014,F004239,Maresme - 08214-0019,446631.02,4596589.55,1694132,Nitrats
before_2007,0006,0014,F004239,Maresme - 08214-0019,446631.02,4596589.55,2683133,Nitrits
before_2007,0006,0014,F004240,Maresme - 08172-0002,445915,4594062.55,1671469,Amoni
before_2007,0006,0014,F004240,Maresme - 08172-0002,445915,4594062.55,1692334,Nitrats
before_2007,0006,0014,F004240,Maresme - 08172-0002,445915,4594062.55,2681335,Nitrits
before_2007,0006,0014,F004241,Maresme - 08172-0003,446939,4593650.55,1671470,Amoni
before_2007,0006,0014,F004241,Maresme - 08172-0003,446939,4593650.55,1692335,Nitrats
before_2007,0006,0014,F004241,Maresme - 08172-0003,446939,4593650.55,2681336,Nitrits
before_2007,0006,0014,F004242,Maresme - 08030-0021,447009.04,4598510.55,1671471,Amoni
before_2007,0006,0014,F004242,Maresme - 08030-0021,447009.04,4598510.55,1692336,Nitrats
before_2007,0006,0014,F004242,Maresme - 08030-0021,447009.04,4598510.55,2681337,Nitrits
before_2007,0006,0014,F004243,Maresme - 08030-0018,446208.03,4597853.56,1671472,Amoni
before_2007,0006,0014,F004243,Maresme - 08030-0018,446208.03,4597853.56,1692337,Nitrats
before_2007,0006,0014,F004243,Maresme - 08030-0018,446208.03,4597853.56,2681338,Nitrits
before_2007,0006,0014,F004244,Maresme - 08230-0018,445219.01,4594860.56,1672835,Amoni
before_2007,0006,0014,F004244,Maresme - 08230-0018,445219.01,4594860.56,1693700,Nitrats
before_2007,0006,0014,F004244,Maresme - 08230-0018,445219.01,4594860.56,2682701,Nitrits
before_2007,0006,0014,F004246,Maresme - 08230-0019,445599,4594563.56,1671474,Amoni
before_2007,0006,0014,F004246,Maresme - 08230-0019,445599,4594563.56,1692339,Nitrats
before_2007,0006,0014,F004246,Maresme - 08230-0019,445599,4594563.56,2681340,Nitrits
before_2007,0006,0014,F004247,Maresme - 08230-0024,444835.01,4595320.56,1671475,Amoni
before_2007,0006,0014,F004247,Maresme - 08230-0024,444835.01,4595320.56,1692340,Nitrats
before_2007,0006,0014,F004247,Maresme - 08230-0024,444835.01,4595320.56,2681341,Nitrits
before_2007,0006,0014,F004248,Maresme - 08035-0016,469936.15,4608571.39,1671476,Amoni
before_2007,0006,0014,F004248,Maresme - 08035-0016,469936.15,4608571.39,1692341,Nitrats
before_2007,0006,0014,F004248,Maresme - 08035-0016,469936.15,4608571.39,2681342,Nitrits
before_2007,0006,0014,F004249,Maresme - 08007-0040,460579.1,4604274.46,1671477,Amoni
before_2007,0006,0014,F004249,Maresme - 08007-0040,460579.1,4604274.46,1692342,Nitrats
before_2007,0006,0014,F004249,Maresme - 08007-0040,460579.1,4604274.46,2681343,Nitrits
before_2007,0006,0014,F004255,Al·luvials de la baixa i delta de la Tordera - 08110-0018,480114,4610739,1671482,Amoni
before_2007,0006,0014,F004255,Al·luvials de la baixa i delta de la Tordera - 08110-0018,480114,4610739,1692347,Nitrats
before_2007,0006,0014,F004255,Al·luvials de la baixa i delta de la Tordera - 08110-0018,480114,4610739,2681348,Nitrits
before_2007,0006,0014,F004256,Al·luvials de la baixa i delta de la Tordera - 08110-0021,479417,4610940,1671483,Amoni
before_2007,0006,0014,F004256,Al·luvials de la baixa i delta de la Tordera - 08110-0021,479417,4610940,1692348,Nitrats
before_2007,0006,0014,F004256,Al·luvials de la baixa i delta de la Tordera - 08110-0021,479417,4610940,2681349,Nitrits
before_2007,0006,0014,F004257,Maresme - 08110-0039,477562.17,4610015.34,1671484,Amoni
before_2007,0006,0014,F004257,Maresme - 08110-0039,477562.17,4610015.34,1692349,Nitrats
before_2007,0006,0014,F004257,Maresme - 08110-0039,477562.17,4610015.34,2681350,Nitrits
before_2007,0006,0014,F004258,Maresme - 08230-0021,445626.01,4594979.56,1671485,Amoni
before_2007,0006,0014,F004258,Maresme - 08230-0021,445626.01,4594979.56,1692350,Nitrats
before_2007,0006,0014,F004258,Maresme - 08230-0021,445626.01,4594979.56,2681351,Nitrits
before_2007,0006,0014,F004259,Maresme - 08193-0014,464222.16,4611647.44,1671486,Amoni
before_2007,0006,0014,F004259,Maresme - 08193-0014,464222.16,4611647.44,1692351,Nitrats
before_2007,0006,0014,F004259,Maresme - 08193-0014,464222.16,4611647.44,2681352,Nitrits
before_2007,0006,0014,F004260,Maresme - 08121-0111,453152.08,4602486.51,1671487,Amoni
before_2007,0006,0014,F004260,Maresme - 08121-0111,453152.08,4602486.51,1692352,Nitrats
before_2007,0006,0014,F004260,Maresme - 08121-0111,453152.08,4602486.51,2681353,Nitrits
before_2007,0006,0014,F004261,Maresme - 08007-0041,461305.12,4606963.46,1673268,Amoni
before_2007,0006,0014,F004261,Maresme - 08007-0041,461305.12,4606963.46,1694133,Nitrats
before_2007,0006,0014,F004261,Maresme - 08007-0041,461305.12,4606963.46,2683134,Nitrits
before_2007,0006,0014,F004265,Maresme - 08281-0028,443823,4594106.57,1672837,Amoni
before_2007,0006,0014,F004265,Maresme - 08281-0028,443823,4594106.57,1693702,Nitrats
before_2007,0006,0014,F004265,Maresme - 08281-0028,443823,4594106.57,2682703,Nitrits
before_2007,0006,0014,F004267,Maresme - 08007-0017,459699.11,4605091.47,1671492,Amoni
before_2007,0006,0014,F004267,Maresme - 08007-0017,459699.11,4605091.47,1692357,Nitrats
before_2007,0006,0014,F004267,Maresme - 08007-0017,459699.11,4605091.47,2681358,Nitrits
before_2007,0006,0014,F004269,Maresme - 08214-0020,447186.02,4595655.55,1671494,Amoni
before_2007,0006,0014,F004269,Maresme - 08214-0020,447186.02,4595655.55,1692359,Nitrats
before_2007,0006,0014,F004269,Maresme - 08214-0020,447186.02,4595655.55,2681360,Nitrits
before_2007,0006,0014,F004270,Maresme - 08029-0025,451462.23,4596716.82,1671495,Amoni
before_2007,0006,0014,F004270,Maresme - 08029-0025,451462.23,4596716.82,1692360,Nitrats
before_2007,0006,0014,F004270,Maresme - 08029-0025,451462.23,4596716.82,2681361,Nitrits
before_2007,0006,0014,F004271,Maresme - 08193-0019,463235.15,4609585.45,1671496,Amoni
before_2007,0006,0014,F004271,Maresme - 08193-0019,463235.15,4609585.45,1692361,Nitrats
before_2007,0006,0014,F004271,Maresme - 08193-0019,463235.15,4609585.45,2681362,Nitrits
before_2007,0006,0014,F004272,Maresme - 08007-0043,460697.12,4607235.46,1671497,Amoni
before_2007,0006,0014,F004272,Maresme - 08007-0043,460697.12,4607235.46,1692362,Nitrats
before_2007,0006,0014,F004272,Maresme - 08007-0043,460697.12,4607235.46,2681363,Nitrits
before_2007,0006,0014,F004273,Maresme - 08193-0016,464015.16,4611733.44,1671498,Amoni
before_2007,0006,0014,F004273,Maresme - 08193-0016,464015.16,4611733.44,1692363,Nitrats
before_2007,0006,0014,F004273,Maresme - 08193-0016,464015.16,4611733.44,2681364,Nitrits
before_2007,0006,0014,F004275,Maresme - 08203-0032,466979.13,4606759.41,1671292,Amoni
before_2007,0006,0014,F004275,Maresme - 08203-0032,466979.13,4606759.41,1692157,Nitrats
before_2007,0006,0014,F004275,Maresme - 08203-0032,466979.13,4606759.41,2681158,Nitrits
before_2007,0006,0014,F004276,Maresme - 08235-0031,467298.13,4606759.41,1673269,Amoni
before_2007,0006,0014,F004276,Maresme - 08235-0031,467298.13,4606759.41,1694134,Nitrats
before_2007,0006,0014,F004276,Maresme - 08235-0031,467298.13,4606759.41,2683135,Nitrits
before_2007,0006,0014,F004277,Maresme - 08203-0037,467203,4607525,1671293,Amoni
before_2007,0006,0014,F004277,Maresme - 08203-0037,467203,4607525,1692158,Nitrats
before_2007,0006,0014,F004277,Maresme - 08203-0037,467203,4607525,2681159,Nitrits
before_2007,0006,0014,F004279,Maresme - 08261-0016,474056.18,4611424.37,1671295,Amoni
before_2007,0006,0014,F004279,Maresme - 08261-0016,474056.18,4611424.37,1692160,Nitrats
before_2007,0006,0014,F004279,Maresme - 08261-0016,474056.18,4611424.37,2681161,Nitrits
before_2007,0006,0014,F004280,Maresme - 08155-0090,475950.18,4611564.35,1671296,Amoni
before_2007,0006,0014,F004280,Maresme - 08155-0090,475950.18,4611564.35,1692161,Nitrats
before_2007,0006,0014,F004280,Maresme - 08155-0090,475950.18,4611564.35,2681162,Nitrits
before_2007,0006,0014,F004281,Maresme - 08030-0020,447647.03,4597200.55,1671297,Amoni
before_2007,0006,0014,F004281,Maresme - 08030-0020,447647.03,4597200.55,1692162,Nitrats
before_2007,0006,0014,F004281,Maresme - 08030-0020,447647.03,4597200.55,2681163,Nitrits
before_2007,0006,0014,F004282,Maresme - 08230-0023,445803.01,4595510.56,1671298,Amoni
before_2007,0006,0014,F004282,Maresme - 08230-0023,445803.01,4595510.56,1692163,Nitrats
before_2007,0006,0014,F004282,Maresme - 08230-0023,445803.01,4595510.56,2681164,Nitrits
before_2007,0006,0014,F004284,Maresme - 08153-0001,446084,4600114,1671300,Amoni
before_2007,0006,0014,F004284,Maresme - 08153-0001,446084,4600114,1692165,Nitrats
before_2007,0006,0014,F004284,Maresme - 08153-0001,446084,4600114,2681166,Nitrits
before_2007,0006,0014,F004287,Maresme - 08197-0036,457353.07,4600397.48,1671303,Amoni
before_2007,0006,0014,F004287,Maresme - 08197-0036,457353.07,4600397.48,1692168,Nitrats
before_2007,0006,0014,F004287,Maresme - 08197-0036,457353.07,4600397.48,2681169,Nitrits
before_2007,0006,0014,F004288,Maresme - 08075-0019,450903.09,4604740.53,1671304,Amoni
before_2007,0006,0014,F004288,Maresme - 08075-0019,450903.09,4604740.53,1692169,Nitrats
before_2007,0006,0014,F004288,Maresme - 08075-0019,450903.09,4604740.53,2681170,Nitrits
before_2007,0006,0014,F004289,Maresme - 08197-0034,457095.07,4600754.48,1671305,Amoni
before_2007,0006,0014,F004289,Maresme - 08197-0034,457095.07,4600754.48,1692170,Nitrats
before_2007,0006,0014,F004289,Maresme - 08197-0034,457095.07,4600754.48,2681171,Nitrits
before_2007,0006,0014,F004291,Maresme - 08075-0009,451802.09,4605134.53,1671307,Amoni
before_2007,0006,0014,F004291,Maresme - 08075-0009,451802.09,4605134.53,1692172,Nitrats
before_2007,0006,0014,F004291,Maresme - 08075-0009,451802.09,4605134.53,2681173,Nitrits
before_2007,0006,0014,F004292,Maresme - 08153-0005,446280.05,4600657.56,1671308,Amoni
before_2007,0006,0014,F004292,Maresme - 08153-0005,446280.05,4600657.56,1692173,Nitrats
before_2007,0006,0014,F004292,Maresme - 08153-0005,446280.05,4600657.56,2681174,Nitrits
before_2007,0006,0014,F004293,Maresme - 08121-0116,451271.05,4599206.52,1671309,Amoni
before_2007,0006,0014,F004293,Maresme - 08121-0116,451271.05,4599206.52,1692174,Nitrats
before_2007,0006,0014,F004293,Maresme - 08121-0116,451271.05,4599206.52,2681175,Nitrits
before_2007,0006,0014,F004296,Maresme - 08282-0018,438923,4592617,1673270,Amoni
before_2007,0006,0014,F004296,Maresme - 08282-0018,438923,4592617,1694135,Nitrats
before_2007,0006,0014,F004296,Maresme - 08282-0018,438923,4592617,2683136,Nitrits
before_2007,0006,0014,F004297,Maresme - 08197-0050,456406.09,4603755.49,1671312,Amoni
before_2007,0006,0014,F004297,Maresme - 08197-0050,456406.09,4603755.49,1692177,Nitrats
before_2007,0006,0014,F004297,Maresme - 08197-0050,456406.09,4603755.49,2681178,Nitrits
before_2007,0006,0014,F004300,Maresme - 08203-0036,467086.14,4607455.41,1671315,Amoni
before_2007,0006,0014,F004300,Maresme - 08203-0036,467086.14,4607455.41,1692180,Nitrats
before_2007,0006,0014,F004300,Maresme - 08203-0036,467086.14,4607455.41,2681181,Nitrits
before_2007,0006,0014,F004301,Maresme - 08003-0021,441373.99,4593227.59,1671316,Amoni
before_2007,0006,0014,F004301,Maresme - 08003-0021,441373.99,4593227.59,1692181,Nitrats
before_2007,0006,0014,F004301,Maresme - 08003-0021,441373.99,4593227.59,2681182,Nitrits
before_2007,0006,0014,F004302,Maresme - 08075-0008,450407.09,4604734.54,1671317,Amoni
before_2007,0006,0014,F004302,Maresme - 08075-0008,450407.09,4604734.54,1692182,Nitrats
before_2007,0006,0014,F004302,Maresme - 08075-0008,450407.09,4604734.54,2681183,Nitrits
before_2007,0006,0014,F004304,Maresme - 08197-0033,458414.08,4601459.47,1671319,Amoni
before_2007,0006,0014,F004304,Maresme - 08197-0033,458414.08,4601459.47,1692184,Nitrats
before_2007,0006,0014,F004304,Maresme - 08197-0033,458414.08,4601459.47,2681185,Nitrits
before_2007,0006,0014,F004305,Maresme - 08230-0060,446816.01,4594515.55,1671320,Amoni
before_2007,0006,0014,F004305,Maresme - 08230-0060,446816.01,4594515.55,1692185,Nitrats
before_2007,0006,0014,F004305,Maresme - 08230-0060,446816.01,4594515.55,2681186,Nitrits
before_2007,0006,0014,F004308,Maresme - 08261-0014,475681.16,4608710.35,1671323,Amoni
before_2007,0006,0014,F004308,Maresme - 08261-0014,475681.16,4608710.35,1692188,Nitrats
before_2007,0006,0014,F004308,Maresme - 08261-0014,475681.16,4608710.35,2681189,Nitrits
before_2007,0006,0014,F004310,Maresme - 08235-0015,467765.12,4605554.41,1671325,Amoni
before_2007,0006,0014,F004310,Maresme - 08235-0015,467765.12,4605554.41,1692190,Nitrats
before_2007,0006,0014,F004310,Maresme - 08235-0015,467765.12,4605554.41,2681191,Nitrits
before_2007,0006,0014,F004316,Maresme - 08003-0022,441027.98,4592811.59,1671331,Amoni
before_2007,0006,0014,F004316,Maresme - 08003-0022,441027.98,4592811.59,1692196,Nitrats
before_2007,0006,0014,F004316,Maresme - 08003-0022,441027.98,4592811.59,2681197,Nitrits
before_2007,0006,0014,F004317,Maresme - 08219-0027,447806.01,4594915.54,1672838,Amoni
before_2007,0006,0014,F004317,Maresme - 08219-0027,447806.01,4594915.54,1693703,Nitrats
before_2007,0006,0014,F004317,Maresme - 08219-0027,447806.01,4594915.54,2682704,Nitrits
before_2007,0006,0014,F004321,Maresme - 08121-0106,453701.05,4599147.5,1671334,Amoni
before_2007,0006,0014,F004321,Maresme - 08121-0106,453701.05,4599147.5,1692199,Nitrats
before_2007,0006,0014,F004321,Maresme - 08121-0106,453701.05,4599147.5,2681200,Nitrits
before_2007,0006,0014,F004323,Maresme - 08219-0035,448776.02,4595845.53,1671336,Amoni
before_2007,0006,0014,F004323,Maresme - 08219-0035,448776.02,4595845.53,1692201,Nitrats
before_2007,0006,0014,F004323,Maresme - 08219-0035,448776.02,4595845.53,2681202,Nitrits
before_2007,0006,0014,F004325,Maresme - 08264-0034,460026.09,4603335.46,1671338,Amoni
before_2007,0006,0014,F004325,Maresme - 08264-0034,460026.09,4603335.46,1692203,Nitrats
before_2007,0006,0014,F004325,Maresme - 08264-0034,460026.09,4603335.46,2681204,Nitrits
before_2007,0006,0014,F004327,Maresme - 08219-0025,447815,4594140,1671340,Amoni
before_2007,0006,0014,F004327,Maresme - 08219-0025,447815,4594140,1692205,Nitrats
before_2007,0006,0014,F004327,Maresme - 08219-0025,447815,4594140,2681206,Nitrits
before_2007,0006,0014,F004328,Maresme - 08118-0016,442059.99,4593334.58,1671341,Amoni
before_2007,0006,0014,F004328,Maresme - 08118-0016,442059.99,4593334.58,1692206,Nitrats
before_2007,0006,0014,F004328,Maresme - 08118-0016,442059.99,4593334.58,2681207,Nitrits
before_2007,0006,0014,F004329,Maresme - 08261-0025,476516.16,4609145.34,1671342,Amoni
before_2007,0006,0014,F004329,Maresme - 08261-0025,476516.16,4609145.34,1692207,Nitrats
before_2007,0006,0014,F004329,Maresme - 08261-0025,476516.16,4609145.34,2681208,Nitrits
before_2007,0006,0014,F004330,Maresme - 08193-0017,463816.14,4608225.44,1672839,Amoni
before_2007,0006,0014,F004330,Maresme - 08193-0017,463816.14,4608225.44,1693704,Nitrats
before_2007,0006,0014,F004330,Maresme - 08193-0017,463816.14,4608225.44,2682705,Nitrits
before_2007,0006,0014,F004332,Maresme - 08009-0028,450031.06,4600546.53,1671344,Amoni
before_2007,0006,0014,F004332,Maresme - 08009-0028,450031.06,4600546.53,1692209,Nitrats
before_2007,0006,0014,F004332,Maresme - 08009-0028,450031.06,4600546.53,2681210,Nitrits
before_2007,0006,0014,F004333,Maresme - 08009-0039,450061.06,4601211.53,1671345,Amoni
before_2007,0006,0014,F004333,Maresme - 08009-0039,450061.06,4601211.53,1692210,Nitrats
before_2007,0006,0014,F004333,Maresme - 08009-0039,450061.06,4601211.53,2681211,Nitrits
before_2007,0006,0014,F004334,Maresme - 08193-0012,462706.15,4609795.45,1671346,Amoni
before_2007,0006,0014,F004334,Maresme - 08193-0012,462706.15,4609795.45,1692211,Nitrats
before_2007,0006,0014,F004334,Maresme - 08193-0012,462706.15,4609795.45,2681212,Nitrits
before_2007,0006,0014,F004338,Maresme - 08264-0019,459486.08,4601722.46,1671350,Amoni
before_2007,0006,0014,F004338,Maresme - 08264-0019,459486.08,4601722.46,1692215,Nitrats
before_2007,0006,0014,F004338,Maresme - 08264-0019,459486.08,4601722.46,2681216,Nitrits
before_2007,0006,0014,F004340,Maresme - 08035-0015,471081.15,4607995.38,1671351,Amoni
before_2007,0006,0014,F004340,Maresme - 08035-0015,471081.15,4607995.38,1692216,Nitrats
before_2007,0006,0014,F004340,Maresme - 08035-0015,471081.15,4607995.38,2681217,Nitrits
before_2007,0006,0014,F004342,Maresme - 08040-0017,464032.11,4605044.43,1671352,Amoni
before_2007,0006,0014,F004342,Maresme - 08040-0017,464032.11,4605044.43,1692217,Nitrats
before_2007,0006,0014,F004342,Maresme - 08040-0017,464032.11,4605044.43,2681218,Nitrits
before_2007,0006,0014,F004343,Maresme - 08007-0064,461875.11,4604511.45,1671353,Amoni
before_2007,0006,0014,F004343,Maresme - 08007-0064,461875.11,4604511.45,1692218,Nitrats
before_2007,0006,0014,F004343,Maresme - 08007-0064,461875.11,4604511.45,2681219,Nitrits
before_2007,0006,0014,F004344,Maresme - 08007-0053,460678.12,4607196.46,1671354,Amoni
before_2007,0006,0014,F004344,Maresme - 08007-0053,460678.12,4607196.46,1692219,Nitrats
before_2007,0006,0014,F004344,Maresme - 08007-0053,460678.12,4607196.46,2681220,Nitrits
before_2007,0006,0014,F004345,Maresme - 08007-0068,460441.12,4607210.46,1671355,Amoni
before_2007,0006,0014,F004345,Maresme - 08007-0068,460441.12,4607210.46,1692220,Nitrats
before_2007,0006,0014,F004345,Maresme - 08007-0068,460441.12,4607210.46,2681221,Nitrits
before_2007,0006,0014,F004346,Maresme - 08264-0025,459336,4601709,1671356,Amoni
before_2007,0006,0014,F004346,Maresme - 08264-0025,459336,4601709,1692221,Nitrats
before_2007,0006,0014,F004346,Maresme - 08264-0025,459336,4601709,2681222,Nitrits
before_2007,0006,0014,F004354,Maresme - 08219-0005,449206.01,4595107.53,1671364,Amoni
before_2007,0006,0014,F004354,Maresme - 08219-0005,449206.01,4595107.53,1692229,Nitrats
before_2007,0006,0014,F004354,Maresme - 08219-0005,449206.01,4595107.53,2681230,Nitrits
before_2007,0006,0014,F004356,Maresme - 08009-0030,449442.07,4601950.54,1671366,Amoni
before_2007,0006,0014,F004356,Maresme - 08009-0030,449442.07,4601950.54,1692231,Nitrats
before_2007,0006,0014,F004356,Maresme - 08009-0030,449442.07,4601950.54,2681232,Nitrits
before_2007,0006,0014,F004358,Maresme - 08009-0040,449432.07,4601950.54,1671368,Amoni
before_2007,0006,0014,F004358,Maresme - 08009-0040,449432.07,4601950.54,1692233,Nitrats
before_2007,0006,0014,F004358,Maresme - 08009-0040,449432.07,4601950.54,2681234,Nitrits
before_2007,0006,0014,F004369,Carme-Capellades - 08028-0002,390332,4596935,1671378,Amoni
before_2007,0006,0014,F004369,Carme-Capellades - 08028-0002,390332,4596935,1692243,Nitrats
before_2007,0006,0014,F004369,Carme-Capellades - 08028-0002,390332,4596935,2681244,Nitrits
before_2007,0006,0014,F004379,Detrític neogen del Penedès - 08288-0005,379289.82,4583537.04,1671388,Amoni
before_2007,0006,0014,F004379,Detrític neogen del Penedès - 08288-0005,379289.82,4583537.04,1692253,Nitrats
before_2007,0006,0014,F004379,Detrític neogen del Penedès - 08288-0005,379289.82,4583537.04,2681254,Nitrits
before_2007,0006,0014,F004383,Carme-Capellades - 08104-0002,376851,4592883,1671392,Amoni
before_2007,0006,0014,F004383,Carme-Capellades - 08104-0002,376851,4592883,1692257,Nitrats
before_2007,0006,0014,F004383,Carme-Capellades - 08104-0002,376851,4592883,2681258,Nitrits
before_2007,0006,0014,F004388,Carme-Capellades - 08152-0007,380884,4597636,1671396,Amoni
before_2007,0006,0014,F004388,Carme-Capellades - 08152-0007,380884,4597636,1692261,Nitrats
before_2007,0006,0014,F004388,Carme-Capellades - 08152-0007,380884,4597636,2681262,Nitrits
before_2007,0006,0014,F004389,Calcàries de l'Alt Foix-Gaià - 08168-0004,375164,4586748,1671397,Amoni
before_2007,0006,0014,F004389,Calcàries de l'Alt Foix-Gaià - 08168-0004,375164,4586748,1692262,Nitrats
before_2007,0006,0014,F004389,Calcàries de l'Alt Foix-Gaià - 08168-0004,375164,4586748,2681263,Nitrits
before_2007,0006,0014,F004391,Carme-Capellades - 08122-0014,383838.6,4593006,1671399,Amoni
before_2007,0006,0014,F004391,Carme-Capellades - 08122-0014,383838.6,4593006,1692264,Nitrats
before_2007,0006,0014,F004391,Carme-Capellades - 08122-0014,383838.6,4593006,2681265,Nitrits
before_2007,0006,0014,F004395,Carme-Capellades - 08236-0003,387646.89,4591234.99,1671403,Amoni
before_2007,0006,0014,F004395,Carme-Capellades - 08236-0003,387646.89,4591234.99,1692268,Nitrats
before_2007,0006,0014,F004395,Carme-Capellades - 08236-0003,387646.89,4591234.99,2681269,Nitrits
before_2007,0006,0014,F004400,Carme-Capellades - 08286-0013,388287,4598460,1671408,Amoni
before_2007,0006,0014,F004400,Carme-Capellades - 08286-0013,388287,4598460,1692273,Nitrats
before_2007,0006,0014,F004400,Carme-Capellades - 08286-0013,388287,4598460,2681274,Nitrits
before_2007,0006,0014,F004402,Carme-Capellades - 08104-0013,376860.89,4592881.08,1671410,Amoni
before_2007,0006,0014,F004402,Carme-Capellades - 08104-0013,376860.89,4592881.08,1692275,Nitrats
before_2007,0006,0014,F004402,Carme-Capellades - 08104-0013,376860.89,4592881.08,2681276,Nitrits
before_2007,0006,0014,F004420,Detrític neogen del Penedès - 08287-0023,393594.89,4589971.94,1671425,Amoni
before_2007,0006,0014,F004420,Detrític neogen del Penedès - 08287-0023,393594.89,4589971.94,1692290,Nitrats
before_2007,0006,0014,F004420,Detrític neogen del Penedès - 08287-0023,393594.89,4589971.94,2681291,Nitrits
before_2007,0006,0014,F004424,Sorres de Santa Oliva - 43020-0059,380588.72,4569971.01,1667256,Fosfats
before_2007,0006,0014,F004424,Sorres de Santa Oliva - 43020-0059,380588.72,4569971.01,1671429,Amoni
before_2007,0006,0014,F004424,Sorres de Santa Oliva - 43020-0059,380588.72,4569971.01,1692294,Nitrats
before_2007,0006,0014,F004424,Sorres de Santa Oliva - 43020-0059,380588.72,4569971.01,2681295,Nitrits
before_2007,0006,0014,F004428,Sorres de Santa Oliva - 43020-0069,379046.71,4569719.02,1669103,Fosfats
before_2007,0006,0014,F004428,Sorres de Santa Oliva - 43020-0069,379046.71,4569719.02,1673276,Amoni
before_2007,0006,0014,F004428,Sorres de Santa Oliva - 43020-0069,379046.71,4569719.02,1694141,Nitrats
before_2007,0006,0014,F004428,Sorres de Santa Oliva - 43020-0069,379046.71,4569719.02,2683142,Nitrits
before_2007,0006,0014,F004429,Sorres de Santa Oliva - 43020-0054,380305.72,4569886.01,1671917,Amoni
before_2007,0006,0014,F004429,Sorres de Santa Oliva - 43020-0054,380305.72,4569886.01,1692782,Nitrats
before_2007,0006,0014,F004429,Sorres de Santa Oliva - 43020-0054,380305.72,4569886.01,2681783,Nitrits
before_2007,0006,0014,F004430,Sorres de Santa Oliva - 43020-0052,380645.72,4569921.01,1671918,Amoni
before_2007,0006,0014,F004430,Sorres de Santa Oliva - 43020-0052,380645.72,4569921.01,1692783,Nitrats
before_2007,0006,0014,F004430,Sorres de Santa Oliva - 43020-0052,380645.72,4569921.01,2681784,Nitrits
before_2007,0006,0014,F004431,Garraf - 43024-0035,380415.69,4566301.51,1667746,Fosfats
before_2007,0006,0014,F004431,Garraf - 43024-0035,380415.69,4566301.51,1671919,Amoni
before_2007,0006,0014,F004431,Garraf - 43024-0035,380415.69,4566301.51,1692784,Nitrats
before_2007,0006,0014,F004431,Garraf - 43024-0035,380415.69,4566301.51,2681785,Nitrits
before_2007,0006,0014,F004432,Sorres de Santa Oliva - 43024-0069,380425.69,4566396.01,1667747,Fosfats
before_2007,0006,0014,F004432,Sorres de Santa Oliva - 43024-0069,380425.69,4566396.01,1671920,Amoni
before_2007,0006,0014,F004432,Sorres de Santa Oliva - 43024-0069,380425.69,4566396.01,1692785,Nitrats
before_2007,0006,0014,F004432,Sorres de Santa Oliva - 43024-0069,380425.69,4566396.01,2681786,Nitrits
before_2007,0006,0014,F004435,Sorres de Santa Oliva - 43028-0029,373113,4571100,1667750,Fosfats
before_2007,0006,0014,F004435,Sorres de Santa Oliva - 43028-0029,373113,4571100,1671923,Amoni
before_2007,0006,0014,F004435,Sorres de Santa Oliva - 43028-0029,373113,4571100,1692788,Nitrats
before_2007,0006,0014,F004435,Sorres de Santa Oliva - 43028-0029,373113,4571100,2681789,Nitrits
before_2007,0006,0014,F004436,Sorres de Santa Oliva - 43074-0052,378655.73,4571496.03,1671924,Amoni
before_2007,0006,0014,F004436,Sorres de Santa Oliva - 43074-0052,378655.73,4571496.03,1692789,Nitrats
before_2007,0006,0014,F004436,Sorres de Santa Oliva - 43074-0052,378655.73,4571496.03,2681790,Nitrits
before_2007,0006,0014,F004437,Sorres de Santa Oliva - 43074-0056,378338.73,4571725.03,1667752,Fosfats
before_2007,0006,0014,F004437,Sorres de Santa Oliva - 43074-0056,378338.73,4571725.03,1671925,Amoni
before_2007,0006,0014,F004437,Sorres de Santa Oliva - 43074-0056,378338.73,4571725.03,1692790,Nitrats
before_2007,0006,0014,F004437,Sorres de Santa Oliva - 43074-0056,378338.73,4571725.03,2681791,Nitrits
before_2007,0006,0014,F004439,Sorres de Santa Oliva - 43020-0065,380816.72,4570449.01,1667754,Fosfats
before_2007,0006,0014,F004439,Sorres de Santa Oliva - 43020-0065,380816.72,4570449.01,1671927,Amoni
before_2007,0006,0014,F004439,Sorres de Santa Oliva - 43020-0065,380816.72,4570449.01,1692792,Nitrats
before_2007,0006,0014,F004439,Sorres de Santa Oliva - 43020-0065,380816.72,4570449.01,2681793,Nitrits
before_2007,0006,0014,F004441,Detrític neogen del Penedès - 08058-0024,383227.1,4572034.9,1673277,Amoni
before_2007,0006,0014,F004441,Detrític neogen del Penedès - 08058-0024,383227.1,4572034.9,1694142,Nitrats
before_2007,0006,0014,F004441,Detrític neogen del Penedès - 08058-0024,383227.1,4572034.9,2683143,Nitrits
before_2007,0006,0014,F004443,Detrític neogen del Penedès - 08066-0008,408094.92,4590788.84,1671930,Amoni
before_2007,0006,0014,F004443,Detrític neogen del Penedès - 08066-0008,408094.92,4590788.84,1692795,Nitrats
before_2007,0006,0014,F004443,Detrític neogen del Penedès - 08066-0008,408094.92,4590788.84,2681796,Nitrits
before_2007,0006,0014,F004452,Detrític neogen del Penedès - 08236-0004,390106.53,4590448.68,1671939,Amoni
before_2007,0006,0014,F004452,Detrític neogen del Penedès - 08236-0004,390106.53,4590448.68,1692804,Nitrats
before_2007,0006,0014,F004452,Detrític neogen del Penedès - 08236-0004,390106.53,4590448.68,2681805,Nitrits
before_2007,0006,0014,F004458,Detrític neogen del Penedès - 08161-0008,395911.62,4590789.6,1671945,Amoni
before_2007,0006,0014,F004458,Detrític neogen del Penedès - 08161-0008,395911.62,4590789.6,1692810,Nitrats
before_2007,0006,0014,F004458,Detrític neogen del Penedès - 08161-0008,395911.62,4590789.6,2681811,Nitrits
before_2007,0006,0014,F004465,Sorres de Santa Oliva - 43020-0056,379075.7,4568264.02,1667778,Fosfats
before_2007,0006,0014,F004465,Sorres de Santa Oliva - 43020-0056,379075.7,4568264.02,1671951,Amoni
before_2007,0006,0014,F004465,Sorres de Santa Oliva - 43020-0056,379075.7,4568264.02,1692816,Nitrats
before_2007,0006,0014,F004465,Sorres de Santa Oliva - 43020-0056,379075.7,4568264.02,2681817,Nitrits
before_2007,0006,0014,F004497,Sorres de Santa Oliva - 43140-0078,376211.71,4569384.04,1667807,Fosfats
before_2007,0006,0014,F004497,Sorres de Santa Oliva - 43140-0078,376211.71,4569384.04,1671980,Amoni
before_2007,0006,0014,F004497,Sorres de Santa Oliva - 43140-0078,376211.71,4569384.04,1692845,Nitrats
before_2007,0006,0014,F004497,Sorres de Santa Oliva - 43140-0078,376211.71,4569384.04,2681846,Nitrits
before_2007,0006,0014,F004501,Sorres de Santa Oliva - 43020-0074,378674.71,4569446.03,1667811,Fosfats
before_2007,0006,0014,F004501,Sorres de Santa Oliva - 43020-0074,378674.71,4569446.03,1671984,Amoni
before_2007,0006,0014,F004501,Sorres de Santa Oliva - 43020-0074,378674.71,4569446.03,1692849,Nitrats
before_2007,0006,0014,F004501,Sorres de Santa Oliva - 43020-0074,378674.71,4569446.03,2681850,Nitrits
before_2007,0006,0014,F004546,Sorres de Santa Oliva - 43020-0073,381055.72,4570546.01,1672025,Amoni
before_2007,0006,0014,F004546,Sorres de Santa Oliva - 43020-0073,381055.72,4570546.01,1692890,Nitrats
before_2007,0006,0014,F004546,Sorres de Santa Oliva - 43020-0073,381055.72,4570546.01,2681891,Nitrits
before_2007,0006,0014,F004607,Garraf - 43140-0065,378905,4566450,1672080,Amoni
before_2007,0006,0014,F004607,Garraf - 43140-0065,378905,4566450,1692945,Nitrats
before_2007,0006,0014,F004607,Garraf - 43140-0065,378905,4566450,2681946,Nitrits
before_2007,0006,0014,F004640,Sorres de Santa Oliva - 43074-0063,378170.73,4572061.03,1672112,Amoni
before_2007,0006,0014,F004640,Sorres de Santa Oliva - 43074-0063,378170.73,4572061.03,1692977,Nitrats
before_2007,0006,0014,F004640,Sorres de Santa Oliva - 43074-0063,378170.73,4572061.03,2681978,Nitrits
before_2007,0006,0014,F004667,Bloc del Gaià-Bonastre - 43028-0021,371230.72,4571571.09,1672136,Amoni
before_2007,0006,0014,F004667,Bloc del Gaià-Bonastre - 43028-0021,371230.72,4571571.09,1693001,Nitrats
before_2007,0006,0014,F004667,Bloc del Gaià-Bonastre - 43028-0021,371230.72,4571571.09,2682002,Nitrits
before_2007,0006,0014,F004673,Garraf - 08231-0023,397205.72,4566895.88,1672142,Amoni
before_2007,0006,0014,F004673,Garraf - 08231-0023,397205.72,4566895.88,1693007,Nitrats
before_2007,0006,0014,F004673,Garraf - 08231-0023,397205.72,4566895.88,2682008,Nitrits
before_2007,0006,0014,F004694,Bloc del Gaià-Bonastre - 08154-0004,388648.8,4578847.96,1672162,Amoni
before_2007,0006,0014,F004694,Bloc del Gaià-Bonastre - 08154-0004,388648.8,4578847.96,1693027,Nitrats
before_2007,0006,0014,F004694,Bloc del Gaià-Bonastre - 08154-0004,388648.8,4578847.96,2682028,Nitrits
before_2007,0006,0014,F004707,Garraf - 08270-0020,404613.7,4566791.8,1672174,Amoni
before_2007,0006,0014,F004707,Garraf - 08270-0020,404613.7,4566791.8,1693039,Nitrats
before_2007,0006,0014,F004707,Garraf - 08270-0020,404613.7,4566791.8,2682040,Nitrits
before_2007,0006,0014,F004719,Bloc del Gaià-Bonastre - 08227-0012,384950.81,4580961,1672186,Amoni
before_2007,0006,0014,F004719,Bloc del Gaià-Bonastre - 08227-0012,384950.81,4580961,1693051,Nitrats
before_2007,0006,0014,F004719,Bloc del Gaià-Bonastre - 08227-0012,384950.81,4580961,2682052,Nitrits
before_2007,0006,0014,F004731,Bloc del Gaià-Bonastre - 43122-0015,360413,4564191,1672851,Amoni
before_2007,0006,0014,F004731,Bloc del Gaià-Bonastre - 43122-0015,360413,4564191,1693716,Nitrats
before_2007,0006,0014,F004731,Bloc del Gaià-Bonastre - 43122-0015,360413,4564191,2682717,Nitrits
before_2007,0006,0014,F004773,Bloc del Gaià-Bonastre - 43050-0004,367465.63,4561595.1,3047101,Nitrits
before_2007,0006,0014,F004773,Bloc del Gaià-Bonastre - 43050-0004,367465.63,4561595.1,3047102,Nitrats
before_2007,0006,0014,F004773,Bloc del Gaià-Bonastre - 43050-0004,367465.63,4561595.1,3047125,Amoni
before_2007,0006,0014,F004811,Bloc del Gaià-Bonastre - 43135-0003,361810.65,4565121.15,1671715,Amoni
before_2007,0006,0014,F004811,Bloc del Gaià-Bonastre - 43135-0003,361810.65,4565121.15,1692580,Nitrats
before_2007,0006,0014,F004811,Bloc del Gaià-Bonastre - 43135-0003,361810.65,4565121.15,2681581,Nitrits
before_2007,0006,0014,F004816,Bloc del Gaià-Bonastre - 43079-0005,369133.69,4568345.1,1671719,Amoni
before_2007,0006,0014,F004816,Bloc del Gaià-Bonastre - 43079-0005,369133.69,4568345.1,1692584,Nitrats
before_2007,0006,0014,F004816,Bloc del Gaià-Bonastre - 43079-0005,369133.69,4568345.1,2681585,Nitrits
before_2007,0006,0014,F004827,Bloc del Gaià-Bonastre - 43030-0020,369571,4563257,1671730,Amoni
before_2007,0006,0014,F004827,Bloc del Gaià-Bonastre - 43030-0020,369571,4563257,1692595,Nitrats
before_2007,0006,0014,F004827,Bloc del Gaià-Bonastre - 43030-0020,369571,4563257,2681596,Nitrits
before_2007,0006,0014,F004853,Baix Camp - 43129-0135,336074,4556206,1671755,Amoni
before_2007,0006,0014,F004853,Baix Camp - 43129-0135,336074,4556206,1692620,Nitrats
before_2007,0006,0014,F004853,Baix Camp - 43129-0135,336074,4556206,2681621,Nitrits
before_2007,0006,0014,F004857,Alt Camp - 43098-0022,356126,4567746,1671758,Amoni
before_2007,0006,0014,F004857,Alt Camp - 43098-0022,356126,4567746,1692623,Nitrats
before_2007,0006,0014,F004857,Alt Camp - 43098-0022,356126,4567746,2681624,Nitrits
before_2007,0006,0014,F004858,Calcàries de l'Alt Foix-Gaià - 43113-0004,363335.79,4582916.16,1671759,Amoni
before_2007,0006,0014,F004858,Calcàries de l'Alt Foix-Gaià - 43113-0004,363335.79,4582916.16,1692624,Nitrats
before_2007,0006,0014,F004858,Calcàries de l'Alt Foix-Gaià - 43113-0004,363335.79,4582916.16,2681625,Nitrits
before_2007,0006,0014,F004879,Bloc del Gaià-Bonastre - 43137-0031,378003.75,4575059.04,1671778,Amoni
before_2007,0006,0014,F004879,Bloc del Gaià-Bonastre - 43137-0031,378003.75,4575059.04,1692643,Nitrats
before_2007,0006,0014,F004879,Bloc del Gaià-Bonastre - 43137-0031,378003.75,4575059.04,2681644,Nitrits
before_2007,0006,0014,F004894,Baix Camp - 43005-0083,348972.67,4569830.25,1671792,Amoni
before_2007,0006,0014,F004894,Baix Camp - 43005-0083,348972.67,4569830.25,1692657,Nitrats
before_2007,0006,0014,F004894,Baix Camp - 43005-0083,348972.67,4569830.25,2681658,Nitrits
before_2007,0006,0014,F004899,Cadí-Port del Comte - 25185-0008,365209.24,4682104.1,1671796,Amoni
before_2007,0006,0014,F004899,Cadí-Port del Comte - 25185-0008,365209.24,4682104.1,1692661,Nitrats
before_2007,0006,0014,F004899,Cadí-Port del Comte - 25185-0008,365209.24,4682104.1,2681662,Nitrits
before_2007,0006,0014,F004905,Llaberia - Prades meridional - 43031-0006,332452,4561160,1671802,Amoni
before_2007,0006,0014,F004905,Llaberia - Prades meridional - 43031-0006,332452,4561160,1692667,Nitrats
before_2007,0006,0014,F004905,Llaberia - Prades meridional - 43031-0006,332452,4561160,2681668,Nitrits
before_2007,0006,0014,F004918,Baix Camp - 43047-0030,347173.58,4558266.25,1671814,Amoni
before_2007,0006,0014,F004918,Baix Camp - 43047-0030,347173.58,4558266.25,1692679,Nitrats
before_2007,0006,0014,F004918,Baix Camp - 43047-0030,347173.58,4558266.25,2681680,Nitrits
before_2007,0006,0014,F004934,Baix Francolí - 43171-0055,347117,4550454,1671829,Amoni
before_2007,0006,0014,F004934,Baix Francolí - 43171-0055,347117,4550454,1692694,Nitrats
before_2007,0006,0014,F004934,Baix Francolí - 43171-0055,347117,4550454,2681695,Nitrits
before_2007,0006,0014,F004938,Baix Camp - 43145-0017,343939,4563462,1671833,Amoni
before_2007,0006,0014,F004938,Baix Camp - 43145-0017,343939,4563462,1692698,Nitrats
before_2007,0006,0014,F004938,Baix Camp - 43145-0017,343939,4563462,2681699,Nitrits
before_2007,0006,0014,F004939,Baix Camp - 43145-0026,346422.6,4561850.26,1671834,Amoni
before_2007,0006,0014,F004939,Baix Camp - 43145-0026,346422.6,4561850.26,1692699,Nitrats
before_2007,0006,0014,F004939,Baix Camp - 43145-0026,346422.6,4561850.26,2681700,Nitrits
before_2007,0006,0014,F004940,Baix Camp - 43005-0084,346651.64,4566747.26,1671835,Amoni
before_2007,0006,0014,F004940,Baix Camp - 43005-0084,346651.64,4566747.26,1692700,Nitrats
before_2007,0006,0014,F004940,Baix Camp - 43005-0084,346651.64,4566747.26,2681701,Nitrits
before_2007,0006,0014,F004941,Baix Camp - 43161-0148,351040.66,4568531.23,1671836,Amoni
before_2007,0006,0014,F004941,Baix Camp - 43161-0148,351040.66,4568531.23,1692701,Nitrats
before_2007,0006,0014,F004941,Baix Camp - 43161-0148,351040.66,4568531.23,2681702,Nitrits
before_2007,0006,0014,F004942,Baix Camp - 43005-0067,347866.65,4568051.26,1671837,Amoni
before_2007,0006,0014,F004942,Baix Camp - 43005-0067,347866.65,4568051.26,1692702,Nitrats
before_2007,0006,0014,F004942,Baix Camp - 43005-0067,347866.65,4568051.26,2681703,Nitrits
before_2007,0006,0014,F004944,Alt Camp - 43161-0137,355705,4573692,1671839,Amoni
before_2007,0006,0014,F004944,Alt Camp - 43161-0137,355705,4573692,1692704,Nitrats
before_2007,0006,0014,F004944,Alt Camp - 43161-0137,355705,4573692,2681705,Nitrits
before_2007,0006,0014,F004945,Alt Camp - 43160-0042,353956,4568656,1671840,Amoni
before_2007,0006,0014,F004945,Alt Camp - 43160-0042,353956,4568656,1692705,Nitrats
before_2007,0006,0014,F004945,Alt Camp - 43160-0042,353956,4568656,2681706,Nitrits
before_2007,0006,0014,F004947,Alt Camp - 43160-0048,353215.66,4567521.22,1671841,Amoni
before_2007,0006,0014,F004947,Alt Camp - 43160-0048,353215.66,4567521.22,1692706,Nitrats
before_2007,0006,0014,F004947,Alt Camp - 43160-0048,353215.66,4567521.22,2681707,Nitrits
before_2007,0006,0014,F004952,Alt Camp - 43161-0178,354856,4575176,1671845,Amoni
before_2007,0006,0014,F004952,Alt Camp - 43161-0178,354856,4575176,1692710,Nitrats
before_2007,0006,0014,F004952,Alt Camp - 43161-0178,354856,4575176,2681711,Nitrits
before_2007,0006,0014,F004955,Alt Camp - 43161-0145,353850,4572752,1671848,Amoni
before_2007,0006,0014,F004955,Alt Camp - 43161-0145,353850,4572752,1692713,Nitrats
before_2007,0006,0014,F004955,Alt Camp - 43161-0145,353850,4572752,2681714,Nitrits
before_2007,0006,0014,F004956,Alt Camp - 43161-0129,353641,4572682,1671849,Amoni
before_2007,0006,0014,F004956,Alt Camp - 43161-0129,353641,4572682,1692714,Nitrats
before_2007,0006,0014,F004956,Alt Camp - 43161-0129,353641,4572682,2681715,Nitrits
before_2007,0006,0014,F004959,Baix Camp - 43007-0110,336321,4560703,1671851,Amoni
before_2007,0006,0014,F004959,Baix Camp - 43007-0110,336321,4560703,1692716,Nitrats
before_2007,0006,0014,F004959,Baix Camp - 43007-0110,336321,4560703,2681717,Nitrits
before_2007,0006,0014,F004972,Alt Camp - 43161-0136,355482,4573110,1671862,Amoni
before_2007,0006,0014,F004972,Alt Camp - 43161-0136,355482,4573110,1692727,Nitrats
before_2007,0006,0014,F004972,Alt Camp - 43161-0136,355482,4573110,2681728,Nitrits
before_2007,0006,0014,F004973,Baix Camp - 43095-0012,349530.61,4561646.23,1671863,Amoni
before_2007,0006,0014,F004973,Baix Camp - 43095-0012,349530.61,4561646.23,1692728,Nitrats
before_2007,0006,0014,F004973,Baix Camp - 43095-0012,349530.61,4561646.23,2681729,Nitrits
before_2007,0006,0014,F004978,Alt Camp - 43108-0043,358026,4581526,1671867,Amoni
before_2007,0006,0014,F004978,Alt Camp - 43108-0043,358026,4581526,1692732,Nitrats
before_2007,0006,0014,F004978,Alt Camp - 43108-0043,358026,4581526,2681733,Nitrits
before_2007,0006,0014,F004981,Baix Camp - 43092-0136,328505,4550646,1671870,Amoni
before_2007,0006,0014,F004981,Baix Camp - 43092-0136,328505,4550646,1692735,Nitrats
before_2007,0006,0014,F004981,Baix Camp - 43092-0136,328505,4550646,2681736,Nitrits
before_2007,0006,0014,F004984,Baix Camp - 43092-0137,329561,4548457,1671873,Amoni
before_2007,0006,0014,F004984,Baix Camp - 43092-0137,329561,4548457,1692738,Nitrats
before_2007,0006,0014,F004984,Baix Camp - 43092-0137,329561,4548457,2681739,Nitrits
before_2007,0006,0014,F004985,Baix Camp - 43092-0128,332105,4546190,1671874,Amoni
before_2007,0006,0014,F004985,Baix Camp - 43092-0128,332105,4546190,1692739,Nitrats
before_2007,0006,0014,F004985,Baix Camp - 43092-0128,332105,4546190,2681740,Nitrits
before_2007,0006,0014,F004986,Alt Camp - 43160-0047,353505.66,4568046.21,1671875,Amoni
before_2007,0006,0014,F004986,Alt Camp - 43160-0047,353505.66,4568046.21,1692740,Nitrats
before_2007,0006,0014,F004986,Alt Camp - 43160-0047,353505.66,4568046.21,2681741,Nitrits
before_2007,0006,0014,F004995,Baix Francolí - 43148-0006,350321,4552467,1671884,Amoni
before_2007,0006,0014,F004995,Baix Francolí - 43148-0006,350321,4552467,1692749,Nitrats
before_2007,0006,0014,F004995,Baix Francolí - 43148-0006,350321,4552467,2681750,Nitrits
before_2007,0006,0014,F005005,Bloc del Gaià-Bonastre - 43137-0009,376395.93,4572782.75,1671893,Amoni
before_2007,0006,0014,F005005,Bloc del Gaià-Bonastre - 43137-0009,376395.93,4572782.75,1692758,Nitrats
before_2007,0006,0014,F005005,Bloc del Gaià-Bonastre - 43137-0009,376395.93,4572782.75,2681759,Nitrits
before_2007,0006,0014,F005006,Baix Gaià - 43103-0020,353899,4561532,1671894,Amoni
before_2007,0006,0014,F005006,Baix Gaià - 43103-0020,353899,4561532,1692759,Nitrats
before_2007,0006,0014,F005006,Baix Gaià - 43103-0020,353899,4561532,2681760,Nitrits
before_2007,0006,0014,F005007,Baix Camp - 43109-0015,349068.6,4561284.24,1671895,Amoni
before_2007,0006,0014,F005007,Baix Camp - 43109-0015,349068.6,4561284.24,1692760,Nitrats
before_2007,0006,0014,F005007,Baix Camp - 43109-0015,349068.6,4561284.24,2681761,Nitrits
before_2007,0006,0014,F005009,Alt Camp - 43066-0002,352959.62,4563350.21,1671897,Amoni
before_2007,0006,0014,F005009,Alt Camp - 43066-0002,352959.62,4563350.21,1692762,Nitrats
before_2007,0006,0014,F005009,Alt Camp - 43066-0002,352959.62,4563350.21,2681763,Nitrits
before_2007,0006,0014,F005010,Baix Gaià - 43144-0005,355739,4561497,1671898,Amoni
before_2007,0006,0014,F005010,Baix Gaià - 43144-0005,355739,4561497,1692763,Nitrats
before_2007,0006,0014,F005010,Baix Gaià - 43144-0005,355739,4561497,2681764,Nitrits
before_2007,0006,0014,F005011,Sorres de Santa Oliva - 43137-0007,378882.74,4573244.03,1671899,Amoni
before_2007,0006,0014,F005011,Sorres de Santa Oliva - 43137-0007,378882.74,4573244.03,1692764,Nitrats
before_2007,0006,0014,F005011,Sorres de Santa Oliva - 43137-0007,378882.74,4573244.03,2681765,Nitrits
before_2007,0006,0014,F005013,Alt Camp - 43010-0016,357904.71,4573906.19,1671901,Amoni
before_2007,0006,0014,F005013,Alt Camp - 43010-0016,357904.71,4573906.19,1692766,Nitrats
before_2007,0006,0014,F005013,Alt Camp - 43010-0016,357904.71,4573906.19,2681767,Nitrits
before_2007,0006,0014,F005015,Baix Camp - 43092-0142,328723,4544392,1671903,Amoni
before_2007,0006,0014,F005015,Baix Camp - 43092-0142,328723,4544392,1692768,Nitrats
before_2007,0006,0014,F005015,Baix Camp - 43092-0142,328723,4544392,2681769,Nitrits
before_2007,0006,0014,F005021,Baix Camp - 43145-0105,347013.62,4564125.26,1671908,Amoni
before_2007,0006,0014,F005021,Baix Camp - 43145-0105,347013.62,4564125.26,1692773,Nitrats
before_2007,0006,0014,F005021,Baix Camp - 43145-0105,347013.62,4564125.26,2681774,Nitrits
before_2007,0006,0014,F005022,Baix Camp - 43038-0016,333471,4552337,1671909,Amoni
before_2007,0006,0014,F005022,Baix Camp - 43038-0016,333471,4552337,1692774,Nitrats
before_2007,0006,0014,F005022,Baix Camp - 43038-0016,333471,4552337,2681775,Nitrits
before_2007,0006,0014,F005024,Alt Camp - 43160-0038,353330,4568915,1671911,Amoni
before_2007,0006,0014,F005024,Alt Camp - 43160-0038,353330,4568915,1692776,Nitrats
before_2007,0006,0014,F005024,Alt Camp - 43160-0038,353330,4568915,2681777,Nitrits
before_2007,0006,0014,F005025,Alt Camp - 43160-0037,353328,4568915.22,1671912,Amoni
before_2007,0006,0014,F005025,Alt Camp - 43160-0037,353328,4568915.22,1692777,Nitrats
before_2007,0006,0014,F005025,Alt Camp - 43160-0037,353328,4568915.22,2681778,Nitrits
before_2007,0006,0014,F005038,Baix Camp - 43007-0107,337602,4561055,1672546,Amoni
before_2007,0006,0014,F005038,Baix Camp - 43007-0107,337602,4561055,1693411,Nitrats
before_2007,0006,0014,F005038,Baix Camp - 43007-0107,337602,4561055,2682412,Nitrits
before_2007,0006,0014,F005039,Baix Camp - 43080-0015,351019.65,4567087.23,1673307,Amoni
before_2007,0006,0014,F005039,Baix Camp - 43080-0015,351019.65,4567087.23,1694172,Nitrats
before_2007,0006,0014,F005039,Baix Camp - 43080-0015,351019.65,4567087.23,2683173,Nitrits
before_2007,0006,0014,F005040,Bloc del Gaià-Bonastre - 43165-0006,361692,4566546,1672863,Amoni
before_2007,0006,0014,F005040,Bloc del Gaià-Bonastre - 43165-0006,361692,4566546,1693728,Nitrats
before_2007,0006,0014,F005040,Bloc del Gaià-Bonastre - 43165-0006,361692,4566546,2682729,Nitrits
before_2007,0006,0014,F005044,Alt Camp - 43098-0017,355302,4569435,1672550,Amoni
before_2007,0006,0014,F005044,Alt Camp - 43098-0017,355302,4569435,1693415,Nitrats
before_2007,0006,0014,F005044,Alt Camp - 43098-0017,355302,4569435,2682416,Nitrits
before_2007,0006,0014,F005050,Baix Francolí - 43047-0033,351472,4557590,1672556,Amoni
before_2007,0006,0014,F005050,Baix Francolí - 43047-0033,351472,4557590,1693421,Nitrats
before_2007,0006,0014,F005050,Baix Francolí - 43047-0033,351472,4557590,2682422,Nitrits
before_2007,0006,0014,F005051,Alt Camp - 43034-0002,360136,4570326,1672557,Amoni
before_2007,0006,0014,F005051,Alt Camp - 43034-0002,360136,4570326,1693422,Nitrats
before_2007,0006,0014,F005051,Alt Camp - 43034-0002,360136,4570326,2682423,Nitrits
before_2007,0006,0014,F005052,Alt Camp - 43034-0003,360806,4570421,1672558,Amoni
before_2007,0006,0014,F005052,Alt Camp - 43034-0003,360806,4570421,1693423,Nitrats
before_2007,0006,0014,F005052,Alt Camp - 43034-0003,360806,4570421,2682424,Nitrits
before_2007,0006,0014,F005055,Baix Camp - 43038-0017,335579,4549527,1672561,Amoni
before_2007,0006,0014,F005055,Baix Camp - 43038-0017,335579,4549527,1693426,Nitrats
before_2007,0006,0014,F005055,Baix Camp - 43038-0017,335579,4549527,2682427,Nitrits
before_2007,0006,0014,F005058,Alt Camp - 43098-0020,356350,4568570,1672564,Amoni
before_2007,0006,0014,F005058,Alt Camp - 43098-0020,356350,4568570,1693429,Nitrats
before_2007,0006,0014,F005058,Alt Camp - 43098-0020,356350,4568570,2682430,Nitrits
before_2007,0006,0014,F005059,Alt Camp - 43119-0016,357056,4571106,1672565,Amoni
before_2007,0006,0014,F005059,Alt Camp - 43119-0016,357056,4571106,1693430,Nitrats
before_2007,0006,0014,F005059,Alt Camp - 43119-0016,357056,4571106,2682431,Nitrits
before_2007,0006,0014,F005068,Baix Camp - 43092-0140,329137,4550184,1672573,Amoni
before_2007,0006,0014,F005068,Baix Camp - 43092-0140,329137,4550184,1693438,Nitrats
before_2007,0006,0014,F005068,Baix Camp - 43092-0140,329137,4550184,2682439,Nitrits
before_2007,0006,0014,F005069,Baix Camp - 43092-0130,329115,4549952,1672574,Amoni
before_2007,0006,0014,F005069,Baix Camp - 43092-0130,329115,4549952,1693439,Nitrats
before_2007,0006,0014,F005069,Baix Camp - 43092-0130,329115,4549952,2682440,Nitrits
before_2007,0006,0014,F005070,Llaberia - Prades meridional - 43092-0129,327433,4551330,1672575,Amoni
before_2007,0006,0014,F005070,Llaberia - Prades meridional - 43092-0129,327433,4551330,1693440,Nitrats
before_2007,0006,0014,F005070,Llaberia - Prades meridional - 43092-0129,327433,4551330,2682441,Nitrits
before_2007,0006,0014,F005074,Baix Camp - 43092-0097,329221,4544572,1693444,Nitrats
before_2007,0006,0014,F005075,Baix Camp - 43083-0016,349655.65,4568046.24,1672580,Amoni
before_2007,0006,0014,F005075,Baix Camp - 43083-0016,349655.65,4568046.24,1693445,Nitrats
before_2007,0006,0014,F005075,Baix Camp - 43083-0016,349655.65,4568046.24,2682446,Nitrits
before_2007,0006,0014,F005080,Baix Camp - 43095-0014,349905.61,4561646.23,1672585,Amoni
before_2007,0006,0014,F005080,Baix Camp - 43095-0014,349905.61,4561646.23,1693450,Nitrats
before_2007,0006,0014,F005080,Baix Camp - 43095-0014,349905.61,4561646.23,2682451,Nitrits
before_2007,0006,0014,F005081,Baix Francolí - 43095-0011,351241,4563391,1672586,Amoni
before_2007,0006,0014,F005081,Baix Francolí - 43095-0011,351241,4563391,1693451,Nitrats
before_2007,0006,0014,F005081,Baix Francolí - 43095-0011,351241,4563391,2682452,Nitrits
before_2007,0006,0014,F005083,Baix Camp - 43171-0060,341415.51,4551144.28,1693453,Nitrats
before_2007,0006,0014,F005089,Baix Camp - 43047-0016,346775.58,4559116.25,1672593,Amoni
before_2007,0006,0014,F005089,Baix Camp - 43047-0016,346775.58,4559116.25,1693458,Nitrats
before_2007,0006,0014,F005089,Baix Camp - 43047-0016,346775.58,4559116.25,2682459,Nitrits
before_2007,0006,0014,F005090,Baix Camp - 43123-0169,341558.57,4558486.29,1672594,Amoni
before_2007,0006,0014,F005090,Baix Camp - 43123-0169,341558.57,4558486.29,1693459,Nitrats
before_2007,0006,0014,F005090,Baix Camp - 43123-0169,341558.57,4558486.29,2682460,Nitrits
before_2007,0006,0014,F005091,Baix Camp - 43047-0014,345294.58,4559170.26,1672595,Amoni
before_2007,0006,0014,F005091,Baix Camp - 43047-0014,345294.58,4559170.26,1693460,Nitrats
before_2007,0006,0014,F005091,Baix Camp - 43047-0014,345294.58,4559170.26,2682461,Nitrits
before_2007,0006,0014,F005092,Baix Camp - 43047-0032,346365.57,4557576.25,1672596,Amoni
before_2007,0006,0014,F005092,Baix Camp - 43047-0032,346365.57,4557576.25,1693461,Nitrats
before_2007,0006,0014,F005092,Baix Camp - 43047-0032,346365.57,4557576.25,2682462,Nitrits
before_2007,0006,0014,F005096,Baix Camp - 43171-0013,343933.53,4552969.26,1672600,Amoni
before_2007,0006,0014,F005096,Baix Camp - 43171-0013,343933.53,4552969.26,1693465,Nitrats
before_2007,0006,0014,F005096,Baix Camp - 43171-0013,343933.53,4552969.26,2682466,Nitrits
before_2007,0006,0014,F005104,Baix Francolí - 43905-0005,343379,4549307,1693472,Nitrats
before_2007,0006,0014,F005108,Baix Camp - 43038-0011,333456,4551996,1672610,Amoni
before_2007,0006,0014,F005108,Baix Camp - 43038-0011,333456,4551996,1693475,Nitrats
before_2007,0006,0014,F005108,Baix Camp - 43038-0011,333456,4551996,2682476,Nitrits
before_2007,0006,0014,F005111,Baix Camp - 43129-0136,336181,4556396,1672613,Amoni
before_2007,0006,0014,F005111,Baix Camp - 43129-0136,336181,4556396,1693478,Nitrats
before_2007,0006,0014,F005111,Baix Camp - 43129-0136,336181,4556396,2682479,Nitrits
before_2007,0006,0014,F005114,Baix Camp - 43129-0133,339081,4552238,1672865,Amoni
before_2007,0006,0014,F005114,Baix Camp - 43129-0133,339081,4552238,1693730,Nitrats
before_2007,0006,0014,F005114,Baix Camp - 43129-0133,339081,4552238,2682731,Nitrits
before_2007,0006,0014,F005120,Alt Camp - 43170-0012,361446,4573426,1672621,Amoni
before_2007,0006,0014,F005120,Alt Camp - 43170-0012,361446,4573426,1693486,Nitrats
before_2007,0006,0014,F005120,Alt Camp - 43170-0012,361446,4573426,2682487,Nitrits
before_2007,0006,0014,F005121,Baix Camp - 43123-0142,339395.6,4557396.3,1672622,Amoni
before_2007,0006,0014,F005121,Baix Camp - 43123-0142,339395.6,4557396.3,1693487,Nitrats
before_2007,0006,0014,F005121,Baix Camp - 43123-0142,339395.6,4557396.3,2682488,Nitrits
before_2007,0006,0014,F005125,Baix Camp - 43123-0162,339976,4557311,1672866,Amoni
before_2007,0006,0014,F005125,Baix Camp - 43123-0162,339976,4557311,1693731,Nitrats
before_2007,0006,0014,F005125,Baix Camp - 43123-0162,339976,4557311,2682732,Nitrits
before_2007,0006,0014,F005128,Baix Camp - 43123-0229,344858,4554523,1673311,Amoni
before_2007,0006,0014,F005128,Baix Camp - 43123-0229,344858,4554523,1694176,Nitrats
before_2007,0006,0014,F005128,Baix Camp - 43123-0229,344858,4554523,2683177,Nitrits
before_2007,0006,0014,F005130,Baix Camp - 43123-0145,340776,4558642,1672629,Amoni
before_2007,0006,0014,F005130,Baix Camp - 43123-0145,340776,4558642,1693494,Nitrats
before_2007,0006,0014,F005130,Baix Camp - 43123-0145,340776,4558642,2682495,Nitrits
before_2007,0006,0014,F005135,Baix Camp - 43166-0018,348144,4564044,1672633,Amoni
before_2007,0006,0014,F005135,Baix Camp - 43166-0018,348144,4564044,1693498,Nitrats
before_2007,0006,0014,F005135,Baix Camp - 43166-0018,348144,4564044,2682499,Nitrits
before_2007,0006,0014,F005136,Baix Camp - 43166-0017,348165,4564035,1672634,Amoni
before_2007,0006,0014,F005136,Baix Camp - 43166-0017,348165,4564035,1693499,Nitrats
before_2007,0006,0014,F005136,Baix Camp - 43166-0017,348165,4564035,2682500,Nitrits
before_2007,0006,0014,F005155,Baix Camp - 43047-0011,348945.57,4557066.23,1672652,Amoni
before_2007,0006,0014,F005155,Baix Camp - 43047-0011,348945.57,4557066.23,1693517,Nitrats
before_2007,0006,0014,F005155,Baix Camp - 43047-0011,348945.57,4557066.23,2682518,Nitrits
before_2007,0006,0014,F005164,Baix Camp - 43129-0035,336454,4556206,1672661,Amoni
before_2007,0006,0014,F005164,Baix Camp - 43129-0035,336454,4556206,1693526,Nitrats
before_2007,0006,0014,F005164,Baix Camp - 43129-0035,336454,4556206,2682527,Nitrits
before_2007,0006,0014,F005168,Baix Camp - 43134-0015,350655.64,4565346.23,1672665,Amoni
before_2007,0006,0014,F005168,Baix Camp - 43134-0015,350655.64,4565346.23,1693530,Nitrats
before_2007,0006,0014,F005168,Baix Camp - 43134-0015,350655.64,4565346.23,2682531,Nitrits
before_2007,0006,0014,F005178,Baix Camp - 43033-0015,331803.54,4556617.36,1672194,Amoni
before_2007,0006,0014,F005178,Baix Camp - 43033-0015,331803.54,4556617.36,1693059,Nitrats
before_2007,0006,0014,F005178,Baix Camp - 43033-0015,331803.54,4556617.36,2682060,Nitrits
before_2007,0006,0014,F005184,Baix Camp - 43038-0019,333806,4552821,1672200,Amoni
before_2007,0006,0014,F005184,Baix Camp - 43038-0019,333806,4552821,1693065,Nitrats
before_2007,0006,0014,F005184,Baix Camp - 43038-0019,333806,4552821,2682066,Nitrits
before_2007,0006,0014,F005185,Baix Camp - 43005-0033,346408,4569708,1672867,Amoni
before_2007,0006,0014,F005185,Baix Camp - 43005-0033,346408,4569708,1693732,Nitrats
before_2007,0006,0014,F005185,Baix Camp - 43005-0033,346408,4569708,2682733,Nitrits
before_2007,0006,0014,F005186,Baix Camp - 43005-0070,346505.66,4569596.27,1672201,Amoni
before_2007,0006,0014,F005186,Baix Camp - 43005-0070,346505.66,4569596.27,1693066,Nitrats
before_2007,0006,0014,F005186,Baix Camp - 43005-0070,346505.66,4569596.27,2682067,Nitrits
before_2007,0006,0014,F005188,Baix Camp - 43005-0072,348812,4571068,1672203,Amoni
before_2007,0006,0014,F005188,Baix Camp - 43005-0072,348812,4571068,1693068,Nitrats
before_2007,0006,0014,F005188,Baix Camp - 43005-0072,348812,4571068,2682069,Nitrits
before_2007,0006,0014,F005189,Baix Camp - 43033-0019,331406,4555596,1672204,Amoni
before_2007,0006,0014,F005189,Baix Camp - 43033-0019,331406,4555596,1693069,Nitrats
before_2007,0006,0014,F005189,Baix Camp - 43033-0019,331406,4555596,2682070,Nitrits
before_2007,0006,0014,F005190,Baix Camp - 43088-0058,332388,4554164,1672205,Amoni
before_2007,0006,0014,F005190,Baix Camp - 43088-0058,332388,4554164,1693070,Nitrats
before_2007,0006,0014,F005190,Baix Camp - 43088-0058,332388,4554164,2682071,Nitrits
before_2007,0006,0014,F005199,Baix Camp - 43145-0025,346649.62,4564200.26,1672212,Amoni
before_2007,0006,0014,F005199,Baix Camp - 43145-0025,346649.62,4564200.26,1693077,Nitrats
before_2007,0006,0014,F005199,Baix Camp - 43145-0025,346649.62,4564200.26,2682078,Nitrits
before_2007,0006,0014,F005205,Baix Camp - 43178-0020,337248,4549431,1672218,Amoni
before_2007,0006,0014,F005205,Baix Camp - 43178-0020,337248,4549431,1693083,Nitrats
before_2007,0006,0014,F005205,Baix Camp - 43178-0020,337248,4549431,2682084,Nitrits
before_2007,0006,0014,F005206,Baix Camp - 43038-0028,332462,4548257,1693084,Nitrats
before_2007,0006,0014,F005213,Baix Camp - 43038-0027,335672.49,4549680.32,1672226,Amoni
before_2007,0006,0014,F005213,Baix Camp - 43038-0027,335672.49,4549680.32,1693091,Nitrats
before_2007,0006,0014,F005213,Baix Camp - 43038-0027,335672.49,4549680.32,2682092,Nitrits
before_2007,0006,0014,F005226,Baix Camp - 43033-0016,330955.53,4554846.37,1672238,Amoni
before_2007,0006,0014,F005226,Baix Camp - 43033-0016,330955.53,4554846.37,1693103,Nitrats
before_2007,0006,0014,F005226,Baix Camp - 43033-0016,330955.53,4554846.37,2682104,Nitrits
before_2007,0006,0014,F005236,Baix Camp - 43038-0020,332485.48,4548286.34,1672248,Amoni
before_2007,0006,0014,F005236,Baix Camp - 43038-0020,332485.48,4548286.34,1693113,Nitrats
before_2007,0006,0014,F005236,Baix Camp - 43038-0020,332485.48,4548286.34,2682114,Nitrits
before_2007,0006,0014,F005239,Priorat - 43112-0007,318955.59,4566096.47,1672251,Amoni
before_2007,0006,0014,F005239,Priorat - 43112-0007,318955.59,4566096.47,1693116,Nitrats
before_2007,0006,0014,F005239,Priorat - 43112-0007,318955.59,4566096.47,2682117,Nitrits
before_2007,0006,0014,F005240,Priorat - 43069-0012,314219,4562753,1672252,Amoni
before_2007,0006,0014,F005240,Priorat - 43069-0012,314219,4562753,1693117,Nitrats
before_2007,0006,0014,F005240,Priorat - 43069-0012,314219,4562753,2682118,Nitrits
before_2007,0006,0014,F005242,Priorat - 43023-0007,313526.45,4558956.68,1672254,Amoni
before_2007,0006,0014,F005242,Priorat - 43023-0007,313526.45,4558956.68,1693119,Nitrats
before_2007,0006,0014,F005242,Priorat - 43023-0007,313526.45,4558956.68,2682120,Nitrits
before_2007,0006,0014,F005243,Priorat - 43055-0127,314451,4557641,1672255,Amoni
before_2007,0006,0014,F005243,Priorat - 43055-0127,314451,4557641,1693120,Nitrats
before_2007,0006,0014,F005245,Priorat - 43055-0016,316581,4557096,1672256,Amoni
before_2007,0006,0014,F005245,Priorat - 43055-0016,316581,4557096,1693121,Nitrats
before_2007,0006,0014,F005245,Priorat - 43055-0016,316581,4557096,2682122,Nitrits
before_2007,0006,0014,F005246,Priorat - 43040-0002,313755.5,4553877.5,1672257,Amoni
before_2007,0006,0014,F005246,Priorat - 43040-0002,313755.5,4553877.5,1693122,Nitrats
before_2007,0006,0014,F005246,Priorat - 43040-0002,313755.5,4553877.5,2682123,Nitrits
before_2007,0006,0014,F005247,Fossa de Móra - 43151-0006,321906,4554606,1672258,Amoni
before_2007,0006,0014,F005247,Fossa de Móra - 43151-0006,321906,4554606,1693123,Nitrats
before_2007,0006,0014,F005247,Fossa de Móra - 43151-0006,321906,4554606,2682124,Nitrits
before_2007,0006,0014,F005249,Fossa de Móra - 43067-0056,300202,4544143,1672260,Amoni
before_2007,0006,0014,F005249,Fossa de Móra - 43067-0056,300202,4544143,1693125,Nitrats
before_2007,0006,0014,F005249,Fossa de Móra - 43067-0056,300202,4544143,2682126,Nitrits
before_2007,0006,0014,F005252,Fossa de Móra - 43150-0029,308078.1,4551680.8,1668090,Fosfats
before_2007,0006,0014,F005252,Fossa de Móra - 43150-0029,308078.1,4551680.8,1672263,Amoni
before_2007,0006,0014,F005252,Fossa de Móra - 43150-0029,308078.1,4551680.8,1693128,Nitrats
before_2007,0006,0014,F005252,Fossa de Móra - 43150-0029,308078.1,4551680.8,2682129,Nitrits
before_2007,0006,0014,F005253,Fossa de Móra - 43065-0022,302642,4556380,1668091,Fosfats
before_2007,0006,0014,F005253,Fossa de Móra - 43065-0022,302642,4556380,1672264,Amoni
before_2007,0006,0014,F005253,Fossa de Móra - 43065-0022,302642,4556380,1693129,Nitrats
before_2007,0006,0014,F005253,Fossa de Móra - 43065-0022,302642,4556380,2682130,Nitrits
before_2007,0006,0014,F005255,Fossa de Móra - 43084-0105,298655,4545897,1668093,Fosfats
before_2007,0006,0014,F005255,Fossa de Móra - 43084-0105,298655,4545897,1672266,Amoni
before_2007,0006,0014,F005255,Fossa de Móra - 43084-0105,298655,4545897,1693131,Nitrats
before_2007,0006,0014,F005255,Fossa de Móra - 43084-0105,298655,4545897,2682132,Nitrits
before_2007,0006,0014,F005264,Fossa de Móra - 43026-0039,300461,4548292,1668696,Fosfats
before_2007,0006,0014,F005264,Fossa de Móra - 43026-0039,300461,4548292,1672869,Amoni
before_2007,0006,0014,F005264,Fossa de Móra - 43026-0039,300461,4548292,1693734,Nitrats
before_2007,0006,0014,F005264,Fossa de Móra - 43026-0039,300461,4548292,2682735,Nitrits
before_2007,0006,0014,F005268,Fossa de Móra - 43150-0012,303668,4549151,1668104,Fosfats
before_2007,0006,0014,F005268,Fossa de Móra - 43150-0012,303668,4549151,1672277,Amoni
before_2007,0006,0014,F005268,Fossa de Móra - 43150-0012,303668,4549151,1693142,Nitrats
before_2007,0006,0014,F005268,Fossa de Móra - 43150-0012,303668,4549151,2682143,Nitrits
before_2007,0006,0014,F005269,Fossa de Móra - 43094-0047,301934.47,4553550.58,1668105,Fosfats
before_2007,0006,0014,F005269,Fossa de Móra - 43094-0047,301934.47,4553550.58,1672278,Amoni
before_2007,0006,0014,F005269,Fossa de Móra - 43094-0047,301934.47,4553550.58,1693143,Nitrats
before_2007,0006,0014,F005269,Fossa de Móra - 43094-0047,301934.47,4553550.58,2682144,Nitrits
before_2007,0006,0014,F005270,Fossa de Móra - 43082-0012,309784,4555799,1668106,Fosfats
before_2007,0006,0014,F005270,Fossa de Móra - 43082-0012,309784,4555799,1672279,Amoni
before_2007,0006,0014,F005270,Fossa de Móra - 43082-0012,309784,4555799,1693144,Nitrats
before_2007,0006,0014,F005270,Fossa de Móra - 43082-0012,309784,4555799,2682145,Nitrits
before_2007,0006,0014,F005276,Fossa de Móra - 43121-0047,300620,4540572,1672285,Amoni
before_2007,0006,0014,F005276,Fossa de Móra - 43121-0047,300620,4540572,1693150,Nitrats
before_2007,0006,0014,F005276,Fossa de Móra - 43121-0047,300620,4540572,2682151,Nitrits
before_2007,0006,0014,F005277,Fossa de Móra - 43093-0079,302629.44,4549630.57,1668113,Fosfats
before_2007,0006,0014,F005277,Fossa de Móra - 43093-0079,302629.44,4549630.57,1672286,Amoni
before_2007,0006,0014,F005277,Fossa de Móra - 43093-0079,302629.44,4549630.57,1693151,Nitrats
before_2007,0006,0014,F005277,Fossa de Móra - 43093-0079,302629.44,4549630.57,2682152,Nitrits
before_2007,0006,0014,F005278,Fossa de Móra - 43084-0106,295880,4547572,1672287,Amoni
before_2007,0006,0014,F005278,Fossa de Móra - 43084-0106,295880,4547572,1693152,Nitrats
before_2007,0006,0014,F005278,Fossa de Móra - 43084-0106,295880,4547572,2682153,Nitrits
before_2007,0006,0014,F005282,Fossa de Móra - 43150-0026,303611,4549124,1668697,Fosfats
before_2007,0006,0014,F005282,Fossa de Móra - 43150-0026,303611,4549124,1672870,Amoni
before_2007,0006,0014,F005282,Fossa de Móra - 43150-0026,303611,4549124,1693735,Nitrats
before_2007,0006,0014,F005282,Fossa de Móra - 43150-0026,303611,4549124,2682736,Nitrits
before_2007,0006,0014,F005291,l'Ametlla de Mar- Perelló - 43013-0171,312758,4530336,1672299,Amoni
before_2007,0006,0014,F005291,l'Ametlla de Mar- Perelló - 43013-0171,312758,4530336,1693164,Nitrats
before_2007,0006,0014,F005291,l'Ametlla de Mar- Perelló - 43013-0171,312758,4530336,2682165,Nitrits
before_2007,0006,0014,F005309,Cardó - Vandellòs - 43155-0217,293470,4522827,1672316,Amoni
before_2007,0006,0014,F005309,Cardó - Vandellòs - 43155-0217,293470,4522827,1693181,Nitrats
before_2007,0006,0014,F005309,Cardó - Vandellòs - 43155-0217,293470,4522827,2682182,Nitrits
before_2007,0006,0014,F005310,l'Ametlla de Mar- Perelló - 43104-0050,306812,4527260,1672317,Amoni
before_2007,0006,0014,F005310,l'Ametlla de Mar- Perelló - 43104-0050,306812,4527260,1693182,Nitrats
before_2007,0006,0014,F005310,l'Ametlla de Mar- Perelló - 43104-0050,306812,4527260,2682183,Nitrits
before_2007,0006,0014,F005315,l'Ametlla de Mar- Perelló - 43906-0362,305175,4523107,1672322,Amoni
before_2007,0006,0014,F005315,l'Ametlla de Mar- Perelló - 43906-0362,305175,4523107,1693187,Nitrats
before_2007,0006,0014,F005315,l'Ametlla de Mar- Perelló - 43906-0362,305175,4523107,2682188,Nitrits
before_2007,0006,0014,F005328,l'Ametlla de Mar- Perelló - 43906-0161,305533,4520977,1672471,Amoni
before_2007,0006,0014,F005328,l'Ametlla de Mar- Perelló - 43906-0161,305533,4520977,1693336,Nitrats
before_2007,0006,0014,F005328,l'Ametlla de Mar- Perelló - 43906-0161,305533,4520977,2682337,Nitrits
before_2007,0006,0014,F005331,Serra del Montsià - 43136-0017,296480.07,4501496.54,1672474,Amoni
before_2007,0006,0014,F005331,Serra del Montsià - 43136-0017,296480.07,4501496.54,1693339,Nitrats
before_2007,0006,0014,F005331,Serra del Montsià - 43136-0017,296480.07,4501496.54,2682340,Nitrits
before_2007,0006,0014,F005332,Serra del Montsià - 43136-0008,293905.06,4500796.56,1672475,Amoni
before_2007,0006,0014,F005332,Serra del Montsià - 43136-0008,293905.06,4500796.56,1693340,Nitrats
before_2007,0006,0014,F005332,Serra del Montsià - 43136-0008,293905.06,4500796.56,2682341,Nitrits
before_2007,0006,0014,F005333,Serra del Montsià - 43136-0019,295885,4500343,1672476,Amoni
before_2007,0006,0014,F005333,Serra del Montsià - 43136-0019,295885,4500343,1693341,Nitrats
before_2007,0006,0014,F005333,Serra del Montsià - 43136-0019,295885,4500343,2682342,Nitrits
before_2007,0006,0014,F005334,Plana de Vinaròs_Cat - 43004-0235,288768,4489263,1672477,Amoni
before_2007,0006,0014,F005334,Plana de Vinaròs_Cat - 43004-0235,288768,4489263,1693342,Nitrats
before_2007,0006,0014,F005334,Plana de Vinaròs_Cat - 43004-0235,288768,4489263,2682343,Nitrits
before_2007,0006,0014,F005335,Serra del Montsià - 43062-0001,288945.08,4504821.61,1672478,Amoni
before_2007,0006,0014,F005335,Serra del Montsià - 43062-0001,288945.08,4504821.61,1693343,Nitrats
before_2007,0006,0014,F005335,Serra del Montsià - 43062-0001,288945.08,4504821.61,2682344,Nitrits
before_2007,0006,0014,F005336,Mesozoic de la Galera - 43156-0043,277530.03,4500741.69,1672871,Amoni
before_2007,0006,0014,F005336,Mesozoic de la Galera - 43156-0043,277530.03,4500741.69,1693736,Nitrats
before_2007,0006,0014,F005336,Mesozoic de la Galera - 43156-0043,277530.03,4500741.69,2682737,Nitrits
before_2007,0006,0014,F005337,Mesozoic de la Galera - 43063-0006,284009.1,4508394.65,1672479,Amoni
before_2007,0006,0014,F005337,Mesozoic de la Galera - 43063-0006,284009.1,4508394.65,1693344,Nitrats
before_2007,0006,0014,F005337,Mesozoic de la Galera - 43063-0006,284009.1,4508394.65,2682345,Nitrits
before_2007,0006,0014,F005339,Mesozoic de la Galera - 43068-0009,285410.08,4505436.63,1672481,Amoni
before_2007,0006,0014,F005339,Mesozoic de la Galera - 43068-0009,285410.08,4505436.63,1693346,Nitrats
before_2007,0006,0014,F005339,Mesozoic de la Galera - 43068-0009,285410.08,4505436.63,2682347,Nitrits
before_2007,0006,0014,F005340,Plana d'Alcanar - 43004-0047,290304.99,4492606.58,1672482,Amoni
before_2007,0006,0014,F005340,Plana d'Alcanar - 43004-0047,290304.99,4492606.58,1693347,Nitrats
before_2007,0006,0014,F005340,Plana d'Alcanar - 43004-0047,290304.99,4492606.58,2682348,Nitrits
before_2007,0006,0014,F005343,Plana de la Galera - 43068-0017,282965.06,4502931.65,1673321,Amoni
before_2007,0006,0014,F005343,Plana de la Galera - 43068-0017,282965.06,4502931.65,1694186,Nitrats
before_2007,0006,0014,F005343,Plana de la Galera - 43068-0017,282965.06,4502931.65,2683187,Nitrits
before_2007,0006,0014,F005347,Plana de la Galera - 43078-0070,291592.13,4510712.6,1672872,Amoni
before_2007,0006,0014,F005347,Plana de la Galera - 43078-0070,291592.13,4510712.6,1693737,Nitrats
before_2007,0006,0014,F005347,Plana de la Galera - 43078-0070,291592.13,4510712.6,2682738,Nitrits
before_2007,0006,0014,F005352,Plana de la Galera - 43138-0002,288724,4512489,1672492,Amoni
before_2007,0006,0014,F005352,Plana de la Galera - 43138-0002,288724,4512489,1693357,Nitrats
before_2007,0006,0014,F005352,Plana de la Galera - 43138-0002,288724,4512489,2682358,Nitrits
before_2007,0006,0014,F005354,Mesozoic de la Galera - 43133-0344,282105.18,4519886.68,1672494,Amoni
before_2007,0006,0014,F005354,Mesozoic de la Galera - 43133-0344,282105.18,4519886.68,1693359,Nitrats
before_2007,0006,0014,F005354,Mesozoic de la Galera - 43133-0344,282105.18,4519886.68,2682360,Nitrits
before_2007,0006,0014,F005360,Mesozoic de la Galera - 43044-0001,271355.05,4504871.74,1672499,Amoni
before_2007,0006,0014,F005360,Mesozoic de la Galera - 43044-0001,271355.05,4504871.74,1693364,Nitrats
before_2007,0006,0014,F005360,Mesozoic de la Galera - 43044-0001,271355.05,4504871.74,2682365,Nitrits
before_2007,0006,0014,F005361,Plana de la Galera - 43078-0052,292654,4509555,1672500,Amoni
before_2007,0006,0014,F005361,Plana de la Galera - 43078-0052,292654,4509555,1693365,Nitrats
before_2007,0006,0014,F005361,Plana de la Galera - 43078-0052,292654,4509555,2682366,Nitrits
before_2007,0006,0014,F005362,Plana de la Galera - 43063-0027,284451.3,4506795.2,1672501,Amoni
before_2007,0006,0014,F005362,Plana de la Galera - 43063-0027,284451.3,4506795.2,1693366,Nitrats
before_2007,0006,0014,F005362,Plana de la Galera - 43063-0027,284451.3,4506795.2,2682367,Nitrits
before_2007,0006,0014,F005367,Cardó - Vandellòs - 43155-0268,292115,4527842,1672506,Amoni
before_2007,0006,0014,F005367,Cardó - Vandellòs - 43155-0268,292115,4527842,1693371,Nitrats
before_2007,0006,0014,F005367,Cardó - Vandellòs - 43155-0268,292115,4527842,2682372,Nitrits
before_2007,0006,0014,F005368,Plana d'Alcanar - 43136-0031,295145.05,4500071.55,1672507,Amoni
before_2007,0006,0014,F005368,Plana d'Alcanar - 43136-0031,295145.05,4500071.55,1693372,Nitrats
before_2007,0006,0014,F005368,Plana d'Alcanar - 43136-0031,295145.05,4500071.55,2682373,Nitrits
before_2007,0006,0014,F005371,Mesozoic de la Galera - 43014-0519,293951.12,4509376.58,1672510,Amoni
before_2007,0006,0014,F005371,Mesozoic de la Galera - 43014-0519,293951.12,4509376.58,1693375,Nitrats
before_2007,0006,0014,F005371,Mesozoic de la Galera - 43014-0519,293951.12,4509376.58,2682376,Nitrits
before_2007,0006,0014,F005372,Plana de la Sènia_Cat - 43156-0036,287245.02,4497086.61,1672511,Amoni
before_2007,0006,0014,F005372,Plana de la Sènia_Cat - 43156-0036,287245.02,4497086.61,1693376,Nitrats
before_2007,0006,0014,F005372,Plana de la Sènia_Cat - 43156-0036,287245.02,4497086.61,2682377,Nitrits
before_2007,0006,0014,F005373,Plana de la Galera - 43155-1007,283580.23,4525271.68,1672512,Amoni
before_2007,0006,0014,F005373,Plana de la Galera - 43155-1007,283580.23,4525271.68,1693377,Nitrats
before_2007,0006,0014,F005373,Plana de la Galera - 43155-1007,283580.23,4525271.68,2682378,Nitrits
before_2007,0006,0014,F005376,Plana de la Sènia_Cat - 43156-0030,282665.01,4497291.64,1672514,Amoni
before_2007,0006,0014,F005376,Plana de la Sènia_Cat - 43156-0030,282665.01,4497291.64,1693379,Nitrats
before_2007,0006,0014,F005376,Plana de la Sènia_Cat - 43156-0030,282665.01,4497291.64,2682380,Nitrits
before_2007,0006,0014,F005378,Ports de Tortosa - 43077-0007,277195.11,4511161.71,1672516,Amoni
before_2007,0006,0014,F005378,Ports de Tortosa - 43077-0007,277195.11,4511161.71,1693381,Nitrats
before_2007,0006,0014,F005378,Ports de Tortosa - 43077-0007,277195.11,4511161.71,2682382,Nitrits
before_2007,0006,0014,F005379,Serra del Montsià - 43156-0080,288397.06,4502409.61,1672517,Amoni
before_2007,0006,0014,F005379,Serra del Montsià - 43156-0080,288397.06,4502409.61,1693382,Nitrats
before_2007,0006,0014,F005379,Serra del Montsià - 43156-0080,288397.06,4502409.61,2682383,Nitrits
before_2007,0006,0014,F005385,Detrític neogen de l'Empordà - 17030-0014,497094.77,4684926.31,1672523,Amoni
before_2007,0006,0014,F005385,Detrític neogen de l'Empordà - 17030-0014,497094.77,4684926.31,1693388,Nitrats
before_2007,0006,0014,F005385,Detrític neogen de l'Empordà - 17030-0014,497094.77,4684926.31,2682389,Nitrits
before_2007,0006,0014,F005386,Fluviodeltaic del Fluvià - Muga - 17074-0004,503672.71,4676214.24,1672524,Amoni
before_2007,0006,0014,F005386,Fluviodeltaic del Fluvià - Muga - 17074-0004,503672.71,4676214.24,1693389,Nitrats
before_2007,0006,0014,F005386,Fluviodeltaic del Fluvià - Muga - 17074-0004,503672.71,4676214.24,2682390,Nitrits
before_2007,0006,0014,F005387,Fluviodeltaic del Fluvià - Muga - 17151-0003,503331.7,4674762.24,1672525,Amoni
before_2007,0006,0014,F005387,Fluviodeltaic del Fluvià - Muga - 17151-0003,503331.7,4674762.24,1693390,Nitrats
before_2007,0006,0014,F005387,Fluviodeltaic del Fluvià - Muga - 17151-0003,503331.7,4674762.24,2682391,Nitrits
before_2007,0006,0014,F005388,Fluviodeltaic del Fluvià - Muga - 17074-0003,501780.72,4677182.26,1672526,Amoni
before_2007,0006,0014,F005388,Fluviodeltaic del Fluvià - Muga - 17074-0003,501780.72,4677182.26,1693391,Nitrats
before_2007,0006,0014,F005388,Fluviodeltaic del Fluvià - Muga - 17074-0003,501780.72,4677182.26,2682392,Nitrits
before_2007,0006,0014,F005391,Fluviodeltaic del Fluvià - Muga - 17066-0013,499074.74,4680229.28,1672529,Amoni
before_2007,0006,0014,F005391,Fluviodeltaic del Fluvià - Muga - 17066-0013,499074.74,4680229.28,1693394,Nitrats
before_2007,0006,0014,F005391,Fluviodeltaic del Fluvià - Muga - 17066-0013,499074.74,4680229.28,2682395,Nitrits
before_2007,0006,0014,F005391,Fluviodeltaic del Fluvià - Muga - 17066-0013,499074.74,4680229.28,3292755,Fosfats
before_2007,0006,0014,F005393,Fluviodeltaic del Fluvià - Muga - 17047-0035,504819,4677781,1672531,Amoni
before_2007,0006,0014,F005393,Fluviodeltaic del Fluvià - Muga - 17047-0035,504819,4677781,1693396,Nitrats
before_2007,0006,0014,F005393,Fluviodeltaic del Fluvià - Muga - 17047-0035,504819,4677781,2682397,Nitrits
before_2007,0006,0014,F005401,Fluviodeltaic del Fluvià - Muga - 17030-0011,498139.77,4684123.3,1672333,Amoni
before_2007,0006,0014,F005401,Fluviodeltaic del Fluvià - Muga - 17030-0011,498139.77,4684123.3,1693198,Nitrats
before_2007,0006,0014,F005401,Fluviodeltaic del Fluvià - Muga - 17030-0011,498139.77,4684123.3,2682199,Nitrits
before_2007,0006,0014,F005413,Detrític neogen de l'Empordà - 17210-0020,505636.63,4665075.21,1672344,Amoni
before_2007,0006,0014,F005413,Detrític neogen de l'Empordà - 17210-0020,505636.63,4665075.21,1693209,Nitrats
before_2007,0006,0014,F005413,Detrític neogen de l'Empordà - 17210-0020,505636.63,4665075.21,2682210,Nitrits
before_2007,0006,0014,F005421,Fluviodeltaic del Fluvià - Muga - 17176-0005,499406.65,4668345.26,1672351,Amoni
before_2007,0006,0014,F005421,Fluviodeltaic del Fluvià - Muga - 17176-0005,499406.65,4668345.26,1693216,Nitrats
before_2007,0006,0014,F005421,Fluviodeltaic del Fluvià - Muga - 17176-0005,499406.65,4668345.26,2682217,Nitrits
before_2007,0006,0014,F005422,Fluviodeltaic del Baix Ter - 17004-0018,506437,4660850,1672352,Amoni
before_2007,0006,0014,F005422,Fluviodeltaic del Baix Ter - 17004-0018,506437,4660850,1693217,Nitrats
before_2007,0006,0014,F005422,Fluviodeltaic del Baix Ter - 17004-0018,506437,4660850,2682218,Nitrits
before_2007,0006,0014,F005434,Fluviodeltaic del Fluvià - Muga - 17198-0011,503376.66,4669170.23,1672876,Amoni
before_2007,0006,0014,F005434,Fluviodeltaic del Fluvià - Muga - 17198-0011,503376.66,4669170.23,1693741,Nitrats
before_2007,0006,0014,F005434,Fluviodeltaic del Fluvià - Muga - 17198-0011,503376.66,4669170.23,2682742,Nitrits
before_2007,0006,0014,F005438,Fluviodeltaic del Fluvià - Muga - 17132-0004,500691.77,4684563.28,1672365,Amoni
before_2007,0006,0014,F005438,Fluviodeltaic del Fluvià - Muga - 17132-0004,500691.77,4684563.28,1693230,Nitrats
before_2007,0006,0014,F005438,Fluviodeltaic del Fluvià - Muga - 17132-0004,500691.77,4684563.28,2682231,Nitrits
before_2007,0006,0014,F005447,Detrític neogen de l'Empordà - 17198-0008,501685.66,4669470.25,1672374,Amoni
before_2007,0006,0014,F005447,Detrític neogen de l'Empordà - 17198-0008,501685.66,4669470.25,1693239,Nitrats
before_2007,0006,0014,F005447,Detrític neogen de l'Empordà - 17198-0008,501685.66,4669470.25,2682240,Nitrits
before_2007,0006,0014,F005455,Fluviodeltaic del Fluvià - Muga - 17230-0009,501526.73,4679245.26,1672382,Amoni
before_2007,0006,0014,F005455,Fluviodeltaic del Fluvià - Muga - 17230-0009,501526.73,4679245.26,1693247,Nitrats
before_2007,0006,0014,F005455,Fluviodeltaic del Fluvià - Muga - 17230-0009,501526.73,4679245.26,2682248,Nitrits
before_2007,0006,0014,F005468,Fluviodeltaic del Fluvià - Muga - 17062-0006,508084.65,4666638.19,1672394,Amoni
before_2007,0006,0014,F005468,Fluviodeltaic del Fluvià - Muga - 17062-0006,508084.65,4666638.19,1693259,Nitrats
before_2007,0006,0014,F005468,Fluviodeltaic del Fluvià - Muga - 17062-0006,508084.65,4666638.19,2682260,Nitrits
before_2007,0006,0014,F005470,Fluviodeltaic del Fluvià - Muga - 17178-0055,508234.7,4668752.2,1672396,Amoni
before_2007,0006,0014,F005470,Fluviodeltaic del Fluvià - Muga - 17178-0055,508234.7,4668752.2,1693261,Nitrats
before_2007,0006,0014,F005470,Fluviodeltaic del Fluvià - Muga - 17178-0055,508234.7,4668752.2,2682262,Nitrits
before_2007,0006,0014,F005472,Fluviodeltaic del Fluvià - Muga - 17178-0054,508206.67,4669775.2,1693263,Nitrats
before_2007,0006,0014,F005474,Fluviodeltaic del Fluvià - Muga - 17178-0056,507286.68,4670455.21,1693265,Nitrats
before_2007,0006,0014,F005477,Fluviodeltaic del Fluvià - Muga - 17225-0009,504821.68,4671565.23,1672402,Amoni
before_2007,0006,0014,F005477,Fluviodeltaic del Fluvià - Muga - 17225-0009,504821.68,4671565.23,1693267,Nitrats
before_2007,0006,0014,F005477,Fluviodeltaic del Fluvià - Muga - 17225-0009,504821.68,4671565.23,2682268,Nitrits
before_2007,0006,0014,F005478,Fluviodeltaic del Fluvià - Muga - 17210-0025,505656.64,4665995.21,1693268,Nitrats
before_2007,0006,0014,F005481,Fluviodeltaic del Fluvià - Muga - 17005-0015,499566.72,4677302.28,1672406,Amoni
before_2007,0006,0014,F005481,Fluviodeltaic del Fluvià - Muga - 17005-0015,499566.72,4677302.28,1693271,Nitrats
before_2007,0006,0014,F005481,Fluviodeltaic del Fluvià - Muga - 17005-0015,499566.72,4677302.28,2682272,Nitrits
before_2007,0006,0014,F005482,Fluviodeltaic del Fluvià - Muga - 17005-0010,499464.72,4677600.28,1672407,Amoni
before_2007,0006,0014,F005482,Fluviodeltaic del Fluvià - Muga - 17005-0010,499464.72,4677600.28,1693272,Nitrats
before_2007,0006,0014,F005482,Fluviodeltaic del Fluvià - Muga - 17005-0010,499464.72,4677600.28,2682273,Nitrits
before_2007,0006,0014,F005484,Fluviodeltaic del Baix Ter - 17062-0004,508930,4662090,1672409,Amoni
before_2007,0006,0014,F005484,Fluviodeltaic del Baix Ter - 17062-0004,508930,4662090,1693274,Nitrats
before_2007,0006,0014,F005484,Fluviodeltaic del Baix Ter - 17062-0004,508930,4662090,2682275,Nitrits
before_2007,0006,0014,F005486,Detrític neogen de l'Empordà - 17210-0041,505641.63,4665072.21,1672411,Amoni
before_2007,0006,0014,F005486,Detrític neogen de l'Empordà - 17210-0041,505641.63,4665072.21,1693276,Nitrats
before_2007,0006,0014,F005486,Detrític neogen de l'Empordà - 17210-0041,505641.63,4665072.21,2682277,Nitrits
before_2007,0006,0014,F005487,Detrític neogen de l'Empordà - 17210-0034,502196.64,4666605.24,1672412,Amoni
before_2007,0006,0014,F005487,Detrític neogen de l'Empordà - 17210-0034,502196.64,4666605.24,1693277,Nitrats
before_2007,0006,0014,F005487,Detrític neogen de l'Empordà - 17210-0034,502196.64,4666605.24,2682278,Nitrits
before_2007,0006,0014,F005488,Fluviodeltaic del Fluvià - Muga - 17210-0023,500563.65,4668182.25,1672413,Amoni
before_2007,0006,0014,F005488,Fluviodeltaic del Fluvià - Muga - 17210-0023,500563.65,4668182.25,1693278,Nitrats
before_2007,0006,0014,F005488,Fluviodeltaic del Fluvià - Muga - 17210-0023,500563.65,4668182.25,2682279,Nitrits
before_2007,0006,0014,F005491,Fluviodeltaic del Fluvià - Muga - 17178-0050,506466.69,4673068.22,1672877,Amoni
before_2007,0006,0014,F005491,Fluviodeltaic del Fluvià - Muga - 17178-0050,506466.69,4673068.22,1693742,Nitrats
before_2007,0006,0014,F005491,Fluviodeltaic del Fluvià - Muga - 17178-0050,506466.69,4673068.22,2682743,Nitrits
before_2007,0006,0014,F005506,Fluviodeltaic del Fluvià - Muga - 17047-0029,507863,4679747,1672428,Amoni
before_2007,0006,0014,F005506,Fluviodeltaic del Fluvià - Muga - 17047-0029,507863,4679747,1693293,Nitrats
before_2007,0006,0014,F005506,Fluviodeltaic del Fluvià - Muga - 17047-0029,507863,4679747,2682294,Nitrits
before_2007,0006,0014,F005514,Fluviodeltaic del Fluvià - Muga - 17047-0015,507376.73,4677195.22,1673329,Amoni
before_2007,0006,0014,F005514,Fluviodeltaic del Fluvià - Muga - 17047-0015,507376.73,4677195.22,1694194,Nitrats
before_2007,0006,0014,F005514,Fluviodeltaic del Fluvià - Muga - 17047-0015,507376.73,4677195.22,2683195,Nitrits
before_2007,0006,0014,F005517,Fluviodeltaic del Baix Ter - 17018-0012,507455,4658402,1672438,Amoni
before_2007,0006,0014,F005517,Fluviodeltaic del Baix Ter - 17018-0012,507455,4658402,1693303,Nitrats
before_2007,0006,0014,F005517,Fluviodeltaic del Baix Ter - 17018-0012,507455,4658402,2682304,Nitrits
before_2007,0006,0014,F005522,Fluviodeltaic del Baix Ter - 17068-0050,501581,4656051,1672443,Amoni
before_2007,0006,0014,F005522,Fluviodeltaic del Baix Ter - 17068-0050,501581,4656051,1693308,Nitrats
before_2007,0006,0014,F005522,Fluviodeltaic del Baix Ter - 17068-0050,501581,4656051,2682309,Nitrits
before_2007,0006,0014,F005523,Paleògens del Baix Ter - 17070-0007,508726.53,4651105.17,1672444,Amoni
before_2007,0006,0014,F005523,Paleògens del Baix Ter - 17070-0007,508726.53,4651105.17,1693309,Nitrats
before_2007,0006,0014,F005523,Paleògens del Baix Ter - 17070-0007,508726.53,4651105.17,2682310,Nitrits
before_2007,0006,0014,F005525,Fluviodeltaic del Baix Ter - 17018-0013,507474.59,4658402.19,1672446,Amoni
before_2007,0006,0014,F005525,Fluviodeltaic del Baix Ter - 17018-0013,507474.59,4658402.19,1693311,Nitrats
before_2007,0006,0014,F005525,Fluviodeltaic del Baix Ter - 17018-0013,507474.59,4658402.19,2682312,Nitrits
before_2007,0006,0014,F005533,Fluviodeltaic del Baix Ter - 17070-0008,506916.54,4652525.18,1672454,Amoni
before_2007,0006,0014,F005533,Fluviodeltaic del Baix Ter - 17070-0008,506916.54,4652525.18,1693319,Nitrats
before_2007,0006,0014,F005533,Fluviodeltaic del Baix Ter - 17070-0008,506916.54,4652525.18,2682320,Nitrits
before_2007,0006,0014,F005545,Fluviodeltaic del Baix Ter - 17211-0025,503712,4656215,1672465,Amoni
before_2007,0006,0014,F005545,Fluviodeltaic del Baix Ter - 17211-0025,503712,4656215,1693330,Nitrats
before_2007,0006,0014,F005545,Fluviodeltaic del Baix Ter - 17211-0025,503712,4656215,2682331,Nitrits
before_2007,0006,0014,F005546,Fluviodeltaic del Baix Ter - 17085-0008,500731.57,4657870.24,1672466,Amoni
before_2007,0006,0014,F005546,Fluviodeltaic del Baix Ter - 17085-0008,500731.57,4657870.24,1693331,Nitrats
before_2007,0006,0014,F005546,Fluviodeltaic del Baix Ter - 17085-0008,500731.57,4657870.24,2682332,Nitrits
before_2007,0006,0014,F005555,Paleògens del Baix Ter - 17085-0012,500560,4658596,1673331,Amoni
before_2007,0006,0014,F005555,Paleògens del Baix Ter - 17085-0012,500560,4658596,1694196,Nitrats
before_2007,0006,0014,F005555,Paleògens del Baix Ter - 17085-0012,500560,4658596,2683197,Nitrits
before_2007,0006,0014,F005557,Paleògens del Baix Ter - 17085-0007,500756.57,4658195.24,1672959,Amoni
before_2007,0006,0014,F005557,Paleògens del Baix Ter - 17085-0007,500756.57,4658195.24,1693824,Nitrats
before_2007,0006,0014,F005557,Paleògens del Baix Ter - 17085-0007,500756.57,4658195.24,2682825,Nitrits
before_2007,0006,0014,F005564,Fluviodeltaic del Baix Ter - 17081-0004,508514.55,4653530.17,1672966,Amoni
before_2007,0006,0014,F005564,Fluviodeltaic del Baix Ter - 17081-0004,508514.55,4653530.17,1693831,Nitrats
before_2007,0006,0014,F005564,Fluviodeltaic del Baix Ter - 17081-0004,508514.55,4653530.17,2682832,Nitrits
before_2007,0006,0014,F005566,Fluviodeltaic del Baix Ter - 17018-0009,507679,4658131,1672968,Amoni
before_2007,0006,0014,F005566,Fluviodeltaic del Baix Ter - 17018-0009,507679,4658131,1693833,Nitrats
before_2007,0006,0014,F005566,Fluviodeltaic del Baix Ter - 17018-0009,507679,4658131,2682834,Nitrits
before_2007,0006,0014,F005581,Fluviodeltaic del Baix Ter - 17018-0014,509417,4660795,1672980,Amoni
before_2007,0006,0014,F005581,Fluviodeltaic del Baix Ter - 17018-0014,509417,4660795,1693845,Nitrats
before_2007,0006,0014,F005581,Fluviodeltaic del Baix Ter - 17018-0014,509417,4660795,2682846,Nitrits
before_2007,0006,0014,F005583,Fluviodeltaic del Baix Ter - 17199-0029,515786.54,4651312.11,1672982,Amoni
before_2007,0006,0014,F005583,Fluviodeltaic del Baix Ter - 17199-0029,515786.54,4651312.11,1693847,Nitrats
before_2007,0006,0014,F005583,Fluviodeltaic del Baix Ter - 17199-0029,515786.54,4651312.11,2682848,Nitrits
before_2007,0006,0014,F005588,Fluviodeltaic del Baix Ter - 17070-0014,512212,4649890,1672987,Amoni
before_2007,0006,0014,F005588,Fluviodeltaic del Baix Ter - 17070-0014,512212,4649890,1693852,Nitrats
before_2007,0006,0014,F005588,Fluviodeltaic del Baix Ter - 17070-0014,512212,4649890,2682853,Nitrits
before_2007,0006,0014,F005589,Fluviodeltaic del Baix Ter - 17199-0044,510868,4653863,1672988,Amoni
before_2007,0006,0014,F005589,Fluviodeltaic del Baix Ter - 17199-0044,510868,4653863,1693853,Nitrats
before_2007,0006,0014,F005589,Fluviodeltaic del Baix Ter - 17199-0044,510868,4653863,2682854,Nitrits
before_2007,0006,0014,F005590,Fluviodeltaic del Baix Ter - 17199-0031,514182,4652845,1672989,Amoni
before_2007,0006,0014,F005590,Fluviodeltaic del Baix Ter - 17199-0031,514182,4652845,1693854,Nitrats
before_2007,0006,0014,F005590,Fluviodeltaic del Baix Ter - 17199-0031,514182,4652845,2682855,Nitrits
before_2007,0006,0014,F005591,Fluviodeltaic del Baix Ter - 17004-0020,506153,4661672,1672990,Amoni
before_2007,0006,0014,F005591,Fluviodeltaic del Baix Ter - 17004-0020,506153,4661672,1693855,Nitrats
before_2007,0006,0014,F005591,Fluviodeltaic del Baix Ter - 17004-0020,506153,4661672,2682856,Nitrits
before_2007,0006,0014,F005606,Paleògens del Baix Ter - 17004-0008,506031.61,4661630.2,1673004,Amoni
before_2007,0006,0014,F005606,Paleògens del Baix Ter - 17004-0008,506031.61,4661630.2,1693869,Nitrats
before_2007,0006,0014,F005606,Paleògens del Baix Ter - 17004-0008,506031.61,4661630.2,2682870,Nitrits
before_2007,0006,0014,F005607,Fluviodeltaic del Baix Ter - 17191-0021,505732,4653176,1673005,Amoni
before_2007,0006,0014,F005607,Fluviodeltaic del Baix Ter - 17191-0021,505732,4653176,1693870,Nitrats
before_2007,0006,0014,F005607,Fluviodeltaic del Baix Ter - 17191-0021,505732,4653176,2682871,Nitrits
before_2007,0006,0014,F005613,Fluviodeltaic del Baix Ter - 17195-0028,506546.56,4655570.19,1673011,Amoni
before_2007,0006,0014,F005613,Fluviodeltaic del Baix Ter - 17195-0028,506546.56,4655570.19,1693876,Nitrats
before_2007,0006,0014,F005613,Fluviodeltaic del Baix Ter - 17195-0028,506546.56,4655570.19,2682877,Nitrits
before_2007,0006,0014,F005615,Fluviodeltaic del Baix Ter - 17070-0009,507227,4653526,1673013,Amoni
before_2007,0006,0014,F005615,Fluviodeltaic del Baix Ter - 17070-0009,507227,4653526,1693878,Nitrats
before_2007,0006,0014,F005615,Fluviodeltaic del Baix Ter - 17070-0009,507227,4653526,2682879,Nitrits
before_2007,0006,0014,F005617,Fluviodeltaic del Baix Ter - 17004-0007,508812,4661543,1673014,Amoni
before_2007,0006,0014,F005617,Fluviodeltaic del Baix Ter - 17004-0007,508812,4661543,1693879,Nitrats
before_2007,0006,0014,F005617,Fluviodeltaic del Baix Ter - 17004-0007,508812,4661543,2682880,Nitrits
before_2007,0006,0014,F005642,Al·luvials de la baixa i delta de la Tordera - 08155-0084,479419,4614675,1673038,Amoni
before_2007,0006,0014,F005642,Al·luvials de la baixa i delta de la Tordera - 08155-0084,479419,4614675,1693903,Nitrats
before_2007,0006,0014,F005642,Al·luvials de la baixa i delta de la Tordera - 08155-0084,479419,4614675,2682904,Nitrits
before_2007,0006,0014,F005645,Al·luvials de la baixa i delta de la Tordera - 08110-0025,480950.19,4611817.32,1668868,Fosfats
before_2007,0006,0014,F005645,Al·luvials de la baixa i delta de la Tordera - 08110-0025,480950.19,4611817.32,1673041,Amoni
before_2007,0006,0014,F005645,Al·luvials de la baixa i delta de la Tordera - 08110-0025,480950.19,4611817.32,1693906,Nitrats
before_2007,0006,0014,F005645,Al·luvials de la baixa i delta de la Tordera - 08110-0025,480950.19,4611817.32,2682907,Nitrits
before_2007,0006,0014,F005663,Maresme - 08284-0121,467384.16,4611028.42,1673056,Amoni
before_2007,0006,0014,F005663,Maresme - 08284-0121,467384.16,4611028.42,1693921,Nitrats
before_2007,0006,0014,F005663,Maresme - 08284-0121,467384.16,4611028.42,2682922,Nitrits
before_2007,0006,0014,F005667,Al·luvials de la baixa i delta de la Tordera - 08110-0140,479442,4611079,1668887,Fosfats
before_2007,0006,0014,F005667,Al·luvials de la baixa i delta de la Tordera - 08110-0140,479442,4611079,1673060,Amoni
before_2007,0006,0014,F005667,Al·luvials de la baixa i delta de la Tordera - 08110-0140,479442,4611079,1693925,Nitrats
before_2007,0006,0014,F005667,Al·luvials de la baixa i delta de la Tordera - 08110-0140,479442,4611079,2682926,Nitrits
before_2007,0006,0014,F005670,Al·luvials de la baixa i delta de la Tordera - 08110-0013,480474,4612055,1668890,Fosfats
before_2007,0006,0014,F005670,Al·luvials de la baixa i delta de la Tordera - 08110-0013,480474,4612055,1673063,Amoni
before_2007,0006,0014,F005670,Al·luvials de la baixa i delta de la Tordera - 08110-0013,480474,4612055,1693928,Nitrats
before_2007,0006,0014,F005670,Al·luvials de la baixa i delta de la Tordera - 08110-0013,480474,4612055,2682929,Nitrits
before_2007,0006,0014,F005675,Al·luvials de la baixa i delta de la Tordera - 08110-0023,480318.19,4612501.32,1668894,Fosfats
before_2007,0006,0014,F005675,Al·luvials de la baixa i delta de la Tordera - 08110-0023,480318.19,4612501.32,1673067,Amoni
before_2007,0006,0014,F005675,Al·luvials de la baixa i delta de la Tordera - 08110-0023,480318.19,4612501.32,1693932,Nitrats
before_2007,0006,0014,F005675,Al·luvials de la baixa i delta de la Tordera - 08110-0023,480318.19,4612501.32,2682933,Nitrits
before_2007,0006,0014,F005698,Al·luvials de la baixa i delta de la Tordera - 08155-0096,479956,4612845,1668916,Fosfats
before_2007,0006,0014,F005698,Al·luvials de la baixa i delta de la Tordera - 08155-0096,479956,4612845,1673089,Amoni
before_2007,0006,0014,F005698,Al·luvials de la baixa i delta de la Tordera - 08155-0096,479956,4612845,1693954,Nitrats
before_2007,0006,0014,F005698,Al·luvials de la baixa i delta de la Tordera - 08155-0096,479956,4612845,2682955,Nitrits
before_2007,0006,0014,F005712,Maresme - 08284-0122,468338.16,4610806.41,1673102,Amoni
before_2007,0006,0014,F005712,Maresme - 08284-0122,468338.16,4610806.41,1693967,Nitrats
before_2007,0006,0014,F005712,Maresme - 08284-0122,468338.16,4610806.41,2682968,Nitrits
before_2007,0006,0014,F005713,Maresme - 08284-0106,468589.16,4610941.41,1673103,Amoni
before_2007,0006,0014,F005713,Maresme - 08284-0106,468589.16,4610941.41,1693968,Nitrats
before_2007,0006,0014,F005713,Maresme - 08284-0106,468589.16,4610941.41,2682969,Nitrits
before_2007,0006,0014,F005714,Maresme - 08284-0105,468385.17,4611193.41,1673104,Amoni
before_2007,0006,0014,F005714,Maresme - 08284-0105,468385.17,4611193.41,1693969,Nitrats
before_2007,0006,0014,F005714,Maresme - 08284-0105,468385.17,4611193.41,2682970,Nitrits
before_2007,0006,0014,F005717,Al·luvials de la baixa i delta de la Tordera - 08110-0185,480487,4611088,1668934,Fosfats
before_2007,0006,0014,F005717,Al·luvials de la baixa i delta de la Tordera - 08110-0185,480487,4611088,1673107,Amoni
before_2007,0006,0014,F005717,Al·luvials de la baixa i delta de la Tordera - 08110-0185,480487,4611088,1693972,Nitrats
before_2007,0006,0014,F005717,Al·luvials de la baixa i delta de la Tordera - 08110-0185,480487,4611088,2682973,Nitrits
before_2007,0006,0014,F005721,Al·luvials de la baixa i delta de la Tordera - 08110-0029,479935,4611027,1668938,Fosfats
before_2007,0006,0014,F005721,Al·luvials de la baixa i delta de la Tordera - 08110-0029,479935,4611027,1673111,Amoni
before_2007,0006,0014,F005721,Al·luvials de la baixa i delta de la Tordera - 08110-0029,479935,4611027,1693976,Nitrats
before_2007,0006,0014,F005721,Al·luvials de la baixa i delta de la Tordera - 08110-0029,479935,4611027,2682977,Nitrits
before_2007,0006,0014,F005728,Al·luvials de la baixa i delta de la Tordera - 08284-0097,474360,4618389,1673117,Amoni
before_2007,0006,0014,F005728,Al·luvials de la baixa i delta de la Tordera - 08284-0097,474360,4618389,1693982,Nitrats
before_2007,0006,0014,F005728,Al·luvials de la baixa i delta de la Tordera - 08284-0097,474360,4618389,2682983,Nitrits
before_2007,0006,0014,F005729,N/D - Subterrània - 08284-0104,470048.1,4616186.5,1673118,Amoni
before_2007,0006,0014,F005729,N/D - Subterrània - 08284-0104,470048.1,4616186.5,1693983,Nitrats
before_2007,0006,0014,F005729,N/D - Subterrània - 08284-0104,470048.1,4616186.5,2682984,Nitrits
before_2007,0006,0014,F005730,N/D - Subterrània - 08284-0109,474050,4615690,1673119,Amoni
before_2007,0006,0014,F005730,N/D - Subterrània - 08284-0109,474050,4615690,1693984,Nitrats
before_2007,0006,0014,F005730,N/D - Subterrània - 08284-0109,474050,4615690,2682985,Nitrits
before_2007,0006,0014,F005754,Al·luvials de la baixa i delta de la Tordera - 17023-0099,481226,4611835,1668967,Fosfats
before_2007,0006,0014,F005754,Al·luvials de la baixa i delta de la Tordera - 17023-0099,481226,4611835,1673140,Amoni
before_2007,0006,0014,F005754,Al·luvials de la baixa i delta de la Tordera - 17023-0099,481226,4611835,1694005,Nitrats
before_2007,0006,0014,F005754,Al·luvials de la baixa i delta de la Tordera - 17023-0099,481226,4611835,2683006,Nitrits
before_2007,0006,0014,F005755,Al·luvials de la baixa i delta de la Tordera - 17023-0076,481566,4612035,1668968,Fosfats
before_2007,0006,0014,F005755,Al·luvials de la baixa i delta de la Tordera - 17023-0076,481566,4612035,1673141,Amoni
before_2007,0006,0014,F005755,Al·luvials de la baixa i delta de la Tordera - 17023-0076,481566,4612035,1694006,Nitrats
before_2007,0006,0014,F005755,Al·luvials de la baixa i delta de la Tordera - 17023-0076,481566,4612035,2683007,Nitrits
before_2007,0006,0014,F005761,Al·luvials de la baixa i delta de la Tordera - 17023-0081,480006,4613855,1668974,Fosfats
before_2007,0006,0014,F005761,Al·luvials de la baixa i delta de la Tordera - 17023-0081,480006,4613855,1673147,Amoni
before_2007,0006,0014,F005761,Al·luvials de la baixa i delta de la Tordera - 17023-0081,480006,4613855,1694012,Nitrats
before_2007,0006,0014,F005761,Al·luvials de la baixa i delta de la Tordera - 17023-0081,480006,4613855,2683013,Nitrits
before_2007,0006,0014,F005765,Al·luvials de la baixa i delta de la Tordera - 08110-0142,480423,4612106,1673151,Amoni
before_2007,0006,0014,F005765,Al·luvials de la baixa i delta de la Tordera - 08110-0142,480423,4612106,1694016,Nitrats
before_2007,0006,0014,F005765,Al·luvials de la baixa i delta de la Tordera - 08110-0142,480423,4612106,2683017,Nitrits
before_2007,0006,0014,F005863,Vall baixa i Delta del Llobregat - 08089-0035,415670.78,4571456.75,1672687,Amoni
before_2007,0006,0014,F005863,Vall baixa i Delta del Llobregat - 08089-0035,415670.78,4571456.75,1693552,Nitrats
before_2007,0006,0014,F005863,Vall baixa i Delta del Llobregat - 08089-0035,415670.78,4571456.75,2682553,Nitrits
before_2007,0006,0014,F005866,Cubeta d'Abrera - 08076-0071,407941,4598584,1668517,Fosfats
before_2007,0006,0014,F005866,Cubeta d'Abrera - 08076-0071,407941,4598584,1672690,Amoni
before_2007,0006,0014,F005866,Cubeta d'Abrera - 08076-0071,407941,4598584,1693555,Nitrats
before_2007,0006,0014,F005866,Cubeta d'Abrera - 08076-0071,407941,4598584,2682556,Nitrits
before_2007,0006,0014,F005866,Cubeta d'Abrera - 08076-0071,407941,4598584,3162974,Fosfats
before_2007,0006,0014,F005893,Vall baixa i Delta del Llobregat - 08301-0035,420296,4572886,1672714,Amoni
before_2007,0006,0014,F005893,Vall baixa i Delta del Llobregat - 08301-0035,420296,4572886,1693579,Nitrats
before_2007,0006,0014,F005893,Vall baixa i Delta del Llobregat - 08301-0035,420296,4572886,2682580,Nitrits
before_2007,0006,0014,F005926,Vall baixa i Delta del Llobregat - 08217-0004,420723,4579266,1672744,Amoni
before_2007,0006,0014,F005926,Vall baixa i Delta del Llobregat - 08217-0004,420723,4579266,1693609,Nitrats
before_2007,0006,0014,F005926,Vall baixa i Delta del Llobregat - 08217-0004,420723,4579266,2682610,Nitrits
before_2007,0006,0014,F005928,Vall baixa i Delta del Llobregat - 08123-0012,417546,4584666,1668573,Fosfats
before_2007,0006,0014,F005928,Vall baixa i Delta del Llobregat - 08123-0012,417546,4584666,1672746,Amoni
before_2007,0006,0014,F005928,Vall baixa i Delta del Llobregat - 08123-0012,417546,4584666,1693611,Nitrats
before_2007,0006,0014,F005928,Vall baixa i Delta del Llobregat - 08123-0012,417546,4584666,2682612,Nitrits
before_2007,0006,0014,F007168,Al·luvials del Vallès - 08107-0038,436494.1,4609024.65,3064358,Amoni
before_2007,0006,0014,F007168,Al·luvials del Vallès - 08107-0038,436494.1,4609024.65,3064359,Nitrats
before_2007,0006,0014,F007168,Al·luvials del Vallès - 08107-0038,436494.1,4609024.65,3064360,Nitrits
before_2007,0006,0014,F007832,Calcàries de Tàrrega - 25072-0012,355751.19,4613762.7,3067922,Nitrits
before_2007,0006,0014,F007832,Calcàries de Tàrrega - 25072-0012,355751.19,4613762.7,3067923,Nitrats
before_2007,0006,0014,F007832,Calcàries de Tàrrega - 25072-0012,355751.19,4613762.7,3067949,Amoni
before_2007,0006,0014,F009601,Detrític neogen de l'Empordà - 17169-0021,487697.52,4654436.33,3101639,Nitrits
before_2007,0006,0014,F009601,Detrític neogen de l'Empordà - 17169-0021,487697.52,4654436.33,3101640,Nitrats
before_2007,0006,0014,F009601,Detrític neogen de l'Empordà - 17169-0021,487697.52,4654436.33,3101663,Amoni
before_2007,0006,0014,F011668,Fluviovolcànic de la Garrotxa - 17185-0047,458154,4673738,3312933,Amoni
before_2007,0006,0014,F011668,Fluviovolcànic de la Garrotxa - 17185-0047,458154,4673738,3314068,Nitrats
before_2007,0006,0014,F011668,Fluviovolcànic de la Garrotxa - 17185-0047,458154,4673738,3314130,Nitrits
before_2007,0006,0014,F011775,Fossa de Móra - 43085-0004,306542.53,4560146.56,1672265,Amoni
before_2007,0006,0014,F011775,Fossa de Móra - 43085-0004,306542.53,4560146.56,1693130,Nitrats
before_2007,0006,0014,F011775,Fossa de Móra - 43085-0004,306542.53,4560146.56,2682131,Nitrits
before_2007,0006,0014,F011830,Al·luvial d'Urgell - 25137-0035,324129.73,4609577.9,3231551,Nitrits
before_2007,0006,0014,F011830,Al·luvial d'Urgell - 25137-0035,324129.73,4609577.9,3231552,Nitrats
before_2007,0006,0014,F011830,Al·luvial d'Urgell - 25137-0035,324129.73,4609577.9,3231553,Amoni
before_2007,0006,0014,F018761,l'Ametlla de Mar- Perelló - 43104-0045,309968,4529548,1672301,Amoni
before_2007,0006,0014,F018761,l'Ametlla de Mar- Perelló - 43104-0045,309968,4529548,1693166,Nitrats
before_2007,0006,0014,F018761,l'Ametlla de Mar- Perelló - 43104-0045,309968,4529548,2682167,Nitrits
before_2007,0006,0014,F034360,Baix Camp - 43088-0013,330416.51,4552312.37,1673315,Amoni
before_2007,0006,0014,F034360,Baix Camp - 43088-0013,330416.51,4552312.37,1694180,Nitrats
before_2007,0006,0014,F034360,Baix Camp - 43088-0013,330416.51,4552312.37,2683181,Nitrits
before_2007,0006,0014,F036268,N/D - Subterrània - 25130-0005,336081.95,4601688.39,1670620,Amoni
before_2007,0006,0014,F036268,N/D - Subterrània - 25130-0005,336081.95,4601688.39,1691485,Nitrats
before_2007,0006,0014,F036268,N/D - Subterrània - 25130-0005,336081.95,4601688.39,2680486,Nitrits
before_2007,0006,0014,F044607,Paleògens del Baix Ter - 17232-0028,499622,4662308,1670479,Amoni
before_2007,0006,0014,F044607,Paleògens del Baix Ter - 17232-0028,499622,4662308,1691344,Nitrats
before_2007,0006,0014,F044607,Paleògens del Baix Ter - 17232-0028,499622,4662308,2680345,Nitrits
before_2007,0006,0014,F044678,Alt Camp - 43161-0014,353771,4573034,1671847,Amoni
before_2007,0006,0014,F044678,Alt Camp - 43161-0014,353771,4573034,1692712,Nitrats
before_2007,0006,0014,F044678,Alt Camp - 43161-0014,353771,4573034,2681713,Nitrits
before_2007,0006,0014,F046273,Baix Camp - 43134-0014,350841,4565170,1672623,Amoni
before_2007,0006,0014,F046273,Baix Camp - 43134-0014,350841,4565170,1693488,Nitrats
before_2007,0006,0014,F046273,Baix Camp - 43134-0014,350841,4565170,2682489,Nitrits
before_2007,0006,0014,F046346,N/D - Subterrània - 25216-0010,362533,4606609,1670650,Amoni
before_2007,0006,0014,F046346,N/D - Subterrània - 25216-0010,362533,4606609,1691515,Nitrats
before_2007,0006,0014,F046346,N/D - Subterrània - 25216-0010,362533,4606609,2680516,Nitrits
before_2007,0006,0014,F046876,Fluviodeltaic del Baix Ter - 17081-0024,510750,4652490,1693867,Nitrats
before_2007,0006,0014,F047402,Detrític neogen del Vallès - 08086-0356,441941,4606467,3045828,Nitrits
before_2007,0006,0014,F047402,Detrític neogen del Vallès - 08086-0356,441941,4606467,3045829,Nitrats
before_2007,0006,0014,F047402,Detrític neogen del Vallès - 08086-0356,441941,4606467,3045831,Amoni
before_2007,0006,0014,F047478,N/D - Subterrània - 08132-0015,394906.36,4652196.03,1670370,Amoni
before_2007,0006,0014,F047478,N/D - Subterrània - 08132-0015,394906.36,4652196.03,1691235,Nitrats
before_2007,0006,0014,F047478,N/D - Subterrània - 08132-0015,394906.36,4652196.03,2680236,Nitrits
before_2007,0006,0014,F048025,Plana de Vinaròs_Cat - 43004-0234,286273,4491729,1672484,Amoni
before_2007,0006,0014,F048025,Plana de Vinaròs_Cat - 43004-0234,286273,4491729,1693349,Nitrats
before_2007,0006,0014,F048025,Plana de Vinaròs_Cat - 43004-0234,286273,4491729,2682350,Nitrits
before_2007,0006,0014,F048071,l'Ametlla de Mar- Perelló - 43013-0194,310760.3,4531766.5,1673319,Amoni
before_2007,0006,0014,F048071,l'Ametlla de Mar- Perelló - 43013-0194,310760.3,4531766.5,1694184,Nitrats
before_2007,0006,0014,F048071,l'Ametlla de Mar- Perelló - 43013-0194,310760.3,4531766.5,2683185,Nitrits
before_2007,0006,0014,F048158,Paleògens del Baix Ter - 17130-0013,497915.13,4653038.68,1669688,Amoni
before_2007,0006,0014,F048158,Paleògens del Baix Ter - 17130-0013,497915.13,4653038.68,1690553,Nitrats
before_2007,0006,0014,F048158,Paleògens del Baix Ter - 17130-0013,497915.13,4653038.68,2679554,Nitrits
before_2007,0006,0014,F049298,"Al·luvials del Ter Mig, Brugent i Llémena - 17163-0004",477066.45,4646735.4,1666563,Fosfats
before_2007,0006,0014,F049298,"Al·luvials del Ter Mig, Brugent i Llémena - 17163-0004",477066.45,4646735.4,1670736,Amoni
before_2007,0006,0014,F049298,"Al·luvials del Ter Mig, Brugent i Llémena - 17163-0004",477066.45,4646735.4,1691601,Nitrats
before_2007,0006,0014,F049298,"Al·luvials del Ter Mig, Brugent i Llémena - 17163-0004",477066.45,4646735.4,2680602,Nitrits
